ISO-10303-21;
HEADER;
FILE_DESCRIPTION((''),'2;1');
FILE_NAME('440680057','2015-10-20T',('me'),(''),
'PRO/ENGINEER BY PARAMETRIC TECHNOLOGY CORPORATION, 2011490',
'PRO/ENGINEER BY PARAMETRIC TECHNOLOGY CORPORATION, 2011490','');
FILE_SCHEMA(('CONFIG_CONTROL_DESIGN'));
ENDSEC;
DATA;
#1=DIRECTION('',(0.E0,1.E0,0.E0));
#2=VECTOR('',#1,1.75E0);
#3=CARTESIAN_POINT('',(-9.6E0,4.E0,6.2E0));
#4=LINE('',#3,#2);
#5=DIRECTION('',(0.E0,-1.E0,0.E0));
#6=VECTOR('',#5,1.75E0);
#7=CARTESIAN_POINT('',(-9.6E0,7.5E0,6.45E0));
#8=LINE('',#7,#6);
#9=DIRECTION('',(0.E0,0.E0,1.E0));
#10=VECTOR('',#9,1.E0);
#11=CARTESIAN_POINT('',(-9.6E0,7.5E0,6.45E0));
#12=LINE('',#11,#10);
#13=DIRECTION('',(0.E0,-1.E0,0.E0));
#14=VECTOR('',#13,3.5E0);
#15=CARTESIAN_POINT('',(-9.6E0,7.5E0,7.45E0));
#16=LINE('',#15,#14);
#17=DIRECTION('',(0.E0,0.E0,-1.E0));
#18=VECTOR('',#17,1.25E0);
#19=CARTESIAN_POINT('',(-9.6E0,4.E0,7.45E0));
#20=LINE('',#19,#18);
#21=DIRECTION('',(0.E0,0.E0,-1.E0));
#22=VECTOR('',#21,4.E0);
#23=CARTESIAN_POINT('',(-9.6E0,-2.75E0,6.2E0));
#24=LINE('',#23,#22);
#25=DIRECTION('',(0.E0,0.E0,-1.E0));
#26=VECTOR('',#25,1.25E0);
#27=CARTESIAN_POINT('',(-9.6E0,1.E0,7.45E0));
#28=LINE('',#27,#26);
#29=DIRECTION('',(0.E0,-1.E0,0.E0));
#30=VECTOR('',#29,8.5E0);
#31=CARTESIAN_POINT('',(-9.6E0,1.E0,7.45E0));
#32=LINE('',#31,#30);
#33=DIRECTION('',(0.E0,0.E0,-1.E0));
#34=VECTOR('',#33,1.E0);
#35=CARTESIAN_POINT('',(-9.6E0,-7.5E0,7.45E0));
#36=LINE('',#35,#34);
#37=DIRECTION('',(0.E0,1.E0,0.E0));
#38=VECTOR('',#37,1.75E0);
#39=CARTESIAN_POINT('',(-9.6E0,-7.5E0,6.45E0));
#40=LINE('',#39,#38);
#41=DIRECTION('',(-1.E0,0.E0,0.E0));
#42=VECTOR('',#41,1.905E0);
#43=CARTESIAN_POINT('',(1.1505E1,-2.75E0,6.2E0));
#44=LINE('',#43,#42);
#45=DIRECTION('',(-1.E0,0.E0,0.E0));
#46=VECTOR('',#45,5.718461709225E-1);
#47=CARTESIAN_POINT('',(1.1505E1,-5.75E0,6.2E0));
#48=LINE('',#47,#46);
#49=DIRECTION('',(-4.226182617407E-1,9.063077870367E-1,0.E0));
#50=VECTOR('',#49,5.516889594812E-1);
#51=CARTESIAN_POINT('',(1.093315382908E1,-5.75E0,6.2E0));
#52=LINE('',#51,#50);
#53=DIRECTION('',(0.E0,1.E0,0.E0));
#54=VECTOR('',#53,2.5E-1);
#55=CARTESIAN_POINT('',(1.07E1,-5.25E0,6.2E0));
#56=LINE('',#55,#54);
#57=DIRECTION('',(-1.E0,0.E0,0.E0));
#58=VECTOR('',#57,6.E-1);
#59=CARTESIAN_POINT('',(1.07E1,-5.E0,6.2E0));
#60=LINE('',#59,#58);
#61=DIRECTION('',(0.E0,-1.E0,0.E0));
#62=VECTOR('',#61,2.5E-1);
#63=CARTESIAN_POINT('',(1.01E1,-5.E0,6.2E0));
#64=LINE('',#63,#62);
#65=DIRECTION('',(-4.226182617407E-1,-9.063077870366E-1,0.E0));
#66=VECTOR('',#65,5.516889594812E-1);
#67=CARTESIAN_POINT('',(1.01E1,-5.25E0,6.2E0));
#68=LINE('',#67,#66);
#69=DIRECTION('',(-1.E0,0.E0,0.E0));
#70=VECTOR('',#69,2.668461709225E-1);
#71=CARTESIAN_POINT('',(9.866846170922E0,-5.75E0,6.2E0));
#72=LINE('',#71,#70);
#73=DIRECTION('',(0.E0,1.E0,0.E0));
#74=VECTOR('',#73,3.E0);
#75=CARTESIAN_POINT('',(9.6E0,-5.75E0,6.2E0));
#76=LINE('',#75,#74);
#77=DIRECTION('',(1.E0,0.E0,0.E0));
#78=VECTOR('',#77,1.905E0);
#79=CARTESIAN_POINT('',(-1.1505E1,-2.75E0,6.2E0));
#80=LINE('',#79,#78);
#81=DIRECTION('',(0.E0,-1.E0,0.E0));
#82=VECTOR('',#81,3.E0);
#83=CARTESIAN_POINT('',(-9.6E0,-2.75E0,6.2E0));
#84=LINE('',#83,#82);
#85=DIRECTION('',(-1.E0,0.E0,0.E0));
#86=VECTOR('',#85,2.668461709225E-1);
#87=CARTESIAN_POINT('',(-9.6E0,-5.75E0,6.2E0));
#88=LINE('',#87,#86);
#89=DIRECTION('',(-4.226182617407E-1,9.063077870366E-1,0.E0));
#90=VECTOR('',#89,5.516889594812E-1);
#91=CARTESIAN_POINT('',(-9.866846170922E0,-5.75E0,6.2E0));
#92=LINE('',#91,#90);
#93=DIRECTION('',(0.E0,1.E0,0.E0));
#94=VECTOR('',#93,2.5E-1);
#95=CARTESIAN_POINT('',(-1.01E1,-5.25E0,6.2E0));
#96=LINE('',#95,#94);
#97=DIRECTION('',(-1.E0,0.E0,0.E0));
#98=VECTOR('',#97,6.E-1);
#99=CARTESIAN_POINT('',(-1.01E1,-5.E0,6.2E0));
#100=LINE('',#99,#98);
#101=DIRECTION('',(0.E0,-1.E0,0.E0));
#102=VECTOR('',#101,2.5E-1);
#103=CARTESIAN_POINT('',(-1.07E1,-5.E0,6.2E0));
#104=LINE('',#103,#102);
#105=DIRECTION('',(-4.226182617407E-1,-9.063077870367E-1,0.E0));
#106=VECTOR('',#105,5.516889594812E-1);
#107=CARTESIAN_POINT('',(-1.07E1,-5.25E0,6.2E0));
#108=LINE('',#107,#106);
#109=DIRECTION('',(-1.E0,0.E0,0.E0));
#110=VECTOR('',#109,5.718461709225E-1);
#111=CARTESIAN_POINT('',(-1.093315382908E1,-5.75E0,6.2E0));
#112=LINE('',#111,#110);
#113=DIRECTION('',(1.E0,0.E0,0.E0));
#114=VECTOR('',#113,4.5E-1);
#115=CARTESIAN_POINT('',(1.0175E1,5.E-1,6.2E0));
#116=LINE('',#115,#114);
#117=DIRECTION('',(0.E0,1.E0,0.E0));
#118=VECTOR('',#117,5.E-1);
#119=CARTESIAN_POINT('',(1.0625E1,5.E-1,6.2E0));
#120=LINE('',#119,#118);
#121=DIRECTION('',(-1.E0,0.E0,0.E0));
#122=VECTOR('',#121,8.8E-1);
#123=CARTESIAN_POINT('',(1.1505E1,1.E0,6.2E0));
#124=LINE('',#123,#122);
#125=DIRECTION('',(-1.E0,0.E0,0.E0));
#126=VECTOR('',#125,1.905E0);
#127=CARTESIAN_POINT('',(1.1505E1,-1.25E0,6.2E0));
#128=LINE('',#127,#126);
#129=DIRECTION('',(0.E0,1.E0,0.E0));
#130=VECTOR('',#129,2.25E0);
#131=CARTESIAN_POINT('',(9.6E0,-1.25E0,6.2E0));
#132=LINE('',#131,#130);
#133=DIRECTION('',(-1.E0,0.E0,0.E0));
#134=VECTOR('',#133,5.75E-1);
#135=CARTESIAN_POINT('',(1.0175E1,1.E0,6.2E0));
#136=LINE('',#135,#134);
#137=DIRECTION('',(0.E0,-1.E0,0.E0));
#138=VECTOR('',#137,5.E-1);
#139=CARTESIAN_POINT('',(1.0175E1,1.E0,6.2E0));
#140=LINE('',#139,#138);
#141=DIRECTION('',(0.E0,1.E0,0.E0));
#142=VECTOR('',#141,5.E-1);
#143=CARTESIAN_POINT('',(1.0625E1,1.5E0,6.2E0));
#144=LINE('',#143,#142);
#145=DIRECTION('',(-1.E0,0.E0,0.E0));
#146=VECTOR('',#145,4.5E-1);
#147=CARTESIAN_POINT('',(1.0625E1,2.E0,6.2E0));
#148=LINE('',#147,#146);
#149=DIRECTION('',(0.E0,-1.E0,0.E0));
#150=VECTOR('',#149,5.E-1);
#151=CARTESIAN_POINT('',(1.0175E1,2.E0,6.2E0));
#152=LINE('',#151,#150);
#153=DIRECTION('',(-1.E0,0.E0,0.E0));
#154=VECTOR('',#153,1.32E0);
#155=CARTESIAN_POINT('',(1.0175E1,1.5E0,6.2E0));
#156=LINE('',#155,#154);
#157=DIRECTION('',(0.E0,-1.E0,0.E0));
#158=VECTOR('',#157,5.E-1);
#159=CARTESIAN_POINT('',(8.855E0,1.5E0,6.2E0));
#160=LINE('',#159,#158);
#161=DIRECTION('',(0.E0,-1.E0,0.E0));
#162=VECTOR('',#161,3.E0);
#163=CARTESIAN_POINT('',(8.402213607542E0,4.E0,6.2E0));
#164=LINE('',#163,#162);
#165=DIRECTION('',(1.E0,0.E0,0.E0));
#166=VECTOR('',#165,1.905E0);
#167=CARTESIAN_POINT('',(9.6E0,5.75E0,6.2E0));
#168=LINE('',#167,#166);
#169=DIRECTION('',(-1.E0,0.E0,0.E0));
#170=VECTOR('',#169,8.8E-1);
#171=CARTESIAN_POINT('',(1.1505E1,1.5E0,6.2E0));
#172=LINE('',#171,#170);
#173=DIRECTION('',(0.E0,1.E0,0.E0));
#174=VECTOR('',#173,5.E-1);
#175=CARTESIAN_POINT('',(-1.0175E1,5.E-1,6.2E0));
#176=LINE('',#175,#174);
#177=DIRECTION('',(1.E0,0.E0,0.E0));
#178=VECTOR('',#177,5.75E-1);
#179=CARTESIAN_POINT('',(-1.0175E1,1.E0,6.2E0));
#180=LINE('',#179,#178);
#181=DIRECTION('',(0.E0,-1.E0,0.E0));
#182=VECTOR('',#181,2.25E0);
#183=CARTESIAN_POINT('',(-9.6E0,1.E0,6.2E0));
#184=LINE('',#183,#182);
#185=DIRECTION('',(1.E0,0.E0,0.E0));
#186=VECTOR('',#185,1.905E0);
#187=CARTESIAN_POINT('',(-1.1505E1,-1.25E0,6.2E0));
#188=LINE('',#187,#186);
#189=DIRECTION('',(1.E0,0.E0,0.E0));
#190=VECTOR('',#189,8.8E-1);
#191=CARTESIAN_POINT('',(-1.1505E1,1.E0,6.2E0));
#192=LINE('',#191,#190);
#193=DIRECTION('',(0.E0,-1.E0,0.E0));
#194=VECTOR('',#193,5.E-1);
#195=CARTESIAN_POINT('',(-1.0625E1,1.E0,6.2E0));
#196=LINE('',#195,#194);
#197=DIRECTION('',(1.E0,0.E0,0.E0));
#198=VECTOR('',#197,4.5E-1);
#199=CARTESIAN_POINT('',(-1.0625E1,5.E-1,6.2E0));
#200=LINE('',#199,#198);
#201=DIRECTION('',(0.E0,1.E0,0.E0));
#202=VECTOR('',#201,5.E-1);
#203=CARTESIAN_POINT('',(-1.0175E1,1.5E0,6.2E0));
#204=LINE('',#203,#202);
#205=DIRECTION('',(-1.E0,0.E0,0.E0));
#206=VECTOR('',#205,4.5E-1);
#207=CARTESIAN_POINT('',(-1.0175E1,2.E0,6.2E0));
#208=LINE('',#207,#206);
#209=DIRECTION('',(0.E0,-1.E0,0.E0));
#210=VECTOR('',#209,5.E-1);
#211=CARTESIAN_POINT('',(-1.0625E1,2.E0,6.2E0));
#212=LINE('',#211,#210);
#213=DIRECTION('',(1.E0,0.E0,0.E0));
#214=VECTOR('',#213,8.8E-1);
#215=CARTESIAN_POINT('',(-1.1505E1,1.5E0,6.2E0));
#216=LINE('',#215,#214);
#217=DIRECTION('',(1.E0,0.E0,0.E0));
#218=VECTOR('',#217,1.905E0);
#219=CARTESIAN_POINT('',(-1.1505E1,5.75E0,6.2E0));
#220=LINE('',#219,#218);
#221=DIRECTION('',(0.E0,1.E0,0.E0));
#222=VECTOR('',#221,5.E-1);
#223=CARTESIAN_POINT('',(-8.855E0,1.E0,6.2E0));
#224=LINE('',#223,#222);
#225=DIRECTION('',(1.E0,0.E0,0.E0));
#226=VECTOR('',#225,1.32E0);
#227=CARTESIAN_POINT('',(-1.0175E1,1.5E0,6.2E0));
#228=LINE('',#227,#226);
#229=DIRECTION('',(0.E0,0.E0,-1.E0));
#230=VECTOR('',#229,2.E0);
#231=CARTESIAN_POINT('',(1.0175E1,-2.75E0,2.2E0));
#232=LINE('',#231,#230);
#233=DIRECTION('',(0.E0,0.E0,-1.E0));
#234=VECTOR('',#233,4.E0);
#235=CARTESIAN_POINT('',(9.6E0,-2.75E0,6.2E0));
#236=LINE('',#235,#234);
#237=DIRECTION('',(0.E0,-1.E0,0.E0));
#238=VECTOR('',#237,5.E-1);
#239=CARTESIAN_POINT('',(1.0625E1,1.5E0,2.2E0));
#240=LINE('',#239,#238);
#241=DIRECTION('',(-1.E0,0.E0,0.E0));
#242=VECTOR('',#241,8.8E-1);
#243=CARTESIAN_POINT('',(1.1505E1,1.5E0,2.2E0));
#244=LINE('',#243,#242);
#245=DIRECTION('',(1.E0,0.E0,0.E0));
#246=VECTOR('',#245,8.8E-1);
#247=CARTESIAN_POINT('',(1.0625E1,1.E0,2.2E0));
#248=LINE('',#247,#246);
#249=DIRECTION('',(0.E0,-1.E0,0.E0));
#250=VECTOR('',#249,5.E-1);
#251=CARTESIAN_POINT('',(1.0175E1,1.5E0,2.2E0));
#252=LINE('',#251,#250);
#253=DIRECTION('',(1.E0,0.E0,0.E0));
#254=VECTOR('',#253,1.32E0);
#255=CARTESIAN_POINT('',(8.855E0,1.E0,2.2E0));
#256=LINE('',#255,#254);
#257=DIRECTION('',(0.E0,-1.E0,0.E0));
#258=VECTOR('',#257,5.E-1);
#259=CARTESIAN_POINT('',(8.855E0,1.5E0,2.2E0));
#260=LINE('',#259,#258);
#261=DIRECTION('',(-1.E0,0.E0,0.E0));
#262=VECTOR('',#261,1.32E0);
#263=CARTESIAN_POINT('',(1.0175E1,1.5E0,2.2E0));
#264=LINE('',#263,#262);
#265=DIRECTION('',(0.E0,1.E0,0.E0));
#266=VECTOR('',#265,1.5E0);
#267=CARTESIAN_POINT('',(1.0175E1,-2.75E0,2.2E0));
#268=LINE('',#267,#266);
#269=DIRECTION('',(1.E0,0.E0,0.E0));
#270=VECTOR('',#269,5.75E-1);
#271=CARTESIAN_POINT('',(9.6E0,-2.75E0,2.2E0));
#272=LINE('',#271,#270);
#273=DIRECTION('',(0.E0,-1.E0,0.E0));
#274=VECTOR('',#273,1.5E0);
#275=CARTESIAN_POINT('',(9.6E0,-1.25E0,2.2E0));
#276=LINE('',#275,#274);
#277=DIRECTION('',(-1.E0,0.E0,0.E0));
#278=VECTOR('',#277,5.75E-1);
#279=CARTESIAN_POINT('',(1.0175E1,-1.25E0,2.2E0));
#280=LINE('',#279,#278);
#281=DIRECTION('',(0.E0,1.E0,0.E0));
#282=VECTOR('',#281,1.5E0);
#283=CARTESIAN_POINT('',(1.0625E1,-2.75E0,2.2E0));
#284=LINE('',#283,#282);
#285=DIRECTION('',(-1.E0,0.E0,0.E0));
#286=VECTOR('',#285,8.8E-1);
#287=CARTESIAN_POINT('',(1.1505E1,-1.25E0,2.2E0));
#288=LINE('',#287,#286);
#289=DIRECTION('',(1.E0,0.E0,0.E0));
#290=VECTOR('',#289,8.8E-1);
#291=CARTESIAN_POINT('',(1.0625E1,-2.75E0,2.2E0));
#292=LINE('',#291,#290);
#293=DIRECTION('',(0.E0,-1.E0,0.E0));
#294=VECTOR('',#293,5.E-1);
#295=CARTESIAN_POINT('',(-1.0175E1,1.5E0,2.2E0));
#296=LINE('',#295,#294);
#297=DIRECTION('',(-1.E0,0.E0,0.E0));
#298=VECTOR('',#297,1.32E0);
#299=CARTESIAN_POINT('',(-8.855E0,1.5E0,2.2E0));
#300=LINE('',#299,#298);
#301=DIRECTION('',(0.E0,1.E0,0.E0));
#302=VECTOR('',#301,5.E-1);
#303=CARTESIAN_POINT('',(-8.855E0,1.E0,2.2E0));
#304=LINE('',#303,#302);
#305=DIRECTION('',(1.E0,0.E0,0.E0));
#306=VECTOR('',#305,1.32E0);
#307=CARTESIAN_POINT('',(-1.0175E1,1.E0,2.2E0));
#308=LINE('',#307,#306);
#309=DIRECTION('',(0.E0,-1.E0,0.E0));
#310=VECTOR('',#309,5.E-1);
#311=CARTESIAN_POINT('',(-1.0625E1,1.5E0,2.2E0));
#312=LINE('',#311,#310);
#313=DIRECTION('',(1.E0,0.E0,0.E0));
#314=VECTOR('',#313,8.8E-1);
#315=CARTESIAN_POINT('',(-1.1505E1,1.E0,2.2E0));
#316=LINE('',#315,#314);
#317=DIRECTION('',(-1.E0,0.E0,0.E0));
#318=VECTOR('',#317,8.8E-1);
#319=CARTESIAN_POINT('',(-1.0625E1,1.5E0,2.2E0));
#320=LINE('',#319,#318);
#321=DIRECTION('',(0.E0,1.E0,0.E0));
#322=VECTOR('',#321,1.5E0);
#323=CARTESIAN_POINT('',(-1.0625E1,-2.75E0,2.2E0));
#324=LINE('',#323,#322);
#325=DIRECTION('',(1.E0,0.E0,0.E0));
#326=VECTOR('',#325,8.8E-1);
#327=CARTESIAN_POINT('',(-1.1505E1,-2.75E0,2.2E0));
#328=LINE('',#327,#326);
#329=DIRECTION('',(-1.E0,0.E0,0.E0));
#330=VECTOR('',#329,8.8E-1);
#331=CARTESIAN_POINT('',(-1.0625E1,-1.25E0,2.2E0));
#332=LINE('',#331,#330);
#333=DIRECTION('',(0.E0,1.E0,0.E0));
#334=VECTOR('',#333,1.5E0);
#335=CARTESIAN_POINT('',(-1.0175E1,-2.75E0,2.2E0));
#336=LINE('',#335,#334);
#337=DIRECTION('',(-1.E0,0.E0,0.E0));
#338=VECTOR('',#337,5.75E-1);
#339=CARTESIAN_POINT('',(-9.6E0,-1.25E0,2.2E0));
#340=LINE('',#339,#338);
#341=DIRECTION('',(0.E0,1.E0,0.E0));
#342=VECTOR('',#341,1.5E0);
#343=CARTESIAN_POINT('',(-9.6E0,-2.75E0,2.2E0));
#344=LINE('',#343,#342);
#345=DIRECTION('',(1.E0,0.E0,0.E0));
#346=VECTOR('',#345,5.75E-1);
#347=CARTESIAN_POINT('',(-1.0175E1,-2.75E0,2.2E0));
#348=LINE('',#347,#346);
#349=DIRECTION('',(0.E0,0.E0,-1.E0));
#350=VECTOR('',#349,6.E0);
#351=CARTESIAN_POINT('',(1.0625E1,5.E-1,6.2E0));
#352=LINE('',#351,#350);
#353=DIRECTION('',(0.E0,0.E0,1.E0));
#354=VECTOR('',#353,4.E0);
#355=CARTESIAN_POINT('',(1.0625E1,1.E0,2.2E0));
#356=LINE('',#355,#354);
#357=DIRECTION('',(0.E0,0.E0,1.E0));
#358=VECTOR('',#357,4.E0);
#359=CARTESIAN_POINT('',(1.0175E1,1.E0,2.2E0));
#360=LINE('',#359,#358);
#361=DIRECTION('',(8.788171126620E-1,0.E0,4.771587602596E-1));
#362=VECTOR('',#361,2.619673165636E0);
#363=CARTESIAN_POINT('',(6.1E0,1.E0,4.95E0));
#364=LINE('',#363,#362);
#365=DIRECTION('',(1.E0,0.E0,0.E0));
#366=VECTOR('',#365,4.527863924582E-1);
#367=CARTESIAN_POINT('',(8.402213607542E0,1.E0,6.2E0));
#368=LINE('',#367,#366);
#369=DIRECTION('',(0.E0,0.E0,-1.E0));
#370=VECTOR('',#369,4.E0);
#371=CARTESIAN_POINT('',(8.855E0,1.E0,6.2E0));
#372=LINE('',#371,#370);
#373=DIRECTION('',(0.E0,0.E0,1.E0));
#374=VECTOR('',#373,4.E0);
#375=CARTESIAN_POINT('',(-1.0175E1,1.E0,2.2E0));
#376=LINE('',#375,#374);
#377=DIRECTION('',(1.E0,0.E0,0.E0));
#378=VECTOR('',#377,4.527863924582E-1);
#379=CARTESIAN_POINT('',(-8.855E0,1.E0,6.2E0));
#380=LINE('',#379,#378);
#381=DIRECTION('',(8.788171126620E-1,0.E0,-4.771587602596E-1));
#382=VECTOR('',#381,2.619673165636E0);
#383=CARTESIAN_POINT('',(-8.402213607542E0,1.E0,6.2E0));
#384=LINE('',#383,#382);
#385=DIRECTION('',(0.E0,0.E0,1.E0));
#386=VECTOR('',#385,4.E0);
#387=CARTESIAN_POINT('',(-1.0625E1,1.E0,2.2E0));
#388=LINE('',#387,#386);
#389=DIRECTION('',(0.E0,1.E0,0.E0));
#390=VECTOR('',#389,5.E-1);
#391=CARTESIAN_POINT('',(1.1505E1,2.05E0,-3.45E0));
#392=LINE('',#391,#390);
#393=DIRECTION('',(0.E0,0.E0,1.E0));
#394=VECTOR('',#393,3.25E0);
#395=CARTESIAN_POINT('',(1.1505E1,2.05E0,-6.7E0));
#396=LINE('',#395,#394);
#397=DIRECTION('',(0.E0,-1.E0,0.E0));
#398=VECTOR('',#397,7.8E0);
#399=CARTESIAN_POINT('',(1.1505E1,2.05E0,-6.7E0));
#400=LINE('',#399,#398);
#401=DIRECTION('',(0.E0,1.E0,0.E0));
#402=VECTOR('',#401,3.E0);
#403=CARTESIAN_POINT('',(1.1505E1,-5.75E0,6.2E0));
#404=LINE('',#403,#402);
#405=DIRECTION('',(0.E0,0.E0,-1.E0));
#406=VECTOR('',#405,4.E0);
#407=CARTESIAN_POINT('',(1.1505E1,-2.75E0,6.2E0));
#408=LINE('',#407,#406);
#409=DIRECTION('',(0.E0,1.E0,0.E0));
#410=VECTOR('',#409,1.5E0);
#411=CARTESIAN_POINT('',(1.1505E1,-2.75E0,2.2E0));
#412=LINE('',#411,#410);
#413=DIRECTION('',(0.E0,0.E0,-1.E0));
#414=VECTOR('',#413,4.E0);
#415=CARTESIAN_POINT('',(1.1505E1,-1.25E0,6.2E0));
#416=LINE('',#415,#414);
#417=DIRECTION('',(0.E0,1.E0,0.E0));
#418=VECTOR('',#417,2.25E0);
#419=CARTESIAN_POINT('',(1.1505E1,-1.25E0,6.2E0));
#420=LINE('',#419,#418);
#421=DIRECTION('',(0.E0,0.E0,-1.E0));
#422=VECTOR('',#421,4.E0);
#423=CARTESIAN_POINT('',(1.1505E1,1.E0,6.2E0));
#424=LINE('',#423,#422);
#425=DIRECTION('',(0.E0,1.E0,0.E0));
#426=VECTOR('',#425,5.E-1);
#427=CARTESIAN_POINT('',(1.1505E1,1.E0,2.2E0));
#428=LINE('',#427,#426);
#429=DIRECTION('',(0.E0,0.E0,-1.E0));
#430=VECTOR('',#429,4.E0);
#431=CARTESIAN_POINT('',(1.1505E1,1.5E0,6.2E0));
#432=LINE('',#431,#430);
#433=DIRECTION('',(0.E0,1.E0,0.E0));
#434=VECTOR('',#433,4.25E0);
#435=CARTESIAN_POINT('',(1.1505E1,1.5E0,6.2E0));
#436=LINE('',#435,#434);
#437=DIRECTION('',(0.E0,0.E0,1.E0));
#438=VECTOR('',#437,1.29E1);
#439=CARTESIAN_POINT('',(1.1505E1,5.75E0,-6.7E0));
#440=LINE('',#439,#438);
#441=DIRECTION('',(0.E0,-1.E0,0.E0));
#442=VECTOR('',#441,3.2E0);
#443=CARTESIAN_POINT('',(1.1505E1,5.75E0,-6.7E0));
#444=LINE('',#443,#442);
#445=DIRECTION('',(0.E0,0.E0,1.E0));
#446=VECTOR('',#445,3.25E0);
#447=CARTESIAN_POINT('',(1.1505E1,2.55E0,-6.7E0));
#448=LINE('',#447,#446);
#449=DIRECTION('',(1.E0,0.E0,0.E0));
#450=VECTOR('',#449,2.7E0);
#451=CARTESIAN_POINT('',(8.805E0,2.55E0,-3.45E0));
#452=LINE('',#451,#450);
#453=DIRECTION('',(0.E0,1.E0,0.E0));
#454=VECTOR('',#453,5.E-1);
#455=CARTESIAN_POINT('',(8.805E0,2.05E0,-3.45E0));
#456=LINE('',#455,#454);
#457=DIRECTION('',(-1.E0,0.E0,0.E0));
#458=VECTOR('',#457,2.7E0);
#459=CARTESIAN_POINT('',(1.1505E1,2.05E0,-3.45E0));
#460=LINE('',#459,#458);
#461=DIRECTION('',(-1.E0,0.E0,0.E0));
#462=VECTOR('',#461,2.7E0);
#463=CARTESIAN_POINT('',(-8.805E0,2.05E0,-3.45E0));
#464=LINE('',#463,#462);
#465=DIRECTION('',(0.E0,-1.E0,0.E0));
#466=VECTOR('',#465,5.E-1);
#467=CARTESIAN_POINT('',(-8.805E0,2.55E0,-3.45E0));
#468=LINE('',#467,#466);
#469=DIRECTION('',(1.E0,0.E0,0.E0));
#470=VECTOR('',#469,2.7E0);
#471=CARTESIAN_POINT('',(-1.1505E1,2.55E0,-3.45E0));
#472=LINE('',#471,#470);
#473=DIRECTION('',(0.E0,0.E0,1.E0));
#474=VECTOR('',#473,3.25E0);
#475=CARTESIAN_POINT('',(8.805E0,2.55E0,-6.7E0));
#476=LINE('',#475,#474);
#477=DIRECTION('',(0.E0,1.E0,0.E0));
#478=VECTOR('',#477,1.E0);
#479=CARTESIAN_POINT('',(3.7E0,-2.4E0,-6.7E0));
#480=LINE('',#479,#478);
#481=DIRECTION('',(1.E0,0.E0,0.E0));
#482=VECTOR('',#481,1.E0);
#483=CARTESIAN_POINT('',(3.7E0,-1.4E0,-6.7E0));
#484=LINE('',#483,#482);
#485=DIRECTION('',(0.E0,1.E0,0.E0));
#486=VECTOR('',#485,1.E0);
#487=CARTESIAN_POINT('',(4.7E0,-2.4E0,-6.7E0));
#488=LINE('',#487,#486);
#489=DIRECTION('',(1.E0,0.E0,0.E0));
#490=VECTOR('',#489,1.E0);
#491=CARTESIAN_POINT('',(3.7E0,-2.4E0,-6.7E0));
#492=LINE('',#491,#490);
#493=DIRECTION('',(0.E0,1.E0,0.E0));
#494=VECTOR('',#493,1.E0);
#495=CARTESIAN_POINT('',(3.7E0,1.8E0,-6.7E0));
#496=LINE('',#495,#494);
#497=DIRECTION('',(1.E0,0.E0,0.E0));
#498=VECTOR('',#497,1.E0);
#499=CARTESIAN_POINT('',(3.7E0,2.8E0,-6.7E0));
#500=LINE('',#499,#498);
#501=DIRECTION('',(0.E0,1.E0,0.E0));
#502=VECTOR('',#501,1.E0);
#503=CARTESIAN_POINT('',(4.7E0,1.8E0,-6.7E0));
#504=LINE('',#503,#502);
#505=DIRECTION('',(1.E0,0.E0,0.E0));
#506=VECTOR('',#505,1.E0);
#507=CARTESIAN_POINT('',(3.7E0,1.8E0,-6.7E0));
#508=LINE('',#507,#506);
#509=DIRECTION('',(0.E0,1.E0,0.E0));
#510=VECTOR('',#509,1.E0);
#511=CARTESIAN_POINT('',(-5.E-1,-2.4E0,-6.7E0));
#512=LINE('',#511,#510);
#513=DIRECTION('',(1.E0,0.E0,0.E0));
#514=VECTOR('',#513,1.E0);
#515=CARTESIAN_POINT('',(-5.E-1,-1.4E0,-6.7E0));
#516=LINE('',#515,#514);
#517=DIRECTION('',(0.E0,1.E0,0.E0));
#518=VECTOR('',#517,1.E0);
#519=CARTESIAN_POINT('',(5.E-1,-2.4E0,-6.7E0));
#520=LINE('',#519,#518);
#521=DIRECTION('',(1.E0,0.E0,0.E0));
#522=VECTOR('',#521,1.E0);
#523=CARTESIAN_POINT('',(-5.E-1,-2.4E0,-6.7E0));
#524=LINE('',#523,#522);
#525=DIRECTION('',(0.E0,1.E0,0.E0));
#526=VECTOR('',#525,1.E0);
#527=CARTESIAN_POINT('',(-5.E-1,1.8E0,-6.7E0));
#528=LINE('',#527,#526);
#529=DIRECTION('',(1.E0,0.E0,0.E0));
#530=VECTOR('',#529,1.E0);
#531=CARTESIAN_POINT('',(-5.E-1,2.8E0,-6.7E0));
#532=LINE('',#531,#530);
#533=DIRECTION('',(0.E0,1.E0,0.E0));
#534=VECTOR('',#533,1.E0);
#535=CARTESIAN_POINT('',(5.E-1,1.8E0,-6.7E0));
#536=LINE('',#535,#534);
#537=DIRECTION('',(1.E0,0.E0,0.E0));
#538=VECTOR('',#537,1.E0);
#539=CARTESIAN_POINT('',(-5.E-1,1.8E0,-6.7E0));
#540=LINE('',#539,#538);
#541=DIRECTION('',(0.E0,1.E0,0.E0));
#542=VECTOR('',#541,1.E0);
#543=CARTESIAN_POINT('',(-4.7E0,-2.4E0,-6.7E0));
#544=LINE('',#543,#542);
#545=DIRECTION('',(1.E0,0.E0,0.E0));
#546=VECTOR('',#545,1.E0);
#547=CARTESIAN_POINT('',(-4.7E0,-1.4E0,-6.7E0));
#548=LINE('',#547,#546);
#549=DIRECTION('',(0.E0,1.E0,0.E0));
#550=VECTOR('',#549,1.E0);
#551=CARTESIAN_POINT('',(-3.7E0,-2.4E0,-6.7E0));
#552=LINE('',#551,#550);
#553=DIRECTION('',(1.E0,0.E0,0.E0));
#554=VECTOR('',#553,1.E0);
#555=CARTESIAN_POINT('',(-4.7E0,-2.4E0,-6.7E0));
#556=LINE('',#555,#554);
#557=DIRECTION('',(0.E0,1.E0,0.E0));
#558=VECTOR('',#557,1.E0);
#559=CARTESIAN_POINT('',(-4.7E0,1.8E0,-6.7E0));
#560=LINE('',#559,#558);
#561=DIRECTION('',(1.E0,0.E0,0.E0));
#562=VECTOR('',#561,1.E0);
#563=CARTESIAN_POINT('',(-4.7E0,2.8E0,-6.7E0));
#564=LINE('',#563,#562);
#565=DIRECTION('',(0.E0,1.E0,0.E0));
#566=VECTOR('',#565,1.E0);
#567=CARTESIAN_POINT('',(-3.7E0,1.8E0,-6.7E0));
#568=LINE('',#567,#566);
#569=DIRECTION('',(1.E0,0.E0,0.E0));
#570=VECTOR('',#569,1.E0);
#571=CARTESIAN_POINT('',(-4.7E0,1.8E0,-6.7E0));
#572=LINE('',#571,#570);
#573=DIRECTION('',(0.E0,1.E0,0.E0));
#574=VECTOR('',#573,5.15E-1);
#575=CARTESIAN_POINT('',(1.02E1,-3.3E0,-6.7E0));
#576=LINE('',#575,#574);
#577=DIRECTION('',(1.E0,0.E0,0.E0));
#578=VECTOR('',#577,4.E-1);
#579=CARTESIAN_POINT('',(1.02E1,-2.785E0,-6.7E0));
#580=LINE('',#579,#578);
#581=DIRECTION('',(0.E0,1.E0,0.E0));
#582=VECTOR('',#581,5.15E-1);
#583=CARTESIAN_POINT('',(1.06E1,-3.3E0,-6.7E0));
#584=LINE('',#583,#582);
#585=DIRECTION('',(1.E0,0.E0,0.E0));
#586=VECTOR('',#585,4.E-1);
#587=CARTESIAN_POINT('',(1.02E1,-3.3E0,-6.7E0));
#588=LINE('',#587,#586);
#589=DIRECTION('',(0.E0,1.E0,0.E0));
#590=VECTOR('',#589,5.15E-1);
#591=CARTESIAN_POINT('',(1.02E1,-1.415E0,-6.7E0));
#592=LINE('',#591,#590);
#593=DIRECTION('',(1.E0,0.E0,0.E0));
#594=VECTOR('',#593,4.E-1);
#595=CARTESIAN_POINT('',(1.02E1,-9.E-1,-6.7E0));
#596=LINE('',#595,#594);
#597=DIRECTION('',(0.E0,1.E0,0.E0));
#598=VECTOR('',#597,5.15E-1);
#599=CARTESIAN_POINT('',(1.06E1,-1.415E0,-6.7E0));
#600=LINE('',#599,#598);
#601=DIRECTION('',(1.E0,0.E0,0.E0));
#602=VECTOR('',#601,4.E-1);
#603=CARTESIAN_POINT('',(1.02E1,-1.415E0,-6.7E0));
#604=LINE('',#603,#602);
#605=DIRECTION('',(0.E0,1.E0,0.E0));
#606=VECTOR('',#605,5.15E-1);
#607=CARTESIAN_POINT('',(-1.02E1,-3.3E0,-6.7E0));
#608=LINE('',#607,#606);
#609=DIRECTION('',(-1.E0,0.E0,0.E0));
#610=VECTOR('',#609,4.E-1);
#611=CARTESIAN_POINT('',(-1.02E1,-3.3E0,-6.7E0));
#612=LINE('',#611,#610);
#613=DIRECTION('',(0.E0,1.E0,0.E0));
#614=VECTOR('',#613,5.15E-1);
#615=CARTESIAN_POINT('',(-1.06E1,-3.3E0,-6.7E0));
#616=LINE('',#615,#614);
#617=DIRECTION('',(-1.E0,0.E0,0.E0));
#618=VECTOR('',#617,4.E-1);
#619=CARTESIAN_POINT('',(-1.02E1,-2.785E0,-6.7E0));
#620=LINE('',#619,#618);
#621=DIRECTION('',(0.E0,1.E0,0.E0));
#622=VECTOR('',#621,5.15E-1);
#623=CARTESIAN_POINT('',(-1.02E1,-1.415E0,-6.7E0));
#624=LINE('',#623,#622);
#625=DIRECTION('',(-1.E0,0.E0,0.E0));
#626=VECTOR('',#625,4.E-1);
#627=CARTESIAN_POINT('',(-1.02E1,-1.415E0,-6.7E0));
#628=LINE('',#627,#626);
#629=DIRECTION('',(0.E0,1.E0,0.E0));
#630=VECTOR('',#629,5.15E-1);
#631=CARTESIAN_POINT('',(-1.06E1,-1.415E0,-6.7E0));
#632=LINE('',#631,#630);
#633=DIRECTION('',(-1.E0,0.E0,0.E0));
#634=VECTOR('',#633,4.E-1);
#635=CARTESIAN_POINT('',(-1.02E1,-9.E-1,-6.7E0));
#636=LINE('',#635,#634);
#637=DIRECTION('',(-1.E0,0.E0,0.E0));
#638=VECTOR('',#637,5.E-1);
#639=CARTESIAN_POINT('',(2.8E0,4.E0,-6.7E0));
#640=LINE('',#639,#638);
#641=DIRECTION('',(0.E0,1.E0,0.E0));
#642=VECTOR('',#641,1.35E0);
#643=CARTESIAN_POINT('',(2.8E0,2.65E0,-6.7E0));
#644=LINE('',#643,#642);
#645=DIRECTION('',(1.E0,0.E0,0.E0));
#646=VECTOR('',#645,5.E-1);
#647=CARTESIAN_POINT('',(2.3E0,2.65E0,-6.7E0));
#648=LINE('',#647,#646);
#649=DIRECTION('',(0.E0,-1.E0,0.E0));
#650=VECTOR('',#649,1.35E0);
#651=CARTESIAN_POINT('',(2.3E0,4.E0,-6.7E0));
#652=LINE('',#651,#650);
#653=DIRECTION('',(1.E0,0.E0,0.E0));
#654=VECTOR('',#653,5.E-1);
#655=CARTESIAN_POINT('',(2.3E0,4.E-1,-6.7E0));
#656=LINE('',#655,#654);
#657=DIRECTION('',(0.E0,-1.E0,0.E0));
#658=VECTOR('',#657,1.75E0);
#659=CARTESIAN_POINT('',(2.3E0,2.15E0,-6.7E0));
#660=LINE('',#659,#658);
#661=DIRECTION('',(-1.E0,0.E0,0.E0));
#662=VECTOR('',#661,5.E-1);
#663=CARTESIAN_POINT('',(2.8E0,2.15E0,-6.7E0));
#664=LINE('',#663,#662);
#665=DIRECTION('',(0.E0,1.E0,0.E0));
#666=VECTOR('',#665,1.75E0);
#667=CARTESIAN_POINT('',(2.8E0,4.E-1,-6.7E0));
#668=LINE('',#667,#666);
#669=DIRECTION('',(1.E0,0.E0,0.E0));
#670=VECTOR('',#669,5.E-1);
#671=CARTESIAN_POINT('',(2.3E0,-4.E0,-6.7E0));
#672=LINE('',#671,#670);
#673=DIRECTION('',(0.E0,-1.E0,0.E0));
#674=VECTOR('',#673,2.E0);
#675=CARTESIAN_POINT('',(2.3E0,-2.E0,-6.7E0));
#676=LINE('',#675,#674);
#677=DIRECTION('',(-1.E0,0.E0,0.E0));
#678=VECTOR('',#677,5.E-1);
#679=CARTESIAN_POINT('',(2.8E0,-2.E0,-6.7E0));
#680=LINE('',#679,#678);
#681=DIRECTION('',(0.E0,1.E0,0.E0));
#682=VECTOR('',#681,2.E0);
#683=CARTESIAN_POINT('',(2.8E0,-4.E0,-6.7E0));
#684=LINE('',#683,#682);
#685=DIRECTION('',(0.E0,1.E0,0.E0));
#686=VECTOR('',#685,1.1E0);
#687=CARTESIAN_POINT('',(2.8E0,-1.5E0,-6.7E0));
#688=LINE('',#687,#686);
#689=DIRECTION('',(1.E0,0.E0,0.E0));
#690=VECTOR('',#689,5.E-1);
#691=CARTESIAN_POINT('',(2.3E0,-1.5E0,-6.7E0));
#692=LINE('',#691,#690);
#693=DIRECTION('',(0.E0,-1.E0,0.E0));
#694=VECTOR('',#693,1.1E0);
#695=CARTESIAN_POINT('',(2.3E0,-4.E-1,-6.7E0));
#696=LINE('',#695,#694);
#697=DIRECTION('',(-1.E0,0.E0,0.E0));
#698=VECTOR('',#697,5.E-1);
#699=CARTESIAN_POINT('',(2.8E0,-4.E-1,-6.7E0));
#700=LINE('',#699,#698);
#701=DIRECTION('',(-1.E0,0.E0,0.E0));
#702=VECTOR('',#701,5.E-1);
#703=CARTESIAN_POINT('',(-2.3E0,4.E0,-6.7E0));
#704=LINE('',#703,#702);
#705=DIRECTION('',(0.E0,1.E0,0.E0));
#706=VECTOR('',#705,1.35E0);
#707=CARTESIAN_POINT('',(-2.3E0,2.65E0,-6.7E0));
#708=LINE('',#707,#706);
#709=DIRECTION('',(1.E0,0.E0,0.E0));
#710=VECTOR('',#709,5.E-1);
#711=CARTESIAN_POINT('',(-2.8E0,2.65E0,-6.7E0));
#712=LINE('',#711,#710);
#713=DIRECTION('',(0.E0,-1.E0,0.E0));
#714=VECTOR('',#713,1.35E0);
#715=CARTESIAN_POINT('',(-2.8E0,4.E0,-6.7E0));
#716=LINE('',#715,#714);
#717=DIRECTION('',(1.E0,0.E0,0.E0));
#718=VECTOR('',#717,5.E-1);
#719=CARTESIAN_POINT('',(-2.8E0,4.E-1,-6.7E0));
#720=LINE('',#719,#718);
#721=DIRECTION('',(0.E0,-1.E0,0.E0));
#722=VECTOR('',#721,1.75E0);
#723=CARTESIAN_POINT('',(-2.8E0,2.15E0,-6.7E0));
#724=LINE('',#723,#722);
#725=DIRECTION('',(-1.E0,0.E0,0.E0));
#726=VECTOR('',#725,5.E-1);
#727=CARTESIAN_POINT('',(-2.3E0,2.15E0,-6.7E0));
#728=LINE('',#727,#726);
#729=DIRECTION('',(0.E0,1.E0,0.E0));
#730=VECTOR('',#729,1.75E0);
#731=CARTESIAN_POINT('',(-2.3E0,4.E-1,-6.7E0));
#732=LINE('',#731,#730);
#733=DIRECTION('',(0.E0,-1.E0,0.E0));
#734=VECTOR('',#733,1.1E0);
#735=CARTESIAN_POINT('',(-2.8E0,-4.E-1,-6.7E0));
#736=LINE('',#735,#734);
#737=DIRECTION('',(-1.E0,0.E0,0.E0));
#738=VECTOR('',#737,5.E-1);
#739=CARTESIAN_POINT('',(-2.3E0,-4.E-1,-6.7E0));
#740=LINE('',#739,#738);
#741=DIRECTION('',(0.E0,1.E0,0.E0));
#742=VECTOR('',#741,1.1E0);
#743=CARTESIAN_POINT('',(-2.3E0,-1.5E0,-6.7E0));
#744=LINE('',#743,#742);
#745=DIRECTION('',(1.E0,0.E0,0.E0));
#746=VECTOR('',#745,5.E-1);
#747=CARTESIAN_POINT('',(-2.8E0,-1.5E0,-6.7E0));
#748=LINE('',#747,#746);
#749=DIRECTION('',(1.E0,0.E0,0.E0));
#750=VECTOR('',#749,5.E-1);
#751=CARTESIAN_POINT('',(-2.8E0,-4.E0,-6.7E0));
#752=LINE('',#751,#750);
#753=DIRECTION('',(0.E0,-1.E0,0.E0));
#754=VECTOR('',#753,2.E0);
#755=CARTESIAN_POINT('',(-2.8E0,-2.E0,-6.7E0));
#756=LINE('',#755,#754);
#757=DIRECTION('',(-1.E0,0.E0,0.E0));
#758=VECTOR('',#757,5.E-1);
#759=CARTESIAN_POINT('',(-2.3E0,-2.E0,-6.7E0));
#760=LINE('',#759,#758);
#761=DIRECTION('',(0.E0,1.E0,0.E0));
#762=VECTOR('',#761,2.E0);
#763=CARTESIAN_POINT('',(-2.3E0,-4.E0,-6.7E0));
#764=LINE('',#763,#762);
#765=DIRECTION('',(0.E0,-1.E0,0.E0));
#766=VECTOR('',#765,1.3E0);
#767=CARTESIAN_POINT('',(-1.9E0,4.E0,-6.7E0));
#768=LINE('',#767,#766);
#769=DIRECTION('',(-1.E0,0.E0,0.E0));
#770=VECTOR('',#769,5.E-1);
#771=CARTESIAN_POINT('',(-1.4E0,4.E0,-6.7E0));
#772=LINE('',#771,#770);
#773=DIRECTION('',(0.E0,1.E0,0.E0));
#774=VECTOR('',#773,1.3E0);
#775=CARTESIAN_POINT('',(-1.4E0,2.7E0,-6.7E0));
#776=LINE('',#775,#774);
#777=DIRECTION('',(1.E0,0.E0,0.E0));
#778=VECTOR('',#777,5.E-1);
#779=CARTESIAN_POINT('',(-1.9E0,2.7E0,-6.7E0));
#780=LINE('',#779,#778);
#781=DIRECTION('',(7.071067811865E-1,-7.071067811866E-1,0.E0));
#782=VECTOR('',#781,7.071067811865E-1);
#783=CARTESIAN_POINT('',(-1.9E0,1.3E0,-6.7E0));
#784=LINE('',#783,#782);
#785=DIRECTION('',(0.E0,-1.E0,0.E0));
#786=VECTOR('',#785,9.E-1);
#787=CARTESIAN_POINT('',(-1.9E0,2.2E0,-6.7E0));
#788=LINE('',#787,#786);
#789=DIRECTION('',(-1.E0,0.E0,0.E0));
#790=VECTOR('',#789,5.E-1);
#791=CARTESIAN_POINT('',(-1.4E0,2.2E0,-6.7E0));
#792=LINE('',#791,#790);
#793=DIRECTION('',(0.E0,1.E0,0.E0));
#794=VECTOR('',#793,1.4E0);
#795=CARTESIAN_POINT('',(-1.4E0,8.E-1,-6.7E0));
#796=LINE('',#795,#794);
#797=DIRECTION('',(-1.E0,0.E0,0.E0));
#798=VECTOR('',#797,5.E-1);
#799=CARTESIAN_POINT('',(1.9E0,-4.E-1,-6.7E0));
#800=LINE('',#799,#798);
#801=DIRECTION('',(0.E0,1.E0,0.E0));
#802=VECTOR('',#801,1.1E0);
#803=CARTESIAN_POINT('',(1.9E0,-1.5E0,-6.7E0));
#804=LINE('',#803,#802);
#805=DIRECTION('',(1.E0,0.E0,0.E0));
#806=VECTOR('',#805,5.E-1);
#807=CARTESIAN_POINT('',(1.4E0,-1.5E0,-6.7E0));
#808=LINE('',#807,#806);
#809=DIRECTION('',(0.E0,-1.E0,0.E0));
#810=VECTOR('',#809,1.1E0);
#811=CARTESIAN_POINT('',(1.4E0,-4.E-1,-6.7E0));
#812=LINE('',#811,#810);
#813=DIRECTION('',(1.E0,0.E0,0.E0));
#814=VECTOR('',#813,5.E-1);
#815=CARTESIAN_POINT('',(1.4E0,-4.E0,-6.7E0));
#816=LINE('',#815,#814);
#817=DIRECTION('',(0.E0,-1.E0,0.E0));
#818=VECTOR('',#817,2.E0);
#819=CARTESIAN_POINT('',(1.4E0,-2.E0,-6.7E0));
#820=LINE('',#819,#818);
#821=DIRECTION('',(-1.E0,0.E0,0.E0));
#822=VECTOR('',#821,5.E-1);
#823=CARTESIAN_POINT('',(1.9E0,-2.E0,-6.7E0));
#824=LINE('',#823,#822);
#825=DIRECTION('',(0.E0,1.E0,0.E0));
#826=VECTOR('',#825,2.E0);
#827=CARTESIAN_POINT('',(1.9E0,-4.E0,-6.7E0));
#828=LINE('',#827,#826);
#829=DIRECTION('',(-1.E0,0.E0,0.E0));
#830=VECTOR('',#829,2.7E0);
#831=CARTESIAN_POINT('',(1.1505E1,2.05E0,-6.7E0));
#832=LINE('',#831,#830);
#833=DIRECTION('',(0.E0,1.E0,0.E0));
#834=VECTOR('',#833,5.E-1);
#835=CARTESIAN_POINT('',(8.805E0,2.05E0,-6.7E0));
#836=LINE('',#835,#834);
#837=DIRECTION('',(-1.E0,0.E0,0.E0));
#838=VECTOR('',#837,2.7E0);
#839=CARTESIAN_POINT('',(1.1505E1,2.55E0,-6.7E0));
#840=LINE('',#839,#838);
#841=DIRECTION('',(0.E0,-1.E0,0.E0));
#842=VECTOR('',#841,7.5E-1);
#843=CARTESIAN_POINT('',(7.1E0,5.75E0,-6.7E0));
#844=LINE('',#843,#842);
#845=DIRECTION('',(-1.E0,0.E0,0.E0));
#846=VECTOR('',#845,1.4E0);
#847=CARTESIAN_POINT('',(7.1E0,5.E0,-6.7E0));
#848=LINE('',#847,#846);
#849=DIRECTION('',(0.E0,-1.E0,0.E0));
#850=VECTOR('',#849,7.5E-1);
#851=CARTESIAN_POINT('',(2.7E0,5.75E0,-6.7E0));
#852=LINE('',#851,#850);
#853=DIRECTION('',(-1.E0,0.E0,0.E0));
#854=VECTOR('',#853,1.2E0);
#855=CARTESIAN_POINT('',(2.7E0,5.E0,-6.7E0));
#856=LINE('',#855,#854);
#857=DIRECTION('',(0.E0,-1.E0,0.E0));
#858=VECTOR('',#857,7.5E-1);
#859=CARTESIAN_POINT('',(-1.5E0,5.75E0,-6.7E0));
#860=LINE('',#859,#858);
#861=DIRECTION('',(-1.E0,0.E0,0.E0));
#862=VECTOR('',#861,1.2E0);
#863=CARTESIAN_POINT('',(-1.5E0,5.E0,-6.7E0));
#864=LINE('',#863,#862);
#865=DIRECTION('',(0.E0,-1.E0,0.E0));
#866=VECTOR('',#865,7.5E-1);
#867=CARTESIAN_POINT('',(-5.7E0,5.75E0,-6.7E0));
#868=LINE('',#867,#866);
#869=DIRECTION('',(-1.E0,0.E0,0.E0));
#870=VECTOR('',#869,1.4E0);
#871=CARTESIAN_POINT('',(-5.7E0,5.E0,-6.7E0));
#872=LINE('',#871,#870);
#873=DIRECTION('',(1.E0,0.E0,0.E0));
#874=VECTOR('',#873,2.7E0);
#875=CARTESIAN_POINT('',(-1.1505E1,2.55E0,-6.7E0));
#876=LINE('',#875,#874);
#877=DIRECTION('',(0.E0,-1.E0,0.E0));
#878=VECTOR('',#877,5.E-1);
#879=CARTESIAN_POINT('',(-8.805E0,2.55E0,-6.7E0));
#880=LINE('',#879,#878);
#881=DIRECTION('',(1.E0,0.E0,0.E0));
#882=VECTOR('',#881,2.7E0);
#883=CARTESIAN_POINT('',(-1.1505E1,2.05E0,-6.7E0));
#884=LINE('',#883,#882);
#885=DIRECTION('',(0.E0,-1.E0,0.E0));
#886=VECTOR('',#885,7.5E-1);
#887=CARTESIAN_POINT('',(-5.7E0,-5.E0,-6.7E0));
#888=LINE('',#887,#886);
#889=DIRECTION('',(0.E0,-1.E0,0.E0));
#890=VECTOR('',#889,7.5E-1);
#891=CARTESIAN_POINT('',(-1.5E0,-5.E0,-6.7E0));
#892=LINE('',#891,#890);
#893=DIRECTION('',(0.E0,-1.E0,0.E0));
#894=VECTOR('',#893,7.5E-1);
#895=CARTESIAN_POINT('',(2.7E0,-5.E0,-6.7E0));
#896=LINE('',#895,#894);
#897=DIRECTION('',(0.E0,-1.E0,0.E0));
#898=VECTOR('',#897,7.5E-1);
#899=CARTESIAN_POINT('',(7.1E0,-5.E0,-6.7E0));
#900=LINE('',#899,#898);
#901=DIRECTION('',(0.E0,0.E0,-1.E0));
#902=VECTOR('',#901,5.25E0);
#903=CARTESIAN_POINT('',(3.7E0,-2.4E0,-6.7E0));
#904=LINE('',#903,#902);
#905=DIRECTION('',(0.E0,1.E0,0.E0));
#906=VECTOR('',#905,1.E0);
#907=CARTESIAN_POINT('',(3.7E0,-2.4E0,-1.195E1));
#908=LINE('',#907,#906);
#909=DIRECTION('',(0.E0,0.E0,1.E0));
#910=VECTOR('',#909,5.25E0);
#911=CARTESIAN_POINT('',(3.7E0,-1.4E0,-1.195E1));
#912=LINE('',#911,#910);
#913=DIRECTION('',(0.E0,0.E0,-1.E0));
#914=VECTOR('',#913,5.25E0);
#915=CARTESIAN_POINT('',(3.7E0,1.8E0,-6.7E0));
#916=LINE('',#915,#914);
#917=DIRECTION('',(0.E0,1.E0,0.E0));
#918=VECTOR('',#917,1.E0);
#919=CARTESIAN_POINT('',(3.7E0,1.8E0,-1.195E1));
#920=LINE('',#919,#918);
#921=DIRECTION('',(0.E0,0.E0,1.E0));
#922=VECTOR('',#921,5.25E0);
#923=CARTESIAN_POINT('',(3.7E0,2.8E0,-1.195E1));
#924=LINE('',#923,#922);
#925=DIRECTION('',(0.E0,0.E0,1.E0));
#926=VECTOR('',#925,2.5E0);
#927=CARTESIAN_POINT('',(3.7E0,-1.4E0,-2.85E0));
#928=LINE('',#927,#926);
#929=DIRECTION('',(0.E0,-1.E0,0.E0));
#930=VECTOR('',#929,1.E0);
#931=CARTESIAN_POINT('',(3.7E0,-1.4E0,-3.5E-1));
#932=LINE('',#931,#930);
#933=DIRECTION('',(0.E0,0.E0,-1.E0));
#934=VECTOR('',#933,2.5E0);
#935=CARTESIAN_POINT('',(3.7E0,-2.4E0,-3.5E-1));
#936=LINE('',#935,#934);
#937=DIRECTION('',(0.E0,0.E0,1.E0));
#938=VECTOR('',#937,2.5E0);
#939=CARTESIAN_POINT('',(3.7E0,2.8E0,-2.85E0));
#940=LINE('',#939,#938);
#941=DIRECTION('',(0.E0,-1.E0,0.E0));
#942=VECTOR('',#941,1.E0);
#943=CARTESIAN_POINT('',(3.7E0,2.8E0,-3.5E-1));
#944=LINE('',#943,#942);
#945=DIRECTION('',(0.E0,0.E0,-1.E0));
#946=VECTOR('',#945,2.5E0);
#947=CARTESIAN_POINT('',(3.7E0,1.8E0,-3.5E-1));
#948=LINE('',#947,#946);
#949=DIRECTION('',(0.E0,0.E0,1.E0));
#950=VECTOR('',#949,5.25E0);
#951=CARTESIAN_POINT('',(4.7E0,-1.4E0,-1.195E1));
#952=LINE('',#951,#950);
#953=DIRECTION('',(0.E0,1.E0,0.E0));
#954=VECTOR('',#953,1.E0);
#955=CARTESIAN_POINT('',(4.7E0,-2.4E0,-1.195E1));
#956=LINE('',#955,#954);
#957=DIRECTION('',(0.E0,0.E0,-1.E0));
#958=VECTOR('',#957,5.25E0);
#959=CARTESIAN_POINT('',(4.7E0,-2.4E0,-6.7E0));
#960=LINE('',#959,#958);
#961=DIRECTION('',(0.E0,0.E0,1.E0));
#962=VECTOR('',#961,5.25E0);
#963=CARTESIAN_POINT('',(4.7E0,2.8E0,-1.195E1));
#964=LINE('',#963,#962);
#965=DIRECTION('',(0.E0,1.E0,0.E0));
#966=VECTOR('',#965,1.E0);
#967=CARTESIAN_POINT('',(4.7E0,1.8E0,-1.195E1));
#968=LINE('',#967,#966);
#969=DIRECTION('',(0.E0,0.E0,-1.E0));
#970=VECTOR('',#969,5.25E0);
#971=CARTESIAN_POINT('',(4.7E0,1.8E0,-6.7E0));
#972=LINE('',#971,#970);
#973=DIRECTION('',(0.E0,0.E0,-1.E0));
#974=VECTOR('',#973,2.5E0);
#975=CARTESIAN_POINT('',(4.7E0,-2.4E0,-3.5E-1));
#976=LINE('',#975,#974);
#977=DIRECTION('',(0.E0,-1.E0,0.E0));
#978=VECTOR('',#977,1.E0);
#979=CARTESIAN_POINT('',(4.7E0,-1.4E0,-3.5E-1));
#980=LINE('',#979,#978);
#981=DIRECTION('',(0.E0,0.E0,1.E0));
#982=VECTOR('',#981,2.5E0);
#983=CARTESIAN_POINT('',(4.7E0,-1.4E0,-2.85E0));
#984=LINE('',#983,#982);
#985=DIRECTION('',(0.E0,0.E0,-1.E0));
#986=VECTOR('',#985,2.5E0);
#987=CARTESIAN_POINT('',(4.7E0,1.8E0,-3.5E-1));
#988=LINE('',#987,#986);
#989=DIRECTION('',(0.E0,-1.E0,0.E0));
#990=VECTOR('',#989,1.E0);
#991=CARTESIAN_POINT('',(4.7E0,2.8E0,-3.5E-1));
#992=LINE('',#991,#990);
#993=DIRECTION('',(0.E0,0.E0,1.E0));
#994=VECTOR('',#993,2.5E0);
#995=CARTESIAN_POINT('',(4.7E0,2.8E0,-2.85E0));
#996=LINE('',#995,#994);
#997=DIRECTION('',(1.E0,0.E0,0.E0));
#998=VECTOR('',#997,1.E0);
#999=CARTESIAN_POINT('',(3.7E0,-1.4E0,-1.195E1));
#1000=LINE('',#999,#998);
#1001=DIRECTION('',(1.E0,0.E0,0.E0));
#1002=VECTOR('',#1001,1.E0);
#1003=CARTESIAN_POINT('',(3.7E0,-2.4E0,-1.195E1));
#1004=LINE('',#1003,#1002);
#1005=DIRECTION('',(1.E0,0.E0,0.E0));
#1006=VECTOR('',#1005,1.E0);
#1007=CARTESIAN_POINT('',(3.7E0,2.8E0,-1.195E1));
#1008=LINE('',#1007,#1006);
#1009=DIRECTION('',(1.E0,0.E0,0.E0));
#1010=VECTOR('',#1009,1.E0);
#1011=CARTESIAN_POINT('',(3.7E0,1.8E0,-1.195E1));
#1012=LINE('',#1011,#1010);
#1013=DIRECTION('',(0.E0,1.E0,0.E0));
#1014=VECTOR('',#1013,1.E0);
#1015=CARTESIAN_POINT('',(3.7E0,-2.4E0,-2.85E0));
#1016=LINE('',#1015,#1014);
#1017=DIRECTION('',(1.E0,0.E0,0.E0));
#1018=VECTOR('',#1017,1.E0);
#1019=CARTESIAN_POINT('',(3.7E0,-2.4E0,-2.85E0));
#1020=LINE('',#1019,#1018);
#1021=DIRECTION('',(0.E0,1.E0,0.E0));
#1022=VECTOR('',#1021,1.E0);
#1023=CARTESIAN_POINT('',(4.7E0,-2.4E0,-2.85E0));
#1024=LINE('',#1023,#1022);
#1025=DIRECTION('',(1.E0,0.E0,0.E0));
#1026=VECTOR('',#1025,1.E0);
#1027=CARTESIAN_POINT('',(3.7E0,-1.4E0,-2.85E0));
#1028=LINE('',#1027,#1026);
#1029=DIRECTION('',(0.E0,1.E0,0.E0));
#1030=VECTOR('',#1029,1.E0);
#1031=CARTESIAN_POINT('',(3.7E0,1.8E0,-2.85E0));
#1032=LINE('',#1031,#1030);
#1033=DIRECTION('',(1.E0,0.E0,0.E0));
#1034=VECTOR('',#1033,1.E0);
#1035=CARTESIAN_POINT('',(3.7E0,1.8E0,-2.85E0));
#1036=LINE('',#1035,#1034);
#1037=DIRECTION('',(0.E0,1.E0,0.E0));
#1038=VECTOR('',#1037,1.E0);
#1039=CARTESIAN_POINT('',(4.7E0,1.8E0,-2.85E0));
#1040=LINE('',#1039,#1038);
#1041=DIRECTION('',(1.E0,0.E0,0.E0));
#1042=VECTOR('',#1041,1.E0);
#1043=CARTESIAN_POINT('',(3.7E0,2.8E0,-2.85E0));
#1044=LINE('',#1043,#1042);
#1045=DIRECTION('',(0.E0,-1.E0,0.E0));
#1046=VECTOR('',#1045,1.35E0);
#1047=CARTESIAN_POINT('',(2.8E0,4.E0,-2.85E0));
#1048=LINE('',#1047,#1046);
#1049=DIRECTION('',(-1.E0,0.E0,0.E0));
#1050=VECTOR('',#1049,3.3E0);
#1051=CARTESIAN_POINT('',(6.1E0,4.E0,-2.85E0));
#1052=LINE('',#1051,#1050);
#1053=DIRECTION('',(0.E0,1.E0,0.E0));
#1054=VECTOR('',#1053,2.6E0);
#1055=CARTESIAN_POINT('',(6.1E0,1.4E0,-2.85E0));
#1056=LINE('',#1055,#1054);
#1057=DIRECTION('',(7.071067811866E-1,7.071067811865E-1,0.E0));
#1058=VECTOR('',#1057,1.414213562373E0);
#1059=CARTESIAN_POINT('',(5.1E0,4.E-1,-2.85E0));
#1060=LINE('',#1059,#1058);
#1061=DIRECTION('',(1.E0,0.E0,0.E0));
#1062=VECTOR('',#1061,1.8E0);
#1063=CARTESIAN_POINT('',(3.3E0,4.E-1,-2.85E0));
#1064=LINE('',#1063,#1062);
#1065=DIRECTION('',(7.071067811865E-1,-7.071067811866E-1,0.E0));
#1066=VECTOR('',#1065,7.071067811866E-1);
#1067=CARTESIAN_POINT('',(2.8E0,9.E-1,-2.85E0));
#1068=LINE('',#1067,#1066);
#1069=DIRECTION('',(0.E0,1.E0,0.E0));
#1070=VECTOR('',#1069,1.25E0);
#1071=CARTESIAN_POINT('',(2.8E0,9.E-1,-2.85E0));
#1072=LINE('',#1071,#1070);
#1073=DIRECTION('',(1.E0,0.E0,0.E0));
#1074=VECTOR('',#1073,5.E-1);
#1075=CARTESIAN_POINT('',(2.3E0,2.15E0,-2.85E0));
#1076=LINE('',#1075,#1074);
#1077=DIRECTION('',(0.E0,-1.E0,0.E0));
#1078=VECTOR('',#1077,5.E-1);
#1079=CARTESIAN_POINT('',(2.3E0,2.65E0,-2.85E0));
#1080=LINE('',#1079,#1078);
#1081=DIRECTION('',(1.E0,0.E0,0.E0));
#1082=VECTOR('',#1081,5.E-1);
#1083=CARTESIAN_POINT('',(2.3E0,2.65E0,-2.85E0));
#1084=LINE('',#1083,#1082);
#1085=DIRECTION('',(0.E0,1.E0,0.E0));
#1086=VECTOR('',#1085,1.1E0);
#1087=CARTESIAN_POINT('',(2.8E0,-1.5E0,-2.85E0));
#1088=LINE('',#1087,#1086);
#1089=DIRECTION('',(-1.E0,0.E0,0.E0));
#1090=VECTOR('',#1089,3.3E0);
#1091=CARTESIAN_POINT('',(6.1E0,-4.E-1,-2.85E0));
#1092=LINE('',#1091,#1090);
#1093=DIRECTION('',(0.E0,1.E0,0.E0));
#1094=VECTOR('',#1093,3.6E0);
#1095=CARTESIAN_POINT('',(6.1E0,-4.E0,-2.85E0));
#1096=LINE('',#1095,#1094);
#1097=DIRECTION('',(1.E0,0.E0,0.E0));
#1098=VECTOR('',#1097,3.3E0);
#1099=CARTESIAN_POINT('',(2.8E0,-4.E0,-2.85E0));
#1100=LINE('',#1099,#1098);
#1101=DIRECTION('',(0.E0,1.E0,0.E0));
#1102=VECTOR('',#1101,2.E0);
#1103=CARTESIAN_POINT('',(2.8E0,-4.E0,-2.85E0));
#1104=LINE('',#1103,#1102);
#1105=DIRECTION('',(1.E0,0.E0,0.E0));
#1106=VECTOR('',#1105,5.E-1);
#1107=CARTESIAN_POINT('',(2.3E0,-2.E0,-2.85E0));
#1108=LINE('',#1107,#1106);
#1109=DIRECTION('',(0.E0,-1.E0,0.E0));
#1110=VECTOR('',#1109,5.E-1);
#1111=CARTESIAN_POINT('',(2.3E0,-1.5E0,-2.85E0));
#1112=LINE('',#1111,#1110);
#1113=DIRECTION('',(1.E0,0.E0,0.E0));
#1114=VECTOR('',#1113,5.E-1);
#1115=CARTESIAN_POINT('',(2.3E0,-1.5E0,-2.85E0));
#1116=LINE('',#1115,#1114);
#1117=DIRECTION('',(1.E0,0.E0,0.E0));
#1118=VECTOR('',#1117,1.E0);
#1119=CARTESIAN_POINT('',(3.7E0,-2.4E0,-3.5E-1));
#1120=LINE('',#1119,#1118);
#1121=DIRECTION('',(1.E0,0.E0,0.E0));
#1122=VECTOR('',#1121,1.E0);
#1123=CARTESIAN_POINT('',(3.7E0,-1.4E0,-3.5E-1));
#1124=LINE('',#1123,#1122);
#1125=DIRECTION('',(1.E0,0.E0,0.E0));
#1126=VECTOR('',#1125,1.E0);
#1127=CARTESIAN_POINT('',(3.7E0,1.8E0,-3.5E-1));
#1128=LINE('',#1127,#1126);
#1129=DIRECTION('',(1.E0,0.E0,0.E0));
#1130=VECTOR('',#1129,1.E0);
#1131=CARTESIAN_POINT('',(3.7E0,2.8E0,-3.5E-1));
#1132=LINE('',#1131,#1130);
#1133=DIRECTION('',(0.E0,0.E0,-1.E0));
#1134=VECTOR('',#1133,3.85E0);
#1135=CARTESIAN_POINT('',(2.8E0,2.65E0,-2.85E0));
#1136=LINE('',#1135,#1134);
#1137=DIRECTION('',(0.E0,0.E0,-1.E0));
#1138=VECTOR('',#1137,3.85E0);
#1139=CARTESIAN_POINT('',(-1.4E0,4.E0,-2.85E0));
#1140=LINE('',#1139,#1138);
#1141=DIRECTION('',(0.E0,0.E0,1.E0));
#1142=VECTOR('',#1141,1.065E1);
#1143=CARTESIAN_POINT('',(-1.9E0,4.E0,-6.7E0));
#1144=LINE('',#1143,#1142);
#1145=DIRECTION('',(0.E0,0.E0,-1.E0));
#1146=VECTOR('',#1145,7.8E0);
#1147=CARTESIAN_POINT('',(6.1E0,4.E0,4.95E0));
#1148=LINE('',#1147,#1146);
#1149=DIRECTION('',(0.E0,0.E0,-1.E0));
#1150=VECTOR('',#1149,3.85E0);
#1151=CARTESIAN_POINT('',(2.8E0,4.E0,-2.85E0));
#1152=LINE('',#1151,#1150);
#1153=DIRECTION('',(0.E0,0.E0,-1.E0));
#1154=VECTOR('',#1153,6.8E0);
#1155=CARTESIAN_POINT('',(1.9E0,4.E0,3.95E0));
#1156=LINE('',#1155,#1154);
#1157=DIRECTION('',(0.E0,1.E0,0.E0));
#1158=VECTOR('',#1157,1.E0);
#1159=CARTESIAN_POINT('',(-5.E-1,-2.4E0,-2.85E0));
#1160=LINE('',#1159,#1158);
#1161=DIRECTION('',(1.E0,0.E0,0.E0));
#1162=VECTOR('',#1161,1.E0);
#1163=CARTESIAN_POINT('',(-5.E-1,-2.4E0,-2.85E0));
#1164=LINE('',#1163,#1162);
#1165=DIRECTION('',(0.E0,1.E0,0.E0));
#1166=VECTOR('',#1165,1.E0);
#1167=CARTESIAN_POINT('',(5.E-1,-2.4E0,-2.85E0));
#1168=LINE('',#1167,#1166);
#1169=DIRECTION('',(1.E0,0.E0,0.E0));
#1170=VECTOR('',#1169,1.E0);
#1171=CARTESIAN_POINT('',(-5.E-1,-1.4E0,-2.85E0));
#1172=LINE('',#1171,#1170);
#1173=DIRECTION('',(0.E0,1.E0,0.E0));
#1174=VECTOR('',#1173,1.E0);
#1175=CARTESIAN_POINT('',(-5.E-1,1.8E0,-2.85E0));
#1176=LINE('',#1175,#1174);
#1177=DIRECTION('',(1.E0,0.E0,0.E0));
#1178=VECTOR('',#1177,1.E0);
#1179=CARTESIAN_POINT('',(-5.E-1,1.8E0,-2.85E0));
#1180=LINE('',#1179,#1178);
#1181=DIRECTION('',(0.E0,1.E0,0.E0));
#1182=VECTOR('',#1181,1.E0);
#1183=CARTESIAN_POINT('',(5.E-1,1.8E0,-2.85E0));
#1184=LINE('',#1183,#1182);
#1185=DIRECTION('',(1.E0,0.E0,0.E0));
#1186=VECTOR('',#1185,1.E0);
#1187=CARTESIAN_POINT('',(-5.E-1,2.8E0,-2.85E0));
#1188=LINE('',#1187,#1186);
#1189=DIRECTION('',(0.E0,1.E0,0.E0));
#1190=VECTOR('',#1189,1.E0);
#1191=CARTESIAN_POINT('',(-4.7E0,-2.4E0,-2.85E0));
#1192=LINE('',#1191,#1190);
#1193=DIRECTION('',(1.E0,0.E0,0.E0));
#1194=VECTOR('',#1193,1.E0);
#1195=CARTESIAN_POINT('',(-4.7E0,-2.4E0,-2.85E0));
#1196=LINE('',#1195,#1194);
#1197=DIRECTION('',(0.E0,1.E0,0.E0));
#1198=VECTOR('',#1197,1.E0);
#1199=CARTESIAN_POINT('',(-3.7E0,-2.4E0,-2.85E0));
#1200=LINE('',#1199,#1198);
#1201=DIRECTION('',(1.E0,0.E0,0.E0));
#1202=VECTOR('',#1201,1.E0);
#1203=CARTESIAN_POINT('',(-4.7E0,-1.4E0,-2.85E0));
#1204=LINE('',#1203,#1202);
#1205=DIRECTION('',(0.E0,1.E0,0.E0));
#1206=VECTOR('',#1205,1.E0);
#1207=CARTESIAN_POINT('',(-4.7E0,1.8E0,-2.85E0));
#1208=LINE('',#1207,#1206);
#1209=DIRECTION('',(1.E0,0.E0,0.E0));
#1210=VECTOR('',#1209,1.E0);
#1211=CARTESIAN_POINT('',(-4.7E0,1.8E0,-2.85E0));
#1212=LINE('',#1211,#1210);
#1213=DIRECTION('',(0.E0,1.E0,0.E0));
#1214=VECTOR('',#1213,1.E0);
#1215=CARTESIAN_POINT('',(-3.7E0,1.8E0,-2.85E0));
#1216=LINE('',#1215,#1214);
#1217=DIRECTION('',(1.E0,0.E0,0.E0));
#1218=VECTOR('',#1217,1.E0);
#1219=CARTESIAN_POINT('',(-4.7E0,2.8E0,-2.85E0));
#1220=LINE('',#1219,#1218);
#1221=DIRECTION('',(0.E0,-1.E0,0.E0));
#1222=VECTOR('',#1221,1.35E0);
#1223=CARTESIAN_POINT('',(-2.8E0,4.E0,-2.85E0));
#1224=LINE('',#1223,#1222);
#1225=DIRECTION('',(1.E0,0.E0,0.E0));
#1226=VECTOR('',#1225,5.E-1);
#1227=CARTESIAN_POINT('',(-2.8E0,2.65E0,-2.85E0));
#1228=LINE('',#1227,#1226);
#1229=DIRECTION('',(0.E0,1.E0,0.E0));
#1230=VECTOR('',#1229,5.E-1);
#1231=CARTESIAN_POINT('',(-2.3E0,2.15E0,-2.85E0));
#1232=LINE('',#1231,#1230);
#1233=DIRECTION('',(-1.E0,0.E0,0.E0));
#1234=VECTOR('',#1233,5.E-1);
#1235=CARTESIAN_POINT('',(-2.3E0,2.15E0,-2.85E0));
#1236=LINE('',#1235,#1234);
#1237=DIRECTION('',(0.E0,-1.E0,0.E0));
#1238=VECTOR('',#1237,1.75E0);
#1239=CARTESIAN_POINT('',(-2.8E0,2.15E0,-2.85E0));
#1240=LINE('',#1239,#1238);
#1241=DIRECTION('',(1.E0,0.E0,0.E0));
#1242=VECTOR('',#1241,3.3E0);
#1243=CARTESIAN_POINT('',(-6.1E0,4.E-1,-2.85E0));
#1244=LINE('',#1243,#1242);
#1245=DIRECTION('',(0.E0,-1.E0,0.E0));
#1246=VECTOR('',#1245,3.6E0);
#1247=CARTESIAN_POINT('',(-6.1E0,4.E0,-2.85E0));
#1248=LINE('',#1247,#1246);
#1249=DIRECTION('',(-1.E0,0.E0,0.E0));
#1250=VECTOR('',#1249,3.3E0);
#1251=CARTESIAN_POINT('',(-2.8E0,4.E0,-2.85E0));
#1252=LINE('',#1251,#1250);
#1253=DIRECTION('',(0.E0,-1.E0,0.E0));
#1254=VECTOR('',#1253,1.1E0);
#1255=CARTESIAN_POINT('',(-2.8E0,-4.E-1,-2.85E0));
#1256=LINE('',#1255,#1254);
#1257=DIRECTION('',(1.E0,0.E0,0.E0));
#1258=VECTOR('',#1257,5.E-1);
#1259=CARTESIAN_POINT('',(-2.8E0,-1.5E0,-2.85E0));
#1260=LINE('',#1259,#1258);
#1261=DIRECTION('',(0.E0,1.E0,0.E0));
#1262=VECTOR('',#1261,5.E-1);
#1263=CARTESIAN_POINT('',(-2.3E0,-2.E0,-2.85E0));
#1264=LINE('',#1263,#1262);
#1265=DIRECTION('',(-1.E0,0.E0,0.E0));
#1266=VECTOR('',#1265,5.E-1);
#1267=CARTESIAN_POINT('',(-2.3E0,-2.E0,-2.85E0));
#1268=LINE('',#1267,#1266);
#1269=DIRECTION('',(0.E0,1.E0,0.E0));
#1270=VECTOR('',#1269,1.5E0);
#1271=CARTESIAN_POINT('',(-2.8E0,-3.5E0,-2.85E0));
#1272=LINE('',#1271,#1270);
#1273=DIRECTION('',(7.071067811865E-1,7.071067811865E-1,0.E0));
#1274=VECTOR('',#1273,7.071067811865E-1);
#1275=CARTESIAN_POINT('',(-3.3E0,-4.E0,-2.85E0));
#1276=LINE('',#1275,#1274);
#1277=DIRECTION('',(1.E0,0.E0,0.E0));
#1278=VECTOR('',#1277,1.8E0);
#1279=CARTESIAN_POINT('',(-5.1E0,-4.E0,-2.85E0));
#1280=LINE('',#1279,#1278);
#1281=DIRECTION('',(7.071067811865E-1,-7.071067811865E-1,0.E0));
#1282=VECTOR('',#1281,1.414213562373E0);
#1283=CARTESIAN_POINT('',(-6.1E0,-3.E0,-2.85E0));
#1284=LINE('',#1283,#1282);
#1285=DIRECTION('',(0.E0,-1.E0,0.E0));
#1286=VECTOR('',#1285,2.6E0);
#1287=CARTESIAN_POINT('',(-6.1E0,-4.E-1,-2.85E0));
#1288=LINE('',#1287,#1286);
#1289=DIRECTION('',(-1.E0,0.E0,0.E0));
#1290=VECTOR('',#1289,3.3E0);
#1291=CARTESIAN_POINT('',(-2.8E0,-4.E-1,-2.85E0));
#1292=LINE('',#1291,#1290);
#1293=DIRECTION('',(7.071067811865E-1,-7.071067811866E-1,0.E0));
#1294=VECTOR('',#1293,7.071067811865E-1);
#1295=CARTESIAN_POINT('',(-1.9E0,1.3E0,-2.85E0));
#1296=LINE('',#1295,#1294);
#1297=DIRECTION('',(0.E0,1.E0,0.E0));
#1298=VECTOR('',#1297,1.4E0);
#1299=CARTESIAN_POINT('',(-1.4E0,8.E-1,-2.85E0));
#1300=LINE('',#1299,#1298);
#1301=DIRECTION('',(-1.E0,0.E0,0.E0));
#1302=VECTOR('',#1301,5.E-1);
#1303=CARTESIAN_POINT('',(-1.4E0,2.2E0,-2.85E0));
#1304=LINE('',#1303,#1302);
#1305=DIRECTION('',(0.E0,-1.E0,0.E0));
#1306=VECTOR('',#1305,5.E-1);
#1307=CARTESIAN_POINT('',(-1.9E0,2.7E0,-2.85E0));
#1308=LINE('',#1307,#1306);
#1309=DIRECTION('',(1.E0,0.E0,0.E0));
#1310=VECTOR('',#1309,5.E-1);
#1311=CARTESIAN_POINT('',(-1.9E0,2.7E0,-2.85E0));
#1312=LINE('',#1311,#1310);
#1313=DIRECTION('',(0.E0,-1.E0,0.E0));
#1314=VECTOR('',#1313,1.3E0);
#1315=CARTESIAN_POINT('',(-1.4E0,4.E0,-2.85E0));
#1316=LINE('',#1315,#1314);
#1317=DIRECTION('',(-1.E0,0.E0,0.E0));
#1318=VECTOR('',#1317,3.3E0);
#1319=CARTESIAN_POINT('',(1.9E0,4.E0,-2.85E0));
#1320=LINE('',#1319,#1318);
#1321=DIRECTION('',(0.E0,1.E0,0.E0));
#1322=VECTOR('',#1321,3.6E0);
#1323=CARTESIAN_POINT('',(1.9E0,4.E-1,-2.85E0));
#1324=LINE('',#1323,#1322);
#1325=DIRECTION('',(1.E0,0.E0,0.E0));
#1326=VECTOR('',#1325,3.8E0);
#1327=CARTESIAN_POINT('',(-1.9E0,4.E-1,-2.85E0));
#1328=LINE('',#1327,#1326);
#1329=DIRECTION('',(0.E0,-1.E0,0.E0));
#1330=VECTOR('',#1329,9.E-1);
#1331=CARTESIAN_POINT('',(-1.9E0,1.3E0,-2.85E0));
#1332=LINE('',#1331,#1330);
#1333=DIRECTION('',(7.071067811865E-1,7.071067811865E-1,0.E0));
#1334=VECTOR('',#1333,7.071067811865E-1);
#1335=CARTESIAN_POINT('',(9.E-1,-4.E0,-2.85E0));
#1336=LINE('',#1335,#1334);
#1337=DIRECTION('',(1.E0,0.E0,0.E0));
#1338=VECTOR('',#1337,1.8E0);
#1339=CARTESIAN_POINT('',(-9.E-1,-4.E0,-2.85E0));
#1340=LINE('',#1339,#1338);
#1341=DIRECTION('',(7.071067811865E-1,-7.071067811865E-1,0.E0));
#1342=VECTOR('',#1341,1.414213562373E0);
#1343=CARTESIAN_POINT('',(-1.9E0,-3.E0,-2.85E0));
#1344=LINE('',#1343,#1342);
#1345=DIRECTION('',(0.E0,-1.E0,0.E0));
#1346=VECTOR('',#1345,2.6E0);
#1347=CARTESIAN_POINT('',(-1.9E0,-4.E-1,-2.85E0));
#1348=LINE('',#1347,#1346);
#1349=DIRECTION('',(-1.E0,0.E0,0.E0));
#1350=VECTOR('',#1349,3.3E0);
#1351=CARTESIAN_POINT('',(1.4E0,-4.E-1,-2.85E0));
#1352=LINE('',#1351,#1350);
#1353=DIRECTION('',(0.E0,1.E0,0.E0));
#1354=VECTOR('',#1353,1.1E0);
#1355=CARTESIAN_POINT('',(1.4E0,-1.5E0,-2.85E0));
#1356=LINE('',#1355,#1354);
#1357=DIRECTION('',(-1.E0,0.E0,0.E0));
#1358=VECTOR('',#1357,5.E-1);
#1359=CARTESIAN_POINT('',(1.9E0,-1.5E0,-2.85E0));
#1360=LINE('',#1359,#1358);
#1361=DIRECTION('',(0.E0,1.E0,0.E0));
#1362=VECTOR('',#1361,5.E-1);
#1363=CARTESIAN_POINT('',(1.9E0,-2.E0,-2.85E0));
#1364=LINE('',#1363,#1362);
#1365=DIRECTION('',(-1.E0,0.E0,0.E0));
#1366=VECTOR('',#1365,5.E-1);
#1367=CARTESIAN_POINT('',(1.9E0,-2.E0,-2.85E0));
#1368=LINE('',#1367,#1366);
#1369=DIRECTION('',(0.E0,1.E0,0.E0));
#1370=VECTOR('',#1369,1.5E0);
#1371=CARTESIAN_POINT('',(1.4E0,-3.5E0,-2.85E0));
#1372=LINE('',#1371,#1370);
#1373=DIRECTION('',(0.E0,0.E0,-1.E0));
#1374=VECTOR('',#1373,5.25E0);
#1375=CARTESIAN_POINT('',(-5.E-1,-2.4E0,-6.7E0));
#1376=LINE('',#1375,#1374);
#1377=DIRECTION('',(0.E0,1.E0,0.E0));
#1378=VECTOR('',#1377,1.E0);
#1379=CARTESIAN_POINT('',(-5.E-1,-2.4E0,-1.195E1));
#1380=LINE('',#1379,#1378);
#1381=DIRECTION('',(0.E0,0.E0,1.E0));
#1382=VECTOR('',#1381,5.25E0);
#1383=CARTESIAN_POINT('',(-5.E-1,-1.4E0,-1.195E1));
#1384=LINE('',#1383,#1382);
#1385=DIRECTION('',(0.E0,0.E0,-1.E0));
#1386=VECTOR('',#1385,5.25E0);
#1387=CARTESIAN_POINT('',(-5.E-1,1.8E0,-6.7E0));
#1388=LINE('',#1387,#1386);
#1389=DIRECTION('',(0.E0,1.E0,0.E0));
#1390=VECTOR('',#1389,1.E0);
#1391=CARTESIAN_POINT('',(-5.E-1,1.8E0,-1.195E1));
#1392=LINE('',#1391,#1390);
#1393=DIRECTION('',(0.E0,0.E0,1.E0));
#1394=VECTOR('',#1393,5.25E0);
#1395=CARTESIAN_POINT('',(-5.E-1,2.8E0,-1.195E1));
#1396=LINE('',#1395,#1394);
#1397=DIRECTION('',(0.E0,0.E0,1.E0));
#1398=VECTOR('',#1397,2.5E0);
#1399=CARTESIAN_POINT('',(-5.E-1,-1.4E0,-2.85E0));
#1400=LINE('',#1399,#1398);
#1401=DIRECTION('',(0.E0,-1.E0,0.E0));
#1402=VECTOR('',#1401,1.E0);
#1403=CARTESIAN_POINT('',(-5.E-1,-1.4E0,-3.5E-1));
#1404=LINE('',#1403,#1402);
#1405=DIRECTION('',(0.E0,0.E0,-1.E0));
#1406=VECTOR('',#1405,2.5E0);
#1407=CARTESIAN_POINT('',(-5.E-1,-2.4E0,-3.5E-1));
#1408=LINE('',#1407,#1406);
#1409=DIRECTION('',(0.E0,0.E0,1.E0));
#1410=VECTOR('',#1409,2.5E0);
#1411=CARTESIAN_POINT('',(-5.E-1,2.8E0,-2.85E0));
#1412=LINE('',#1411,#1410);
#1413=DIRECTION('',(0.E0,-1.E0,0.E0));
#1414=VECTOR('',#1413,1.E0);
#1415=CARTESIAN_POINT('',(-5.E-1,2.8E0,-3.5E-1));
#1416=LINE('',#1415,#1414);
#1417=DIRECTION('',(0.E0,0.E0,-1.E0));
#1418=VECTOR('',#1417,2.5E0);
#1419=CARTESIAN_POINT('',(-5.E-1,1.8E0,-3.5E-1));
#1420=LINE('',#1419,#1418);
#1421=DIRECTION('',(0.E0,0.E0,1.E0));
#1422=VECTOR('',#1421,5.25E0);
#1423=CARTESIAN_POINT('',(5.E-1,-1.4E0,-1.195E1));
#1424=LINE('',#1423,#1422);
#1425=DIRECTION('',(0.E0,1.E0,0.E0));
#1426=VECTOR('',#1425,1.E0);
#1427=CARTESIAN_POINT('',(5.E-1,-2.4E0,-1.195E1));
#1428=LINE('',#1427,#1426);
#1429=DIRECTION('',(0.E0,0.E0,-1.E0));
#1430=VECTOR('',#1429,5.25E0);
#1431=CARTESIAN_POINT('',(5.E-1,-2.4E0,-6.7E0));
#1432=LINE('',#1431,#1430);
#1433=DIRECTION('',(0.E0,0.E0,1.E0));
#1434=VECTOR('',#1433,5.25E0);
#1435=CARTESIAN_POINT('',(5.E-1,2.8E0,-1.195E1));
#1436=LINE('',#1435,#1434);
#1437=DIRECTION('',(0.E0,1.E0,0.E0));
#1438=VECTOR('',#1437,1.E0);
#1439=CARTESIAN_POINT('',(5.E-1,1.8E0,-1.195E1));
#1440=LINE('',#1439,#1438);
#1441=DIRECTION('',(0.E0,0.E0,-1.E0));
#1442=VECTOR('',#1441,5.25E0);
#1443=CARTESIAN_POINT('',(5.E-1,1.8E0,-6.7E0));
#1444=LINE('',#1443,#1442);
#1445=DIRECTION('',(0.E0,0.E0,-1.E0));
#1446=VECTOR('',#1445,2.5E0);
#1447=CARTESIAN_POINT('',(5.E-1,-2.4E0,-3.5E-1));
#1448=LINE('',#1447,#1446);
#1449=DIRECTION('',(0.E0,-1.E0,0.E0));
#1450=VECTOR('',#1449,1.E0);
#1451=CARTESIAN_POINT('',(5.E-1,-1.4E0,-3.5E-1));
#1452=LINE('',#1451,#1450);
#1453=DIRECTION('',(0.E0,0.E0,1.E0));
#1454=VECTOR('',#1453,2.5E0);
#1455=CARTESIAN_POINT('',(5.E-1,-1.4E0,-2.85E0));
#1456=LINE('',#1455,#1454);
#1457=DIRECTION('',(0.E0,0.E0,-1.E0));
#1458=VECTOR('',#1457,2.5E0);
#1459=CARTESIAN_POINT('',(5.E-1,1.8E0,-3.5E-1));
#1460=LINE('',#1459,#1458);
#1461=DIRECTION('',(0.E0,-1.E0,0.E0));
#1462=VECTOR('',#1461,1.E0);
#1463=CARTESIAN_POINT('',(5.E-1,2.8E0,-3.5E-1));
#1464=LINE('',#1463,#1462);
#1465=DIRECTION('',(0.E0,0.E0,1.E0));
#1466=VECTOR('',#1465,2.5E0);
#1467=CARTESIAN_POINT('',(5.E-1,2.8E0,-2.85E0));
#1468=LINE('',#1467,#1466);
#1469=DIRECTION('',(1.E0,0.E0,0.E0));
#1470=VECTOR('',#1469,1.E0);
#1471=CARTESIAN_POINT('',(-5.E-1,-1.4E0,-1.195E1));
#1472=LINE('',#1471,#1470);
#1473=DIRECTION('',(1.E0,0.E0,0.E0));
#1474=VECTOR('',#1473,1.E0);
#1475=CARTESIAN_POINT('',(-5.E-1,-2.4E0,-1.195E1));
#1476=LINE('',#1475,#1474);
#1477=DIRECTION('',(1.E0,0.E0,0.E0));
#1478=VECTOR('',#1477,1.E0);
#1479=CARTESIAN_POINT('',(-5.E-1,2.8E0,-1.195E1));
#1480=LINE('',#1479,#1478);
#1481=DIRECTION('',(1.E0,0.E0,0.E0));
#1482=VECTOR('',#1481,1.E0);
#1483=CARTESIAN_POINT('',(-5.E-1,1.8E0,-1.195E1));
#1484=LINE('',#1483,#1482);
#1485=DIRECTION('',(1.E0,0.E0,0.E0));
#1486=VECTOR('',#1485,1.E0);
#1487=CARTESIAN_POINT('',(-5.E-1,-2.4E0,-3.5E-1));
#1488=LINE('',#1487,#1486);
#1489=DIRECTION('',(1.E0,0.E0,0.E0));
#1490=VECTOR('',#1489,1.E0);
#1491=CARTESIAN_POINT('',(-5.E-1,-1.4E0,-3.5E-1));
#1492=LINE('',#1491,#1490);
#1493=DIRECTION('',(1.E0,0.E0,0.E0));
#1494=VECTOR('',#1493,1.E0);
#1495=CARTESIAN_POINT('',(-5.E-1,1.8E0,-3.5E-1));
#1496=LINE('',#1495,#1494);
#1497=DIRECTION('',(1.E0,0.E0,0.E0));
#1498=VECTOR('',#1497,1.E0);
#1499=CARTESIAN_POINT('',(-5.E-1,2.8E0,-3.5E-1));
#1500=LINE('',#1499,#1498);
#1501=DIRECTION('',(0.E0,0.E0,-1.E0));
#1502=VECTOR('',#1501,5.25E0);
#1503=CARTESIAN_POINT('',(-4.7E0,-2.4E0,-6.7E0));
#1504=LINE('',#1503,#1502);
#1505=DIRECTION('',(0.E0,1.E0,0.E0));
#1506=VECTOR('',#1505,1.E0);
#1507=CARTESIAN_POINT('',(-4.7E0,-2.4E0,-1.195E1));
#1508=LINE('',#1507,#1506);
#1509=DIRECTION('',(0.E0,0.E0,1.E0));
#1510=VECTOR('',#1509,5.25E0);
#1511=CARTESIAN_POINT('',(-4.7E0,-1.4E0,-1.195E1));
#1512=LINE('',#1511,#1510);
#1513=DIRECTION('',(0.E0,0.E0,-1.E0));
#1514=VECTOR('',#1513,5.25E0);
#1515=CARTESIAN_POINT('',(-4.7E0,1.8E0,-6.7E0));
#1516=LINE('',#1515,#1514);
#1517=DIRECTION('',(0.E0,1.E0,0.E0));
#1518=VECTOR('',#1517,1.E0);
#1519=CARTESIAN_POINT('',(-4.7E0,1.8E0,-1.195E1));
#1520=LINE('',#1519,#1518);
#1521=DIRECTION('',(0.E0,0.E0,1.E0));
#1522=VECTOR('',#1521,5.25E0);
#1523=CARTESIAN_POINT('',(-4.7E0,2.8E0,-1.195E1));
#1524=LINE('',#1523,#1522);
#1525=DIRECTION('',(0.E0,0.E0,1.E0));
#1526=VECTOR('',#1525,2.5E0);
#1527=CARTESIAN_POINT('',(-4.7E0,-1.4E0,-2.85E0));
#1528=LINE('',#1527,#1526);
#1529=DIRECTION('',(0.E0,-1.E0,0.E0));
#1530=VECTOR('',#1529,1.E0);
#1531=CARTESIAN_POINT('',(-4.7E0,-1.4E0,-3.5E-1));
#1532=LINE('',#1531,#1530);
#1533=DIRECTION('',(0.E0,0.E0,-1.E0));
#1534=VECTOR('',#1533,2.5E0);
#1535=CARTESIAN_POINT('',(-4.7E0,-2.4E0,-3.5E-1));
#1536=LINE('',#1535,#1534);
#1537=DIRECTION('',(0.E0,0.E0,1.E0));
#1538=VECTOR('',#1537,2.5E0);
#1539=CARTESIAN_POINT('',(-4.7E0,2.8E0,-2.85E0));
#1540=LINE('',#1539,#1538);
#1541=DIRECTION('',(0.E0,-1.E0,0.E0));
#1542=VECTOR('',#1541,1.E0);
#1543=CARTESIAN_POINT('',(-4.7E0,2.8E0,-3.5E-1));
#1544=LINE('',#1543,#1542);
#1545=DIRECTION('',(0.E0,0.E0,-1.E0));
#1546=VECTOR('',#1545,2.5E0);
#1547=CARTESIAN_POINT('',(-4.7E0,1.8E0,-3.5E-1));
#1548=LINE('',#1547,#1546);
#1549=DIRECTION('',(0.E0,0.E0,1.E0));
#1550=VECTOR('',#1549,5.25E0);
#1551=CARTESIAN_POINT('',(-3.7E0,-1.4E0,-1.195E1));
#1552=LINE('',#1551,#1550);
#1553=DIRECTION('',(0.E0,1.E0,0.E0));
#1554=VECTOR('',#1553,1.E0);
#1555=CARTESIAN_POINT('',(-3.7E0,-2.4E0,-1.195E1));
#1556=LINE('',#1555,#1554);
#1557=DIRECTION('',(0.E0,0.E0,-1.E0));
#1558=VECTOR('',#1557,5.25E0);
#1559=CARTESIAN_POINT('',(-3.7E0,-2.4E0,-6.7E0));
#1560=LINE('',#1559,#1558);
#1561=DIRECTION('',(0.E0,0.E0,1.E0));
#1562=VECTOR('',#1561,5.25E0);
#1563=CARTESIAN_POINT('',(-3.7E0,2.8E0,-1.195E1));
#1564=LINE('',#1563,#1562);
#1565=DIRECTION('',(0.E0,1.E0,0.E0));
#1566=VECTOR('',#1565,1.E0);
#1567=CARTESIAN_POINT('',(-3.7E0,1.8E0,-1.195E1));
#1568=LINE('',#1567,#1566);
#1569=DIRECTION('',(0.E0,0.E0,-1.E0));
#1570=VECTOR('',#1569,5.25E0);
#1571=CARTESIAN_POINT('',(-3.7E0,1.8E0,-6.7E0));
#1572=LINE('',#1571,#1570);
#1573=DIRECTION('',(0.E0,0.E0,-1.E0));
#1574=VECTOR('',#1573,2.5E0);
#1575=CARTESIAN_POINT('',(-3.7E0,-2.4E0,-3.5E-1));
#1576=LINE('',#1575,#1574);
#1577=DIRECTION('',(0.E0,-1.E0,0.E0));
#1578=VECTOR('',#1577,1.E0);
#1579=CARTESIAN_POINT('',(-3.7E0,-1.4E0,-3.5E-1));
#1580=LINE('',#1579,#1578);
#1581=DIRECTION('',(0.E0,0.E0,1.E0));
#1582=VECTOR('',#1581,2.5E0);
#1583=CARTESIAN_POINT('',(-3.7E0,-1.4E0,-2.85E0));
#1584=LINE('',#1583,#1582);
#1585=DIRECTION('',(0.E0,0.E0,-1.E0));
#1586=VECTOR('',#1585,2.5E0);
#1587=CARTESIAN_POINT('',(-3.7E0,1.8E0,-3.5E-1));
#1588=LINE('',#1587,#1586);
#1589=DIRECTION('',(0.E0,-1.E0,0.E0));
#1590=VECTOR('',#1589,1.E0);
#1591=CARTESIAN_POINT('',(-3.7E0,2.8E0,-3.5E-1));
#1592=LINE('',#1591,#1590);
#1593=DIRECTION('',(0.E0,0.E0,1.E0));
#1594=VECTOR('',#1593,2.5E0);
#1595=CARTESIAN_POINT('',(-3.7E0,2.8E0,-2.85E0));
#1596=LINE('',#1595,#1594);
#1597=DIRECTION('',(1.E0,0.E0,0.E0));
#1598=VECTOR('',#1597,1.E0);
#1599=CARTESIAN_POINT('',(-4.7E0,-1.4E0,-1.195E1));
#1600=LINE('',#1599,#1598);
#1601=DIRECTION('',(1.E0,0.E0,0.E0));
#1602=VECTOR('',#1601,1.E0);
#1603=CARTESIAN_POINT('',(-4.7E0,-2.4E0,-1.195E1));
#1604=LINE('',#1603,#1602);
#1605=DIRECTION('',(1.E0,0.E0,0.E0));
#1606=VECTOR('',#1605,1.E0);
#1607=CARTESIAN_POINT('',(-4.7E0,2.8E0,-1.195E1));
#1608=LINE('',#1607,#1606);
#1609=DIRECTION('',(1.E0,0.E0,0.E0));
#1610=VECTOR('',#1609,1.E0);
#1611=CARTESIAN_POINT('',(-4.7E0,1.8E0,-1.195E1));
#1612=LINE('',#1611,#1610);
#1613=DIRECTION('',(1.E0,0.E0,0.E0));
#1614=VECTOR('',#1613,1.E0);
#1615=CARTESIAN_POINT('',(-4.7E0,-2.4E0,-3.5E-1));
#1616=LINE('',#1615,#1614);
#1617=DIRECTION('',(1.E0,0.E0,0.E0));
#1618=VECTOR('',#1617,1.E0);
#1619=CARTESIAN_POINT('',(-4.7E0,-1.4E0,-3.5E-1));
#1620=LINE('',#1619,#1618);
#1621=DIRECTION('',(1.E0,0.E0,0.E0));
#1622=VECTOR('',#1621,1.E0);
#1623=CARTESIAN_POINT('',(-4.7E0,1.8E0,-3.5E-1));
#1624=LINE('',#1623,#1622);
#1625=DIRECTION('',(1.E0,0.E0,0.E0));
#1626=VECTOR('',#1625,1.E0);
#1627=CARTESIAN_POINT('',(-4.7E0,2.8E0,-3.5E-1));
#1628=LINE('',#1627,#1626);
#1629=DIRECTION('',(0.E0,0.E0,-1.E0));
#1630=VECTOR('',#1629,3.85E0);
#1631=CARTESIAN_POINT('',(-2.8E0,4.E0,-2.85E0));
#1632=LINE('',#1631,#1630);
#1633=DIRECTION('',(0.E0,0.E0,-1.E0));
#1634=VECTOR('',#1633,3.85E0);
#1635=CARTESIAN_POINT('',(-2.8E0,2.65E0,-2.85E0));
#1636=LINE('',#1635,#1634);
#1637=DIRECTION('',(0.E0,0.E0,-1.E0));
#1638=VECTOR('',#1637,1.065E1);
#1639=CARTESIAN_POINT('',(-2.3E0,4.E-1,3.95E0));
#1640=LINE('',#1639,#1638);
#1641=DIRECTION('',(0.E0,0.E0,-1.E0));
#1642=VECTOR('',#1641,3.85E0);
#1643=CARTESIAN_POINT('',(-2.3E0,2.65E0,-2.85E0));
#1644=LINE('',#1643,#1642);
#1645=DIRECTION('',(0.E0,0.E0,1.E0));
#1646=VECTOR('',#1645,1.065E1);
#1647=CARTESIAN_POINT('',(-2.3E0,4.E0,-6.7E0));
#1648=LINE('',#1647,#1646);
#1649=DIRECTION('',(0.E0,0.E0,-1.E0));
#1650=VECTOR('',#1649,3.85E0);
#1651=CARTESIAN_POINT('',(-2.8E0,4.E-1,-2.85E0));
#1652=LINE('',#1651,#1650);
#1653=DIRECTION('',(0.E0,0.E0,-1.E0));
#1654=VECTOR('',#1653,6.8E0);
#1655=CARTESIAN_POINT('',(-6.1E0,4.E-1,3.95E0));
#1656=LINE('',#1655,#1654);
#1657=DIRECTION('',(0.E0,0.E0,-1.E0));
#1658=VECTOR('',#1657,3.85E0);
#1659=CARTESIAN_POINT('',(-2.8E0,2.15E0,-2.85E0));
#1660=LINE('',#1659,#1658);
#1661=DIRECTION('',(0.E0,0.E0,-1.E0));
#1662=VECTOR('',#1661,3.85E0);
#1663=CARTESIAN_POINT('',(-2.3E0,2.15E0,-2.85E0));
#1664=LINE('',#1663,#1662);
#1665=DIRECTION('',(0.E0,-1.E0,0.E0));
#1666=VECTOR('',#1665,3.6E0);
#1667=CARTESIAN_POINT('',(-1.9E0,4.E0,3.95E0));
#1668=LINE('',#1667,#1666);
#1669=DIRECTION('',(1.E0,0.E0,0.E0));
#1670=VECTOR('',#1669,3.8E0);
#1671=CARTESIAN_POINT('',(-1.9E0,4.E-1,3.95E0));
#1672=LINE('',#1671,#1670);
#1673=DIRECTION('',(0.E0,-1.E0,0.E0));
#1674=VECTOR('',#1673,3.6E0);
#1675=CARTESIAN_POINT('',(1.9E0,4.E0,3.95E0));
#1676=LINE('',#1675,#1674);
#1677=DIRECTION('',(-1.E0,0.E0,0.E0));
#1678=VECTOR('',#1677,4.E-1);
#1679=CARTESIAN_POINT('',(2.3E0,4.E0,3.95E0));
#1680=LINE('',#1679,#1678);
#1681=DIRECTION('',(0.E0,-1.E0,0.E0));
#1682=VECTOR('',#1681,2.6E0);
#1683=CARTESIAN_POINT('',(2.3E0,4.E0,3.95E0));
#1684=LINE('',#1683,#1682);
#1685=DIRECTION('',(7.071067811865E-1,-7.071067811866E-1,0.E0));
#1686=VECTOR('',#1685,1.414213562373E0);
#1687=CARTESIAN_POINT('',(2.3E0,1.4E0,3.95E0));
#1688=LINE('',#1687,#1686);
#1689=DIRECTION('',(-1.E0,0.E0,0.E0));
#1690=VECTOR('',#1689,1.8E0);
#1691=CARTESIAN_POINT('',(5.1E0,4.E-1,3.95E0));
#1692=LINE('',#1691,#1690);
#1693=DIRECTION('',(7.071067811866E-1,7.071067811865E-1,0.E0));
#1694=VECTOR('',#1693,1.414213562373E0);
#1695=CARTESIAN_POINT('',(5.1E0,4.E-1,3.95E0));
#1696=LINE('',#1695,#1694);
#1697=DIRECTION('',(0.E0,1.E0,0.E0));
#1698=VECTOR('',#1697,1.8E0);
#1699=CARTESIAN_POINT('',(6.1E0,-4.E-1,3.95E0));
#1700=LINE('',#1699,#1698);
#1701=DIRECTION('',(-1.E0,0.E0,0.E0));
#1702=VECTOR('',#1701,3.8E0);
#1703=CARTESIAN_POINT('',(6.1E0,-4.E-1,3.95E0));
#1704=LINE('',#1703,#1702);
#1705=DIRECTION('',(0.E0,-1.E0,0.E0));
#1706=VECTOR('',#1705,3.6E0);
#1707=CARTESIAN_POINT('',(2.3E0,-4.E-1,3.95E0));
#1708=LINE('',#1707,#1706);
#1709=DIRECTION('',(1.E0,0.E0,0.E0));
#1710=VECTOR('',#1709,1.4E0);
#1711=CARTESIAN_POINT('',(9.E-1,-4.E0,3.95E0));
#1712=LINE('',#1711,#1710);
#1713=DIRECTION('',(7.071067811865E-1,7.071067811865E-1,0.E0));
#1714=VECTOR('',#1713,1.414213562373E0);
#1715=CARTESIAN_POINT('',(9.E-1,-4.E0,3.95E0));
#1716=LINE('',#1715,#1714);
#1717=DIRECTION('',(0.E0,1.E0,0.E0));
#1718=VECTOR('',#1717,2.6E0);
#1719=CARTESIAN_POINT('',(1.9E0,-3.E0,3.95E0));
#1720=LINE('',#1719,#1718);
#1721=DIRECTION('',(-1.E0,0.E0,0.E0));
#1722=VECTOR('',#1721,3.8E0);
#1723=CARTESIAN_POINT('',(1.9E0,-4.E-1,3.95E0));
#1724=LINE('',#1723,#1722);
#1725=DIRECTION('',(0.E0,-1.E0,0.E0));
#1726=VECTOR('',#1725,2.6E0);
#1727=CARTESIAN_POINT('',(-1.9E0,-4.E-1,3.95E0));
#1728=LINE('',#1727,#1726);
#1729=DIRECTION('',(7.071067811865E-1,-7.071067811865E-1,0.E0));
#1730=VECTOR('',#1729,1.414213562373E0);
#1731=CARTESIAN_POINT('',(-1.9E0,-3.E0,3.95E0));
#1732=LINE('',#1731,#1730);
#1733=DIRECTION('',(1.E0,0.E0,0.E0));
#1734=VECTOR('',#1733,2.4E0);
#1735=CARTESIAN_POINT('',(-3.3E0,-4.E0,3.95E0));
#1736=LINE('',#1735,#1734);
#1737=DIRECTION('',(7.071067811865E-1,7.071067811865E-1,0.E0));
#1738=VECTOR('',#1737,1.414213562373E0);
#1739=CARTESIAN_POINT('',(-3.3E0,-4.E0,3.95E0));
#1740=LINE('',#1739,#1738);
#1741=DIRECTION('',(0.E0,1.E0,0.E0));
#1742=VECTOR('',#1741,2.6E0);
#1743=CARTESIAN_POINT('',(-2.3E0,-3.E0,3.95E0));
#1744=LINE('',#1743,#1742);
#1745=DIRECTION('',(-1.E0,0.E0,0.E0));
#1746=VECTOR('',#1745,3.8E0);
#1747=CARTESIAN_POINT('',(-2.3E0,-4.E-1,3.95E0));
#1748=LINE('',#1747,#1746);
#1749=DIRECTION('',(0.E0,-1.E0,0.E0));
#1750=VECTOR('',#1749,8.E-1);
#1751=CARTESIAN_POINT('',(-6.1E0,4.E-1,3.95E0));
#1752=LINE('',#1751,#1750);
#1753=DIRECTION('',(1.E0,0.E0,0.E0));
#1754=VECTOR('',#1753,3.8E0);
#1755=CARTESIAN_POINT('',(-6.1E0,4.E-1,3.95E0));
#1756=LINE('',#1755,#1754);
#1757=DIRECTION('',(0.E0,-1.E0,0.E0));
#1758=VECTOR('',#1757,3.6E0);
#1759=CARTESIAN_POINT('',(-2.3E0,4.E0,3.95E0));
#1760=LINE('',#1759,#1758);
#1761=DIRECTION('',(-1.E0,0.E0,0.E0));
#1762=VECTOR('',#1761,4.E-1);
#1763=CARTESIAN_POINT('',(-1.9E0,4.E0,3.95E0));
#1764=LINE('',#1763,#1762);
#1765=DIRECTION('',(7.071067811865E-1,-7.071067811865E-1,0.E0));
#1766=VECTOR('',#1765,1.414213562373E0);
#1767=CARTESIAN_POINT('',(-6.1E0,-3.E0,3.95E0));
#1768=LINE('',#1767,#1766);
#1769=DIRECTION('',(1.E0,0.E0,0.E0));
#1770=VECTOR('',#1769,1.E0);
#1771=CARTESIAN_POINT('',(-6.1E0,-4.E0,3.95E0));
#1772=LINE('',#1771,#1770);
#1773=DIRECTION('',(0.E0,-1.E0,0.E0));
#1774=VECTOR('',#1773,1.E0);
#1775=CARTESIAN_POINT('',(-6.1E0,-3.E0,3.95E0));
#1776=LINE('',#1775,#1774);
#1777=DIRECTION('',(0.E0,0.E0,-1.E0));
#1778=VECTOR('',#1777,3.85E0);
#1779=CARTESIAN_POINT('',(-1.9E0,2.2E0,-2.85E0));
#1780=LINE('',#1779,#1778);
#1781=DIRECTION('',(0.E0,0.E0,-1.E0));
#1782=VECTOR('',#1781,3.85E0);
#1783=CARTESIAN_POINT('',(-1.4E0,2.2E0,-2.85E0));
#1784=LINE('',#1783,#1782);
#1785=DIRECTION('',(0.E0,0.E0,-1.E0));
#1786=VECTOR('',#1785,3.85E0);
#1787=CARTESIAN_POINT('',(-1.4E0,8.E-1,-2.85E0));
#1788=LINE('',#1787,#1786);
#1789=DIRECTION('',(0.E0,0.E0,-1.E0));
#1790=VECTOR('',#1789,3.85E0);
#1791=CARTESIAN_POINT('',(-1.9E0,1.3E0,-2.85E0));
#1792=LINE('',#1791,#1790);
#1793=DIRECTION('',(0.E0,0.E0,-1.E0));
#1794=VECTOR('',#1793,6.8E0);
#1795=CARTESIAN_POINT('',(-1.9E0,4.E-1,3.95E0));
#1796=LINE('',#1795,#1794);
#1797=DIRECTION('',(0.E0,0.E0,-1.E0));
#1798=VECTOR('',#1797,6.8E0);
#1799=CARTESIAN_POINT('',(1.9E0,4.E-1,3.95E0));
#1800=LINE('',#1799,#1798);
#1801=DIRECTION('',(0.E0,0.E0,-1.E0));
#1802=VECTOR('',#1801,3.85E0);
#1803=CARTESIAN_POINT('',(-1.9E0,2.7E0,-2.85E0));
#1804=LINE('',#1803,#1802);
#1805=DIRECTION('',(0.E0,0.E0,-1.E0));
#1806=VECTOR('',#1805,3.85E0);
#1807=CARTESIAN_POINT('',(-1.4E0,2.7E0,-2.85E0));
#1808=LINE('',#1807,#1806);
#1809=DIRECTION('',(0.E0,0.E0,-1.E0));
#1810=VECTOR('',#1809,3.85E0);
#1811=CARTESIAN_POINT('',(2.3E0,2.15E0,-2.85E0));
#1812=LINE('',#1811,#1810);
#1813=DIRECTION('',(0.E0,0.E0,-1.E0));
#1814=VECTOR('',#1813,1.065E1);
#1815=CARTESIAN_POINT('',(2.3E0,4.E0,3.95E0));
#1816=LINE('',#1815,#1814);
#1817=DIRECTION('',(0.E0,0.E0,-1.E0));
#1818=VECTOR('',#1817,3.85E0);
#1819=CARTESIAN_POINT('',(2.8E0,2.15E0,-2.85E0));
#1820=LINE('',#1819,#1818);
#1821=DIRECTION('',(0.E0,0.E0,-1.E0));
#1822=VECTOR('',#1821,7.65E0);
#1823=CARTESIAN_POINT('',(2.8E0,4.E-1,9.5E-1));
#1824=LINE('',#1823,#1822);
#1825=DIRECTION('',(0.E0,0.E0,-1.E0));
#1826=VECTOR('',#1825,3.E0);
#1827=CARTESIAN_POINT('',(2.3E0,1.4E0,3.95E0));
#1828=LINE('',#1827,#1826);
#1829=DIRECTION('',(7.071067811865E-1,-7.071067811865E-1,0.E0));
#1830=VECTOR('',#1829,7.071067811866E-1);
#1831=CARTESIAN_POINT('',(2.3E0,1.4E0,9.5E-1));
#1832=LINE('',#1831,#1830);
#1833=DIRECTION('',(0.E0,0.E0,1.E0));
#1834=VECTOR('',#1833,3.8E0);
#1835=CARTESIAN_POINT('',(2.8E0,9.E-1,-2.85E0));
#1836=LINE('',#1835,#1834);
#1837=DIRECTION('',(0.E0,0.E0,-1.E0));
#1838=VECTOR('',#1837,6.8E0);
#1839=CARTESIAN_POINT('',(3.3E0,4.E-1,3.95E0));
#1840=LINE('',#1839,#1838);
#1841=DIRECTION('',(0.E0,0.E0,-1.E0));
#1842=VECTOR('',#1841,6.8E0);
#1843=CARTESIAN_POINT('',(5.1E0,4.E-1,3.95E0));
#1844=LINE('',#1843,#1842);
#1845=DIRECTION('',(0.E0,0.E0,-1.E0));
#1846=VECTOR('',#1845,6.8E0);
#1847=CARTESIAN_POINT('',(6.1E0,1.4E0,3.95E0));
#1848=LINE('',#1847,#1846);
#1849=DIRECTION('',(0.E0,-1.E0,0.E0));
#1850=VECTOR('',#1849,3.E0);
#1851=CARTESIAN_POINT('',(6.1E0,4.E0,4.95E0));
#1852=LINE('',#1851,#1850);
#1853=DIRECTION('',(0.E0,0.E0,1.E0));
#1854=VECTOR('',#1853,7.8E0);
#1855=CARTESIAN_POINT('',(6.1E0,-4.E0,-2.85E0));
#1856=LINE('',#1855,#1854);
#1857=DIRECTION('',(0.E0,0.E0,1.E0));
#1858=VECTOR('',#1857,1.E0);
#1859=CARTESIAN_POINT('',(-6.1E0,-4.E0,3.95E0));
#1860=LINE('',#1859,#1858);
#1861=DIRECTION('',(0.E0,0.E0,-1.E0));
#1862=VECTOR('',#1861,6.8E0);
#1863=CARTESIAN_POINT('',(-5.1E0,-4.E0,3.95E0));
#1864=LINE('',#1863,#1862);
#1865=DIRECTION('',(0.E0,0.E0,-1.E0));
#1866=VECTOR('',#1865,6.8E0);
#1867=CARTESIAN_POINT('',(-9.E-1,-4.E0,3.95E0));
#1868=LINE('',#1867,#1866);
#1869=DIRECTION('',(0.E0,0.E0,-1.E0));
#1870=VECTOR('',#1869,3.85E0);
#1871=CARTESIAN_POINT('',(2.3E0,-2.E0,-2.85E0));
#1872=LINE('',#1871,#1870);
#1873=DIRECTION('',(0.E0,0.E0,1.E0));
#1874=VECTOR('',#1873,1.065E1);
#1875=CARTESIAN_POINT('',(2.3E0,-4.E0,-6.7E0));
#1876=LINE('',#1875,#1874);
#1877=DIRECTION('',(0.E0,0.E0,-1.E0));
#1878=VECTOR('',#1877,1.065E1);
#1879=CARTESIAN_POINT('',(2.3E0,-4.E-1,3.95E0));
#1880=LINE('',#1879,#1878);
#1881=DIRECTION('',(0.E0,0.E0,-1.E0));
#1882=VECTOR('',#1881,3.85E0);
#1883=CARTESIAN_POINT('',(2.8E0,-2.E0,-2.85E0));
#1884=LINE('',#1883,#1882);
#1885=DIRECTION('',(0.E0,0.E0,-1.E0));
#1886=VECTOR('',#1885,3.85E0);
#1887=CARTESIAN_POINT('',(2.8E0,-4.E0,-2.85E0));
#1888=LINE('',#1887,#1886);
#1889=DIRECTION('',(0.E0,0.E0,-1.E0));
#1890=VECTOR('',#1889,3.85E0);
#1891=CARTESIAN_POINT('',(2.8E0,-4.E-1,-2.85E0));
#1892=LINE('',#1891,#1890);
#1893=DIRECTION('',(0.E0,0.E0,-1.E0));
#1894=VECTOR('',#1893,6.8E0);
#1895=CARTESIAN_POINT('',(6.1E0,-4.E-1,3.95E0));
#1896=LINE('',#1895,#1894);
#1897=DIRECTION('',(0.E0,0.E0,-1.E0));
#1898=VECTOR('',#1897,3.85E0);
#1899=CARTESIAN_POINT('',(2.8E0,-1.5E0,-2.85E0));
#1900=LINE('',#1899,#1898);
#1901=DIRECTION('',(0.E0,0.E0,-1.E0));
#1902=VECTOR('',#1901,3.85E0);
#1903=CARTESIAN_POINT('',(2.3E0,-1.5E0,-2.85E0));
#1904=LINE('',#1903,#1902);
#1905=DIRECTION('',(-5.606421918308E-1,-5.606421918308E-1,6.093936867726E-1));
#1906=VECTOR('',#1905,4.102438299353E0);
#1907=CARTESIAN_POINT('',(-6.1E0,-4.E0,4.95E0));
#1908=LINE('',#1907,#1906);
#1909=DIRECTION('',(1.E0,0.E0,0.E0));
#1910=VECTOR('',#1909,1.22E1);
#1911=CARTESIAN_POINT('',(-6.1E0,-4.E0,4.95E0));
#1912=LINE('',#1911,#1910);
#1913=DIRECTION('',(1.E0,0.E0,0.E0));
#1914=VECTOR('',#1913,1.2E0);
#1915=CARTESIAN_POINT('',(-9.6E0,4.E0,7.45E0));
#1916=LINE('',#1915,#1914);
#1917=DIRECTION('',(0.E0,-1.E0,0.E0));
#1918=VECTOR('',#1917,2.3E0);
#1919=CARTESIAN_POINT('',(-8.4E0,6.3E0,7.45E0));
#1920=LINE('',#1919,#1918);
#1921=DIRECTION('',(1.E0,0.E0,0.E0));
#1922=VECTOR('',#1921,1.2E0);
#1923=CARTESIAN_POINT('',(-9.6E0,1.E0,7.45E0));
#1924=LINE('',#1923,#1922);
#1925=DIRECTION('',(0.E0,-1.E0,0.E0));
#1926=VECTOR('',#1925,7.3E0);
#1927=CARTESIAN_POINT('',(-8.4E0,1.E0,7.45E0));
#1928=LINE('',#1927,#1926);
#1929=DIRECTION('',(1.E0,0.E0,0.E0));
#1930=VECTOR('',#1929,1.68E1);
#1931=CARTESIAN_POINT('',(-8.4E0,-6.3E0,7.45E0));
#1932=LINE('',#1931,#1930);
#1933=DIRECTION('',(0.E0,1.E0,0.E0));
#1934=VECTOR('',#1933,7.3E0);
#1935=CARTESIAN_POINT('',(8.4E0,-6.3E0,7.45E0));
#1936=LINE('',#1935,#1934);
#1937=DIRECTION('',(1.E0,0.E0,0.E0));
#1938=VECTOR('',#1937,1.2E0);
#1939=CARTESIAN_POINT('',(8.4E0,1.E0,7.45E0));
#1940=LINE('',#1939,#1938);
#1941=DIRECTION('',(1.E0,0.E0,0.E0));
#1942=VECTOR('',#1941,1.2E0);
#1943=CARTESIAN_POINT('',(8.4E0,4.E0,7.45E0));
#1944=LINE('',#1943,#1942);
#1945=DIRECTION('',(0.E0,1.E0,0.E0));
#1946=VECTOR('',#1945,2.3E0);
#1947=CARTESIAN_POINT('',(8.4E0,4.E0,7.45E0));
#1948=LINE('',#1947,#1946);
#1949=DIRECTION('',(-1.E0,0.E0,0.E0));
#1950=VECTOR('',#1949,3.4E0);
#1951=CARTESIAN_POINT('',(8.4E0,6.3E0,7.45E0));
#1952=LINE('',#1951,#1950);
#1953=DIRECTION('',(8.788171126620E-1,0.E0,-4.771587602596E-1));
#1954=VECTOR('',#1953,2.619673165636E0);
#1955=CARTESIAN_POINT('',(-8.402213607542E0,4.E0,6.2E0));
#1956=LINE('',#1955,#1954);
#1957=DIRECTION('',(1.E0,0.E0,0.E0));
#1958=VECTOR('',#1957,1.197786392458E0);
#1959=CARTESIAN_POINT('',(-9.6E0,4.E0,6.2E0));
#1960=LINE('',#1959,#1958);
#1961=DIRECTION('',(1.E0,0.E0,0.E0));
#1962=VECTOR('',#1961,1.197786392458E0);
#1963=CARTESIAN_POINT('',(8.402213607542E0,4.E0,6.2E0));
#1964=LINE('',#1963,#1962);
#1965=DIRECTION('',(8.788171126620E-1,0.E0,4.771587602596E-1));
#1966=VECTOR('',#1965,2.619673165636E0);
#1967=CARTESIAN_POINT('',(6.1E0,4.E0,4.95E0));
#1968=LINE('',#1967,#1966);
#1969=DIRECTION('',(-6.770565308209E-1,0.E0,7.359310117618E-1));
#1970=VECTOR('',#1969,3.397057550293E0);
#1971=CARTESIAN_POINT('',(-6.1E0,4.E0,4.95E0));
#1972=LINE('',#1971,#1970);
#1973=DIRECTION('',(-5.606421918308E-1,5.606421918308E-1,6.093936867726E-1));
#1974=VECTOR('',#1973,4.102438299353E0);
#1975=CARTESIAN_POINT('',(-6.1E0,4.E0,4.95E0));
#1976=LINE('',#1975,#1974);
#1977=DIRECTION('',(-6.770565308209E-1,0.E0,7.359310117618E-1));
#1978=VECTOR('',#1977,3.397057550293E0);
#1979=CARTESIAN_POINT('',(-6.1E0,1.E0,4.95E0));
#1980=LINE('',#1979,#1978);
#1981=DIRECTION('',(0.E0,-1.E0,0.E0));
#1982=VECTOR('',#1981,5.E0);
#1983=CARTESIAN_POINT('',(-6.1E0,1.E0,4.95E0));
#1984=LINE('',#1983,#1982);
#1985=DIRECTION('',(1.E0,0.E0,0.E0));
#1986=VECTOR('',#1985,3.4E0);
#1987=CARTESIAN_POINT('',(-8.4E0,6.3E0,7.45E0));
#1988=LINE('',#1987,#1986);
#1989=DIRECTION('',(1.E0,0.E0,0.E0));
#1990=VECTOR('',#1989,1.E1);
#1991=CARTESIAN_POINT('',(-5.E0,4.5E0,5.493478260870E0));
#1992=LINE('',#1991,#1990);
#1993=DIRECTION('',(5.606421918308E-1,5.606421918308E-1,6.093936867726E-1));
#1994=VECTOR('',#1993,4.102438299353E0);
#1995=CARTESIAN_POINT('',(6.1E0,4.E0,4.95E0));
#1996=LINE('',#1995,#1994);
#1997=DIRECTION('',(-1.E0,0.E0,0.E0));
#1998=VECTOR('',#1997,1.22E1);
#1999=CARTESIAN_POINT('',(6.1E0,4.E0,4.95E0));
#2000=LINE('',#1999,#1998);
#2001=DIRECTION('',(0.E0,0.E0,1.E0));
#2002=VECTOR('',#2001,4.043478260870E0);
#2003=CARTESIAN_POINT('',(-5.E0,5.E0,1.45E0));
#2004=LINE('',#2003,#2002);
#2005=DIRECTION('',(0.E0,1.E0,0.E0));
#2006=VECTOR('',#2005,5.E-1);
#2007=CARTESIAN_POINT('',(-5.E0,4.5E0,5.493478260870E0));
#2008=LINE('',#2007,#2006);
#2009=DIRECTION('',(0.E0,-6.770565308209E-1,-7.359310117618E-1));
#2010=VECTOR('',#2009,2.658566778490E0);
#2011=CARTESIAN_POINT('',(-5.E0,6.3E0,7.45E0));
#2012=LINE('',#2011,#2010);
#2013=DIRECTION('',(0.E0,-1.E0,0.E0));
#2014=VECTOR('',#2013,1.2E0);
#2015=CARTESIAN_POINT('',(-5.E0,7.5E0,7.45E0));
#2016=LINE('',#2015,#2014);
#2017=DIRECTION('',(0.E0,0.E0,1.E0));
#2018=VECTOR('',#2017,6.E0);
#2019=CARTESIAN_POINT('',(-5.E0,7.5E0,1.45E0));
#2020=LINE('',#2019,#2018);
#2021=DIRECTION('',(0.E0,1.E0,0.E0));
#2022=VECTOR('',#2021,2.5E0);
#2023=CARTESIAN_POINT('',(-5.E0,5.E0,1.45E0));
#2024=LINE('',#2023,#2022);
#2025=DIRECTION('',(1.E0,0.E0,0.E0));
#2026=VECTOR('',#2025,1.E1);
#2027=CARTESIAN_POINT('',(-5.E0,5.E0,5.493478260870E0));
#2028=LINE('',#2027,#2026);
#2029=DIRECTION('',(1.E0,0.E0,0.E0));
#2030=VECTOR('',#2029,1.2E1);
#2031=CARTESIAN_POINT('',(-6.E0,5.E0,-5.05E0));
#2032=LINE('',#2031,#2030);
#2033=DIRECTION('',(0.E0,-1.E0,0.E0));
#2034=VECTOR('',#2033,7.5E-1);
#2035=CARTESIAN_POINT('',(-6.E0,5.75E0,-5.05E0));
#2036=LINE('',#2035,#2034);
#2037=DIRECTION('',(0.E0,1.E0,0.E0));
#2038=VECTOR('',#2037,7.5E-1);
#2039=CARTESIAN_POINT('',(6.E0,5.E0,-5.05E0));
#2040=LINE('',#2039,#2038);
#2041=DIRECTION('',(0.E0,0.E0,1.E0));
#2042=VECTOR('',#2041,6.5E0);
#2043=CARTESIAN_POINT('',(-6.E0,5.E0,-5.05E0));
#2044=LINE('',#2043,#2042);
#2045=DIRECTION('',(0.E0,1.E0,0.E0));
#2046=VECTOR('',#2045,7.5E-1);
#2047=CARTESIAN_POINT('',(-6.E0,5.E0,1.45E0));
#2048=LINE('',#2047,#2046);
#2049=DIRECTION('',(1.E0,0.E0,0.E0));
#2050=VECTOR('',#2049,1.E0);
#2051=CARTESIAN_POINT('',(-6.E0,5.E0,1.45E0));
#2052=LINE('',#2051,#2050);
#2053=DIRECTION('',(1.E0,0.E0,0.E0));
#2054=VECTOR('',#2053,3.6E0);
#2055=CARTESIAN_POINT('',(-9.6E0,7.5E0,6.45E0));
#2056=LINE('',#2055,#2054);
#2057=DIRECTION('',(1.E0,0.E0,0.E0));
#2058=VECTOR('',#2057,1.E0);
#2059=CARTESIAN_POINT('',(-6.E0,7.5E0,1.45E0));
#2060=LINE('',#2059,#2058);
#2061=DIRECTION('',(-1.E0,0.E0,0.E0));
#2062=VECTOR('',#2061,4.6E0);
#2063=CARTESIAN_POINT('',(-5.E0,7.5E0,7.45E0));
#2064=LINE('',#2063,#2062);
#2065=DIRECTION('',(-1.E0,0.E0,0.E0));
#2066=VECTOR('',#2065,4.6E0);
#2067=CARTESIAN_POINT('',(9.6E0,7.5E0,7.45E0));
#2068=LINE('',#2067,#2066);
#2069=DIRECTION('',(1.E0,0.E0,0.E0));
#2070=VECTOR('',#2069,3.6E0);
#2071=CARTESIAN_POINT('',(6.E0,7.5E0,6.45E0));
#2072=LINE('',#2071,#2070);
#2073=DIRECTION('',(6.081204024113E-1,5.102736053747E-1,6.081204024113E-1));
#2074=VECTOR('',#2073,3.429532669468E0);
#2075=CARTESIAN_POINT('',(7.514431212960E0,5.75E0,4.364431212960E0));
#2076=LINE('',#2075,#2074);
#2077=DIRECTION('',(0.E0,6.427876096865E-1,7.660444431190E-1));
#2078=VECTOR('',#2077,2.722516697006E0);
#2079=CARTESIAN_POINT('',(6.E0,5.75E0,4.364431212960E0));
#2080=LINE('',#2079,#2078);
#2081=DIRECTION('',(1.E0,0.E0,0.E0));
#2082=VECTOR('',#2081,1.514431212960E0);
#2083=CARTESIAN_POINT('',(6.E0,5.75E0,4.364431212960E0));
#2084=LINE('',#2083,#2082);
#2085=DIRECTION('',(6.081204024113E-1,-5.102736053747E-1,-6.081204024113E-1));
#2086=VECTOR('',#2085,3.429532669468E0);
#2087=CARTESIAN_POINT('',(-9.6E0,7.5E0,6.45E0));
#2088=LINE('',#2087,#2086);
#2089=DIRECTION('',(1.E0,0.E0,0.E0));
#2090=VECTOR('',#2089,1.514431212960E0);
#2091=CARTESIAN_POINT('',(-7.514431212960E0,5.75E0,4.364431212960E0));
#2092=LINE('',#2091,#2090);
#2093=DIRECTION('',(0.E0,6.427876096865E-1,7.660444431190E-1));
#2094=VECTOR('',#2093,2.722516697006E0);
#2095=CARTESIAN_POINT('',(-6.E0,5.75E0,4.364431212960E0));
#2096=LINE('',#2095,#2094);
#2097=DIRECTION('',(0.E0,1.E0,0.E0));
#2098=VECTOR('',#2097,1.75E0);
#2099=CARTESIAN_POINT('',(9.6E0,4.E0,6.2E0));
#2100=LINE('',#2099,#2098);
#2101=DIRECTION('',(0.E0,0.E0,-1.E0));
#2102=VECTOR('',#2101,1.25E0);
#2103=CARTESIAN_POINT('',(9.6E0,4.E0,7.45E0));
#2104=LINE('',#2103,#2102);
#2105=DIRECTION('',(0.E0,-1.E0,0.E0));
#2106=VECTOR('',#2105,3.5E0);
#2107=CARTESIAN_POINT('',(9.6E0,7.5E0,7.45E0));
#2108=LINE('',#2107,#2106);
#2109=DIRECTION('',(0.E0,0.E0,1.E0));
#2110=VECTOR('',#2109,1.E0);
#2111=CARTESIAN_POINT('',(9.6E0,7.5E0,6.45E0));
#2112=LINE('',#2111,#2110);
#2113=DIRECTION('',(0.E0,-1.E0,0.E0));
#2114=VECTOR('',#2113,1.75E0);
#2115=CARTESIAN_POINT('',(9.6E0,7.5E0,6.45E0));
#2116=LINE('',#2115,#2114);
#2117=DIRECTION('',(0.E0,0.E0,-1.E0));
#2118=VECTOR('',#2117,4.E0);
#2119=CARTESIAN_POINT('',(9.6E0,-1.25E0,6.2E0));
#2120=LINE('',#2119,#2118);
#2121=DIRECTION('',(0.E0,1.E0,0.E0));
#2122=VECTOR('',#2121,1.75E0);
#2123=CARTESIAN_POINT('',(9.6E0,-7.5E0,6.45E0));
#2124=LINE('',#2123,#2122);
#2125=DIRECTION('',(0.E0,0.E0,-1.E0));
#2126=VECTOR('',#2125,1.E0);
#2127=CARTESIAN_POINT('',(9.6E0,-7.5E0,7.45E0));
#2128=LINE('',#2127,#2126);
#2129=DIRECTION('',(0.E0,-1.E0,0.E0));
#2130=VECTOR('',#2129,8.5E0);
#2131=CARTESIAN_POINT('',(9.6E0,1.E0,7.45E0));
#2132=LINE('',#2131,#2130);
#2133=DIRECTION('',(0.E0,0.E0,-1.E0));
#2134=VECTOR('',#2133,1.25E0);
#2135=CARTESIAN_POINT('',(9.6E0,1.E0,7.45E0));
#2136=LINE('',#2135,#2134);
#2137=DIRECTION('',(0.E0,0.E0,1.E0));
#2138=VECTOR('',#2137,7.5E-1);
#2139=CARTESIAN_POINT('',(-5.7E0,5.75E0,-7.45E0));
#2140=LINE('',#2139,#2138);
#2141=DIRECTION('',(1.E0,0.E0,0.E0));
#2142=VECTOR('',#2141,3.E0);
#2143=CARTESIAN_POINT('',(-5.7E0,5.75E0,-6.7E0));
#2144=LINE('',#2143,#2142);
#2145=DIRECTION('',(0.E0,0.E0,1.E0));
#2146=VECTOR('',#2145,7.5E-1);
#2147=CARTESIAN_POINT('',(-2.7E0,5.75E0,-7.45E0));
#2148=LINE('',#2147,#2146);
#2149=DIRECTION('',(1.E0,0.E0,0.E0));
#2150=VECTOR('',#2149,1.2E0);
#2151=CARTESIAN_POINT('',(-2.7E0,5.75E0,-7.45E0));
#2152=LINE('',#2151,#2150);
#2153=DIRECTION('',(0.E0,0.E0,1.E0));
#2154=VECTOR('',#2153,7.5E-1);
#2155=CARTESIAN_POINT('',(-1.5E0,5.75E0,-7.45E0));
#2156=LINE('',#2155,#2154);
#2157=DIRECTION('',(1.E0,0.E0,0.E0));
#2158=VECTOR('',#2157,3.E0);
#2159=CARTESIAN_POINT('',(-1.5E0,5.75E0,-6.7E0));
#2160=LINE('',#2159,#2158);
#2161=DIRECTION('',(0.E0,0.E0,1.E0));
#2162=VECTOR('',#2161,7.5E-1);
#2163=CARTESIAN_POINT('',(1.5E0,5.75E0,-7.45E0));
#2164=LINE('',#2163,#2162);
#2165=DIRECTION('',(1.E0,0.E0,0.E0));
#2166=VECTOR('',#2165,1.2E0);
#2167=CARTESIAN_POINT('',(1.5E0,5.75E0,-7.45E0));
#2168=LINE('',#2167,#2166);
#2169=DIRECTION('',(0.E0,0.E0,1.E0));
#2170=VECTOR('',#2169,7.5E-1);
#2171=CARTESIAN_POINT('',(2.7E0,5.75E0,-7.45E0));
#2172=LINE('',#2171,#2170);
#2173=DIRECTION('',(1.E0,0.E0,0.E0));
#2174=VECTOR('',#2173,3.E0);
#2175=CARTESIAN_POINT('',(2.7E0,5.75E0,-6.7E0));
#2176=LINE('',#2175,#2174);
#2177=DIRECTION('',(0.E0,0.E0,1.E0));
#2178=VECTOR('',#2177,7.5E-1);
#2179=CARTESIAN_POINT('',(5.7E0,5.75E0,-7.45E0));
#2180=LINE('',#2179,#2178);
#2181=DIRECTION('',(1.E0,0.E0,0.E0));
#2182=VECTOR('',#2181,1.4E0);
#2183=CARTESIAN_POINT('',(5.7E0,5.75E0,-7.45E0));
#2184=LINE('',#2183,#2182);
#2185=DIRECTION('',(0.E0,0.E0,1.E0));
#2186=VECTOR('',#2185,7.5E-1);
#2187=CARTESIAN_POINT('',(7.1E0,5.75E0,-7.45E0));
#2188=LINE('',#2187,#2186);
#2189=DIRECTION('',(1.E0,0.E0,0.E0));
#2190=VECTOR('',#2189,4.405E0);
#2191=CARTESIAN_POINT('',(7.1E0,5.75E0,-6.7E0));
#2192=LINE('',#2191,#2190);
#2193=DIRECTION('',(0.E0,0.E0,1.E0));
#2194=VECTOR('',#2193,2.5E-1);
#2195=CARTESIAN_POINT('',(9.6E0,5.75E0,6.2E0));
#2196=LINE('',#2195,#2194);
#2197=DIRECTION('',(7.071067811865E-1,0.E0,7.071067811865E-1));
#2198=VECTOR('',#2197,2.949439663894E0);
#2199=CARTESIAN_POINT('',(7.514431212960E0,5.75E0,4.364431212960E0));
#2200=LINE('',#2199,#2198);
#2201=DIRECTION('',(0.E0,0.E0,-1.E0));
#2202=VECTOR('',#2201,2.914431212960E0);
#2203=CARTESIAN_POINT('',(6.E0,5.75E0,4.364431212960E0));
#2204=LINE('',#2203,#2202);
#2205=DIRECTION('',(0.E0,0.E0,-1.E0));
#2206=VECTOR('',#2205,6.5E0);
#2207=CARTESIAN_POINT('',(6.E0,5.75E0,1.45E0));
#2208=LINE('',#2207,#2206);
#2209=DIRECTION('',(1.E0,0.E0,0.E0));
#2210=VECTOR('',#2209,1.2E1);
#2211=CARTESIAN_POINT('',(-6.E0,5.75E0,-5.05E0));
#2212=LINE('',#2211,#2210);
#2213=DIRECTION('',(0.E0,0.E0,-1.E0));
#2214=VECTOR('',#2213,6.5E0);
#2215=CARTESIAN_POINT('',(-6.E0,5.75E0,1.45E0));
#2216=LINE('',#2215,#2214);
#2217=DIRECTION('',(0.E0,0.E0,-1.E0));
#2218=VECTOR('',#2217,2.914431212960E0);
#2219=CARTESIAN_POINT('',(-6.E0,5.75E0,4.364431212960E0));
#2220=LINE('',#2219,#2218);
#2221=DIRECTION('',(7.071067811865E-1,0.E0,-7.071067811865E-1));
#2222=VECTOR('',#2221,2.949439663894E0);
#2223=CARTESIAN_POINT('',(-9.6E0,5.75E0,6.45E0));
#2224=LINE('',#2223,#2222);
#2225=DIRECTION('',(0.E0,0.E0,-1.E0));
#2226=VECTOR('',#2225,2.5E-1);
#2227=CARTESIAN_POINT('',(-9.6E0,5.75E0,6.45E0));
#2228=LINE('',#2227,#2226);
#2229=DIRECTION('',(0.E0,0.E0,1.E0));
#2230=VECTOR('',#2229,1.29E1);
#2231=CARTESIAN_POINT('',(-1.1505E1,5.75E0,-6.7E0));
#2232=LINE('',#2231,#2230);
#2233=DIRECTION('',(1.E0,0.E0,0.E0));
#2234=VECTOR('',#2233,4.405E0);
#2235=CARTESIAN_POINT('',(-1.1505E1,5.75E0,-6.7E0));
#2236=LINE('',#2235,#2234);
#2237=DIRECTION('',(0.E0,0.E0,1.E0));
#2238=VECTOR('',#2237,7.5E-1);
#2239=CARTESIAN_POINT('',(-7.1E0,5.75E0,-7.45E0));
#2240=LINE('',#2239,#2238);
#2241=DIRECTION('',(1.E0,0.E0,0.E0));
#2242=VECTOR('',#2241,1.4E0);
#2243=CARTESIAN_POINT('',(-7.1E0,5.75E0,-7.45E0));
#2244=LINE('',#2243,#2242);
#2245=DIRECTION('',(-1.E0,0.E0,0.E0));
#2246=VECTOR('',#2245,1.066307658155E0);
#2247=CARTESIAN_POINT('',(-9.866846170922E0,-5.75E0,-3.3E0));
#2248=LINE('',#2247,#2246);
#2249=DIRECTION('',(0.E0,0.E0,1.E0));
#2250=VECTOR('',#2249,2.5E-1);
#2251=CARTESIAN_POINT('',(-9.6E0,-5.75E0,6.2E0));
#2252=LINE('',#2251,#2250);
#2253=DIRECTION('',(-7.071067811865E-1,0.E0,7.071067811865E-1));
#2254=VECTOR('',#2253,2.949439663894E0);
#2255=CARTESIAN_POINT('',(-7.514431212960E0,-5.75E0,4.364431212960E0));
#2256=LINE('',#2255,#2254);
#2257=DIRECTION('',(1.E0,0.E0,0.E0));
#2258=VECTOR('',#2257,2.814431212960E0);
#2259=CARTESIAN_POINT('',(-7.514431212960E0,-5.75E0,4.364431212960E0));
#2260=LINE('',#2259,#2258);
#2261=DIRECTION('',(0.E0,0.E0,-1.E0));
#2262=VECTOR('',#2261,7.814431212960E0);
#2263=CARTESIAN_POINT('',(-4.7E0,-5.75E0,4.364431212960E0));
#2264=LINE('',#2263,#2262);
#2265=DIRECTION('',(1.E0,0.E0,0.E0));
#2266=VECTOR('',#2265,1.E0);
#2267=CARTESIAN_POINT('',(-4.7E0,-5.75E0,-3.45E0));
#2268=LINE('',#2267,#2266);
#2269=DIRECTION('',(0.E0,0.E0,-1.E0));
#2270=VECTOR('',#2269,7.814431212960E0);
#2271=CARTESIAN_POINT('',(-3.7E0,-5.75E0,4.364431212960E0));
#2272=LINE('',#2271,#2270);
#2273=DIRECTION('',(1.E0,0.E0,0.E0));
#2274=VECTOR('',#2273,3.2E0);
#2275=CARTESIAN_POINT('',(-3.7E0,-5.75E0,4.364431212960E0));
#2276=LINE('',#2275,#2274);
#2277=DIRECTION('',(0.E0,0.E0,-1.E0));
#2278=VECTOR('',#2277,7.814431212960E0);
#2279=CARTESIAN_POINT('',(-5.E-1,-5.75E0,4.364431212960E0));
#2280=LINE('',#2279,#2278);
#2281=DIRECTION('',(1.E0,0.E0,0.E0));
#2282=VECTOR('',#2281,1.E0);
#2283=CARTESIAN_POINT('',(-5.E-1,-5.75E0,-3.45E0));
#2284=LINE('',#2283,#2282);
#2285=DIRECTION('',(0.E0,0.E0,-1.E0));
#2286=VECTOR('',#2285,7.814431212960E0);
#2287=CARTESIAN_POINT('',(5.E-1,-5.75E0,4.364431212960E0));
#2288=LINE('',#2287,#2286);
#2289=DIRECTION('',(1.E0,0.E0,0.E0));
#2290=VECTOR('',#2289,3.2E0);
#2291=CARTESIAN_POINT('',(5.E-1,-5.75E0,4.364431212960E0));
#2292=LINE('',#2291,#2290);
#2293=DIRECTION('',(0.E0,0.E0,-1.E0));
#2294=VECTOR('',#2293,7.814431212960E0);
#2295=CARTESIAN_POINT('',(3.7E0,-5.75E0,4.364431212960E0));
#2296=LINE('',#2295,#2294);
#2297=DIRECTION('',(1.E0,0.E0,0.E0));
#2298=VECTOR('',#2297,1.E0);
#2299=CARTESIAN_POINT('',(3.7E0,-5.75E0,-3.45E0));
#2300=LINE('',#2299,#2298);
#2301=DIRECTION('',(0.E0,0.E0,-1.E0));
#2302=VECTOR('',#2301,7.814431212960E0);
#2303=CARTESIAN_POINT('',(4.7E0,-5.75E0,4.364431212960E0));
#2304=LINE('',#2303,#2302);
#2305=DIRECTION('',(1.E0,0.E0,0.E0));
#2306=VECTOR('',#2305,2.001E0);
#2307=CARTESIAN_POINT('',(4.7E0,-5.75E0,4.364431212960E0));
#2308=LINE('',#2307,#2306);
#2309=DIRECTION('',(0.E0,0.E0,-1.E0));
#2310=VECTOR('',#2309,7.814431212960E0);
#2311=CARTESIAN_POINT('',(6.701E0,-5.75E0,4.364431212960E0));
#2312=LINE('',#2311,#2310);
#2313=DIRECTION('',(-1.E0,0.E0,0.E0));
#2314=VECTOR('',#2313,4.E-1);
#2315=CARTESIAN_POINT('',(7.101E0,-5.75E0,-3.45E0));
#2316=LINE('',#2315,#2314);
#2317=DIRECTION('',(0.E0,0.E0,-1.E0));
#2318=VECTOR('',#2317,7.814431212960E0);
#2319=CARTESIAN_POINT('',(7.101E0,-5.75E0,4.364431212960E0));
#2320=LINE('',#2319,#2318);
#2321=DIRECTION('',(1.E0,0.E0,0.E0));
#2322=VECTOR('',#2321,4.134312129601E-1);
#2323=CARTESIAN_POINT('',(7.101E0,-5.75E0,4.364431212960E0));
#2324=LINE('',#2323,#2322);
#2325=DIRECTION('',(-7.071067811865E-1,0.E0,-7.071067811865E-1));
#2326=VECTOR('',#2325,2.949439663894E0);
#2327=CARTESIAN_POINT('',(9.6E0,-5.75E0,6.45E0));
#2328=LINE('',#2327,#2326);
#2329=DIRECTION('',(0.E0,0.E0,-1.E0));
#2330=VECTOR('',#2329,2.5E-1);
#2331=CARTESIAN_POINT('',(9.6E0,-5.75E0,6.45E0));
#2332=LINE('',#2331,#2330);
#2333=DIRECTION('',(-1.E0,0.E0,0.E0));
#2334=VECTOR('',#2333,1.066307658155E0);
#2335=CARTESIAN_POINT('',(1.093315382908E1,-5.75E0,-3.3E0));
#2336=LINE('',#2335,#2334);
#2337=DIRECTION('',(0.E0,0.E0,1.E0));
#2338=VECTOR('',#2337,1.29E1);
#2339=CARTESIAN_POINT('',(1.1505E1,-5.75E0,-6.7E0));
#2340=LINE('',#2339,#2338);
#2341=DIRECTION('',(-1.E0,0.E0,0.E0));
#2342=VECTOR('',#2341,4.405E0);
#2343=CARTESIAN_POINT('',(1.1505E1,-5.75E0,-6.7E0));
#2344=LINE('',#2343,#2342);
#2345=DIRECTION('',(0.E0,0.E0,1.E0));
#2346=VECTOR('',#2345,7.5E-1);
#2347=CARTESIAN_POINT('',(7.1E0,-5.75E0,-7.45E0));
#2348=LINE('',#2347,#2346);
#2349=DIRECTION('',(0.E0,0.E0,1.E0));
#2350=VECTOR('',#2349,7.5E-1);
#2351=CARTESIAN_POINT('',(5.7E0,-5.75E0,-7.45E0));
#2352=LINE('',#2351,#2350);
#2353=DIRECTION('',(1.E0,0.E0,0.E0));
#2354=VECTOR('',#2353,3.E0);
#2355=CARTESIAN_POINT('',(2.7E0,-5.75E0,-6.7E0));
#2356=LINE('',#2355,#2354);
#2357=DIRECTION('',(0.E0,0.E0,1.E0));
#2358=VECTOR('',#2357,7.5E-1);
#2359=CARTESIAN_POINT('',(2.7E0,-5.75E0,-7.45E0));
#2360=LINE('',#2359,#2358);
#2361=DIRECTION('',(0.E0,0.E0,1.E0));
#2362=VECTOR('',#2361,7.5E-1);
#2363=CARTESIAN_POINT('',(1.5E0,-5.75E0,-7.45E0));
#2364=LINE('',#2363,#2362);
#2365=DIRECTION('',(1.E0,0.E0,0.E0));
#2366=VECTOR('',#2365,3.E0);
#2367=CARTESIAN_POINT('',(-1.5E0,-5.75E0,-6.7E0));
#2368=LINE('',#2367,#2366);
#2369=DIRECTION('',(0.E0,0.E0,1.E0));
#2370=VECTOR('',#2369,7.5E-1);
#2371=CARTESIAN_POINT('',(-1.5E0,-5.75E0,-7.45E0));
#2372=LINE('',#2371,#2370);
#2373=DIRECTION('',(0.E0,0.E0,1.E0));
#2374=VECTOR('',#2373,7.5E-1);
#2375=CARTESIAN_POINT('',(-2.7E0,-5.75E0,-7.45E0));
#2376=LINE('',#2375,#2374);
#2377=DIRECTION('',(1.E0,0.E0,0.E0));
#2378=VECTOR('',#2377,3.E0);
#2379=CARTESIAN_POINT('',(-5.7E0,-5.75E0,-6.7E0));
#2380=LINE('',#2379,#2378);
#2381=DIRECTION('',(0.E0,0.E0,1.E0));
#2382=VECTOR('',#2381,7.5E-1);
#2383=CARTESIAN_POINT('',(-5.7E0,-5.75E0,-7.45E0));
#2384=LINE('',#2383,#2382);
#2385=DIRECTION('',(0.E0,0.E0,1.E0));
#2386=VECTOR('',#2385,7.5E-1);
#2387=CARTESIAN_POINT('',(-7.1E0,-5.75E0,-7.45E0));
#2388=LINE('',#2387,#2386);
#2389=DIRECTION('',(-1.E0,0.E0,0.E0));
#2390=VECTOR('',#2389,4.405E0);
#2391=CARTESIAN_POINT('',(-7.1E0,-5.75E0,-6.7E0));
#2392=LINE('',#2391,#2390);
#2393=DIRECTION('',(3.131456130150E-1,-6.715429342378E-1,-6.715429342378E-1));
#2394=VECTOR('',#2393,7.445540329711E-1);
#2395=CARTESIAN_POINT('',(-1.01E1,-5.25E0,-2.8E0));
#2396=LINE('',#2395,#2394);
#2397=DIRECTION('',(3.131456130150E-1,6.715429342378E-1,6.715429342378E-1));
#2398=VECTOR('',#2397,7.445540329711E-1);
#2399=CARTESIAN_POINT('',(-1.093315382908E1,-5.75E0,-3.3E0));
#2400=LINE('',#2399,#2398);
#2401=DIRECTION('',(-1.E0,0.E0,0.E0));
#2402=VECTOR('',#2401,6.E-1);
#2403=CARTESIAN_POINT('',(-1.01E1,-5.25E0,-2.8E0));
#2404=LINE('',#2403,#2402);
#2405=DIRECTION('',(0.E0,-1.E0,0.E0));
#2406=VECTOR('',#2405,2.5E-1);
#2407=CARTESIAN_POINT('',(-1.07E1,-5.E0,-2.8E0));
#2408=LINE('',#2407,#2406);
#2409=DIRECTION('',(-1.E0,0.E0,0.E0));
#2410=VECTOR('',#2409,6.E-1);
#2411=CARTESIAN_POINT('',(-1.01E1,-5.E0,-2.8E0));
#2412=LINE('',#2411,#2410);
#2413=DIRECTION('',(0.E0,1.E0,0.E0));
#2414=VECTOR('',#2413,2.5E-1);
#2415=CARTESIAN_POINT('',(-1.01E1,-5.25E0,-2.8E0));
#2416=LINE('',#2415,#2414);
#2417=DIRECTION('',(-1.E0,0.E0,0.E0));
#2418=VECTOR('',#2417,6.E-1);
#2419=CARTESIAN_POINT('',(1.07E1,-5.25E0,-2.8E0));
#2420=LINE('',#2419,#2418);
#2421=DIRECTION('',(0.E0,-1.E0,0.E0));
#2422=VECTOR('',#2421,2.5E-1);
#2423=CARTESIAN_POINT('',(1.01E1,-5.E0,-2.8E0));
#2424=LINE('',#2423,#2422);
#2425=DIRECTION('',(-1.E0,0.E0,0.E0));
#2426=VECTOR('',#2425,6.E-1);
#2427=CARTESIAN_POINT('',(1.07E1,-5.E0,-2.8E0));
#2428=LINE('',#2427,#2426);
#2429=DIRECTION('',(0.E0,1.E0,0.E0));
#2430=VECTOR('',#2429,2.5E-1);
#2431=CARTESIAN_POINT('',(1.07E1,-5.25E0,-2.8E0));
#2432=LINE('',#2431,#2430);
#2433=DIRECTION('',(0.E0,-1.E0,0.E0));
#2434=VECTOR('',#2433,2.5E-1);
#2435=CARTESIAN_POINT('',(-1.07E1,-5.E0,1.8E0));
#2436=LINE('',#2435,#2434);
#2437=DIRECTION('',(0.E0,0.E0,-1.E0));
#2438=VECTOR('',#2437,8.E-1);
#2439=CARTESIAN_POINT('',(-1.07E1,-5.E0,1.8E0));
#2440=LINE('',#2439,#2438);
#2441=DIRECTION('',(0.E0,-1.E0,0.E0));
#2442=VECTOR('',#2441,2.5E-1);
#2443=CARTESIAN_POINT('',(-1.07E1,-5.E0,1.E0));
#2444=LINE('',#2443,#2442);
#2445=DIRECTION('',(0.E0,-1.E0,0.E0));
#2446=VECTOR('',#2445,2.5E-1);
#2447=CARTESIAN_POINT('',(-1.07E1,-5.E0,2.05E0));
#2448=LINE('',#2447,#2446);
#2449=DIRECTION('',(0.E0,0.E0,-1.E0));
#2450=VECTOR('',#2449,4.15E0);
#2451=CARTESIAN_POINT('',(-1.07E1,-5.E0,6.2E0));
#2452=LINE('',#2451,#2450);
#2453=DIRECTION('',(0.E0,-1.E0,0.E0));
#2454=VECTOR('',#2453,2.5E-1);
#2455=CARTESIAN_POINT('',(-1.07E1,-5.E0,7.5E-1));
#2456=LINE('',#2455,#2454);
#2457=DIRECTION('',(0.E0,0.E0,-1.E0));
#2458=VECTOR('',#2457,3.55E0);
#2459=CARTESIAN_POINT('',(-1.07E1,-5.E0,7.5E-1));
#2460=LINE('',#2459,#2458);
#2461=DIRECTION('',(0.E0,1.E0,0.E0));
#2462=VECTOR('',#2461,2.5E-1);
#2463=CARTESIAN_POINT('',(-1.01E1,-5.25E0,1.8E0));
#2464=LINE('',#2463,#2462);
#2465=DIRECTION('',(0.E0,0.E0,-1.E0));
#2466=VECTOR('',#2465,8.E-1);
#2467=CARTESIAN_POINT('',(-1.01E1,-5.25E0,1.8E0));
#2468=LINE('',#2467,#2466);
#2469=DIRECTION('',(0.E0,1.E0,0.E0));
#2470=VECTOR('',#2469,2.5E-1);
#2471=CARTESIAN_POINT('',(-1.01E1,-5.25E0,1.E0));
#2472=LINE('',#2471,#2470);
#2473=DIRECTION('',(0.E0,1.E0,0.E0));
#2474=VECTOR('',#2473,2.5E-1);
#2475=CARTESIAN_POINT('',(-1.01E1,-5.25E0,2.05E0));
#2476=LINE('',#2475,#2474);
#2477=DIRECTION('',(0.E0,0.E0,-1.E0));
#2478=VECTOR('',#2477,4.15E0);
#2479=CARTESIAN_POINT('',(-1.01E1,-5.25E0,6.2E0));
#2480=LINE('',#2479,#2478);
#2481=DIRECTION('',(0.E0,1.E0,0.E0));
#2482=VECTOR('',#2481,2.5E-1);
#2483=CARTESIAN_POINT('',(-1.01E1,-5.25E0,7.5E-1));
#2484=LINE('',#2483,#2482);
#2485=DIRECTION('',(0.E0,0.E0,-1.E0));
#2486=VECTOR('',#2485,3.55E0);
#2487=CARTESIAN_POINT('',(-1.01E1,-5.25E0,7.5E-1));
#2488=LINE('',#2487,#2486);
#2489=DIRECTION('',(0.E0,0.E0,-1.E0));
#2490=VECTOR('',#2489,9.5E0);
#2491=CARTESIAN_POINT('',(-9.866846170922E0,-5.75E0,6.2E0));
#2492=LINE('',#2491,#2490);
#2493=DIRECTION('',(0.E0,0.E0,1.E0));
#2494=VECTOR('',#2493,2.5E-1);
#2495=CARTESIAN_POINT('',(-1.01E1,-5.25E0,7.5E-1));
#2496=LINE('',#2495,#2494);
#2497=DIRECTION('',(0.E0,0.E0,1.E0));
#2498=VECTOR('',#2497,2.5E-1);
#2499=CARTESIAN_POINT('',(-1.01E1,-5.25E0,1.8E0));
#2500=LINE('',#2499,#2498);
#2501=DIRECTION('',(1.E0,0.E0,0.E0));
#2502=VECTOR('',#2501,6.E-1);
#2503=CARTESIAN_POINT('',(-1.07E1,-5.25E0,7.5E-1));
#2504=LINE('',#2503,#2502);
#2505=DIRECTION('',(-1.E0,0.E0,0.E0));
#2506=VECTOR('',#2505,6.E-1);
#2507=CARTESIAN_POINT('',(-1.01E1,-5.25E0,1.E0));
#2508=LINE('',#2507,#2506);
#2509=DIRECTION('',(1.E0,0.E0,0.E0));
#2510=VECTOR('',#2509,6.E-1);
#2511=CARTESIAN_POINT('',(-1.07E1,-5.25E0,1.8E0));
#2512=LINE('',#2511,#2510);
#2513=DIRECTION('',(-1.E0,0.E0,0.E0));
#2514=VECTOR('',#2513,6.E-1);
#2515=CARTESIAN_POINT('',(-1.01E1,-5.25E0,2.05E0));
#2516=LINE('',#2515,#2514);
#2517=DIRECTION('',(1.E0,0.E0,0.E0));
#2518=VECTOR('',#2517,6.E-1);
#2519=CARTESIAN_POINT('',(1.01E1,-5.25E0,7.5E-1));
#2520=LINE('',#2519,#2518);
#2521=DIRECTION('',(-1.E0,0.E0,0.E0));
#2522=VECTOR('',#2521,6.E-1);
#2523=CARTESIAN_POINT('',(1.07E1,-5.25E0,1.E0));
#2524=LINE('',#2523,#2522);
#2525=DIRECTION('',(1.E0,0.E0,0.E0));
#2526=VECTOR('',#2525,6.E-1);
#2527=CARTESIAN_POINT('',(1.01E1,-5.25E0,1.8E0));
#2528=LINE('',#2527,#2526);
#2529=DIRECTION('',(-1.E0,0.E0,0.E0));
#2530=VECTOR('',#2529,6.E-1);
#2531=CARTESIAN_POINT('',(1.07E1,-5.25E0,2.05E0));
#2532=LINE('',#2531,#2530);
#2533=DIRECTION('',(-1.E0,0.E0,0.E0));
#2534=VECTOR('',#2533,6.E-1);
#2535=CARTESIAN_POINT('',(-1.01E1,-5.E0,1.8E0));
#2536=LINE('',#2535,#2534);
#2537=DIRECTION('',(0.E0,0.E0,-1.E0));
#2538=VECTOR('',#2537,8.E-1);
#2539=CARTESIAN_POINT('',(-1.01E1,-5.E0,1.8E0));
#2540=LINE('',#2539,#2538);
#2541=DIRECTION('',(-1.E0,0.E0,0.E0));
#2542=VECTOR('',#2541,6.E-1);
#2543=CARTESIAN_POINT('',(-1.01E1,-5.E0,1.E0));
#2544=LINE('',#2543,#2542);
#2545=DIRECTION('',(-1.E0,0.E0,0.E0));
#2546=VECTOR('',#2545,6.E-1);
#2547=CARTESIAN_POINT('',(-1.01E1,-5.E0,2.05E0));
#2548=LINE('',#2547,#2546);
#2549=DIRECTION('',(0.E0,0.E0,-1.E0));
#2550=VECTOR('',#2549,4.15E0);
#2551=CARTESIAN_POINT('',(-1.01E1,-5.E0,6.2E0));
#2552=LINE('',#2551,#2550);
#2553=DIRECTION('',(-1.E0,0.E0,0.E0));
#2554=VECTOR('',#2553,6.E-1);
#2555=CARTESIAN_POINT('',(-1.01E1,-5.E0,7.5E-1));
#2556=LINE('',#2555,#2554);
#2557=DIRECTION('',(0.E0,0.E0,-1.E0));
#2558=VECTOR('',#2557,3.55E0);
#2559=CARTESIAN_POINT('',(-1.01E1,-5.E0,7.5E-1));
#2560=LINE('',#2559,#2558);
#2561=DIRECTION('',(0.E0,0.E0,-1.E0));
#2562=VECTOR('',#2561,3.55E0);
#2563=CARTESIAN_POINT('',(-1.07E1,-5.25E0,7.5E-1));
#2564=LINE('',#2563,#2562);
#2565=DIRECTION('',(0.E0,0.E0,1.E0));
#2566=VECTOR('',#2565,9.5E0);
#2567=CARTESIAN_POINT('',(-1.093315382908E1,-5.75E0,-3.3E0));
#2568=LINE('',#2567,#2566);
#2569=DIRECTION('',(0.E0,0.E0,-1.E0));
#2570=VECTOR('',#2569,4.15E0);
#2571=CARTESIAN_POINT('',(-1.07E1,-5.25E0,6.2E0));
#2572=LINE('',#2571,#2570);
#2573=DIRECTION('',(0.E0,0.E0,1.E0));
#2574=VECTOR('',#2573,2.5E-1);
#2575=CARTESIAN_POINT('',(-1.07E1,-5.25E0,1.8E0));
#2576=LINE('',#2575,#2574);
#2577=DIRECTION('',(0.E0,0.E0,-1.E0));
#2578=VECTOR('',#2577,8.E-1);
#2579=CARTESIAN_POINT('',(-1.07E1,-5.25E0,1.8E0));
#2580=LINE('',#2579,#2578);
#2581=DIRECTION('',(0.E0,0.E0,1.E0));
#2582=VECTOR('',#2581,2.5E-1);
#2583=CARTESIAN_POINT('',(-1.07E1,-5.25E0,7.5E-1));
#2584=LINE('',#2583,#2582);
#2585=DIRECTION('',(0.E0,0.E0,-1.E0));
#2586=VECTOR('',#2585,9.5E0);
#2587=CARTESIAN_POINT('',(1.093315382908E1,-5.75E0,6.2E0));
#2588=LINE('',#2587,#2586);
#2589=DIRECTION('',(0.E0,0.E0,1.E0));
#2590=VECTOR('',#2589,2.5E-1);
#2591=CARTESIAN_POINT('',(1.07E1,-5.25E0,7.5E-1));
#2592=LINE('',#2591,#2590);
#2593=DIRECTION('',(0.E0,0.E0,1.E0));
#2594=VECTOR('',#2593,2.5E-1);
#2595=CARTESIAN_POINT('',(1.07E1,-5.25E0,1.8E0));
#2596=LINE('',#2595,#2594);
#2597=DIRECTION('',(3.131456130150E-1,-6.715429342378E-1,-6.715429342378E-1));
#2598=VECTOR('',#2597,7.445540329711E-1);
#2599=CARTESIAN_POINT('',(1.07E1,-5.25E0,-2.8E0));
#2600=LINE('',#2599,#2598);
#2601=DIRECTION('',(3.131456130150E-1,6.715429342378E-1,6.715429342378E-1));
#2602=VECTOR('',#2601,7.445540329711E-1);
#2603=CARTESIAN_POINT('',(9.866846170922E0,-5.75E0,-3.3E0));
#2604=LINE('',#2603,#2602);
#2605=DIRECTION('',(0.E0,1.376051072775E-14,-1.E0));
#2606=VECTOR('',#2605,3.55E0);
#2607=CARTESIAN_POINT('',(1.01E1,-5.25E0,7.5E-1));
#2608=LINE('',#2607,#2606);
#2609=DIRECTION('',(0.E0,0.E0,1.E0));
#2610=VECTOR('',#2609,9.5E0);
#2611=CARTESIAN_POINT('',(9.866846170922E0,-5.75E0,-3.3E0));
#2612=LINE('',#2611,#2610);
#2613=DIRECTION('',(0.E0,-1.177103929723E-14,-1.E0));
#2614=VECTOR('',#2613,4.15E0);
#2615=CARTESIAN_POINT('',(1.01E1,-5.25E0,6.2E0));
#2616=LINE('',#2615,#2614);
#2617=DIRECTION('',(0.E0,0.E0,1.E0));
#2618=VECTOR('',#2617,2.5E-1);
#2619=CARTESIAN_POINT('',(1.01E1,-5.25E0,1.8E0));
#2620=LINE('',#2619,#2618);
#2621=DIRECTION('',(0.E0,0.E0,-1.E0));
#2622=VECTOR('',#2621,8.E-1);
#2623=CARTESIAN_POINT('',(1.01E1,-5.25E0,1.8E0));
#2624=LINE('',#2623,#2622);
#2625=DIRECTION('',(0.E0,0.E0,1.E0));
#2626=VECTOR('',#2625,2.5E-1);
#2627=CARTESIAN_POINT('',(1.01E1,-5.25E0,7.5E-1));
#2628=LINE('',#2627,#2626);
#2629=DIRECTION('',(-4.973799150320E-14,-1.E0,0.E0));
#2630=VECTOR('',#2629,2.5E-1);
#2631=CARTESIAN_POINT('',(1.01E1,-5.E0,2.05E0));
#2632=LINE('',#2631,#2630);
#2633=DIRECTION('',(0.E0,0.E0,-1.E0));
#2634=VECTOR('',#2633,4.15E0);
#2635=CARTESIAN_POINT('',(1.01E1,-5.E0,6.2E0));
#2636=LINE('',#2635,#2634);
#2637=DIRECTION('',(-4.973799150320E-14,-1.E0,0.E0));
#2638=VECTOR('',#2637,2.5E-1);
#2639=CARTESIAN_POINT('',(1.01E1,-5.E0,1.8E0));
#2640=LINE('',#2639,#2638);
#2641=DIRECTION('',(0.E0,0.E0,-1.E0));
#2642=VECTOR('',#2641,8.E-1);
#2643=CARTESIAN_POINT('',(1.01E1,-5.E0,1.8E0));
#2644=LINE('',#2643,#2642);
#2645=DIRECTION('',(-4.973799150320E-14,-1.E0,0.E0));
#2646=VECTOR('',#2645,2.5E-1);
#2647=CARTESIAN_POINT('',(1.01E1,-5.E0,1.E0));
#2648=LINE('',#2647,#2646);
#2649=DIRECTION('',(-4.973799150320E-14,-1.E0,0.E0));
#2650=VECTOR('',#2649,2.5E-1);
#2651=CARTESIAN_POINT('',(1.01E1,-5.E0,7.5E-1));
#2652=LINE('',#2651,#2650);
#2653=DIRECTION('',(0.E0,0.E0,-1.E0));
#2654=VECTOR('',#2653,3.55E0);
#2655=CARTESIAN_POINT('',(1.01E1,-5.E0,7.5E-1));
#2656=LINE('',#2655,#2654);
#2657=DIRECTION('',(-5.684341886080E-14,1.E0,0.E0));
#2658=VECTOR('',#2657,2.500000000001E-1);
#2659=CARTESIAN_POINT('',(1.07E1,-5.25E0,2.05E0));
#2660=LINE('',#2659,#2658);
#2661=DIRECTION('',(0.E0,-1.262711488248E-14,-1.E0));
#2662=VECTOR('',#2661,4.15E0);
#2663=CARTESIAN_POINT('',(1.07E1,-5.25E0,6.2E0));
#2664=LINE('',#2663,#2662);
#2665=DIRECTION('',(-4.973799150320E-14,1.E0,0.E0));
#2666=VECTOR('',#2665,2.500000000001E-1);
#2667=CARTESIAN_POINT('',(1.07E1,-5.25E0,1.8E0));
#2668=LINE('',#2667,#2666);
#2669=DIRECTION('',(0.E0,0.E0,-1.E0));
#2670=VECTOR('',#2669,8.E-1);
#2671=CARTESIAN_POINT('',(1.07E1,-5.25E0,1.8E0));
#2672=LINE('',#2671,#2670);
#2673=DIRECTION('',(-5.684341886080E-14,1.E0,0.E0));
#2674=VECTOR('',#2673,2.500000000001E-1);
#2675=CARTESIAN_POINT('',(1.07E1,-5.25E0,1.E0));
#2676=LINE('',#2675,#2674);
#2677=DIRECTION('',(-4.973799150320E-14,1.E0,0.E0));
#2678=VECTOR('',#2677,2.500000000001E-1);
#2679=CARTESIAN_POINT('',(1.07E1,-5.25E0,7.5E-1));
#2680=LINE('',#2679,#2678);
#2681=DIRECTION('',(0.E0,1.476127514431E-14,-1.E0));
#2682=VECTOR('',#2681,3.55E0);
#2683=CARTESIAN_POINT('',(1.07E1,-5.25E0,7.5E-1));
#2684=LINE('',#2683,#2682);
#2685=DIRECTION('',(-1.E0,0.E0,0.E0));
#2686=VECTOR('',#2685,6.E-1);
#2687=CARTESIAN_POINT('',(1.07E1,-5.E0,2.05E0));
#2688=LINE('',#2687,#2686);
#2689=DIRECTION('',(0.E0,0.E0,-1.E0));
#2690=VECTOR('',#2689,4.15E0);
#2691=CARTESIAN_POINT('',(1.07E1,-5.E0,6.2E0));
#2692=LINE('',#2691,#2690);
#2693=DIRECTION('',(-1.E0,0.E0,0.E0));
#2694=VECTOR('',#2693,6.E-1);
#2695=CARTESIAN_POINT('',(1.07E1,-5.E0,1.8E0));
#2696=LINE('',#2695,#2694);
#2697=DIRECTION('',(0.E0,0.E0,-1.E0));
#2698=VECTOR('',#2697,8.E-1);
#2699=CARTESIAN_POINT('',(1.07E1,-5.E0,1.8E0));
#2700=LINE('',#2699,#2698);
#2701=DIRECTION('',(-1.E0,0.E0,0.E0));
#2702=VECTOR('',#2701,6.E-1);
#2703=CARTESIAN_POINT('',(1.07E1,-5.E0,1.E0));
#2704=LINE('',#2703,#2702);
#2705=DIRECTION('',(-1.E0,0.E0,0.E0));
#2706=VECTOR('',#2705,6.E-1);
#2707=CARTESIAN_POINT('',(1.07E1,-5.E0,7.5E-1));
#2708=LINE('',#2707,#2706);
#2709=DIRECTION('',(0.E0,0.E0,-1.E0));
#2710=VECTOR('',#2709,3.55E0);
#2711=CARTESIAN_POINT('',(1.07E1,-5.E0,7.5E-1));
#2712=LINE('',#2711,#2710);
#2713=DIRECTION('',(0.E0,6.427876096865E-1,-7.660444431190E-1));
#2714=VECTOR('',#2713,2.722516697006E0);
#2715=CARTESIAN_POINT('',(4.7E0,-7.5E0,6.45E0));
#2716=LINE('',#2715,#2714);
#2717=DIRECTION('',(1.E0,0.E0,0.E0));
#2718=VECTOR('',#2717,4.9E0);
#2719=CARTESIAN_POINT('',(4.7E0,-7.5E0,6.45E0));
#2720=LINE('',#2719,#2718);
#2721=DIRECTION('',(-6.081204024113E-1,5.102736053747E-1,-6.081204024113E-1));
#2722=VECTOR('',#2721,3.429532669468E0);
#2723=CARTESIAN_POINT('',(9.6E0,-7.5E0,6.45E0));
#2724=LINE('',#2723,#2722);
#2725=DIRECTION('',(0.E0,-6.427876096865E-1,7.660444431190E-1));
#2726=VECTOR('',#2725,3.500378610436E-1);
#2727=CARTESIAN_POINT('',(7.101E0,-5.75E0,4.364431212960E0));
#2728=LINE('',#2727,#2726);
#2729=CARTESIAN_POINT('',(7.101E0,-5.975E0,4.632575771294E0));
#2730=CARTESIAN_POINT('',(7.101E0,-6.011998063319E0,4.676668346173E0));
#2731=CARTESIAN_POINT('',(7.086865993346E0,-6.062760232469E0,4.737164343626E0));
#2732=CARTESIAN_POINT('',(7.041215645690E0,-6.121463384126E0,4.807124035509E0));
#2733=CARTESIAN_POINT('',(7.006538103240E0,-6.146844388291E0,4.837371938406E0));
#2734=CARTESIAN_POINT('',(6.982947733819E0,-6.157440590116E0,4.85E0));
#2736=DIRECTION('',(-1.E0,0.E0,0.E0));
#2737=VECTOR('',#2736,1.638954676371E-1);
#2738=CARTESIAN_POINT('',(6.982947733819E0,-6.157440590116E0,4.85E0));
#2739=LINE('',#2738,#2737);
#2740=CARTESIAN_POINT('',(6.819052266181E0,-6.157440590116E0,4.85E0));
#2741=CARTESIAN_POINT('',(6.795461896760E0,-6.146844388291E0,4.837371938406E0));
#2742=CARTESIAN_POINT('',(6.760784354310E0,-6.121463384126E0,4.807124035509E0));
#2743=CARTESIAN_POINT('',(6.715134006654E0,-6.062760232469E0,4.737164343626E0));
#2744=CARTESIAN_POINT('',(6.701E0,-6.011998063319E0,4.676668346173E0));
#2745=CARTESIAN_POINT('',(6.701E0,-5.975E0,4.632575771294E0));
#2747=DIRECTION('',(0.E0,-6.427876096865E-1,7.660444431190E-1));
#2748=VECTOR('',#2747,3.500378610436E-1);
#2749=CARTESIAN_POINT('',(6.701E0,-5.75E0,4.364431212960E0));
#2750=LINE('',#2749,#2748);
#2751=DIRECTION('',(0.E0,6.427876096865E-1,-7.660444431190E-1));
#2752=VECTOR('',#2751,2.722516697006E0);
#2753=CARTESIAN_POINT('',(5.E-1,-7.5E0,6.45E0));
#2754=LINE('',#2753,#2752);
#2755=DIRECTION('',(1.E0,0.E0,0.E0));
#2756=VECTOR('',#2755,3.2E0);
#2757=CARTESIAN_POINT('',(5.E-1,-7.5E0,6.45E0));
#2758=LINE('',#2757,#2756);
#2759=DIRECTION('',(0.E0,6.427876096865E-1,-7.660444431190E-1));
#2760=VECTOR('',#2759,2.722516697006E0);
#2761=CARTESIAN_POINT('',(3.7E0,-7.5E0,6.45E0));
#2762=LINE('',#2761,#2760);
#2763=DIRECTION('',(0.E0,6.427876096865E-1,-7.660444431190E-1));
#2764=VECTOR('',#2763,2.722516697006E0);
#2765=CARTESIAN_POINT('',(-4.7E0,-7.5E0,6.45E0));
#2766=LINE('',#2765,#2764);
#2767=DIRECTION('',(-6.081204024113E-1,-5.102736053747E-1,6.081204024113E-1));
#2768=VECTOR('',#2767,3.429532669468E0);
#2769=CARTESIAN_POINT('',(-7.514431212960E0,-5.75E0,4.364431212960E0));
#2770=LINE('',#2769,#2768);
#2771=DIRECTION('',(1.E0,0.E0,0.E0));
#2772=VECTOR('',#2771,4.9E0);
#2773=CARTESIAN_POINT('',(-9.6E0,-7.5E0,6.45E0));
#2774=LINE('',#2773,#2772);
#2775=DIRECTION('',(0.E0,6.427876096865E-1,-7.660444431190E-1));
#2776=VECTOR('',#2775,2.722516697006E0);
#2777=CARTESIAN_POINT('',(-3.7E0,-7.5E0,6.45E0));
#2778=LINE('',#2777,#2776);
#2779=DIRECTION('',(1.E0,0.E0,0.E0));
#2780=VECTOR('',#2779,3.2E0);
#2781=CARTESIAN_POINT('',(-3.7E0,-7.5E0,6.45E0));
#2782=LINE('',#2781,#2780);
#2783=DIRECTION('',(0.E0,6.427876096865E-1,-7.660444431190E-1));
#2784=VECTOR('',#2783,2.722516697006E0);
#2785=CARTESIAN_POINT('',(-5.E-1,-7.5E0,6.45E0));
#2786=LINE('',#2785,#2784);
#2787=DIRECTION('',(0.E0,1.E0,0.E0));
#2788=VECTOR('',#2787,1.75E0);
#2789=CARTESIAN_POINT('',(4.7E0,-7.5E0,-3.45E0));
#2790=LINE('',#2789,#2788);
#2791=DIRECTION('',(0.E0,0.E0,-1.E0));
#2792=VECTOR('',#2791,9.9E0);
#2793=CARTESIAN_POINT('',(4.7E0,-7.5E0,6.45E0));
#2794=LINE('',#2793,#2792);
#2795=DIRECTION('',(1.E0,0.E0,0.E0));
#2796=VECTOR('',#2795,1.E0);
#2797=CARTESIAN_POINT('',(3.7E0,-7.5E0,-3.45E0));
#2798=LINE('',#2797,#2796);
#2799=DIRECTION('',(0.E0,0.E0,-1.E0));
#2800=VECTOR('',#2799,9.9E0);
#2801=CARTESIAN_POINT('',(3.7E0,-7.5E0,6.45E0));
#2802=LINE('',#2801,#2800);
#2803=DIRECTION('',(0.E0,1.E0,0.E0));
#2804=VECTOR('',#2803,1.75E0);
#2805=CARTESIAN_POINT('',(3.7E0,-7.5E0,-3.45E0));
#2806=LINE('',#2805,#2804);
#2807=DIRECTION('',(1.E0,0.E0,0.E0));
#2808=VECTOR('',#2807,1.92E1);
#2809=CARTESIAN_POINT('',(-9.6E0,-7.5E0,7.45E0));
#2810=LINE('',#2809,#2808);
#2811=DIRECTION('',(0.E0,1.E0,0.E0));
#2812=VECTOR('',#2811,1.75E0);
#2813=CARTESIAN_POINT('',(-3.7E0,-7.5E0,-3.45E0));
#2814=LINE('',#2813,#2812);
#2815=DIRECTION('',(0.E0,0.E0,-1.E0));
#2816=VECTOR('',#2815,9.9E0);
#2817=CARTESIAN_POINT('',(-3.7E0,-7.5E0,6.45E0));
#2818=LINE('',#2817,#2816);
#2819=DIRECTION('',(1.E0,0.E0,0.E0));
#2820=VECTOR('',#2819,1.E0);
#2821=CARTESIAN_POINT('',(-4.7E0,-7.5E0,-3.45E0));
#2822=LINE('',#2821,#2820);
#2823=DIRECTION('',(0.E0,0.E0,-1.E0));
#2824=VECTOR('',#2823,9.9E0);
#2825=CARTESIAN_POINT('',(-4.7E0,-7.5E0,6.45E0));
#2826=LINE('',#2825,#2824);
#2827=DIRECTION('',(0.E0,1.E0,0.E0));
#2828=VECTOR('',#2827,1.75E0);
#2829=CARTESIAN_POINT('',(-4.7E0,-7.5E0,-3.45E0));
#2830=LINE('',#2829,#2828);
#2831=DIRECTION('',(0.E0,1.E0,0.E0));
#2832=VECTOR('',#2831,1.75E0);
#2833=CARTESIAN_POINT('',(5.E-1,-7.5E0,-3.45E0));
#2834=LINE('',#2833,#2832);
#2835=DIRECTION('',(0.E0,0.E0,-1.E0));
#2836=VECTOR('',#2835,9.9E0);
#2837=CARTESIAN_POINT('',(5.E-1,-7.5E0,6.45E0));
#2838=LINE('',#2837,#2836);
#2839=DIRECTION('',(1.E0,0.E0,0.E0));
#2840=VECTOR('',#2839,1.E0);
#2841=CARTESIAN_POINT('',(-5.E-1,-7.5E0,-3.45E0));
#2842=LINE('',#2841,#2840);
#2843=DIRECTION('',(0.E0,0.E0,-1.E0));
#2844=VECTOR('',#2843,9.9E0);
#2845=CARTESIAN_POINT('',(-5.E-1,-7.5E0,6.45E0));
#2846=LINE('',#2845,#2844);
#2847=DIRECTION('',(0.E0,1.E0,0.E0));
#2848=VECTOR('',#2847,1.75E0);
#2849=CARTESIAN_POINT('',(-5.E-1,-7.5E0,-3.45E0));
#2850=LINE('',#2849,#2848);
#2851=DIRECTION('',(0.E0,1.E0,0.E0));
#2852=VECTOR('',#2851,2.25E-1);
#2853=CARTESIAN_POINT('',(6.701E0,-5.975E0,-3.45E0));
#2854=LINE('',#2853,#2852);
#2855=CARTESIAN_POINT('',(6.901E0,-5.975E0,-3.45E0));
#2856=DIRECTION('',(0.E0,0.E0,-1.E0));
#2857=DIRECTION('',(1.E0,0.E0,0.E0));
#2858=AXIS2_PLACEMENT_3D('',#2855,#2856,#2857);
#2860=DIRECTION('',(0.E0,-1.E0,0.E0));
#2861=VECTOR('',#2860,2.25E-1);
#2862=CARTESIAN_POINT('',(7.101E0,-5.75E0,-3.45E0));
#2863=LINE('',#2862,#2861);
#2864=DIRECTION('',(0.E0,0.E0,1.E0));
#2865=VECTOR('',#2864,8.082575771294E0);
#2866=CARTESIAN_POINT('',(6.701E0,-5.975E0,-3.45E0));
#2867=LINE('',#2866,#2865);
#2868=DIRECTION('',(0.E0,0.E0,1.E0));
#2869=VECTOR('',#2868,8.082575771294E0);
#2870=CARTESIAN_POINT('',(7.101E0,-5.975E0,-3.45E0));
#2871=LINE('',#2870,#2869);
#2872=CARTESIAN_POINT('',(6.901E0,-5.975E0,4.85E0));
#2873=DIRECTION('',(0.E0,0.E0,-1.E0));
#2874=DIRECTION('',(4.097386690928E-1,-9.122029505817E-1,0.E0));
#2875=AXIS2_PLACEMENT_3D('',#2872,#2873,#2874);
#2877=DIRECTION('',(0.E0,0.E0,-1.E0));
#2878=VECTOR('',#2877,7.5E-1);
#2879=CARTESIAN_POINT('',(5.7E0,-5.E0,-6.7E0));
#2880=LINE('',#2879,#2878);
#2881=DIRECTION('',(0.E0,0.E0,-1.E0));
#2882=VECTOR('',#2881,7.5E-1);
#2883=CARTESIAN_POINT('',(7.1E0,-5.E0,-6.7E0));
#2884=LINE('',#2883,#2882);
#2885=DIRECTION('',(-1.E0,0.E0,0.E0));
#2886=VECTOR('',#2885,1.4E0);
#2887=CARTESIAN_POINT('',(7.1E0,-5.E0,-6.7E0));
#2888=LINE('',#2887,#2886);
#2889=DIRECTION('',(0.E0,0.E0,-1.E0));
#2890=VECTOR('',#2889,7.5E-1);
#2891=CARTESIAN_POINT('',(1.5E0,-5.E0,-6.7E0));
#2892=LINE('',#2891,#2890);
#2893=DIRECTION('',(0.E0,0.E0,-1.E0));
#2894=VECTOR('',#2893,7.5E-1);
#2895=CARTESIAN_POINT('',(2.7E0,-5.E0,-6.7E0));
#2896=LINE('',#2895,#2894);
#2897=DIRECTION('',(-1.E0,0.E0,0.E0));
#2898=VECTOR('',#2897,1.2E0);
#2899=CARTESIAN_POINT('',(2.7E0,-5.E0,-6.7E0));
#2900=LINE('',#2899,#2898);
#2901=DIRECTION('',(0.E0,0.E0,-1.E0));
#2902=VECTOR('',#2901,7.5E-1);
#2903=CARTESIAN_POINT('',(-5.7E0,-5.E0,-6.7E0));
#2904=LINE('',#2903,#2902);
#2905=DIRECTION('',(-1.E0,0.E0,0.E0));
#2906=VECTOR('',#2905,1.4E0);
#2907=CARTESIAN_POINT('',(-5.7E0,-5.E0,-6.7E0));
#2908=LINE('',#2907,#2906);
#2909=DIRECTION('',(0.E0,0.E0,-1.E0));
#2910=VECTOR('',#2909,7.5E-1);
#2911=CARTESIAN_POINT('',(-7.1E0,-5.E0,-6.7E0));
#2912=LINE('',#2911,#2910);
#2913=DIRECTION('',(0.E0,0.E0,-1.E0));
#2914=VECTOR('',#2913,7.5E-1);
#2915=CARTESIAN_POINT('',(-2.7E0,-5.E0,-6.7E0));
#2916=LINE('',#2915,#2914);
#2917=DIRECTION('',(0.E0,0.E0,-1.E0));
#2918=VECTOR('',#2917,7.5E-1);
#2919=CARTESIAN_POINT('',(-1.5E0,-5.E0,-6.7E0));
#2920=LINE('',#2919,#2918);
#2921=DIRECTION('',(-1.E0,0.E0,0.E0));
#2922=VECTOR('',#2921,1.2E0);
#2923=CARTESIAN_POINT('',(-1.5E0,-5.E0,-6.7E0));
#2924=LINE('',#2923,#2922);
#2925=DIRECTION('',(0.E0,-1.E0,0.E0));
#2926=VECTOR('',#2925,7.5E-1);
#2927=CARTESIAN_POINT('',(5.7E0,-5.E0,-6.7E0));
#2928=LINE('',#2927,#2926);
#2929=DIRECTION('',(0.E0,-1.E0,0.E0));
#2930=VECTOR('',#2929,7.5E-1);
#2931=CARTESIAN_POINT('',(5.7E0,5.75E0,-6.7E0));
#2932=LINE('',#2931,#2930);
#2933=DIRECTION('',(0.E0,1.E0,0.E0));
#2934=VECTOR('',#2933,7.5E-1);
#2935=CARTESIAN_POINT('',(5.7E0,-5.75E0,-7.45E0));
#2936=LINE('',#2935,#2934);
#2937=DIRECTION('',(1.E0,0.E0,0.E0));
#2938=VECTOR('',#2937,1.4E0);
#2939=CARTESIAN_POINT('',(5.7E0,-5.75E0,-7.45E0));
#2940=LINE('',#2939,#2938);
#2941=DIRECTION('',(0.E0,1.E0,0.E0));
#2942=VECTOR('',#2941,7.5E-1);
#2943=CARTESIAN_POINT('',(7.1E0,-5.75E0,-7.45E0));
#2944=LINE('',#2943,#2942);
#2945=DIRECTION('',(1.E0,0.E0,0.E0));
#2946=VECTOR('',#2945,1.4E0);
#2947=CARTESIAN_POINT('',(5.7E0,-5.E0,-7.45E0));
#2948=LINE('',#2947,#2946);
#2949=DIRECTION('',(0.E0,1.E0,0.E0));
#2950=VECTOR('',#2949,7.5E-1);
#2951=CARTESIAN_POINT('',(5.7E0,5.E0,-7.45E0));
#2952=LINE('',#2951,#2950);
#2953=DIRECTION('',(1.E0,0.E0,0.E0));
#2954=VECTOR('',#2953,1.4E0);
#2955=CARTESIAN_POINT('',(5.7E0,5.E0,-7.45E0));
#2956=LINE('',#2955,#2954);
#2957=DIRECTION('',(0.E0,1.E0,0.E0));
#2958=VECTOR('',#2957,7.5E-1);
#2959=CARTESIAN_POINT('',(7.1E0,5.E0,-7.45E0));
#2960=LINE('',#2959,#2958);
#2961=DIRECTION('',(0.E0,1.E0,0.E0));
#2962=VECTOR('',#2961,7.5E-1);
#2963=CARTESIAN_POINT('',(1.5E0,-5.75E0,-7.45E0));
#2964=LINE('',#2963,#2962);
#2965=DIRECTION('',(1.E0,0.E0,0.E0));
#2966=VECTOR('',#2965,1.2E0);
#2967=CARTESIAN_POINT('',(1.5E0,-5.75E0,-7.45E0));
#2968=LINE('',#2967,#2966);
#2969=DIRECTION('',(0.E0,1.E0,0.E0));
#2970=VECTOR('',#2969,7.5E-1);
#2971=CARTESIAN_POINT('',(2.7E0,-5.75E0,-7.45E0));
#2972=LINE('',#2971,#2970);
#2973=DIRECTION('',(1.E0,0.E0,0.E0));
#2974=VECTOR('',#2973,1.2E0);
#2975=CARTESIAN_POINT('',(1.5E0,-5.E0,-7.45E0));
#2976=LINE('',#2975,#2974);
#2977=DIRECTION('',(0.E0,1.E0,0.E0));
#2978=VECTOR('',#2977,7.5E-1);
#2979=CARTESIAN_POINT('',(1.5E0,5.E0,-7.45E0));
#2980=LINE('',#2979,#2978);
#2981=DIRECTION('',(1.E0,0.E0,0.E0));
#2982=VECTOR('',#2981,1.2E0);
#2983=CARTESIAN_POINT('',(1.5E0,5.E0,-7.45E0));
#2984=LINE('',#2983,#2982);
#2985=DIRECTION('',(0.E0,1.E0,0.E0));
#2986=VECTOR('',#2985,7.5E-1);
#2987=CARTESIAN_POINT('',(2.7E0,5.E0,-7.45E0));
#2988=LINE('',#2987,#2986);
#2989=DIRECTION('',(0.E0,1.E0,0.E0));
#2990=VECTOR('',#2989,7.5E-1);
#2991=CARTESIAN_POINT('',(-5.7E0,-5.75E0,-7.45E0));
#2992=LINE('',#2991,#2990);
#2993=DIRECTION('',(1.E0,0.E0,0.E0));
#2994=VECTOR('',#2993,1.4E0);
#2995=CARTESIAN_POINT('',(-7.1E0,-5.E0,-7.45E0));
#2996=LINE('',#2995,#2994);
#2997=DIRECTION('',(0.E0,1.E0,0.E0));
#2998=VECTOR('',#2997,7.5E-1);
#2999=CARTESIAN_POINT('',(-7.1E0,-5.75E0,-7.45E0));
#3000=LINE('',#2999,#2998);
#3001=DIRECTION('',(1.E0,0.E0,0.E0));
#3002=VECTOR('',#3001,1.4E0);
#3003=CARTESIAN_POINT('',(-7.1E0,-5.75E0,-7.45E0));
#3004=LINE('',#3003,#3002);
#3005=DIRECTION('',(0.E0,1.E0,0.E0));
#3006=VECTOR('',#3005,7.5E-1);
#3007=CARTESIAN_POINT('',(-5.7E0,5.E0,-7.45E0));
#3008=LINE('',#3007,#3006);
#3009=DIRECTION('',(0.E0,1.E0,0.E0));
#3010=VECTOR('',#3009,7.5E-1);
#3011=CARTESIAN_POINT('',(-7.1E0,5.E0,-7.45E0));
#3012=LINE('',#3011,#3010);
#3013=DIRECTION('',(1.E0,0.E0,0.E0));
#3014=VECTOR('',#3013,1.4E0);
#3015=CARTESIAN_POINT('',(-7.1E0,5.E0,-7.45E0));
#3016=LINE('',#3015,#3014);
#3017=DIRECTION('',(0.E0,1.E0,0.E0));
#3018=VECTOR('',#3017,7.5E-1);
#3019=CARTESIAN_POINT('',(-2.7E0,-5.75E0,-7.45E0));
#3020=LINE('',#3019,#3018);
#3021=DIRECTION('',(1.E0,0.E0,0.E0));
#3022=VECTOR('',#3021,1.2E0);
#3023=CARTESIAN_POINT('',(-2.7E0,-5.75E0,-7.45E0));
#3024=LINE('',#3023,#3022);
#3025=DIRECTION('',(0.E0,1.E0,0.E0));
#3026=VECTOR('',#3025,7.5E-1);
#3027=CARTESIAN_POINT('',(-1.5E0,-5.75E0,-7.45E0));
#3028=LINE('',#3027,#3026);
#3029=DIRECTION('',(1.E0,0.E0,0.E0));
#3030=VECTOR('',#3029,1.2E0);
#3031=CARTESIAN_POINT('',(-2.7E0,-5.E0,-7.45E0));
#3032=LINE('',#3031,#3030);
#3033=DIRECTION('',(0.E0,1.E0,0.E0));
#3034=VECTOR('',#3033,7.5E-1);
#3035=CARTESIAN_POINT('',(-2.7E0,5.E0,-7.45E0));
#3036=LINE('',#3035,#3034);
#3037=DIRECTION('',(1.E0,0.E0,0.E0));
#3038=VECTOR('',#3037,1.2E0);
#3039=CARTESIAN_POINT('',(-2.7E0,5.E0,-7.45E0));
#3040=LINE('',#3039,#3038);
#3041=DIRECTION('',(0.E0,1.E0,0.E0));
#3042=VECTOR('',#3041,7.5E-1);
#3043=CARTESIAN_POINT('',(-1.5E0,5.E0,-7.45E0));
#3044=LINE('',#3043,#3042);
#3045=DIRECTION('',(0.E0,0.E0,1.E0));
#3046=VECTOR('',#3045,7.5E-1);
#3047=CARTESIAN_POINT('',(5.7E0,5.E0,-7.45E0));
#3048=LINE('',#3047,#3046);
#3049=DIRECTION('',(0.E0,0.E0,1.E0));
#3050=VECTOR('',#3049,7.5E-1);
#3051=CARTESIAN_POINT('',(7.1E0,5.E0,-7.45E0));
#3052=LINE('',#3051,#3050);
#3053=DIRECTION('',(0.E0,0.E0,1.E0));
#3054=VECTOR('',#3053,7.5E-1);
#3055=CARTESIAN_POINT('',(1.5E0,5.E0,-7.45E0));
#3056=LINE('',#3055,#3054);
#3057=DIRECTION('',(0.E0,0.E0,1.E0));
#3058=VECTOR('',#3057,7.5E-1);
#3059=CARTESIAN_POINT('',(2.7E0,5.E0,-7.45E0));
#3060=LINE('',#3059,#3058);
#3061=DIRECTION('',(0.E0,0.E0,1.E0));
#3062=VECTOR('',#3061,7.5E-1);
#3063=CARTESIAN_POINT('',(-5.7E0,5.E0,-7.45E0));
#3064=LINE('',#3063,#3062);
#3065=DIRECTION('',(0.E0,0.E0,1.E0));
#3066=VECTOR('',#3065,7.5E-1);
#3067=CARTESIAN_POINT('',(-7.1E0,5.E0,-7.45E0));
#3068=LINE('',#3067,#3066);
#3069=DIRECTION('',(0.E0,0.E0,1.E0));
#3070=VECTOR('',#3069,7.5E-1);
#3071=CARTESIAN_POINT('',(-2.7E0,5.E0,-7.45E0));
#3072=LINE('',#3071,#3070);
#3073=DIRECTION('',(0.E0,0.E0,1.E0));
#3074=VECTOR('',#3073,7.5E-1);
#3075=CARTESIAN_POINT('',(-1.5E0,5.E0,-7.45E0));
#3076=LINE('',#3075,#3074);
#3077=DIRECTION('',(0.E0,-1.E0,0.E0));
#3078=VECTOR('',#3077,7.5E-1);
#3079=CARTESIAN_POINT('',(1.5E0,-5.E0,-6.7E0));
#3080=LINE('',#3079,#3078);
#3081=DIRECTION('',(0.E0,-1.E0,0.E0));
#3082=VECTOR('',#3081,7.5E-1);
#3083=CARTESIAN_POINT('',(1.5E0,5.75E0,-6.7E0));
#3084=LINE('',#3083,#3082);
#3085=DIRECTION('',(0.E0,-1.E0,0.E0));
#3086=VECTOR('',#3085,7.5E-1);
#3087=CARTESIAN_POINT('',(-7.1E0,-5.E0,-6.7E0));
#3088=LINE('',#3087,#3086);
#3089=DIRECTION('',(0.E0,-1.E0,0.E0));
#3090=VECTOR('',#3089,7.5E-1);
#3091=CARTESIAN_POINT('',(-7.1E0,5.75E0,-6.7E0));
#3092=LINE('',#3091,#3090);
#3093=DIRECTION('',(0.E0,-1.E0,0.E0));
#3094=VECTOR('',#3093,7.5E-1);
#3095=CARTESIAN_POINT('',(-2.7E0,-5.E0,-6.7E0));
#3096=LINE('',#3095,#3094);
#3097=DIRECTION('',(0.E0,-1.E0,0.E0));
#3098=VECTOR('',#3097,7.5E-1);
#3099=CARTESIAN_POINT('',(-2.7E0,5.75E0,-6.7E0));
#3100=LINE('',#3099,#3098);
#3101=DIRECTION('',(0.E0,1.E0,0.E0));
#3102=VECTOR('',#3101,5.E-1);
#3103=CARTESIAN_POINT('',(-1.1505E1,2.05E0,-3.45E0));
#3104=LINE('',#3103,#3102);
#3105=DIRECTION('',(0.E0,0.E0,1.E0));
#3106=VECTOR('',#3105,3.25E0);
#3107=CARTESIAN_POINT('',(-1.1505E1,2.55E0,-6.7E0));
#3108=LINE('',#3107,#3106);
#3109=DIRECTION('',(0.E0,1.E0,0.E0));
#3110=VECTOR('',#3109,3.2E0);
#3111=CARTESIAN_POINT('',(-1.1505E1,2.55E0,-6.7E0));
#3112=LINE('',#3111,#3110);
#3113=DIRECTION('',(0.E0,-1.E0,0.E0));
#3114=VECTOR('',#3113,4.25E0);
#3115=CARTESIAN_POINT('',(-1.1505E1,5.75E0,6.2E0));
#3116=LINE('',#3115,#3114);
#3117=DIRECTION('',(0.E0,0.E0,-1.E0));
#3118=VECTOR('',#3117,4.E0);
#3119=CARTESIAN_POINT('',(-1.1505E1,1.5E0,6.2E0));
#3120=LINE('',#3119,#3118);
#3121=DIRECTION('',(0.E0,1.E0,0.E0));
#3122=VECTOR('',#3121,5.E-1);
#3123=CARTESIAN_POINT('',(-1.1505E1,1.E0,2.2E0));
#3124=LINE('',#3123,#3122);
#3125=DIRECTION('',(0.E0,0.E0,-1.E0));
#3126=VECTOR('',#3125,4.E0);
#3127=CARTESIAN_POINT('',(-1.1505E1,1.E0,6.2E0));
#3128=LINE('',#3127,#3126);
#3129=DIRECTION('',(0.E0,-1.E0,0.E0));
#3130=VECTOR('',#3129,2.25E0);
#3131=CARTESIAN_POINT('',(-1.1505E1,1.E0,6.2E0));
#3132=LINE('',#3131,#3130);
#3133=DIRECTION('',(0.E0,0.E0,-1.E0));
#3134=VECTOR('',#3133,4.E0);
#3135=CARTESIAN_POINT('',(-1.1505E1,-1.25E0,6.2E0));
#3136=LINE('',#3135,#3134);
#3137=DIRECTION('',(0.E0,1.E0,0.E0));
#3138=VECTOR('',#3137,1.5E0);
#3139=CARTESIAN_POINT('',(-1.1505E1,-2.75E0,2.2E0));
#3140=LINE('',#3139,#3138);
#3141=DIRECTION('',(0.E0,0.E0,-1.E0));
#3142=VECTOR('',#3141,4.E0);
#3143=CARTESIAN_POINT('',(-1.1505E1,-2.75E0,6.2E0));
#3144=LINE('',#3143,#3142);
#3145=DIRECTION('',(0.E0,-1.E0,0.E0));
#3146=VECTOR('',#3145,3.E0);
#3147=CARTESIAN_POINT('',(-1.1505E1,-2.75E0,6.2E0));
#3148=LINE('',#3147,#3146);
#3149=DIRECTION('',(0.E0,0.E0,1.E0));
#3150=VECTOR('',#3149,1.29E1);
#3151=CARTESIAN_POINT('',(-1.1505E1,-5.75E0,-6.7E0));
#3152=LINE('',#3151,#3150);
#3153=DIRECTION('',(0.E0,1.E0,0.E0));
#3154=VECTOR('',#3153,7.8E0);
#3155=CARTESIAN_POINT('',(-1.1505E1,-5.75E0,-6.7E0));
#3156=LINE('',#3155,#3154);
#3157=DIRECTION('',(0.E0,0.E0,1.E0));
#3158=VECTOR('',#3157,3.25E0);
#3159=CARTESIAN_POINT('',(-1.1505E1,2.05E0,-6.7E0));
#3160=LINE('',#3159,#3158);
#3161=DIRECTION('',(0.E0,0.E0,1.E0));
#3162=VECTOR('',#3161,3.25E0);
#3163=CARTESIAN_POINT('',(-8.805E0,2.55E0,-6.7E0));
#3164=LINE('',#3163,#3162);
#3165=DIRECTION('',(0.E0,0.E0,1.E0));
#3166=VECTOR('',#3165,3.25E0);
#3167=CARTESIAN_POINT('',(-8.805E0,2.05E0,-6.7E0));
#3168=LINE('',#3167,#3166);
#3169=DIRECTION('',(0.E0,0.E0,1.E0));
#3170=VECTOR('',#3169,4.E0);
#3171=CARTESIAN_POINT('',(-1.0175E1,1.5E0,2.2E0));
#3172=LINE('',#3171,#3170);
#3173=DIRECTION('',(0.E0,0.E0,-1.E0));
#3174=VECTOR('',#3173,4.E0);
#3175=CARTESIAN_POINT('',(-8.855E0,1.5E0,6.2E0));
#3176=LINE('',#3175,#3174);
#3177=DIRECTION('',(0.E0,0.E0,1.E0));
#3178=VECTOR('',#3177,4.E0);
#3179=CARTESIAN_POINT('',(-1.0625E1,1.5E0,2.2E0));
#3180=LINE('',#3179,#3178);
#3181=DIRECTION('',(0.E0,0.E0,-1.E0));
#3182=VECTOR('',#3181,6.E0);
#3183=CARTESIAN_POINT('',(-1.0175E1,5.E-1,6.2E0));
#3184=LINE('',#3183,#3182);
#3185=DIRECTION('',(0.E0,0.E0,-1.E0));
#3186=VECTOR('',#3185,6.E0);
#3187=CARTESIAN_POINT('',(-1.0625E1,5.E-1,6.2E0));
#3188=LINE('',#3187,#3186);
#3189=DIRECTION('',(0.E0,0.E0,-1.E0));
#3190=VECTOR('',#3189,6.E0);
#3191=CARTESIAN_POINT('',(-1.0625E1,2.E0,6.2E0));
#3192=LINE('',#3191,#3190);
#3193=DIRECTION('',(0.E0,0.E0,-1.E0));
#3194=VECTOR('',#3193,6.E0);
#3195=CARTESIAN_POINT('',(-1.0175E1,2.E0,6.2E0));
#3196=LINE('',#3195,#3194);
#3197=DIRECTION('',(1.E0,0.E0,0.E0));
#3198=VECTOR('',#3197,4.5E-1);
#3199=CARTESIAN_POINT('',(1.0175E1,5.E-1,2.E-1));
#3200=LINE('',#3199,#3198);
#3201=DIRECTION('',(0.E0,-1.E0,0.E0));
#3202=VECTOR('',#3201,1.5E0);
#3203=CARTESIAN_POINT('',(1.0175E1,2.E0,2.E-1));
#3204=LINE('',#3203,#3202);
#3205=DIRECTION('',(-1.E0,0.E0,0.E0));
#3206=VECTOR('',#3205,4.5E-1);
#3207=CARTESIAN_POINT('',(1.0625E1,2.E0,2.E-1));
#3208=LINE('',#3207,#3206);
#3209=DIRECTION('',(0.E0,1.E0,0.E0));
#3210=VECTOR('',#3209,1.5E0);
#3211=CARTESIAN_POINT('',(1.0625E1,5.E-1,2.E-1));
#3212=LINE('',#3211,#3210);
#3213=DIRECTION('',(-1.E0,0.E0,0.E0));
#3214=VECTOR('',#3213,4.5E-1);
#3215=CARTESIAN_POINT('',(1.0625E1,-1.25E0,2.E-1));
#3216=LINE('',#3215,#3214);
#3217=DIRECTION('',(0.E0,1.E0,0.E0));
#3218=VECTOR('',#3217,1.5E0);
#3219=CARTESIAN_POINT('',(1.0625E1,-2.75E0,2.E-1));
#3220=LINE('',#3219,#3218);
#3221=DIRECTION('',(1.E0,0.E0,0.E0));
#3222=VECTOR('',#3221,4.5E-1);
#3223=CARTESIAN_POINT('',(1.0175E1,-2.75E0,2.E-1));
#3224=LINE('',#3223,#3222);
#3225=DIRECTION('',(0.E0,-1.E0,0.E0));
#3226=VECTOR('',#3225,1.5E0);
#3227=CARTESIAN_POINT('',(1.0175E1,-1.25E0,2.E-1));
#3228=LINE('',#3227,#3226);
#3229=DIRECTION('',(0.E0,1.E0,0.E0));
#3230=VECTOR('',#3229,1.5E0);
#3231=CARTESIAN_POINT('',(-1.0175E1,5.E-1,2.E-1));
#3232=LINE('',#3231,#3230);
#3233=DIRECTION('',(1.E0,0.E0,0.E0));
#3234=VECTOR('',#3233,4.5E-1);
#3235=CARTESIAN_POINT('',(-1.0625E1,5.E-1,2.E-1));
#3236=LINE('',#3235,#3234);
#3237=DIRECTION('',(0.E0,-1.E0,0.E0));
#3238=VECTOR('',#3237,1.5E0);
#3239=CARTESIAN_POINT('',(-1.0625E1,2.E0,2.E-1));
#3240=LINE('',#3239,#3238);
#3241=DIRECTION('',(-1.E0,0.E0,0.E0));
#3242=VECTOR('',#3241,4.5E-1);
#3243=CARTESIAN_POINT('',(-1.0175E1,2.E0,2.E-1));
#3244=LINE('',#3243,#3242);
#3245=DIRECTION('',(0.E0,-1.E0,0.E0));
#3246=VECTOR('',#3245,1.5E0);
#3247=CARTESIAN_POINT('',(-1.0625E1,-1.25E0,2.E-1));
#3248=LINE('',#3247,#3246);
#3249=DIRECTION('',(-1.E0,0.E0,0.E0));
#3250=VECTOR('',#3249,4.5E-1);
#3251=CARTESIAN_POINT('',(-1.0175E1,-1.25E0,2.E-1));
#3252=LINE('',#3251,#3250);
#3253=DIRECTION('',(0.E0,1.E0,0.E0));
#3254=VECTOR('',#3253,1.5E0);
#3255=CARTESIAN_POINT('',(-1.0175E1,-2.75E0,2.E-1));
#3256=LINE('',#3255,#3254);
#3257=DIRECTION('',(1.E0,0.E0,0.E0));
#3258=VECTOR('',#3257,4.5E-1);
#3259=CARTESIAN_POINT('',(-1.0625E1,-2.75E0,2.E-1));
#3260=LINE('',#3259,#3258);
#3261=DIRECTION('',(0.E0,0.E0,-1.E0));
#3262=VECTOR('',#3261,6.E0);
#3263=CARTESIAN_POINT('',(1.0175E1,5.E-1,6.2E0));
#3264=LINE('',#3263,#3262);
#3265=DIRECTION('',(0.E0,0.E0,-1.E0));
#3266=VECTOR('',#3265,6.E0);
#3267=CARTESIAN_POINT('',(1.0175E1,2.E0,6.2E0));
#3268=LINE('',#3267,#3266);
#3269=DIRECTION('',(0.E0,0.E0,1.E0));
#3270=VECTOR('',#3269,4.E0);
#3271=CARTESIAN_POINT('',(1.0625E1,1.5E0,2.2E0));
#3272=LINE('',#3271,#3270);
#3273=DIRECTION('',(0.E0,0.E0,1.E0));
#3274=VECTOR('',#3273,4.E0);
#3275=CARTESIAN_POINT('',(1.0175E1,1.5E0,2.2E0));
#3276=LINE('',#3275,#3274);
#3277=DIRECTION('',(0.E0,0.E0,-1.E0));
#3278=VECTOR('',#3277,4.E0);
#3279=CARTESIAN_POINT('',(8.855E0,1.5E0,6.2E0));
#3280=LINE('',#3279,#3278);
#3281=DIRECTION('',(0.E0,0.E0,-1.E0));
#3282=VECTOR('',#3281,6.E0);
#3283=CARTESIAN_POINT('',(1.0625E1,2.E0,6.2E0));
#3284=LINE('',#3283,#3282);
#3285=DIRECTION('',(0.E0,0.E0,-1.E0));
#3286=VECTOR('',#3285,2.E0);
#3287=CARTESIAN_POINT('',(1.0625E1,-1.25E0,2.2E0));
#3288=LINE('',#3287,#3286);
#3289=DIRECTION('',(0.E0,0.E0,-1.E0));
#3290=VECTOR('',#3289,2.E0);
#3291=CARTESIAN_POINT('',(1.0625E1,-2.75E0,2.2E0));
#3292=LINE('',#3291,#3290);
#3293=DIRECTION('',(0.E0,0.E0,-1.E0));
#3294=VECTOR('',#3293,2.E0);
#3295=CARTESIAN_POINT('',(1.0175E1,-1.25E0,2.2E0));
#3296=LINE('',#3295,#3294);
#3297=DIRECTION('',(0.E0,0.E0,-1.E0));
#3298=VECTOR('',#3297,2.E0);
#3299=CARTESIAN_POINT('',(-1.0625E1,-1.25E0,2.2E0));
#3300=LINE('',#3299,#3298);
#3301=DIRECTION('',(0.E0,0.E0,-1.E0));
#3302=VECTOR('',#3301,2.E0);
#3303=CARTESIAN_POINT('',(-1.0175E1,-1.25E0,2.2E0));
#3304=LINE('',#3303,#3302);
#3305=DIRECTION('',(0.E0,0.E0,-1.E0));
#3306=VECTOR('',#3305,4.E0);
#3307=CARTESIAN_POINT('',(-9.6E0,-1.25E0,6.2E0));
#3308=LINE('',#3307,#3306);
#3309=DIRECTION('',(0.E0,0.E0,-1.E0));
#3310=VECTOR('',#3309,2.E0);
#3311=CARTESIAN_POINT('',(-1.0175E1,-2.75E0,2.2E0));
#3312=LINE('',#3311,#3310);
#3313=DIRECTION('',(0.E0,0.E0,-1.E0));
#3314=VECTOR('',#3313,2.E0);
#3315=CARTESIAN_POINT('',(-1.0625E1,-2.75E0,2.2E0));
#3316=LINE('',#3315,#3314);
#3317=DIRECTION('',(0.E0,0.E0,-1.E0));
#3318=VECTOR('',#3317,4.E0);
#3319=CARTESIAN_POINT('',(-8.855E0,1.E0,6.2E0));
#3320=LINE('',#3319,#3318);
#3321=DIRECTION('',(0.E0,0.E0,-1.E0));
#3322=VECTOR('',#3321,5.E0);
#3323=CARTESIAN_POINT('',(6.E0,7.5E0,6.45E0));
#3324=LINE('',#3323,#3322);
#3325=DIRECTION('',(0.E0,-1.E0,0.E0));
#3326=VECTOR('',#3325,1.75E0);
#3327=CARTESIAN_POINT('',(6.E0,7.5E0,1.45E0));
#3328=LINE('',#3327,#3326);
#3329=DIRECTION('',(-1.E0,0.E0,0.E0));
#3330=VECTOR('',#3329,1.E0);
#3331=CARTESIAN_POINT('',(6.E0,5.E0,1.45E0));
#3332=LINE('',#3331,#3330);
#3333=DIRECTION('',(-1.E0,0.E0,0.E0));
#3334=VECTOR('',#3333,1.E0);
#3335=CARTESIAN_POINT('',(6.E0,7.5E0,1.45E0));
#3336=LINE('',#3335,#3334);
#3337=DIRECTION('',(0.E0,0.E0,1.E0));
#3338=VECTOR('',#3337,6.5E0);
#3339=CARTESIAN_POINT('',(6.E0,5.E0,-5.05E0));
#3340=LINE('',#3339,#3338);
#3341=DIRECTION('',(0.E0,1.E0,0.E0));
#3342=VECTOR('',#3341,7.5E-1);
#3343=CARTESIAN_POINT('',(6.E0,5.E0,1.45E0));
#3344=LINE('',#3343,#3342);
#3345=DIRECTION('',(0.E0,0.E0,1.E0));
#3346=VECTOR('',#3345,4.043478260870E0);
#3347=CARTESIAN_POINT('',(5.E0,5.E0,1.45E0));
#3348=LINE('',#3347,#3346);
#3349=DIRECTION('',(0.E0,-1.E0,0.E0));
#3350=VECTOR('',#3349,2.5E0);
#3351=CARTESIAN_POINT('',(5.E0,7.5E0,1.45E0));
#3352=LINE('',#3351,#3350);
#3353=DIRECTION('',(0.E0,0.E0,-1.E0));
#3354=VECTOR('',#3353,6.E0);
#3355=CARTESIAN_POINT('',(5.E0,7.5E0,7.45E0));
#3356=LINE('',#3355,#3354);
#3357=DIRECTION('',(0.E0,1.E0,0.E0));
#3358=VECTOR('',#3357,1.2E0);
#3359=CARTESIAN_POINT('',(5.E0,6.3E0,7.45E0));
#3360=LINE('',#3359,#3358);
#3361=DIRECTION('',(0.E0,6.770565308209E-1,7.359310117618E-1));
#3362=VECTOR('',#3361,2.658566778490E0);
#3363=CARTESIAN_POINT('',(5.E0,4.5E0,5.493478260870E0));
#3364=LINE('',#3363,#3362);
#3365=DIRECTION('',(0.E0,1.E0,0.E0));
#3366=VECTOR('',#3365,5.E-1);
#3367=CARTESIAN_POINT('',(5.E0,4.5E0,5.493478260870E0));
#3368=LINE('',#3367,#3366);
#3369=DIRECTION('',(0.E0,1.E0,0.E0));
#3370=VECTOR('',#3369,1.75E0);
#3371=CARTESIAN_POINT('',(-6.E0,5.75E0,1.45E0));
#3372=LINE('',#3371,#3370);
#3373=DIRECTION('',(0.E0,0.E0,1.E0));
#3374=VECTOR('',#3373,5.E0);
#3375=CARTESIAN_POINT('',(-6.E0,7.5E0,1.45E0));
#3376=LINE('',#3375,#3374);
#3377=DIRECTION('',(6.770565308209E-1,0.E0,7.359310117618E-1));
#3378=VECTOR('',#3377,3.397057550293E0);
#3379=CARTESIAN_POINT('',(6.1E0,4.E0,4.95E0));
#3380=LINE('',#3379,#3378);
#3381=DIRECTION('',(6.770565308209E-1,0.E0,7.359310117618E-1));
#3382=VECTOR('',#3381,3.397057550293E0);
#3383=CARTESIAN_POINT('',(6.1E0,1.E0,4.95E0));
#3384=LINE('',#3383,#3382);
#3385=DIRECTION('',(5.606421918308E-1,-5.606421918308E-1,6.093936867726E-1));
#3386=VECTOR('',#3385,4.102438299353E0);
#3387=CARTESIAN_POINT('',(6.1E0,-4.E0,4.95E0));
#3388=LINE('',#3387,#3386);
#3389=DIRECTION('',(0.E0,1.E0,0.E0));
#3390=VECTOR('',#3389,5.E0);
#3391=CARTESIAN_POINT('',(6.1E0,-4.E0,4.95E0));
#3392=LINE('',#3391,#3390);
#3393=DIRECTION('',(0.E0,0.E0,-1.E0));
#3394=VECTOR('',#3393,6.8E0);
#3395=CARTESIAN_POINT('',(-6.1E0,-4.E-1,3.95E0));
#3396=LINE('',#3395,#3394);
#3397=DIRECTION('',(0.E0,-1.E0,0.E0));
#3398=VECTOR('',#3397,3.E0);
#3399=CARTESIAN_POINT('',(-6.1E0,4.E0,4.95E0));
#3400=LINE('',#3399,#3398);
#3401=DIRECTION('',(0.E0,0.E0,-1.E0));
#3402=VECTOR('',#3401,7.8E0);
#3403=CARTESIAN_POINT('',(-6.1E0,4.E0,4.95E0));
#3404=LINE('',#3403,#3402);
#3405=DIRECTION('',(0.E0,0.E0,-1.E0));
#3406=VECTOR('',#3405,1.065E1);
#3407=CARTESIAN_POINT('',(-2.3E0,-4.E-1,3.95E0));
#3408=LINE('',#3407,#3406);
#3409=DIRECTION('',(0.E0,0.E0,-1.E0));
#3410=VECTOR('',#3409,3.E0);
#3411=CARTESIAN_POINT('',(-2.3E0,-3.E0,3.95E0));
#3412=LINE('',#3411,#3410);
#3413=DIRECTION('',(0.E0,0.E0,-1.E0));
#3414=VECTOR('',#3413,7.65E0);
#3415=CARTESIAN_POINT('',(-2.3E0,-4.E0,9.5E-1));
#3416=LINE('',#3415,#3414);
#3417=DIRECTION('',(0.E0,0.E0,-1.E0));
#3418=VECTOR('',#3417,3.85E0);
#3419=CARTESIAN_POINT('',(-2.3E0,-1.5E0,-2.85E0));
#3420=LINE('',#3419,#3418);
#3421=DIRECTION('',(0.E0,0.E0,1.E0));
#3422=VECTOR('',#3421,3.8E0);
#3423=CARTESIAN_POINT('',(-2.8E0,-3.5E0,-2.85E0));
#3424=LINE('',#3423,#3422);
#3425=DIRECTION('',(-7.071067811865E-1,-7.071067811865E-1,0.E0));
#3426=VECTOR('',#3425,7.071067811865E-1);
#3427=CARTESIAN_POINT('',(-2.3E0,-3.E0,9.5E-1));
#3428=LINE('',#3427,#3426);
#3429=DIRECTION('',(0.E0,0.E0,-1.E0));
#3430=VECTOR('',#3429,6.8E0);
#3431=CARTESIAN_POINT('',(-3.3E0,-4.E0,3.95E0));
#3432=LINE('',#3431,#3430);
#3433=DIRECTION('',(0.E0,0.E0,-1.E0));
#3434=VECTOR('',#3433,3.85E0);
#3435=CARTESIAN_POINT('',(-2.8E0,-2.E0,-2.85E0));
#3436=LINE('',#3435,#3434);
#3437=DIRECTION('',(0.E0,0.E0,-1.E0));
#3438=VECTOR('',#3437,7.65E0);
#3439=CARTESIAN_POINT('',(-2.8E0,-4.E0,9.5E-1));
#3440=LINE('',#3439,#3438);
#3441=DIRECTION('',(0.E0,1.E0,0.E0));
#3442=VECTOR('',#3441,1.E0);
#3443=CARTESIAN_POINT('',(-2.3E0,-4.E0,9.5E-1));
#3444=LINE('',#3443,#3442);
#3445=DIRECTION('',(0.E0,-1.E0,0.E0));
#3446=VECTOR('',#3445,5.E-1);
#3447=CARTESIAN_POINT('',(-2.8E0,-3.5E0,9.5E-1));
#3448=LINE('',#3447,#3446);
#3449=DIRECTION('',(1.E0,0.E0,0.E0));
#3450=VECTOR('',#3449,5.E-1);
#3451=CARTESIAN_POINT('',(-2.8E0,-4.E0,9.5E-1));
#3452=LINE('',#3451,#3450);
#3453=DIRECTION('',(0.E0,0.E0,-1.E0));
#3454=VECTOR('',#3453,3.85E0);
#3455=CARTESIAN_POINT('',(-2.3E0,-2.E0,-2.85E0));
#3456=LINE('',#3455,#3454);
#3457=DIRECTION('',(0.E0,0.E0,-1.E0));
#3458=VECTOR('',#3457,3.85E0);
#3459=CARTESIAN_POINT('',(-2.8E0,-1.5E0,-2.85E0));
#3460=LINE('',#3459,#3458);
#3461=DIRECTION('',(0.E0,0.E0,-1.E0));
#3462=VECTOR('',#3461,3.85E0);
#3463=CARTESIAN_POINT('',(-2.8E0,-4.E-1,-2.85E0));
#3464=LINE('',#3463,#3462);
#3465=DIRECTION('',(0.E0,0.E0,-1.E0));
#3466=VECTOR('',#3465,6.8E0);
#3467=CARTESIAN_POINT('',(-6.1E0,-3.E0,3.95E0));
#3468=LINE('',#3467,#3466);
#3469=DIRECTION('',(0.E0,-1.E0,0.E0));
#3470=VECTOR('',#3469,3.E0);
#3471=CARTESIAN_POINT('',(-8.402213607542E0,4.E0,6.2E0));
#3472=LINE('',#3471,#3470);
#3473=DIRECTION('',(0.E0,0.E0,-1.E0));
#3474=VECTOR('',#3473,6.8E0);
#3475=CARTESIAN_POINT('',(-1.9E0,-3.E0,3.95E0));
#3476=LINE('',#3475,#3474);
#3477=DIRECTION('',(0.E0,0.E0,-1.E0));
#3478=VECTOR('',#3477,6.8E0);
#3479=CARTESIAN_POINT('',(-1.9E0,-4.E-1,3.95E0));
#3480=LINE('',#3479,#3478);
#3481=DIRECTION('',(0.E0,0.E0,-1.E0));
#3482=VECTOR('',#3481,3.85E0);
#3483=CARTESIAN_POINT('',(1.9E0,-1.5E0,-2.85E0));
#3484=LINE('',#3483,#3482);
#3485=DIRECTION('',(0.E0,0.E0,1.E0));
#3486=VECTOR('',#3485,1.065E1);
#3487=CARTESIAN_POINT('',(1.9E0,-4.E-1,-6.7E0));
#3488=LINE('',#3487,#3486);
#3489=DIRECTION('',(0.E0,0.E0,-1.E0));
#3490=VECTOR('',#3489,3.E0);
#3491=CARTESIAN_POINT('',(1.9E0,-3.E0,3.95E0));
#3492=LINE('',#3491,#3490);
#3493=DIRECTION('',(0.E0,0.E0,-1.E0));
#3494=VECTOR('',#3493,7.65E0);
#3495=CARTESIAN_POINT('',(1.9E0,-4.E0,9.5E-1));
#3496=LINE('',#3495,#3494);
#3497=DIRECTION('',(0.E0,0.E0,-1.E0));
#3498=VECTOR('',#3497,3.85E0);
#3499=CARTESIAN_POINT('',(1.4E0,-1.5E0,-2.85E0));
#3500=LINE('',#3499,#3498);
#3501=DIRECTION('',(0.E0,0.E0,-1.E0));
#3502=VECTOR('',#3501,3.85E0);
#3503=CARTESIAN_POINT('',(1.4E0,-4.E-1,-2.85E0));
#3504=LINE('',#3503,#3502);
#3505=DIRECTION('',(0.E0,0.E0,1.E0));
#3506=VECTOR('',#3505,3.8E0);
#3507=CARTESIAN_POINT('',(1.4E0,-3.5E0,-2.85E0));
#3508=LINE('',#3507,#3506);
#3509=DIRECTION('',(7.071067811865E-1,7.071067811866E-1,0.E0));
#3510=VECTOR('',#3509,7.071067811865E-1);
#3511=CARTESIAN_POINT('',(1.4E0,-3.5E0,9.5E-1));
#3512=LINE('',#3511,#3510);
#3513=DIRECTION('',(0.E0,0.E0,-1.E0));
#3514=VECTOR('',#3513,6.8E0);
#3515=CARTESIAN_POINT('',(9.E-1,-4.E0,3.95E0));
#3516=LINE('',#3515,#3514);
#3517=DIRECTION('',(0.E0,0.E0,-1.E0));
#3518=VECTOR('',#3517,3.85E0);
#3519=CARTESIAN_POINT('',(1.4E0,-2.E0,-2.85E0));
#3520=LINE('',#3519,#3518);
#3521=DIRECTION('',(0.E0,0.E0,-1.E0));
#3522=VECTOR('',#3521,7.65E0);
#3523=CARTESIAN_POINT('',(1.4E0,-4.E0,9.5E-1));
#3524=LINE('',#3523,#3522);
#3525=DIRECTION('',(0.E0,1.E0,0.E0));
#3526=VECTOR('',#3525,1.E0);
#3527=CARTESIAN_POINT('',(1.9E0,-4.E0,9.5E-1));
#3528=LINE('',#3527,#3526);
#3529=DIRECTION('',(0.E0,-1.E0,0.E0));
#3530=VECTOR('',#3529,5.E-1);
#3531=CARTESIAN_POINT('',(1.4E0,-3.5E0,9.5E-1));
#3532=LINE('',#3531,#3530);
#3533=DIRECTION('',(1.E0,0.E0,0.E0));
#3534=VECTOR('',#3533,5.E-1);
#3535=CARTESIAN_POINT('',(1.4E0,-4.E0,9.5E-1));
#3536=LINE('',#3535,#3534);
#3537=DIRECTION('',(0.E0,0.E0,-1.E0));
#3538=VECTOR('',#3537,3.85E0);
#3539=CARTESIAN_POINT('',(1.9E0,-2.E0,-2.85E0));
#3540=LINE('',#3539,#3538);
#3541=DIRECTION('',(0.E0,1.E0,0.E0));
#3542=VECTOR('',#3541,5.E-1);
#3543=CARTESIAN_POINT('',(2.8E0,4.E-1,9.5E-1));
#3544=LINE('',#3543,#3542);
#3545=DIRECTION('',(0.E0,-1.E0,0.E0));
#3546=VECTOR('',#3545,1.E0);
#3547=CARTESIAN_POINT('',(2.3E0,1.4E0,9.5E-1));
#3548=LINE('',#3547,#3546);
#3549=DIRECTION('',(1.E0,0.E0,0.E0));
#3550=VECTOR('',#3549,5.E-1);
#3551=CARTESIAN_POINT('',(2.3E0,4.E-1,9.5E-1));
#3552=LINE('',#3551,#3550);
#3553=DIRECTION('',(0.E0,0.E0,-1.E0));
#3554=VECTOR('',#3553,7.65E0);
#3555=CARTESIAN_POINT('',(2.3E0,4.E-1,9.5E-1));
#3556=LINE('',#3555,#3554);
#3557=DIRECTION('',(0.E0,0.E0,-1.E0));
#3558=VECTOR('',#3557,3.85E0);
#3559=CARTESIAN_POINT('',(2.3E0,2.65E0,-2.85E0));
#3560=LINE('',#3559,#3558);
#3561=DIRECTION('',(0.E0,0.E0,-1.E0));
#3562=VECTOR('',#3561,3.35E0);
#3563=CARTESIAN_POINT('',(1.02E1,-3.3E0,-6.7E0));
#3564=LINE('',#3563,#3562);
#3565=DIRECTION('',(0.E0,-1.E0,0.E0));
#3566=VECTOR('',#3565,6.5E-1);
#3567=CARTESIAN_POINT('',(1.02E1,-3.3E0,-1.005E1));
#3568=LINE('',#3567,#3566);
#3569=DIRECTION('',(0.E0,0.E0,-1.E0));
#3570=VECTOR('',#3569,3.E-1);
#3571=CARTESIAN_POINT('',(1.02E1,-3.95E0,-1.005E1));
#3572=LINE('',#3571,#3570);
#3573=DIRECTION('',(0.E0,4.090559040929E-1,-9.125093245150E-1));
#3574=VECTOR('',#3573,1.589024858207E0);
#3575=CARTESIAN_POINT('',(1.02E1,-3.95E0,-1.035E1));
#3576=LINE('',#3575,#3574);
#3577=DIRECTION('',(0.E0,1.E0,0.E0));
#3578=VECTOR('',#3577,5.15E-1);
#3579=CARTESIAN_POINT('',(1.02E1,-3.3E0,-1.18E1));
#3580=LINE('',#3579,#3578);
#3581=DIRECTION('',(0.E0,0.E0,1.E0));
#3582=VECTOR('',#3581,5.1E0);
#3583=CARTESIAN_POINT('',(1.02E1,-2.785E0,-1.18E1));
#3584=LINE('',#3583,#3582);
#3585=DIRECTION('',(0.E0,0.E0,-1.E0));
#3586=VECTOR('',#3585,5.1E0);
#3587=CARTESIAN_POINT('',(1.02E1,-1.415E0,-6.7E0));
#3588=LINE('',#3587,#3586);
#3589=DIRECTION('',(0.E0,1.E0,0.E0));
#3590=VECTOR('',#3589,5.15E-1);
#3591=CARTESIAN_POINT('',(1.02E1,-1.415E0,-1.18E1));
#3592=LINE('',#3591,#3590);
#3593=DIRECTION('',(0.E0,4.090559040929E-1,9.125093245150E-1));
#3594=VECTOR('',#3593,1.589024858207E0);
#3595=CARTESIAN_POINT('',(1.02E1,-9.E-1,-1.18E1));
#3596=LINE('',#3595,#3594);
#3597=DIRECTION('',(0.E0,0.E0,1.E0));
#3598=VECTOR('',#3597,3.E-1);
#3599=CARTESIAN_POINT('',(1.02E1,-2.5E-1,-1.035E1));
#3600=LINE('',#3599,#3598);
#3601=DIRECTION('',(0.E0,-1.E0,0.E0));
#3602=VECTOR('',#3601,6.5E-1);
#3603=CARTESIAN_POINT('',(1.02E1,-2.5E-1,-1.005E1));
#3604=LINE('',#3603,#3602);
#3605=DIRECTION('',(0.E0,0.E0,1.E0));
#3606=VECTOR('',#3605,3.35E0);
#3607=CARTESIAN_POINT('',(1.02E1,-9.E-1,-1.005E1));
#3608=LINE('',#3607,#3606);
#3609=DIRECTION('',(0.E0,0.E0,1.E0));
#3610=VECTOR('',#3609,5.1E0);
#3611=CARTESIAN_POINT('',(1.06E1,-2.785E0,-1.18E1));
#3612=LINE('',#3611,#3610);
#3613=DIRECTION('',(0.E0,1.E0,0.E0));
#3614=VECTOR('',#3613,5.15E-1);
#3615=CARTESIAN_POINT('',(1.06E1,-3.3E0,-1.18E1));
#3616=LINE('',#3615,#3614);
#3617=DIRECTION('',(0.E0,4.090559040929E-1,-9.125093245150E-1));
#3618=VECTOR('',#3617,1.589024858207E0);
#3619=CARTESIAN_POINT('',(1.06E1,-3.95E0,-1.035E1));
#3620=LINE('',#3619,#3618);
#3621=DIRECTION('',(0.E0,0.E0,-1.E0));
#3622=VECTOR('',#3621,3.E-1);
#3623=CARTESIAN_POINT('',(1.06E1,-3.95E0,-1.005E1));
#3624=LINE('',#3623,#3622);
#3625=DIRECTION('',(0.E0,-1.E0,0.E0));
#3626=VECTOR('',#3625,6.5E-1);
#3627=CARTESIAN_POINT('',(1.06E1,-3.3E0,-1.005E1));
#3628=LINE('',#3627,#3626);
#3629=DIRECTION('',(0.E0,0.E0,-1.E0));
#3630=VECTOR('',#3629,3.35E0);
#3631=CARTESIAN_POINT('',(1.06E1,-3.3E0,-6.7E0));
#3632=LINE('',#3631,#3630);
#3633=DIRECTION('',(0.E0,0.E0,1.E0));
#3634=VECTOR('',#3633,3.35E0);
#3635=CARTESIAN_POINT('',(1.06E1,-9.E-1,-1.005E1));
#3636=LINE('',#3635,#3634);
#3637=DIRECTION('',(0.E0,-1.E0,0.E0));
#3638=VECTOR('',#3637,6.5E-1);
#3639=CARTESIAN_POINT('',(1.06E1,-2.5E-1,-1.005E1));
#3640=LINE('',#3639,#3638);
#3641=DIRECTION('',(0.E0,0.E0,1.E0));
#3642=VECTOR('',#3641,3.E-1);
#3643=CARTESIAN_POINT('',(1.06E1,-2.5E-1,-1.035E1));
#3644=LINE('',#3643,#3642);
#3645=DIRECTION('',(0.E0,4.090559040929E-1,9.125093245150E-1));
#3646=VECTOR('',#3645,1.589024858207E0);
#3647=CARTESIAN_POINT('',(1.06E1,-9.E-1,-1.18E1));
#3648=LINE('',#3647,#3646);
#3649=DIRECTION('',(0.E0,1.E0,0.E0));
#3650=VECTOR('',#3649,5.15E-1);
#3651=CARTESIAN_POINT('',(1.06E1,-1.415E0,-1.18E1));
#3652=LINE('',#3651,#3650);
#3653=DIRECTION('',(0.E0,0.E0,-1.E0));
#3654=VECTOR('',#3653,5.1E0);
#3655=CARTESIAN_POINT('',(1.06E1,-1.415E0,-6.7E0));
#3656=LINE('',#3655,#3654);
#3657=DIRECTION('',(1.E0,0.E0,0.E0));
#3658=VECTOR('',#3657,4.E-1);
#3659=CARTESIAN_POINT('',(1.02E1,-2.785E0,-1.18E1));
#3660=LINE('',#3659,#3658);
#3661=DIRECTION('',(1.E0,0.E0,0.E0));
#3662=VECTOR('',#3661,4.E-1);
#3663=CARTESIAN_POINT('',(1.02E1,-3.3E0,-1.18E1));
#3664=LINE('',#3663,#3662);
#3665=DIRECTION('',(1.E0,0.E0,0.E0));
#3666=VECTOR('',#3665,4.E-1);
#3667=CARTESIAN_POINT('',(1.02E1,-3.95E0,-1.035E1));
#3668=LINE('',#3667,#3666);
#3669=DIRECTION('',(1.E0,0.E0,0.E0));
#3670=VECTOR('',#3669,4.E-1);
#3671=CARTESIAN_POINT('',(1.02E1,-3.95E0,-1.005E1));
#3672=LINE('',#3671,#3670);
#3673=DIRECTION('',(1.E0,0.E0,0.E0));
#3674=VECTOR('',#3673,4.E-1);
#3675=CARTESIAN_POINT('',(1.02E1,-3.3E0,-1.005E1));
#3676=LINE('',#3675,#3674);
#3677=DIRECTION('',(1.E0,0.E0,0.E0));
#3678=VECTOR('',#3677,4.E-1);
#3679=CARTESIAN_POINT('',(1.02E1,-9.E-1,-1.005E1));
#3680=LINE('',#3679,#3678);
#3681=DIRECTION('',(1.E0,0.E0,0.E0));
#3682=VECTOR('',#3681,4.E-1);
#3683=CARTESIAN_POINT('',(1.02E1,-2.5E-1,-1.005E1));
#3684=LINE('',#3683,#3682);
#3685=DIRECTION('',(1.E0,0.E0,0.E0));
#3686=VECTOR('',#3685,4.E-1);
#3687=CARTESIAN_POINT('',(1.02E1,-2.5E-1,-1.035E1));
#3688=LINE('',#3687,#3686);
#3689=DIRECTION('',(1.E0,0.E0,0.E0));
#3690=VECTOR('',#3689,4.E-1);
#3691=CARTESIAN_POINT('',(1.02E1,-9.E-1,-1.18E1));
#3692=LINE('',#3691,#3690);
#3693=DIRECTION('',(1.E0,0.E0,0.E0));
#3694=VECTOR('',#3693,4.E-1);
#3695=CARTESIAN_POINT('',(1.02E1,-1.415E0,-1.18E1));
#3696=LINE('',#3695,#3694);
#3697=DIRECTION('',(0.E0,0.E0,-1.E0));
#3698=VECTOR('',#3697,2.59E0);
#3699=CARTESIAN_POINT('',(-1.02E1,-3.3E0,-6.7E0));
#3700=LINE('',#3699,#3698);
#3701=DIRECTION('',(0.E0,0.E0,1.E0));
#3702=VECTOR('',#3701,4.34E0);
#3703=CARTESIAN_POINT('',(-1.02E1,-2.785E0,-1.104E1));
#3704=LINE('',#3703,#3702);
#3705=DIRECTION('',(0.E0,1.E0,0.E0));
#3706=VECTOR('',#3705,5.15E-1);
#3707=CARTESIAN_POINT('',(-1.02E1,-3.3E0,-1.104E1));
#3708=LINE('',#3707,#3706);
#3709=DIRECTION('',(0.E0,4.090559040929E-1,-9.125093245150E-1));
#3710=VECTOR('',#3709,1.589024858207E0);
#3711=CARTESIAN_POINT('',(-1.02E1,-3.95E0,-9.59E0));
#3712=LINE('',#3711,#3710);
#3713=DIRECTION('',(0.E0,0.E0,-1.E0));
#3714=VECTOR('',#3713,3.E-1);
#3715=CARTESIAN_POINT('',(-1.02E1,-3.95E0,-9.29E0));
#3716=LINE('',#3715,#3714);
#3717=DIRECTION('',(0.E0,-1.E0,0.E0));
#3718=VECTOR('',#3717,6.5E-1);
#3719=CARTESIAN_POINT('',(-1.02E1,-3.3E0,-9.29E0));
#3720=LINE('',#3719,#3718);
#3721=DIRECTION('',(0.E0,0.E0,-1.E0));
#3722=VECTOR('',#3721,4.34E0);
#3723=CARTESIAN_POINT('',(-1.02E1,-1.415E0,-6.7E0));
#3724=LINE('',#3723,#3722);
#3725=DIRECTION('',(0.E0,0.E0,1.E0));
#3726=VECTOR('',#3725,2.59E0);
#3727=CARTESIAN_POINT('',(-1.02E1,-9.E-1,-9.29E0));
#3728=LINE('',#3727,#3726);
#3729=DIRECTION('',(0.E0,-1.E0,0.E0));
#3730=VECTOR('',#3729,6.5E-1);
#3731=CARTESIAN_POINT('',(-1.02E1,-2.5E-1,-9.29E0));
#3732=LINE('',#3731,#3730);
#3733=DIRECTION('',(0.E0,0.E0,1.E0));
#3734=VECTOR('',#3733,3.E-1);
#3735=CARTESIAN_POINT('',(-1.02E1,-2.5E-1,-9.59E0));
#3736=LINE('',#3735,#3734);
#3737=DIRECTION('',(0.E0,4.090559040929E-1,9.125093245150E-1));
#3738=VECTOR('',#3737,1.589024858207E0);
#3739=CARTESIAN_POINT('',(-1.02E1,-9.E-1,-1.104E1));
#3740=LINE('',#3739,#3738);
#3741=DIRECTION('',(0.E0,1.E0,0.E0));
#3742=VECTOR('',#3741,5.15E-1);
#3743=CARTESIAN_POINT('',(-1.02E1,-1.415E0,-1.104E1));
#3744=LINE('',#3743,#3742);
#3745=DIRECTION('',(-1.E0,0.E0,0.E0));
#3746=VECTOR('',#3745,4.E-1);
#3747=CARTESIAN_POINT('',(-1.02E1,-3.3E0,-9.29E0));
#3748=LINE('',#3747,#3746);
#3749=DIRECTION('',(-1.E0,0.E0,0.E0));
#3750=VECTOR('',#3749,4.E-1);
#3751=CARTESIAN_POINT('',(-1.02E1,-3.95E0,-9.29E0));
#3752=LINE('',#3751,#3750);
#3753=DIRECTION('',(-1.E0,0.E0,0.E0));
#3754=VECTOR('',#3753,4.E-1);
#3755=CARTESIAN_POINT('',(-1.02E1,-3.95E0,-9.59E0));
#3756=LINE('',#3755,#3754);
#3757=DIRECTION('',(-1.E0,0.E0,0.E0));
#3758=VECTOR('',#3757,4.E-1);
#3759=CARTESIAN_POINT('',(-1.02E1,-3.3E0,-1.104E1));
#3760=LINE('',#3759,#3758);
#3761=DIRECTION('',(-1.E0,0.E0,0.E0));
#3762=VECTOR('',#3761,4.E-1);
#3763=CARTESIAN_POINT('',(-1.02E1,-2.785E0,-1.104E1));
#3764=LINE('',#3763,#3762);
#3765=DIRECTION('',(0.E0,0.E0,-1.E0));
#3766=VECTOR('',#3765,2.59E0);
#3767=CARTESIAN_POINT('',(-1.06E1,-3.3E0,-6.7E0));
#3768=LINE('',#3767,#3766);
#3769=DIRECTION('',(0.E0,-1.E0,0.E0));
#3770=VECTOR('',#3769,6.5E-1);
#3771=CARTESIAN_POINT('',(-1.06E1,-3.3E0,-9.29E0));
#3772=LINE('',#3771,#3770);
#3773=DIRECTION('',(0.E0,0.E0,-1.E0));
#3774=VECTOR('',#3773,3.E-1);
#3775=CARTESIAN_POINT('',(-1.06E1,-3.95E0,-9.29E0));
#3776=LINE('',#3775,#3774);
#3777=DIRECTION('',(0.E0,4.090559040929E-1,-9.125093245150E-1));
#3778=VECTOR('',#3777,1.589024858207E0);
#3779=CARTESIAN_POINT('',(-1.06E1,-3.95E0,-9.59E0));
#3780=LINE('',#3779,#3778);
#3781=DIRECTION('',(0.E0,1.E0,0.E0));
#3782=VECTOR('',#3781,5.15E-1);
#3783=CARTESIAN_POINT('',(-1.06E1,-3.3E0,-1.104E1));
#3784=LINE('',#3783,#3782);
#3785=DIRECTION('',(0.E0,0.E0,1.E0));
#3786=VECTOR('',#3785,4.34E0);
#3787=CARTESIAN_POINT('',(-1.06E1,-2.785E0,-1.104E1));
#3788=LINE('',#3787,#3786);
#3789=DIRECTION('',(0.E0,0.E0,-1.E0));
#3790=VECTOR('',#3789,4.34E0);
#3791=CARTESIAN_POINT('',(-1.06E1,-1.415E0,-6.7E0));
#3792=LINE('',#3791,#3790);
#3793=DIRECTION('',(0.E0,1.E0,0.E0));
#3794=VECTOR('',#3793,5.15E-1);
#3795=CARTESIAN_POINT('',(-1.06E1,-1.415E0,-1.104E1));
#3796=LINE('',#3795,#3794);
#3797=DIRECTION('',(0.E0,4.090559040929E-1,9.125093245150E-1));
#3798=VECTOR('',#3797,1.589024858207E0);
#3799=CARTESIAN_POINT('',(-1.06E1,-9.E-1,-1.104E1));
#3800=LINE('',#3799,#3798);
#3801=DIRECTION('',(0.E0,0.E0,1.E0));
#3802=VECTOR('',#3801,3.E-1);
#3803=CARTESIAN_POINT('',(-1.06E1,-2.5E-1,-9.59E0));
#3804=LINE('',#3803,#3802);
#3805=DIRECTION('',(0.E0,-1.E0,0.E0));
#3806=VECTOR('',#3805,6.5E-1);
#3807=CARTESIAN_POINT('',(-1.06E1,-2.5E-1,-9.29E0));
#3808=LINE('',#3807,#3806);
#3809=DIRECTION('',(0.E0,0.E0,1.E0));
#3810=VECTOR('',#3809,2.59E0);
#3811=CARTESIAN_POINT('',(-1.06E1,-9.E-1,-9.29E0));
#3812=LINE('',#3811,#3810);
#3813=DIRECTION('',(-1.E0,0.E0,0.E0));
#3814=VECTOR('',#3813,4.E-1);
#3815=CARTESIAN_POINT('',(-1.02E1,-1.415E0,-1.104E1));
#3816=LINE('',#3815,#3814);
#3817=DIRECTION('',(-1.E0,0.E0,0.E0));
#3818=VECTOR('',#3817,4.E-1);
#3819=CARTESIAN_POINT('',(-1.02E1,-9.E-1,-1.104E1));
#3820=LINE('',#3819,#3818);
#3821=DIRECTION('',(-1.E0,0.E0,0.E0));
#3822=VECTOR('',#3821,4.E-1);
#3823=CARTESIAN_POINT('',(-1.02E1,-2.5E-1,-9.59E0));
#3824=LINE('',#3823,#3822);
#3825=DIRECTION('',(-1.E0,0.E0,0.E0));
#3826=VECTOR('',#3825,4.E-1);
#3827=CARTESIAN_POINT('',(-1.02E1,-2.5E-1,-9.29E0));
#3828=LINE('',#3827,#3826);
#3829=DIRECTION('',(-1.E0,0.E0,0.E0));
#3830=VECTOR('',#3829,4.E-1);
#3831=CARTESIAN_POINT('',(-1.02E1,-9.E-1,-9.29E0));
#3832=LINE('',#3831,#3830);
#3833=DIRECTION('',(0.E0,0.E0,1.E0));
#3834=VECTOR('',#3833,3.25E0);
#3835=CARTESIAN_POINT('',(8.805E0,2.05E0,-6.7E0));
#3836=LINE('',#3835,#3834);
#3837=CARTESIAN_POINT('',(-9.6E0,-7.5E0,7.45E0));
#3838=CARTESIAN_POINT('',(9.6E0,-7.5E0,7.45E0));
#3839=VERTEX_POINT('',#3837);
#3840=VERTEX_POINT('',#3838);
#3841=CARTESIAN_POINT('',(-6.1E0,-4.E0,4.95E0));
#3842=CARTESIAN_POINT('',(6.1E0,-4.E0,4.95E0));
#3843=VERTEX_POINT('',#3841);
#3844=VERTEX_POINT('',#3842);
#3845=CARTESIAN_POINT('',(6.1E0,4.E0,4.95E0));
#3846=CARTESIAN_POINT('',(-6.1E0,4.E0,4.95E0));
#3847=VERTEX_POINT('',#3845);
#3848=VERTEX_POINT('',#3846);
#3849=CARTESIAN_POINT('',(-6.1E0,-4.E0,3.95E0));
#3850=VERTEX_POINT('',#3849);
#3851=CARTESIAN_POINT('',(-8.4E0,-6.3E0,7.45E0));
#3852=CARTESIAN_POINT('',(8.4E0,-6.3E0,7.45E0));
#3853=VERTEX_POINT('',#3851);
#3854=VERTEX_POINT('',#3852);
#3855=CARTESIAN_POINT('',(7.1E0,-5.75E0,-7.45E0));
#3856=CARTESIAN_POINT('',(7.1E0,-5.75E0,-6.7E0));
#3857=VERTEX_POINT('',#3855);
#3858=VERTEX_POINT('',#3856);
#3859=CARTESIAN_POINT('',(-7.1E0,-5.75E0,-7.45E0));
#3860=CARTESIAN_POINT('',(-7.1E0,-5.75E0,-6.7E0));
#3861=VERTEX_POINT('',#3859);
#3862=VERTEX_POINT('',#3860);
#3863=CARTESIAN_POINT('',(7.1E0,-5.E0,-7.45E0));
#3864=VERTEX_POINT('',#3863);
#3865=CARTESIAN_POINT('',(7.1E0,5.E0,-7.45E0));
#3866=CARTESIAN_POINT('',(7.1E0,5.75E0,-7.45E0));
#3867=VERTEX_POINT('',#3865);
#3868=VERTEX_POINT('',#3866);
#3869=CARTESIAN_POINT('',(-7.1E0,-5.E0,-7.45E0));
#3870=VERTEX_POINT('',#3869);
#3871=CARTESIAN_POINT('',(-7.1E0,5.E0,-7.45E0));
#3872=CARTESIAN_POINT('',(-7.1E0,5.75E0,-7.45E0));
#3873=VERTEX_POINT('',#3871);
#3874=VERTEX_POINT('',#3872);
#3875=CARTESIAN_POINT('',(7.1E0,5.75E0,-6.7E0));
#3876=VERTEX_POINT('',#3875);
#3877=CARTESIAN_POINT('',(-7.1E0,5.75E0,-6.7E0));
#3878=VERTEX_POINT('',#3877);
#3879=CARTESIAN_POINT('',(7.1E0,-5.E0,-6.7E0));
#3880=VERTEX_POINT('',#3879);
#3881=CARTESIAN_POINT('',(-7.1E0,-5.E0,-6.7E0));
#3882=VERTEX_POINT('',#3881);
#3883=CARTESIAN_POINT('',(7.1E0,5.E0,-6.7E0));
#3884=VERTEX_POINT('',#3883);
#3885=CARTESIAN_POINT('',(-7.1E0,5.E0,-6.7E0));
#3886=VERTEX_POINT('',#3885);
#3887=CARTESIAN_POINT('',(-6.E0,5.75E0,-5.05E0));
#3888=CARTESIAN_POINT('',(6.E0,5.75E0,-5.05E0));
#3889=VERTEX_POINT('',#3887);
#3890=VERTEX_POINT('',#3888);
#3891=CARTESIAN_POINT('',(-5.E0,7.5E0,7.45E0));
#3892=CARTESIAN_POINT('',(-5.E0,6.3E0,7.45E0));
#3893=VERTEX_POINT('',#3891);
#3894=VERTEX_POINT('',#3892);
#3895=CARTESIAN_POINT('',(-5.E0,7.5E0,1.45E0));
#3896=VERTEX_POINT('',#3895);
#3897=CARTESIAN_POINT('',(-6.E0,5.75E0,1.45E0));
#3898=VERTEX_POINT('',#3897);
#3899=CARTESIAN_POINT('',(-8.4E0,6.3E0,7.45E0));
#3900=VERTEX_POINT('',#3899);
#3901=CARTESIAN_POINT('',(-9.6E0,7.5E0,7.45E0));
#3902=VERTEX_POINT('',#3901);
#3903=CARTESIAN_POINT('',(-6.E0,7.5E0,1.45E0));
#3904=VERTEX_POINT('',#3903);
#3905=CARTESIAN_POINT('',(-6.E0,5.75E0,4.364431212960E0));
#3906=VERTEX_POINT('',#3905);
#3907=CARTESIAN_POINT('',(-6.E0,7.5E0,6.45E0));
#3908=VERTEX_POINT('',#3907);
#3909=CARTESIAN_POINT('',(5.E0,6.3E0,7.45E0));
#3910=CARTESIAN_POINT('',(5.E0,7.5E0,7.45E0));
#3911=VERTEX_POINT('',#3909);
#3912=VERTEX_POINT('',#3910);
#3913=CARTESIAN_POINT('',(5.E0,7.5E0,1.45E0));
#3914=VERTEX_POINT('',#3913);
#3915=CARTESIAN_POINT('',(6.E0,7.5E0,1.45E0));
#3916=VERTEX_POINT('',#3915);
#3917=CARTESIAN_POINT('',(6.E0,5.75E0,4.364431212960E0));
#3918=CARTESIAN_POINT('',(6.E0,5.75E0,1.45E0));
#3919=VERTEX_POINT('',#3917);
#3920=VERTEX_POINT('',#3918);
#3921=CARTESIAN_POINT('',(6.E0,7.5E0,6.45E0));
#3922=VERTEX_POINT('',#3921);
#3923=CARTESIAN_POINT('',(8.4E0,6.3E0,7.45E0));
#3924=VERTEX_POINT('',#3923);
#3925=CARTESIAN_POINT('',(9.6E0,7.5E0,7.45E0));
#3926=VERTEX_POINT('',#3925);
#3927=CARTESIAN_POINT('',(-5.E0,4.5E0,5.493478260870E0));
#3928=CARTESIAN_POINT('',(5.E0,4.5E0,5.493478260870E0));
#3929=VERTEX_POINT('',#3927);
#3930=VERTEX_POINT('',#3928);
#3931=CARTESIAN_POINT('',(-6.E0,5.E0,-5.05E0));
#3932=CARTESIAN_POINT('',(6.E0,5.E0,-5.05E0));
#3933=VERTEX_POINT('',#3931);
#3934=VERTEX_POINT('',#3932);
#3935=CARTESIAN_POINT('',(-6.E0,5.E0,1.45E0));
#3936=VERTEX_POINT('',#3935);
#3937=CARTESIAN_POINT('',(6.E0,5.E0,1.45E0));
#3938=VERTEX_POINT('',#3937);
#3939=CARTESIAN_POINT('',(-5.E0,5.E0,1.45E0));
#3940=CARTESIAN_POINT('',(-5.E0,5.E0,5.493478260870E0));
#3941=VERTEX_POINT('',#3939);
#3942=VERTEX_POINT('',#3940);
#3943=CARTESIAN_POINT('',(5.E0,5.E0,1.45E0));
#3944=CARTESIAN_POINT('',(5.E0,5.E0,5.493478260870E0));
#3945=VERTEX_POINT('',#3943);
#3946=VERTEX_POINT('',#3944);
#3947=CARTESIAN_POINT('',(-9.6E0,-7.5E0,6.45E0));
#3948=CARTESIAN_POINT('',(-9.6E0,-5.75E0,6.45E0));
#3949=VERTEX_POINT('',#3947);
#3950=VERTEX_POINT('',#3948);
#3951=CARTESIAN_POINT('',(9.6E0,-7.5E0,6.45E0));
#3952=CARTESIAN_POINT('',(9.6E0,-5.75E0,6.45E0));
#3953=VERTEX_POINT('',#3951);
#3954=VERTEX_POINT('',#3952);
#3955=CARTESIAN_POINT('',(7.514431212960E0,-5.75E0,4.364431212960E0));
#3956=VERTEX_POINT('',#3955);
#3957=CARTESIAN_POINT('',(-7.514431212960E0,-5.75E0,4.364431212960E0));
#3958=VERTEX_POINT('',#3957);
#3959=CARTESIAN_POINT('',(-9.6E0,7.5E0,6.45E0));
#3960=CARTESIAN_POINT('',(-9.6E0,5.75E0,6.45E0));
#3961=VERTEX_POINT('',#3959);
#3962=VERTEX_POINT('',#3960);
#3963=CARTESIAN_POINT('',(9.6E0,7.5E0,6.45E0));
#3964=CARTESIAN_POINT('',(9.6E0,5.75E0,6.45E0));
#3965=VERTEX_POINT('',#3963);
#3966=VERTEX_POINT('',#3964);
#3967=CARTESIAN_POINT('',(7.514431212960E0,5.75E0,4.364431212960E0));
#3968=VERTEX_POINT('',#3967);
#3969=CARTESIAN_POINT('',(-7.514431212960E0,5.75E0,4.364431212960E0));
#3970=VERTEX_POINT('',#3969);
#3971=CARTESIAN_POINT('',(-8.402213607542E0,4.E0,6.2E0));
#3972=CARTESIAN_POINT('',(-8.402213607542E0,1.E0,6.2E0));
#3973=VERTEX_POINT('',#3971);
#3974=VERTEX_POINT('',#3972);
#3975=CARTESIAN_POINT('',(-9.6E0,4.E0,7.45E0));
#3976=CARTESIAN_POINT('',(-8.4E0,4.E0,7.45E0));
#3977=VERTEX_POINT('',#3975);
#3978=VERTEX_POINT('',#3976);
#3979=CARTESIAN_POINT('',(-9.6E0,1.E0,7.45E0));
#3980=CARTESIAN_POINT('',(-8.4E0,1.E0,7.45E0));
#3981=VERTEX_POINT('',#3979);
#3982=VERTEX_POINT('',#3980);
#3983=CARTESIAN_POINT('',(-6.1E0,1.E0,4.95E0));
#3984=VERTEX_POINT('',#3983);
#3985=CARTESIAN_POINT('',(8.402213607542E0,4.E0,6.2E0));
#3986=CARTESIAN_POINT('',(8.402213607542E0,1.E0,6.2E0));
#3987=VERTEX_POINT('',#3985);
#3988=VERTEX_POINT('',#3986);
#3989=CARTESIAN_POINT('',(8.4E0,4.E0,7.45E0));
#3990=CARTESIAN_POINT('',(9.6E0,4.E0,7.45E0));
#3991=VERTEX_POINT('',#3989);
#3992=VERTEX_POINT('',#3990);
#3993=CARTESIAN_POINT('',(8.4E0,1.E0,7.45E0));
#3994=CARTESIAN_POINT('',(9.6E0,1.E0,7.45E0));
#3995=VERTEX_POINT('',#3993);
#3996=VERTEX_POINT('',#3994);
#3997=CARTESIAN_POINT('',(6.1E0,1.E0,4.95E0));
#3998=VERTEX_POINT('',#3997);
#3999=CARTESIAN_POINT('',(1.07E1,-5.E0,-2.8E0));
#4000=CARTESIAN_POINT('',(1.01E1,-5.E0,-2.8E0));
#4001=VERTEX_POINT('',#3999);
#4002=VERTEX_POINT('',#4000);
#4003=CARTESIAN_POINT('',(1.093315382908E1,-5.75E0,6.2E0));
#4004=CARTESIAN_POINT('',(1.07E1,-5.25E0,6.2E0));
#4005=VERTEX_POINT('',#4003);
#4006=VERTEX_POINT('',#4004);
#4007=CARTESIAN_POINT('',(1.07E1,-5.E0,6.2E0));
#4008=VERTEX_POINT('',#4007);
#4009=CARTESIAN_POINT('',(1.01E1,-5.E0,6.2E0));
#4010=VERTEX_POINT('',#4009);
#4011=CARTESIAN_POINT('',(1.01E1,-5.25E0,6.2E0));
#4012=VERTEX_POINT('',#4011);
#4013=CARTESIAN_POINT('',(9.866846170922E0,-5.75E0,6.2E0));
#4014=VERTEX_POINT('',#4013);
#4015=CARTESIAN_POINT('',(8.855E0,1.5E0,2.2E0));
#4016=CARTESIAN_POINT('',(8.855E0,1.E0,2.2E0));
#4017=VERTEX_POINT('',#4015);
#4018=VERTEX_POINT('',#4016);
#4019=CARTESIAN_POINT('',(-8.855E0,1.E0,2.2E0));
#4020=CARTESIAN_POINT('',(-8.855E0,1.5E0,2.2E0));
#4021=VERTEX_POINT('',#4019);
#4022=VERTEX_POINT('',#4020);
#4023=CARTESIAN_POINT('',(8.855E0,1.5E0,6.2E0));
#4024=CARTESIAN_POINT('',(8.855E0,1.E0,6.2E0));
#4025=VERTEX_POINT('',#4023);
#4026=VERTEX_POINT('',#4024);
#4027=CARTESIAN_POINT('',(-8.855E0,1.E0,6.2E0));
#4028=CARTESIAN_POINT('',(-8.855E0,1.5E0,6.2E0));
#4029=VERTEX_POINT('',#4027);
#4030=VERTEX_POINT('',#4028);
#4031=CARTESIAN_POINT('',(1.1505E1,-2.75E0,2.2E0));
#4032=CARTESIAN_POINT('',(1.1505E1,-1.25E0,2.2E0));
#4033=VERTEX_POINT('',#4031);
#4034=VERTEX_POINT('',#4032);
#4035=CARTESIAN_POINT('',(1.1505E1,1.E0,6.2E0));
#4036=CARTESIAN_POINT('',(1.1505E1,1.E0,2.2E0));
#4037=VERTEX_POINT('',#4035);
#4038=VERTEX_POINT('',#4036);
#4039=CARTESIAN_POINT('',(1.1505E1,1.5E0,6.2E0));
#4040=CARTESIAN_POINT('',(1.1505E1,1.5E0,2.2E0));
#4041=VERTEX_POINT('',#4039);
#4042=VERTEX_POINT('',#4040);
#4043=CARTESIAN_POINT('',(-1.1505E1,-2.75E0,2.2E0));
#4044=CARTESIAN_POINT('',(-1.1505E1,-1.25E0,2.2E0));
#4045=VERTEX_POINT('',#4043);
#4046=VERTEX_POINT('',#4044);
#4047=CARTESIAN_POINT('',(-1.1505E1,1.5E0,6.2E0));
#4048=CARTESIAN_POINT('',(-1.1505E1,1.5E0,2.2E0));
#4049=VERTEX_POINT('',#4047);
#4050=VERTEX_POINT('',#4048);
#4051=CARTESIAN_POINT('',(-1.1505E1,1.E0,6.2E0));
#4052=CARTESIAN_POINT('',(-1.1505E1,1.E0,2.2E0));
#4053=VERTEX_POINT('',#4051);
#4054=VERTEX_POINT('',#4052);
#4055=CARTESIAN_POINT('',(-9.6E0,1.E0,6.2E0));
#4056=VERTEX_POINT('',#4055);
#4057=CARTESIAN_POINT('',(9.6E0,1.E0,6.2E0));
#4058=VERTEX_POINT('',#4057);
#4059=CARTESIAN_POINT('',(9.6E0,-1.25E0,2.2E0));
#4060=CARTESIAN_POINT('',(9.6E0,-2.75E0,2.2E0));
#4061=VERTEX_POINT('',#4059);
#4062=VERTEX_POINT('',#4060);
#4063=CARTESIAN_POINT('',(-9.6E0,-2.75E0,2.2E0));
#4064=CARTESIAN_POINT('',(-9.6E0,-1.25E0,2.2E0));
#4065=VERTEX_POINT('',#4063);
#4066=VERTEX_POINT('',#4064);
#4067=CARTESIAN_POINT('',(1.1505E1,-2.75E0,6.2E0));
#4068=CARTESIAN_POINT('',(9.6E0,-2.75E0,6.2E0));
#4069=VERTEX_POINT('',#4067);
#4070=VERTEX_POINT('',#4068);
#4071=CARTESIAN_POINT('',(1.1505E1,-1.25E0,6.2E0));
#4072=CARTESIAN_POINT('',(9.6E0,-1.25E0,6.2E0));
#4073=VERTEX_POINT('',#4071);
#4074=VERTEX_POINT('',#4072);
#4075=CARTESIAN_POINT('',(-1.1505E1,-1.25E0,6.2E0));
#4076=CARTESIAN_POINT('',(-9.6E0,-1.25E0,6.2E0));
#4077=VERTEX_POINT('',#4075);
#4078=VERTEX_POINT('',#4076);
#4079=CARTESIAN_POINT('',(-1.1505E1,-2.75E0,6.2E0));
#4080=CARTESIAN_POINT('',(-9.6E0,-2.75E0,6.2E0));
#4081=VERTEX_POINT('',#4079);
#4082=VERTEX_POINT('',#4080);
#4083=CARTESIAN_POINT('',(7.101E0,-5.975E0,-3.45E0));
#4084=CARTESIAN_POINT('',(6.701E0,-5.975E0,-3.45E0));
#4085=VERTEX_POINT('',#4083);
#4086=VERTEX_POINT('',#4084);
#4087=CARTESIAN_POINT('',(7.101E0,-5.75E0,-3.45E0));
#4088=CARTESIAN_POINT('',(6.701E0,-5.75E0,-3.45E0));
#4089=VERTEX_POINT('',#4087);
#4090=VERTEX_POINT('',#4088);
#4091=CARTESIAN_POINT('',(7.101E0,-5.75E0,4.364431212960E0));
#4092=VERTEX_POINT('',#4091);
#4093=CARTESIAN_POINT('',(6.701E0,-5.75E0,4.364431212960E0));
#4094=VERTEX_POINT('',#4093);
#4095=CARTESIAN_POINT('',(7.101E0,-5.975E0,4.632575771294E0));
#4096=VERTEX_POINT('',#4095);
#4097=VERTEX_POINT('',#2734);
#4098=CARTESIAN_POINT('',(6.701E0,-5.975E0,4.632575771294E0));
#4099=VERTEX_POINT('',#4098);
#4100=CARTESIAN_POINT('',(1.0175E1,5.E-1,2.E-1));
#4101=CARTESIAN_POINT('',(1.0625E1,5.E-1,2.E-1));
#4102=VERTEX_POINT('',#4100);
#4103=VERTEX_POINT('',#4101);
#4104=CARTESIAN_POINT('',(1.0625E1,2.E0,2.E-1));
#4105=VERTEX_POINT('',#4104);
#4106=CARTESIAN_POINT('',(1.0175E1,2.E0,2.E-1));
#4107=VERTEX_POINT('',#4106);
#4108=CARTESIAN_POINT('',(1.0625E1,-1.25E0,2.E-1));
#4109=CARTESIAN_POINT('',(1.0175E1,-1.25E0,2.E-1));
#4110=VERTEX_POINT('',#4108);
#4111=VERTEX_POINT('',#4109);
#4112=CARTESIAN_POINT('',(1.0175E1,-2.75E0,2.E-1));
#4113=VERTEX_POINT('',#4112);
#4114=CARTESIAN_POINT('',(1.0625E1,-2.75E0,2.E-1));
#4115=VERTEX_POINT('',#4114);
#4116=CARTESIAN_POINT('',(-1.0175E1,5.E-1,2.E-1));
#4117=CARTESIAN_POINT('',(-1.0175E1,2.E0,2.E-1));
#4118=VERTEX_POINT('',#4116);
#4119=VERTEX_POINT('',#4117);
#4120=CARTESIAN_POINT('',(-1.0625E1,2.E0,2.E-1));
#4121=VERTEX_POINT('',#4120);
#4122=CARTESIAN_POINT('',(-1.0625E1,5.E-1,2.E-1));
#4123=VERTEX_POINT('',#4122);
#4124=CARTESIAN_POINT('',(-1.0625E1,-1.25E0,2.E-1));
#4125=CARTESIAN_POINT('',(-1.0625E1,-2.75E0,2.E-1));
#4126=VERTEX_POINT('',#4124);
#4127=VERTEX_POINT('',#4125);
#4128=CARTESIAN_POINT('',(-1.0175E1,-2.75E0,2.E-1));
#4129=VERTEX_POINT('',#4128);
#4130=CARTESIAN_POINT('',(-1.0175E1,-1.25E0,2.E-1));
#4131=VERTEX_POINT('',#4130);
#4132=CARTESIAN_POINT('',(1.0625E1,1.E0,2.2E0));
#4133=CARTESIAN_POINT('',(1.0625E1,1.E0,6.2E0));
#4134=VERTEX_POINT('',#4132);
#4135=VERTEX_POINT('',#4133);
#4136=CARTESIAN_POINT('',(1.0175E1,1.E0,2.2E0));
#4137=CARTESIAN_POINT('',(1.0175E1,1.E0,6.2E0));
#4138=VERTEX_POINT('',#4136);
#4139=VERTEX_POINT('',#4137);
#4140=CARTESIAN_POINT('',(-1.0175E1,1.E0,2.2E0));
#4141=CARTESIAN_POINT('',(-1.0175E1,1.E0,6.2E0));
#4142=VERTEX_POINT('',#4140);
#4143=VERTEX_POINT('',#4141);
#4144=CARTESIAN_POINT('',(-1.0625E1,1.E0,2.2E0));
#4145=CARTESIAN_POINT('',(-1.0625E1,1.E0,6.2E0));
#4146=VERTEX_POINT('',#4144);
#4147=VERTEX_POINT('',#4145);
#4148=CARTESIAN_POINT('',(1.0175E1,5.E-1,6.2E0));
#4149=CARTESIAN_POINT('',(1.0625E1,5.E-1,6.2E0));
#4150=VERTEX_POINT('',#4148);
#4151=VERTEX_POINT('',#4149);
#4152=CARTESIAN_POINT('',(1.0625E1,1.5E0,6.2E0));
#4153=CARTESIAN_POINT('',(1.0625E1,2.E0,6.2E0));
#4154=VERTEX_POINT('',#4152);
#4155=VERTEX_POINT('',#4153);
#4156=CARTESIAN_POINT('',(1.0175E1,2.E0,6.2E0));
#4157=VERTEX_POINT('',#4156);
#4158=CARTESIAN_POINT('',(1.0175E1,1.5E0,6.2E0));
#4159=VERTEX_POINT('',#4158);
#4160=CARTESIAN_POINT('',(-1.0175E1,5.E-1,6.2E0));
#4161=VERTEX_POINT('',#4160);
#4162=CARTESIAN_POINT('',(-1.0175E1,1.5E0,6.2E0));
#4163=CARTESIAN_POINT('',(-1.0175E1,2.E0,6.2E0));
#4164=VERTEX_POINT('',#4162);
#4165=VERTEX_POINT('',#4163);
#4166=CARTESIAN_POINT('',(-1.0625E1,2.E0,6.2E0));
#4167=VERTEX_POINT('',#4166);
#4168=CARTESIAN_POINT('',(-1.0625E1,1.5E0,6.2E0));
#4169=VERTEX_POINT('',#4168);
#4170=CARTESIAN_POINT('',(-1.0625E1,5.E-1,6.2E0));
#4171=VERTEX_POINT('',#4170);
#4172=CARTESIAN_POINT('',(1.0625E1,1.5E0,2.2E0));
#4173=VERTEX_POINT('',#4172);
#4174=CARTESIAN_POINT('',(1.0175E1,1.5E0,2.2E0));
#4175=VERTEX_POINT('',#4174);
#4176=CARTESIAN_POINT('',(1.0175E1,-2.75E0,2.2E0));
#4177=CARTESIAN_POINT('',(1.0175E1,-1.25E0,2.2E0));
#4178=VERTEX_POINT('',#4176);
#4179=VERTEX_POINT('',#4177);
#4180=CARTESIAN_POINT('',(1.0625E1,-2.75E0,2.2E0));
#4181=CARTESIAN_POINT('',(1.0625E1,-1.25E0,2.2E0));
#4182=VERTEX_POINT('',#4180);
#4183=VERTEX_POINT('',#4181);
#4184=CARTESIAN_POINT('',(-1.0175E1,1.5E0,2.2E0));
#4185=VERTEX_POINT('',#4184);
#4186=CARTESIAN_POINT('',(-1.0625E1,1.5E0,2.2E0));
#4187=VERTEX_POINT('',#4186);
#4188=CARTESIAN_POINT('',(-1.0625E1,-2.75E0,2.2E0));
#4189=CARTESIAN_POINT('',(-1.0625E1,-1.25E0,2.2E0));
#4190=VERTEX_POINT('',#4188);
#4191=VERTEX_POINT('',#4189);
#4192=CARTESIAN_POINT('',(-1.0175E1,-2.75E0,2.2E0));
#4193=CARTESIAN_POINT('',(-1.0175E1,-1.25E0,2.2E0));
#4194=VERTEX_POINT('',#4192);
#4195=VERTEX_POINT('',#4193);
#4196=CARTESIAN_POINT('',(3.3E0,4.E-1,-2.85E0));
#4197=CARTESIAN_POINT('',(5.1E0,4.E-1,-2.85E0));
#4198=VERTEX_POINT('',#4196);
#4199=VERTEX_POINT('',#4197);
#4200=CARTESIAN_POINT('',(6.1E0,1.4E0,-2.85E0));
#4201=CARTESIAN_POINT('',(6.1E0,4.E0,-2.85E0));
#4202=VERTEX_POINT('',#4200);
#4203=VERTEX_POINT('',#4201);
#4204=CARTESIAN_POINT('',(6.1E0,-4.E0,-2.85E0));
#4205=CARTESIAN_POINT('',(6.1E0,-4.E-1,-2.85E0));
#4206=VERTEX_POINT('',#4204);
#4207=VERTEX_POINT('',#4205);
#4208=CARTESIAN_POINT('',(2.3E0,4.E0,3.95E0));
#4209=CARTESIAN_POINT('',(2.3E0,1.4E0,3.95E0));
#4210=VERTEX_POINT('',#4208);
#4211=VERTEX_POINT('',#4209);
#4212=CARTESIAN_POINT('',(5.1E0,4.E-1,3.95E0));
#4213=CARTESIAN_POINT('',(3.3E0,4.E-1,3.95E0));
#4214=VERTEX_POINT('',#4212);
#4215=VERTEX_POINT('',#4213);
#4216=CARTESIAN_POINT('',(2.3E0,-4.E-1,3.95E0));
#4217=CARTESIAN_POINT('',(2.3E0,-4.E0,3.95E0));
#4218=VERTEX_POINT('',#4216);
#4219=VERTEX_POINT('',#4217);
#4220=CARTESIAN_POINT('',(6.1E0,-4.E-1,3.95E0));
#4221=VERTEX_POINT('',#4220);
#4222=CARTESIAN_POINT('',(6.1E0,1.4E0,3.95E0));
#4223=VERTEX_POINT('',#4222);
#4224=CARTESIAN_POINT('',(-1.9E0,4.E-1,-2.85E0));
#4225=CARTESIAN_POINT('',(1.9E0,4.E-1,-2.85E0));
#4226=VERTEX_POINT('',#4224);
#4227=VERTEX_POINT('',#4225);
#4228=CARTESIAN_POINT('',(1.9E0,4.E0,-2.85E0));
#4229=VERTEX_POINT('',#4228);
#4230=CARTESIAN_POINT('',(-9.E-1,-4.E0,-2.85E0));
#4231=CARTESIAN_POINT('',(9.E-1,-4.E0,-2.85E0));
#4232=VERTEX_POINT('',#4230);
#4233=VERTEX_POINT('',#4231);
#4234=CARTESIAN_POINT('',(-1.9E0,-4.E-1,-2.85E0));
#4235=CARTESIAN_POINT('',(-1.9E0,-3.E0,-2.85E0));
#4236=VERTEX_POINT('',#4234);
#4237=VERTEX_POINT('',#4235);
#4238=CARTESIAN_POINT('',(-6.1E0,4.E0,-2.85E0));
#4239=CARTESIAN_POINT('',(-6.1E0,4.E-1,-2.85E0));
#4240=VERTEX_POINT('',#4238);
#4241=VERTEX_POINT('',#4239);
#4242=CARTESIAN_POINT('',(-6.1E0,-4.E-1,-2.85E0));
#4243=CARTESIAN_POINT('',(-6.1E0,-3.E0,-2.85E0));
#4244=VERTEX_POINT('',#4242);
#4245=VERTEX_POINT('',#4243);
#4246=CARTESIAN_POINT('',(-5.1E0,-4.E0,-2.85E0));
#4247=VERTEX_POINT('',#4246);
#4248=CARTESIAN_POINT('',(-3.3E0,-4.E0,-2.85E0));
#4249=VERTEX_POINT('',#4248);
#4250=CARTESIAN_POINT('',(-1.9E0,4.E0,3.95E0));
#4251=CARTESIAN_POINT('',(-1.9E0,4.E-1,3.95E0));
#4252=VERTEX_POINT('',#4250);
#4253=VERTEX_POINT('',#4251);
#4254=CARTESIAN_POINT('',(1.9E0,4.E-1,3.95E0));
#4255=VERTEX_POINT('',#4254);
#4256=CARTESIAN_POINT('',(1.9E0,4.E0,3.95E0));
#4257=VERTEX_POINT('',#4256);
#4258=CARTESIAN_POINT('',(9.E-1,-4.E0,3.95E0));
#4259=CARTESIAN_POINT('',(1.9E0,-3.E0,3.95E0));
#4260=VERTEX_POINT('',#4258);
#4261=VERTEX_POINT('',#4259);
#4262=CARTESIAN_POINT('',(1.9E0,-4.E-1,3.95E0));
#4263=VERTEX_POINT('',#4262);
#4264=CARTESIAN_POINT('',(-1.9E0,-4.E-1,3.95E0));
#4265=VERTEX_POINT('',#4264);
#4266=CARTESIAN_POINT('',(-1.9E0,-3.E0,3.95E0));
#4267=VERTEX_POINT('',#4266);
#4268=CARTESIAN_POINT('',(-9.E-1,-4.E0,3.95E0));
#4269=VERTEX_POINT('',#4268);
#4270=CARTESIAN_POINT('',(-6.1E0,4.E-1,3.95E0));
#4271=CARTESIAN_POINT('',(-2.3E0,4.E-1,3.95E0));
#4272=VERTEX_POINT('',#4270);
#4273=VERTEX_POINT('',#4271);
#4274=CARTESIAN_POINT('',(-2.3E0,4.E0,3.95E0));
#4275=VERTEX_POINT('',#4274);
#4276=CARTESIAN_POINT('',(-2.3E0,-4.E-1,3.95E0));
#4277=CARTESIAN_POINT('',(-6.1E0,-4.E-1,3.95E0));
#4278=VERTEX_POINT('',#4276);
#4279=VERTEX_POINT('',#4277);
#4280=CARTESIAN_POINT('',(-6.1E0,-3.E0,3.95E0));
#4281=CARTESIAN_POINT('',(-5.1E0,-4.E0,3.95E0));
#4282=VERTEX_POINT('',#4280);
#4283=VERTEX_POINT('',#4281);
#4284=CARTESIAN_POINT('',(-3.3E0,-4.E0,3.95E0));
#4285=CARTESIAN_POINT('',(-2.3E0,-3.E0,3.95E0));
#4286=VERTEX_POINT('',#4284);
#4287=VERTEX_POINT('',#4285);
#4288=CARTESIAN_POINT('',(3.7E0,2.8E0,-3.5E-1));
#4289=CARTESIAN_POINT('',(3.7E0,1.8E0,-3.5E-1));
#4290=VERTEX_POINT('',#4288);
#4291=VERTEX_POINT('',#4289);
#4292=CARTESIAN_POINT('',(3.7E0,1.8E0,-1.195E1));
#4293=CARTESIAN_POINT('',(3.7E0,2.8E0,-1.195E1));
#4294=VERTEX_POINT('',#4292);
#4295=VERTEX_POINT('',#4293);
#4296=CARTESIAN_POINT('',(3.7E0,-1.4E0,-3.5E-1));
#4297=CARTESIAN_POINT('',(3.7E0,-2.4E0,-3.5E-1));
#4298=VERTEX_POINT('',#4296);
#4299=VERTEX_POINT('',#4297);
#4300=CARTESIAN_POINT('',(3.7E0,-2.4E0,-1.195E1));
#4301=CARTESIAN_POINT('',(3.7E0,-1.4E0,-1.195E1));
#4302=VERTEX_POINT('',#4300);
#4303=VERTEX_POINT('',#4301);
#4304=CARTESIAN_POINT('',(4.7E0,2.8E0,-3.5E-1));
#4305=CARTESIAN_POINT('',(4.7E0,1.8E0,-3.5E-1));
#4306=VERTEX_POINT('',#4304);
#4307=VERTEX_POINT('',#4305);
#4308=CARTESIAN_POINT('',(4.7E0,1.8E0,-1.195E1));
#4309=CARTESIAN_POINT('',(4.7E0,2.8E0,-1.195E1));
#4310=VERTEX_POINT('',#4308);
#4311=VERTEX_POINT('',#4309);
#4312=CARTESIAN_POINT('',(4.7E0,-1.4E0,-3.5E-1));
#4313=CARTESIAN_POINT('',(4.7E0,-2.4E0,-3.5E-1));
#4314=VERTEX_POINT('',#4312);
#4315=VERTEX_POINT('',#4313);
#4316=CARTESIAN_POINT('',(4.7E0,-2.4E0,-1.195E1));
#4317=CARTESIAN_POINT('',(4.7E0,-1.4E0,-1.195E1));
#4318=VERTEX_POINT('',#4316);
#4319=VERTEX_POINT('',#4317);
#4320=CARTESIAN_POINT('',(3.7E0,-2.4E0,-6.7E0));
#4321=CARTESIAN_POINT('',(3.7E0,-1.4E0,-6.7E0));
#4322=VERTEX_POINT('',#4320);
#4323=VERTEX_POINT('',#4321);
#4324=CARTESIAN_POINT('',(3.7E0,1.8E0,-6.7E0));
#4325=CARTESIAN_POINT('',(3.7E0,2.8E0,-6.7E0));
#4326=VERTEX_POINT('',#4324);
#4327=VERTEX_POINT('',#4325);
#4328=CARTESIAN_POINT('',(4.7E0,-2.4E0,-6.7E0));
#4329=CARTESIAN_POINT('',(4.7E0,-1.4E0,-6.7E0));
#4330=VERTEX_POINT('',#4328);
#4331=VERTEX_POINT('',#4329);
#4332=CARTESIAN_POINT('',(4.7E0,1.8E0,-6.7E0));
#4333=CARTESIAN_POINT('',(4.7E0,2.8E0,-6.7E0));
#4334=VERTEX_POINT('',#4332);
#4335=VERTEX_POINT('',#4333);
#4336=CARTESIAN_POINT('',(3.7E0,-2.4E0,-2.85E0));
#4337=CARTESIAN_POINT('',(3.7E0,-1.4E0,-2.85E0));
#4338=VERTEX_POINT('',#4336);
#4339=VERTEX_POINT('',#4337);
#4340=CARTESIAN_POINT('',(3.7E0,1.8E0,-2.85E0));
#4341=CARTESIAN_POINT('',(3.7E0,2.8E0,-2.85E0));
#4342=VERTEX_POINT('',#4340);
#4343=VERTEX_POINT('',#4341);
#4344=CARTESIAN_POINT('',(4.7E0,-2.4E0,-2.85E0));
#4345=CARTESIAN_POINT('',(4.7E0,-1.4E0,-2.85E0));
#4346=VERTEX_POINT('',#4344);
#4347=VERTEX_POINT('',#4345);
#4348=CARTESIAN_POINT('',(4.7E0,1.8E0,-2.85E0));
#4349=CARTESIAN_POINT('',(4.7E0,2.8E0,-2.85E0));
#4350=VERTEX_POINT('',#4348);
#4351=VERTEX_POINT('',#4349);
#4352=CARTESIAN_POINT('',(2.7E0,-5.75E0,-7.45E0));
#4353=CARTESIAN_POINT('',(2.7E0,-5.75E0,-6.7E0));
#4354=VERTEX_POINT('',#4352);
#4355=VERTEX_POINT('',#4353);
#4356=CARTESIAN_POINT('',(5.7E0,-5.75E0,-6.7E0));
#4357=VERTEX_POINT('',#4356);
#4358=CARTESIAN_POINT('',(5.7E0,-5.75E0,-7.45E0));
#4359=VERTEX_POINT('',#4358);
#4360=CARTESIAN_POINT('',(2.7E0,-5.E0,-7.45E0));
#4361=VERTEX_POINT('',#4360);
#4362=CARTESIAN_POINT('',(2.7E0,5.E0,-7.45E0));
#4363=CARTESIAN_POINT('',(2.7E0,5.75E0,-7.45E0));
#4364=VERTEX_POINT('',#4362);
#4365=VERTEX_POINT('',#4363);
#4366=CARTESIAN_POINT('',(5.7E0,-5.E0,-7.45E0));
#4367=VERTEX_POINT('',#4366);
#4368=CARTESIAN_POINT('',(5.7E0,5.E0,-7.45E0));
#4369=CARTESIAN_POINT('',(5.7E0,5.75E0,-7.45E0));
#4370=VERTEX_POINT('',#4368);
#4371=VERTEX_POINT('',#4369);
#4372=CARTESIAN_POINT('',(2.7E0,5.75E0,-6.7E0));
#4373=VERTEX_POINT('',#4372);
#4374=CARTESIAN_POINT('',(5.7E0,5.75E0,-6.7E0));
#4375=VERTEX_POINT('',#4374);
#4376=CARTESIAN_POINT('',(2.7E0,-5.E0,-6.7E0));
#4377=VERTEX_POINT('',#4376);
#4378=CARTESIAN_POINT('',(5.7E0,-5.E0,-6.7E0));
#4379=VERTEX_POINT('',#4378);
#4380=CARTESIAN_POINT('',(2.7E0,5.E0,-6.7E0));
#4381=VERTEX_POINT('',#4380);
#4382=CARTESIAN_POINT('',(5.7E0,5.E0,-6.7E0));
#4383=VERTEX_POINT('',#4382);
#4384=CARTESIAN_POINT('',(-1.5E0,-5.75E0,-7.45E0));
#4385=CARTESIAN_POINT('',(-1.5E0,-5.75E0,-6.7E0));
#4386=VERTEX_POINT('',#4384);
#4387=VERTEX_POINT('',#4385);
#4388=CARTESIAN_POINT('',(1.5E0,-5.75E0,-6.7E0));
#4389=VERTEX_POINT('',#4388);
#4390=CARTESIAN_POINT('',(1.5E0,-5.75E0,-7.45E0));
#4391=VERTEX_POINT('',#4390);
#4392=CARTESIAN_POINT('',(-1.5E0,-5.E0,-7.45E0));
#4393=VERTEX_POINT('',#4392);
#4394=CARTESIAN_POINT('',(-1.5E0,5.E0,-7.45E0));
#4395=CARTESIAN_POINT('',(-1.5E0,5.75E0,-7.45E0));
#4396=VERTEX_POINT('',#4394);
#4397=VERTEX_POINT('',#4395);
#4398=CARTESIAN_POINT('',(1.5E0,-5.E0,-7.45E0));
#4399=VERTEX_POINT('',#4398);
#4400=CARTESIAN_POINT('',(1.5E0,5.E0,-7.45E0));
#4401=CARTESIAN_POINT('',(1.5E0,5.75E0,-7.45E0));
#4402=VERTEX_POINT('',#4400);
#4403=VERTEX_POINT('',#4401);
#4404=CARTESIAN_POINT('',(-1.5E0,5.75E0,-6.7E0));
#4405=VERTEX_POINT('',#4404);
#4406=CARTESIAN_POINT('',(1.5E0,5.75E0,-6.7E0));
#4407=VERTEX_POINT('',#4406);
#4408=CARTESIAN_POINT('',(-1.5E0,-5.E0,-6.7E0));
#4409=VERTEX_POINT('',#4408);
#4410=CARTESIAN_POINT('',(1.5E0,-5.E0,-6.7E0));
#4411=VERTEX_POINT('',#4410);
#4412=CARTESIAN_POINT('',(-1.5E0,5.E0,-6.7E0));
#4413=VERTEX_POINT('',#4412);
#4414=CARTESIAN_POINT('',(1.5E0,5.E0,-6.7E0));
#4415=VERTEX_POINT('',#4414);
#4416=CARTESIAN_POINT('',(-5.7E0,-5.75E0,-7.45E0));
#4417=CARTESIAN_POINT('',(-5.7E0,-5.75E0,-6.7E0));
#4418=VERTEX_POINT('',#4416);
#4419=VERTEX_POINT('',#4417);
#4420=CARTESIAN_POINT('',(-2.7E0,-5.75E0,-6.7E0));
#4421=VERTEX_POINT('',#4420);
#4422=CARTESIAN_POINT('',(-2.7E0,-5.75E0,-7.45E0));
#4423=VERTEX_POINT('',#4422);
#4424=CARTESIAN_POINT('',(-5.7E0,-5.E0,-7.45E0));
#4425=VERTEX_POINT('',#4424);
#4426=CARTESIAN_POINT('',(-5.7E0,5.E0,-7.45E0));
#4427=CARTESIAN_POINT('',(-5.7E0,5.75E0,-7.45E0));
#4428=VERTEX_POINT('',#4426);
#4429=VERTEX_POINT('',#4427);
#4430=CARTESIAN_POINT('',(-2.7E0,-5.E0,-7.45E0));
#4431=VERTEX_POINT('',#4430);
#4432=CARTESIAN_POINT('',(-2.7E0,5.E0,-7.45E0));
#4433=CARTESIAN_POINT('',(-2.7E0,5.75E0,-7.45E0));
#4434=VERTEX_POINT('',#4432);
#4435=VERTEX_POINT('',#4433);
#4436=CARTESIAN_POINT('',(-5.7E0,5.75E0,-6.7E0));
#4437=VERTEX_POINT('',#4436);
#4438=CARTESIAN_POINT('',(-2.7E0,5.75E0,-6.7E0));
#4439=VERTEX_POINT('',#4438);
#4440=CARTESIAN_POINT('',(-5.7E0,-5.E0,-6.7E0));
#4441=VERTEX_POINT('',#4440);
#4442=CARTESIAN_POINT('',(-2.7E0,-5.E0,-6.7E0));
#4443=VERTEX_POINT('',#4442);
#4444=CARTESIAN_POINT('',(-5.7E0,5.E0,-6.7E0));
#4445=VERTEX_POINT('',#4444);
#4446=CARTESIAN_POINT('',(-2.7E0,5.E0,-6.7E0));
#4447=VERTEX_POINT('',#4446);
#4448=CARTESIAN_POINT('',(1.02E1,-3.3E0,-1.005E1));
#4449=CARTESIAN_POINT('',(1.02E1,-3.95E0,-1.005E1));
#4450=VERTEX_POINT('',#4448);
#4451=VERTEX_POINT('',#4449);
#4452=CARTESIAN_POINT('',(1.02E1,-3.95E0,-1.035E1));
#4453=VERTEX_POINT('',#4452);
#4454=CARTESIAN_POINT('',(1.02E1,-3.3E0,-1.18E1));
#4455=VERTEX_POINT('',#4454);
#4456=CARTESIAN_POINT('',(1.02E1,-2.785E0,-1.18E1));
#4457=VERTEX_POINT('',#4456);
#4458=CARTESIAN_POINT('',(1.06E1,-3.3E0,-1.005E1));
#4459=CARTESIAN_POINT('',(1.06E1,-3.95E0,-1.005E1));
#4460=VERTEX_POINT('',#4458);
#4461=VERTEX_POINT('',#4459);
#4462=CARTESIAN_POINT('',(1.06E1,-3.95E0,-1.035E1));
#4463=VERTEX_POINT('',#4462);
#4464=CARTESIAN_POINT('',(1.06E1,-3.3E0,-1.18E1));
#4465=VERTEX_POINT('',#4464);
#4466=CARTESIAN_POINT('',(1.06E1,-2.785E0,-1.18E1));
#4467=VERTEX_POINT('',#4466);
#4468=CARTESIAN_POINT('',(1.02E1,-3.3E0,-6.7E0));
#4469=CARTESIAN_POINT('',(1.02E1,-2.785E0,-6.7E0));
#4470=VERTEX_POINT('',#4468);
#4471=VERTEX_POINT('',#4469);
#4472=CARTESIAN_POINT('',(1.06E1,-3.3E0,-6.7E0));
#4473=CARTESIAN_POINT('',(1.06E1,-2.785E0,-6.7E0));
#4474=VERTEX_POINT('',#4472);
#4475=VERTEX_POINT('',#4473);
#4476=CARTESIAN_POINT('',(1.02E1,-1.415E0,-1.18E1));
#4477=CARTESIAN_POINT('',(1.02E1,-9.E-1,-1.18E1));
#4478=VERTEX_POINT('',#4476);
#4479=VERTEX_POINT('',#4477);
#4480=CARTESIAN_POINT('',(1.02E1,-2.5E-1,-1.035E1));
#4481=VERTEX_POINT('',#4480);
#4482=CARTESIAN_POINT('',(1.02E1,-2.5E-1,-1.005E1));
#4483=VERTEX_POINT('',#4482);
#4484=CARTESIAN_POINT('',(1.02E1,-9.E-1,-1.005E1));
#4485=VERTEX_POINT('',#4484);
#4486=CARTESIAN_POINT('',(1.06E1,-1.415E0,-1.18E1));
#4487=CARTESIAN_POINT('',(1.06E1,-9.E-1,-1.18E1));
#4488=VERTEX_POINT('',#4486);
#4489=VERTEX_POINT('',#4487);
#4490=CARTESIAN_POINT('',(1.06E1,-2.5E-1,-1.035E1));
#4491=VERTEX_POINT('',#4490);
#4492=CARTESIAN_POINT('',(1.06E1,-2.5E-1,-1.005E1));
#4493=VERTEX_POINT('',#4492);
#4494=CARTESIAN_POINT('',(1.06E1,-9.E-1,-1.005E1));
#4495=VERTEX_POINT('',#4494);
#4496=CARTESIAN_POINT('',(1.02E1,-1.415E0,-6.7E0));
#4497=CARTESIAN_POINT('',(1.02E1,-9.E-1,-6.7E0));
#4498=VERTEX_POINT('',#4496);
#4499=VERTEX_POINT('',#4497);
#4500=CARTESIAN_POINT('',(1.06E1,-1.415E0,-6.7E0));
#4501=CARTESIAN_POINT('',(1.06E1,-9.E-1,-6.7E0));
#4502=VERTEX_POINT('',#4500);
#4503=VERTEX_POINT('',#4501);
#4504=CARTESIAN_POINT('',(3.7E0,-5.75E0,4.364431212960E0));
#4505=CARTESIAN_POINT('',(3.7E0,-5.75E0,-3.45E0));
#4506=VERTEX_POINT('',#4504);
#4507=VERTEX_POINT('',#4505);
#4508=CARTESIAN_POINT('',(4.7E0,-5.75E0,4.364431212960E0));
#4509=CARTESIAN_POINT('',(4.7E0,-5.75E0,-3.45E0));
#4510=VERTEX_POINT('',#4508);
#4511=VERTEX_POINT('',#4509);
#4512=CARTESIAN_POINT('',(3.7E0,-7.5E0,6.45E0));
#4513=VERTEX_POINT('',#4512);
#4514=CARTESIAN_POINT('',(4.7E0,-7.5E0,6.45E0));
#4515=VERTEX_POINT('',#4514);
#4516=CARTESIAN_POINT('',(3.7E0,-7.5E0,-3.45E0));
#4517=VERTEX_POINT('',#4516);
#4518=CARTESIAN_POINT('',(4.7E0,-7.5E0,-3.45E0));
#4519=VERTEX_POINT('',#4518);
#4520=CARTESIAN_POINT('',(6.819052266181E0,-6.157440590116E0,4.85E0));
#4521=VERTEX_POINT('',#4520);
#4522=CARTESIAN_POINT('',(-5.E-1,-7.5E0,-3.45E0));
#4523=CARTESIAN_POINT('',(5.E-1,-7.5E0,-3.45E0));
#4524=VERTEX_POINT('',#4522);
#4525=VERTEX_POINT('',#4523);
#4526=CARTESIAN_POINT('',(-5.E-1,-5.75E0,4.364431212960E0));
#4527=CARTESIAN_POINT('',(-5.E-1,-5.75E0,-3.45E0));
#4528=VERTEX_POINT('',#4526);
#4529=VERTEX_POINT('',#4527);
#4530=CARTESIAN_POINT('',(5.E-1,-5.75E0,4.364431212960E0));
#4531=CARTESIAN_POINT('',(5.E-1,-5.75E0,-3.45E0));
#4532=VERTEX_POINT('',#4530);
#4533=VERTEX_POINT('',#4531);
#4534=CARTESIAN_POINT('',(-5.E-1,-7.5E0,6.45E0));
#4535=VERTEX_POINT('',#4534);
#4536=CARTESIAN_POINT('',(5.E-1,-7.5E0,6.45E0));
#4537=VERTEX_POINT('',#4536);
#4538=CARTESIAN_POINT('',(-4.7E0,-7.5E0,-3.45E0));
#4539=CARTESIAN_POINT('',(-3.7E0,-7.5E0,-3.45E0));
#4540=VERTEX_POINT('',#4538);
#4541=VERTEX_POINT('',#4539);
#4542=CARTESIAN_POINT('',(-4.7E0,-5.75E0,4.364431212960E0));
#4543=CARTESIAN_POINT('',(-4.7E0,-5.75E0,-3.45E0));
#4544=VERTEX_POINT('',#4542);
#4545=VERTEX_POINT('',#4543);
#4546=CARTESIAN_POINT('',(-3.7E0,-5.75E0,4.364431212960E0));
#4547=CARTESIAN_POINT('',(-3.7E0,-5.75E0,-3.45E0));
#4548=VERTEX_POINT('',#4546);
#4549=VERTEX_POINT('',#4547);
#4550=CARTESIAN_POINT('',(-4.7E0,-7.5E0,6.45E0));
#4551=VERTEX_POINT('',#4550);
#4552=CARTESIAN_POINT('',(-3.7E0,-7.5E0,6.45E0));
#4553=VERTEX_POINT('',#4552);
#4554=CARTESIAN_POINT('',(-5.E-1,2.8E0,-3.5E-1));
#4555=CARTESIAN_POINT('',(-5.E-1,1.8E0,-3.5E-1));
#4556=VERTEX_POINT('',#4554);
#4557=VERTEX_POINT('',#4555);
#4558=CARTESIAN_POINT('',(-5.E-1,1.8E0,-1.195E1));
#4559=CARTESIAN_POINT('',(-5.E-1,2.8E0,-1.195E1));
#4560=VERTEX_POINT('',#4558);
#4561=VERTEX_POINT('',#4559);
#4562=CARTESIAN_POINT('',(-5.E-1,-1.4E0,-3.5E-1));
#4563=CARTESIAN_POINT('',(-5.E-1,-2.4E0,-3.5E-1));
#4564=VERTEX_POINT('',#4562);
#4565=VERTEX_POINT('',#4563);
#4566=CARTESIAN_POINT('',(-5.E-1,-2.4E0,-1.195E1));
#4567=CARTESIAN_POINT('',(-5.E-1,-1.4E0,-1.195E1));
#4568=VERTEX_POINT('',#4566);
#4569=VERTEX_POINT('',#4567);
#4570=CARTESIAN_POINT('',(5.E-1,2.8E0,-3.5E-1));
#4571=CARTESIAN_POINT('',(5.E-1,1.8E0,-3.5E-1));
#4572=VERTEX_POINT('',#4570);
#4573=VERTEX_POINT('',#4571);
#4574=CARTESIAN_POINT('',(5.E-1,1.8E0,-1.195E1));
#4575=CARTESIAN_POINT('',(5.E-1,2.8E0,-1.195E1));
#4576=VERTEX_POINT('',#4574);
#4577=VERTEX_POINT('',#4575);
#4578=CARTESIAN_POINT('',(5.E-1,-1.4E0,-3.5E-1));
#4579=CARTESIAN_POINT('',(5.E-1,-2.4E0,-3.5E-1));
#4580=VERTEX_POINT('',#4578);
#4581=VERTEX_POINT('',#4579);
#4582=CARTESIAN_POINT('',(5.E-1,-2.4E0,-1.195E1));
#4583=CARTESIAN_POINT('',(5.E-1,-1.4E0,-1.195E1));
#4584=VERTEX_POINT('',#4582);
#4585=VERTEX_POINT('',#4583);
#4586=CARTESIAN_POINT('',(-5.E-1,-2.4E0,-6.7E0));
#4587=CARTESIAN_POINT('',(-5.E-1,-1.4E0,-6.7E0));
#4588=VERTEX_POINT('',#4586);
#4589=VERTEX_POINT('',#4587);
#4590=CARTESIAN_POINT('',(-5.E-1,1.8E0,-6.7E0));
#4591=CARTESIAN_POINT('',(-5.E-1,2.8E0,-6.7E0));
#4592=VERTEX_POINT('',#4590);
#4593=VERTEX_POINT('',#4591);
#4594=CARTESIAN_POINT('',(5.E-1,-2.4E0,-6.7E0));
#4595=CARTESIAN_POINT('',(5.E-1,-1.4E0,-6.7E0));
#4596=VERTEX_POINT('',#4594);
#4597=VERTEX_POINT('',#4595);
#4598=CARTESIAN_POINT('',(5.E-1,1.8E0,-6.7E0));
#4599=CARTESIAN_POINT('',(5.E-1,2.8E0,-6.7E0));
#4600=VERTEX_POINT('',#4598);
#4601=VERTEX_POINT('',#4599);
#4602=CARTESIAN_POINT('',(-5.E-1,-2.4E0,-2.85E0));
#4603=CARTESIAN_POINT('',(-5.E-1,-1.4E0,-2.85E0));
#4604=VERTEX_POINT('',#4602);
#4605=VERTEX_POINT('',#4603);
#4606=CARTESIAN_POINT('',(-5.E-1,1.8E0,-2.85E0));
#4607=CARTESIAN_POINT('',(-5.E-1,2.8E0,-2.85E0));
#4608=VERTEX_POINT('',#4606);
#4609=VERTEX_POINT('',#4607);
#4610=CARTESIAN_POINT('',(5.E-1,-2.4E0,-2.85E0));
#4611=CARTESIAN_POINT('',(5.E-1,-1.4E0,-2.85E0));
#4612=VERTEX_POINT('',#4610);
#4613=VERTEX_POINT('',#4611);
#4614=CARTESIAN_POINT('',(5.E-1,1.8E0,-2.85E0));
#4615=CARTESIAN_POINT('',(5.E-1,2.8E0,-2.85E0));
#4616=VERTEX_POINT('',#4614);
#4617=VERTEX_POINT('',#4615);
#4618=CARTESIAN_POINT('',(-4.7E0,2.8E0,-3.5E-1));
#4619=CARTESIAN_POINT('',(-4.7E0,1.8E0,-3.5E-1));
#4620=VERTEX_POINT('',#4618);
#4621=VERTEX_POINT('',#4619);
#4622=CARTESIAN_POINT('',(-4.7E0,1.8E0,-1.195E1));
#4623=CARTESIAN_POINT('',(-4.7E0,2.8E0,-1.195E1));
#4624=VERTEX_POINT('',#4622);
#4625=VERTEX_POINT('',#4623);
#4626=CARTESIAN_POINT('',(-4.7E0,-1.4E0,-3.5E-1));
#4627=CARTESIAN_POINT('',(-4.7E0,-2.4E0,-3.5E-1));
#4628=VERTEX_POINT('',#4626);
#4629=VERTEX_POINT('',#4627);
#4630=CARTESIAN_POINT('',(-4.7E0,-2.4E0,-1.195E1));
#4631=CARTESIAN_POINT('',(-4.7E0,-1.4E0,-1.195E1));
#4632=VERTEX_POINT('',#4630);
#4633=VERTEX_POINT('',#4631);
#4634=CARTESIAN_POINT('',(-3.7E0,2.8E0,-3.5E-1));
#4635=CARTESIAN_POINT('',(-3.7E0,1.8E0,-3.5E-1));
#4636=VERTEX_POINT('',#4634);
#4637=VERTEX_POINT('',#4635);
#4638=CARTESIAN_POINT('',(-3.7E0,1.8E0,-1.195E1));
#4639=CARTESIAN_POINT('',(-3.7E0,2.8E0,-1.195E1));
#4640=VERTEX_POINT('',#4638);
#4641=VERTEX_POINT('',#4639);
#4642=CARTESIAN_POINT('',(-3.7E0,-1.4E0,-3.5E-1));
#4643=CARTESIAN_POINT('',(-3.7E0,-2.4E0,-3.5E-1));
#4644=VERTEX_POINT('',#4642);
#4645=VERTEX_POINT('',#4643);
#4646=CARTESIAN_POINT('',(-3.7E0,-2.4E0,-1.195E1));
#4647=CARTESIAN_POINT('',(-3.7E0,-1.4E0,-1.195E1));
#4648=VERTEX_POINT('',#4646);
#4649=VERTEX_POINT('',#4647);
#4650=CARTESIAN_POINT('',(-4.7E0,-2.4E0,-6.7E0));
#4651=CARTESIAN_POINT('',(-4.7E0,-1.4E0,-6.7E0));
#4652=VERTEX_POINT('',#4650);
#4653=VERTEX_POINT('',#4651);
#4654=CARTESIAN_POINT('',(-4.7E0,1.8E0,-6.7E0));
#4655=CARTESIAN_POINT('',(-4.7E0,2.8E0,-6.7E0));
#4656=VERTEX_POINT('',#4654);
#4657=VERTEX_POINT('',#4655);
#4658=CARTESIAN_POINT('',(-3.7E0,-2.4E0,-6.7E0));
#4659=CARTESIAN_POINT('',(-3.7E0,-1.4E0,-6.7E0));
#4660=VERTEX_POINT('',#4658);
#4661=VERTEX_POINT('',#4659);
#4662=CARTESIAN_POINT('',(-3.7E0,1.8E0,-6.7E0));
#4663=CARTESIAN_POINT('',(-3.7E0,2.8E0,-6.7E0));
#4664=VERTEX_POINT('',#4662);
#4665=VERTEX_POINT('',#4663);
#4666=CARTESIAN_POINT('',(-4.7E0,-2.4E0,-2.85E0));
#4667=CARTESIAN_POINT('',(-4.7E0,-1.4E0,-2.85E0));
#4668=VERTEX_POINT('',#4666);
#4669=VERTEX_POINT('',#4667);
#4670=CARTESIAN_POINT('',(-4.7E0,1.8E0,-2.85E0));
#4671=CARTESIAN_POINT('',(-4.7E0,2.8E0,-2.85E0));
#4672=VERTEX_POINT('',#4670);
#4673=VERTEX_POINT('',#4671);
#4674=CARTESIAN_POINT('',(-3.7E0,-2.4E0,-2.85E0));
#4675=CARTESIAN_POINT('',(-3.7E0,-1.4E0,-2.85E0));
#4676=VERTEX_POINT('',#4674);
#4677=VERTEX_POINT('',#4675);
#4678=CARTESIAN_POINT('',(-3.7E0,1.8E0,-2.85E0));
#4679=CARTESIAN_POINT('',(-3.7E0,2.8E0,-2.85E0));
#4680=VERTEX_POINT('',#4678);
#4681=VERTEX_POINT('',#4679);
#4682=CARTESIAN_POINT('',(2.3E0,4.E-1,9.5E-1));
#4683=CARTESIAN_POINT('',(2.8E0,4.E-1,9.5E-1));
#4684=VERTEX_POINT('',#4682);
#4685=VERTEX_POINT('',#4683);
#4686=CARTESIAN_POINT('',(2.8E0,4.E0,-6.7E0));
#4687=CARTESIAN_POINT('',(2.3E0,4.E0,-6.7E0));
#4688=VERTEX_POINT('',#4686);
#4689=VERTEX_POINT('',#4687);
#4690=CARTESIAN_POINT('',(2.3E0,2.65E0,-6.7E0));
#4691=VERTEX_POINT('',#4690);
#4692=CARTESIAN_POINT('',(2.3E0,4.E-1,-6.7E0));
#4693=CARTESIAN_POINT('',(2.8E0,4.E-1,-6.7E0));
#4694=VERTEX_POINT('',#4692);
#4695=VERTEX_POINT('',#4693);
#4696=CARTESIAN_POINT('',(2.8E0,2.65E0,-6.7E0));
#4697=VERTEX_POINT('',#4696);
#4698=CARTESIAN_POINT('',(2.3E0,-4.E0,-6.7E0));
#4699=CARTESIAN_POINT('',(2.8E0,-4.E0,-6.7E0));
#4700=VERTEX_POINT('',#4698);
#4701=VERTEX_POINT('',#4699);
#4702=CARTESIAN_POINT('',(2.8E0,-1.5E0,-6.7E0));
#4703=CARTESIAN_POINT('',(2.8E0,-4.E-1,-6.7E0));
#4704=VERTEX_POINT('',#4702);
#4705=VERTEX_POINT('',#4703);
#4706=CARTESIAN_POINT('',(2.3E0,-4.E-1,-6.7E0));
#4707=VERTEX_POINT('',#4706);
#4708=CARTESIAN_POINT('',(2.3E0,-1.5E0,-6.7E0));
#4709=VERTEX_POINT('',#4708);
#4710=CARTESIAN_POINT('',(2.8E0,4.E0,-2.85E0));
#4711=CARTESIAN_POINT('',(2.8E0,2.65E0,-2.85E0));
#4712=VERTEX_POINT('',#4710);
#4713=VERTEX_POINT('',#4711);
#4714=CARTESIAN_POINT('',(2.8E0,-1.5E0,-2.85E0));
#4715=CARTESIAN_POINT('',(2.8E0,-4.E-1,-2.85E0));
#4716=VERTEX_POINT('',#4714);
#4717=VERTEX_POINT('',#4715);
#4718=CARTESIAN_POINT('',(2.8E0,-4.E0,-2.85E0));
#4719=VERTEX_POINT('',#4718);
#4720=CARTESIAN_POINT('',(2.8E0,9.E-1,-2.85E0));
#4721=VERTEX_POINT('',#4720);
#4722=CARTESIAN_POINT('',(2.3E0,1.4E0,9.5E-1));
#4723=VERTEX_POINT('',#4722);
#4724=CARTESIAN_POINT('',(2.8E0,-2.E0,-6.7E0));
#4725=VERTEX_POINT('',#4724);
#4726=CARTESIAN_POINT('',(2.3E0,-2.E0,-6.7E0));
#4727=VERTEX_POINT('',#4726);
#4728=CARTESIAN_POINT('',(2.8E0,-2.E0,-2.85E0));
#4729=VERTEX_POINT('',#4728);
#4730=CARTESIAN_POINT('',(2.3E0,-2.E0,-2.85E0));
#4731=VERTEX_POINT('',#4730);
#4732=CARTESIAN_POINT('',(2.3E0,-1.5E0,-2.85E0));
#4733=VERTEX_POINT('',#4732);
#4734=CARTESIAN_POINT('',(-2.8E0,-4.E0,9.5E-1));
#4735=CARTESIAN_POINT('',(-2.3E0,-4.E0,9.5E-1));
#4736=VERTEX_POINT('',#4734);
#4737=VERTEX_POINT('',#4735);
#4738=CARTESIAN_POINT('',(-2.3E0,4.E0,-6.7E0));
#4739=CARTESIAN_POINT('',(-2.8E0,4.E0,-6.7E0));
#4740=VERTEX_POINT('',#4738);
#4741=VERTEX_POINT('',#4739);
#4742=CARTESIAN_POINT('',(-2.8E0,2.65E0,-6.7E0));
#4743=VERTEX_POINT('',#4742);
#4744=CARTESIAN_POINT('',(-2.8E0,4.E-1,-6.7E0));
#4745=CARTESIAN_POINT('',(-2.3E0,4.E-1,-6.7E0));
#4746=VERTEX_POINT('',#4744);
#4747=VERTEX_POINT('',#4745);
#4748=CARTESIAN_POINT('',(-2.3E0,2.65E0,-6.7E0));
#4749=VERTEX_POINT('',#4748);
#4750=CARTESIAN_POINT('',(-2.8E0,-4.E-1,-6.7E0));
#4751=CARTESIAN_POINT('',(-2.8E0,-1.5E0,-6.7E0));
#4752=VERTEX_POINT('',#4750);
#4753=VERTEX_POINT('',#4751);
#4754=CARTESIAN_POINT('',(-2.3E0,-1.5E0,-6.7E0));
#4755=VERTEX_POINT('',#4754);
#4756=CARTESIAN_POINT('',(-2.3E0,-4.E-1,-6.7E0));
#4757=VERTEX_POINT('',#4756);
#4758=CARTESIAN_POINT('',(-2.8E0,-4.E0,-6.7E0));
#4759=CARTESIAN_POINT('',(-2.3E0,-4.E0,-6.7E0));
#4760=VERTEX_POINT('',#4758);
#4761=VERTEX_POINT('',#4759);
#4762=CARTESIAN_POINT('',(-2.3E0,-2.E0,-6.7E0));
#4763=VERTEX_POINT('',#4762);
#4764=CARTESIAN_POINT('',(-2.8E0,-2.E0,-6.7E0));
#4765=VERTEX_POINT('',#4764);
#4766=CARTESIAN_POINT('',(-2.8E0,4.E0,-2.85E0));
#4767=VERTEX_POINT('',#4766);
#4768=CARTESIAN_POINT('',(-2.8E0,-4.E-1,-2.85E0));
#4769=VERTEX_POINT('',#4768);
#4770=CARTESIAN_POINT('',(-2.8E0,-1.5E0,-2.85E0));
#4771=VERTEX_POINT('',#4770);
#4772=CARTESIAN_POINT('',(-2.3E0,-1.5E0,-2.85E0));
#4773=VERTEX_POINT('',#4772);
#4774=CARTESIAN_POINT('',(-2.3E0,-2.E0,-2.85E0));
#4775=VERTEX_POINT('',#4774);
#4776=CARTESIAN_POINT('',(-2.8E0,-2.E0,-2.85E0));
#4777=VERTEX_POINT('',#4776);
#4778=CARTESIAN_POINT('',(-1.9E0,4.E0,-6.7E0));
#4779=CARTESIAN_POINT('',(-1.9E0,2.7E0,-6.7E0));
#4780=VERTEX_POINT('',#4778);
#4781=VERTEX_POINT('',#4779);
#4782=CARTESIAN_POINT('',(-1.9E0,1.3E0,-6.7E0));
#4783=CARTESIAN_POINT('',(-1.4E0,8.E-1,-6.7E0));
#4784=VERTEX_POINT('',#4782);
#4785=VERTEX_POINT('',#4783);
#4786=CARTESIAN_POINT('',(-1.4E0,2.7E0,-6.7E0));
#4787=CARTESIAN_POINT('',(-1.4E0,4.E0,-6.7E0));
#4788=VERTEX_POINT('',#4786);
#4789=VERTEX_POINT('',#4787);
#4790=CARTESIAN_POINT('',(-1.9E0,1.3E0,-2.85E0));
#4791=CARTESIAN_POINT('',(-1.4E0,8.E-1,-2.85E0));
#4792=VERTEX_POINT('',#4790);
#4793=VERTEX_POINT('',#4791);
#4794=CARTESIAN_POINT('',(-1.4E0,4.E0,-2.85E0));
#4795=CARTESIAN_POINT('',(-1.4E0,2.7E0,-2.85E0));
#4796=VERTEX_POINT('',#4794);
#4797=VERTEX_POINT('',#4795);
#4798=CARTESIAN_POINT('',(-1.9E0,2.7E0,-2.85E0));
#4799=CARTESIAN_POINT('',(-1.9E0,2.2E0,-2.85E0));
#4800=VERTEX_POINT('',#4798);
#4801=VERTEX_POINT('',#4799);
#4802=CARTESIAN_POINT('',(1.4E0,-3.5E0,-2.85E0));
#4803=VERTEX_POINT('',#4802);
#4804=CARTESIAN_POINT('',(1.9E0,-2.E0,-2.85E0));
#4805=CARTESIAN_POINT('',(1.9E0,-1.5E0,-2.85E0));
#4806=VERTEX_POINT('',#4804);
#4807=VERTEX_POINT('',#4805);
#4808=CARTESIAN_POINT('',(1.4E0,-4.E-1,-2.85E0));
#4809=VERTEX_POINT('',#4808);
#4810=CARTESIAN_POINT('',(1.9E0,-3.E0,9.5E-1));
#4811=VERTEX_POINT('',#4810);
#4812=CARTESIAN_POINT('',(-1.4E0,2.2E0,-6.7E0));
#4813=VERTEX_POINT('',#4812);
#4814=CARTESIAN_POINT('',(-1.9E0,2.2E0,-6.7E0));
#4815=VERTEX_POINT('',#4814);
#4816=CARTESIAN_POINT('',(-1.4E0,2.2E0,-2.85E0));
#4817=VERTEX_POINT('',#4816);
#4818=CARTESIAN_POINT('',(1.4E0,-4.E0,9.5E-1));
#4819=CARTESIAN_POINT('',(1.9E0,-4.E0,9.5E-1));
#4820=VERTEX_POINT('',#4818);
#4821=VERTEX_POINT('',#4819);
#4822=CARTESIAN_POINT('',(1.9E0,-4.E-1,-6.7E0));
#4823=CARTESIAN_POINT('',(1.4E0,-4.E-1,-6.7E0));
#4824=VERTEX_POINT('',#4822);
#4825=VERTEX_POINT('',#4823);
#4826=CARTESIAN_POINT('',(1.4E0,-1.5E0,-6.7E0));
#4827=VERTEX_POINT('',#4826);
#4828=CARTESIAN_POINT('',(1.4E0,-4.E0,-6.7E0));
#4829=CARTESIAN_POINT('',(1.9E0,-4.E0,-6.7E0));
#4830=VERTEX_POINT('',#4828);
#4831=VERTEX_POINT('',#4829);
#4832=CARTESIAN_POINT('',(1.9E0,-2.E0,-6.7E0));
#4833=VERTEX_POINT('',#4832);
#4834=CARTESIAN_POINT('',(1.4E0,-1.5E0,-2.85E0));
#4835=VERTEX_POINT('',#4834);
#4836=CARTESIAN_POINT('',(-2.3E0,-3.E0,9.5E-1));
#4837=VERTEX_POINT('',#4836);
#4838=CARTESIAN_POINT('',(-2.8E0,-3.5E0,9.5E-1));
#4839=VERTEX_POINT('',#4838);
#4840=CARTESIAN_POINT('',(-2.8E0,2.65E0,-2.85E0));
#4841=VERTEX_POINT('',#4840);
#4842=CARTESIAN_POINT('',(-2.8E0,-3.5E0,-2.85E0));
#4843=VERTEX_POINT('',#4842);
#4844=CARTESIAN_POINT('',(-2.8E0,4.E-1,-2.85E0));
#4845=VERTEX_POINT('',#4844);
#4846=CARTESIAN_POINT('',(1.9E0,-1.5E0,-6.7E0));
#4847=VERTEX_POINT('',#4846);
#4848=CARTESIAN_POINT('',(1.4E0,-2.E0,-6.7E0));
#4849=VERTEX_POINT('',#4848);
#4850=CARTESIAN_POINT('',(1.4E0,-2.E0,-2.85E0));
#4851=VERTEX_POINT('',#4850);
#4852=CARTESIAN_POINT('',(1.4E0,-3.5E0,9.5E-1));
#4853=VERTEX_POINT('',#4852);
#4854=CARTESIAN_POINT('',(8.805E0,2.05E0,-3.45E0));
#4855=CARTESIAN_POINT('',(8.805E0,2.55E0,-3.45E0));
#4856=VERTEX_POINT('',#4854);
#4857=VERTEX_POINT('',#4855);
#4858=CARTESIAN_POINT('',(-8.805E0,2.55E0,-3.45E0));
#4859=CARTESIAN_POINT('',(-8.805E0,2.05E0,-3.45E0));
#4860=VERTEX_POINT('',#4858);
#4861=VERTEX_POINT('',#4859);
#4862=CARTESIAN_POINT('',(1.1505E1,2.05E0,-6.7E0));
#4863=CARTESIAN_POINT('',(8.805E0,2.05E0,-6.7E0));
#4864=VERTEX_POINT('',#4862);
#4865=VERTEX_POINT('',#4863);
#4866=CARTESIAN_POINT('',(8.805E0,2.55E0,-6.7E0));
#4867=VERTEX_POINT('',#4866);
#4868=CARTESIAN_POINT('',(1.1505E1,2.55E0,-6.7E0));
#4869=VERTEX_POINT('',#4868);
#4870=CARTESIAN_POINT('',(-1.1505E1,2.55E0,-6.7E0));
#4871=CARTESIAN_POINT('',(-8.805E0,2.55E0,-6.7E0));
#4872=VERTEX_POINT('',#4870);
#4873=VERTEX_POINT('',#4871);
#4874=CARTESIAN_POINT('',(-8.805E0,2.05E0,-6.7E0));
#4875=VERTEX_POINT('',#4874);
#4876=CARTESIAN_POINT('',(-1.1505E1,2.05E0,-6.7E0));
#4877=VERTEX_POINT('',#4876);
#4878=CARTESIAN_POINT('',(1.1505E1,2.05E0,-3.45E0));
#4879=CARTESIAN_POINT('',(1.1505E1,2.55E0,-3.45E0));
#4880=VERTEX_POINT('',#4878);
#4881=VERTEX_POINT('',#4879);
#4882=CARTESIAN_POINT('',(-1.1505E1,2.05E0,-3.45E0));
#4883=CARTESIAN_POINT('',(-1.1505E1,2.55E0,-3.45E0));
#4884=VERTEX_POINT('',#4882);
#4885=VERTEX_POINT('',#4883);
#4886=CARTESIAN_POINT('',(2.8E0,2.15E0,-6.7E0));
#4887=VERTEX_POINT('',#4886);
#4888=CARTESIAN_POINT('',(2.3E0,2.15E0,-6.7E0));
#4889=VERTEX_POINT('',#4888);
#4890=CARTESIAN_POINT('',(2.3E0,2.65E0,-2.85E0));
#4891=VERTEX_POINT('',#4890);
#4892=CARTESIAN_POINT('',(2.8E0,2.15E0,-2.85E0));
#4893=VERTEX_POINT('',#4892);
#4894=CARTESIAN_POINT('',(2.3E0,2.15E0,-2.85E0));
#4895=VERTEX_POINT('',#4894);
#4896=CARTESIAN_POINT('',(2.8E0,9.E-1,9.5E-1));
#4897=VERTEX_POINT('',#4896);
#4898=CARTESIAN_POINT('',(-2.3E0,2.15E0,-6.7E0));
#4899=VERTEX_POINT('',#4898);
#4900=CARTESIAN_POINT('',(-2.8E0,2.15E0,-6.7E0));
#4901=VERTEX_POINT('',#4900);
#4902=CARTESIAN_POINT('',(-2.3E0,2.65E0,-2.85E0));
#4903=VERTEX_POINT('',#4902);
#4904=CARTESIAN_POINT('',(-2.3E0,2.15E0,-2.85E0));
#4905=VERTEX_POINT('',#4904);
#4906=CARTESIAN_POINT('',(-2.8E0,2.15E0,-2.85E0));
#4907=VERTEX_POINT('',#4906);
#4908=CARTESIAN_POINT('',(-1.1505E1,5.75E0,-6.7E0));
#4909=CARTESIAN_POINT('',(-1.1505E1,5.75E0,6.2E0));
#4910=VERTEX_POINT('',#4908);
#4911=VERTEX_POINT('',#4909);
#4912=CARTESIAN_POINT('',(-1.1505E1,-5.75E0,-6.7E0));
#4913=CARTESIAN_POINT('',(-1.1505E1,-5.75E0,6.2E0));
#4914=VERTEX_POINT('',#4912);
#4915=VERTEX_POINT('',#4913);
#4916=CARTESIAN_POINT('',(1.1505E1,5.75E0,-6.7E0));
#4917=CARTESIAN_POINT('',(1.1505E1,5.75E0,6.2E0));
#4918=VERTEX_POINT('',#4916);
#4919=VERTEX_POINT('',#4917);
#4920=CARTESIAN_POINT('',(1.1505E1,-5.75E0,-6.7E0));
#4921=CARTESIAN_POINT('',(1.1505E1,-5.75E0,6.2E0));
#4922=VERTEX_POINT('',#4920);
#4923=VERTEX_POINT('',#4921);
#4924=CARTESIAN_POINT('',(-9.6E0,4.E0,6.2E0));
#4925=CARTESIAN_POINT('',(-9.6E0,5.75E0,6.2E0));
#4926=VERTEX_POINT('',#4924);
#4927=VERTEX_POINT('',#4925);
#4928=CARTESIAN_POINT('',(9.6E0,4.E0,6.2E0));
#4929=CARTESIAN_POINT('',(9.6E0,5.75E0,6.2E0));
#4930=VERTEX_POINT('',#4928);
#4931=VERTEX_POINT('',#4929);
#4932=CARTESIAN_POINT('',(9.6E0,-5.75E0,6.2E0));
#4933=VERTEX_POINT('',#4932);
#4934=CARTESIAN_POINT('',(-9.6E0,-5.75E0,6.2E0));
#4935=VERTEX_POINT('',#4934);
#4936=CARTESIAN_POINT('',(-1.01E1,-5.E0,-2.8E0));
#4937=CARTESIAN_POINT('',(-1.07E1,-5.E0,-2.8E0));
#4938=VERTEX_POINT('',#4936);
#4939=VERTEX_POINT('',#4937);
#4940=CARTESIAN_POINT('',(-9.866846170922E0,-5.75E0,6.2E0));
#4941=CARTESIAN_POINT('',(-1.01E1,-5.25E0,6.2E0));
#4942=VERTEX_POINT('',#4940);
#4943=VERTEX_POINT('',#4941);
#4944=CARTESIAN_POINT('',(-1.01E1,-5.E0,6.2E0));
#4945=VERTEX_POINT('',#4944);
#4946=CARTESIAN_POINT('',(-1.07E1,-5.E0,6.2E0));
#4947=VERTEX_POINT('',#4946);
#4948=CARTESIAN_POINT('',(-1.07E1,-5.25E0,6.2E0));
#4949=VERTEX_POINT('',#4948);
#4950=CARTESIAN_POINT('',(-1.093315382908E1,-5.75E0,6.2E0));
#4951=VERTEX_POINT('',#4950);
#4952=CARTESIAN_POINT('',(-1.01E1,-5.25E0,1.8E0));
#4953=CARTESIAN_POINT('',(-1.01E1,-5.E0,1.8E0));
#4954=VERTEX_POINT('',#4952);
#4955=VERTEX_POINT('',#4953);
#4956=CARTESIAN_POINT('',(-1.01E1,-5.25E0,2.05E0));
#4957=CARTESIAN_POINT('',(-1.01E1,-5.E0,2.05E0));
#4958=VERTEX_POINT('',#4956);
#4959=VERTEX_POINT('',#4957);
#4960=CARTESIAN_POINT('',(-1.01E1,-5.25E0,7.5E-1));
#4961=CARTESIAN_POINT('',(-1.01E1,-5.E0,7.5E-1));
#4962=VERTEX_POINT('',#4960);
#4963=VERTEX_POINT('',#4961);
#4964=CARTESIAN_POINT('',(-1.01E1,-5.25E0,1.E0));
#4965=CARTESIAN_POINT('',(-1.01E1,-5.E0,1.E0));
#4966=VERTEX_POINT('',#4964);
#4967=VERTEX_POINT('',#4965);
#4968=CARTESIAN_POINT('',(-1.07E1,-5.E0,1.8E0));
#4969=VERTEX_POINT('',#4968);
#4970=CARTESIAN_POINT('',(-1.07E1,-5.E0,2.05E0));
#4971=VERTEX_POINT('',#4970);
#4972=CARTESIAN_POINT('',(-1.07E1,-5.E0,7.5E-1));
#4973=VERTEX_POINT('',#4972);
#4974=CARTESIAN_POINT('',(-1.07E1,-5.E0,1.E0));
#4975=VERTEX_POINT('',#4974);
#4976=CARTESIAN_POINT('',(-1.07E1,-5.25E0,1.8E0));
#4977=VERTEX_POINT('',#4976);
#4978=CARTESIAN_POINT('',(-1.07E1,-5.25E0,2.05E0));
#4979=VERTEX_POINT('',#4978);
#4980=CARTESIAN_POINT('',(-1.07E1,-5.25E0,7.5E-1));
#4981=VERTEX_POINT('',#4980);
#4982=CARTESIAN_POINT('',(-1.07E1,-5.25E0,1.E0));
#4983=VERTEX_POINT('',#4982);
#4984=CARTESIAN_POINT('',(1.07E1,-5.25E0,7.5E-1));
#4985=CARTESIAN_POINT('',(1.07E1,-5.25E0,1.E0));
#4986=VERTEX_POINT('',#4984);
#4987=VERTEX_POINT('',#4985);
#4988=CARTESIAN_POINT('',(1.07E1,-5.25E0,1.8E0));
#4989=CARTESIAN_POINT('',(1.07E1,-5.25E0,2.05E0));
#4990=VERTEX_POINT('',#4988);
#4991=VERTEX_POINT('',#4989);
#4992=CARTESIAN_POINT('',(1.07E1,-5.E0,2.05E0));
#4993=VERTEX_POINT('',#4992);
#4994=CARTESIAN_POINT('',(1.07E1,-5.E0,1.8E0));
#4995=VERTEX_POINT('',#4994);
#4996=CARTESIAN_POINT('',(1.07E1,-5.E0,1.E0));
#4997=VERTEX_POINT('',#4996);
#4998=CARTESIAN_POINT('',(1.07E1,-5.E0,7.5E-1));
#4999=VERTEX_POINT('',#4998);
#5000=CARTESIAN_POINT('',(1.01E1,-5.E0,2.05E0));
#5001=VERTEX_POINT('',#5000);
#5002=CARTESIAN_POINT('',(1.01E1,-5.E0,1.8E0));
#5003=VERTEX_POINT('',#5002);
#5004=CARTESIAN_POINT('',(1.01E1,-5.E0,1.E0));
#5005=VERTEX_POINT('',#5004);
#5006=CARTESIAN_POINT('',(1.01E1,-5.E0,7.5E-1));
#5007=VERTEX_POINT('',#5006);
#5008=CARTESIAN_POINT('',(1.01E1,-5.25E0,7.5E-1));
#5009=CARTESIAN_POINT('',(1.01E1,-5.25E0,1.E0));
#5010=VERTEX_POINT('',#5008);
#5011=VERTEX_POINT('',#5009);
#5012=CARTESIAN_POINT('',(1.01E1,-5.25E0,1.8E0));
#5013=CARTESIAN_POINT('',(1.01E1,-5.25E0,2.05E0));
#5014=VERTEX_POINT('',#5012);
#5015=VERTEX_POINT('',#5013);
#5016=CARTESIAN_POINT('',(-1.01E1,-5.25E0,-2.8E0));
#5017=CARTESIAN_POINT('',(-1.07E1,-5.25E0,-2.8E0));
#5018=VERTEX_POINT('',#5016);
#5019=VERTEX_POINT('',#5017);
#5020=CARTESIAN_POINT('',(-9.866846170922E0,-5.75E0,-3.3E0));
#5021=CARTESIAN_POINT('',(-1.093315382908E1,-5.75E0,-3.3E0));
#5022=VERTEX_POINT('',#5020);
#5023=VERTEX_POINT('',#5021);
#5024=CARTESIAN_POINT('',(1.07E1,-5.25E0,-2.8E0));
#5025=CARTESIAN_POINT('',(1.01E1,-5.25E0,-2.8E0));
#5026=VERTEX_POINT('',#5024);
#5027=VERTEX_POINT('',#5025);
#5028=CARTESIAN_POINT('',(1.093315382908E1,-5.75E0,-3.3E0));
#5029=CARTESIAN_POINT('',(9.866846170922E0,-5.75E0,-3.3E0));
#5030=VERTEX_POINT('',#5028);
#5031=VERTEX_POINT('',#5029);
#5032=CARTESIAN_POINT('',(-1.02E1,-3.3E0,-9.29E0));
#5033=CARTESIAN_POINT('',(-1.02E1,-3.95E0,-9.29E0));
#5034=VERTEX_POINT('',#5032);
#5035=VERTEX_POINT('',#5033);
#5036=CARTESIAN_POINT('',(-1.02E1,-3.95E0,-9.59E0));
#5037=VERTEX_POINT('',#5036);
#5038=CARTESIAN_POINT('',(-1.02E1,-3.3E0,-1.104E1));
#5039=VERTEX_POINT('',#5038);
#5040=CARTESIAN_POINT('',(-1.02E1,-2.785E0,-1.104E1));
#5041=VERTEX_POINT('',#5040);
#5042=CARTESIAN_POINT('',(-1.06E1,-3.3E0,-9.29E0));
#5043=CARTESIAN_POINT('',(-1.06E1,-3.95E0,-9.29E0));
#5044=VERTEX_POINT('',#5042);
#5045=VERTEX_POINT('',#5043);
#5046=CARTESIAN_POINT('',(-1.06E1,-3.95E0,-9.59E0));
#5047=VERTEX_POINT('',#5046);
#5048=CARTESIAN_POINT('',(-1.06E1,-3.3E0,-1.104E1));
#5049=VERTEX_POINT('',#5048);
#5050=CARTESIAN_POINT('',(-1.06E1,-2.785E0,-1.104E1));
#5051=VERTEX_POINT('',#5050);
#5052=CARTESIAN_POINT('',(-1.02E1,-3.3E0,-6.7E0));
#5053=VERTEX_POINT('',#5052);
#5054=CARTESIAN_POINT('',(-1.02E1,-2.785E0,-6.7E0));
#5055=VERTEX_POINT('',#5054);
#5056=CARTESIAN_POINT('',(-1.06E1,-3.3E0,-6.7E0));
#5057=VERTEX_POINT('',#5056);
#5058=CARTESIAN_POINT('',(-1.06E1,-2.785E0,-6.7E0));
#5059=VERTEX_POINT('',#5058);
#5060=CARTESIAN_POINT('',(-1.02E1,-1.415E0,-1.104E1));
#5061=CARTESIAN_POINT('',(-1.02E1,-9.E-1,-1.104E1));
#5062=VERTEX_POINT('',#5060);
#5063=VERTEX_POINT('',#5061);
#5064=CARTESIAN_POINT('',(-1.02E1,-2.5E-1,-9.59E0));
#5065=VERTEX_POINT('',#5064);
#5066=CARTESIAN_POINT('',(-1.02E1,-2.5E-1,-9.29E0));
#5067=VERTEX_POINT('',#5066);
#5068=CARTESIAN_POINT('',(-1.02E1,-9.E-1,-9.29E0));
#5069=VERTEX_POINT('',#5068);
#5070=CARTESIAN_POINT('',(-1.06E1,-1.415E0,-1.104E1));
#5071=CARTESIAN_POINT('',(-1.06E1,-9.E-1,-1.104E1));
#5072=VERTEX_POINT('',#5070);
#5073=VERTEX_POINT('',#5071);
#5074=CARTESIAN_POINT('',(-1.06E1,-2.5E-1,-9.59E0));
#5075=VERTEX_POINT('',#5074);
#5076=CARTESIAN_POINT('',(-1.06E1,-2.5E-1,-9.29E0));
#5077=VERTEX_POINT('',#5076);
#5078=CARTESIAN_POINT('',(-1.06E1,-9.E-1,-9.29E0));
#5079=VERTEX_POINT('',#5078);
#5080=CARTESIAN_POINT('',(-1.02E1,-1.415E0,-6.7E0));
#5081=VERTEX_POINT('',#5080);
#5082=CARTESIAN_POINT('',(-1.02E1,-9.E-1,-6.7E0));
#5083=VERTEX_POINT('',#5082);
#5084=CARTESIAN_POINT('',(-1.06E1,-1.415E0,-6.7E0));
#5085=VERTEX_POINT('',#5084);
#5086=CARTESIAN_POINT('',(-1.06E1,-9.E-1,-6.7E0));
#5087=VERTEX_POINT('',#5086);
#5088=CARTESIAN_POINT('',(-9.6E0,0.E0,0.E0));
#5089=DIRECTION('',(1.E0,0.E0,0.E0));
#5090=DIRECTION('',(0.E0,0.E0,-1.E0));
#5091=AXIS2_PLACEMENT_3D('',#5088,#5089,#5090);
#5092=PLANE('',#5091);
#5094=ORIENTED_EDGE('',*,*,#5093,.T.);
#5096=ORIENTED_EDGE('',*,*,#5095,.F.);
#5098=ORIENTED_EDGE('',*,*,#5097,.F.);
#5100=ORIENTED_EDGE('',*,*,#5099,.T.);
#5102=ORIENTED_EDGE('',*,*,#5101,.T.);
#5104=ORIENTED_EDGE('',*,*,#5103,.T.);
#5105=EDGE_LOOP('',(#5094,#5096,#5098,#5100,#5102,#5104));
#5106=FACE_OUTER_BOUND('',#5105,.F.);
#5107=ADVANCED_FACE('',(#5106),#5092,.F.);
#5108=CARTESIAN_POINT('',(-9.6E0,0.E0,0.E0));
#5109=DIRECTION('',(1.E0,0.E0,0.E0));
#5110=DIRECTION('',(0.E0,0.E0,-1.E0));
#5111=AXIS2_PLACEMENT_3D('',#5108,#5109,#5110);
#5112=PLANE('',#5111);
#5114=ORIENTED_EDGE('',*,*,#5113,.F.);
#5116=ORIENTED_EDGE('',*,*,#5115,.T.);
#5118=ORIENTED_EDGE('',*,*,#5117,.T.);
#5120=ORIENTED_EDGE('',*,*,#5119,.F.);
#5122=ORIENTED_EDGE('',*,*,#5121,.F.);
#5124=ORIENTED_EDGE('',*,*,#5123,.F.);
#5126=ORIENTED_EDGE('',*,*,#5125,.T.);
#5128=ORIENTED_EDGE('',*,*,#5127,.T.);
#5130=ORIENTED_EDGE('',*,*,#5129,.T.);
#5132=ORIENTED_EDGE('',*,*,#5131,.F.);
#5133=EDGE_LOOP('',(#5114,#5116,#5118,#5120,#5122,#5124,#5126,#5128,#5130,
#5132));
#5134=FACE_OUTER_BOUND('',#5133,.F.);
#5135=ADVANCED_FACE('',(#5134),#5112,.F.);
#5136=CARTESIAN_POINT('',(-9.6E0,4.E0,6.2E0));
#5137=DIRECTION('',(0.E0,0.E0,-1.E0));
#5138=DIRECTION('',(1.E0,0.E0,0.E0));
#5139=AXIS2_PLACEMENT_3D('',#5136,#5137,#5138);
#5140=PLANE('',#5139);
#5142=ORIENTED_EDGE('',*,*,#5141,.F.);
#5144=ORIENTED_EDGE('',*,*,#5143,.F.);
#5146=ORIENTED_EDGE('',*,*,#5145,.T.);
#5148=ORIENTED_EDGE('',*,*,#5147,.T.);
#5150=ORIENTED_EDGE('',*,*,#5149,.T.);
#5152=ORIENTED_EDGE('',*,*,#5151,.T.);
#5154=ORIENTED_EDGE('',*,*,#5153,.T.);
#5156=ORIENTED_EDGE('',*,*,#5155,.T.);
#5158=ORIENTED_EDGE('',*,*,#5157,.T.);
#5160=ORIENTED_EDGE('',*,*,#5159,.T.);
#5161=EDGE_LOOP('',(#5142,#5144,#5146,#5148,#5150,#5152,#5154,#5156,#5158,
#5160));
#5162=FACE_OUTER_BOUND('',#5161,.F.);
#5163=ADVANCED_FACE('',(#5162),#5140,.F.);
#5164=CARTESIAN_POINT('',(-9.6E0,4.E0,6.2E0));
#5165=DIRECTION('',(0.E0,0.E0,-1.E0));
#5166=DIRECTION('',(1.E0,0.E0,0.E0));
#5167=AXIS2_PLACEMENT_3D('',#5164,#5165,#5166);
#5168=PLANE('',#5167);
#5170=ORIENTED_EDGE('',*,*,#5169,.T.);
#5171=ORIENTED_EDGE('',*,*,#5113,.T.);
#5173=ORIENTED_EDGE('',*,*,#5172,.T.);
#5175=ORIENTED_EDGE('',*,*,#5174,.T.);
#5177=ORIENTED_EDGE('',*,*,#5176,.T.);
#5179=ORIENTED_EDGE('',*,*,#5178,.T.);
#5181=ORIENTED_EDGE('',*,*,#5180,.T.);
#5183=ORIENTED_EDGE('',*,*,#5182,.T.);
#5185=ORIENTED_EDGE('',*,*,#5184,.T.);
#5187=ORIENTED_EDGE('',*,*,#5186,.F.);
#5188=EDGE_LOOP('',(#5170,#5171,#5173,#5175,#5177,#5179,#5181,#5183,#5185,
#5187));
#5189=FACE_OUTER_BOUND('',#5188,.F.);
#5190=ADVANCED_FACE('',(#5189),#5168,.F.);
#5191=CARTESIAN_POINT('',(-9.6E0,4.E0,6.2E0));
#5192=DIRECTION('',(0.E0,0.E0,-1.E0));
#5193=DIRECTION('',(1.E0,0.E0,0.E0));
#5194=AXIS2_PLACEMENT_3D('',#5191,#5192,#5193);
#5195=PLANE('',#5194);
#5197=ORIENTED_EDGE('',*,*,#5196,.T.);
#5199=ORIENTED_EDGE('',*,*,#5198,.T.);
#5201=ORIENTED_EDGE('',*,*,#5200,.F.);
#5203=ORIENTED_EDGE('',*,*,#5202,.F.);
#5205=ORIENTED_EDGE('',*,*,#5204,.T.);
#5207=ORIENTED_EDGE('',*,*,#5206,.T.);
#5209=ORIENTED_EDGE('',*,*,#5208,.F.);
#5211=ORIENTED_EDGE('',*,*,#5210,.T.);
#5212=EDGE_LOOP('',(#5197,#5199,#5201,#5203,#5205,#5207,#5209,#5211));
#5213=FACE_OUTER_BOUND('',#5212,.F.);
#5214=ADVANCED_FACE('',(#5213),#5195,.F.);
#5215=CARTESIAN_POINT('',(-9.6E0,4.E0,6.2E0));
#5216=DIRECTION('',(0.E0,0.E0,-1.E0));
#5217=DIRECTION('',(1.E0,0.E0,0.E0));
#5218=AXIS2_PLACEMENT_3D('',#5215,#5216,#5217);
#5219=PLANE('',#5218);
#5221=ORIENTED_EDGE('',*,*,#5220,.T.);
#5223=ORIENTED_EDGE('',*,*,#5222,.T.);
#5225=ORIENTED_EDGE('',*,*,#5224,.T.);
#5227=ORIENTED_EDGE('',*,*,#5226,.T.);
#5229=ORIENTED_EDGE('',*,*,#5228,.T.);
#5231=ORIENTED_EDGE('',*,*,#5230,.F.);
#5233=ORIENTED_EDGE('',*,*,#5232,.F.);
#5235=ORIENTED_EDGE('',*,*,#5234,.T.);
#5237=ORIENTED_EDGE('',*,*,#5236,.T.);
#5239=ORIENTED_EDGE('',*,*,#5238,.T.);
#5241=ORIENTED_EDGE('',*,*,#5240,.F.);
#5243=ORIENTED_EDGE('',*,*,#5242,.T.);
#5244=EDGE_LOOP('',(#5221,#5223,#5225,#5227,#5229,#5231,#5233,#5235,#5237,#5239,
#5241,#5243));
#5245=FACE_OUTER_BOUND('',#5244,.F.);
#5246=ADVANCED_FACE('',(#5245),#5219,.F.);
#5247=CARTESIAN_POINT('',(-9.6E0,4.E0,6.2E0));
#5248=DIRECTION('',(0.E0,0.E0,-1.E0));
#5249=DIRECTION('',(1.E0,0.E0,0.E0));
#5250=AXIS2_PLACEMENT_3D('',#5247,#5248,#5249);
#5251=PLANE('',#5250);
#5253=ORIENTED_EDGE('',*,*,#5252,.T.);
#5255=ORIENTED_EDGE('',*,*,#5254,.T.);
#5256=ORIENTED_EDGE('',*,*,#5121,.T.);
#5258=ORIENTED_EDGE('',*,*,#5257,.F.);
#5260=ORIENTED_EDGE('',*,*,#5259,.F.);
#5262=ORIENTED_EDGE('',*,*,#5261,.T.);
#5264=ORIENTED_EDGE('',*,*,#5263,.T.);
#5266=ORIENTED_EDGE('',*,*,#5265,.T.);
#5267=EDGE_LOOP('',(#5253,#5255,#5256,#5258,#5260,#5262,#5264,#5266));
#5268=FACE_OUTER_BOUND('',#5267,.F.);
#5269=ADVANCED_FACE('',(#5268),#5251,.F.);
#5270=CARTESIAN_POINT('',(-9.6E0,4.E0,6.2E0));
#5271=DIRECTION('',(0.E0,0.E0,-1.E0));
#5272=DIRECTION('',(1.E0,0.E0,0.E0));
#5273=AXIS2_PLACEMENT_3D('',#5270,#5271,#5272);
#5274=PLANE('',#5273);
#5276=ORIENTED_EDGE('',*,*,#5275,.T.);
#5278=ORIENTED_EDGE('',*,*,#5277,.T.);
#5280=ORIENTED_EDGE('',*,*,#5279,.T.);
#5282=ORIENTED_EDGE('',*,*,#5281,.F.);
#5284=ORIENTED_EDGE('',*,*,#5283,.F.);
#5286=ORIENTED_EDGE('',*,*,#5285,.T.);
#5287=ORIENTED_EDGE('',*,*,#5093,.F.);
#5289=ORIENTED_EDGE('',*,*,#5288,.T.);
#5291=ORIENTED_EDGE('',*,*,#5290,.T.);
#5293=ORIENTED_EDGE('',*,*,#5292,.F.);
#5295=ORIENTED_EDGE('',*,*,#5294,.T.);
#5297=ORIENTED_EDGE('',*,*,#5296,.F.);
#5298=EDGE_LOOP('',(#5276,#5278,#5280,#5282,#5284,#5286,#5287,#5289,#5291,#5293,
#5295,#5297));
#5299=FACE_OUTER_BOUND('',#5298,.F.);
#5300=ADVANCED_FACE('',(#5299),#5274,.F.);
#5301=CARTESIAN_POINT('',(9.6E0,-2.75E0,6.2E0));
#5302=DIRECTION('',(0.E0,-1.E0,0.E0));
#5303=DIRECTION('',(1.E0,0.E0,0.E0));
#5304=AXIS2_PLACEMENT_3D('',#5301,#5302,#5303);
#5305=PLANE('',#5304);
#5307=ORIENTED_EDGE('',*,*,#5306,.T.);
#5309=ORIENTED_EDGE('',*,*,#5308,.T.);
#5311=ORIENTED_EDGE('',*,*,#5310,.T.);
#5313=ORIENTED_EDGE('',*,*,#5312,.F.);
#5315=ORIENTED_EDGE('',*,*,#5314,.T.);
#5317=ORIENTED_EDGE('',*,*,#5316,.F.);
#5318=ORIENTED_EDGE('',*,*,#5141,.T.);
#5320=ORIENTED_EDGE('',*,*,#5319,.T.);
#5321=EDGE_LOOP('',(#5307,#5309,#5311,#5313,#5315,#5317,#5318,#5320));
#5322=FACE_OUTER_BOUND('',#5321,.F.);
#5323=ADVANCED_FACE('',(#5322),#5305,.F.);
#5324=CARTESIAN_POINT('',(-9.6E0,4.E0,2.2E0));
#5325=DIRECTION('',(0.E0,0.E0,1.E0));
#5326=DIRECTION('',(1.E0,0.E0,0.E0));
#5327=AXIS2_PLACEMENT_3D('',#5324,#5325,#5326);
#5328=PLANE('',#5327);
#5330=ORIENTED_EDGE('',*,*,#5329,.F.);
#5332=ORIENTED_EDGE('',*,*,#5331,.F.);
#5334=ORIENTED_EDGE('',*,*,#5333,.F.);
#5336=ORIENTED_EDGE('',*,*,#5335,.F.);
#5337=EDGE_LOOP('',(#5330,#5332,#5334,#5336));
#5338=FACE_OUTER_BOUND('',#5337,.F.);
#5339=ADVANCED_FACE('',(#5338),#5328,.T.);
#5340=CARTESIAN_POINT('',(-9.6E0,4.E0,2.2E0));
#5341=DIRECTION('',(0.E0,0.E0,1.E0));
#5342=DIRECTION('',(1.E0,0.E0,0.E0));
#5343=AXIS2_PLACEMENT_3D('',#5340,#5341,#5342);
#5344=PLANE('',#5343);
#5346=ORIENTED_EDGE('',*,*,#5345,.T.);
#5348=ORIENTED_EDGE('',*,*,#5347,.F.);
#5350=ORIENTED_EDGE('',*,*,#5349,.F.);
#5352=ORIENTED_EDGE('',*,*,#5351,.F.);
#5353=EDGE_LOOP('',(#5346,#5348,#5350,#5352));
#5354=FACE_OUTER_BOUND('',#5353,.F.);
#5355=ADVANCED_FACE('',(#5354),#5344,.T.);
#5356=CARTESIAN_POINT('',(-9.6E0,4.E0,2.2E0));
#5357=DIRECTION('',(0.E0,0.E0,1.E0));
#5358=DIRECTION('',(1.E0,0.E0,0.E0));
#5359=AXIS2_PLACEMENT_3D('',#5356,#5357,#5358);
#5360=PLANE('',#5359);
#5362=ORIENTED_EDGE('',*,*,#5361,.F.);
#5363=ORIENTED_EDGE('',*,*,#5306,.F.);
#5365=ORIENTED_EDGE('',*,*,#5364,.F.);
#5367=ORIENTED_EDGE('',*,*,#5366,.F.);
#5368=EDGE_LOOP('',(#5362,#5363,#5365,#5367));
#5369=FACE_OUTER_BOUND('',#5368,.F.);
#5370=ADVANCED_FACE('',(#5369),#5360,.T.);
#5371=CARTESIAN_POINT('',(-9.6E0,4.E0,2.2E0));
#5372=DIRECTION('',(0.E0,0.E0,1.E0));
#5373=DIRECTION('',(1.E0,0.E0,0.E0));
#5374=AXIS2_PLACEMENT_3D('',#5371,#5372,#5373);
#5375=PLANE('',#5374);
#5377=ORIENTED_EDGE('',*,*,#5376,.T.);
#5379=ORIENTED_EDGE('',*,*,#5378,.F.);
#5381=ORIENTED_EDGE('',*,*,#5380,.F.);
#5382=ORIENTED_EDGE('',*,*,#5314,.F.);
#5383=EDGE_LOOP('',(#5377,#5379,#5381,#5382));
#5384=FACE_OUTER_BOUND('',#5383,.F.);
#5385=ADVANCED_FACE('',(#5384),#5375,.T.);
#5386=CARTESIAN_POINT('',(-9.6E0,4.E0,2.2E0));
#5387=DIRECTION('',(0.E0,0.E0,1.E0));
#5388=DIRECTION('',(1.E0,0.E0,0.E0));
#5389=AXIS2_PLACEMENT_3D('',#5386,#5387,#5388);
#5390=PLANE('',#5389);
#5392=ORIENTED_EDGE('',*,*,#5391,.F.);
#5394=ORIENTED_EDGE('',*,*,#5393,.F.);
#5396=ORIENTED_EDGE('',*,*,#5395,.F.);
#5398=ORIENTED_EDGE('',*,*,#5397,.F.);
#5399=EDGE_LOOP('',(#5392,#5394,#5396,#5398));
#5400=FACE_OUTER_BOUND('',#5399,.F.);
#5401=ADVANCED_FACE('',(#5400),#5390,.T.);
#5402=CARTESIAN_POINT('',(-9.6E0,4.E0,2.2E0));
#5403=DIRECTION('',(0.E0,0.E0,1.E0));
#5404=DIRECTION('',(1.E0,0.E0,0.E0));
#5405=AXIS2_PLACEMENT_3D('',#5402,#5403,#5404);
#5406=PLANE('',#5405);
#5408=ORIENTED_EDGE('',*,*,#5407,.T.);
#5410=ORIENTED_EDGE('',*,*,#5409,.F.);
#5412=ORIENTED_EDGE('',*,*,#5411,.T.);
#5414=ORIENTED_EDGE('',*,*,#5413,.F.);
#5415=EDGE_LOOP('',(#5408,#5410,#5412,#5414));
#5416=FACE_OUTER_BOUND('',#5415,.F.);
#5417=ADVANCED_FACE('',(#5416),#5406,.T.);
#5418=CARTESIAN_POINT('',(-9.6E0,4.E0,2.2E0));
#5419=DIRECTION('',(0.E0,0.E0,1.E0));
#5420=DIRECTION('',(1.E0,0.E0,0.E0));
#5421=AXIS2_PLACEMENT_3D('',#5418,#5419,#5420);
#5422=PLANE('',#5421);
#5424=ORIENTED_EDGE('',*,*,#5423,.F.);
#5426=ORIENTED_EDGE('',*,*,#5425,.F.);
#5428=ORIENTED_EDGE('',*,*,#5427,.T.);
#5430=ORIENTED_EDGE('',*,*,#5429,.F.);
#5431=EDGE_LOOP('',(#5424,#5426,#5428,#5430));
#5432=FACE_OUTER_BOUND('',#5431,.F.);
#5433=ADVANCED_FACE('',(#5432),#5422,.T.);
#5434=CARTESIAN_POINT('',(-9.6E0,4.E0,2.2E0));
#5435=DIRECTION('',(0.E0,0.E0,1.E0));
#5436=DIRECTION('',(1.E0,0.E0,0.E0));
#5437=AXIS2_PLACEMENT_3D('',#5434,#5435,#5436);
#5438=PLANE('',#5437);
#5440=ORIENTED_EDGE('',*,*,#5439,.T.);
#5442=ORIENTED_EDGE('',*,*,#5441,.F.);
#5443=ORIENTED_EDGE('',*,*,#5117,.F.);
#5445=ORIENTED_EDGE('',*,*,#5444,.F.);
#5446=EDGE_LOOP('',(#5440,#5442,#5443,#5445));
#5447=FACE_OUTER_BOUND('',#5446,.F.);
#5448=ADVANCED_FACE('',(#5447),#5438,.T.);
#5449=CARTESIAN_POINT('',(1.0625E1,5.E-1,6.2E0));
#5450=DIRECTION('',(1.E0,0.E0,0.E0));
#5451=DIRECTION('',(0.E0,1.E0,0.E0));
#5452=AXIS2_PLACEMENT_3D('',#5449,#5450,#5451);
#5453=PLANE('',#5452);
#5455=ORIENTED_EDGE('',*,*,#5454,.T.);
#5456=ORIENTED_EDGE('',*,*,#5198,.F.);
#5458=ORIENTED_EDGE('',*,*,#5457,.T.);
#5460=ORIENTED_EDGE('',*,*,#5459,.T.);
#5462=ORIENTED_EDGE('',*,*,#5461,.F.);
#5463=ORIENTED_EDGE('',*,*,#5220,.F.);
#5465=ORIENTED_EDGE('',*,*,#5464,.F.);
#5466=ORIENTED_EDGE('',*,*,#5329,.T.);
#5467=EDGE_LOOP('',(#5455,#5456,#5458,#5460,#5462,#5463,#5465,#5466));
#5468=FACE_OUTER_BOUND('',#5467,.F.);
#5469=ADVANCED_FACE('',(#5468),#5453,.F.);
#5470=CARTESIAN_POINT('',(0.E0,1.E0,4.45E0));
#5471=DIRECTION('',(0.E0,-1.E0,0.E0));
#5472=DIRECTION('',(1.E0,0.E0,0.E0));
#5473=AXIS2_PLACEMENT_3D('',#5470,#5471,#5472);
#5474=PLANE('',#5473);
#5475=ORIENTED_EDGE('',*,*,#5454,.F.);
#5476=ORIENTED_EDGE('',*,*,#5335,.T.);
#5478=ORIENTED_EDGE('',*,*,#5477,.F.);
#5479=ORIENTED_EDGE('',*,*,#5200,.T.);
#5480=EDGE_LOOP('',(#5475,#5476,#5478,#5479));
#5481=FACE_OUTER_BOUND('',#5480,.F.);
#5482=ADVANCED_FACE('',(#5481),#5474,.F.);
#5483=CARTESIAN_POINT('',(0.E0,1.E0,4.45E0));
#5484=DIRECTION('',(0.E0,-1.E0,0.E0));
#5485=DIRECTION('',(1.E0,0.E0,0.E0));
#5486=AXIS2_PLACEMENT_3D('',#5483,#5484,#5485);
#5487=PLANE('',#5486);
#5489=ORIENTED_EDGE('',*,*,#5488,.T.);
#5490=ORIENTED_EDGE('',*,*,#5208,.T.);
#5492=ORIENTED_EDGE('',*,*,#5491,.F.);
#5494=ORIENTED_EDGE('',*,*,#5493,.F.);
#5496=ORIENTED_EDGE('',*,*,#5495,.F.);
#5498=ORIENTED_EDGE('',*,*,#5497,.T.);
#5499=ORIENTED_EDGE('',*,*,#5230,.T.);
#5501=ORIENTED_EDGE('',*,*,#5500,.T.);
#5502=ORIENTED_EDGE('',*,*,#5347,.T.);
#5503=EDGE_LOOP('',(#5489,#5490,#5492,#5494,#5496,#5498,#5499,#5501,#5502));
#5504=FACE_OUTER_BOUND('',#5503,.F.);
#5505=ADVANCED_FACE('',(#5504),#5487,.F.);
#5506=CARTESIAN_POINT('',(0.E0,1.E0,4.45E0));
#5507=DIRECTION('',(0.E0,-1.E0,0.E0));
#5508=DIRECTION('',(1.E0,0.E0,0.E0));
#5509=AXIS2_PLACEMENT_3D('',#5506,#5507,#5508);
#5510=PLANE('',#5509);
#5512=ORIENTED_EDGE('',*,*,#5511,.F.);
#5513=ORIENTED_EDGE('',*,*,#5397,.T.);
#5515=ORIENTED_EDGE('',*,*,#5514,.F.);
#5516=ORIENTED_EDGE('',*,*,#5292,.T.);
#5518=ORIENTED_EDGE('',*,*,#5517,.T.);
#5520=ORIENTED_EDGE('',*,*,#5519,.T.);
#5522=ORIENTED_EDGE('',*,*,#5521,.F.);
#5523=ORIENTED_EDGE('',*,*,#5123,.T.);
#5524=ORIENTED_EDGE('',*,*,#5254,.F.);
#5525=EDGE_LOOP('',(#5512,#5513,#5515,#5516,#5518,#5520,#5522,#5523,#5524));
#5526=FACE_OUTER_BOUND('',#5525,.F.);
#5527=ADVANCED_FACE('',(#5526),#5510,.F.);
#5528=CARTESIAN_POINT('',(0.E0,1.E0,4.45E0));
#5529=DIRECTION('',(0.E0,-1.E0,0.E0));
#5530=DIRECTION('',(1.E0,0.E0,0.E0));
#5531=AXIS2_PLACEMENT_3D('',#5528,#5529,#5530);
#5532=PLANE('',#5531);
#5534=ORIENTED_EDGE('',*,*,#5533,.T.);
#5535=ORIENTED_EDGE('',*,*,#5261,.F.);
#5537=ORIENTED_EDGE('',*,*,#5536,.T.);
#5538=ORIENTED_EDGE('',*,*,#5409,.T.);
#5539=EDGE_LOOP('',(#5534,#5535,#5537,#5538));
#5540=FACE_OUTER_BOUND('',#5539,.F.);
#5541=ADVANCED_FACE('',(#5540),#5532,.F.);
#5542=CARTESIAN_POINT('',(1.1505E1,-4.5E0,6.2E0));
#5543=DIRECTION('',(1.E0,0.E0,0.E0));
#5544=DIRECTION('',(0.E0,1.E0,0.E0));
#5545=AXIS2_PLACEMENT_3D('',#5542,#5543,#5544);
#5546=PLANE('',#5545);
#5548=ORIENTED_EDGE('',*,*,#5547,.F.);
#5550=ORIENTED_EDGE('',*,*,#5549,.F.);
#5552=ORIENTED_EDGE('',*,*,#5551,.T.);
#5554=ORIENTED_EDGE('',*,*,#5553,.T.);
#5555=ORIENTED_EDGE('',*,*,#5143,.T.);
#5556=ORIENTED_EDGE('',*,*,#5316,.T.);
#5557=ORIENTED_EDGE('',*,*,#5380,.T.);
#5559=ORIENTED_EDGE('',*,*,#5558,.F.);
#5560=ORIENTED_EDGE('',*,*,#5202,.T.);
#5561=ORIENTED_EDGE('',*,*,#5477,.T.);
#5562=ORIENTED_EDGE('',*,*,#5333,.T.);
#5564=ORIENTED_EDGE('',*,*,#5563,.F.);
#5565=ORIENTED_EDGE('',*,*,#5240,.T.);
#5567=ORIENTED_EDGE('',*,*,#5566,.F.);
#5569=ORIENTED_EDGE('',*,*,#5568,.T.);
#5571=ORIENTED_EDGE('',*,*,#5570,.T.);
#5572=EDGE_LOOP('',(#5548,#5550,#5552,#5554,#5555,#5556,#5557,#5559,#5560,#5561,
#5562,#5564,#5565,#5567,#5569,#5571));
#5573=FACE_OUTER_BOUND('',#5572,.F.);
#5574=ADVANCED_FACE('',(#5573),#5546,.T.);
#5575=CARTESIAN_POINT('',(-9.6E0,-5.75E0,-3.45E0));
#5576=DIRECTION('',(0.E0,0.E0,-1.E0));
#5577=DIRECTION('',(-1.E0,0.E0,0.E0));
#5578=AXIS2_PLACEMENT_3D('',#5575,#5576,#5577);
#5579=PLANE('',#5578);
#5580=ORIENTED_EDGE('',*,*,#5547,.T.);
#5582=ORIENTED_EDGE('',*,*,#5581,.F.);
#5584=ORIENTED_EDGE('',*,*,#5583,.F.);
#5586=ORIENTED_EDGE('',*,*,#5585,.F.);
#5587=EDGE_LOOP('',(#5580,#5582,#5584,#5586));
#5588=FACE_OUTER_BOUND('',#5587,.F.);
#5589=ADVANCED_FACE('',(#5588),#5579,.T.);
#5590=CARTESIAN_POINT('',(-9.6E0,-5.75E0,-3.45E0));
#5591=DIRECTION('',(0.E0,0.E0,-1.E0));
#5592=DIRECTION('',(-1.E0,0.E0,0.E0));
#5593=AXIS2_PLACEMENT_3D('',#5590,#5591,#5592);
#5594=PLANE('',#5593);
#5596=ORIENTED_EDGE('',*,*,#5595,.F.);
#5598=ORIENTED_EDGE('',*,*,#5597,.F.);
#5600=ORIENTED_EDGE('',*,*,#5599,.F.);
#5602=ORIENTED_EDGE('',*,*,#5601,.F.);
#5603=EDGE_LOOP('',(#5596,#5598,#5600,#5602));
#5604=FACE_OUTER_BOUND('',#5603,.F.);
#5605=ADVANCED_FACE('',(#5604),#5594,.T.);
#5606=CARTESIAN_POINT('',(8.805E0,2.55E0,-7.45E0));
#5607=DIRECTION('',(0.E0,1.E0,0.E0));
#5608=DIRECTION('',(1.E0,0.E0,0.E0));
#5609=AXIS2_PLACEMENT_3D('',#5606,#5607,#5608);
#5610=PLANE('',#5609);
#5612=ORIENTED_EDGE('',*,*,#5611,.T.);
#5614=ORIENTED_EDGE('',*,*,#5613,.T.);
#5615=ORIENTED_EDGE('',*,*,#5581,.T.);
#5616=ORIENTED_EDGE('',*,*,#5570,.F.);
#5617=EDGE_LOOP('',(#5612,#5614,#5615,#5616));
#5618=FACE_OUTER_BOUND('',#5617,.F.);
#5619=ADVANCED_FACE('',(#5618),#5610,.F.);
#5620=CARTESIAN_POINT('',(9.6E0,5.E0,-6.7E0));
#5621=DIRECTION('',(0.E0,0.E0,1.E0));
#5622=DIRECTION('',(0.E0,-1.E0,0.E0));
#5623=AXIS2_PLACEMENT_3D('',#5620,#5621,#5622);
#5624=PLANE('',#5623);
#5626=ORIENTED_EDGE('',*,*,#5625,.T.);
#5628=ORIENTED_EDGE('',*,*,#5627,.T.);
#5629=ORIENTED_EDGE('',*,*,#5611,.F.);
#5630=ORIENTED_EDGE('',*,*,#5568,.F.);
#5632=ORIENTED_EDGE('',*,*,#5631,.F.);
#5634=ORIENTED_EDGE('',*,*,#5633,.T.);
#5636=ORIENTED_EDGE('',*,*,#5635,.T.);
#5638=ORIENTED_EDGE('',*,*,#5637,.F.);
#5640=ORIENTED_EDGE('',*,*,#5639,.F.);
#5642=ORIENTED_EDGE('',*,*,#5641,.T.);
#5644=ORIENTED_EDGE('',*,*,#5643,.T.);
#5646=ORIENTED_EDGE('',*,*,#5645,.F.);
#5648=ORIENTED_EDGE('',*,*,#5647,.F.);
#5650=ORIENTED_EDGE('',*,*,#5649,.T.);
#5652=ORIENTED_EDGE('',*,*,#5651,.T.);
#5654=ORIENTED_EDGE('',*,*,#5653,.F.);
#5656=ORIENTED_EDGE('',*,*,#5655,.F.);
#5658=ORIENTED_EDGE('',*,*,#5657,.T.);
#5660=ORIENTED_EDGE('',*,*,#5659,.T.);
#5662=ORIENTED_EDGE('',*,*,#5661,.F.);
#5664=ORIENTED_EDGE('',*,*,#5663,.F.);
#5666=ORIENTED_EDGE('',*,*,#5665,.F.);
#5668=ORIENTED_EDGE('',*,*,#5667,.T.);
#5670=ORIENTED_EDGE('',*,*,#5669,.T.);
#5672=ORIENTED_EDGE('',*,*,#5671,.F.);
#5674=ORIENTED_EDGE('',*,*,#5673,.F.);
#5676=ORIENTED_EDGE('',*,*,#5675,.F.);
#5678=ORIENTED_EDGE('',*,*,#5677,.F.);
#5680=ORIENTED_EDGE('',*,*,#5679,.F.);
#5682=ORIENTED_EDGE('',*,*,#5681,.T.);
#5684=ORIENTED_EDGE('',*,*,#5683,.T.);
#5686=ORIENTED_EDGE('',*,*,#5685,.F.);
#5688=ORIENTED_EDGE('',*,*,#5687,.F.);
#5690=ORIENTED_EDGE('',*,*,#5689,.T.);
#5692=ORIENTED_EDGE('',*,*,#5691,.T.);
#5694=ORIENTED_EDGE('',*,*,#5693,.F.);
#5696=ORIENTED_EDGE('',*,*,#5695,.F.);
#5698=ORIENTED_EDGE('',*,*,#5697,.T.);
#5700=ORIENTED_EDGE('',*,*,#5699,.T.);
#5702=ORIENTED_EDGE('',*,*,#5701,.F.);
#5704=ORIENTED_EDGE('',*,*,#5703,.F.);
#5706=ORIENTED_EDGE('',*,*,#5705,.T.);
#5708=ORIENTED_EDGE('',*,*,#5707,.F.);
#5709=ORIENTED_EDGE('',*,*,#5551,.F.);
#5710=EDGE_LOOP('',(#5626,#5628,#5629,#5630,#5632,#5634,#5636,#5638,#5640,#5642,
#5644,#5646,#5648,#5650,#5652,#5654,#5656,#5658,#5660,#5662,#5664,#5666,#5668,
#5670,#5672,#5674,#5676,#5678,#5680,#5682,#5684,#5686,#5688,#5690,#5692,#5694,
#5696,#5698,#5700,#5702,#5704,#5706,#5708,#5709));
#5711=FACE_OUTER_BOUND('',#5710,.F.);
#5713=ORIENTED_EDGE('',*,*,#5712,.T.);
#5715=ORIENTED_EDGE('',*,*,#5714,.T.);
#5717=ORIENTED_EDGE('',*,*,#5716,.F.);
#5719=ORIENTED_EDGE('',*,*,#5718,.F.);
#5720=EDGE_LOOP('',(#5713,#5715,#5717,#5719));
#5721=FACE_BOUND('',#5720,.F.);
#5723=ORIENTED_EDGE('',*,*,#5722,.T.);
#5725=ORIENTED_EDGE('',*,*,#5724,.T.);
#5727=ORIENTED_EDGE('',*,*,#5726,.F.);
#5729=ORIENTED_EDGE('',*,*,#5728,.F.);
#5730=EDGE_LOOP('',(#5723,#5725,#5727,#5729));
#5731=FACE_BOUND('',#5730,.F.);
#5733=ORIENTED_EDGE('',*,*,#5732,.T.);
#5735=ORIENTED_EDGE('',*,*,#5734,.T.);
#5737=ORIENTED_EDGE('',*,*,#5736,.F.);
#5739=ORIENTED_EDGE('',*,*,#5738,.F.);
#5740=EDGE_LOOP('',(#5733,#5735,#5737,#5739));
#5741=FACE_BOUND('',#5740,.F.);
#5743=ORIENTED_EDGE('',*,*,#5742,.T.);
#5745=ORIENTED_EDGE('',*,*,#5744,.T.);
#5747=ORIENTED_EDGE('',*,*,#5746,.F.);
#5749=ORIENTED_EDGE('',*,*,#5748,.F.);
#5750=EDGE_LOOP('',(#5743,#5745,#5747,#5749));
#5751=FACE_BOUND('',#5750,.F.);
#5753=ORIENTED_EDGE('',*,*,#5752,.T.);
#5755=ORIENTED_EDGE('',*,*,#5754,.T.);
#5757=ORIENTED_EDGE('',*,*,#5756,.F.);
#5759=ORIENTED_EDGE('',*,*,#5758,.F.);
#5760=EDGE_LOOP('',(#5753,#5755,#5757,#5759));
#5761=FACE_BOUND('',#5760,.F.);
#5763=ORIENTED_EDGE('',*,*,#5762,.T.);
#5765=ORIENTED_EDGE('',*,*,#5764,.T.);
#5767=ORIENTED_EDGE('',*,*,#5766,.F.);
#5769=ORIENTED_EDGE('',*,*,#5768,.F.);
#5770=EDGE_LOOP('',(#5763,#5765,#5767,#5769));
#5771=FACE_BOUND('',#5770,.F.);
#5773=ORIENTED_EDGE('',*,*,#5772,.T.);
#5775=ORIENTED_EDGE('',*,*,#5774,.T.);
#5777=ORIENTED_EDGE('',*,*,#5776,.F.);
#5779=ORIENTED_EDGE('',*,*,#5778,.F.);
#5780=EDGE_LOOP('',(#5773,#5775,#5777,#5779));
#5781=FACE_BOUND('',#5780,.F.);
#5783=ORIENTED_EDGE('',*,*,#5782,.F.);
#5785=ORIENTED_EDGE('',*,*,#5784,.T.);
#5787=ORIENTED_EDGE('',*,*,#5786,.T.);
#5789=ORIENTED_EDGE('',*,*,#5788,.F.);
#5790=EDGE_LOOP('',(#5783,#5785,#5787,#5789));
#5791=FACE_BOUND('',#5790,.F.);
#5793=ORIENTED_EDGE('',*,*,#5792,.F.);
#5795=ORIENTED_EDGE('',*,*,#5794,.T.);
#5797=ORIENTED_EDGE('',*,*,#5796,.T.);
#5799=ORIENTED_EDGE('',*,*,#5798,.F.);
#5800=EDGE_LOOP('',(#5793,#5795,#5797,#5799));
#5801=FACE_BOUND('',#5800,.F.);
#5803=ORIENTED_EDGE('',*,*,#5802,.F.);
#5805=ORIENTED_EDGE('',*,*,#5804,.F.);
#5807=ORIENTED_EDGE('',*,*,#5806,.F.);
#5809=ORIENTED_EDGE('',*,*,#5808,.F.);
#5810=EDGE_LOOP('',(#5803,#5805,#5807,#5809));
#5811=FACE_BOUND('',#5810,.F.);
#5813=ORIENTED_EDGE('',*,*,#5812,.F.);
#5815=ORIENTED_EDGE('',*,*,#5814,.F.);
#5817=ORIENTED_EDGE('',*,*,#5816,.F.);
#5819=ORIENTED_EDGE('',*,*,#5818,.F.);
#5820=EDGE_LOOP('',(#5813,#5815,#5817,#5819));
#5821=FACE_BOUND('',#5820,.F.);
#5823=ORIENTED_EDGE('',*,*,#5822,.F.);
#5825=ORIENTED_EDGE('',*,*,#5824,.F.);
#5827=ORIENTED_EDGE('',*,*,#5826,.F.);
#5829=ORIENTED_EDGE('',*,*,#5828,.F.);
#5830=EDGE_LOOP('',(#5823,#5825,#5827,#5829));
#5831=FACE_BOUND('',#5830,.F.);
#5833=ORIENTED_EDGE('',*,*,#5832,.F.);
#5835=ORIENTED_EDGE('',*,*,#5834,.F.);
#5837=ORIENTED_EDGE('',*,*,#5836,.F.);
#5839=ORIENTED_EDGE('',*,*,#5838,.F.);
#5840=EDGE_LOOP('',(#5833,#5835,#5837,#5839));
#5841=FACE_BOUND('',#5840,.F.);
#5843=ORIENTED_EDGE('',*,*,#5842,.F.);
#5845=ORIENTED_EDGE('',*,*,#5844,.F.);
#5847=ORIENTED_EDGE('',*,*,#5846,.F.);
#5849=ORIENTED_EDGE('',*,*,#5848,.F.);
#5850=EDGE_LOOP('',(#5843,#5845,#5847,#5849));
#5851=FACE_BOUND('',#5850,.F.);
#5853=ORIENTED_EDGE('',*,*,#5852,.F.);
#5855=ORIENTED_EDGE('',*,*,#5854,.F.);
#5857=ORIENTED_EDGE('',*,*,#5856,.F.);
#5859=ORIENTED_EDGE('',*,*,#5858,.F.);
#5860=EDGE_LOOP('',(#5853,#5855,#5857,#5859));
#5861=FACE_BOUND('',#5860,.F.);
#5863=ORIENTED_EDGE('',*,*,#5862,.F.);
#5865=ORIENTED_EDGE('',*,*,#5864,.F.);
#5867=ORIENTED_EDGE('',*,*,#5866,.F.);
#5869=ORIENTED_EDGE('',*,*,#5868,.F.);
#5870=EDGE_LOOP('',(#5863,#5865,#5867,#5869));
#5871=FACE_BOUND('',#5870,.F.);
#5873=ORIENTED_EDGE('',*,*,#5872,.F.);
#5875=ORIENTED_EDGE('',*,*,#5874,.F.);
#5877=ORIENTED_EDGE('',*,*,#5876,.F.);
#5879=ORIENTED_EDGE('',*,*,#5878,.F.);
#5880=EDGE_LOOP('',(#5873,#5875,#5877,#5879));
#5881=FACE_BOUND('',#5880,.F.);
#5883=ORIENTED_EDGE('',*,*,#5882,.F.);
#5885=ORIENTED_EDGE('',*,*,#5884,.F.);
#5887=ORIENTED_EDGE('',*,*,#5886,.F.);
#5889=ORIENTED_EDGE('',*,*,#5888,.F.);
#5890=EDGE_LOOP('',(#5883,#5885,#5887,#5889));
#5891=FACE_BOUND('',#5890,.F.);
#5893=ORIENTED_EDGE('',*,*,#5892,.F.);
#5895=ORIENTED_EDGE('',*,*,#5894,.F.);
#5897=ORIENTED_EDGE('',*,*,#5896,.F.);
#5899=ORIENTED_EDGE('',*,*,#5898,.F.);
#5900=EDGE_LOOP('',(#5893,#5895,#5897,#5899));
#5901=FACE_BOUND('',#5900,.F.);
#5903=ORIENTED_EDGE('',*,*,#5902,.F.);
#5905=ORIENTED_EDGE('',*,*,#5904,.F.);
#5907=ORIENTED_EDGE('',*,*,#5906,.F.);
#5909=ORIENTED_EDGE('',*,*,#5908,.F.);
#5910=EDGE_LOOP('',(#5903,#5905,#5907,#5909));
#5911=FACE_BOUND('',#5910,.F.);
#5913=ORIENTED_EDGE('',*,*,#5912,.F.);
#5915=ORIENTED_EDGE('',*,*,#5914,.F.);
#5917=ORIENTED_EDGE('',*,*,#5916,.F.);
#5919=ORIENTED_EDGE('',*,*,#5918,.F.);
#5920=EDGE_LOOP('',(#5913,#5915,#5917,#5919));
#5921=FACE_BOUND('',#5920,.F.);
#5923=ORIENTED_EDGE('',*,*,#5922,.T.);
#5925=ORIENTED_EDGE('',*,*,#5924,.T.);
#5927=ORIENTED_EDGE('',*,*,#5926,.F.);
#5929=ORIENTED_EDGE('',*,*,#5928,.F.);
#5930=EDGE_LOOP('',(#5923,#5925,#5927,#5929));
#5931=FACE_BOUND('',#5930,.F.);
#5932=ADVANCED_FACE('',(#5711,#5721,#5731,#5741,#5751,#5761,#5771,#5781,#5791,
#5801,#5811,#5821,#5831,#5841,#5851,#5861,#5871,#5881,#5891,#5901,#5911,#5921,
#5931),#5624,.F.);
#5933=CARTESIAN_POINT('',(3.7E0,0.E0,0.E0));
#5934=DIRECTION('',(1.E0,0.E0,0.E0));
#5935=DIRECTION('',(0.E0,0.E0,-1.E0));
#5936=AXIS2_PLACEMENT_3D('',#5933,#5934,#5935);
#5937=PLANE('',#5936);
#5938=ORIENTED_EDGE('',*,*,#5922,.F.);
#5940=ORIENTED_EDGE('',*,*,#5939,.T.);
#5942=ORIENTED_EDGE('',*,*,#5941,.T.);
#5944=ORIENTED_EDGE('',*,*,#5943,.T.);
#5945=EDGE_LOOP('',(#5938,#5940,#5942,#5944));
#5946=FACE_OUTER_BOUND('',#5945,.F.);
#5947=ADVANCED_FACE('',(#5946),#5937,.F.);
#5948=CARTESIAN_POINT('',(3.7E0,0.E0,0.E0));
#5949=DIRECTION('',(1.E0,0.E0,0.E0));
#5950=DIRECTION('',(0.E0,0.E0,-1.E0));
#5951=AXIS2_PLACEMENT_3D('',#5948,#5949,#5950);
#5952=PLANE('',#5951);
#5953=ORIENTED_EDGE('',*,*,#5712,.F.);
#5955=ORIENTED_EDGE('',*,*,#5954,.T.);
#5957=ORIENTED_EDGE('',*,*,#5956,.T.);
#5959=ORIENTED_EDGE('',*,*,#5958,.T.);
#5960=EDGE_LOOP('',(#5953,#5955,#5957,#5959));
#5961=FACE_OUTER_BOUND('',#5960,.F.);
#5962=ADVANCED_FACE('',(#5961),#5952,.F.);
#5963=CARTESIAN_POINT('',(3.7E0,0.E0,0.E0));
#5964=DIRECTION('',(1.E0,0.E0,0.E0));
#5965=DIRECTION('',(0.E0,0.E0,-1.E0));
#5966=AXIS2_PLACEMENT_3D('',#5963,#5964,#5965);
#5967=PLANE('',#5966);
#5969=ORIENTED_EDGE('',*,*,#5968,.T.);
#5971=ORIENTED_EDGE('',*,*,#5970,.T.);
#5973=ORIENTED_EDGE('',*,*,#5972,.T.);
#5975=ORIENTED_EDGE('',*,*,#5974,.T.);
#5976=EDGE_LOOP('',(#5969,#5971,#5973,#5975));
#5977=FACE_OUTER_BOUND('',#5976,.F.);
#5978=ADVANCED_FACE('',(#5977),#5967,.F.);
#5979=CARTESIAN_POINT('',(3.7E0,0.E0,0.E0));
#5980=DIRECTION('',(1.E0,0.E0,0.E0));
#5981=DIRECTION('',(0.E0,0.E0,-1.E0));
#5982=AXIS2_PLACEMENT_3D('',#5979,#5980,#5981);
#5983=PLANE('',#5982);
#5985=ORIENTED_EDGE('',*,*,#5984,.T.);
#5987=ORIENTED_EDGE('',*,*,#5986,.T.);
#5989=ORIENTED_EDGE('',*,*,#5988,.T.);
#5991=ORIENTED_EDGE('',*,*,#5990,.T.);
#5992=EDGE_LOOP('',(#5985,#5987,#5989,#5991));
#5993=FACE_OUTER_BOUND('',#5992,.F.);
#5994=ADVANCED_FACE('',(#5993),#5983,.F.);
#5995=CARTESIAN_POINT('',(3.7E0,-2.4E0,-6.7E0));
#5996=DIRECTION('',(0.E0,-1.E0,0.E0));
#5997=DIRECTION('',(0.E0,0.E0,-1.E0));
#5998=AXIS2_PLACEMENT_3D('',#5995,#5996,#5997);
#5999=PLANE('',#5998);
#6000=ORIENTED_EDGE('',*,*,#5928,.T.);
#6002=ORIENTED_EDGE('',*,*,#6001,.T.);
#6004=ORIENTED_EDGE('',*,*,#6003,.F.);
#6005=ORIENTED_EDGE('',*,*,#5939,.F.);
#6006=EDGE_LOOP('',(#6000,#6002,#6004,#6005));
#6007=FACE_OUTER_BOUND('',#6006,.F.);
#6008=ADVANCED_FACE('',(#6007),#5999,.T.);
#6009=CARTESIAN_POINT('',(4.7E0,0.E0,0.E0));
#6010=DIRECTION('',(1.E0,0.E0,0.E0));
#6011=DIRECTION('',(0.E0,0.E0,-1.E0));
#6012=AXIS2_PLACEMENT_3D('',#6009,#6010,#6011);
#6013=PLANE('',#6012);
#6014=ORIENTED_EDGE('',*,*,#5926,.T.);
#6016=ORIENTED_EDGE('',*,*,#6015,.F.);
#6018=ORIENTED_EDGE('',*,*,#6017,.F.);
#6019=ORIENTED_EDGE('',*,*,#6001,.F.);
#6020=EDGE_LOOP('',(#6014,#6016,#6018,#6019));
#6021=FACE_OUTER_BOUND('',#6020,.F.);
#6022=ADVANCED_FACE('',(#6021),#6013,.T.);
#6023=CARTESIAN_POINT('',(4.7E0,0.E0,0.E0));
#6024=DIRECTION('',(1.E0,0.E0,0.E0));
#6025=DIRECTION('',(0.E0,0.E0,-1.E0));
#6026=AXIS2_PLACEMENT_3D('',#6023,#6024,#6025);
#6027=PLANE('',#6026);
#6028=ORIENTED_EDGE('',*,*,#5716,.T.);
#6030=ORIENTED_EDGE('',*,*,#6029,.F.);
#6032=ORIENTED_EDGE('',*,*,#6031,.F.);
#6034=ORIENTED_EDGE('',*,*,#6033,.F.);
#6035=EDGE_LOOP('',(#6028,#6030,#6032,#6034));
#6036=FACE_OUTER_BOUND('',#6035,.F.);
#6037=ADVANCED_FACE('',(#6036),#6027,.T.);
#6038=CARTESIAN_POINT('',(4.7E0,0.E0,0.E0));
#6039=DIRECTION('',(1.E0,0.E0,0.E0));
#6040=DIRECTION('',(0.E0,0.E0,-1.E0));
#6041=AXIS2_PLACEMENT_3D('',#6038,#6039,#6040);
#6042=PLANE('',#6041);
#6044=ORIENTED_EDGE('',*,*,#6043,.F.);
#6046=ORIENTED_EDGE('',*,*,#6045,.F.);
#6048=ORIENTED_EDGE('',*,*,#6047,.F.);
#6050=ORIENTED_EDGE('',*,*,#6049,.F.);
#6051=EDGE_LOOP('',(#6044,#6046,#6048,#6050));
#6052=FACE_OUTER_BOUND('',#6051,.F.);
#6053=ADVANCED_FACE('',(#6052),#6042,.T.);
#6054=CARTESIAN_POINT('',(4.7E0,0.E0,0.E0));
#6055=DIRECTION('',(1.E0,0.E0,0.E0));
#6056=DIRECTION('',(0.E0,0.E0,-1.E0));
#6057=AXIS2_PLACEMENT_3D('',#6054,#6055,#6056);
#6058=PLANE('',#6057);
#6060=ORIENTED_EDGE('',*,*,#6059,.F.);
#6062=ORIENTED_EDGE('',*,*,#6061,.F.);
#6064=ORIENTED_EDGE('',*,*,#6063,.F.);
#6066=ORIENTED_EDGE('',*,*,#6065,.F.);
#6067=EDGE_LOOP('',(#6060,#6062,#6064,#6066));
#6068=FACE_OUTER_BOUND('',#6067,.F.);
#6069=ADVANCED_FACE('',(#6068),#6058,.T.);
#6070=CARTESIAN_POINT('',(3.7E0,-1.4E0,-1.195E1));
#6071=DIRECTION('',(0.E0,1.E0,0.E0));
#6072=DIRECTION('',(0.E0,0.E0,1.E0));
#6073=AXIS2_PLACEMENT_3D('',#6070,#6071,#6072);
#6074=PLANE('',#6073);
#6075=ORIENTED_EDGE('',*,*,#5924,.F.);
#6076=ORIENTED_EDGE('',*,*,#5943,.F.);
#6078=ORIENTED_EDGE('',*,*,#6077,.T.);
#6079=ORIENTED_EDGE('',*,*,#6015,.T.);
#6080=EDGE_LOOP('',(#6075,#6076,#6078,#6079));
#6081=FACE_OUTER_BOUND('',#6080,.F.);
#6082=ADVANCED_FACE('',(#6081),#6074,.T.);
#6083=CARTESIAN_POINT('',(3.7E0,-2.4E0,-1.195E1));
#6084=DIRECTION('',(0.E0,0.E0,-1.E0));
#6085=DIRECTION('',(0.E0,1.E0,0.E0));
#6086=AXIS2_PLACEMENT_3D('',#6083,#6084,#6085);
#6087=PLANE('',#6086);
#6088=ORIENTED_EDGE('',*,*,#5941,.F.);
#6089=ORIENTED_EDGE('',*,*,#6003,.T.);
#6090=ORIENTED_EDGE('',*,*,#6017,.T.);
#6091=ORIENTED_EDGE('',*,*,#6077,.F.);
#6092=EDGE_LOOP('',(#6088,#6089,#6090,#6091));
#6093=FACE_OUTER_BOUND('',#6092,.F.);
#6094=ADVANCED_FACE('',(#6093),#6087,.T.);
#6095=CARTESIAN_POINT('',(3.7E0,2.8E0,-1.195E1));
#6096=DIRECTION('',(0.E0,1.E0,0.E0));
#6097=DIRECTION('',(0.E0,0.E0,1.E0));
#6098=AXIS2_PLACEMENT_3D('',#6095,#6096,#6097);
#6099=PLANE('',#6098);
#6100=ORIENTED_EDGE('',*,*,#5714,.F.);
#6101=ORIENTED_EDGE('',*,*,#5958,.F.);
#6103=ORIENTED_EDGE('',*,*,#6102,.T.);
#6104=ORIENTED_EDGE('',*,*,#6029,.T.);
#6105=EDGE_LOOP('',(#6100,#6101,#6103,#6104));
#6106=FACE_OUTER_BOUND('',#6105,.F.);
#6107=ADVANCED_FACE('',(#6106),#6099,.T.);
#6108=CARTESIAN_POINT('',(3.7E0,1.8E0,-1.195E1));
#6109=DIRECTION('',(0.E0,0.E0,-1.E0));
#6110=DIRECTION('',(0.E0,1.E0,0.E0));
#6111=AXIS2_PLACEMENT_3D('',#6108,#6109,#6110);
#6112=PLANE('',#6111);
#6113=ORIENTED_EDGE('',*,*,#5956,.F.);
#6115=ORIENTED_EDGE('',*,*,#6114,.T.);
#6116=ORIENTED_EDGE('',*,*,#6031,.T.);
#6117=ORIENTED_EDGE('',*,*,#6102,.F.);
#6118=EDGE_LOOP('',(#6113,#6115,#6116,#6117));
#6119=FACE_OUTER_BOUND('',#6118,.F.);
#6120=ADVANCED_FACE('',(#6119),#6112,.T.);
#6121=CARTESIAN_POINT('',(3.7E0,1.8E0,-6.7E0));
#6122=DIRECTION('',(0.E0,-1.E0,0.E0));
#6123=DIRECTION('',(0.E0,0.E0,-1.E0));
#6124=AXIS2_PLACEMENT_3D('',#6121,#6122,#6123);
#6125=PLANE('',#6124);
#6126=ORIENTED_EDGE('',*,*,#5718,.T.);
#6127=ORIENTED_EDGE('',*,*,#6033,.T.);
#6128=ORIENTED_EDGE('',*,*,#6114,.F.);
#6129=ORIENTED_EDGE('',*,*,#5954,.F.);
#6130=EDGE_LOOP('',(#6126,#6127,#6128,#6129));
#6131=FACE_OUTER_BOUND('',#6130,.F.);
#6132=ADVANCED_FACE('',(#6131),#6125,.T.);
#6133=CARTESIAN_POINT('',(-9.6E0,7.5E0,-2.85E0));
#6134=DIRECTION('',(0.E0,0.E0,1.E0));
#6135=DIRECTION('',(1.E0,0.E0,0.E0));
#6136=AXIS2_PLACEMENT_3D('',#6133,#6134,#6135);
#6137=PLANE('',#6136);
#6139=ORIENTED_EDGE('',*,*,#6138,.F.);
#6141=ORIENTED_EDGE('',*,*,#6140,.F.);
#6143=ORIENTED_EDGE('',*,*,#6142,.F.);
#6145=ORIENTED_EDGE('',*,*,#6144,.F.);
#6147=ORIENTED_EDGE('',*,*,#6146,.F.);
#6149=ORIENTED_EDGE('',*,*,#6148,.F.);
#6151=ORIENTED_EDGE('',*,*,#6150,.T.);
#6153=ORIENTED_EDGE('',*,*,#6152,.F.);
#6155=ORIENTED_EDGE('',*,*,#6154,.F.);
#6157=ORIENTED_EDGE('',*,*,#6156,.T.);
#6158=EDGE_LOOP('',(#6139,#6141,#6143,#6145,#6147,#6149,#6151,#6153,#6155,
#6157));
#6159=FACE_OUTER_BOUND('',#6158,.F.);
#6160=ORIENTED_EDGE('',*,*,#5984,.F.);
#6162=ORIENTED_EDGE('',*,*,#6161,.T.);
#6163=ORIENTED_EDGE('',*,*,#6059,.T.);
#6165=ORIENTED_EDGE('',*,*,#6164,.F.);
#6166=EDGE_LOOP('',(#6160,#6162,#6163,#6165));
#6167=FACE_BOUND('',#6166,.F.);
#6168=ADVANCED_FACE('',(#6159,#6167),#6137,.T.);
#6169=CARTESIAN_POINT('',(-9.6E0,7.5E0,-2.85E0));
#6170=DIRECTION('',(0.E0,0.E0,1.E0));
#6171=DIRECTION('',(1.E0,0.E0,0.E0));
#6172=AXIS2_PLACEMENT_3D('',#6169,#6170,#6171);
#6173=PLANE('',#6172);
#6175=ORIENTED_EDGE('',*,*,#6174,.T.);
#6177=ORIENTED_EDGE('',*,*,#6176,.F.);
#6179=ORIENTED_EDGE('',*,*,#6178,.F.);
#6181=ORIENTED_EDGE('',*,*,#6180,.F.);
#6183=ORIENTED_EDGE('',*,*,#6182,.T.);
#6185=ORIENTED_EDGE('',*,*,#6184,.F.);
#6187=ORIENTED_EDGE('',*,*,#6186,.F.);
#6189=ORIENTED_EDGE('',*,*,#6188,.T.);
#6190=EDGE_LOOP('',(#6175,#6177,#6179,#6181,#6183,#6185,#6187,#6189));
#6191=FACE_OUTER_BOUND('',#6190,.F.);
#6192=ORIENTED_EDGE('',*,*,#5968,.F.);
#6194=ORIENTED_EDGE('',*,*,#6193,.T.);
#6195=ORIENTED_EDGE('',*,*,#6043,.T.);
#6197=ORIENTED_EDGE('',*,*,#6196,.F.);
#6198=EDGE_LOOP('',(#6192,#6194,#6195,#6197));
#6199=FACE_BOUND('',#6198,.F.);
#6200=ADVANCED_FACE('',(#6191,#6199),#6173,.T.);
#6201=CARTESIAN_POINT('',(3.7E0,-2.4E0,-3.5E-1));
#6202=DIRECTION('',(0.E0,-1.E0,0.E0));
#6203=DIRECTION('',(0.E0,0.E0,-1.E0));
#6204=AXIS2_PLACEMENT_3D('',#6201,#6202,#6203);
#6205=PLANE('',#6204);
#6206=ORIENTED_EDGE('',*,*,#6193,.F.);
#6207=ORIENTED_EDGE('',*,*,#5974,.F.);
#6209=ORIENTED_EDGE('',*,*,#6208,.T.);
#6210=ORIENTED_EDGE('',*,*,#6045,.T.);
#6211=EDGE_LOOP('',(#6206,#6207,#6209,#6210));
#6212=FACE_OUTER_BOUND('',#6211,.F.);
#6213=ADVANCED_FACE('',(#6212),#6205,.T.);
#6214=CARTESIAN_POINT('',(3.7E0,-1.4E0,-3.5E-1));
#6215=DIRECTION('',(0.E0,0.E0,1.E0));
#6216=DIRECTION('',(0.E0,-1.E0,0.E0));
#6217=AXIS2_PLACEMENT_3D('',#6214,#6215,#6216);
#6218=PLANE('',#6217);
#6219=ORIENTED_EDGE('',*,*,#5972,.F.);
#6221=ORIENTED_EDGE('',*,*,#6220,.T.);
#6222=ORIENTED_EDGE('',*,*,#6047,.T.);
#6223=ORIENTED_EDGE('',*,*,#6208,.F.);
#6224=EDGE_LOOP('',(#6219,#6221,#6222,#6223));
#6225=FACE_OUTER_BOUND('',#6224,.F.);
#6226=ADVANCED_FACE('',(#6225),#6218,.T.);
#6227=CARTESIAN_POINT('',(3.7E0,-1.4E0,-2.85E0));
#6228=DIRECTION('',(0.E0,1.E0,0.E0));
#6229=DIRECTION('',(0.E0,0.E0,1.E0));
#6230=AXIS2_PLACEMENT_3D('',#6227,#6228,#6229);
#6231=PLANE('',#6230);
#6232=ORIENTED_EDGE('',*,*,#6196,.T.);
#6233=ORIENTED_EDGE('',*,*,#6049,.T.);
#6234=ORIENTED_EDGE('',*,*,#6220,.F.);
#6235=ORIENTED_EDGE('',*,*,#5970,.F.);
#6236=EDGE_LOOP('',(#6232,#6233,#6234,#6235));
#6237=FACE_OUTER_BOUND('',#6236,.F.);
#6238=ADVANCED_FACE('',(#6237),#6231,.T.);
#6239=CARTESIAN_POINT('',(3.7E0,1.8E0,-3.5E-1));
#6240=DIRECTION('',(0.E0,-1.E0,0.E0));
#6241=DIRECTION('',(0.E0,0.E0,-1.E0));
#6242=AXIS2_PLACEMENT_3D('',#6239,#6240,#6241);
#6243=PLANE('',#6242);
#6244=ORIENTED_EDGE('',*,*,#6161,.F.);
#6245=ORIENTED_EDGE('',*,*,#5990,.F.);
#6247=ORIENTED_EDGE('',*,*,#6246,.T.);
#6248=ORIENTED_EDGE('',*,*,#6061,.T.);
#6249=EDGE_LOOP('',(#6244,#6245,#6247,#6248));
#6250=FACE_OUTER_BOUND('',#6249,.F.);
#6251=ADVANCED_FACE('',(#6250),#6243,.T.);
#6252=CARTESIAN_POINT('',(3.7E0,2.8E0,-3.5E-1));
#6253=DIRECTION('',(0.E0,0.E0,1.E0));
#6254=DIRECTION('',(0.E0,-1.E0,0.E0));
#6255=AXIS2_PLACEMENT_3D('',#6252,#6253,#6254);
#6256=PLANE('',#6255);
#6257=ORIENTED_EDGE('',*,*,#5988,.F.);
#6259=ORIENTED_EDGE('',*,*,#6258,.T.);
#6260=ORIENTED_EDGE('',*,*,#6063,.T.);
#6261=ORIENTED_EDGE('',*,*,#6246,.F.);
#6262=EDGE_LOOP('',(#6257,#6259,#6260,#6261));
#6263=FACE_OUTER_BOUND('',#6262,.F.);
#6264=ADVANCED_FACE('',(#6263),#6256,.T.);
#6265=CARTESIAN_POINT('',(3.7E0,2.8E0,-2.85E0));
#6266=DIRECTION('',(0.E0,1.E0,0.E0));
#6267=DIRECTION('',(0.E0,0.E0,1.E0));
#6268=AXIS2_PLACEMENT_3D('',#6265,#6266,#6267);
#6269=PLANE('',#6268);
#6270=ORIENTED_EDGE('',*,*,#6164,.T.);
#6271=ORIENTED_EDGE('',*,*,#6065,.T.);
#6272=ORIENTED_EDGE('',*,*,#6258,.F.);
#6273=ORIENTED_EDGE('',*,*,#5986,.F.);
#6274=EDGE_LOOP('',(#6270,#6271,#6272,#6273));
#6275=FACE_OUTER_BOUND('',#6274,.F.);
#6276=ADVANCED_FACE('',(#6275),#6269,.T.);
#6277=CARTESIAN_POINT('',(2.8E0,2.65E0,9.5E-1));
#6278=DIRECTION('',(1.E0,0.E0,0.E0));
#6279=DIRECTION('',(0.E0,1.E0,0.E0));
#6280=AXIS2_PLACEMENT_3D('',#6277,#6278,#6279);
#6281=PLANE('',#6280);
#6282=ORIENTED_EDGE('',*,*,#5804,.T.);
#6284=ORIENTED_EDGE('',*,*,#6283,.F.);
#6285=ORIENTED_EDGE('',*,*,#6138,.T.);
#6287=ORIENTED_EDGE('',*,*,#6286,.T.);
#6288=EDGE_LOOP('',(#6282,#6284,#6285,#6287));
#6289=FACE_OUTER_BOUND('',#6288,.F.);
#6290=ADVANCED_FACE('',(#6289),#6281,.F.);
#6291=CARTESIAN_POINT('',(0.E0,4.E0,4.45E0));
#6292=DIRECTION('',(0.E0,1.E0,0.E0));
#6293=DIRECTION('',(-1.E0,0.E0,0.E0));
#6294=AXIS2_PLACEMENT_3D('',#6291,#6292,#6293);
#6295=PLANE('',#6294);
#6297=ORIENTED_EDGE('',*,*,#6296,.T.);
#6299=ORIENTED_EDGE('',*,*,#6298,.T.);
#6300=ORIENTED_EDGE('',*,*,#5884,.T.);
#6302=ORIENTED_EDGE('',*,*,#6301,.T.);
#6304=ORIENTED_EDGE('',*,*,#6303,.T.);
#6306=ORIENTED_EDGE('',*,*,#6305,.F.);
#6307=ORIENTED_EDGE('',*,*,#5842,.T.);
#6309=ORIENTED_EDGE('',*,*,#6308,.F.);
#6311=ORIENTED_EDGE('',*,*,#6310,.T.);
#6313=ORIENTED_EDGE('',*,*,#6312,.F.);
#6315=ORIENTED_EDGE('',*,*,#6314,.F.);
#6317=ORIENTED_EDGE('',*,*,#6316,.T.);
#6318=ORIENTED_EDGE('',*,*,#6140,.T.);
#6319=ORIENTED_EDGE('',*,*,#6283,.T.);
#6320=ORIENTED_EDGE('',*,*,#5802,.T.);
#6322=ORIENTED_EDGE('',*,*,#6321,.F.);
#6324=ORIENTED_EDGE('',*,*,#6323,.T.);
#6326=ORIENTED_EDGE('',*,*,#6325,.T.);
#6327=EDGE_LOOP('',(#6297,#6299,#6300,#6302,#6304,#6306,#6307,#6309,#6311,#6313,
#6315,#6317,#6318,#6319,#6320,#6322,#6324,#6326));
#6328=FACE_OUTER_BOUND('',#6327,.F.);
#6329=ADVANCED_FACE('',(#6328),#6295,.F.);
#6330=CARTESIAN_POINT('',(-9.6E0,7.5E0,-2.85E0));
#6331=DIRECTION('',(0.E0,0.E0,1.E0));
#6332=DIRECTION('',(1.E0,0.E0,0.E0));
#6333=AXIS2_PLACEMENT_3D('',#6330,#6331,#6332);
#6334=PLANE('',#6333);
#6336=ORIENTED_EDGE('',*,*,#6335,.T.);
#6338=ORIENTED_EDGE('',*,*,#6337,.T.);
#6340=ORIENTED_EDGE('',*,*,#6339,.F.);
#6342=ORIENTED_EDGE('',*,*,#6341,.T.);
#6344=ORIENTED_EDGE('',*,*,#6343,.T.);
#6346=ORIENTED_EDGE('',*,*,#6345,.F.);
#6348=ORIENTED_EDGE('',*,*,#6347,.F.);
#6349=ORIENTED_EDGE('',*,*,#6310,.F.);
#6350=EDGE_LOOP('',(#6336,#6338,#6340,#6342,#6344,#6346,#6348,#6349));
#6351=FACE_OUTER_BOUND('',#6350,.F.);
#6353=ORIENTED_EDGE('',*,*,#6352,.F.);
#6355=ORIENTED_EDGE('',*,*,#6354,.T.);
#6357=ORIENTED_EDGE('',*,*,#6356,.T.);
#6359=ORIENTED_EDGE('',*,*,#6358,.F.);
#6360=EDGE_LOOP('',(#6353,#6355,#6357,#6359));
#6361=FACE_BOUND('',#6360,.F.);
#6362=ADVANCED_FACE('',(#6351,#6361),#6334,.T.);
#6363=CARTESIAN_POINT('',(-9.6E0,7.5E0,-2.85E0));
#6364=DIRECTION('',(0.E0,0.E0,1.E0));
#6365=DIRECTION('',(1.E0,0.E0,0.E0));
#6366=AXIS2_PLACEMENT_3D('',#6363,#6364,#6365);
#6367=PLANE('',#6366);
#6369=ORIENTED_EDGE('',*,*,#6368,.T.);
#6371=ORIENTED_EDGE('',*,*,#6370,.T.);
#6373=ORIENTED_EDGE('',*,*,#6372,.F.);
#6375=ORIENTED_EDGE('',*,*,#6374,.T.);
#6377=ORIENTED_EDGE('',*,*,#6376,.F.);
#6379=ORIENTED_EDGE('',*,*,#6378,.F.);
#6381=ORIENTED_EDGE('',*,*,#6380,.F.);
#6383=ORIENTED_EDGE('',*,*,#6382,.F.);
#6385=ORIENTED_EDGE('',*,*,#6384,.F.);
#6387=ORIENTED_EDGE('',*,*,#6386,.F.);
#6388=EDGE_LOOP('',(#6369,#6371,#6373,#6375,#6377,#6379,#6381,#6383,#6385,
#6387));
#6389=FACE_OUTER_BOUND('',#6388,.F.);
#6391=ORIENTED_EDGE('',*,*,#6390,.F.);
#6393=ORIENTED_EDGE('',*,*,#6392,.T.);
#6395=ORIENTED_EDGE('',*,*,#6394,.T.);
#6397=ORIENTED_EDGE('',*,*,#6396,.F.);
#6398=EDGE_LOOP('',(#6391,#6393,#6395,#6397));
#6399=FACE_BOUND('',#6398,.F.);
#6400=ADVANCED_FACE('',(#6389,#6399),#6367,.T.);
#6401=CARTESIAN_POINT('',(-9.6E0,7.5E0,-2.85E0));
#6402=DIRECTION('',(0.E0,0.E0,1.E0));
#6403=DIRECTION('',(1.E0,0.E0,0.E0));
#6404=AXIS2_PLACEMENT_3D('',#6401,#6402,#6403);
#6405=PLANE('',#6404);
#6407=ORIENTED_EDGE('',*,*,#6406,.T.);
#6409=ORIENTED_EDGE('',*,*,#6408,.T.);
#6411=ORIENTED_EDGE('',*,*,#6410,.T.);
#6413=ORIENTED_EDGE('',*,*,#6412,.F.);
#6415=ORIENTED_EDGE('',*,*,#6414,.T.);
#6417=ORIENTED_EDGE('',*,*,#6416,.F.);
#6418=ORIENTED_EDGE('',*,*,#6296,.F.);
#6420=ORIENTED_EDGE('',*,*,#6419,.F.);
#6422=ORIENTED_EDGE('',*,*,#6421,.F.);
#6424=ORIENTED_EDGE('',*,*,#6423,.F.);
#6425=EDGE_LOOP('',(#6407,#6409,#6411,#6413,#6415,#6417,#6418,#6420,#6422,
#6424));
#6426=FACE_OUTER_BOUND('',#6425,.F.);
#6428=ORIENTED_EDGE('',*,*,#6427,.F.);
#6430=ORIENTED_EDGE('',*,*,#6429,.T.);
#6432=ORIENTED_EDGE('',*,*,#6431,.T.);
#6434=ORIENTED_EDGE('',*,*,#6433,.F.);
#6435=EDGE_LOOP('',(#6428,#6430,#6432,#6434));
#6436=FACE_BOUND('',#6435,.F.);
#6437=ADVANCED_FACE('',(#6426,#6436),#6405,.T.);
#6438=CARTESIAN_POINT('',(-9.6E0,7.5E0,-2.85E0));
#6439=DIRECTION('',(0.E0,0.E0,1.E0));
#6440=DIRECTION('',(1.E0,0.E0,0.E0));
#6441=AXIS2_PLACEMENT_3D('',#6438,#6439,#6440);
#6442=PLANE('',#6441);
#6444=ORIENTED_EDGE('',*,*,#6443,.F.);
#6446=ORIENTED_EDGE('',*,*,#6445,.F.);
#6448=ORIENTED_EDGE('',*,*,#6447,.F.);
#6450=ORIENTED_EDGE('',*,*,#6449,.F.);
#6452=ORIENTED_EDGE('',*,*,#6451,.F.);
#6454=ORIENTED_EDGE('',*,*,#6453,.F.);
#6456=ORIENTED_EDGE('',*,*,#6455,.F.);
#6458=ORIENTED_EDGE('',*,*,#6457,.F.);
#6460=ORIENTED_EDGE('',*,*,#6459,.T.);
#6462=ORIENTED_EDGE('',*,*,#6461,.F.);
#6463=EDGE_LOOP('',(#6444,#6446,#6448,#6450,#6452,#6454,#6456,#6458,#6460,
#6462));
#6464=FACE_OUTER_BOUND('',#6463,.F.);
#6466=ORIENTED_EDGE('',*,*,#6465,.F.);
#6468=ORIENTED_EDGE('',*,*,#6467,.T.);
#6470=ORIENTED_EDGE('',*,*,#6469,.T.);
#6472=ORIENTED_EDGE('',*,*,#6471,.F.);
#6473=EDGE_LOOP('',(#6466,#6468,#6470,#6472));
#6474=FACE_BOUND('',#6473,.F.);
#6475=ADVANCED_FACE('',(#6464,#6474),#6442,.T.);
#6476=CARTESIAN_POINT('',(-5.E-1,0.E0,0.E0));
#6477=DIRECTION('',(1.E0,0.E0,0.E0));
#6478=DIRECTION('',(0.E0,0.E0,-1.E0));
#6479=AXIS2_PLACEMENT_3D('',#6476,#6477,#6478);
#6480=PLANE('',#6479);
#6481=ORIENTED_EDGE('',*,*,#5722,.F.);
#6483=ORIENTED_EDGE('',*,*,#6482,.T.);
#6485=ORIENTED_EDGE('',*,*,#6484,.T.);
#6487=ORIENTED_EDGE('',*,*,#6486,.T.);
#6488=EDGE_LOOP('',(#6481,#6483,#6485,#6487));
#6489=FACE_OUTER_BOUND('',#6488,.F.);
#6490=ADVANCED_FACE('',(#6489),#6480,.F.);
#6491=CARTESIAN_POINT('',(-5.E-1,0.E0,0.E0));
#6492=DIRECTION('',(1.E0,0.E0,0.E0));
#6493=DIRECTION('',(0.E0,0.E0,-1.E0));
#6494=AXIS2_PLACEMENT_3D('',#6491,#6492,#6493);
#6495=PLANE('',#6494);
#6496=ORIENTED_EDGE('',*,*,#5732,.F.);
#6498=ORIENTED_EDGE('',*,*,#6497,.T.);
#6500=ORIENTED_EDGE('',*,*,#6499,.T.);
#6502=ORIENTED_EDGE('',*,*,#6501,.T.);
#6503=EDGE_LOOP('',(#6496,#6498,#6500,#6502));
#6504=FACE_OUTER_BOUND('',#6503,.F.);
#6505=ADVANCED_FACE('',(#6504),#6495,.F.);
#6506=CARTESIAN_POINT('',(-5.E-1,0.E0,0.E0));
#6507=DIRECTION('',(1.E0,0.E0,0.E0));
#6508=DIRECTION('',(0.E0,0.E0,-1.E0));
#6509=AXIS2_PLACEMENT_3D('',#6506,#6507,#6508);
#6510=PLANE('',#6509);
#6511=ORIENTED_EDGE('',*,*,#6465,.T.);
#6513=ORIENTED_EDGE('',*,*,#6512,.T.);
#6515=ORIENTED_EDGE('',*,*,#6514,.T.);
#6517=ORIENTED_EDGE('',*,*,#6516,.T.);
#6518=EDGE_LOOP('',(#6511,#6513,#6515,#6517));
#6519=FACE_OUTER_BOUND('',#6518,.F.);
#6520=ADVANCED_FACE('',(#6519),#6510,.F.);
#6521=CARTESIAN_POINT('',(-5.E-1,0.E0,0.E0));
#6522=DIRECTION('',(1.E0,0.E0,0.E0));
#6523=DIRECTION('',(0.E0,0.E0,-1.E0));
#6524=AXIS2_PLACEMENT_3D('',#6521,#6522,#6523);
#6525=PLANE('',#6524);
#6526=ORIENTED_EDGE('',*,*,#6427,.T.);
#6528=ORIENTED_EDGE('',*,*,#6527,.T.);
#6530=ORIENTED_EDGE('',*,*,#6529,.T.);
#6532=ORIENTED_EDGE('',*,*,#6531,.T.);
#6533=EDGE_LOOP('',(#6526,#6528,#6530,#6532));
#6534=FACE_OUTER_BOUND('',#6533,.F.);
#6535=ADVANCED_FACE('',(#6534),#6525,.F.);
#6536=CARTESIAN_POINT('',(-5.E-1,-2.4E0,-6.7E0));
#6537=DIRECTION('',(0.E0,-1.E0,0.E0));
#6538=DIRECTION('',(0.E0,0.E0,-1.E0));
#6539=AXIS2_PLACEMENT_3D('',#6536,#6537,#6538);
#6540=PLANE('',#6539);
#6541=ORIENTED_EDGE('',*,*,#5728,.T.);
#6543=ORIENTED_EDGE('',*,*,#6542,.T.);
#6545=ORIENTED_EDGE('',*,*,#6544,.F.);
#6546=ORIENTED_EDGE('',*,*,#6482,.F.);
#6547=EDGE_LOOP('',(#6541,#6543,#6545,#6546));
#6548=FACE_OUTER_BOUND('',#6547,.F.);
#6549=ADVANCED_FACE('',(#6548),#6540,.T.);
#6550=CARTESIAN_POINT('',(5.E-1,0.E0,0.E0));
#6551=DIRECTION('',(1.E0,0.E0,0.E0));
#6552=DIRECTION('',(0.E0,0.E0,-1.E0));
#6553=AXIS2_PLACEMENT_3D('',#6550,#6551,#6552);
#6554=PLANE('',#6553);
#6555=ORIENTED_EDGE('',*,*,#5726,.T.);
#6557=ORIENTED_EDGE('',*,*,#6556,.F.);
#6559=ORIENTED_EDGE('',*,*,#6558,.F.);
#6560=ORIENTED_EDGE('',*,*,#6542,.F.);
#6561=EDGE_LOOP('',(#6555,#6557,#6559,#6560));
#6562=FACE_OUTER_BOUND('',#6561,.F.);
#6563=ADVANCED_FACE('',(#6562),#6554,.T.);
#6564=CARTESIAN_POINT('',(5.E-1,0.E0,0.E0));
#6565=DIRECTION('',(1.E0,0.E0,0.E0));
#6566=DIRECTION('',(0.E0,0.E0,-1.E0));
#6567=AXIS2_PLACEMENT_3D('',#6564,#6565,#6566);
#6568=PLANE('',#6567);
#6569=ORIENTED_EDGE('',*,*,#5736,.T.);
#6571=ORIENTED_EDGE('',*,*,#6570,.F.);
#6573=ORIENTED_EDGE('',*,*,#6572,.F.);
#6575=ORIENTED_EDGE('',*,*,#6574,.F.);
#6576=EDGE_LOOP('',(#6569,#6571,#6573,#6575));
#6577=FACE_OUTER_BOUND('',#6576,.F.);
#6578=ADVANCED_FACE('',(#6577),#6568,.T.);
#6579=CARTESIAN_POINT('',(5.E-1,0.E0,0.E0));
#6580=DIRECTION('',(1.E0,0.E0,0.E0));
#6581=DIRECTION('',(0.E0,0.E0,-1.E0));
#6582=AXIS2_PLACEMENT_3D('',#6579,#6580,#6581);
#6583=PLANE('',#6582);
#6584=ORIENTED_EDGE('',*,*,#6469,.F.);
#6586=ORIENTED_EDGE('',*,*,#6585,.F.);
#6588=ORIENTED_EDGE('',*,*,#6587,.F.);
#6590=ORIENTED_EDGE('',*,*,#6589,.F.);
#6591=EDGE_LOOP('',(#6584,#6586,#6588,#6590));
#6592=FACE_OUTER_BOUND('',#6591,.F.);
#6593=ADVANCED_FACE('',(#6592),#6583,.T.);
#6594=CARTESIAN_POINT('',(5.E-1,0.E0,0.E0));
#6595=DIRECTION('',(1.E0,0.E0,0.E0));
#6596=DIRECTION('',(0.E0,0.E0,-1.E0));
#6597=AXIS2_PLACEMENT_3D('',#6594,#6595,#6596);
#6598=PLANE('',#6597);
#6599=ORIENTED_EDGE('',*,*,#6431,.F.);
#6601=ORIENTED_EDGE('',*,*,#6600,.F.);
#6603=ORIENTED_EDGE('',*,*,#6602,.F.);
#6605=ORIENTED_EDGE('',*,*,#6604,.F.);
#6606=EDGE_LOOP('',(#6599,#6601,#6603,#6605));
#6607=FACE_OUTER_BOUND('',#6606,.F.);
#6608=ADVANCED_FACE('',(#6607),#6598,.T.);
#6609=CARTESIAN_POINT('',(-5.E-1,-1.4E0,-1.195E1));
#6610=DIRECTION('',(0.E0,1.E0,0.E0));
#6611=DIRECTION('',(0.E0,0.E0,1.E0));
#6612=AXIS2_PLACEMENT_3D('',#6609,#6610,#6611);
#6613=PLANE('',#6612);
#6614=ORIENTED_EDGE('',*,*,#5724,.F.);
#6615=ORIENTED_EDGE('',*,*,#6486,.F.);
#6617=ORIENTED_EDGE('',*,*,#6616,.T.);
#6618=ORIENTED_EDGE('',*,*,#6556,.T.);
#6619=EDGE_LOOP('',(#6614,#6615,#6617,#6618));
#6620=FACE_OUTER_BOUND('',#6619,.F.);
#6621=ADVANCED_FACE('',(#6620),#6613,.T.);
#6622=CARTESIAN_POINT('',(-5.E-1,-2.4E0,-1.195E1));
#6623=DIRECTION('',(0.E0,0.E0,-1.E0));
#6624=DIRECTION('',(0.E0,1.E0,0.E0));
#6625=AXIS2_PLACEMENT_3D('',#6622,#6623,#6624);
#6626=PLANE('',#6625);
#6627=ORIENTED_EDGE('',*,*,#6484,.F.);
#6628=ORIENTED_EDGE('',*,*,#6544,.T.);
#6629=ORIENTED_EDGE('',*,*,#6558,.T.);
#6630=ORIENTED_EDGE('',*,*,#6616,.F.);
#6631=EDGE_LOOP('',(#6627,#6628,#6629,#6630));
#6632=FACE_OUTER_BOUND('',#6631,.F.);
#6633=ADVANCED_FACE('',(#6632),#6626,.T.);
#6634=CARTESIAN_POINT('',(-5.E-1,2.8E0,-1.195E1));
#6635=DIRECTION('',(0.E0,1.E0,0.E0));
#6636=DIRECTION('',(0.E0,0.E0,1.E0));
#6637=AXIS2_PLACEMENT_3D('',#6634,#6635,#6636);
#6638=PLANE('',#6637);
#6639=ORIENTED_EDGE('',*,*,#5734,.F.);
#6640=ORIENTED_EDGE('',*,*,#6501,.F.);
#6642=ORIENTED_EDGE('',*,*,#6641,.T.);
#6643=ORIENTED_EDGE('',*,*,#6570,.T.);
#6644=EDGE_LOOP('',(#6639,#6640,#6642,#6643));
#6645=FACE_OUTER_BOUND('',#6644,.F.);
#6646=ADVANCED_FACE('',(#6645),#6638,.T.);
#6647=CARTESIAN_POINT('',(-5.E-1,1.8E0,-1.195E1));
#6648=DIRECTION('',(0.E0,0.E0,-1.E0));
#6649=DIRECTION('',(0.E0,1.E0,0.E0));
#6650=AXIS2_PLACEMENT_3D('',#6647,#6648,#6649);
#6651=PLANE('',#6650);
#6652=ORIENTED_EDGE('',*,*,#6499,.F.);
#6654=ORIENTED_EDGE('',*,*,#6653,.T.);
#6655=ORIENTED_EDGE('',*,*,#6572,.T.);
#6656=ORIENTED_EDGE('',*,*,#6641,.F.);
#6657=EDGE_LOOP('',(#6652,#6654,#6655,#6656));
#6658=FACE_OUTER_BOUND('',#6657,.F.);
#6659=ADVANCED_FACE('',(#6658),#6651,.T.);
#6660=CARTESIAN_POINT('',(-5.E-1,1.8E0,-6.7E0));
#6661=DIRECTION('',(0.E0,-1.E0,0.E0));
#6662=DIRECTION('',(0.E0,0.E0,-1.E0));
#6663=AXIS2_PLACEMENT_3D('',#6660,#6661,#6662);
#6664=PLANE('',#6663);
#6665=ORIENTED_EDGE('',*,*,#5738,.T.);
#6666=ORIENTED_EDGE('',*,*,#6574,.T.);
#6667=ORIENTED_EDGE('',*,*,#6653,.F.);
#6668=ORIENTED_EDGE('',*,*,#6497,.F.);
#6669=EDGE_LOOP('',(#6665,#6666,#6667,#6668));
#6670=FACE_OUTER_BOUND('',#6669,.F.);
#6671=ADVANCED_FACE('',(#6670),#6664,.T.);
#6672=CARTESIAN_POINT('',(-5.E-1,-2.4E0,-3.5E-1));
#6673=DIRECTION('',(0.E0,-1.E0,0.E0));
#6674=DIRECTION('',(0.E0,0.E0,-1.E0));
#6675=AXIS2_PLACEMENT_3D('',#6672,#6673,#6674);
#6676=PLANE('',#6675);
#6677=ORIENTED_EDGE('',*,*,#6467,.F.);
#6678=ORIENTED_EDGE('',*,*,#6516,.F.);
#6680=ORIENTED_EDGE('',*,*,#6679,.T.);
#6681=ORIENTED_EDGE('',*,*,#6585,.T.);
#6682=EDGE_LOOP('',(#6677,#6678,#6680,#6681));
#6683=FACE_OUTER_BOUND('',#6682,.F.);
#6684=ADVANCED_FACE('',(#6683),#6676,.T.);
#6685=CARTESIAN_POINT('',(-5.E-1,-1.4E0,-3.5E-1));
#6686=DIRECTION('',(0.E0,0.E0,1.E0));
#6687=DIRECTION('',(0.E0,-1.E0,0.E0));
#6688=AXIS2_PLACEMENT_3D('',#6685,#6686,#6687);
#6689=PLANE('',#6688);
#6690=ORIENTED_EDGE('',*,*,#6514,.F.);
#6692=ORIENTED_EDGE('',*,*,#6691,.T.);
#6693=ORIENTED_EDGE('',*,*,#6587,.T.);
#6694=ORIENTED_EDGE('',*,*,#6679,.F.);
#6695=EDGE_LOOP('',(#6690,#6692,#6693,#6694));
#6696=FACE_OUTER_BOUND('',#6695,.F.);
#6697=ADVANCED_FACE('',(#6696),#6689,.T.);
#6698=CARTESIAN_POINT('',(-5.E-1,-1.4E0,-2.85E0));
#6699=DIRECTION('',(0.E0,1.E0,0.E0));
#6700=DIRECTION('',(0.E0,0.E0,1.E0));
#6701=AXIS2_PLACEMENT_3D('',#6698,#6699,#6700);
#6702=PLANE('',#6701);
#6703=ORIENTED_EDGE('',*,*,#6471,.T.);
#6704=ORIENTED_EDGE('',*,*,#6589,.T.);
#6705=ORIENTED_EDGE('',*,*,#6691,.F.);
#6706=ORIENTED_EDGE('',*,*,#6512,.F.);
#6707=EDGE_LOOP('',(#6703,#6704,#6705,#6706));
#6708=FACE_OUTER_BOUND('',#6707,.F.);
#6709=ADVANCED_FACE('',(#6708),#6702,.T.);
#6710=CARTESIAN_POINT('',(-5.E-1,1.8E0,-3.5E-1));
#6711=DIRECTION('',(0.E0,-1.E0,0.E0));
#6712=DIRECTION('',(0.E0,0.E0,-1.E0));
#6713=AXIS2_PLACEMENT_3D('',#6710,#6711,#6712);
#6714=PLANE('',#6713);
#6715=ORIENTED_EDGE('',*,*,#6429,.F.);
#6716=ORIENTED_EDGE('',*,*,#6531,.F.);
#6718=ORIENTED_EDGE('',*,*,#6717,.T.);
#6719=ORIENTED_EDGE('',*,*,#6600,.T.);
#6720=EDGE_LOOP('',(#6715,#6716,#6718,#6719));
#6721=FACE_OUTER_BOUND('',#6720,.F.);
#6722=ADVANCED_FACE('',(#6721),#6714,.T.);
#6723=CARTESIAN_POINT('',(-5.E-1,2.8E0,-3.5E-1));
#6724=DIRECTION('',(0.E0,0.E0,1.E0));
#6725=DIRECTION('',(0.E0,-1.E0,0.E0));
#6726=AXIS2_PLACEMENT_3D('',#6723,#6724,#6725);
#6727=PLANE('',#6726);
#6728=ORIENTED_EDGE('',*,*,#6529,.F.);
#6730=ORIENTED_EDGE('',*,*,#6729,.T.);
#6731=ORIENTED_EDGE('',*,*,#6602,.T.);
#6732=ORIENTED_EDGE('',*,*,#6717,.F.);
#6733=EDGE_LOOP('',(#6728,#6730,#6731,#6732));
#6734=FACE_OUTER_BOUND('',#6733,.F.);
#6735=ADVANCED_FACE('',(#6734),#6727,.T.);
#6736=CARTESIAN_POINT('',(-5.E-1,2.8E0,-2.85E0));
#6737=DIRECTION('',(0.E0,1.E0,0.E0));
#6738=DIRECTION('',(0.E0,0.E0,1.E0));
#6739=AXIS2_PLACEMENT_3D('',#6736,#6737,#6738);
#6740=PLANE('',#6739);
#6741=ORIENTED_EDGE('',*,*,#6433,.T.);
#6742=ORIENTED_EDGE('',*,*,#6604,.T.);
#6743=ORIENTED_EDGE('',*,*,#6729,.F.);
#6744=ORIENTED_EDGE('',*,*,#6527,.F.);
#6745=EDGE_LOOP('',(#6741,#6742,#6743,#6744));
#6746=FACE_OUTER_BOUND('',#6745,.F.);
#6747=ADVANCED_FACE('',(#6746),#6740,.T.);
#6748=CARTESIAN_POINT('',(-4.7E0,0.E0,0.E0));
#6749=DIRECTION('',(1.E0,0.E0,0.E0));
#6750=DIRECTION('',(0.E0,0.E0,-1.E0));
#6751=AXIS2_PLACEMENT_3D('',#6748,#6749,#6750);
#6752=PLANE('',#6751);
#6753=ORIENTED_EDGE('',*,*,#5742,.F.);
#6755=ORIENTED_EDGE('',*,*,#6754,.T.);
#6757=ORIENTED_EDGE('',*,*,#6756,.T.);
#6759=ORIENTED_EDGE('',*,*,#6758,.T.);
#6760=EDGE_LOOP('',(#6753,#6755,#6757,#6759));
#6761=FACE_OUTER_BOUND('',#6760,.F.);
#6762=ADVANCED_FACE('',(#6761),#6752,.F.);
#6763=CARTESIAN_POINT('',(-4.7E0,0.E0,0.E0));
#6764=DIRECTION('',(1.E0,0.E0,0.E0));
#6765=DIRECTION('',(0.E0,0.E0,-1.E0));
#6766=AXIS2_PLACEMENT_3D('',#6763,#6764,#6765);
#6767=PLANE('',#6766);
#6768=ORIENTED_EDGE('',*,*,#5752,.F.);
#6770=ORIENTED_EDGE('',*,*,#6769,.T.);
#6772=ORIENTED_EDGE('',*,*,#6771,.T.);
#6774=ORIENTED_EDGE('',*,*,#6773,.T.);
#6775=EDGE_LOOP('',(#6768,#6770,#6772,#6774));
#6776=FACE_OUTER_BOUND('',#6775,.F.);
#6777=ADVANCED_FACE('',(#6776),#6767,.F.);
#6778=CARTESIAN_POINT('',(-4.7E0,0.E0,0.E0));
#6779=DIRECTION('',(1.E0,0.E0,0.E0));
#6780=DIRECTION('',(0.E0,0.E0,-1.E0));
#6781=AXIS2_PLACEMENT_3D('',#6778,#6779,#6780);
#6782=PLANE('',#6781);
#6783=ORIENTED_EDGE('',*,*,#6390,.T.);
#6785=ORIENTED_EDGE('',*,*,#6784,.T.);
#6787=ORIENTED_EDGE('',*,*,#6786,.T.);
#6789=ORIENTED_EDGE('',*,*,#6788,.T.);
#6790=EDGE_LOOP('',(#6783,#6785,#6787,#6789));
#6791=FACE_OUTER_BOUND('',#6790,.F.);
#6792=ADVANCED_FACE('',(#6791),#6782,.F.);
#6793=CARTESIAN_POINT('',(-4.7E0,0.E0,0.E0));
#6794=DIRECTION('',(1.E0,0.E0,0.E0));
#6795=DIRECTION('',(0.E0,0.E0,-1.E0));
#6796=AXIS2_PLACEMENT_3D('',#6793,#6794,#6795);
#6797=PLANE('',#6796);
#6798=ORIENTED_EDGE('',*,*,#6352,.T.);
#6800=ORIENTED_EDGE('',*,*,#6799,.T.);
#6802=ORIENTED_EDGE('',*,*,#6801,.T.);
#6804=ORIENTED_EDGE('',*,*,#6803,.T.);
#6805=EDGE_LOOP('',(#6798,#6800,#6802,#6804));
#6806=FACE_OUTER_BOUND('',#6805,.F.);
#6807=ADVANCED_FACE('',(#6806),#6797,.F.);
#6808=CARTESIAN_POINT('',(-4.7E0,-2.4E0,-6.7E0));
#6809=DIRECTION('',(0.E0,-1.E0,0.E0));
#6810=DIRECTION('',(0.E0,0.E0,-1.E0));
#6811=AXIS2_PLACEMENT_3D('',#6808,#6809,#6810);
#6812=PLANE('',#6811);
#6813=ORIENTED_EDGE('',*,*,#5748,.T.);
#6815=ORIENTED_EDGE('',*,*,#6814,.T.);
#6817=ORIENTED_EDGE('',*,*,#6816,.F.);
#6818=ORIENTED_EDGE('',*,*,#6754,.F.);
#6819=EDGE_LOOP('',(#6813,#6815,#6817,#6818));
#6820=FACE_OUTER_BOUND('',#6819,.F.);
#6821=ADVANCED_FACE('',(#6820),#6812,.T.);
#6822=CARTESIAN_POINT('',(-3.7E0,0.E0,0.E0));
#6823=DIRECTION('',(1.E0,0.E0,0.E0));
#6824=DIRECTION('',(0.E0,0.E0,-1.E0));
#6825=AXIS2_PLACEMENT_3D('',#6822,#6823,#6824);
#6826=PLANE('',#6825);
#6827=ORIENTED_EDGE('',*,*,#5746,.T.);
#6829=ORIENTED_EDGE('',*,*,#6828,.F.);
#6831=ORIENTED_EDGE('',*,*,#6830,.F.);
#6832=ORIENTED_EDGE('',*,*,#6814,.F.);
#6833=EDGE_LOOP('',(#6827,#6829,#6831,#6832));
#6834=FACE_OUTER_BOUND('',#6833,.F.);
#6835=ADVANCED_FACE('',(#6834),#6826,.T.);
#6836=CARTESIAN_POINT('',(-3.7E0,0.E0,0.E0));
#6837=DIRECTION('',(1.E0,0.E0,0.E0));
#6838=DIRECTION('',(0.E0,0.E0,-1.E0));
#6839=AXIS2_PLACEMENT_3D('',#6836,#6837,#6838);
#6840=PLANE('',#6839);
#6841=ORIENTED_EDGE('',*,*,#5756,.T.);
#6843=ORIENTED_EDGE('',*,*,#6842,.F.);
#6845=ORIENTED_EDGE('',*,*,#6844,.F.);
#6847=ORIENTED_EDGE('',*,*,#6846,.F.);
#6848=EDGE_LOOP('',(#6841,#6843,#6845,#6847));
#6849=FACE_OUTER_BOUND('',#6848,.F.);
#6850=ADVANCED_FACE('',(#6849),#6840,.T.);
#6851=CARTESIAN_POINT('',(-3.7E0,0.E0,0.E0));
#6852=DIRECTION('',(1.E0,0.E0,0.E0));
#6853=DIRECTION('',(0.E0,0.E0,-1.E0));
#6854=AXIS2_PLACEMENT_3D('',#6851,#6852,#6853);
#6855=PLANE('',#6854);
#6856=ORIENTED_EDGE('',*,*,#6394,.F.);
#6858=ORIENTED_EDGE('',*,*,#6857,.F.);
#6860=ORIENTED_EDGE('',*,*,#6859,.F.);
#6862=ORIENTED_EDGE('',*,*,#6861,.F.);
#6863=EDGE_LOOP('',(#6856,#6858,#6860,#6862));
#6864=FACE_OUTER_BOUND('',#6863,.F.);
#6865=ADVANCED_FACE('',(#6864),#6855,.T.);
#6866=CARTESIAN_POINT('',(-3.7E0,0.E0,0.E0));
#6867=DIRECTION('',(1.E0,0.E0,0.E0));
#6868=DIRECTION('',(0.E0,0.E0,-1.E0));
#6869=AXIS2_PLACEMENT_3D('',#6866,#6867,#6868);
#6870=PLANE('',#6869);
#6871=ORIENTED_EDGE('',*,*,#6356,.F.);
#6873=ORIENTED_EDGE('',*,*,#6872,.F.);
#6875=ORIENTED_EDGE('',*,*,#6874,.F.);
#6877=ORIENTED_EDGE('',*,*,#6876,.F.);
#6878=EDGE_LOOP('',(#6871,#6873,#6875,#6877));
#6879=FACE_OUTER_BOUND('',#6878,.F.);
#6880=ADVANCED_FACE('',(#6879),#6870,.T.);
#6881=CARTESIAN_POINT('',(-4.7E0,-1.4E0,-1.195E1));
#6882=DIRECTION('',(0.E0,1.E0,0.E0));
#6883=DIRECTION('',(0.E0,0.E0,1.E0));
#6884=AXIS2_PLACEMENT_3D('',#6881,#6882,#6883);
#6885=PLANE('',#6884);
#6886=ORIENTED_EDGE('',*,*,#5744,.F.);
#6887=ORIENTED_EDGE('',*,*,#6758,.F.);
#6889=ORIENTED_EDGE('',*,*,#6888,.T.);
#6890=ORIENTED_EDGE('',*,*,#6828,.T.);
#6891=EDGE_LOOP('',(#6886,#6887,#6889,#6890));
#6892=FACE_OUTER_BOUND('',#6891,.F.);
#6893=ADVANCED_FACE('',(#6892),#6885,.T.);
#6894=CARTESIAN_POINT('',(-4.7E0,-2.4E0,-1.195E1));
#6895=DIRECTION('',(0.E0,0.E0,-1.E0));
#6896=DIRECTION('',(0.E0,1.E0,0.E0));
#6897=AXIS2_PLACEMENT_3D('',#6894,#6895,#6896);
#6898=PLANE('',#6897);
#6899=ORIENTED_EDGE('',*,*,#6756,.F.);
#6900=ORIENTED_EDGE('',*,*,#6816,.T.);
#6901=ORIENTED_EDGE('',*,*,#6830,.T.);
#6902=ORIENTED_EDGE('',*,*,#6888,.F.);
#6903=EDGE_LOOP('',(#6899,#6900,#6901,#6902));
#6904=FACE_OUTER_BOUND('',#6903,.F.);
#6905=ADVANCED_FACE('',(#6904),#6898,.T.);
#6906=CARTESIAN_POINT('',(-4.7E0,2.8E0,-1.195E1));
#6907=DIRECTION('',(0.E0,1.E0,0.E0));
#6908=DIRECTION('',(0.E0,0.E0,1.E0));
#6909=AXIS2_PLACEMENT_3D('',#6906,#6907,#6908);
#6910=PLANE('',#6909);
#6911=ORIENTED_EDGE('',*,*,#5754,.F.);
#6912=ORIENTED_EDGE('',*,*,#6773,.F.);
#6914=ORIENTED_EDGE('',*,*,#6913,.T.);
#6915=ORIENTED_EDGE('',*,*,#6842,.T.);
#6916=EDGE_LOOP('',(#6911,#6912,#6914,#6915));
#6917=FACE_OUTER_BOUND('',#6916,.F.);
#6918=ADVANCED_FACE('',(#6917),#6910,.T.);
#6919=CARTESIAN_POINT('',(-4.7E0,1.8E0,-1.195E1));
#6920=DIRECTION('',(0.E0,0.E0,-1.E0));
#6921=DIRECTION('',(0.E0,1.E0,0.E0));
#6922=AXIS2_PLACEMENT_3D('',#6919,#6920,#6921);
#6923=PLANE('',#6922);
#6924=ORIENTED_EDGE('',*,*,#6771,.F.);
#6926=ORIENTED_EDGE('',*,*,#6925,.T.);
#6927=ORIENTED_EDGE('',*,*,#6844,.T.);
#6928=ORIENTED_EDGE('',*,*,#6913,.F.);
#6929=EDGE_LOOP('',(#6924,#6926,#6927,#6928));
#6930=FACE_OUTER_BOUND('',#6929,.F.);
#6931=ADVANCED_FACE('',(#6930),#6923,.T.);
#6932=CARTESIAN_POINT('',(-4.7E0,1.8E0,-6.7E0));
#6933=DIRECTION('',(0.E0,-1.E0,0.E0));
#6934=DIRECTION('',(0.E0,0.E0,-1.E0));
#6935=AXIS2_PLACEMENT_3D('',#6932,#6933,#6934);
#6936=PLANE('',#6935);
#6937=ORIENTED_EDGE('',*,*,#5758,.T.);
#6938=ORIENTED_EDGE('',*,*,#6846,.T.);
#6939=ORIENTED_EDGE('',*,*,#6925,.F.);
#6940=ORIENTED_EDGE('',*,*,#6769,.F.);
#6941=EDGE_LOOP('',(#6937,#6938,#6939,#6940));
#6942=FACE_OUTER_BOUND('',#6941,.F.);
#6943=ADVANCED_FACE('',(#6942),#6936,.T.);
#6944=CARTESIAN_POINT('',(-4.7E0,-2.4E0,-3.5E-1));
#6945=DIRECTION('',(0.E0,-1.E0,0.E0));
#6946=DIRECTION('',(0.E0,0.E0,-1.E0));
#6947=AXIS2_PLACEMENT_3D('',#6944,#6945,#6946);
#6948=PLANE('',#6947);
#6949=ORIENTED_EDGE('',*,*,#6392,.F.);
#6950=ORIENTED_EDGE('',*,*,#6788,.F.);
#6952=ORIENTED_EDGE('',*,*,#6951,.T.);
#6953=ORIENTED_EDGE('',*,*,#6857,.T.);
#6954=EDGE_LOOP('',(#6949,#6950,#6952,#6953));
#6955=FACE_OUTER_BOUND('',#6954,.F.);
#6956=ADVANCED_FACE('',(#6955),#6948,.T.);
#6957=CARTESIAN_POINT('',(-4.7E0,-1.4E0,-3.5E-1));
#6958=DIRECTION('',(0.E0,0.E0,1.E0));
#6959=DIRECTION('',(0.E0,-1.E0,0.E0));
#6960=AXIS2_PLACEMENT_3D('',#6957,#6958,#6959);
#6961=PLANE('',#6960);
#6962=ORIENTED_EDGE('',*,*,#6786,.F.);
#6964=ORIENTED_EDGE('',*,*,#6963,.T.);
#6965=ORIENTED_EDGE('',*,*,#6859,.T.);
#6966=ORIENTED_EDGE('',*,*,#6951,.F.);
#6967=EDGE_LOOP('',(#6962,#6964,#6965,#6966));
#6968=FACE_OUTER_BOUND('',#6967,.F.);
#6969=ADVANCED_FACE('',(#6968),#6961,.T.);
#6970=CARTESIAN_POINT('',(-4.7E0,-1.4E0,-2.85E0));
#6971=DIRECTION('',(0.E0,1.E0,0.E0));
#6972=DIRECTION('',(0.E0,0.E0,1.E0));
#6973=AXIS2_PLACEMENT_3D('',#6970,#6971,#6972);
#6974=PLANE('',#6973);
#6975=ORIENTED_EDGE('',*,*,#6396,.T.);
#6976=ORIENTED_EDGE('',*,*,#6861,.T.);
#6977=ORIENTED_EDGE('',*,*,#6963,.F.);
#6978=ORIENTED_EDGE('',*,*,#6784,.F.);
#6979=EDGE_LOOP('',(#6975,#6976,#6977,#6978));
#6980=FACE_OUTER_BOUND('',#6979,.F.);
#6981=ADVANCED_FACE('',(#6980),#6974,.T.);
#6982=CARTESIAN_POINT('',(-4.7E0,1.8E0,-3.5E-1));
#6983=DIRECTION('',(0.E0,-1.E0,0.E0));
#6984=DIRECTION('',(0.E0,0.E0,-1.E0));
#6985=AXIS2_PLACEMENT_3D('',#6982,#6983,#6984);
#6986=PLANE('',#6985);
#6987=ORIENTED_EDGE('',*,*,#6354,.F.);
#6988=ORIENTED_EDGE('',*,*,#6803,.F.);
#6990=ORIENTED_EDGE('',*,*,#6989,.T.);
#6991=ORIENTED_EDGE('',*,*,#6872,.T.);
#6992=EDGE_LOOP('',(#6987,#6988,#6990,#6991));
#6993=FACE_OUTER_BOUND('',#6992,.F.);
#6994=ADVANCED_FACE('',(#6993),#6986,.T.);
#6995=CARTESIAN_POINT('',(-4.7E0,2.8E0,-3.5E-1));
#6996=DIRECTION('',(0.E0,0.E0,1.E0));
#6997=DIRECTION('',(0.E0,-1.E0,0.E0));
#6998=AXIS2_PLACEMENT_3D('',#6995,#6996,#6997);
#6999=PLANE('',#6998);
#7000=ORIENTED_EDGE('',*,*,#6801,.F.);
#7002=ORIENTED_EDGE('',*,*,#7001,.T.);
#7003=ORIENTED_EDGE('',*,*,#6874,.T.);
#7004=ORIENTED_EDGE('',*,*,#6989,.F.);
#7005=EDGE_LOOP('',(#7000,#7002,#7003,#7004));
#7006=FACE_OUTER_BOUND('',#7005,.F.);
#7007=ADVANCED_FACE('',(#7006),#6999,.T.);
#7008=CARTESIAN_POINT('',(-4.7E0,2.8E0,-2.85E0));
#7009=DIRECTION('',(0.E0,1.E0,0.E0));
#7010=DIRECTION('',(0.E0,0.E0,1.E0));
#7011=AXIS2_PLACEMENT_3D('',#7008,#7009,#7010);
#7012=PLANE('',#7011);
#7013=ORIENTED_EDGE('',*,*,#6358,.T.);
#7014=ORIENTED_EDGE('',*,*,#6876,.T.);
#7015=ORIENTED_EDGE('',*,*,#7001,.F.);
#7016=ORIENTED_EDGE('',*,*,#6799,.F.);
#7017=EDGE_LOOP('',(#7013,#7014,#7015,#7016));
#7018=FACE_OUTER_BOUND('',#7017,.F.);
#7019=ADVANCED_FACE('',(#7018),#7012,.T.);
#7020=CARTESIAN_POINT('',(-2.8E0,4.E0,9.5E-1));
#7021=DIRECTION('',(-1.E0,0.E0,0.E0));
#7022=DIRECTION('',(0.E0,-1.E0,0.E0));
#7023=AXIS2_PLACEMENT_3D('',#7020,#7021,#7022);
#7024=PLANE('',#7023);
#7025=ORIENTED_EDGE('',*,*,#5848,.T.);
#7027=ORIENTED_EDGE('',*,*,#7026,.F.);
#7028=ORIENTED_EDGE('',*,*,#6335,.F.);
#7029=ORIENTED_EDGE('',*,*,#6308,.T.);
#7030=EDGE_LOOP('',(#7025,#7027,#7028,#7029));
#7031=FACE_OUTER_BOUND('',#7030,.F.);
#7032=ADVANCED_FACE('',(#7031),#7024,.F.);
#7033=CARTESIAN_POINT('',(-2.8E0,2.65E0,9.5E-1));
#7034=DIRECTION('',(0.E0,-1.E0,0.E0));
#7035=DIRECTION('',(1.E0,0.E0,0.E0));
#7036=AXIS2_PLACEMENT_3D('',#7033,#7034,#7035);
#7037=PLANE('',#7036);
#7038=ORIENTED_EDGE('',*,*,#5846,.T.);
#7040=ORIENTED_EDGE('',*,*,#7039,.F.);
#7041=ORIENTED_EDGE('',*,*,#6337,.F.);
#7042=ORIENTED_EDGE('',*,*,#7026,.T.);
#7043=EDGE_LOOP('',(#7038,#7040,#7041,#7042));
#7044=FACE_OUTER_BOUND('',#7043,.F.);
#7045=ADVANCED_FACE('',(#7044),#7037,.F.);
#7046=CARTESIAN_POINT('',(-2.3E0,4.E-1,3.95E0));
#7047=DIRECTION('',(1.E0,0.E0,0.E0));
#7048=DIRECTION('',(0.E0,1.E0,0.E0));
#7049=AXIS2_PLACEMENT_3D('',#7046,#7047,#7048);
#7050=PLANE('',#7049);
#7052=ORIENTED_EDGE('',*,*,#7051,.T.);
#7053=ORIENTED_EDGE('',*,*,#5858,.T.);
#7055=ORIENTED_EDGE('',*,*,#7054,.F.);
#7056=ORIENTED_EDGE('',*,*,#6339,.T.);
#7057=ORIENTED_EDGE('',*,*,#7039,.T.);
#7058=ORIENTED_EDGE('',*,*,#5844,.T.);
#7059=ORIENTED_EDGE('',*,*,#6305,.T.);
#7061=ORIENTED_EDGE('',*,*,#7060,.T.);
#7062=EDGE_LOOP('',(#7052,#7053,#7055,#7056,#7057,#7058,#7059,#7061));
#7063=FACE_OUTER_BOUND('',#7062,.F.);
#7064=ADVANCED_FACE('',(#7063),#7050,.F.);
#7065=CARTESIAN_POINT('',(-6.1E0,4.E-1,3.95E0));
#7066=DIRECTION('',(0.E0,-1.E0,0.E0));
#7067=DIRECTION('',(1.E0,0.E0,0.E0));
#7068=AXIS2_PLACEMENT_3D('',#7065,#7066,#7067);
#7069=PLANE('',#7068);
#7070=ORIENTED_EDGE('',*,*,#6345,.T.);
#7072=ORIENTED_EDGE('',*,*,#7071,.T.);
#7073=ORIENTED_EDGE('',*,*,#5852,.T.);
#7074=ORIENTED_EDGE('',*,*,#7051,.F.);
#7076=ORIENTED_EDGE('',*,*,#7075,.F.);
#7078=ORIENTED_EDGE('',*,*,#7077,.T.);
#7079=EDGE_LOOP('',(#7070,#7072,#7073,#7074,#7076,#7078));
#7080=FACE_OUTER_BOUND('',#7079,.F.);
#7081=ADVANCED_FACE('',(#7080),#7069,.F.);
#7082=CARTESIAN_POINT('',(-2.8E0,2.15E0,9.5E-1));
#7083=DIRECTION('',(-1.E0,0.E0,0.E0));
#7084=DIRECTION('',(0.E0,-1.E0,0.E0));
#7085=AXIS2_PLACEMENT_3D('',#7082,#7083,#7084);
#7086=PLANE('',#7085);
#7087=ORIENTED_EDGE('',*,*,#5854,.T.);
#7088=ORIENTED_EDGE('',*,*,#7071,.F.);
#7089=ORIENTED_EDGE('',*,*,#6343,.F.);
#7091=ORIENTED_EDGE('',*,*,#7090,.T.);
#7092=EDGE_LOOP('',(#7087,#7088,#7089,#7091));
#7093=FACE_OUTER_BOUND('',#7092,.F.);
#7094=ADVANCED_FACE('',(#7093),#7086,.F.);
#7095=CARTESIAN_POINT('',(-2.3E0,2.15E0,9.5E-1));
#7096=DIRECTION('',(0.E0,1.E0,0.E0));
#7097=DIRECTION('',(-1.E0,0.E0,0.E0));
#7098=AXIS2_PLACEMENT_3D('',#7095,#7096,#7097);
#7099=PLANE('',#7098);
#7100=ORIENTED_EDGE('',*,*,#5856,.T.);
#7101=ORIENTED_EDGE('',*,*,#7090,.F.);
#7102=ORIENTED_EDGE('',*,*,#6341,.F.);
#7103=ORIENTED_EDGE('',*,*,#7054,.T.);
#7104=EDGE_LOOP('',(#7100,#7101,#7102,#7103));
#7105=FACE_OUTER_BOUND('',#7104,.F.);
#7106=ADVANCED_FACE('',(#7105),#7099,.F.);
#7107=CARTESIAN_POINT('',(-9.6E0,7.5E0,3.95E0));
#7108=DIRECTION('',(0.E0,0.E0,1.E0));
#7109=DIRECTION('',(1.E0,0.E0,0.E0));
#7110=AXIS2_PLACEMENT_3D('',#7107,#7108,#7109);
#7111=PLANE('',#7110);
#7113=ORIENTED_EDGE('',*,*,#7112,.T.);
#7115=ORIENTED_EDGE('',*,*,#7114,.T.);
#7117=ORIENTED_EDGE('',*,*,#7116,.F.);
#7118=ORIENTED_EDGE('',*,*,#6323,.F.);
#7120=ORIENTED_EDGE('',*,*,#7119,.T.);
#7122=ORIENTED_EDGE('',*,*,#7121,.T.);
#7124=ORIENTED_EDGE('',*,*,#7123,.F.);
#7126=ORIENTED_EDGE('',*,*,#7125,.T.);
#7128=ORIENTED_EDGE('',*,*,#7127,.F.);
#7130=ORIENTED_EDGE('',*,*,#7129,.T.);
#7132=ORIENTED_EDGE('',*,*,#7131,.T.);
#7134=ORIENTED_EDGE('',*,*,#7133,.F.);
#7136=ORIENTED_EDGE('',*,*,#7135,.T.);
#7138=ORIENTED_EDGE('',*,*,#7137,.T.);
#7140=ORIENTED_EDGE('',*,*,#7139,.T.);
#7142=ORIENTED_EDGE('',*,*,#7141,.T.);
#7144=ORIENTED_EDGE('',*,*,#7143,.T.);
#7146=ORIENTED_EDGE('',*,*,#7145,.F.);
#7148=ORIENTED_EDGE('',*,*,#7147,.T.);
#7150=ORIENTED_EDGE('',*,*,#7149,.T.);
#7152=ORIENTED_EDGE('',*,*,#7151,.T.);
#7154=ORIENTED_EDGE('',*,*,#7153,.F.);
#7155=ORIENTED_EDGE('',*,*,#7075,.T.);
#7156=ORIENTED_EDGE('',*,*,#7060,.F.);
#7157=ORIENTED_EDGE('',*,*,#6303,.F.);
#7158=EDGE_LOOP('',(#7113,#7115,#7117,#7118,#7120,#7122,#7124,#7126,#7128,#7130,
#7132,#7134,#7136,#7138,#7140,#7142,#7144,#7146,#7148,#7150,#7152,#7154,#7155,
#7156,#7157));
#7159=FACE_OUTER_BOUND('',#7158,.F.);
#7160=ADVANCED_FACE('',(#7159),#7111,.T.);
#7161=CARTESIAN_POINT('',(-9.6E0,7.5E0,3.95E0));
#7162=DIRECTION('',(0.E0,0.E0,1.E0));
#7163=DIRECTION('',(1.E0,0.E0,0.E0));
#7164=AXIS2_PLACEMENT_3D('',#7161,#7162,#7163);
#7165=PLANE('',#7164);
#7167=ORIENTED_EDGE('',*,*,#7166,.T.);
#7169=ORIENTED_EDGE('',*,*,#7168,.F.);
#7171=ORIENTED_EDGE('',*,*,#7170,.F.);
#7172=EDGE_LOOP('',(#7167,#7169,#7171));
#7173=FACE_OUTER_BOUND('',#7172,.F.);
#7174=ADVANCED_FACE('',(#7173),#7165,.T.);
#7175=CARTESIAN_POINT('',(-1.9E0,4.E0,3.95E0));
#7176=DIRECTION('',(-1.E0,0.E0,0.E0));
#7177=DIRECTION('',(0.E0,-1.E0,0.E0));
#7178=AXIS2_PLACEMENT_3D('',#7175,#7176,#7177);
#7179=PLANE('',#7178);
#7180=ORIENTED_EDGE('',*,*,#6412,.T.);
#7182=ORIENTED_EDGE('',*,*,#7181,.T.);
#7183=ORIENTED_EDGE('',*,*,#5894,.T.);
#7185=ORIENTED_EDGE('',*,*,#7184,.F.);
#7186=ORIENTED_EDGE('',*,*,#6423,.T.);
#7188=ORIENTED_EDGE('',*,*,#7187,.F.);
#7189=ORIENTED_EDGE('',*,*,#7112,.F.);
#7190=ORIENTED_EDGE('',*,*,#6301,.F.);
#7191=ORIENTED_EDGE('',*,*,#5882,.T.);
#7193=ORIENTED_EDGE('',*,*,#7192,.F.);
#7194=EDGE_LOOP('',(#7180,#7182,#7183,#7185,#7186,#7188,#7189,#7190,#7191,
#7193));
#7195=FACE_OUTER_BOUND('',#7194,.F.);
#7196=ADVANCED_FACE('',(#7195),#7179,.F.);
#7197=CARTESIAN_POINT('',(-1.4E0,2.2E0,9.5E-1));
#7198=DIRECTION('',(0.E0,1.E0,0.E0));
#7199=DIRECTION('',(-1.E0,0.E0,0.E0));
#7200=AXIS2_PLACEMENT_3D('',#7197,#7198,#7199);
#7201=PLANE('',#7200);
#7202=ORIENTED_EDGE('',*,*,#5896,.T.);
#7203=ORIENTED_EDGE('',*,*,#7181,.F.);
#7204=ORIENTED_EDGE('',*,*,#6410,.F.);
#7206=ORIENTED_EDGE('',*,*,#7205,.T.);
#7207=EDGE_LOOP('',(#7202,#7203,#7204,#7206));
#7208=FACE_OUTER_BOUND('',#7207,.F.);
#7209=ADVANCED_FACE('',(#7208),#7201,.F.);
#7210=CARTESIAN_POINT('',(-1.4E0,8.E-1,9.5E-1));
#7211=DIRECTION('',(1.E0,0.E0,0.E0));
#7212=DIRECTION('',(0.E0,1.E0,0.E0));
#7213=AXIS2_PLACEMENT_3D('',#7210,#7211,#7212);
#7214=PLANE('',#7213);
#7215=ORIENTED_EDGE('',*,*,#5898,.T.);
#7216=ORIENTED_EDGE('',*,*,#7205,.F.);
#7217=ORIENTED_EDGE('',*,*,#6408,.F.);
#7219=ORIENTED_EDGE('',*,*,#7218,.T.);
#7220=EDGE_LOOP('',(#7215,#7216,#7217,#7219));
#7221=FACE_OUTER_BOUND('',#7220,.F.);
#7222=ADVANCED_FACE('',(#7221),#7214,.F.);
#7223=CARTESIAN_POINT('',(-1.9E0,1.3E0,9.5E-1));
#7224=DIRECTION('',(-7.071067811865E-1,-7.071067811865E-1,0.E0));
#7225=DIRECTION('',(7.071067811865E-1,-7.071067811865E-1,0.E0));
#7226=AXIS2_PLACEMENT_3D('',#7223,#7224,#7225);
#7227=PLANE('',#7226);
#7228=ORIENTED_EDGE('',*,*,#5892,.T.);
#7229=ORIENTED_EDGE('',*,*,#7218,.F.);
#7230=ORIENTED_EDGE('',*,*,#6406,.F.);
#7231=ORIENTED_EDGE('',*,*,#7184,.T.);
#7232=EDGE_LOOP('',(#7228,#7229,#7230,#7231));
#7233=FACE_OUTER_BOUND('',#7232,.F.);
#7234=ADVANCED_FACE('',(#7233),#7227,.F.);
#7235=CARTESIAN_POINT('',(-1.9E0,4.E-1,3.95E0));
#7236=DIRECTION('',(0.E0,-1.E0,0.E0));
#7237=DIRECTION('',(1.E0,0.E0,0.E0));
#7238=AXIS2_PLACEMENT_3D('',#7235,#7236,#7237);
#7239=PLANE('',#7238);
#7240=ORIENTED_EDGE('',*,*,#7114,.F.);
#7241=ORIENTED_EDGE('',*,*,#7187,.T.);
#7242=ORIENTED_EDGE('',*,*,#6421,.T.);
#7244=ORIENTED_EDGE('',*,*,#7243,.F.);
#7245=EDGE_LOOP('',(#7240,#7241,#7242,#7244));
#7246=FACE_OUTER_BOUND('',#7245,.F.);
#7247=ADVANCED_FACE('',(#7246),#7239,.F.);
#7248=CARTESIAN_POINT('',(1.9E0,4.E-1,3.95E0));
#7249=DIRECTION('',(1.E0,0.E0,0.E0));
#7250=DIRECTION('',(0.E0,1.E0,0.E0));
#7251=AXIS2_PLACEMENT_3D('',#7248,#7249,#7250);
#7252=PLANE('',#7251);
#7253=ORIENTED_EDGE('',*,*,#7116,.T.);
#7254=ORIENTED_EDGE('',*,*,#7243,.T.);
#7255=ORIENTED_EDGE('',*,*,#6419,.T.);
#7256=ORIENTED_EDGE('',*,*,#6325,.F.);
#7257=EDGE_LOOP('',(#7253,#7254,#7255,#7256));
#7258=FACE_OUTER_BOUND('',#7257,.F.);
#7259=ADVANCED_FACE('',(#7258),#7252,.F.);
#7260=CARTESIAN_POINT('',(-1.9E0,2.7E0,9.5E-1));
#7261=DIRECTION('',(0.E0,-1.E0,0.E0));
#7262=DIRECTION('',(1.E0,0.E0,0.E0));
#7263=AXIS2_PLACEMENT_3D('',#7260,#7261,#7262);
#7264=PLANE('',#7263);
#7265=ORIENTED_EDGE('',*,*,#5888,.T.);
#7267=ORIENTED_EDGE('',*,*,#7266,.F.);
#7268=ORIENTED_EDGE('',*,*,#6414,.F.);
#7269=ORIENTED_EDGE('',*,*,#7192,.T.);
#7270=EDGE_LOOP('',(#7265,#7267,#7268,#7269));
#7271=FACE_OUTER_BOUND('',#7270,.F.);
#7272=ADVANCED_FACE('',(#7271),#7264,.F.);
#7273=CARTESIAN_POINT('',(-1.4E0,2.7E0,9.5E-1));
#7274=DIRECTION('',(1.E0,0.E0,0.E0));
#7275=DIRECTION('',(0.E0,1.E0,0.E0));
#7276=AXIS2_PLACEMENT_3D('',#7273,#7274,#7275);
#7277=PLANE('',#7276);
#7278=ORIENTED_EDGE('',*,*,#5886,.T.);
#7279=ORIENTED_EDGE('',*,*,#6298,.F.);
#7280=ORIENTED_EDGE('',*,*,#6416,.T.);
#7281=ORIENTED_EDGE('',*,*,#7266,.T.);
#7282=EDGE_LOOP('',(#7278,#7279,#7280,#7281));
#7283=FACE_OUTER_BOUND('',#7282,.F.);
#7284=ADVANCED_FACE('',(#7283),#7277,.F.);
#7285=CARTESIAN_POINT('',(2.3E0,4.E0,3.95E0));
#7286=DIRECTION('',(-1.E0,0.E0,0.E0));
#7287=DIRECTION('',(0.E0,-1.E0,0.E0));
#7288=AXIS2_PLACEMENT_3D('',#7285,#7286,#7287);
#7289=PLANE('',#7288);
#7290=ORIENTED_EDGE('',*,*,#6154,.T.);
#7292=ORIENTED_EDGE('',*,*,#7291,.T.);
#7293=ORIENTED_EDGE('',*,*,#5814,.T.);
#7295=ORIENTED_EDGE('',*,*,#7294,.F.);
#7297=ORIENTED_EDGE('',*,*,#7296,.F.);
#7299=ORIENTED_EDGE('',*,*,#7298,.F.);
#7300=ORIENTED_EDGE('',*,*,#7119,.F.);
#7301=ORIENTED_EDGE('',*,*,#6321,.T.);
#7302=ORIENTED_EDGE('',*,*,#5808,.T.);
#7304=ORIENTED_EDGE('',*,*,#7303,.F.);
#7305=EDGE_LOOP('',(#7290,#7292,#7293,#7295,#7297,#7299,#7300,#7301,#7302,
#7304));
#7306=FACE_OUTER_BOUND('',#7305,.F.);
#7307=ADVANCED_FACE('',(#7306),#7289,.F.);
#7308=CARTESIAN_POINT('',(2.8E0,2.15E0,9.5E-1));
#7309=DIRECTION('',(0.E0,1.E0,0.E0));
#7310=DIRECTION('',(-1.E0,0.E0,0.E0));
#7311=AXIS2_PLACEMENT_3D('',#7308,#7309,#7310);
#7312=PLANE('',#7311);
#7313=ORIENTED_EDGE('',*,*,#5816,.T.);
#7314=ORIENTED_EDGE('',*,*,#7291,.F.);
#7315=ORIENTED_EDGE('',*,*,#6152,.T.);
#7317=ORIENTED_EDGE('',*,*,#7316,.T.);
#7318=EDGE_LOOP('',(#7313,#7314,#7315,#7317));
#7319=FACE_OUTER_BOUND('',#7318,.F.);
#7320=ADVANCED_FACE('',(#7319),#7312,.F.);
#7321=CARTESIAN_POINT('',(2.8E0,4.E-1,9.5E-1));
#7322=DIRECTION('',(1.E0,0.E0,0.E0));
#7323=DIRECTION('',(0.E0,1.E0,0.E0));
#7324=AXIS2_PLACEMENT_3D('',#7321,#7322,#7323);
#7325=PLANE('',#7324);
#7326=ORIENTED_EDGE('',*,*,#5818,.T.);
#7327=ORIENTED_EDGE('',*,*,#7316,.F.);
#7328=ORIENTED_EDGE('',*,*,#6150,.F.);
#7330=ORIENTED_EDGE('',*,*,#7329,.T.);
#7332=ORIENTED_EDGE('',*,*,#7331,.F.);
#7334=ORIENTED_EDGE('',*,*,#7333,.T.);
#7335=EDGE_LOOP('',(#7326,#7327,#7328,#7330,#7332,#7334));
#7336=FACE_OUTER_BOUND('',#7335,.F.);
#7337=ADVANCED_FACE('',(#7336),#7325,.F.);
#7338=CARTESIAN_POINT('',(2.3E0,1.4E0,3.95E0));
#7339=DIRECTION('',(-7.071067811866E-1,-7.071067811865E-1,0.E0));
#7340=DIRECTION('',(7.071067811865E-1,-7.071067811866E-1,0.E0));
#7341=AXIS2_PLACEMENT_3D('',#7338,#7339,#7340);
#7342=PLANE('',#7341);
#7343=ORIENTED_EDGE('',*,*,#6148,.T.);
#7345=ORIENTED_EDGE('',*,*,#7344,.F.);
#7346=ORIENTED_EDGE('',*,*,#7121,.F.);
#7347=ORIENTED_EDGE('',*,*,#7298,.T.);
#7349=ORIENTED_EDGE('',*,*,#7348,.T.);
#7350=ORIENTED_EDGE('',*,*,#7329,.F.);
#7351=EDGE_LOOP('',(#7343,#7345,#7346,#7347,#7349,#7350));
#7352=FACE_OUTER_BOUND('',#7351,.F.);
#7353=ADVANCED_FACE('',(#7352),#7342,.F.);
#7354=CARTESIAN_POINT('',(3.3E0,4.E-1,3.95E0));
#7355=DIRECTION('',(0.E0,-1.E0,0.E0));
#7356=DIRECTION('',(1.E0,0.E0,0.E0));
#7357=AXIS2_PLACEMENT_3D('',#7354,#7355,#7356);
#7358=PLANE('',#7357);
#7359=ORIENTED_EDGE('',*,*,#7123,.T.);
#7360=ORIENTED_EDGE('',*,*,#7344,.T.);
#7361=ORIENTED_EDGE('',*,*,#6146,.T.);
#7363=ORIENTED_EDGE('',*,*,#7362,.F.);
#7364=EDGE_LOOP('',(#7359,#7360,#7361,#7363));
#7365=FACE_OUTER_BOUND('',#7364,.F.);
#7366=ADVANCED_FACE('',(#7365),#7358,.F.);
#7367=CARTESIAN_POINT('',(5.1E0,4.E-1,3.95E0));
#7368=DIRECTION('',(7.071067811865E-1,-7.071067811865E-1,0.E0));
#7369=DIRECTION('',(7.071067811865E-1,7.071067811865E-1,0.E0));
#7370=AXIS2_PLACEMENT_3D('',#7367,#7368,#7369);
#7371=PLANE('',#7370);
#7372=ORIENTED_EDGE('',*,*,#7125,.F.);
#7373=ORIENTED_EDGE('',*,*,#7362,.T.);
#7374=ORIENTED_EDGE('',*,*,#6144,.T.);
#7376=ORIENTED_EDGE('',*,*,#7375,.F.);
#7377=EDGE_LOOP('',(#7372,#7373,#7374,#7376));
#7378=FACE_OUTER_BOUND('',#7377,.F.);
#7379=ADVANCED_FACE('',(#7378),#7371,.F.);
#7380=CARTESIAN_POINT('',(6.1E0,0.E0,4.45E0));
#7381=DIRECTION('',(1.E0,0.E0,0.E0));
#7382=DIRECTION('',(0.E0,1.E0,0.E0));
#7383=AXIS2_PLACEMENT_3D('',#7380,#7381,#7382);
#7384=PLANE('',#7383);
#7386=ORIENTED_EDGE('',*,*,#7385,.F.);
#7387=ORIENTED_EDGE('',*,*,#6178,.T.);
#7389=ORIENTED_EDGE('',*,*,#7388,.F.);
#7390=ORIENTED_EDGE('',*,*,#7127,.T.);
#7391=ORIENTED_EDGE('',*,*,#7375,.T.);
#7392=ORIENTED_EDGE('',*,*,#6142,.T.);
#7393=ORIENTED_EDGE('',*,*,#6316,.F.);
#7395=ORIENTED_EDGE('',*,*,#7394,.T.);
#7397=ORIENTED_EDGE('',*,*,#7396,.F.);
#7398=EDGE_LOOP('',(#7386,#7387,#7389,#7390,#7391,#7392,#7393,#7395,#7397));
#7399=FACE_OUTER_BOUND('',#7398,.F.);
#7400=ADVANCED_FACE('',(#7399),#7384,.F.);
#7401=CARTESIAN_POINT('',(0.E0,-4.E0,4.45E0));
#7402=DIRECTION('',(0.E0,-1.E0,0.E0));
#7403=DIRECTION('',(1.E0,0.E0,0.E0));
#7404=AXIS2_PLACEMENT_3D('',#7401,#7402,#7403);
#7405=PLANE('',#7404);
#7407=ORIENTED_EDGE('',*,*,#7406,.F.);
#7408=ORIENTED_EDGE('',*,*,#5822,.T.);
#7410=ORIENTED_EDGE('',*,*,#7409,.F.);
#7411=ORIENTED_EDGE('',*,*,#6180,.T.);
#7412=ORIENTED_EDGE('',*,*,#7385,.T.);
#7414=ORIENTED_EDGE('',*,*,#7413,.F.);
#7416=ORIENTED_EDGE('',*,*,#7415,.F.);
#7417=ORIENTED_EDGE('',*,*,#7168,.T.);
#7419=ORIENTED_EDGE('',*,*,#7418,.T.);
#7420=ORIENTED_EDGE('',*,*,#6380,.T.);
#7422=ORIENTED_EDGE('',*,*,#7421,.F.);
#7423=ORIENTED_EDGE('',*,*,#7145,.T.);
#7425=ORIENTED_EDGE('',*,*,#7424,.T.);
#7426=ORIENTED_EDGE('',*,*,#6445,.T.);
#7428=ORIENTED_EDGE('',*,*,#7427,.F.);
#7429=ORIENTED_EDGE('',*,*,#7133,.T.);
#7430=EDGE_LOOP('',(#7407,#7408,#7410,#7411,#7412,#7414,#7416,#7417,#7419,#7420,
#7422,#7423,#7425,#7426,#7428,#7429));
#7431=FACE_OUTER_BOUND('',#7430,.F.);
#7432=ADVANCED_FACE('',(#7431),#7405,.F.);
#7433=CARTESIAN_POINT('',(2.3E0,-4.E-1,3.95E0));
#7434=DIRECTION('',(-1.E0,0.E0,0.E0));
#7435=DIRECTION('',(0.E0,-1.E0,0.E0));
#7436=AXIS2_PLACEMENT_3D('',#7433,#7434,#7435);
#7437=PLANE('',#7436);
#7438=ORIENTED_EDGE('',*,*,#6186,.T.);
#7440=ORIENTED_EDGE('',*,*,#7439,.T.);
#7441=ORIENTED_EDGE('',*,*,#5824,.T.);
#7442=ORIENTED_EDGE('',*,*,#7406,.T.);
#7443=ORIENTED_EDGE('',*,*,#7131,.F.);
#7445=ORIENTED_EDGE('',*,*,#7444,.T.);
#7446=ORIENTED_EDGE('',*,*,#5836,.T.);
#7448=ORIENTED_EDGE('',*,*,#7447,.F.);
#7449=EDGE_LOOP('',(#7438,#7440,#7441,#7442,#7443,#7445,#7446,#7448));
#7450=FACE_OUTER_BOUND('',#7449,.F.);
#7451=ADVANCED_FACE('',(#7450),#7437,.F.);
#7452=CARTESIAN_POINT('',(2.8E0,-2.E0,9.5E-1));
#7453=DIRECTION('',(0.E0,1.E0,0.E0));
#7454=DIRECTION('',(-1.E0,0.E0,0.E0));
#7455=AXIS2_PLACEMENT_3D('',#7452,#7453,#7454);
#7456=PLANE('',#7455);
#7457=ORIENTED_EDGE('',*,*,#5826,.T.);
#7458=ORIENTED_EDGE('',*,*,#7439,.F.);
#7459=ORIENTED_EDGE('',*,*,#6184,.T.);
#7461=ORIENTED_EDGE('',*,*,#7460,.T.);
#7462=EDGE_LOOP('',(#7457,#7458,#7459,#7461));
#7463=FACE_OUTER_BOUND('',#7462,.F.);
#7464=ADVANCED_FACE('',(#7463),#7456,.F.);
#7465=CARTESIAN_POINT('',(2.8E0,-4.E0,9.5E-1));
#7466=DIRECTION('',(1.E0,0.E0,0.E0));
#7467=DIRECTION('',(0.E0,1.E0,0.E0));
#7468=AXIS2_PLACEMENT_3D('',#7465,#7466,#7467);
#7469=PLANE('',#7468);
#7470=ORIENTED_EDGE('',*,*,#5828,.T.);
#7471=ORIENTED_EDGE('',*,*,#7460,.F.);
#7472=ORIENTED_EDGE('',*,*,#6182,.F.);
#7473=ORIENTED_EDGE('',*,*,#7409,.T.);
#7474=EDGE_LOOP('',(#7470,#7471,#7472,#7473));
#7475=FACE_OUTER_BOUND('',#7474,.F.);
#7476=ADVANCED_FACE('',(#7475),#7469,.F.);
#7477=CARTESIAN_POINT('',(6.1E0,-4.E-1,3.95E0));
#7478=DIRECTION('',(0.E0,1.E0,0.E0));
#7479=DIRECTION('',(-1.E0,0.E0,0.E0));
#7480=AXIS2_PLACEMENT_3D('',#7477,#7478,#7479);
#7481=PLANE('',#7480);
#7482=ORIENTED_EDGE('',*,*,#6176,.T.);
#7484=ORIENTED_EDGE('',*,*,#7483,.T.);
#7485=ORIENTED_EDGE('',*,*,#5838,.T.);
#7486=ORIENTED_EDGE('',*,*,#7444,.F.);
#7487=ORIENTED_EDGE('',*,*,#7129,.F.);
#7488=ORIENTED_EDGE('',*,*,#7388,.T.);
#7489=EDGE_LOOP('',(#7482,#7484,#7485,#7486,#7487,#7488));
#7490=FACE_OUTER_BOUND('',#7489,.F.);
#7491=ADVANCED_FACE('',(#7490),#7481,.F.);
#7492=CARTESIAN_POINT('',(2.8E0,-1.5E0,9.5E-1));
#7493=DIRECTION('',(1.E0,0.E0,0.E0));
#7494=DIRECTION('',(0.E0,1.E0,0.E0));
#7495=AXIS2_PLACEMENT_3D('',#7492,#7493,#7494);
#7496=PLANE('',#7495);
#7497=ORIENTED_EDGE('',*,*,#5832,.T.);
#7498=ORIENTED_EDGE('',*,*,#7483,.F.);
#7499=ORIENTED_EDGE('',*,*,#6174,.F.);
#7501=ORIENTED_EDGE('',*,*,#7500,.T.);
#7502=EDGE_LOOP('',(#7497,#7498,#7499,#7501));
#7503=FACE_OUTER_BOUND('',#7502,.F.);
#7504=ADVANCED_FACE('',(#7503),#7496,.F.);
#7505=CARTESIAN_POINT('',(2.3E0,-1.5E0,9.5E-1));
#7506=DIRECTION('',(0.E0,-1.E0,0.E0));
#7507=DIRECTION('',(1.E0,0.E0,0.E0));
#7508=AXIS2_PLACEMENT_3D('',#7505,#7506,#7507);
#7509=PLANE('',#7508);
#7510=ORIENTED_EDGE('',*,*,#5834,.T.);
#7511=ORIENTED_EDGE('',*,*,#7500,.F.);
#7512=ORIENTED_EDGE('',*,*,#6188,.F.);
#7513=ORIENTED_EDGE('',*,*,#7447,.T.);
#7514=EDGE_LOOP('',(#7510,#7511,#7512,#7513));
#7515=FACE_OUTER_BOUND('',#7514,.F.);
#7516=ADVANCED_FACE('',(#7515),#7509,.F.);
#7517=CARTESIAN_POINT('',(0.E0,-5.15E0,6.2E0));
#7518=DIRECTION('',(0.E0,-7.359310117618E-1,-6.770565308209E-1));
#7519=DIRECTION('',(1.E0,0.E0,0.E0));
#7520=AXIS2_PLACEMENT_3D('',#7517,#7518,#7519);
#7521=PLANE('',#7520);
#7523=ORIENTED_EDGE('',*,*,#7522,.F.);
#7525=ORIENTED_EDGE('',*,*,#7524,.F.);
#7526=ORIENTED_EDGE('',*,*,#7413,.T.);
#7528=ORIENTED_EDGE('',*,*,#7527,.T.);
#7529=EDGE_LOOP('',(#7523,#7525,#7526,#7528));
#7530=FACE_OUTER_BOUND('',#7529,.F.);
#7531=ADVANCED_FACE('',(#7530),#7521,.F.);
#7532=CARTESIAN_POINT('',(-9.6E0,7.5E0,7.45E0));
#7533=DIRECTION('',(0.E0,0.E0,1.E0));
#7534=DIRECTION('',(0.E0,-1.E0,0.E0));
#7535=AXIS2_PLACEMENT_3D('',#7532,#7533,#7534);
#7536=PLANE('',#7535);
#7538=ORIENTED_EDGE('',*,*,#7537,.F.);
#7539=ORIENTED_EDGE('',*,*,#5101,.F.);
#7541=ORIENTED_EDGE('',*,*,#7540,.F.);
#7543=ORIENTED_EDGE('',*,*,#7542,.T.);
#7545=ORIENTED_EDGE('',*,*,#7544,.F.);
#7547=ORIENTED_EDGE('',*,*,#7546,.T.);
#7548=EDGE_LOOP('',(#7538,#7539,#7541,#7543,#7545,#7547));
#7549=FACE_OUTER_BOUND('',#7548,.F.);
#7550=ADVANCED_FACE('',(#7549),#7536,.T.);
#7551=CARTESIAN_POINT('',(-9.6E0,7.5E0,7.45E0));
#7552=DIRECTION('',(0.E0,0.E0,1.E0));
#7553=DIRECTION('',(0.E0,-1.E0,0.E0));
#7554=AXIS2_PLACEMENT_3D('',#7551,#7552,#7553);
#7555=PLANE('',#7554);
#7556=ORIENTED_EDGE('',*,*,#5521,.T.);
#7558=ORIENTED_EDGE('',*,*,#7557,.T.);
#7559=ORIENTED_EDGE('',*,*,#7522,.T.);
#7561=ORIENTED_EDGE('',*,*,#7560,.T.);
#7562=ORIENTED_EDGE('',*,*,#5493,.T.);
#7564=ORIENTED_EDGE('',*,*,#7563,.T.);
#7566=ORIENTED_EDGE('',*,*,#7565,.F.);
#7567=ORIENTED_EDGE('',*,*,#5125,.F.);
#7568=EDGE_LOOP('',(#7556,#7558,#7559,#7561,#7562,#7564,#7566,#7567));
#7569=FACE_OUTER_BOUND('',#7568,.F.);
#7570=ADVANCED_FACE('',(#7569),#7555,.T.);
#7571=CARTESIAN_POINT('',(-9.6E0,7.5E0,7.45E0));
#7572=DIRECTION('',(0.E0,0.E0,1.E0));
#7573=DIRECTION('',(0.E0,-1.E0,0.E0));
#7574=AXIS2_PLACEMENT_3D('',#7571,#7572,#7573);
#7575=PLANE('',#7574);
#7577=ORIENTED_EDGE('',*,*,#7576,.F.);
#7579=ORIENTED_EDGE('',*,*,#7578,.T.);
#7581=ORIENTED_EDGE('',*,*,#7580,.T.);
#7583=ORIENTED_EDGE('',*,*,#7582,.T.);
#7585=ORIENTED_EDGE('',*,*,#7584,.F.);
#7587=ORIENTED_EDGE('',*,*,#7586,.T.);
#7588=EDGE_LOOP('',(#7577,#7579,#7581,#7583,#7585,#7587));
#7589=FACE_OUTER_BOUND('',#7588,.F.);
#7590=ADVANCED_FACE('',(#7589),#7575,.T.);
#7591=CARTESIAN_POINT('',(0.E0,4.E0,4.45E0));
#7592=DIRECTION('',(0.E0,-1.E0,0.E0));
#7593=DIRECTION('',(1.E0,0.E0,0.E0));
#7594=AXIS2_PLACEMENT_3D('',#7591,#7592,#7593);
#7595=PLANE('',#7594);
#7596=ORIENTED_EDGE('',*,*,#5103,.F.);
#7597=ORIENTED_EDGE('',*,*,#7537,.T.);
#7599=ORIENTED_EDGE('',*,*,#7598,.F.);
#7601=ORIENTED_EDGE('',*,*,#7600,.F.);
#7602=ORIENTED_EDGE('',*,*,#5288,.F.);
#7603=EDGE_LOOP('',(#7596,#7597,#7599,#7601,#7602));
#7604=FACE_OUTER_BOUND('',#7603,.F.);
#7605=ADVANCED_FACE('',(#7604),#7595,.T.);
#7606=CARTESIAN_POINT('',(0.E0,4.E0,4.45E0));
#7607=DIRECTION('',(0.E0,-1.E0,0.E0));
#7608=DIRECTION('',(1.E0,0.E0,0.E0));
#7609=AXIS2_PLACEMENT_3D('',#7606,#7607,#7608);
#7610=PLANE('',#7609);
#7612=ORIENTED_EDGE('',*,*,#7611,.T.);
#7613=ORIENTED_EDGE('',*,*,#5234,.F.);
#7615=ORIENTED_EDGE('',*,*,#7614,.F.);
#7617=ORIENTED_EDGE('',*,*,#7616,.T.);
#7618=ORIENTED_EDGE('',*,*,#7576,.T.);
#7619=EDGE_LOOP('',(#7612,#7613,#7615,#7617,#7618));
#7620=FACE_OUTER_BOUND('',#7619,.F.);
#7621=ADVANCED_FACE('',(#7620),#7610,.T.);
#7622=CARTESIAN_POINT('',(-7.25E0,0.E0,6.2E0));
#7623=DIRECTION('',(-7.359310117618E-1,0.E0,-6.770565308209E-1));
#7624=DIRECTION('',(0.E0,-1.E0,0.E0));
#7625=AXIS2_PLACEMENT_3D('',#7622,#7623,#7624);
#7626=PLANE('',#7625);
#7627=ORIENTED_EDGE('',*,*,#7598,.T.);
#7628=ORIENTED_EDGE('',*,*,#7546,.F.);
#7630=ORIENTED_EDGE('',*,*,#7629,.F.);
#7631=EDGE_LOOP('',(#7627,#7628,#7630));
#7632=FACE_OUTER_BOUND('',#7631,.F.);
#7633=ADVANCED_FACE('',(#7632),#7626,.F.);
#7634=CARTESIAN_POINT('',(-7.25E0,0.E0,6.2E0));
#7635=DIRECTION('',(-7.359310117618E-1,0.E0,-6.770565308209E-1));
#7636=DIRECTION('',(0.E0,-1.E0,0.E0));
#7637=AXIS2_PLACEMENT_3D('',#7634,#7635,#7636);
#7638=PLANE('',#7637);
#7639=ORIENTED_EDGE('',*,*,#5519,.F.);
#7641=ORIENTED_EDGE('',*,*,#7640,.T.);
#7642=ORIENTED_EDGE('',*,*,#7524,.T.);
#7643=ORIENTED_EDGE('',*,*,#7557,.F.);
#7644=EDGE_LOOP('',(#7639,#7641,#7642,#7643));
#7645=FACE_OUTER_BOUND('',#7644,.F.);
#7646=ADVANCED_FACE('',(#7645),#7638,.F.);
#7647=CARTESIAN_POINT('',(0.E0,5.15E0,6.2E0));
#7648=DIRECTION('',(0.E0,7.359310117618E-1,-6.770565308209E-1));
#7649=DIRECTION('',(-1.E0,0.E0,0.E0));
#7650=AXIS2_PLACEMENT_3D('',#7647,#7648,#7649);
#7651=PLANE('',#7650);
#7652=ORIENTED_EDGE('',*,*,#7629,.T.);
#7653=ORIENTED_EDGE('',*,*,#7544,.T.);
#7655=ORIENTED_EDGE('',*,*,#7654,.T.);
#7657=ORIENTED_EDGE('',*,*,#7656,.T.);
#7659=ORIENTED_EDGE('',*,*,#7658,.T.);
#7660=ORIENTED_EDGE('',*,*,#7580,.F.);
#7662=ORIENTED_EDGE('',*,*,#7661,.F.);
#7663=ORIENTED_EDGE('',*,*,#6314,.T.);
#7664=EDGE_LOOP('',(#7652,#7653,#7655,#7657,#7659,#7660,#7662,#7663));
#7665=FACE_OUTER_BOUND('',#7664,.F.);
#7666=ADVANCED_FACE('',(#7665),#7651,.F.);
#7667=CARTESIAN_POINT('',(-5.E0,7.5E0,7.45E0));
#7668=DIRECTION('',(1.E0,0.E0,0.E0));
#7669=DIRECTION('',(0.E0,0.E0,-1.E0));
#7670=AXIS2_PLACEMENT_3D('',#7667,#7668,#7669);
#7671=PLANE('',#7670);
#7673=ORIENTED_EDGE('',*,*,#7672,.T.);
#7675=ORIENTED_EDGE('',*,*,#7674,.F.);
#7676=ORIENTED_EDGE('',*,*,#7654,.F.);
#7677=ORIENTED_EDGE('',*,*,#7542,.F.);
#7679=ORIENTED_EDGE('',*,*,#7678,.F.);
#7681=ORIENTED_EDGE('',*,*,#7680,.F.);
#7682=EDGE_LOOP('',(#7673,#7675,#7676,#7677,#7679,#7681));
#7683=FACE_OUTER_BOUND('',#7682,.F.);
#7684=ADVANCED_FACE('',(#7683),#7671,.T.);
#7685=CARTESIAN_POINT('',(-6.E0,5.E0,7.45E0));
#7686=DIRECTION('',(0.E0,1.E0,0.E0));
#7687=DIRECTION('',(1.E0,0.E0,0.E0));
#7688=AXIS2_PLACEMENT_3D('',#7685,#7686,#7687);
#7689=PLANE('',#7688);
#7691=ORIENTED_EDGE('',*,*,#7690,.T.);
#7693=ORIENTED_EDGE('',*,*,#7692,.T.);
#7695=ORIENTED_EDGE('',*,*,#7694,.T.);
#7697=ORIENTED_EDGE('',*,*,#7696,.T.);
#7699=ORIENTED_EDGE('',*,*,#7698,.F.);
#7700=ORIENTED_EDGE('',*,*,#7672,.F.);
#7702=ORIENTED_EDGE('',*,*,#7701,.F.);
#7704=ORIENTED_EDGE('',*,*,#7703,.F.);
#7705=EDGE_LOOP('',(#7691,#7693,#7695,#7697,#7699,#7700,#7702,#7704));
#7706=FACE_OUTER_BOUND('',#7705,.F.);
#7707=ADVANCED_FACE('',(#7706),#7689,.T.);
#7708=CARTESIAN_POINT('',(-9.6E0,7.5E0,-5.05E0));
#7709=DIRECTION('',(0.E0,0.E0,1.E0));
#7710=DIRECTION('',(1.E0,0.E0,0.E0));
#7711=AXIS2_PLACEMENT_3D('',#7708,#7709,#7710);
#7712=PLANE('',#7711);
#7713=ORIENTED_EDGE('',*,*,#7690,.F.);
#7715=ORIENTED_EDGE('',*,*,#7714,.F.);
#7717=ORIENTED_EDGE('',*,*,#7716,.T.);
#7719=ORIENTED_EDGE('',*,*,#7718,.F.);
#7720=EDGE_LOOP('',(#7713,#7715,#7717,#7719));
#7721=FACE_OUTER_BOUND('',#7720,.F.);
#7722=ADVANCED_FACE('',(#7721),#7712,.T.);
#7723=CARTESIAN_POINT('',(-6.E0,7.5E0,7.45E0));
#7724=DIRECTION('',(-1.E0,0.E0,0.E0));
#7725=DIRECTION('',(0.E0,-1.E0,0.E0));
#7726=AXIS2_PLACEMENT_3D('',#7723,#7724,#7725);
#7727=PLANE('',#7726);
#7728=ORIENTED_EDGE('',*,*,#7703,.T.);
#7730=ORIENTED_EDGE('',*,*,#7729,.T.);
#7732=ORIENTED_EDGE('',*,*,#7731,.T.);
#7733=ORIENTED_EDGE('',*,*,#7714,.T.);
#7734=EDGE_LOOP('',(#7728,#7730,#7732,#7733));
#7735=FACE_OUTER_BOUND('',#7734,.F.);
#7736=ADVANCED_FACE('',(#7735),#7727,.F.);
#7737=CARTESIAN_POINT('',(-6.E0,4.5E0,1.45E0));
#7738=DIRECTION('',(0.E0,0.E0,-1.E0));
#7739=DIRECTION('',(0.E0,1.E0,0.E0));
#7740=AXIS2_PLACEMENT_3D('',#7737,#7738,#7739);
#7741=PLANE('',#7740);
#7742=ORIENTED_EDGE('',*,*,#7701,.T.);
#7743=ORIENTED_EDGE('',*,*,#7680,.T.);
#7745=ORIENTED_EDGE('',*,*,#7744,.F.);
#7747=ORIENTED_EDGE('',*,*,#7746,.F.);
#7748=ORIENTED_EDGE('',*,*,#7729,.F.);
#7749=EDGE_LOOP('',(#7742,#7743,#7745,#7747,#7748));
#7750=FACE_OUTER_BOUND('',#7749,.F.);
#7751=ADVANCED_FACE('',(#7750),#7741,.T.);
#7752=CARTESIAN_POINT('',(-9.6E0,7.5E0,6.45E0));
#7753=DIRECTION('',(0.E0,1.E0,0.E0));
#7754=DIRECTION('',(0.E0,0.E0,1.E0));
#7755=AXIS2_PLACEMENT_3D('',#7752,#7753,#7754);
#7756=PLANE('',#7755);
#7757=ORIENTED_EDGE('',*,*,#5099,.F.);
#7759=ORIENTED_EDGE('',*,*,#7758,.T.);
#7761=ORIENTED_EDGE('',*,*,#7760,.F.);
#7762=ORIENTED_EDGE('',*,*,#7744,.T.);
#7763=ORIENTED_EDGE('',*,*,#7678,.T.);
#7764=ORIENTED_EDGE('',*,*,#7540,.T.);
#7765=EDGE_LOOP('',(#7757,#7759,#7761,#7762,#7763,#7764));
#7766=FACE_OUTER_BOUND('',#7765,.F.);
#7767=ADVANCED_FACE('',(#7766),#7756,.T.);
#7768=CARTESIAN_POINT('',(-9.6E0,7.5E0,6.45E0));
#7769=DIRECTION('',(0.E0,1.E0,0.E0));
#7770=DIRECTION('',(0.E0,0.E0,1.E0));
#7771=AXIS2_PLACEMENT_3D('',#7768,#7769,#7770);
#7772=PLANE('',#7771);
#7774=ORIENTED_EDGE('',*,*,#7773,.T.);
#7775=ORIENTED_EDGE('',*,*,#7584,.T.);
#7777=ORIENTED_EDGE('',*,*,#7776,.T.);
#7779=ORIENTED_EDGE('',*,*,#7778,.F.);
#7781=ORIENTED_EDGE('',*,*,#7780,.F.);
#7783=ORIENTED_EDGE('',*,*,#7782,.T.);
#7784=EDGE_LOOP('',(#7774,#7775,#7777,#7779,#7781,#7783));
#7785=FACE_OUTER_BOUND('',#7784,.F.);
#7786=ADVANCED_FACE('',(#7785),#7772,.T.);
#7787=CARTESIAN_POINT('',(-9.6E0,5.75E0,4.364431212960E0));
#7788=DIRECTION('',(0.E0,7.660444431190E-1,-6.427876096865E-1));
#7789=DIRECTION('',(0.E0,6.427876096865E-1,7.660444431190E-1));
#7790=AXIS2_PLACEMENT_3D('',#7787,#7788,#7789);
#7791=PLANE('',#7790);
#7793=ORIENTED_EDGE('',*,*,#7792,.T.);
#7794=ORIENTED_EDGE('',*,*,#7782,.F.);
#7796=ORIENTED_EDGE('',*,*,#7795,.F.);
#7798=ORIENTED_EDGE('',*,*,#7797,.T.);
#7799=EDGE_LOOP('',(#7793,#7794,#7796,#7798));
#7800=FACE_OUTER_BOUND('',#7799,.F.);
#7801=ADVANCED_FACE('',(#7800),#7791,.T.);
#7802=CARTESIAN_POINT('',(-9.6E0,5.75E0,4.364431212960E0));
#7803=DIRECTION('',(0.E0,7.660444431190E-1,-6.427876096865E-1));
#7804=DIRECTION('',(0.E0,6.427876096865E-1,7.660444431190E-1));
#7805=AXIS2_PLACEMENT_3D('',#7802,#7803,#7804);
#7806=PLANE('',#7805);
#7808=ORIENTED_EDGE('',*,*,#7807,.T.);
#7810=ORIENTED_EDGE('',*,*,#7809,.T.);
#7812=ORIENTED_EDGE('',*,*,#7811,.T.);
#7813=ORIENTED_EDGE('',*,*,#7758,.F.);
#7814=EDGE_LOOP('',(#7808,#7810,#7812,#7813));
#7815=FACE_OUTER_BOUND('',#7814,.F.);
#7816=ADVANCED_FACE('',(#7815),#7806,.T.);
#7817=CARTESIAN_POINT('',(7.514431212960E0,7.5E0,4.364431212960E0));
#7818=DIRECTION('',(-7.071067811865E-1,0.E0,7.071067811865E-1));
#7819=DIRECTION('',(7.071067811865E-1,0.E0,7.071067811865E-1));
#7820=AXIS2_PLACEMENT_3D('',#7817,#7818,#7819);
#7821=PLANE('',#7820);
#7823=ORIENTED_EDGE('',*,*,#7822,.F.);
#7824=ORIENTED_EDGE('',*,*,#7792,.F.);
#7826=ORIENTED_EDGE('',*,*,#7825,.T.);
#7827=EDGE_LOOP('',(#7823,#7824,#7826));
#7828=FACE_OUTER_BOUND('',#7827,.F.);
#7829=ADVANCED_FACE('',(#7828),#7821,.F.);
#7830=CARTESIAN_POINT('',(9.6E0,0.E0,0.E0));
#7831=DIRECTION('',(1.E0,0.E0,0.E0));
#7832=DIRECTION('',(0.E0,0.E0,-1.E0));
#7833=AXIS2_PLACEMENT_3D('',#7830,#7831,#7832);
#7834=PLANE('',#7833);
#7835=ORIENTED_EDGE('',*,*,#5236,.F.);
#7836=ORIENTED_EDGE('',*,*,#7611,.F.);
#7837=ORIENTED_EDGE('',*,*,#7586,.F.);
#7838=ORIENTED_EDGE('',*,*,#7773,.F.);
#7839=ORIENTED_EDGE('',*,*,#7822,.T.);
#7841=ORIENTED_EDGE('',*,*,#7840,.F.);
#7842=EDGE_LOOP('',(#7835,#7836,#7837,#7838,#7839,#7841));
#7843=FACE_OUTER_BOUND('',#7842,.F.);
#7844=ADVANCED_FACE('',(#7843),#7834,.T.);
#7845=CARTESIAN_POINT('',(9.6E0,0.E0,0.E0));
#7846=DIRECTION('',(1.E0,0.E0,0.E0));
#7847=DIRECTION('',(0.E0,0.E0,-1.E0));
#7848=AXIS2_PLACEMENT_3D('',#7845,#7846,#7847);
#7849=PLANE('',#7848);
#7850=ORIENTED_EDGE('',*,*,#5206,.F.);
#7852=ORIENTED_EDGE('',*,*,#7851,.T.);
#7853=ORIENTED_EDGE('',*,*,#5364,.T.);
#7854=ORIENTED_EDGE('',*,*,#5319,.F.);
#7855=ORIENTED_EDGE('',*,*,#5159,.F.);
#7857=ORIENTED_EDGE('',*,*,#7856,.F.);
#7859=ORIENTED_EDGE('',*,*,#7858,.F.);
#7861=ORIENTED_EDGE('',*,*,#7860,.F.);
#7862=ORIENTED_EDGE('',*,*,#7563,.F.);
#7863=ORIENTED_EDGE('',*,*,#5491,.T.);
#7864=EDGE_LOOP('',(#7850,#7852,#7853,#7854,#7855,#7857,#7859,#7861,#7862,
#7863));
#7865=FACE_OUTER_BOUND('',#7864,.F.);
#7866=ADVANCED_FACE('',(#7865),#7849,.T.);
#7867=CARTESIAN_POINT('',(-9.6E0,5.75E0,-7.45E0));
#7868=DIRECTION('',(0.E0,1.E0,0.E0));
#7869=DIRECTION('',(0.E0,0.E0,1.E0));
#7870=AXIS2_PLACEMENT_3D('',#7867,#7868,#7869);
#7871=PLANE('',#7870);
#7873=ORIENTED_EDGE('',*,*,#7872,.T.);
#7874=ORIENTED_EDGE('',*,*,#5655,.T.);
#7876=ORIENTED_EDGE('',*,*,#7875,.F.);
#7878=ORIENTED_EDGE('',*,*,#7877,.T.);
#7880=ORIENTED_EDGE('',*,*,#7879,.T.);
#7881=ORIENTED_EDGE('',*,*,#5647,.T.);
#7883=ORIENTED_EDGE('',*,*,#7882,.F.);
#7885=ORIENTED_EDGE('',*,*,#7884,.T.);
#7887=ORIENTED_EDGE('',*,*,#7886,.T.);
#7888=ORIENTED_EDGE('',*,*,#5639,.T.);
#7890=ORIENTED_EDGE('',*,*,#7889,.F.);
#7892=ORIENTED_EDGE('',*,*,#7891,.T.);
#7894=ORIENTED_EDGE('',*,*,#7893,.T.);
#7895=ORIENTED_EDGE('',*,*,#5631,.T.);
#7896=ORIENTED_EDGE('',*,*,#5566,.T.);
#7897=ORIENTED_EDGE('',*,*,#5238,.F.);
#7898=ORIENTED_EDGE('',*,*,#7840,.T.);
#7899=ORIENTED_EDGE('',*,*,#7825,.F.);
#7900=ORIENTED_EDGE('',*,*,#7797,.F.);
#7902=ORIENTED_EDGE('',*,*,#7901,.T.);
#7904=ORIENTED_EDGE('',*,*,#7903,.T.);
#7905=ORIENTED_EDGE('',*,*,#7716,.F.);
#7906=ORIENTED_EDGE('',*,*,#7731,.F.);
#7908=ORIENTED_EDGE('',*,*,#7907,.F.);
#7909=ORIENTED_EDGE('',*,*,#7809,.F.);
#7911=ORIENTED_EDGE('',*,*,#7910,.F.);
#7912=ORIENTED_EDGE('',*,*,#5095,.T.);
#7913=ORIENTED_EDGE('',*,*,#5285,.F.);
#7915=ORIENTED_EDGE('',*,*,#7914,.F.);
#7916=ORIENTED_EDGE('',*,*,#5663,.T.);
#7918=ORIENTED_EDGE('',*,*,#7917,.F.);
#7920=ORIENTED_EDGE('',*,*,#7919,.T.);
#7921=EDGE_LOOP('',(#7873,#7874,#7876,#7878,#7880,#7881,#7883,#7885,#7887,#7888,
#7890,#7892,#7894,#7895,#7896,#7897,#7898,#7899,#7900,#7902,#7904,#7905,#7906,
#7908,#7909,#7911,#7912,#7913,#7915,#7916,#7918,#7920));
#7922=FACE_OUTER_BOUND('',#7921,.F.);
#7923=ADVANCED_FACE('',(#7922),#7871,.T.);
#7924=CARTESIAN_POINT('',(-5.7E0,5.75E0,-7.45E0));
#7925=DIRECTION('',(-1.E0,0.E0,0.E0));
#7926=DIRECTION('',(0.E0,0.E0,1.E0));
#7927=AXIS2_PLACEMENT_3D('',#7924,#7925,#7926);
#7928=PLANE('',#7927);
#7930=ORIENTED_EDGE('',*,*,#7929,.T.);
#7931=ORIENTED_EDGE('',*,*,#5681,.F.);
#7933=ORIENTED_EDGE('',*,*,#7932,.T.);
#7935=ORIENTED_EDGE('',*,*,#7934,.F.);
#7936=EDGE_LOOP('',(#7930,#7931,#7933,#7935));
#7937=FACE_OUTER_BOUND('',#7936,.F.);
#7938=ADVANCED_FACE('',(#7937),#7928,.F.);
#7939=CARTESIAN_POINT('',(-5.7E0,5.75E0,-7.45E0));
#7940=DIRECTION('',(-1.E0,0.E0,0.E0));
#7941=DIRECTION('',(0.E0,0.E0,1.E0));
#7942=AXIS2_PLACEMENT_3D('',#7939,#7940,#7941);
#7943=PLANE('',#7942);
#7945=ORIENTED_EDGE('',*,*,#7944,.F.);
#7947=ORIENTED_EDGE('',*,*,#7946,.T.);
#7948=ORIENTED_EDGE('',*,*,#5657,.F.);
#7949=ORIENTED_EDGE('',*,*,#7872,.F.);
#7950=EDGE_LOOP('',(#7945,#7947,#7948,#7949));
#7951=FACE_OUTER_BOUND('',#7950,.F.);
#7952=ADVANCED_FACE('',(#7951),#7943,.F.);
#7953=CARTESIAN_POINT('',(-9.6E0,-5.75E0,4.364431212960E0));
#7954=DIRECTION('',(0.E0,-1.E0,0.E0));
#7955=DIRECTION('',(0.E0,0.E0,-1.E0));
#7956=AXIS2_PLACEMENT_3D('',#7953,#7954,#7955);
#7957=PLANE('',#7956);
#7959=ORIENTED_EDGE('',*,*,#7958,.F.);
#7961=ORIENTED_EDGE('',*,*,#7960,.F.);
#7962=ORIENTED_EDGE('',*,*,#5172,.F.);
#7963=ORIENTED_EDGE('',*,*,#5131,.T.);
#7965=ORIENTED_EDGE('',*,*,#7964,.F.);
#7967=ORIENTED_EDGE('',*,*,#7966,.T.);
#7969=ORIENTED_EDGE('',*,*,#7968,.T.);
#7971=ORIENTED_EDGE('',*,*,#7970,.T.);
#7973=ORIENTED_EDGE('',*,*,#7972,.F.);
#7975=ORIENTED_EDGE('',*,*,#7974,.T.);
#7977=ORIENTED_EDGE('',*,*,#7976,.T.);
#7979=ORIENTED_EDGE('',*,*,#7978,.T.);
#7981=ORIENTED_EDGE('',*,*,#7980,.F.);
#7983=ORIENTED_EDGE('',*,*,#7982,.T.);
#7985=ORIENTED_EDGE('',*,*,#7984,.T.);
#7987=ORIENTED_EDGE('',*,*,#7986,.T.);
#7989=ORIENTED_EDGE('',*,*,#7988,.F.);
#7991=ORIENTED_EDGE('',*,*,#7990,.T.);
#7993=ORIENTED_EDGE('',*,*,#7992,.T.);
#7995=ORIENTED_EDGE('',*,*,#7994,.F.);
#7997=ORIENTED_EDGE('',*,*,#7996,.F.);
#7999=ORIENTED_EDGE('',*,*,#7998,.T.);
#8001=ORIENTED_EDGE('',*,*,#8000,.F.);
#8002=ORIENTED_EDGE('',*,*,#7856,.T.);
#8003=ORIENTED_EDGE('',*,*,#5157,.F.);
#8005=ORIENTED_EDGE('',*,*,#8004,.F.);
#8007=ORIENTED_EDGE('',*,*,#8006,.F.);
#8009=ORIENTED_EDGE('',*,*,#8008,.F.);
#8010=ORIENTED_EDGE('',*,*,#5145,.F.);
#8011=ORIENTED_EDGE('',*,*,#5553,.F.);
#8012=ORIENTED_EDGE('',*,*,#5707,.T.);
#8014=ORIENTED_EDGE('',*,*,#8013,.F.);
#8016=ORIENTED_EDGE('',*,*,#8015,.F.);
#8018=ORIENTED_EDGE('',*,*,#8017,.T.);
#8019=ORIENTED_EDGE('',*,*,#5699,.F.);
#8021=ORIENTED_EDGE('',*,*,#8020,.F.);
#8023=ORIENTED_EDGE('',*,*,#8022,.F.);
#8025=ORIENTED_EDGE('',*,*,#8024,.T.);
#8026=ORIENTED_EDGE('',*,*,#5691,.F.);
#8028=ORIENTED_EDGE('',*,*,#8027,.F.);
#8030=ORIENTED_EDGE('',*,*,#8029,.F.);
#8032=ORIENTED_EDGE('',*,*,#8031,.T.);
#8033=ORIENTED_EDGE('',*,*,#5683,.F.);
#8034=ORIENTED_EDGE('',*,*,#7929,.F.);
#8036=ORIENTED_EDGE('',*,*,#8035,.F.);
#8038=ORIENTED_EDGE('',*,*,#8037,.T.);
#8039=ORIENTED_EDGE('',*,*,#5675,.T.);
#8041=ORIENTED_EDGE('',*,*,#8040,.T.);
#8042=ORIENTED_EDGE('',*,*,#5184,.F.);
#8044=ORIENTED_EDGE('',*,*,#8043,.F.);
#8045=EDGE_LOOP('',(#7959,#7961,#7962,#7963,#7965,#7967,#7969,#7971,#7973,#7975,
#7977,#7979,#7981,#7983,#7985,#7987,#7989,#7991,#7993,#7995,#7997,#7999,#8001,
#8002,#8003,#8005,#8007,#8009,#8010,#8011,#8012,#8014,#8016,#8018,#8019,#8021,
#8023,#8025,#8026,#8028,#8030,#8032,#8033,#8034,#8036,#8038,#8039,#8041,#8042,
#8044));
#8046=FACE_OUTER_BOUND('',#8045,.F.);
#8047=ADVANCED_FACE('',(#8046),#7957,.T.);
#8048=CARTESIAN_POINT('',(-1.04E1,-5.5E0,-3.05E0));
#8049=DIRECTION('',(0.E0,-7.071067811865E-1,7.071067811865E-1));
#8050=DIRECTION('',(-1.E0,0.E0,0.E0));
#8051=AXIS2_PLACEMENT_3D('',#8048,#8049,#8050);
#8052=PLANE('',#8051);
#8054=ORIENTED_EDGE('',*,*,#8053,.F.);
#8056=ORIENTED_EDGE('',*,*,#8055,.T.);
#8057=ORIENTED_EDGE('',*,*,#7958,.T.);
#8059=ORIENTED_EDGE('',*,*,#8058,.T.);
#8060=EDGE_LOOP('',(#8054,#8056,#8057,#8059));
#8061=FACE_OUTER_BOUND('',#8060,.F.);
#8062=ADVANCED_FACE('',(#8061),#8052,.T.);
#8063=CARTESIAN_POINT('',(-9.6E0,4.E0,-2.8E0));
#8064=DIRECTION('',(0.E0,0.E0,1.E0));
#8065=DIRECTION('',(1.E0,0.E0,0.E0));
#8066=AXIS2_PLACEMENT_3D('',#8063,#8064,#8065);
#8067=PLANE('',#8066);
#8068=ORIENTED_EDGE('',*,*,#8053,.T.);
#8070=ORIENTED_EDGE('',*,*,#8069,.F.);
#8072=ORIENTED_EDGE('',*,*,#8071,.F.);
#8074=ORIENTED_EDGE('',*,*,#8073,.F.);
#8075=EDGE_LOOP('',(#8068,#8070,#8072,#8074));
#8076=FACE_OUTER_BOUND('',#8075,.F.);
#8077=ADVANCED_FACE('',(#8076),#8067,.T.);
#8078=CARTESIAN_POINT('',(-9.6E0,4.E0,-2.8E0));
#8079=DIRECTION('',(0.E0,0.E0,1.E0));
#8080=DIRECTION('',(1.E0,0.E0,0.E0));
#8081=AXIS2_PLACEMENT_3D('',#8078,#8079,#8080);
#8082=PLANE('',#8081);
#8084=ORIENTED_EDGE('',*,*,#8083,.T.);
#8086=ORIENTED_EDGE('',*,*,#8085,.F.);
#8088=ORIENTED_EDGE('',*,*,#8087,.F.);
#8090=ORIENTED_EDGE('',*,*,#8089,.F.);
#8091=EDGE_LOOP('',(#8084,#8086,#8088,#8090));
#8092=FACE_OUTER_BOUND('',#8091,.F.);
#8093=ADVANCED_FACE('',(#8092),#8082,.T.);
#8094=CARTESIAN_POINT('',(-1.07E1,-5.E0,6.2E0));
#8095=DIRECTION('',(-1.E0,0.E0,0.E0));
#8096=DIRECTION('',(0.E0,-1.E0,0.E0));
#8097=AXIS2_PLACEMENT_3D('',#8094,#8095,#8096);
#8098=PLANE('',#8097);
#8100=ORIENTED_EDGE('',*,*,#8099,.F.);
#8102=ORIENTED_EDGE('',*,*,#8101,.T.);
#8104=ORIENTED_EDGE('',*,*,#8103,.T.);
#8106=ORIENTED_EDGE('',*,*,#8105,.F.);
#8107=EDGE_LOOP('',(#8100,#8102,#8104,#8106));
#8108=FACE_OUTER_BOUND('',#8107,.F.);
#8109=ADVANCED_FACE('',(#8108),#8098,.F.);
#8110=CARTESIAN_POINT('',(-1.07E1,-5.E0,6.2E0));
#8111=DIRECTION('',(-1.E0,0.E0,0.E0));
#8112=DIRECTION('',(0.E0,-1.E0,0.E0));
#8113=AXIS2_PLACEMENT_3D('',#8110,#8111,#8112);
#8114=PLANE('',#8113);
#8116=ORIENTED_EDGE('',*,*,#8115,.T.);
#8118=ORIENTED_EDGE('',*,*,#8117,.F.);
#8119=ORIENTED_EDGE('',*,*,#5180,.F.);
#8121=ORIENTED_EDGE('',*,*,#8120,.T.);
#8122=EDGE_LOOP('',(#8116,#8118,#8119,#8121));
#8123=FACE_OUTER_BOUND('',#8122,.F.);
#8124=ADVANCED_FACE('',(#8123),#8114,.F.);
#8125=CARTESIAN_POINT('',(-1.07E1,-5.E0,6.2E0));
#8126=DIRECTION('',(-1.E0,0.E0,0.E0));
#8127=DIRECTION('',(0.E0,-1.E0,0.E0));
#8128=AXIS2_PLACEMENT_3D('',#8125,#8126,#8127);
#8129=PLANE('',#8128);
#8130=ORIENTED_EDGE('',*,*,#8069,.T.);
#8132=ORIENTED_EDGE('',*,*,#8131,.F.);
#8134=ORIENTED_EDGE('',*,*,#8133,.F.);
#8136=ORIENTED_EDGE('',*,*,#8135,.T.);
#8137=EDGE_LOOP('',(#8130,#8132,#8134,#8136));
#8138=FACE_OUTER_BOUND('',#8137,.F.);
#8139=ADVANCED_FACE('',(#8138),#8129,.F.);
#8140=CARTESIAN_POINT('',(-1.07E1,-5.E0,1.8E0));
#8141=DIRECTION('',(0.E0,0.E0,-1.E0));
#8142=DIRECTION('',(1.E0,0.E0,0.E0));
#8143=AXIS2_PLACEMENT_3D('',#8140,#8141,#8142);
#8144=PLANE('',#8143);
#8146=ORIENTED_EDGE('',*,*,#8145,.T.);
#8148=ORIENTED_EDGE('',*,*,#8147,.T.);
#8149=ORIENTED_EDGE('',*,*,#8099,.T.);
#8151=ORIENTED_EDGE('',*,*,#8150,.T.);
#8152=EDGE_LOOP('',(#8146,#8148,#8149,#8151));
#8153=FACE_OUTER_BOUND('',#8152,.F.);
#8154=ADVANCED_FACE('',(#8153),#8144,.T.);
#8155=CARTESIAN_POINT('',(-1.01E1,-5.25E0,6.2E0));
#8156=DIRECTION('',(1.E0,0.E0,0.E0));
#8157=DIRECTION('',(0.E0,1.E0,0.E0));
#8158=AXIS2_PLACEMENT_3D('',#8155,#8156,#8157);
#8159=PLANE('',#8158);
#8160=ORIENTED_EDGE('',*,*,#8145,.F.);
#8162=ORIENTED_EDGE('',*,*,#8161,.T.);
#8164=ORIENTED_EDGE('',*,*,#8163,.T.);
#8166=ORIENTED_EDGE('',*,*,#8165,.F.);
#8167=EDGE_LOOP('',(#8160,#8162,#8164,#8166));
#8168=FACE_OUTER_BOUND('',#8167,.F.);
#8169=ADVANCED_FACE('',(#8168),#8159,.F.);
#8170=CARTESIAN_POINT('',(-1.01E1,-5.25E0,6.2E0));
#8171=DIRECTION('',(1.E0,0.E0,0.E0));
#8172=DIRECTION('',(0.E0,1.E0,0.E0));
#8173=AXIS2_PLACEMENT_3D('',#8170,#8171,#8172);
#8174=PLANE('',#8173);
#8176=ORIENTED_EDGE('',*,*,#8175,.T.);
#8178=ORIENTED_EDGE('',*,*,#8177,.F.);
#8179=ORIENTED_EDGE('',*,*,#5176,.F.);
#8181=ORIENTED_EDGE('',*,*,#8180,.T.);
#8182=EDGE_LOOP('',(#8176,#8178,#8179,#8181));
#8183=FACE_OUTER_BOUND('',#8182,.F.);
#8184=ADVANCED_FACE('',(#8183),#8174,.F.);
#8185=CARTESIAN_POINT('',(-1.01E1,-5.25E0,6.2E0));
#8186=DIRECTION('',(1.E0,0.E0,0.E0));
#8187=DIRECTION('',(0.E0,1.E0,0.E0));
#8188=AXIS2_PLACEMENT_3D('',#8185,#8186,#8187);
#8189=PLANE('',#8188);
#8190=ORIENTED_EDGE('',*,*,#8073,.T.);
#8192=ORIENTED_EDGE('',*,*,#8191,.F.);
#8194=ORIENTED_EDGE('',*,*,#8193,.F.);
#8196=ORIENTED_EDGE('',*,*,#8195,.T.);
#8197=EDGE_LOOP('',(#8190,#8192,#8194,#8196));
#8198=FACE_OUTER_BOUND('',#8197,.F.);
#8199=ADVANCED_FACE('',(#8198),#8189,.F.);
#8200=CARTESIAN_POINT('',(-9.866846170922E0,-5.75E0,6.2E0));
#8201=DIRECTION('',(9.063077870366E-1,4.226182617407E-1,0.E0));
#8202=DIRECTION('',(-4.226182617407E-1,9.063077870366E-1,0.E0));
#8203=AXIS2_PLACEMENT_3D('',#8200,#8201,#8202);
#8204=PLANE('',#8203);
#8205=ORIENTED_EDGE('',*,*,#7960,.T.);
#8206=ORIENTED_EDGE('',*,*,#8055,.F.);
#8207=ORIENTED_EDGE('',*,*,#8195,.F.);
#8209=ORIENTED_EDGE('',*,*,#8208,.T.);
#8210=ORIENTED_EDGE('',*,*,#8161,.F.);
#8212=ORIENTED_EDGE('',*,*,#8211,.T.);
#8213=ORIENTED_EDGE('',*,*,#8180,.F.);
#8214=ORIENTED_EDGE('',*,*,#5174,.F.);
#8215=EDGE_LOOP('',(#8205,#8206,#8207,#8209,#8210,#8212,#8213,#8214));
#8216=FACE_OUTER_BOUND('',#8215,.F.);
#8217=ADVANCED_FACE('',(#8216),#8204,.F.);
#8218=CARTESIAN_POINT('',(-9.6E0,-5.25E0,-2.8E0));
#8219=DIRECTION('',(0.E0,-1.E0,0.E0));
#8220=DIRECTION('',(1.E0,0.E0,0.E0));
#8221=AXIS2_PLACEMENT_3D('',#8218,#8219,#8220);
#8222=PLANE('',#8221);
#8223=ORIENTED_EDGE('',*,*,#8208,.F.);
#8225=ORIENTED_EDGE('',*,*,#8224,.F.);
#8227=ORIENTED_EDGE('',*,*,#8226,.T.);
#8229=ORIENTED_EDGE('',*,*,#8228,.F.);
#8230=EDGE_LOOP('',(#8223,#8225,#8227,#8229));
#8231=FACE_OUTER_BOUND('',#8230,.F.);
#8232=ADVANCED_FACE('',(#8231),#8222,.T.);
#8233=CARTESIAN_POINT('',(-9.6E0,-5.25E0,-2.8E0));
#8234=DIRECTION('',(0.E0,-1.E0,0.E0));
#8235=DIRECTION('',(1.E0,0.E0,0.E0));
#8236=AXIS2_PLACEMENT_3D('',#8233,#8234,#8235);
#8237=PLANE('',#8236);
#8238=ORIENTED_EDGE('',*,*,#8211,.F.);
#8239=ORIENTED_EDGE('',*,*,#8150,.F.);
#8241=ORIENTED_EDGE('',*,*,#8240,.T.);
#8243=ORIENTED_EDGE('',*,*,#8242,.F.);
#8244=EDGE_LOOP('',(#8238,#8239,#8241,#8243));
#8245=FACE_OUTER_BOUND('',#8244,.F.);
#8246=ADVANCED_FACE('',(#8245),#8237,.T.);
#8247=CARTESIAN_POINT('',(-9.6E0,-5.25E0,-2.8E0));
#8248=DIRECTION('',(0.E0,-1.E0,0.E0));
#8249=DIRECTION('',(1.E0,0.E0,0.E0));
#8250=AXIS2_PLACEMENT_3D('',#8247,#8248,#8249);
#8251=PLANE('',#8250);
#8253=ORIENTED_EDGE('',*,*,#8252,.F.);
#8255=ORIENTED_EDGE('',*,*,#8254,.F.);
#8257=ORIENTED_EDGE('',*,*,#8256,.T.);
#8259=ORIENTED_EDGE('',*,*,#8258,.F.);
#8260=EDGE_LOOP('',(#8253,#8255,#8257,#8259));
#8261=FACE_OUTER_BOUND('',#8260,.F.);
#8262=ADVANCED_FACE('',(#8261),#8251,.T.);
#8263=CARTESIAN_POINT('',(-9.6E0,-5.25E0,-2.8E0));
#8264=DIRECTION('',(0.E0,-1.E0,0.E0));
#8265=DIRECTION('',(1.E0,0.E0,0.E0));
#8266=AXIS2_PLACEMENT_3D('',#8263,#8264,#8265);
#8267=PLANE('',#8266);
#8269=ORIENTED_EDGE('',*,*,#8268,.F.);
#8271=ORIENTED_EDGE('',*,*,#8270,.F.);
#8273=ORIENTED_EDGE('',*,*,#8272,.T.);
#8275=ORIENTED_EDGE('',*,*,#8274,.F.);
#8276=EDGE_LOOP('',(#8269,#8271,#8273,#8275));
#8277=FACE_OUTER_BOUND('',#8276,.F.);
#8278=ADVANCED_FACE('',(#8277),#8267,.T.);
#8279=CARTESIAN_POINT('',(-1.07E1,-5.E0,7.5E-1));
#8280=DIRECTION('',(0.E0,0.E0,-1.E0));
#8281=DIRECTION('',(1.E0,0.E0,0.E0));
#8282=AXIS2_PLACEMENT_3D('',#8279,#8280,#8281);
#8283=PLANE('',#8282);
#8284=ORIENTED_EDGE('',*,*,#8193,.T.);
#8286=ORIENTED_EDGE('',*,*,#8285,.T.);
#8287=ORIENTED_EDGE('',*,*,#8133,.T.);
#8288=ORIENTED_EDGE('',*,*,#8224,.T.);
#8289=EDGE_LOOP('',(#8284,#8286,#8287,#8288));
#8290=FACE_OUTER_BOUND('',#8289,.F.);
#8291=ADVANCED_FACE('',(#8290),#8283,.T.);
#8292=CARTESIAN_POINT('',(-1.01E1,-5.E0,6.2E0));
#8293=DIRECTION('',(0.E0,1.E0,0.E0));
#8294=DIRECTION('',(-1.E0,0.E0,0.E0));
#8295=AXIS2_PLACEMENT_3D('',#8292,#8293,#8294);
#8296=PLANE('',#8295);
#8297=ORIENTED_EDGE('',*,*,#8147,.F.);
#8298=ORIENTED_EDGE('',*,*,#8165,.T.);
#8300=ORIENTED_EDGE('',*,*,#8299,.T.);
#8301=ORIENTED_EDGE('',*,*,#8101,.F.);
#8302=EDGE_LOOP('',(#8297,#8298,#8300,#8301));
#8303=FACE_OUTER_BOUND('',#8302,.F.);
#8304=ADVANCED_FACE('',(#8303),#8296,.F.);
#8305=CARTESIAN_POINT('',(-1.01E1,-5.E0,6.2E0));
#8306=DIRECTION('',(0.E0,1.E0,0.E0));
#8307=DIRECTION('',(-1.E0,0.E0,0.E0));
#8308=AXIS2_PLACEMENT_3D('',#8305,#8306,#8307);
#8309=PLANE('',#8308);
#8311=ORIENTED_EDGE('',*,*,#8310,.T.);
#8312=ORIENTED_EDGE('',*,*,#8120,.F.);
#8313=ORIENTED_EDGE('',*,*,#5178,.F.);
#8314=ORIENTED_EDGE('',*,*,#8177,.T.);
#8315=EDGE_LOOP('',(#8311,#8312,#8313,#8314));
#8316=FACE_OUTER_BOUND('',#8315,.F.);
#8317=ADVANCED_FACE('',(#8316),#8309,.F.);
#8318=CARTESIAN_POINT('',(-1.01E1,-5.E0,6.2E0));
#8319=DIRECTION('',(0.E0,1.E0,0.E0));
#8320=DIRECTION('',(-1.E0,0.E0,0.E0));
#8321=AXIS2_PLACEMENT_3D('',#8318,#8319,#8320);
#8322=PLANE('',#8321);
#8323=ORIENTED_EDGE('',*,*,#8285,.F.);
#8324=ORIENTED_EDGE('',*,*,#8191,.T.);
#8325=ORIENTED_EDGE('',*,*,#8071,.T.);
#8326=ORIENTED_EDGE('',*,*,#8135,.F.);
#8327=EDGE_LOOP('',(#8323,#8324,#8325,#8326));
#8328=FACE_OUTER_BOUND('',#8327,.F.);
#8329=ADVANCED_FACE('',(#8328),#8322,.F.);
#8330=CARTESIAN_POINT('',(-1.01E1,-5.E0,1.E0));
#8331=DIRECTION('',(0.E0,0.E0,1.E0));
#8332=DIRECTION('',(-1.E0,0.E0,0.E0));
#8333=AXIS2_PLACEMENT_3D('',#8330,#8331,#8332);
#8334=PLANE('',#8333);
#8335=ORIENTED_EDGE('',*,*,#8163,.F.);
#8336=ORIENTED_EDGE('',*,*,#8228,.T.);
#8337=ORIENTED_EDGE('',*,*,#8103,.F.);
#8338=ORIENTED_EDGE('',*,*,#8299,.F.);
#8339=EDGE_LOOP('',(#8335,#8336,#8337,#8338));
#8340=FACE_OUTER_BOUND('',#8339,.F.);
#8341=ADVANCED_FACE('',(#8340),#8334,.T.);
#8342=CARTESIAN_POINT('',(-1.01E1,-5.E0,2.05E0));
#8343=DIRECTION('',(0.E0,0.E0,1.E0));
#8344=DIRECTION('',(-1.E0,0.E0,0.E0));
#8345=AXIS2_PLACEMENT_3D('',#8342,#8343,#8344);
#8346=PLANE('',#8345);
#8347=ORIENTED_EDGE('',*,*,#8175,.F.);
#8348=ORIENTED_EDGE('',*,*,#8242,.T.);
#8349=ORIENTED_EDGE('',*,*,#8115,.F.);
#8350=ORIENTED_EDGE('',*,*,#8310,.F.);
#8351=EDGE_LOOP('',(#8347,#8348,#8349,#8350));
#8352=FACE_OUTER_BOUND('',#8351,.F.);
#8353=ADVANCED_FACE('',(#8352),#8346,.T.);
#8354=CARTESIAN_POINT('',(-1.07E1,-5.25E0,6.2E0));
#8355=DIRECTION('',(-9.063077870367E-1,4.226182617407E-1,0.E0));
#8356=DIRECTION('',(-4.226182617407E-1,-9.063077870367E-1,0.E0));
#8357=AXIS2_PLACEMENT_3D('',#8354,#8355,#8356);
#8358=PLANE('',#8357);
#8359=ORIENTED_EDGE('',*,*,#8131,.T.);
#8360=ORIENTED_EDGE('',*,*,#8058,.F.);
#8361=ORIENTED_EDGE('',*,*,#8043,.T.);
#8362=ORIENTED_EDGE('',*,*,#5182,.F.);
#8363=ORIENTED_EDGE('',*,*,#8117,.T.);
#8364=ORIENTED_EDGE('',*,*,#8240,.F.);
#8365=ORIENTED_EDGE('',*,*,#8105,.T.);
#8366=ORIENTED_EDGE('',*,*,#8226,.F.);
#8367=EDGE_LOOP('',(#8359,#8360,#8361,#8362,#8363,#8364,#8365,#8366));
#8368=FACE_OUTER_BOUND('',#8367,.F.);
#8369=ADVANCED_FACE('',(#8368),#8358,.F.);
#8370=CARTESIAN_POINT('',(1.093315382908E1,-5.75E0,6.2E0));
#8371=DIRECTION('',(9.063077870367E-1,4.226182617407E-1,0.E0));
#8372=DIRECTION('',(-4.226182617407E-1,9.063077870367E-1,0.E0));
#8373=AXIS2_PLACEMENT_3D('',#8370,#8371,#8372);
#8374=PLANE('',#8373);
#8375=ORIENTED_EDGE('',*,*,#8008,.T.);
#8377=ORIENTED_EDGE('',*,*,#8376,.F.);
#8379=ORIENTED_EDGE('',*,*,#8378,.F.);
#8380=ORIENTED_EDGE('',*,*,#8252,.T.);
#8382=ORIENTED_EDGE('',*,*,#8381,.F.);
#8383=ORIENTED_EDGE('',*,*,#8268,.T.);
#8385=ORIENTED_EDGE('',*,*,#8384,.F.);
#8386=ORIENTED_EDGE('',*,*,#5147,.F.);
#8387=EDGE_LOOP('',(#8375,#8377,#8379,#8380,#8382,#8383,#8385,#8386));
#8388=FACE_OUTER_BOUND('',#8387,.F.);
#8389=ADVANCED_FACE('',(#8388),#8374,.F.);
#8390=CARTESIAN_POINT('',(1.04E1,-5.5E0,-3.05E0));
#8391=DIRECTION('',(0.E0,-7.071067811865E-1,7.071067811865E-1));
#8392=DIRECTION('',(-1.E0,0.E0,0.E0));
#8393=AXIS2_PLACEMENT_3D('',#8390,#8391,#8392);
#8394=PLANE('',#8393);
#8395=ORIENTED_EDGE('',*,*,#8083,.F.);
#8396=ORIENTED_EDGE('',*,*,#8376,.T.);
#8397=ORIENTED_EDGE('',*,*,#8006,.T.);
#8399=ORIENTED_EDGE('',*,*,#8398,.T.);
#8400=EDGE_LOOP('',(#8395,#8396,#8397,#8399));
#8401=FACE_OUTER_BOUND('',#8400,.F.);
#8402=ADVANCED_FACE('',(#8401),#8394,.T.);
#8403=CARTESIAN_POINT('',(1.01E1,-5.25E0,6.2E0));
#8404=DIRECTION('',(-9.063077870366E-1,4.226182617407E-1,0.E0));
#8405=DIRECTION('',(-4.226182617407E-1,-9.063077870366E-1,0.E0));
#8406=AXIS2_PLACEMENT_3D('',#8403,#8404,#8405);
#8407=PLANE('',#8406);
#8409=ORIENTED_EDGE('',*,*,#8408,.T.);
#8410=ORIENTED_EDGE('',*,*,#8398,.F.);
#8411=ORIENTED_EDGE('',*,*,#8004,.T.);
#8412=ORIENTED_EDGE('',*,*,#5155,.F.);
#8414=ORIENTED_EDGE('',*,*,#8413,.T.);
#8415=ORIENTED_EDGE('',*,*,#8272,.F.);
#8417=ORIENTED_EDGE('',*,*,#8416,.T.);
#8418=ORIENTED_EDGE('',*,*,#8256,.F.);
#8419=EDGE_LOOP('',(#8409,#8410,#8411,#8412,#8414,#8415,#8417,#8418));
#8420=FACE_OUTER_BOUND('',#8419,.F.);
#8421=ADVANCED_FACE('',(#8420),#8407,.F.);
#8422=CARTESIAN_POINT('',(1.01E1,-5.E0,6.2E0));
#8423=DIRECTION('',(-1.E0,0.E0,0.E0));
#8424=DIRECTION('',(0.E0,-1.E0,0.E0));
#8425=AXIS2_PLACEMENT_3D('',#8422,#8423,#8424);
#8426=PLANE('',#8425);
#8428=ORIENTED_EDGE('',*,*,#8427,.T.);
#8429=ORIENTED_EDGE('',*,*,#8413,.F.);
#8430=ORIENTED_EDGE('',*,*,#5153,.F.);
#8432=ORIENTED_EDGE('',*,*,#8431,.T.);
#8433=EDGE_LOOP('',(#8428,#8429,#8430,#8432));
#8434=FACE_OUTER_BOUND('',#8433,.F.);
#8435=ADVANCED_FACE('',(#8434),#8426,.F.);
#8436=CARTESIAN_POINT('',(1.01E1,-5.E0,6.2E0));
#8437=DIRECTION('',(-1.E0,0.E0,0.E0));
#8438=DIRECTION('',(0.E0,-1.E0,0.E0));
#8439=AXIS2_PLACEMENT_3D('',#8436,#8437,#8438);
#8440=PLANE('',#8439);
#8442=ORIENTED_EDGE('',*,*,#8441,.F.);
#8444=ORIENTED_EDGE('',*,*,#8443,.T.);
#8446=ORIENTED_EDGE('',*,*,#8445,.T.);
#8447=ORIENTED_EDGE('',*,*,#8416,.F.);
#8448=EDGE_LOOP('',(#8442,#8444,#8446,#8447));
#8449=FACE_OUTER_BOUND('',#8448,.F.);
#8450=ADVANCED_FACE('',(#8449),#8440,.F.);
#8451=CARTESIAN_POINT('',(1.01E1,-5.E0,6.2E0));
#8452=DIRECTION('',(-1.E0,0.E0,0.E0));
#8453=DIRECTION('',(0.E0,-1.E0,0.E0));
#8454=AXIS2_PLACEMENT_3D('',#8451,#8452,#8453);
#8455=PLANE('',#8454);
#8456=ORIENTED_EDGE('',*,*,#8085,.T.);
#8457=ORIENTED_EDGE('',*,*,#8408,.F.);
#8459=ORIENTED_EDGE('',*,*,#8458,.F.);
#8461=ORIENTED_EDGE('',*,*,#8460,.T.);
#8462=EDGE_LOOP('',(#8456,#8457,#8459,#8461));
#8463=FACE_OUTER_BOUND('',#8462,.F.);
#8464=ADVANCED_FACE('',(#8463),#8455,.F.);
#8465=CARTESIAN_POINT('',(1.07E1,-5.E0,2.05E0));
#8466=DIRECTION('',(0.E0,0.E0,1.E0));
#8467=DIRECTION('',(-1.E0,0.E0,0.E0));
#8468=AXIS2_PLACEMENT_3D('',#8465,#8466,#8467);
#8469=PLANE('',#8468);
#8471=ORIENTED_EDGE('',*,*,#8470,.F.);
#8472=ORIENTED_EDGE('',*,*,#8274,.T.);
#8473=ORIENTED_EDGE('',*,*,#8427,.F.);
#8475=ORIENTED_EDGE('',*,*,#8474,.F.);
#8476=EDGE_LOOP('',(#8471,#8472,#8473,#8475));
#8477=FACE_OUTER_BOUND('',#8476,.F.);
#8478=ADVANCED_FACE('',(#8477),#8469,.T.);
#8479=CARTESIAN_POINT('',(1.07E1,-5.25E0,6.2E0));
#8480=DIRECTION('',(1.E0,0.E0,0.E0));
#8481=DIRECTION('',(0.E0,1.E0,0.E0));
#8482=AXIS2_PLACEMENT_3D('',#8479,#8480,#8481);
#8483=PLANE('',#8482);
#8484=ORIENTED_EDGE('',*,*,#8470,.T.);
#8486=ORIENTED_EDGE('',*,*,#8485,.F.);
#8487=ORIENTED_EDGE('',*,*,#5149,.F.);
#8488=ORIENTED_EDGE('',*,*,#8384,.T.);
#8489=EDGE_LOOP('',(#8484,#8486,#8487,#8488));
#8490=FACE_OUTER_BOUND('',#8489,.F.);
#8491=ADVANCED_FACE('',(#8490),#8483,.F.);
#8492=CARTESIAN_POINT('',(1.07E1,-5.25E0,6.2E0));
#8493=DIRECTION('',(1.E0,0.E0,0.E0));
#8494=DIRECTION('',(0.E0,1.E0,0.E0));
#8495=AXIS2_PLACEMENT_3D('',#8492,#8493,#8494);
#8496=PLANE('',#8495);
#8498=ORIENTED_EDGE('',*,*,#8497,.F.);
#8499=ORIENTED_EDGE('',*,*,#8381,.T.);
#8501=ORIENTED_EDGE('',*,*,#8500,.T.);
#8503=ORIENTED_EDGE('',*,*,#8502,.F.);
#8504=EDGE_LOOP('',(#8498,#8499,#8501,#8503));
#8505=FACE_OUTER_BOUND('',#8504,.F.);
#8506=ADVANCED_FACE('',(#8505),#8496,.F.);
#8507=CARTESIAN_POINT('',(1.07E1,-5.25E0,6.2E0));
#8508=DIRECTION('',(1.E0,0.E0,0.E0));
#8509=DIRECTION('',(0.E0,1.E0,0.E0));
#8510=AXIS2_PLACEMENT_3D('',#8507,#8508,#8509);
#8511=PLANE('',#8510);
#8512=ORIENTED_EDGE('',*,*,#8089,.T.);
#8514=ORIENTED_EDGE('',*,*,#8513,.F.);
#8516=ORIENTED_EDGE('',*,*,#8515,.F.);
#8517=ORIENTED_EDGE('',*,*,#8378,.T.);
#8518=EDGE_LOOP('',(#8512,#8514,#8516,#8517));
#8519=FACE_OUTER_BOUND('',#8518,.F.);
#8520=ADVANCED_FACE('',(#8519),#8511,.F.);
#8521=CARTESIAN_POINT('',(1.07E1,-5.E0,6.2E0));
#8522=DIRECTION('',(0.E0,1.E0,0.E0));
#8523=DIRECTION('',(-1.E0,0.E0,0.E0));
#8524=AXIS2_PLACEMENT_3D('',#8521,#8522,#8523);
#8525=PLANE('',#8524);
#8526=ORIENTED_EDGE('',*,*,#8474,.T.);
#8527=ORIENTED_EDGE('',*,*,#8431,.F.);
#8528=ORIENTED_EDGE('',*,*,#5151,.F.);
#8529=ORIENTED_EDGE('',*,*,#8485,.T.);
#8530=EDGE_LOOP('',(#8526,#8527,#8528,#8529));
#8531=FACE_OUTER_BOUND('',#8530,.F.);
#8532=ADVANCED_FACE('',(#8531),#8525,.F.);
#8533=CARTESIAN_POINT('',(1.07E1,-5.E0,6.2E0));
#8534=DIRECTION('',(0.E0,1.E0,0.E0));
#8535=DIRECTION('',(-1.E0,0.E0,0.E0));
#8536=AXIS2_PLACEMENT_3D('',#8533,#8534,#8535);
#8537=PLANE('',#8536);
#8539=ORIENTED_EDGE('',*,*,#8538,.F.);
#8540=ORIENTED_EDGE('',*,*,#8502,.T.);
#8542=ORIENTED_EDGE('',*,*,#8541,.T.);
#8543=ORIENTED_EDGE('',*,*,#8443,.F.);
#8544=EDGE_LOOP('',(#8539,#8540,#8542,#8543));
#8545=FACE_OUTER_BOUND('',#8544,.F.);
#8546=ADVANCED_FACE('',(#8545),#8537,.F.);
#8547=CARTESIAN_POINT('',(1.07E1,-5.E0,6.2E0));
#8548=DIRECTION('',(0.E0,1.E0,0.E0));
#8549=DIRECTION('',(-1.E0,0.E0,0.E0));
#8550=AXIS2_PLACEMENT_3D('',#8547,#8548,#8549);
#8551=PLANE('',#8550);
#8553=ORIENTED_EDGE('',*,*,#8552,.F.);
#8554=ORIENTED_EDGE('',*,*,#8513,.T.);
#8555=ORIENTED_EDGE('',*,*,#8087,.T.);
#8556=ORIENTED_EDGE('',*,*,#8460,.F.);
#8557=EDGE_LOOP('',(#8553,#8554,#8555,#8556));
#8558=FACE_OUTER_BOUND('',#8557,.F.);
#8559=ADVANCED_FACE('',(#8558),#8551,.F.);
#8560=CARTESIAN_POINT('',(1.01E1,-5.E0,1.8E0));
#8561=DIRECTION('',(0.E0,0.E0,-1.E0));
#8562=DIRECTION('',(1.E0,0.E0,0.E0));
#8563=AXIS2_PLACEMENT_3D('',#8560,#8561,#8562);
#8564=PLANE('',#8563);
#8565=ORIENTED_EDGE('',*,*,#8497,.T.);
#8566=ORIENTED_EDGE('',*,*,#8538,.T.);
#8567=ORIENTED_EDGE('',*,*,#8441,.T.);
#8568=ORIENTED_EDGE('',*,*,#8270,.T.);
#8569=EDGE_LOOP('',(#8565,#8566,#8567,#8568));
#8570=FACE_OUTER_BOUND('',#8569,.F.);
#8571=ADVANCED_FACE('',(#8570),#8564,.T.);
#8572=CARTESIAN_POINT('',(1.07E1,-5.E0,1.E0));
#8573=DIRECTION('',(0.E0,0.E0,1.E0));
#8574=DIRECTION('',(-1.E0,0.E0,0.E0));
#8575=AXIS2_PLACEMENT_3D('',#8572,#8573,#8574);
#8576=PLANE('',#8575);
#8577=ORIENTED_EDGE('',*,*,#8500,.F.);
#8578=ORIENTED_EDGE('',*,*,#8258,.T.);
#8579=ORIENTED_EDGE('',*,*,#8445,.F.);
#8580=ORIENTED_EDGE('',*,*,#8541,.F.);
#8581=EDGE_LOOP('',(#8577,#8578,#8579,#8580));
#8582=FACE_OUTER_BOUND('',#8581,.F.);
#8583=ADVANCED_FACE('',(#8582),#8576,.T.);
#8584=CARTESIAN_POINT('',(1.01E1,-5.E0,7.5E-1));
#8585=DIRECTION('',(0.E0,0.E0,-1.E0));
#8586=DIRECTION('',(1.E0,0.E0,0.E0));
#8587=AXIS2_PLACEMENT_3D('',#8584,#8585,#8586);
#8588=PLANE('',#8587);
#8589=ORIENTED_EDGE('',*,*,#8515,.T.);
#8590=ORIENTED_EDGE('',*,*,#8552,.T.);
#8591=ORIENTED_EDGE('',*,*,#8458,.T.);
#8592=ORIENTED_EDGE('',*,*,#8254,.T.);
#8593=EDGE_LOOP('',(#8589,#8590,#8591,#8592));
#8594=FACE_OUTER_BOUND('',#8593,.F.);
#8595=ADVANCED_FACE('',(#8594),#8588,.T.);
#8596=CARTESIAN_POINT('',(-7.514431212960E0,-7.5E0,4.364431212960E0));
#8597=DIRECTION('',(7.071067811865E-1,0.E0,7.071067811865E-1));
#8598=DIRECTION('',(-7.071067811865E-1,0.E0,7.071067811865E-1));
#8599=AXIS2_PLACEMENT_3D('',#8596,#8597,#8598);
#8600=PLANE('',#8599);
#8601=ORIENTED_EDGE('',*,*,#5129,.F.);
#8603=ORIENTED_EDGE('',*,*,#8602,.F.);
#8604=ORIENTED_EDGE('',*,*,#7964,.T.);
#8605=EDGE_LOOP('',(#8601,#8603,#8604));
#8606=FACE_OUTER_BOUND('',#8605,.F.);
#8607=ADVANCED_FACE('',(#8606),#8600,.F.);
#8608=CARTESIAN_POINT('',(-9.6E0,-7.5E0,6.45E0));
#8609=DIRECTION('',(0.E0,-7.660444431190E-1,-6.427876096865E-1));
#8610=DIRECTION('',(0.E0,6.427876096865E-1,-7.660444431190E-1));
#8611=AXIS2_PLACEMENT_3D('',#8608,#8609,#8610);
#8612=PLANE('',#8611);
#8614=ORIENTED_EDGE('',*,*,#8613,.F.);
#8616=ORIENTED_EDGE('',*,*,#8615,.T.);
#8618=ORIENTED_EDGE('',*,*,#8617,.T.);
#8619=ORIENTED_EDGE('',*,*,#7998,.F.);
#8621=ORIENTED_EDGE('',*,*,#8620,.T.);
#8623=ORIENTED_EDGE('',*,*,#8622,.T.);
#8625=ORIENTED_EDGE('',*,*,#8624,.T.);
#8627=ORIENTED_EDGE('',*,*,#8626,.T.);
#8629=ORIENTED_EDGE('',*,*,#8628,.F.);
#8630=ORIENTED_EDGE('',*,*,#7990,.F.);
#8631=EDGE_LOOP('',(#8614,#8616,#8618,#8619,#8621,#8623,#8625,#8627,#8629,
#8630));
#8632=FACE_OUTER_BOUND('',#8631,.F.);
#8633=ADVANCED_FACE('',(#8632),#8612,.T.);
#8634=CARTESIAN_POINT('',(-9.6E0,-7.5E0,6.45E0));
#8635=DIRECTION('',(0.E0,-7.660444431190E-1,-6.427876096865E-1));
#8636=DIRECTION('',(0.E0,6.427876096865E-1,-7.660444431190E-1));
#8637=AXIS2_PLACEMENT_3D('',#8634,#8635,#8636);
#8638=PLANE('',#8637);
#8640=ORIENTED_EDGE('',*,*,#8639,.F.);
#8642=ORIENTED_EDGE('',*,*,#8641,.T.);
#8644=ORIENTED_EDGE('',*,*,#8643,.T.);
#8645=ORIENTED_EDGE('',*,*,#7982,.F.);
#8646=EDGE_LOOP('',(#8640,#8642,#8644,#8645));
#8647=FACE_OUTER_BOUND('',#8646,.F.);
#8648=ADVANCED_FACE('',(#8647),#8638,.T.);
#8649=CARTESIAN_POINT('',(-9.6E0,-7.5E0,6.45E0));
#8650=DIRECTION('',(0.E0,-7.660444431190E-1,-6.427876096865E-1));
#8651=DIRECTION('',(0.E0,6.427876096865E-1,-7.660444431190E-1));
#8652=AXIS2_PLACEMENT_3D('',#8649,#8650,#8651);
#8653=PLANE('',#8652);
#8655=ORIENTED_EDGE('',*,*,#8654,.T.);
#8656=ORIENTED_EDGE('',*,*,#7966,.F.);
#8657=ORIENTED_EDGE('',*,*,#8602,.T.);
#8659=ORIENTED_EDGE('',*,*,#8658,.T.);
#8660=EDGE_LOOP('',(#8655,#8656,#8657,#8659));
#8661=FACE_OUTER_BOUND('',#8660,.F.);
#8662=ADVANCED_FACE('',(#8661),#8653,.T.);
#8663=CARTESIAN_POINT('',(-9.6E0,-7.5E0,6.45E0));
#8664=DIRECTION('',(0.E0,-7.660444431190E-1,-6.427876096865E-1));
#8665=DIRECTION('',(0.E0,6.427876096865E-1,-7.660444431190E-1));
#8666=AXIS2_PLACEMENT_3D('',#8663,#8664,#8665);
#8667=PLANE('',#8666);
#8669=ORIENTED_EDGE('',*,*,#8668,.F.);
#8671=ORIENTED_EDGE('',*,*,#8670,.T.);
#8673=ORIENTED_EDGE('',*,*,#8672,.T.);
#8674=ORIENTED_EDGE('',*,*,#7974,.F.);
#8675=EDGE_LOOP('',(#8669,#8671,#8673,#8674));
#8676=FACE_OUTER_BOUND('',#8675,.F.);
#8677=ADVANCED_FACE('',(#8676),#8667,.T.);
#8678=CARTESIAN_POINT('',(4.7E0,0.E0,0.E0));
#8679=DIRECTION('',(1.E0,0.E0,0.E0));
#8680=DIRECTION('',(0.E0,1.E0,0.E0));
#8681=AXIS2_PLACEMENT_3D('',#8678,#8679,#8680);
#8682=PLANE('',#8681);
#8683=ORIENTED_EDGE('',*,*,#7988,.T.);
#8685=ORIENTED_EDGE('',*,*,#8684,.F.);
#8687=ORIENTED_EDGE('',*,*,#8686,.F.);
#8688=ORIENTED_EDGE('',*,*,#8613,.T.);
#8689=EDGE_LOOP('',(#8683,#8685,#8687,#8688));
#8690=FACE_OUTER_BOUND('',#8689,.F.);
#8691=ADVANCED_FACE('',(#8690),#8682,.T.);
#8692=CARTESIAN_POINT('',(3.7E0,-7.5E0,-3.45E0));
#8693=DIRECTION('',(0.E0,0.E0,-1.E0));
#8694=DIRECTION('',(0.E0,1.E0,0.E0));
#8695=AXIS2_PLACEMENT_3D('',#8692,#8693,#8694);
#8696=PLANE('',#8695);
#8697=ORIENTED_EDGE('',*,*,#7986,.F.);
#8699=ORIENTED_EDGE('',*,*,#8698,.F.);
#8701=ORIENTED_EDGE('',*,*,#8700,.T.);
#8702=ORIENTED_EDGE('',*,*,#8684,.T.);
#8703=EDGE_LOOP('',(#8697,#8699,#8701,#8702));
#8704=FACE_OUTER_BOUND('',#8703,.F.);
#8705=ADVANCED_FACE('',(#8704),#8696,.T.);
#8706=CARTESIAN_POINT('',(3.7E0,0.E0,0.E0));
#8707=DIRECTION('',(1.E0,0.E0,0.E0));
#8708=DIRECTION('',(0.E0,1.E0,0.E0));
#8709=AXIS2_PLACEMENT_3D('',#8706,#8707,#8708);
#8710=PLANE('',#8709);
#8711=ORIENTED_EDGE('',*,*,#7984,.F.);
#8712=ORIENTED_EDGE('',*,*,#8643,.F.);
#8714=ORIENTED_EDGE('',*,*,#8713,.T.);
#8715=ORIENTED_EDGE('',*,*,#8698,.T.);
#8716=EDGE_LOOP('',(#8711,#8712,#8714,#8715));
#8717=FACE_OUTER_BOUND('',#8716,.F.);
#8718=ADVANCED_FACE('',(#8717),#8710,.F.);
#8719=CARTESIAN_POINT('',(-9.6E0,-7.5E0,7.45E0));
#8720=DIRECTION('',(0.E0,-1.E0,0.E0));
#8721=DIRECTION('',(0.E0,0.E0,-1.E0));
#8722=AXIS2_PLACEMENT_3D('',#8719,#8720,#8721);
#8723=PLANE('',#8722);
#8724=ORIENTED_EDGE('',*,*,#8670,.F.);
#8726=ORIENTED_EDGE('',*,*,#8725,.T.);
#8728=ORIENTED_EDGE('',*,*,#8727,.F.);
#8730=ORIENTED_EDGE('',*,*,#8729,.F.);
#8731=ORIENTED_EDGE('',*,*,#8658,.F.);
#8732=ORIENTED_EDGE('',*,*,#5127,.F.);
#8733=ORIENTED_EDGE('',*,*,#7565,.T.);
#8734=ORIENTED_EDGE('',*,*,#7860,.T.);
#8735=ORIENTED_EDGE('',*,*,#8615,.F.);
#8736=ORIENTED_EDGE('',*,*,#8686,.T.);
#8737=ORIENTED_EDGE('',*,*,#8700,.F.);
#8738=ORIENTED_EDGE('',*,*,#8713,.F.);
#8739=ORIENTED_EDGE('',*,*,#8641,.F.);
#8741=ORIENTED_EDGE('',*,*,#8740,.T.);
#8743=ORIENTED_EDGE('',*,*,#8742,.F.);
#8745=ORIENTED_EDGE('',*,*,#8744,.F.);
#8746=EDGE_LOOP('',(#8724,#8726,#8728,#8730,#8731,#8732,#8733,#8734,#8735,#8736,
#8737,#8738,#8739,#8741,#8743,#8745));
#8747=FACE_OUTER_BOUND('',#8746,.F.);
#8748=ADVANCED_FACE('',(#8747),#8723,.T.);
#8749=CARTESIAN_POINT('',(-3.7E0,0.E0,0.E0));
#8750=DIRECTION('',(1.E0,0.E0,0.E0));
#8751=DIRECTION('',(0.E0,1.E0,0.E0));
#8752=AXIS2_PLACEMENT_3D('',#8749,#8750,#8751);
#8753=PLANE('',#8752);
#8754=ORIENTED_EDGE('',*,*,#7972,.T.);
#8756=ORIENTED_EDGE('',*,*,#8755,.F.);
#8757=ORIENTED_EDGE('',*,*,#8725,.F.);
#8758=ORIENTED_EDGE('',*,*,#8668,.T.);
#8759=EDGE_LOOP('',(#8754,#8756,#8757,#8758));
#8760=FACE_OUTER_BOUND('',#8759,.F.);
#8761=ADVANCED_FACE('',(#8760),#8753,.T.);
#8762=CARTESIAN_POINT('',(-4.7E0,-7.5E0,-3.45E0));
#8763=DIRECTION('',(0.E0,0.E0,-1.E0));
#8764=DIRECTION('',(0.E0,1.E0,0.E0));
#8765=AXIS2_PLACEMENT_3D('',#8762,#8763,#8764);
#8766=PLANE('',#8765);
#8767=ORIENTED_EDGE('',*,*,#7970,.F.);
#8769=ORIENTED_EDGE('',*,*,#8768,.F.);
#8770=ORIENTED_EDGE('',*,*,#8727,.T.);
#8771=ORIENTED_EDGE('',*,*,#8755,.T.);
#8772=EDGE_LOOP('',(#8767,#8769,#8770,#8771));
#8773=FACE_OUTER_BOUND('',#8772,.F.);
#8774=ADVANCED_FACE('',(#8773),#8766,.T.);
#8775=CARTESIAN_POINT('',(-4.7E0,0.E0,0.E0));
#8776=DIRECTION('',(1.E0,0.E0,0.E0));
#8777=DIRECTION('',(0.E0,1.E0,0.E0));
#8778=AXIS2_PLACEMENT_3D('',#8775,#8776,#8777);
#8779=PLANE('',#8778);
#8780=ORIENTED_EDGE('',*,*,#7968,.F.);
#8781=ORIENTED_EDGE('',*,*,#8654,.F.);
#8782=ORIENTED_EDGE('',*,*,#8729,.T.);
#8783=ORIENTED_EDGE('',*,*,#8768,.T.);
#8784=EDGE_LOOP('',(#8780,#8781,#8782,#8783));
#8785=FACE_OUTER_BOUND('',#8784,.F.);
#8786=ADVANCED_FACE('',(#8785),#8779,.F.);
#8787=CARTESIAN_POINT('',(5.E-1,0.E0,0.E0));
#8788=DIRECTION('',(1.E0,0.E0,0.E0));
#8789=DIRECTION('',(0.E0,1.E0,0.E0));
#8790=AXIS2_PLACEMENT_3D('',#8787,#8788,#8789);
#8791=PLANE('',#8790);
#8792=ORIENTED_EDGE('',*,*,#7980,.T.);
#8794=ORIENTED_EDGE('',*,*,#8793,.F.);
#8795=ORIENTED_EDGE('',*,*,#8740,.F.);
#8796=ORIENTED_EDGE('',*,*,#8639,.T.);
#8797=EDGE_LOOP('',(#8792,#8794,#8795,#8796));
#8798=FACE_OUTER_BOUND('',#8797,.F.);
#8799=ADVANCED_FACE('',(#8798),#8791,.T.);
#8800=CARTESIAN_POINT('',(-5.E-1,-7.5E0,-3.45E0));
#8801=DIRECTION('',(0.E0,0.E0,-1.E0));
#8802=DIRECTION('',(0.E0,1.E0,0.E0));
#8803=AXIS2_PLACEMENT_3D('',#8800,#8801,#8802);
#8804=PLANE('',#8803);
#8805=ORIENTED_EDGE('',*,*,#7978,.F.);
#8807=ORIENTED_EDGE('',*,*,#8806,.F.);
#8808=ORIENTED_EDGE('',*,*,#8742,.T.);
#8809=ORIENTED_EDGE('',*,*,#8793,.T.);
#8810=EDGE_LOOP('',(#8805,#8807,#8808,#8809));
#8811=FACE_OUTER_BOUND('',#8810,.F.);
#8812=ADVANCED_FACE('',(#8811),#8804,.T.);
#8813=CARTESIAN_POINT('',(-5.E-1,0.E0,0.E0));
#8814=DIRECTION('',(1.E0,0.E0,0.E0));
#8815=DIRECTION('',(0.E0,1.E0,0.E0));
#8816=AXIS2_PLACEMENT_3D('',#8813,#8814,#8815);
#8817=PLANE('',#8816);
#8818=ORIENTED_EDGE('',*,*,#7976,.F.);
#8819=ORIENTED_EDGE('',*,*,#8672,.F.);
#8820=ORIENTED_EDGE('',*,*,#8744,.T.);
#8821=ORIENTED_EDGE('',*,*,#8806,.T.);
#8822=EDGE_LOOP('',(#8818,#8819,#8820,#8821));
#8823=FACE_OUTER_BOUND('',#8822,.F.);
#8824=ADVANCED_FACE('',(#8823),#8817,.F.);
#8825=CARTESIAN_POINT('',(9.6E0,-7.5E0,6.45E0));
#8826=DIRECTION('',(-7.071067811865E-1,0.E0,7.071067811865E-1));
#8827=DIRECTION('',(-7.071067811865E-1,0.E0,-7.071067811865E-1));
#8828=AXIS2_PLACEMENT_3D('',#8825,#8826,#8827);
#8829=PLANE('',#8828);
#8830=ORIENTED_EDGE('',*,*,#7858,.T.);
#8831=ORIENTED_EDGE('',*,*,#8000,.T.);
#8832=ORIENTED_EDGE('',*,*,#8617,.F.);
#8833=EDGE_LOOP('',(#8830,#8831,#8832));
#8834=FACE_OUTER_BOUND('',#8833,.F.);
#8835=ADVANCED_FACE('',(#8834),#8829,.F.);
#8836=CARTESIAN_POINT('',(7.101E0,-5.75E0,-3.45E0));
#8837=DIRECTION('',(1.E0,0.E0,0.E0));
#8838=DIRECTION('',(0.E0,-1.E0,0.E0));
#8839=AXIS2_PLACEMENT_3D('',#8836,#8837,#8838);
#8840=PLANE('',#8839);
#8841=ORIENTED_EDGE('',*,*,#7996,.T.);
#8843=ORIENTED_EDGE('',*,*,#8842,.T.);
#8845=ORIENTED_EDGE('',*,*,#8844,.T.);
#8846=ORIENTED_EDGE('',*,*,#8620,.F.);
#8847=EDGE_LOOP('',(#8841,#8843,#8845,#8846));
#8848=FACE_OUTER_BOUND('',#8847,.F.);
#8849=ADVANCED_FACE('',(#8848),#8840,.T.);
#8850=CARTESIAN_POINT('',(-9.6E0,-5.75E0,-3.45E0));
#8851=DIRECTION('',(0.E0,0.E0,-1.E0));
#8852=DIRECTION('',(-1.E0,0.E0,0.E0));
#8853=AXIS2_PLACEMENT_3D('',#8850,#8851,#8852);
#8854=PLANE('',#8853);
#8855=ORIENTED_EDGE('',*,*,#7994,.T.);
#8857=ORIENTED_EDGE('',*,*,#8856,.F.);
#8859=ORIENTED_EDGE('',*,*,#8858,.F.);
#8860=ORIENTED_EDGE('',*,*,#8842,.F.);
#8861=EDGE_LOOP('',(#8855,#8857,#8859,#8860));
#8862=FACE_OUTER_BOUND('',#8861,.F.);
#8863=ADVANCED_FACE('',(#8862),#8854,.T.);
#8864=CARTESIAN_POINT('',(6.701E0,-5.975E0,-3.45E0));
#8865=DIRECTION('',(-1.E0,0.E0,0.E0));
#8866=DIRECTION('',(0.E0,1.E0,0.E0));
#8867=AXIS2_PLACEMENT_3D('',#8864,#8865,#8866);
#8868=PLANE('',#8867);
#8869=ORIENTED_EDGE('',*,*,#7992,.F.);
#8870=ORIENTED_EDGE('',*,*,#8628,.T.);
#8872=ORIENTED_EDGE('',*,*,#8871,.F.);
#8873=ORIENTED_EDGE('',*,*,#8856,.T.);
#8874=EDGE_LOOP('',(#8869,#8870,#8872,#8873));
#8875=FACE_OUTER_BOUND('',#8874,.F.);
#8876=ADVANCED_FACE('',(#8875),#8868,.T.);
#8877=CARTESIAN_POINT('',(6.901E0,-5.975E0,-3.45E0));
#8878=DIRECTION('',(0.E0,0.E0,-1.E0));
#8879=DIRECTION('',(-1.E0,0.E0,0.E0));
#8880=AXIS2_PLACEMENT_3D('',#8877,#8878,#8879);
#8881=CYLINDRICAL_SURFACE('',#8880,2.E-1);
#8882=ORIENTED_EDGE('',*,*,#8622,.F.);
#8883=ORIENTED_EDGE('',*,*,#8844,.F.);
#8884=ORIENTED_EDGE('',*,*,#8858,.T.);
#8885=ORIENTED_EDGE('',*,*,#8871,.T.);
#8886=ORIENTED_EDGE('',*,*,#8626,.F.);
#8888=ORIENTED_EDGE('',*,*,#8887,.F.);
#8889=EDGE_LOOP('',(#8882,#8883,#8884,#8885,#8886,#8888));
#8890=FACE_OUTER_BOUND('',#8889,.F.);
#8891=ADVANCED_FACE('',(#8890),#8881,.T.);
#8892=CARTESIAN_POINT('',(-9.6E0,-5.75E0,4.85E0));
#8893=DIRECTION('',(0.E0,0.E0,-1.E0));
#8894=DIRECTION('',(-1.E0,0.E0,0.E0));
#8895=AXIS2_PLACEMENT_3D('',#8892,#8893,#8894);
#8896=PLANE('',#8895);
#8897=ORIENTED_EDGE('',*,*,#8624,.F.);
#8898=ORIENTED_EDGE('',*,*,#8887,.T.);
#8899=EDGE_LOOP('',(#8897,#8898));
#8900=FACE_OUTER_BOUND('',#8899,.F.);
#8901=ADVANCED_FACE('',(#8900),#8896,.F.);
#8902=CARTESIAN_POINT('',(7.1E0,5.75E0,-7.45E0));
#8903=DIRECTION('',(-1.E0,0.E0,0.E0));
#8904=DIRECTION('',(0.E0,0.E0,1.E0));
#8905=AXIS2_PLACEMENT_3D('',#8902,#8903,#8904);
#8906=PLANE('',#8905);
#8907=ORIENTED_EDGE('',*,*,#8013,.T.);
#8908=ORIENTED_EDGE('',*,*,#5705,.F.);
#8910=ORIENTED_EDGE('',*,*,#8909,.T.);
#8912=ORIENTED_EDGE('',*,*,#8911,.F.);
#8913=EDGE_LOOP('',(#8907,#8908,#8910,#8912));
#8914=FACE_OUTER_BOUND('',#8913,.F.);
#8915=ADVANCED_FACE('',(#8914),#8906,.F.);
#8916=CARTESIAN_POINT('',(7.1E0,5.75E0,-7.45E0));
#8917=DIRECTION('',(-1.E0,0.E0,0.E0));
#8918=DIRECTION('',(0.E0,0.E0,1.E0));
#8919=AXIS2_PLACEMENT_3D('',#8916,#8917,#8918);
#8920=PLANE('',#8919);
#8922=ORIENTED_EDGE('',*,*,#8921,.F.);
#8924=ORIENTED_EDGE('',*,*,#8923,.T.);
#8925=ORIENTED_EDGE('',*,*,#5633,.F.);
#8926=ORIENTED_EDGE('',*,*,#7893,.F.);
#8927=EDGE_LOOP('',(#8922,#8924,#8925,#8926));
#8928=FACE_OUTER_BOUND('',#8927,.F.);
#8929=ADVANCED_FACE('',(#8928),#8920,.F.);
#8930=CARTESIAN_POINT('',(9.6E0,-5.E0,-6.7E0));
#8931=DIRECTION('',(0.E0,-1.E0,0.E0));
#8932=DIRECTION('',(0.E0,0.E0,-1.E0));
#8933=AXIS2_PLACEMENT_3D('',#8930,#8931,#8932);
#8934=PLANE('',#8933);
#8936=ORIENTED_EDGE('',*,*,#8935,.T.);
#8938=ORIENTED_EDGE('',*,*,#8937,.T.);
#8939=ORIENTED_EDGE('',*,*,#8909,.F.);
#8940=ORIENTED_EDGE('',*,*,#5703,.T.);
#8941=EDGE_LOOP('',(#8936,#8938,#8939,#8940));
#8942=FACE_OUTER_BOUND('',#8941,.F.);
#8943=ADVANCED_FACE('',(#8942),#8934,.F.);
#8944=CARTESIAN_POINT('',(9.6E0,-5.E0,-6.7E0));
#8945=DIRECTION('',(0.E0,-1.E0,0.E0));
#8946=DIRECTION('',(0.E0,0.E0,-1.E0));
#8947=AXIS2_PLACEMENT_3D('',#8944,#8945,#8946);
#8948=PLANE('',#8947);
#8950=ORIENTED_EDGE('',*,*,#8949,.T.);
#8952=ORIENTED_EDGE('',*,*,#8951,.T.);
#8954=ORIENTED_EDGE('',*,*,#8953,.F.);
#8955=ORIENTED_EDGE('',*,*,#5695,.T.);
#8956=EDGE_LOOP('',(#8950,#8952,#8954,#8955));
#8957=FACE_OUTER_BOUND('',#8956,.F.);
#8958=ADVANCED_FACE('',(#8957),#8948,.F.);
#8959=CARTESIAN_POINT('',(9.6E0,-5.E0,-6.7E0));
#8960=DIRECTION('',(0.E0,-1.E0,0.E0));
#8961=DIRECTION('',(0.E0,0.E0,-1.E0));
#8962=AXIS2_PLACEMENT_3D('',#8959,#8960,#8961);
#8963=PLANE('',#8962);
#8964=ORIENTED_EDGE('',*,*,#7932,.F.);
#8965=ORIENTED_EDGE('',*,*,#5679,.T.);
#8967=ORIENTED_EDGE('',*,*,#8966,.T.);
#8969=ORIENTED_EDGE('',*,*,#8968,.T.);
#8970=EDGE_LOOP('',(#8964,#8965,#8967,#8969));
#8971=FACE_OUTER_BOUND('',#8970,.F.);
#8972=ADVANCED_FACE('',(#8971),#8963,.F.);
#8973=CARTESIAN_POINT('',(9.6E0,-5.E0,-6.7E0));
#8974=DIRECTION('',(0.E0,-1.E0,0.E0));
#8975=DIRECTION('',(0.E0,0.E0,-1.E0));
#8976=AXIS2_PLACEMENT_3D('',#8973,#8974,#8975);
#8977=PLANE('',#8976);
#8979=ORIENTED_EDGE('',*,*,#8978,.T.);
#8981=ORIENTED_EDGE('',*,*,#8980,.T.);
#8983=ORIENTED_EDGE('',*,*,#8982,.F.);
#8984=ORIENTED_EDGE('',*,*,#5687,.T.);
#8985=EDGE_LOOP('',(#8979,#8981,#8983,#8984));
#8986=FACE_OUTER_BOUND('',#8985,.F.);
#8987=ADVANCED_FACE('',(#8986),#8977,.F.);
#8988=CARTESIAN_POINT('',(5.7E0,5.75E0,-6.7E0));
#8989=DIRECTION('',(1.E0,0.E0,0.E0));
#8990=DIRECTION('',(0.E0,0.E0,-1.E0));
#8991=AXIS2_PLACEMENT_3D('',#8988,#8989,#8990);
#8992=PLANE('',#8991);
#8993=ORIENTED_EDGE('',*,*,#8017,.F.);
#8995=ORIENTED_EDGE('',*,*,#8994,.T.);
#8996=ORIENTED_EDGE('',*,*,#8935,.F.);
#8997=ORIENTED_EDGE('',*,*,#5701,.T.);
#8998=EDGE_LOOP('',(#8993,#8995,#8996,#8997));
#8999=FACE_OUTER_BOUND('',#8998,.F.);
#9000=ADVANCED_FACE('',(#8999),#8992,.F.);
#9001=CARTESIAN_POINT('',(5.7E0,5.75E0,-6.7E0));
#9002=DIRECTION('',(1.E0,0.E0,0.E0));
#9003=DIRECTION('',(0.E0,0.E0,-1.E0));
#9004=AXIS2_PLACEMENT_3D('',#9001,#9002,#9003);
#9005=PLANE('',#9004);
#9007=ORIENTED_EDGE('',*,*,#9006,.T.);
#9008=ORIENTED_EDGE('',*,*,#7889,.T.);
#9009=ORIENTED_EDGE('',*,*,#5637,.T.);
#9011=ORIENTED_EDGE('',*,*,#9010,.F.);
#9012=EDGE_LOOP('',(#9007,#9008,#9009,#9011));
#9013=FACE_OUTER_BOUND('',#9012,.F.);
#9014=ADVANCED_FACE('',(#9013),#9005,.F.);
#9015=CARTESIAN_POINT('',(-9.6E0,-5.75E0,-7.45E0));
#9016=DIRECTION('',(0.E0,0.E0,-1.E0));
#9017=DIRECTION('',(0.E0,1.E0,0.E0));
#9018=AXIS2_PLACEMENT_3D('',#9015,#9016,#9017);
#9019=PLANE('',#9018);
#9020=ORIENTED_EDGE('',*,*,#8994,.F.);
#9021=ORIENTED_EDGE('',*,*,#8015,.T.);
#9022=ORIENTED_EDGE('',*,*,#8911,.T.);
#9023=ORIENTED_EDGE('',*,*,#8937,.F.);
#9024=EDGE_LOOP('',(#9020,#9021,#9022,#9023));
#9025=FACE_OUTER_BOUND('',#9024,.F.);
#9026=ADVANCED_FACE('',(#9025),#9019,.T.);
#9027=CARTESIAN_POINT('',(-9.6E0,-5.75E0,-7.45E0));
#9028=DIRECTION('',(0.E0,0.E0,-1.E0));
#9029=DIRECTION('',(0.E0,1.E0,0.E0));
#9030=AXIS2_PLACEMENT_3D('',#9027,#9028,#9029);
#9031=PLANE('',#9030);
#9032=ORIENTED_EDGE('',*,*,#9006,.F.);
#9034=ORIENTED_EDGE('',*,*,#9033,.T.);
#9035=ORIENTED_EDGE('',*,*,#8921,.T.);
#9036=ORIENTED_EDGE('',*,*,#7891,.F.);
#9037=EDGE_LOOP('',(#9032,#9034,#9035,#9036));
#9038=FACE_OUTER_BOUND('',#9037,.F.);
#9039=ADVANCED_FACE('',(#9038),#9031,.T.);
#9040=CARTESIAN_POINT('',(-9.6E0,-5.75E0,-7.45E0));
#9041=DIRECTION('',(0.E0,0.E0,-1.E0));
#9042=DIRECTION('',(0.E0,1.E0,0.E0));
#9043=AXIS2_PLACEMENT_3D('',#9040,#9041,#9042);
#9044=PLANE('',#9043);
#9046=ORIENTED_EDGE('',*,*,#9045,.F.);
#9047=ORIENTED_EDGE('',*,*,#8022,.T.);
#9049=ORIENTED_EDGE('',*,*,#9048,.T.);
#9050=ORIENTED_EDGE('',*,*,#8951,.F.);
#9051=EDGE_LOOP('',(#9046,#9047,#9049,#9050));
#9052=FACE_OUTER_BOUND('',#9051,.F.);
#9053=ADVANCED_FACE('',(#9052),#9044,.T.);
#9054=CARTESIAN_POINT('',(-9.6E0,-5.75E0,-7.45E0));
#9055=DIRECTION('',(0.E0,0.E0,-1.E0));
#9056=DIRECTION('',(0.E0,1.E0,0.E0));
#9057=AXIS2_PLACEMENT_3D('',#9054,#9055,#9056);
#9058=PLANE('',#9057);
#9060=ORIENTED_EDGE('',*,*,#9059,.F.);
#9062=ORIENTED_EDGE('',*,*,#9061,.T.);
#9064=ORIENTED_EDGE('',*,*,#9063,.T.);
#9065=ORIENTED_EDGE('',*,*,#7884,.F.);
#9066=EDGE_LOOP('',(#9060,#9062,#9064,#9065));
#9067=FACE_OUTER_BOUND('',#9066,.F.);
#9068=ADVANCED_FACE('',(#9067),#9058,.T.);
#9069=CARTESIAN_POINT('',(-9.6E0,-5.75E0,-7.45E0));
#9070=DIRECTION('',(0.E0,0.E0,-1.E0));
#9071=DIRECTION('',(0.E0,1.E0,0.E0));
#9072=AXIS2_PLACEMENT_3D('',#9069,#9070,#9071);
#9073=PLANE('',#9072);
#9074=ORIENTED_EDGE('',*,*,#7934,.T.);
#9075=ORIENTED_EDGE('',*,*,#8968,.F.);
#9077=ORIENTED_EDGE('',*,*,#9076,.F.);
#9078=ORIENTED_EDGE('',*,*,#8035,.T.);
#9079=EDGE_LOOP('',(#9074,#9075,#9077,#9078));
#9080=FACE_OUTER_BOUND('',#9079,.F.);
#9081=ADVANCED_FACE('',(#9080),#9073,.T.);
#9082=CARTESIAN_POINT('',(-9.6E0,-5.75E0,-7.45E0));
#9083=DIRECTION('',(0.E0,0.E0,-1.E0));
#9084=DIRECTION('',(0.E0,1.E0,0.E0));
#9085=AXIS2_PLACEMENT_3D('',#9082,#9083,#9084);
#9086=PLANE('',#9085);
#9087=ORIENTED_EDGE('',*,*,#7944,.T.);
#9088=ORIENTED_EDGE('',*,*,#7919,.F.);
#9090=ORIENTED_EDGE('',*,*,#9089,.F.);
#9092=ORIENTED_EDGE('',*,*,#9091,.T.);
#9093=EDGE_LOOP('',(#9087,#9088,#9090,#9092));
#9094=FACE_OUTER_BOUND('',#9093,.F.);
#9095=ADVANCED_FACE('',(#9094),#9086,.T.);
#9096=CARTESIAN_POINT('',(-9.6E0,-5.75E0,-7.45E0));
#9097=DIRECTION('',(0.E0,0.E0,-1.E0));
#9098=DIRECTION('',(0.E0,1.E0,0.E0));
#9099=AXIS2_PLACEMENT_3D('',#9096,#9097,#9098);
#9100=PLANE('',#9099);
#9102=ORIENTED_EDGE('',*,*,#9101,.F.);
#9103=ORIENTED_EDGE('',*,*,#8029,.T.);
#9105=ORIENTED_EDGE('',*,*,#9104,.T.);
#9106=ORIENTED_EDGE('',*,*,#8980,.F.);
#9107=EDGE_LOOP('',(#9102,#9103,#9105,#9106));
#9108=FACE_OUTER_BOUND('',#9107,.F.);
#9109=ADVANCED_FACE('',(#9108),#9100,.T.);
#9110=CARTESIAN_POINT('',(-9.6E0,-5.75E0,-7.45E0));
#9111=DIRECTION('',(0.E0,0.E0,-1.E0));
#9112=DIRECTION('',(0.E0,1.E0,0.E0));
#9113=AXIS2_PLACEMENT_3D('',#9110,#9111,#9112);
#9114=PLANE('',#9113);
#9116=ORIENTED_EDGE('',*,*,#9115,.F.);
#9118=ORIENTED_EDGE('',*,*,#9117,.T.);
#9120=ORIENTED_EDGE('',*,*,#9119,.T.);
#9121=ORIENTED_EDGE('',*,*,#7877,.F.);
#9122=EDGE_LOOP('',(#9116,#9118,#9120,#9121));
#9123=FACE_OUTER_BOUND('',#9122,.F.);
#9124=ADVANCED_FACE('',(#9123),#9114,.T.);
#9125=CARTESIAN_POINT('',(9.6E0,5.E0,-7.45E0));
#9126=DIRECTION('',(0.E0,1.E0,0.E0));
#9127=DIRECTION('',(0.E0,0.E0,1.E0));
#9128=AXIS2_PLACEMENT_3D('',#9125,#9126,#9127);
#9129=PLANE('',#9128);
#9130=ORIENTED_EDGE('',*,*,#9010,.T.);
#9131=ORIENTED_EDGE('',*,*,#5635,.F.);
#9132=ORIENTED_EDGE('',*,*,#8923,.F.);
#9133=ORIENTED_EDGE('',*,*,#9033,.F.);
#9134=EDGE_LOOP('',(#9130,#9131,#9132,#9133));
#9135=FACE_OUTER_BOUND('',#9134,.F.);
#9136=ADVANCED_FACE('',(#9135),#9129,.F.);
#9137=CARTESIAN_POINT('',(9.6E0,5.E0,-7.45E0));
#9138=DIRECTION('',(0.E0,1.E0,0.E0));
#9139=DIRECTION('',(0.E0,0.E0,1.E0));
#9140=AXIS2_PLACEMENT_3D('',#9137,#9138,#9139);
#9141=PLANE('',#9140);
#9143=ORIENTED_EDGE('',*,*,#9142,.T.);
#9144=ORIENTED_EDGE('',*,*,#5643,.F.);
#9146=ORIENTED_EDGE('',*,*,#9145,.F.);
#9147=ORIENTED_EDGE('',*,*,#9061,.F.);
#9148=EDGE_LOOP('',(#9143,#9144,#9146,#9147));
#9149=FACE_OUTER_BOUND('',#9148,.F.);
#9150=ADVANCED_FACE('',(#9149),#9141,.F.);
#9151=CARTESIAN_POINT('',(9.6E0,5.E0,-7.45E0));
#9152=DIRECTION('',(0.E0,1.E0,0.E0));
#9153=DIRECTION('',(0.E0,0.E0,1.E0));
#9154=AXIS2_PLACEMENT_3D('',#9151,#9152,#9153);
#9155=PLANE('',#9154);
#9156=ORIENTED_EDGE('',*,*,#7946,.F.);
#9157=ORIENTED_EDGE('',*,*,#9091,.F.);
#9159=ORIENTED_EDGE('',*,*,#9158,.T.);
#9160=ORIENTED_EDGE('',*,*,#5659,.F.);
#9161=EDGE_LOOP('',(#9156,#9157,#9159,#9160));
#9162=FACE_OUTER_BOUND('',#9161,.F.);
#9163=ADVANCED_FACE('',(#9162),#9155,.F.);
#9164=CARTESIAN_POINT('',(9.6E0,5.E0,-7.45E0));
#9165=DIRECTION('',(0.E0,1.E0,0.E0));
#9166=DIRECTION('',(0.E0,0.E0,1.E0));
#9167=AXIS2_PLACEMENT_3D('',#9164,#9165,#9166);
#9168=PLANE('',#9167);
#9170=ORIENTED_EDGE('',*,*,#9169,.T.);
#9171=ORIENTED_EDGE('',*,*,#5651,.F.);
#9173=ORIENTED_EDGE('',*,*,#9172,.F.);
#9174=ORIENTED_EDGE('',*,*,#9117,.F.);
#9175=EDGE_LOOP('',(#9170,#9171,#9173,#9174));
#9176=FACE_OUTER_BOUND('',#9175,.F.);
#9177=ADVANCED_FACE('',(#9176),#9168,.F.);
#9178=CARTESIAN_POINT('',(1.5E0,5.75E0,-6.7E0));
#9179=DIRECTION('',(1.E0,0.E0,0.E0));
#9180=DIRECTION('',(0.E0,0.E0,-1.E0));
#9181=AXIS2_PLACEMENT_3D('',#9178,#9179,#9180);
#9182=PLANE('',#9181);
#9183=ORIENTED_EDGE('',*,*,#8024,.F.);
#9184=ORIENTED_EDGE('',*,*,#9045,.T.);
#9185=ORIENTED_EDGE('',*,*,#8949,.F.);
#9186=ORIENTED_EDGE('',*,*,#5693,.T.);
#9187=EDGE_LOOP('',(#9183,#9184,#9185,#9186));
#9188=FACE_OUTER_BOUND('',#9187,.F.);
#9189=ADVANCED_FACE('',(#9188),#9182,.F.);
#9190=CARTESIAN_POINT('',(1.5E0,5.75E0,-6.7E0));
#9191=DIRECTION('',(1.E0,0.E0,0.E0));
#9192=DIRECTION('',(0.E0,0.E0,-1.E0));
#9193=AXIS2_PLACEMENT_3D('',#9190,#9191,#9192);
#9194=PLANE('',#9193);
#9195=ORIENTED_EDGE('',*,*,#9059,.T.);
#9196=ORIENTED_EDGE('',*,*,#7882,.T.);
#9197=ORIENTED_EDGE('',*,*,#5645,.T.);
#9198=ORIENTED_EDGE('',*,*,#9142,.F.);
#9199=EDGE_LOOP('',(#9195,#9196,#9197,#9198));
#9200=FACE_OUTER_BOUND('',#9199,.F.);
#9201=ADVANCED_FACE('',(#9200),#9194,.F.);
#9202=CARTESIAN_POINT('',(2.7E0,5.75E0,-7.45E0));
#9203=DIRECTION('',(-1.E0,0.E0,0.E0));
#9204=DIRECTION('',(0.E0,0.E0,1.E0));
#9205=AXIS2_PLACEMENT_3D('',#9202,#9203,#9204);
#9206=PLANE('',#9205);
#9207=ORIENTED_EDGE('',*,*,#8020,.T.);
#9208=ORIENTED_EDGE('',*,*,#5697,.F.);
#9209=ORIENTED_EDGE('',*,*,#8953,.T.);
#9210=ORIENTED_EDGE('',*,*,#9048,.F.);
#9211=EDGE_LOOP('',(#9207,#9208,#9209,#9210));
#9212=FACE_OUTER_BOUND('',#9211,.F.);
#9213=ADVANCED_FACE('',(#9212),#9206,.F.);
#9214=CARTESIAN_POINT('',(2.7E0,5.75E0,-7.45E0));
#9215=DIRECTION('',(-1.E0,0.E0,0.E0));
#9216=DIRECTION('',(0.E0,0.E0,1.E0));
#9217=AXIS2_PLACEMENT_3D('',#9214,#9215,#9216);
#9218=PLANE('',#9217);
#9219=ORIENTED_EDGE('',*,*,#9063,.F.);
#9220=ORIENTED_EDGE('',*,*,#9145,.T.);
#9221=ORIENTED_EDGE('',*,*,#5641,.F.);
#9222=ORIENTED_EDGE('',*,*,#7886,.F.);
#9223=EDGE_LOOP('',(#9219,#9220,#9221,#9222));
#9224=FACE_OUTER_BOUND('',#9223,.F.);
#9225=ADVANCED_FACE('',(#9224),#9218,.F.);
#9226=CARTESIAN_POINT('',(-7.1E0,5.75E0,-6.7E0));
#9227=DIRECTION('',(1.E0,0.E0,0.E0));
#9228=DIRECTION('',(0.E0,0.E0,-1.E0));
#9229=AXIS2_PLACEMENT_3D('',#9226,#9227,#9228);
#9230=PLANE('',#9229);
#9231=ORIENTED_EDGE('',*,*,#8037,.F.);
#9232=ORIENTED_EDGE('',*,*,#9076,.T.);
#9233=ORIENTED_EDGE('',*,*,#8966,.F.);
#9234=ORIENTED_EDGE('',*,*,#5677,.T.);
#9235=EDGE_LOOP('',(#9231,#9232,#9233,#9234));
#9236=FACE_OUTER_BOUND('',#9235,.F.);
#9237=ADVANCED_FACE('',(#9236),#9230,.F.);
#9238=CARTESIAN_POINT('',(-7.1E0,5.75E0,-6.7E0));
#9239=DIRECTION('',(1.E0,0.E0,0.E0));
#9240=DIRECTION('',(0.E0,0.E0,-1.E0));
#9241=AXIS2_PLACEMENT_3D('',#9238,#9239,#9240);
#9242=PLANE('',#9241);
#9243=ORIENTED_EDGE('',*,*,#9089,.T.);
#9244=ORIENTED_EDGE('',*,*,#7917,.T.);
#9245=ORIENTED_EDGE('',*,*,#5661,.T.);
#9246=ORIENTED_EDGE('',*,*,#9158,.F.);
#9247=EDGE_LOOP('',(#9243,#9244,#9245,#9246));
#9248=FACE_OUTER_BOUND('',#9247,.F.);
#9249=ADVANCED_FACE('',(#9248),#9242,.F.);
#9250=CARTESIAN_POINT('',(-2.7E0,5.75E0,-6.7E0));
#9251=DIRECTION('',(1.E0,0.E0,0.E0));
#9252=DIRECTION('',(0.E0,0.E0,-1.E0));
#9253=AXIS2_PLACEMENT_3D('',#9250,#9251,#9252);
#9254=PLANE('',#9253);
#9255=ORIENTED_EDGE('',*,*,#8031,.F.);
#9256=ORIENTED_EDGE('',*,*,#9101,.T.);
#9257=ORIENTED_EDGE('',*,*,#8978,.F.);
#9258=ORIENTED_EDGE('',*,*,#5685,.T.);
#9259=EDGE_LOOP('',(#9255,#9256,#9257,#9258));
#9260=FACE_OUTER_BOUND('',#9259,.F.);
#9261=ADVANCED_FACE('',(#9260),#9254,.F.);
#9262=CARTESIAN_POINT('',(-2.7E0,5.75E0,-6.7E0));
#9263=DIRECTION('',(1.E0,0.E0,0.E0));
#9264=DIRECTION('',(0.E0,0.E0,-1.E0));
#9265=AXIS2_PLACEMENT_3D('',#9262,#9263,#9264);
#9266=PLANE('',#9265);
#9267=ORIENTED_EDGE('',*,*,#9115,.T.);
#9268=ORIENTED_EDGE('',*,*,#7875,.T.);
#9269=ORIENTED_EDGE('',*,*,#5653,.T.);
#9270=ORIENTED_EDGE('',*,*,#9169,.F.);
#9271=EDGE_LOOP('',(#9267,#9268,#9269,#9270));
#9272=FACE_OUTER_BOUND('',#9271,.F.);
#9273=ADVANCED_FACE('',(#9272),#9266,.F.);
#9274=CARTESIAN_POINT('',(-1.5E0,5.75E0,-7.45E0));
#9275=DIRECTION('',(-1.E0,0.E0,0.E0));
#9276=DIRECTION('',(0.E0,0.E0,1.E0));
#9277=AXIS2_PLACEMENT_3D('',#9274,#9275,#9276);
#9278=PLANE('',#9277);
#9279=ORIENTED_EDGE('',*,*,#8027,.T.);
#9280=ORIENTED_EDGE('',*,*,#5689,.F.);
#9281=ORIENTED_EDGE('',*,*,#8982,.T.);
#9282=ORIENTED_EDGE('',*,*,#9104,.F.);
#9283=EDGE_LOOP('',(#9279,#9280,#9281,#9282));
#9284=FACE_OUTER_BOUND('',#9283,.F.);
#9285=ADVANCED_FACE('',(#9284),#9278,.F.);
#9286=CARTESIAN_POINT('',(-1.5E0,5.75E0,-7.45E0));
#9287=DIRECTION('',(-1.E0,0.E0,0.E0));
#9288=DIRECTION('',(0.E0,0.E0,1.E0));
#9289=AXIS2_PLACEMENT_3D('',#9286,#9287,#9288);
#9290=PLANE('',#9289);
#9291=ORIENTED_EDGE('',*,*,#9119,.F.);
#9292=ORIENTED_EDGE('',*,*,#9172,.T.);
#9293=ORIENTED_EDGE('',*,*,#5649,.F.);
#9294=ORIENTED_EDGE('',*,*,#7879,.F.);
#9295=EDGE_LOOP('',(#9291,#9292,#9293,#9294));
#9296=FACE_OUTER_BOUND('',#9295,.F.);
#9297=ADVANCED_FACE('',(#9296),#9290,.F.);
#9298=CARTESIAN_POINT('',(-1.1505E1,4.E0,6.2E0));
#9299=DIRECTION('',(-1.E0,0.E0,0.E0));
#9300=DIRECTION('',(0.E0,-1.E0,0.E0));
#9301=AXIS2_PLACEMENT_3D('',#9298,#9299,#9300);
#9302=PLANE('',#9301);
#9303=ORIENTED_EDGE('',*,*,#5595,.T.);
#9305=ORIENTED_EDGE('',*,*,#9304,.F.);
#9306=ORIENTED_EDGE('',*,*,#5665,.T.);
#9307=ORIENTED_EDGE('',*,*,#7914,.T.);
#9308=ORIENTED_EDGE('',*,*,#5283,.T.);
#9310=ORIENTED_EDGE('',*,*,#9309,.T.);
#9311=ORIENTED_EDGE('',*,*,#5411,.F.);
#9312=ORIENTED_EDGE('',*,*,#5536,.F.);
#9313=ORIENTED_EDGE('',*,*,#5259,.T.);
#9315=ORIENTED_EDGE('',*,*,#9314,.T.);
#9316=ORIENTED_EDGE('',*,*,#5427,.F.);
#9318=ORIENTED_EDGE('',*,*,#9317,.F.);
#9319=ORIENTED_EDGE('',*,*,#5186,.T.);
#9320=ORIENTED_EDGE('',*,*,#8040,.F.);
#9321=ORIENTED_EDGE('',*,*,#5673,.T.);
#9323=ORIENTED_EDGE('',*,*,#9322,.T.);
#9324=EDGE_LOOP('',(#9303,#9305,#9306,#9307,#9308,#9310,#9311,#9312,#9313,#9315,
#9316,#9318,#9319,#9320,#9321,#9323));
#9325=FACE_OUTER_BOUND('',#9324,.F.);
#9326=ADVANCED_FACE('',(#9325),#9302,.T.);
#9327=CARTESIAN_POINT('',(-1.1505E1,2.55E0,-7.45E0));
#9328=DIRECTION('',(0.E0,1.E0,0.E0));
#9329=DIRECTION('',(1.E0,0.E0,0.E0));
#9330=AXIS2_PLACEMENT_3D('',#9327,#9328,#9329);
#9331=PLANE('',#9330);
#9332=ORIENTED_EDGE('',*,*,#5667,.F.);
#9333=ORIENTED_EDGE('',*,*,#9304,.T.);
#9334=ORIENTED_EDGE('',*,*,#5601,.T.);
#9336=ORIENTED_EDGE('',*,*,#9335,.F.);
#9337=EDGE_LOOP('',(#9332,#9333,#9334,#9336));
#9338=FACE_OUTER_BOUND('',#9337,.F.);
#9339=ADVANCED_FACE('',(#9338),#9331,.F.);
#9340=CARTESIAN_POINT('',(-8.805E0,2.55E0,-7.45E0));
#9341=DIRECTION('',(1.E0,0.E0,0.E0));
#9342=DIRECTION('',(0.E0,-1.E0,0.E0));
#9343=AXIS2_PLACEMENT_3D('',#9340,#9341,#9342);
#9344=PLANE('',#9343);
#9345=ORIENTED_EDGE('',*,*,#5669,.F.);
#9346=ORIENTED_EDGE('',*,*,#9335,.T.);
#9347=ORIENTED_EDGE('',*,*,#5599,.T.);
#9349=ORIENTED_EDGE('',*,*,#9348,.F.);
#9350=EDGE_LOOP('',(#9345,#9346,#9347,#9349));
#9351=FACE_OUTER_BOUND('',#9350,.F.);
#9352=ADVANCED_FACE('',(#9351),#9344,.F.);
#9353=CARTESIAN_POINT('',(-8.805E0,2.05E0,-7.45E0));
#9354=DIRECTION('',(0.E0,-1.E0,0.E0));
#9355=DIRECTION('',(-1.E0,0.E0,0.E0));
#9356=AXIS2_PLACEMENT_3D('',#9353,#9354,#9355);
#9357=PLANE('',#9356);
#9358=ORIENTED_EDGE('',*,*,#5671,.T.);
#9359=ORIENTED_EDGE('',*,*,#9348,.T.);
#9360=ORIENTED_EDGE('',*,*,#5597,.T.);
#9361=ORIENTED_EDGE('',*,*,#9322,.F.);
#9362=EDGE_LOOP('',(#9358,#9359,#9360,#9361));
#9363=FACE_OUTER_BOUND('',#9362,.F.);
#9364=ADVANCED_FACE('',(#9363),#9357,.F.);
#9365=CARTESIAN_POINT('',(-8.855E0,1.5E0,6.2E0));
#9366=DIRECTION('',(0.E0,1.E0,0.E0));
#9367=DIRECTION('',(-1.E0,0.E0,0.E0));
#9368=AXIS2_PLACEMENT_3D('',#9365,#9366,#9367);
#9369=PLANE('',#9368);
#9371=ORIENTED_EDGE('',*,*,#9370,.T.);
#9372=ORIENTED_EDGE('',*,*,#5296,.T.);
#9374=ORIENTED_EDGE('',*,*,#9373,.T.);
#9375=ORIENTED_EDGE('',*,*,#5393,.T.);
#9376=EDGE_LOOP('',(#9371,#9372,#9374,#9375));
#9377=FACE_OUTER_BOUND('',#9376,.F.);
#9378=ADVANCED_FACE('',(#9377),#9369,.F.);
#9379=CARTESIAN_POINT('',(-8.855E0,1.5E0,6.2E0));
#9380=DIRECTION('',(0.E0,1.E0,0.E0));
#9381=DIRECTION('',(-1.E0,0.E0,0.E0));
#9382=AXIS2_PLACEMENT_3D('',#9379,#9380,#9381);
#9383=PLANE('',#9382);
#9385=ORIENTED_EDGE('',*,*,#9384,.F.);
#9386=ORIENTED_EDGE('',*,*,#5413,.T.);
#9387=ORIENTED_EDGE('',*,*,#9309,.F.);
#9388=ORIENTED_EDGE('',*,*,#5281,.T.);
#9389=EDGE_LOOP('',(#9385,#9386,#9387,#9388));
#9390=FACE_OUTER_BOUND('',#9389,.F.);
#9391=ADVANCED_FACE('',(#9390),#9383,.F.);
#9392=CARTESIAN_POINT('',(-1.0175E1,5.E-1,6.2E0));
#9393=DIRECTION('',(1.E0,0.E0,0.E0));
#9394=DIRECTION('',(0.E0,1.E0,0.E0));
#9395=AXIS2_PLACEMENT_3D('',#9392,#9393,#9394);
#9396=PLANE('',#9395);
#9397=ORIENTED_EDGE('',*,*,#5511,.T.);
#9398=ORIENTED_EDGE('',*,*,#5252,.F.);
#9400=ORIENTED_EDGE('',*,*,#9399,.T.);
#9402=ORIENTED_EDGE('',*,*,#9401,.T.);
#9404=ORIENTED_EDGE('',*,*,#9403,.F.);
#9405=ORIENTED_EDGE('',*,*,#5275,.F.);
#9406=ORIENTED_EDGE('',*,*,#9370,.F.);
#9407=ORIENTED_EDGE('',*,*,#5391,.T.);
#9408=EDGE_LOOP('',(#9397,#9398,#9400,#9402,#9404,#9405,#9406,#9407));
#9409=FACE_OUTER_BOUND('',#9408,.F.);
#9410=ADVANCED_FACE('',(#9409),#9396,.F.);
#9411=CARTESIAN_POINT('',(-1.0625E1,5.E-1,6.2E0));
#9412=DIRECTION('',(0.E0,-1.E0,0.E0));
#9413=DIRECTION('',(1.E0,0.E0,0.E0));
#9414=AXIS2_PLACEMENT_3D('',#9411,#9412,#9413);
#9415=PLANE('',#9414);
#9416=ORIENTED_EDGE('',*,*,#5265,.F.);
#9418=ORIENTED_EDGE('',*,*,#9417,.T.);
#9420=ORIENTED_EDGE('',*,*,#9419,.T.);
#9421=ORIENTED_EDGE('',*,*,#9399,.F.);
#9422=EDGE_LOOP('',(#9416,#9418,#9420,#9421));
#9423=FACE_OUTER_BOUND('',#9422,.F.);
#9424=ADVANCED_FACE('',(#9423),#9415,.F.);
#9425=CARTESIAN_POINT('',(-1.0625E1,2.E0,6.2E0));
#9426=DIRECTION('',(-1.E0,0.E0,0.E0));
#9427=DIRECTION('',(0.E0,-1.E0,0.E0));
#9428=AXIS2_PLACEMENT_3D('',#9425,#9426,#9427);
#9429=PLANE('',#9428);
#9430=ORIENTED_EDGE('',*,*,#5533,.F.);
#9431=ORIENTED_EDGE('',*,*,#5407,.F.);
#9432=ORIENTED_EDGE('',*,*,#9384,.T.);
#9433=ORIENTED_EDGE('',*,*,#5279,.F.);
#9435=ORIENTED_EDGE('',*,*,#9434,.T.);
#9437=ORIENTED_EDGE('',*,*,#9436,.T.);
#9438=ORIENTED_EDGE('',*,*,#9417,.F.);
#9439=ORIENTED_EDGE('',*,*,#5263,.F.);
#9440=EDGE_LOOP('',(#9430,#9431,#9432,#9433,#9435,#9437,#9438,#9439));
#9441=FACE_OUTER_BOUND('',#9440,.F.);
#9442=ADVANCED_FACE('',(#9441),#9429,.F.);
#9443=CARTESIAN_POINT('',(-1.0175E1,2.E0,6.2E0));
#9444=DIRECTION('',(0.E0,1.E0,0.E0));
#9445=DIRECTION('',(-1.E0,0.E0,0.E0));
#9446=AXIS2_PLACEMENT_3D('',#9443,#9444,#9445);
#9447=PLANE('',#9446);
#9448=ORIENTED_EDGE('',*,*,#5277,.F.);
#9449=ORIENTED_EDGE('',*,*,#9403,.T.);
#9451=ORIENTED_EDGE('',*,*,#9450,.T.);
#9452=ORIENTED_EDGE('',*,*,#9434,.F.);
#9453=EDGE_LOOP('',(#9448,#9449,#9451,#9452));
#9454=FACE_OUTER_BOUND('',#9453,.F.);
#9455=ADVANCED_FACE('',(#9454),#9447,.F.);
#9456=CARTESIAN_POINT('',(-9.6E0,4.E0,2.E-1));
#9457=DIRECTION('',(0.E0,0.E0,1.E0));
#9458=DIRECTION('',(1.E0,0.E0,0.E0));
#9459=AXIS2_PLACEMENT_3D('',#9456,#9457,#9458);
#9460=PLANE('',#9459);
#9462=ORIENTED_EDGE('',*,*,#9461,.F.);
#9464=ORIENTED_EDGE('',*,*,#9463,.F.);
#9466=ORIENTED_EDGE('',*,*,#9465,.F.);
#9467=ORIENTED_EDGE('',*,*,#5459,.F.);
#9468=EDGE_LOOP('',(#9462,#9464,#9466,#9467));
#9469=FACE_OUTER_BOUND('',#9468,.F.);
#9470=ADVANCED_FACE('',(#9469),#9460,.T.);
#9471=CARTESIAN_POINT('',(-9.6E0,4.E0,2.E-1));
#9472=DIRECTION('',(0.E0,0.E0,1.E0));
#9473=DIRECTION('',(1.E0,0.E0,0.E0));
#9474=AXIS2_PLACEMENT_3D('',#9471,#9472,#9473);
#9475=PLANE('',#9474);
#9477=ORIENTED_EDGE('',*,*,#9476,.F.);
#9479=ORIENTED_EDGE('',*,*,#9478,.F.);
#9480=ORIENTED_EDGE('',*,*,#5310,.F.);
#9482=ORIENTED_EDGE('',*,*,#9481,.F.);
#9483=EDGE_LOOP('',(#9477,#9479,#9480,#9482));
#9484=FACE_OUTER_BOUND('',#9483,.F.);
#9485=ADVANCED_FACE('',(#9484),#9475,.T.);
#9486=CARTESIAN_POINT('',(-9.6E0,4.E0,2.E-1));
#9487=DIRECTION('',(0.E0,0.E0,1.E0));
#9488=DIRECTION('',(1.E0,0.E0,0.E0));
#9489=AXIS2_PLACEMENT_3D('',#9486,#9487,#9488);
#9490=PLANE('',#9489);
#9491=ORIENTED_EDGE('',*,*,#9401,.F.);
#9492=ORIENTED_EDGE('',*,*,#9419,.F.);
#9493=ORIENTED_EDGE('',*,*,#9436,.F.);
#9494=ORIENTED_EDGE('',*,*,#9450,.F.);
#9495=EDGE_LOOP('',(#9491,#9492,#9493,#9494));
#9496=FACE_OUTER_BOUND('',#9495,.F.);
#9497=ADVANCED_FACE('',(#9496),#9490,.T.);
#9498=CARTESIAN_POINT('',(-9.6E0,4.E0,2.E-1));
#9499=DIRECTION('',(0.E0,0.E0,1.E0));
#9500=DIRECTION('',(1.E0,0.E0,0.E0));
#9501=AXIS2_PLACEMENT_3D('',#9498,#9499,#9500);
#9502=PLANE('',#9501);
#9504=ORIENTED_EDGE('',*,*,#9503,.F.);
#9506=ORIENTED_EDGE('',*,*,#9505,.F.);
#9508=ORIENTED_EDGE('',*,*,#9507,.F.);
#9510=ORIENTED_EDGE('',*,*,#9509,.F.);
#9511=EDGE_LOOP('',(#9504,#9506,#9508,#9510));
#9512=FACE_OUTER_BOUND('',#9511,.F.);
#9513=ADVANCED_FACE('',(#9512),#9502,.T.);
#9514=CARTESIAN_POINT('',(1.0175E1,5.E-1,6.2E0));
#9515=DIRECTION('',(0.E0,-1.E0,0.E0));
#9516=DIRECTION('',(1.E0,0.E0,0.E0));
#9517=AXIS2_PLACEMENT_3D('',#9514,#9515,#9516);
#9518=PLANE('',#9517);
#9519=ORIENTED_EDGE('',*,*,#5196,.F.);
#9521=ORIENTED_EDGE('',*,*,#9520,.T.);
#9522=ORIENTED_EDGE('',*,*,#9461,.T.);
#9523=ORIENTED_EDGE('',*,*,#5457,.F.);
#9524=EDGE_LOOP('',(#9519,#9521,#9522,#9523));
#9525=FACE_OUTER_BOUND('',#9524,.F.);
#9526=ADVANCED_FACE('',(#9525),#9518,.F.);
#9527=CARTESIAN_POINT('',(1.0175E1,2.E0,6.2E0));
#9528=DIRECTION('',(-1.E0,0.E0,0.E0));
#9529=DIRECTION('',(0.E0,-1.E0,0.E0));
#9530=AXIS2_PLACEMENT_3D('',#9527,#9528,#9529);
#9531=PLANE('',#9530);
#9532=ORIENTED_EDGE('',*,*,#5488,.F.);
#9533=ORIENTED_EDGE('',*,*,#5345,.F.);
#9535=ORIENTED_EDGE('',*,*,#9534,.T.);
#9536=ORIENTED_EDGE('',*,*,#5224,.F.);
#9538=ORIENTED_EDGE('',*,*,#9537,.T.);
#9539=ORIENTED_EDGE('',*,*,#9463,.T.);
#9540=ORIENTED_EDGE('',*,*,#9520,.F.);
#9541=ORIENTED_EDGE('',*,*,#5210,.F.);
#9542=EDGE_LOOP('',(#9532,#9533,#9535,#9536,#9538,#9539,#9540,#9541));
#9543=FACE_OUTER_BOUND('',#9542,.F.);
#9544=ADVANCED_FACE('',(#9543),#9531,.F.);
#9545=CARTESIAN_POINT('',(1.1505E1,1.5E0,6.2E0));
#9546=DIRECTION('',(0.E0,1.E0,0.E0));
#9547=DIRECTION('',(-1.E0,0.E0,0.E0));
#9548=AXIS2_PLACEMENT_3D('',#9545,#9546,#9547);
#9549=PLANE('',#9548);
#9550=ORIENTED_EDGE('',*,*,#5464,.T.);
#9551=ORIENTED_EDGE('',*,*,#5242,.F.);
#9552=ORIENTED_EDGE('',*,*,#5563,.T.);
#9553=ORIENTED_EDGE('',*,*,#5331,.T.);
#9554=EDGE_LOOP('',(#9550,#9551,#9552,#9553));
#9555=FACE_OUTER_BOUND('',#9554,.F.);
#9556=ADVANCED_FACE('',(#9555),#9549,.F.);
#9557=CARTESIAN_POINT('',(1.1505E1,1.5E0,6.2E0));
#9558=DIRECTION('',(0.E0,1.E0,0.E0));
#9559=DIRECTION('',(-1.E0,0.E0,0.E0));
#9560=AXIS2_PLACEMENT_3D('',#9557,#9558,#9559);
#9561=PLANE('',#9560);
#9562=ORIENTED_EDGE('',*,*,#9534,.F.);
#9563=ORIENTED_EDGE('',*,*,#5351,.T.);
#9565=ORIENTED_EDGE('',*,*,#9564,.F.);
#9566=ORIENTED_EDGE('',*,*,#5226,.F.);
#9567=EDGE_LOOP('',(#9562,#9563,#9565,#9566));
#9568=FACE_OUTER_BOUND('',#9567,.F.);
#9569=ADVANCED_FACE('',(#9568),#9561,.F.);
#9570=CARTESIAN_POINT('',(8.855E0,1.5E0,6.2E0));
#9571=DIRECTION('',(-1.E0,0.E0,0.E0));
#9572=DIRECTION('',(0.E0,-1.E0,0.E0));
#9573=AXIS2_PLACEMENT_3D('',#9570,#9571,#9572);
#9574=PLANE('',#9573);
#9575=ORIENTED_EDGE('',*,*,#5228,.F.);
#9576=ORIENTED_EDGE('',*,*,#9564,.T.);
#9577=ORIENTED_EDGE('',*,*,#5349,.T.);
#9578=ORIENTED_EDGE('',*,*,#5500,.F.);
#9579=EDGE_LOOP('',(#9575,#9576,#9577,#9578));
#9580=FACE_OUTER_BOUND('',#9579,.F.);
#9581=ADVANCED_FACE('',(#9580),#9574,.F.);
#9582=CARTESIAN_POINT('',(1.0625E1,2.E0,6.2E0));
#9583=DIRECTION('',(0.E0,1.E0,0.E0));
#9584=DIRECTION('',(-1.E0,0.E0,0.E0));
#9585=AXIS2_PLACEMENT_3D('',#9582,#9583,#9584);
#9586=PLANE('',#9585);
#9587=ORIENTED_EDGE('',*,*,#5222,.F.);
#9588=ORIENTED_EDGE('',*,*,#5461,.T.);
#9589=ORIENTED_EDGE('',*,*,#9465,.T.);
#9590=ORIENTED_EDGE('',*,*,#9537,.F.);
#9591=EDGE_LOOP('',(#9587,#9588,#9589,#9590));
#9592=FACE_OUTER_BOUND('',#9591,.F.);
#9593=ADVANCED_FACE('',(#9592),#9586,.F.);
#9594=CARTESIAN_POINT('',(1.1505E1,-1.25E0,6.2E0));
#9595=DIRECTION('',(0.E0,1.E0,0.E0));
#9596=DIRECTION('',(-1.E0,0.E0,0.E0));
#9597=AXIS2_PLACEMENT_3D('',#9594,#9595,#9596);
#9598=PLANE('',#9597);
#9599=ORIENTED_EDGE('',*,*,#5378,.T.);
#9601=ORIENTED_EDGE('',*,*,#9600,.T.);
#9602=ORIENTED_EDGE('',*,*,#9476,.T.);
#9604=ORIENTED_EDGE('',*,*,#9603,.F.);
#9605=ORIENTED_EDGE('',*,*,#5366,.T.);
#9606=ORIENTED_EDGE('',*,*,#7851,.F.);
#9607=ORIENTED_EDGE('',*,*,#5204,.F.);
#9608=ORIENTED_EDGE('',*,*,#5558,.T.);
#9609=EDGE_LOOP('',(#9599,#9601,#9602,#9604,#9605,#9606,#9607,#9608));
#9610=FACE_OUTER_BOUND('',#9609,.F.);
#9611=ADVANCED_FACE('',(#9610),#9598,.F.);
#9612=CARTESIAN_POINT('',(1.0625E1,-2.75E0,6.2E0));
#9613=DIRECTION('',(1.E0,0.E0,0.E0));
#9614=DIRECTION('',(0.E0,1.E0,0.E0));
#9615=AXIS2_PLACEMENT_3D('',#9612,#9613,#9614);
#9616=PLANE('',#9615);
#9617=ORIENTED_EDGE('',*,*,#5376,.F.);
#9618=ORIENTED_EDGE('',*,*,#5312,.T.);
#9619=ORIENTED_EDGE('',*,*,#9478,.T.);
#9620=ORIENTED_EDGE('',*,*,#9600,.F.);
#9621=EDGE_LOOP('',(#9617,#9618,#9619,#9620));
#9622=FACE_OUTER_BOUND('',#9621,.F.);
#9623=ADVANCED_FACE('',(#9622),#9616,.F.);
#9624=CARTESIAN_POINT('',(1.0175E1,-1.25E0,6.2E0));
#9625=DIRECTION('',(-1.E0,0.E0,0.E0));
#9626=DIRECTION('',(0.E0,-1.E0,0.E0));
#9627=AXIS2_PLACEMENT_3D('',#9624,#9625,#9626);
#9628=PLANE('',#9627);
#9629=ORIENTED_EDGE('',*,*,#5361,.T.);
#9630=ORIENTED_EDGE('',*,*,#9603,.T.);
#9631=ORIENTED_EDGE('',*,*,#9481,.T.);
#9632=ORIENTED_EDGE('',*,*,#5308,.F.);
#9633=EDGE_LOOP('',(#9629,#9630,#9631,#9632));
#9634=FACE_OUTER_BOUND('',#9633,.F.);
#9635=ADVANCED_FACE('',(#9634),#9628,.F.);
#9636=CARTESIAN_POINT('',(-1.0625E1,-1.25E0,6.2E0));
#9637=DIRECTION('',(-1.E0,0.E0,0.E0));
#9638=DIRECTION('',(0.E0,-1.E0,0.E0));
#9639=AXIS2_PLACEMENT_3D('',#9636,#9637,#9638);
#9640=PLANE('',#9639);
#9641=ORIENTED_EDGE('',*,*,#5423,.T.);
#9643=ORIENTED_EDGE('',*,*,#9642,.T.);
#9644=ORIENTED_EDGE('',*,*,#9503,.T.);
#9646=ORIENTED_EDGE('',*,*,#9645,.F.);
#9647=EDGE_LOOP('',(#9641,#9643,#9644,#9646));
#9648=FACE_OUTER_BOUND('',#9647,.F.);
#9649=ADVANCED_FACE('',(#9648),#9640,.F.);
#9650=CARTESIAN_POINT('',(-9.6E0,-1.25E0,6.2E0));
#9651=DIRECTION('',(0.E0,1.E0,0.E0));
#9652=DIRECTION('',(-1.E0,0.E0,0.E0));
#9653=AXIS2_PLACEMENT_3D('',#9650,#9651,#9652);
#9654=PLANE('',#9653);
#9655=ORIENTED_EDGE('',*,*,#5441,.T.);
#9657=ORIENTED_EDGE('',*,*,#9656,.T.);
#9658=ORIENTED_EDGE('',*,*,#9505,.T.);
#9659=ORIENTED_EDGE('',*,*,#9642,.F.);
#9660=ORIENTED_EDGE('',*,*,#5429,.T.);
#9661=ORIENTED_EDGE('',*,*,#9314,.F.);
#9662=ORIENTED_EDGE('',*,*,#5257,.T.);
#9663=ORIENTED_EDGE('',*,*,#5119,.T.);
#9664=EDGE_LOOP('',(#9655,#9657,#9658,#9659,#9660,#9661,#9662,#9663));
#9665=FACE_OUTER_BOUND('',#9664,.F.);
#9666=ADVANCED_FACE('',(#9665),#9654,.F.);
#9667=CARTESIAN_POINT('',(-1.0175E1,-2.75E0,6.2E0));
#9668=DIRECTION('',(1.E0,0.E0,0.E0));
#9669=DIRECTION('',(0.E0,1.E0,0.E0));
#9670=AXIS2_PLACEMENT_3D('',#9667,#9668,#9669);
#9671=PLANE('',#9670);
#9672=ORIENTED_EDGE('',*,*,#5439,.F.);
#9674=ORIENTED_EDGE('',*,*,#9673,.T.);
#9675=ORIENTED_EDGE('',*,*,#9507,.T.);
#9676=ORIENTED_EDGE('',*,*,#9656,.F.);
#9677=EDGE_LOOP('',(#9672,#9674,#9675,#9676));
#9678=FACE_OUTER_BOUND('',#9677,.F.);
#9679=ADVANCED_FACE('',(#9678),#9671,.F.);
#9680=CARTESIAN_POINT('',(-1.1505E1,-2.75E0,6.2E0));
#9681=DIRECTION('',(0.E0,-1.E0,0.E0));
#9682=DIRECTION('',(1.E0,0.E0,0.E0));
#9683=AXIS2_PLACEMENT_3D('',#9680,#9681,#9682);
#9684=PLANE('',#9683);
#9685=ORIENTED_EDGE('',*,*,#5425,.T.);
#9686=ORIENTED_EDGE('',*,*,#9645,.T.);
#9687=ORIENTED_EDGE('',*,*,#9509,.T.);
#9688=ORIENTED_EDGE('',*,*,#9673,.F.);
#9689=ORIENTED_EDGE('',*,*,#5444,.T.);
#9690=ORIENTED_EDGE('',*,*,#5115,.F.);
#9691=ORIENTED_EDGE('',*,*,#5169,.F.);
#9692=ORIENTED_EDGE('',*,*,#9317,.T.);
#9693=EDGE_LOOP('',(#9685,#9686,#9687,#9688,#9689,#9690,#9691,#9692));
#9694=FACE_OUTER_BOUND('',#9693,.F.);
#9695=ADVANCED_FACE('',(#9694),#9684,.F.);
#9696=CARTESIAN_POINT('',(-8.855E0,1.E0,6.2E0));
#9697=DIRECTION('',(1.E0,0.E0,0.E0));
#9698=DIRECTION('',(0.E0,1.E0,0.E0));
#9699=AXIS2_PLACEMENT_3D('',#9696,#9697,#9698);
#9700=PLANE('',#9699);
#9701=ORIENTED_EDGE('',*,*,#5294,.F.);
#9702=ORIENTED_EDGE('',*,*,#5514,.T.);
#9703=ORIENTED_EDGE('',*,*,#5395,.T.);
#9704=ORIENTED_EDGE('',*,*,#9373,.F.);
#9705=EDGE_LOOP('',(#9701,#9702,#9703,#9704));
#9706=FACE_OUTER_BOUND('',#9705,.F.);
#9707=ADVANCED_FACE('',(#9706),#9700,.F.);
#9708=CARTESIAN_POINT('',(6.E0,4.5E0,7.45E0));
#9709=DIRECTION('',(-1.E0,0.E0,0.E0));
#9710=DIRECTION('',(0.E0,0.E0,1.E0));
#9711=AXIS2_PLACEMENT_3D('',#9708,#9709,#9710);
#9712=PLANE('',#9711);
#9713=ORIENTED_EDGE('',*,*,#7901,.F.);
#9714=ORIENTED_EDGE('',*,*,#7795,.T.);
#9715=ORIENTED_EDGE('',*,*,#7780,.T.);
#9717=ORIENTED_EDGE('',*,*,#9716,.T.);
#9718=EDGE_LOOP('',(#9713,#9714,#9715,#9717));
#9719=FACE_OUTER_BOUND('',#9718,.F.);
#9720=ADVANCED_FACE('',(#9719),#9712,.F.);
#9721=CARTESIAN_POINT('',(6.E0,7.5E0,1.45E0));
#9722=DIRECTION('',(0.E0,0.E0,-1.E0));
#9723=DIRECTION('',(0.E0,-1.E0,0.E0));
#9724=AXIS2_PLACEMENT_3D('',#9721,#9722,#9723);
#9725=PLANE('',#9724);
#9726=ORIENTED_EDGE('',*,*,#7694,.F.);
#9728=ORIENTED_EDGE('',*,*,#9727,.T.);
#9729=ORIENTED_EDGE('',*,*,#9716,.F.);
#9730=ORIENTED_EDGE('',*,*,#7778,.T.);
#9732=ORIENTED_EDGE('',*,*,#9731,.T.);
#9733=EDGE_LOOP('',(#9726,#9728,#9729,#9730,#9732));
#9734=FACE_OUTER_BOUND('',#9733,.F.);
#9735=ADVANCED_FACE('',(#9734),#9725,.T.);
#9736=CARTESIAN_POINT('',(6.E0,4.5E0,7.45E0));
#9737=DIRECTION('',(1.E0,0.E0,0.E0));
#9738=DIRECTION('',(0.E0,1.E0,0.E0));
#9739=AXIS2_PLACEMENT_3D('',#9736,#9737,#9738);
#9740=PLANE('',#9739);
#9741=ORIENTED_EDGE('',*,*,#7692,.F.);
#9742=ORIENTED_EDGE('',*,*,#7718,.T.);
#9743=ORIENTED_EDGE('',*,*,#7903,.F.);
#9744=ORIENTED_EDGE('',*,*,#9727,.F.);
#9745=EDGE_LOOP('',(#9741,#9742,#9743,#9744));
#9746=FACE_OUTER_BOUND('',#9745,.F.);
#9747=ADVANCED_FACE('',(#9746),#9740,.F.);
#9748=CARTESIAN_POINT('',(5.E0,4.5E0,7.45E0));
#9749=DIRECTION('',(-1.E0,0.E0,0.E0));
#9750=DIRECTION('',(0.E0,0.E0,1.E0));
#9751=AXIS2_PLACEMENT_3D('',#9748,#9749,#9750);
#9752=PLANE('',#9751);
#9753=ORIENTED_EDGE('',*,*,#7696,.F.);
#9754=ORIENTED_EDGE('',*,*,#9731,.F.);
#9755=ORIENTED_EDGE('',*,*,#7776,.F.);
#9756=ORIENTED_EDGE('',*,*,#7582,.F.);
#9757=ORIENTED_EDGE('',*,*,#7658,.F.);
#9759=ORIENTED_EDGE('',*,*,#9758,.T.);
#9760=EDGE_LOOP('',(#9753,#9754,#9755,#9756,#9757,#9759));
#9761=FACE_OUTER_BOUND('',#9760,.F.);
#9762=ADVANCED_FACE('',(#9761),#9752,.T.);
#9763=CARTESIAN_POINT('',(-5.E0,4.5E0,5.493478260870E0));
#9764=DIRECTION('',(0.E0,0.E0,1.E0));
#9765=DIRECTION('',(1.E0,0.E0,0.E0));
#9766=AXIS2_PLACEMENT_3D('',#9763,#9764,#9765);
#9767=PLANE('',#9766);
#9768=ORIENTED_EDGE('',*,*,#7656,.F.);
#9769=ORIENTED_EDGE('',*,*,#7674,.T.);
#9770=ORIENTED_EDGE('',*,*,#7698,.T.);
#9771=ORIENTED_EDGE('',*,*,#9758,.F.);
#9772=EDGE_LOOP('',(#9768,#9769,#9770,#9771));
#9773=FACE_OUTER_BOUND('',#9772,.F.);
#9774=ADVANCED_FACE('',(#9773),#9767,.T.);
#9775=CARTESIAN_POINT('',(-6.E0,7.5E0,7.45E0));
#9776=DIRECTION('',(1.E0,0.E0,0.E0));
#9777=DIRECTION('',(0.E0,0.E0,-1.E0));
#9778=AXIS2_PLACEMENT_3D('',#9775,#9776,#9777);
#9779=PLANE('',#9778);
#9780=ORIENTED_EDGE('',*,*,#7907,.T.);
#9781=ORIENTED_EDGE('',*,*,#7746,.T.);
#9782=ORIENTED_EDGE('',*,*,#7760,.T.);
#9783=ORIENTED_EDGE('',*,*,#7811,.F.);
#9784=EDGE_LOOP('',(#9780,#9781,#9782,#9783));
#9785=FACE_OUTER_BOUND('',#9784,.F.);
#9786=ADVANCED_FACE('',(#9785),#9779,.F.);
#9787=CARTESIAN_POINT('',(-9.6E0,7.5E0,6.45E0));
#9788=DIRECTION('',(7.071067811865E-1,0.E0,7.071067811865E-1));
#9789=DIRECTION('',(7.071067811865E-1,0.E0,-7.071067811865E-1));
#9790=AXIS2_PLACEMENT_3D('',#9787,#9788,#9789);
#9791=PLANE('',#9790);
#9792=ORIENTED_EDGE('',*,*,#5097,.T.);
#9793=ORIENTED_EDGE('',*,*,#7910,.T.);
#9794=ORIENTED_EDGE('',*,*,#7807,.F.);
#9795=EDGE_LOOP('',(#9792,#9793,#9794));
#9796=FACE_OUTER_BOUND('',#9795,.F.);
#9797=ADVANCED_FACE('',(#9796),#9791,.F.);
#9798=CARTESIAN_POINT('',(7.25E0,0.E0,6.2E0));
#9799=DIRECTION('',(7.359310117618E-1,0.E0,-6.770565308209E-1));
#9800=DIRECTION('',(0.E0,1.E0,0.E0));
#9801=AXIS2_PLACEMENT_3D('',#9798,#9799,#9800);
#9802=PLANE('',#9801);
#9803=ORIENTED_EDGE('',*,*,#7616,.F.);
#9804=ORIENTED_EDGE('',*,*,#7661,.T.);
#9805=ORIENTED_EDGE('',*,*,#7578,.F.);
#9806=EDGE_LOOP('',(#9803,#9804,#9805));
#9807=FACE_OUTER_BOUND('',#9806,.F.);
#9808=ADVANCED_FACE('',(#9807),#9802,.F.);
#9809=CARTESIAN_POINT('',(7.25E0,0.E0,6.2E0));
#9810=DIRECTION('',(7.359310117618E-1,0.E0,-6.770565308209E-1));
#9811=DIRECTION('',(0.E0,1.E0,0.E0));
#9812=AXIS2_PLACEMENT_3D('',#9809,#9810,#9811);
#9813=PLANE('',#9812);
#9814=ORIENTED_EDGE('',*,*,#5495,.T.);
#9815=ORIENTED_EDGE('',*,*,#7560,.F.);
#9816=ORIENTED_EDGE('',*,*,#7527,.F.);
#9817=ORIENTED_EDGE('',*,*,#7396,.T.);
#9818=EDGE_LOOP('',(#9814,#9815,#9816,#9817));
#9819=FACE_OUTER_BOUND('',#9818,.F.);
#9820=ADVANCED_FACE('',(#9819),#9813,.F.);
#9821=CARTESIAN_POINT('',(-6.1E0,0.E0,4.45E0));
#9822=DIRECTION('',(-1.E0,0.E0,0.E0));
#9823=DIRECTION('',(0.E0,-1.E0,0.E0));
#9824=AXIS2_PLACEMENT_3D('',#9821,#9822,#9823);
#9825=PLANE('',#9824);
#9826=ORIENTED_EDGE('',*,*,#7153,.T.);
#9828=ORIENTED_EDGE('',*,*,#9827,.T.);
#9829=ORIENTED_EDGE('',*,*,#6384,.T.);
#9831=ORIENTED_EDGE('',*,*,#9830,.F.);
#9832=ORIENTED_EDGE('',*,*,#7170,.T.);
#9833=ORIENTED_EDGE('',*,*,#7415,.T.);
#9834=ORIENTED_EDGE('',*,*,#7640,.F.);
#9836=ORIENTED_EDGE('',*,*,#9835,.F.);
#9837=ORIENTED_EDGE('',*,*,#6312,.T.);
#9838=ORIENTED_EDGE('',*,*,#6347,.T.);
#9839=ORIENTED_EDGE('',*,*,#7077,.F.);
#9840=EDGE_LOOP('',(#9826,#9828,#9829,#9831,#9832,#9833,#9834,#9836,#9837,#9838,
#9839));
#9841=FACE_OUTER_BOUND('',#9840,.F.);
#9842=ADVANCED_FACE('',(#9841),#9825,.F.);
#9843=CARTESIAN_POINT('',(-2.3E0,-4.E-1,3.95E0));
#9844=DIRECTION('',(0.E0,1.E0,0.E0));
#9845=DIRECTION('',(-1.E0,0.E0,0.E0));
#9846=AXIS2_PLACEMENT_3D('',#9843,#9844,#9845);
#9847=PLANE('',#9846);
#9849=ORIENTED_EDGE('',*,*,#9848,.T.);
#9850=ORIENTED_EDGE('',*,*,#5864,.T.);
#9852=ORIENTED_EDGE('',*,*,#9851,.F.);
#9853=ORIENTED_EDGE('',*,*,#6386,.T.);
#9854=ORIENTED_EDGE('',*,*,#9827,.F.);
#9855=ORIENTED_EDGE('',*,*,#7151,.F.);
#9856=EDGE_LOOP('',(#9849,#9850,#9852,#9853,#9854,#9855));
#9857=FACE_OUTER_BOUND('',#9856,.F.);
#9858=ADVANCED_FACE('',(#9857),#9847,.F.);
#9859=CARTESIAN_POINT('',(-2.3E0,-3.E0,3.95E0));
#9860=DIRECTION('',(1.E0,0.E0,0.E0));
#9861=DIRECTION('',(0.E0,1.E0,0.E0));
#9862=AXIS2_PLACEMENT_3D('',#9859,#9860,#9861);
#9863=PLANE('',#9862);
#9865=ORIENTED_EDGE('',*,*,#9864,.T.);
#9867=ORIENTED_EDGE('',*,*,#9866,.F.);
#9869=ORIENTED_EDGE('',*,*,#9868,.T.);
#9870=ORIENTED_EDGE('',*,*,#5878,.T.);
#9872=ORIENTED_EDGE('',*,*,#9871,.F.);
#9873=ORIENTED_EDGE('',*,*,#6372,.T.);
#9875=ORIENTED_EDGE('',*,*,#9874,.T.);
#9876=ORIENTED_EDGE('',*,*,#5866,.T.);
#9877=ORIENTED_EDGE('',*,*,#9848,.F.);
#9878=ORIENTED_EDGE('',*,*,#7149,.F.);
#9879=EDGE_LOOP('',(#9865,#9867,#9869,#9870,#9872,#9873,#9875,#9876,#9877,
#9878));
#9880=FACE_OUTER_BOUND('',#9879,.F.);
#9881=ADVANCED_FACE('',(#9880),#9863,.F.);
#9882=CARTESIAN_POINT('',(-3.3E0,-4.E0,3.95E0));
#9883=DIRECTION('',(7.071067811865E-1,-7.071067811865E-1,0.E0));
#9884=DIRECTION('',(7.071067811865E-1,7.071067811865E-1,0.E0));
#9885=AXIS2_PLACEMENT_3D('',#9882,#9883,#9884);
#9886=PLANE('',#9885);
#9887=ORIENTED_EDGE('',*,*,#6378,.T.);
#9889=ORIENTED_EDGE('',*,*,#9888,.T.);
#9891=ORIENTED_EDGE('',*,*,#9890,.F.);
#9892=ORIENTED_EDGE('',*,*,#9864,.F.);
#9893=ORIENTED_EDGE('',*,*,#7147,.F.);
#9894=ORIENTED_EDGE('',*,*,#7421,.T.);
#9895=EDGE_LOOP('',(#9887,#9889,#9891,#9892,#9893,#9894));
#9896=FACE_OUTER_BOUND('',#9895,.F.);
#9897=ADVANCED_FACE('',(#9896),#9886,.F.);
#9898=CARTESIAN_POINT('',(-2.8E0,-2.E0,9.5E-1));
#9899=DIRECTION('',(-1.E0,0.E0,0.E0));
#9900=DIRECTION('',(0.E0,-1.E0,0.E0));
#9901=AXIS2_PLACEMENT_3D('',#9898,#9899,#9900);
#9902=PLANE('',#9901);
#9903=ORIENTED_EDGE('',*,*,#5874,.T.);
#9905=ORIENTED_EDGE('',*,*,#9904,.F.);
#9907=ORIENTED_EDGE('',*,*,#9906,.F.);
#9908=ORIENTED_EDGE('',*,*,#9888,.F.);
#9909=ORIENTED_EDGE('',*,*,#6376,.T.);
#9911=ORIENTED_EDGE('',*,*,#9910,.T.);
#9912=EDGE_LOOP('',(#9903,#9905,#9907,#9908,#9909,#9911));
#9913=FACE_OUTER_BOUND('',#9912,.F.);
#9914=ADVANCED_FACE('',(#9913),#9902,.F.);
#9915=CARTESIAN_POINT('',(-2.8E0,-4.E0,9.5E-1));
#9916=DIRECTION('',(0.E0,-1.E0,0.E0));
#9917=DIRECTION('',(1.E0,0.E0,0.E0));
#9918=AXIS2_PLACEMENT_3D('',#9915,#9916,#9917);
#9919=PLANE('',#9918);
#9920=ORIENTED_EDGE('',*,*,#5872,.T.);
#9921=ORIENTED_EDGE('',*,*,#9868,.F.);
#9923=ORIENTED_EDGE('',*,*,#9922,.F.);
#9924=ORIENTED_EDGE('',*,*,#9904,.T.);
#9925=EDGE_LOOP('',(#9920,#9921,#9923,#9924));
#9926=FACE_OUTER_BOUND('',#9925,.F.);
#9927=ADVANCED_FACE('',(#9926),#9919,.F.);
#9928=CARTESIAN_POINT('',(-9.6E0,7.5E0,9.5E-1));
#9929=DIRECTION('',(0.E0,0.E0,1.E0));
#9930=DIRECTION('',(1.E0,0.E0,0.E0));
#9931=AXIS2_PLACEMENT_3D('',#9928,#9929,#9930);
#9932=PLANE('',#9931);
#9933=ORIENTED_EDGE('',*,*,#9866,.T.);
#9934=ORIENTED_EDGE('',*,*,#9890,.T.);
#9935=ORIENTED_EDGE('',*,*,#9906,.T.);
#9936=ORIENTED_EDGE('',*,*,#9922,.T.);
#9937=EDGE_LOOP('',(#9933,#9934,#9935,#9936));
#9938=FACE_OUTER_BOUND('',#9937,.F.);
#9939=ADVANCED_FACE('',(#9938),#9932,.F.);
#9940=CARTESIAN_POINT('',(-2.3E0,-2.E0,9.5E-1));
#9941=DIRECTION('',(0.E0,1.E0,0.E0));
#9942=DIRECTION('',(-1.E0,0.E0,0.E0));
#9943=AXIS2_PLACEMENT_3D('',#9940,#9941,#9942);
#9944=PLANE('',#9943);
#9945=ORIENTED_EDGE('',*,*,#5876,.T.);
#9946=ORIENTED_EDGE('',*,*,#9910,.F.);
#9947=ORIENTED_EDGE('',*,*,#6374,.F.);
#9948=ORIENTED_EDGE('',*,*,#9871,.T.);
#9949=EDGE_LOOP('',(#9945,#9946,#9947,#9948));
#9950=FACE_OUTER_BOUND('',#9949,.F.);
#9951=ADVANCED_FACE('',(#9950),#9944,.F.);
#9952=CARTESIAN_POINT('',(-2.8E0,-1.5E0,9.5E-1));
#9953=DIRECTION('',(0.E0,-1.E0,0.E0));
#9954=DIRECTION('',(1.E0,0.E0,0.E0));
#9955=AXIS2_PLACEMENT_3D('',#9952,#9953,#9954);
#9956=PLANE('',#9955);
#9957=ORIENTED_EDGE('',*,*,#5868,.T.);
#9958=ORIENTED_EDGE('',*,*,#9874,.F.);
#9959=ORIENTED_EDGE('',*,*,#6370,.F.);
#9961=ORIENTED_EDGE('',*,*,#9960,.T.);
#9962=EDGE_LOOP('',(#9957,#9958,#9959,#9961));
#9963=FACE_OUTER_BOUND('',#9962,.F.);
#9964=ADVANCED_FACE('',(#9963),#9956,.F.);
#9965=CARTESIAN_POINT('',(-2.8E0,-4.E-1,9.5E-1));
#9966=DIRECTION('',(-1.E0,0.E0,0.E0));
#9967=DIRECTION('',(0.E0,-1.E0,0.E0));
#9968=AXIS2_PLACEMENT_3D('',#9965,#9966,#9967);
#9969=PLANE('',#9968);
#9970=ORIENTED_EDGE('',*,*,#5862,.T.);
#9971=ORIENTED_EDGE('',*,*,#9960,.F.);
#9972=ORIENTED_EDGE('',*,*,#6368,.F.);
#9973=ORIENTED_EDGE('',*,*,#9851,.T.);
#9974=EDGE_LOOP('',(#9970,#9971,#9972,#9973));
#9975=FACE_OUTER_BOUND('',#9974,.F.);
#9976=ADVANCED_FACE('',(#9975),#9969,.F.);
#9977=CARTESIAN_POINT('',(-6.1E0,-3.E0,3.95E0));
#9978=DIRECTION('',(-7.071067811865E-1,-7.071067811865E-1,0.E0));
#9979=DIRECTION('',(7.071067811865E-1,-7.071067811865E-1,0.E0));
#9980=AXIS2_PLACEMENT_3D('',#9977,#9978,#9979);
#9981=PLANE('',#9980);
#9982=ORIENTED_EDGE('',*,*,#7166,.F.);
#9983=ORIENTED_EDGE('',*,*,#9830,.T.);
#9984=ORIENTED_EDGE('',*,*,#6382,.T.);
#9985=ORIENTED_EDGE('',*,*,#7418,.F.);
#9986=EDGE_LOOP('',(#9982,#9983,#9984,#9985));
#9987=FACE_OUTER_BOUND('',#9986,.F.);
#9988=ADVANCED_FACE('',(#9987),#9981,.F.);
#9989=CARTESIAN_POINT('',(-8.402213607542E0,4.E0,6.2E0));
#9990=DIRECTION('',(-4.771587602596E-1,0.E0,-8.788171126620E-1));
#9991=DIRECTION('',(8.788171126620E-1,0.E0,-4.771587602596E-1));
#9992=AXIS2_PLACEMENT_3D('',#9989,#9990,#9991);
#9993=PLANE('',#9992);
#9994=ORIENTED_EDGE('',*,*,#9835,.T.);
#9995=ORIENTED_EDGE('',*,*,#5517,.F.);
#9996=ORIENTED_EDGE('',*,*,#5290,.F.);
#9997=ORIENTED_EDGE('',*,*,#7600,.T.);
#9998=EDGE_LOOP('',(#9994,#9995,#9996,#9997));
#9999=FACE_OUTER_BOUND('',#9998,.F.);
#10000=ADVANCED_FACE('',(#9999),#9993,.F.);
#10001=CARTESIAN_POINT('',(6.1E0,4.E0,4.95E0));
#10002=DIRECTION('',(4.771587602596E-1,0.E0,-8.788171126620E-1));
#10003=DIRECTION('',(8.788171126620E-1,0.E0,4.771587602596E-1));
#10004=AXIS2_PLACEMENT_3D('',#10001,#10002,#10003);
#10005=PLANE('',#10004);
#10006=ORIENTED_EDGE('',*,*,#7394,.F.);
#10007=ORIENTED_EDGE('',*,*,#7614,.T.);
#10008=ORIENTED_EDGE('',*,*,#5232,.T.);
#10009=ORIENTED_EDGE('',*,*,#5497,.F.);
#10010=EDGE_LOOP('',(#10006,#10007,#10008,#10009));
#10011=FACE_OUTER_BOUND('',#10010,.F.);
#10012=ADVANCED_FACE('',(#10011),#10005,.F.);
#10013=CARTESIAN_POINT('',(-1.9E0,-3.E0,3.95E0));
#10014=DIRECTION('',(-7.071067811866E-1,-7.071067811865E-1,0.E0));
#10015=DIRECTION('',(7.071067811865E-1,-7.071067811866E-1,0.E0));
#10016=AXIS2_PLACEMENT_3D('',#10013,#10014,#10015);
#10017=PLANE('',#10016);
#10018=ORIENTED_EDGE('',*,*,#7143,.F.);
#10020=ORIENTED_EDGE('',*,*,#10019,.T.);
#10021=ORIENTED_EDGE('',*,*,#6447,.T.);
#10022=ORIENTED_EDGE('',*,*,#7424,.F.);
#10023=EDGE_LOOP('',(#10018,#10020,#10021,#10022));
#10024=FACE_OUTER_BOUND('',#10023,.F.);
#10025=ADVANCED_FACE('',(#10024),#10017,.F.);
#10026=CARTESIAN_POINT('',(-1.9E0,-4.E-1,3.95E0));
#10027=DIRECTION('',(-1.E0,0.E0,0.E0));
#10028=DIRECTION('',(0.E0,-1.E0,0.E0));
#10029=AXIS2_PLACEMENT_3D('',#10026,#10027,#10028);
#10030=PLANE('',#10029);
#10031=ORIENTED_EDGE('',*,*,#7141,.F.);
#10033=ORIENTED_EDGE('',*,*,#10032,.T.);
#10034=ORIENTED_EDGE('',*,*,#6449,.T.);
#10035=ORIENTED_EDGE('',*,*,#10019,.F.);
#10036=EDGE_LOOP('',(#10031,#10033,#10034,#10035));
#10037=FACE_OUTER_BOUND('',#10036,.F.);
#10038=ADVANCED_FACE('',(#10037),#10030,.F.);
#10039=CARTESIAN_POINT('',(1.9E0,-4.E-1,3.95E0));
#10040=DIRECTION('',(0.E0,1.E0,0.E0));
#10041=DIRECTION('',(-1.E0,0.E0,0.E0));
#10042=AXIS2_PLACEMENT_3D('',#10039,#10040,#10041);
#10043=PLANE('',#10042);
#10045=ORIENTED_EDGE('',*,*,#10044,.F.);
#10046=ORIENTED_EDGE('',*,*,#5902,.T.);
#10048=ORIENTED_EDGE('',*,*,#10047,.F.);
#10049=ORIENTED_EDGE('',*,*,#6451,.T.);
#10050=ORIENTED_EDGE('',*,*,#10032,.F.);
#10051=ORIENTED_EDGE('',*,*,#7139,.F.);
#10052=EDGE_LOOP('',(#10045,#10046,#10048,#10049,#10050,#10051));
#10053=FACE_OUTER_BOUND('',#10052,.F.);
#10054=ADVANCED_FACE('',(#10053),#10043,.F.);
#10055=CARTESIAN_POINT('',(1.9E0,-3.E0,3.95E0));
#10056=DIRECTION('',(1.E0,0.E0,0.E0));
#10057=DIRECTION('',(0.E0,1.E0,0.E0));
#10058=AXIS2_PLACEMENT_3D('',#10055,#10056,#10057);
#10059=PLANE('',#10058);
#10060=ORIENTED_EDGE('',*,*,#6457,.T.);
#10062=ORIENTED_EDGE('',*,*,#10061,.T.);
#10063=ORIENTED_EDGE('',*,*,#5904,.T.);
#10064=ORIENTED_EDGE('',*,*,#10044,.T.);
#10065=ORIENTED_EDGE('',*,*,#7137,.F.);
#10067=ORIENTED_EDGE('',*,*,#10066,.T.);
#10069=ORIENTED_EDGE('',*,*,#10068,.F.);
#10071=ORIENTED_EDGE('',*,*,#10070,.T.);
#10072=ORIENTED_EDGE('',*,*,#5918,.T.);
#10074=ORIENTED_EDGE('',*,*,#10073,.F.);
#10075=EDGE_LOOP('',(#10060,#10062,#10063,#10064,#10065,#10067,#10069,#10071,
#10072,#10074));
#10076=FACE_OUTER_BOUND('',#10075,.F.);
#10077=ADVANCED_FACE('',(#10076),#10059,.F.);
#10078=CARTESIAN_POINT('',(1.4E0,-1.5E0,9.5E-1));
#10079=DIRECTION('',(0.E0,-1.E0,0.E0));
#10080=DIRECTION('',(1.E0,0.E0,0.E0));
#10081=AXIS2_PLACEMENT_3D('',#10078,#10079,#10080);
#10082=PLANE('',#10081);
#10083=ORIENTED_EDGE('',*,*,#5906,.T.);
#10084=ORIENTED_EDGE('',*,*,#10061,.F.);
#10085=ORIENTED_EDGE('',*,*,#6455,.T.);
#10087=ORIENTED_EDGE('',*,*,#10086,.T.);
#10088=EDGE_LOOP('',(#10083,#10084,#10085,#10087));
#10089=FACE_OUTER_BOUND('',#10088,.F.);
#10090=ADVANCED_FACE('',(#10089),#10082,.F.);
#10091=CARTESIAN_POINT('',(1.4E0,-4.E-1,9.5E-1));
#10092=DIRECTION('',(-1.E0,0.E0,0.E0));
#10093=DIRECTION('',(0.E0,-1.E0,0.E0));
#10094=AXIS2_PLACEMENT_3D('',#10091,#10092,#10093);
#10095=PLANE('',#10094);
#10096=ORIENTED_EDGE('',*,*,#5908,.T.);
#10097=ORIENTED_EDGE('',*,*,#10086,.F.);
#10098=ORIENTED_EDGE('',*,*,#6453,.T.);
#10099=ORIENTED_EDGE('',*,*,#10047,.T.);
#10100=EDGE_LOOP('',(#10096,#10097,#10098,#10099));
#10101=FACE_OUTER_BOUND('',#10100,.F.);
#10102=ADVANCED_FACE('',(#10101),#10095,.F.);
#10103=CARTESIAN_POINT('',(9.E-1,-4.E0,3.95E0));
#10104=DIRECTION('',(7.071067811866E-1,-7.071067811865E-1,0.E0));
#10105=DIRECTION('',(7.071067811865E-1,7.071067811866E-1,0.E0));
#10106=AXIS2_PLACEMENT_3D('',#10103,#10104,#10105);
#10107=PLANE('',#10106);
#10108=ORIENTED_EDGE('',*,*,#6443,.T.);
#10110=ORIENTED_EDGE('',*,*,#10109,.T.);
#10112=ORIENTED_EDGE('',*,*,#10111,.T.);
#10113=ORIENTED_EDGE('',*,*,#10066,.F.);
#10114=ORIENTED_EDGE('',*,*,#7135,.F.);
#10115=ORIENTED_EDGE('',*,*,#7427,.T.);
#10116=EDGE_LOOP('',(#10108,#10110,#10112,#10113,#10114,#10115));
#10117=FACE_OUTER_BOUND('',#10116,.F.);
#10118=ADVANCED_FACE('',(#10117),#10107,.F.);
#10119=CARTESIAN_POINT('',(1.4E0,-2.E0,9.5E-1));
#10120=DIRECTION('',(-1.E0,0.E0,0.E0));
#10121=DIRECTION('',(0.E0,-1.E0,0.E0));
#10122=AXIS2_PLACEMENT_3D('',#10119,#10120,#10121);
#10123=PLANE('',#10122);
#10124=ORIENTED_EDGE('',*,*,#5914,.T.);
#10126=ORIENTED_EDGE('',*,*,#10125,.F.);
#10128=ORIENTED_EDGE('',*,*,#10127,.F.);
#10129=ORIENTED_EDGE('',*,*,#10109,.F.);
#10130=ORIENTED_EDGE('',*,*,#6461,.T.);
#10132=ORIENTED_EDGE('',*,*,#10131,.T.);
#10133=EDGE_LOOP('',(#10124,#10126,#10128,#10129,#10130,#10132));
#10134=FACE_OUTER_BOUND('',#10133,.F.);
#10135=ADVANCED_FACE('',(#10134),#10123,.F.);
#10136=CARTESIAN_POINT('',(1.4E0,-4.E0,9.5E-1));
#10137=DIRECTION('',(0.E0,-1.E0,0.E0));
#10138=DIRECTION('',(1.E0,0.E0,0.E0));
#10139=AXIS2_PLACEMENT_3D('',#10136,#10137,#10138);
#10140=PLANE('',#10139);
#10141=ORIENTED_EDGE('',*,*,#5912,.T.);
#10142=ORIENTED_EDGE('',*,*,#10070,.F.);
#10144=ORIENTED_EDGE('',*,*,#10143,.F.);
#10145=ORIENTED_EDGE('',*,*,#10125,.T.);
#10146=EDGE_LOOP('',(#10141,#10142,#10144,#10145));
#10147=FACE_OUTER_BOUND('',#10146,.F.);
#10148=ADVANCED_FACE('',(#10147),#10140,.F.);
#10149=CARTESIAN_POINT('',(-9.6E0,7.5E0,9.5E-1));
#10150=DIRECTION('',(0.E0,0.E0,1.E0));
#10151=DIRECTION('',(1.E0,0.E0,0.E0));
#10152=AXIS2_PLACEMENT_3D('',#10149,#10150,#10151);
#10153=PLANE('',#10152);
#10154=ORIENTED_EDGE('',*,*,#10068,.T.);
#10155=ORIENTED_EDGE('',*,*,#10111,.F.);
#10156=ORIENTED_EDGE('',*,*,#10127,.T.);
#10157=ORIENTED_EDGE('',*,*,#10143,.T.);
#10158=EDGE_LOOP('',(#10154,#10155,#10156,#10157));
#10159=FACE_OUTER_BOUND('',#10158,.F.);
#10160=ADVANCED_FACE('',(#10159),#10153,.F.);
#10161=CARTESIAN_POINT('',(1.9E0,-2.E0,9.5E-1));
#10162=DIRECTION('',(0.E0,1.E0,0.E0));
#10163=DIRECTION('',(-1.E0,0.E0,0.E0));
#10164=AXIS2_PLACEMENT_3D('',#10161,#10162,#10163);
#10165=PLANE('',#10164);
#10166=ORIENTED_EDGE('',*,*,#5916,.T.);
#10167=ORIENTED_EDGE('',*,*,#10131,.F.);
#10168=ORIENTED_EDGE('',*,*,#6459,.F.);
#10169=ORIENTED_EDGE('',*,*,#10073,.T.);
#10170=EDGE_LOOP('',(#10166,#10167,#10168,#10169));
#10171=FACE_OUTER_BOUND('',#10170,.F.);
#10172=ADVANCED_FACE('',(#10171),#10165,.F.);
#10173=CARTESIAN_POINT('',(-9.6E0,7.5E0,9.5E-1));
#10174=DIRECTION('',(0.E0,0.E0,1.E0));
#10175=DIRECTION('',(1.E0,0.E0,0.E0));
#10176=AXIS2_PLACEMENT_3D('',#10173,#10174,#10175);
#10177=PLANE('',#10176);
#10178=ORIENTED_EDGE('',*,*,#7331,.T.);
#10179=ORIENTED_EDGE('',*,*,#7348,.F.);
#10180=ORIENTED_EDGE('',*,*,#7296,.T.);
#10182=ORIENTED_EDGE('',*,*,#10181,.T.);
#10183=EDGE_LOOP('',(#10178,#10179,#10180,#10182));
#10184=FACE_OUTER_BOUND('',#10183,.F.);
#10185=ADVANCED_FACE('',(#10184),#10177,.F.);
#10186=CARTESIAN_POINT('',(2.3E0,4.E-1,9.5E-1));
#10187=DIRECTION('',(0.E0,-1.E0,0.E0));
#10188=DIRECTION('',(1.E0,0.E0,0.E0));
#10189=AXIS2_PLACEMENT_3D('',#10186,#10187,#10188);
#10190=PLANE('',#10189);
#10191=ORIENTED_EDGE('',*,*,#5812,.T.);
#10192=ORIENTED_EDGE('',*,*,#7333,.F.);
#10193=ORIENTED_EDGE('',*,*,#10181,.F.);
#10194=ORIENTED_EDGE('',*,*,#7294,.T.);
#10195=EDGE_LOOP('',(#10191,#10192,#10193,#10194));
#10196=FACE_OUTER_BOUND('',#10195,.F.);
#10197=ADVANCED_FACE('',(#10196),#10190,.F.);
#10198=CARTESIAN_POINT('',(2.3E0,2.65E0,9.5E-1));
#10199=DIRECTION('',(0.E0,-1.E0,0.E0));
#10200=DIRECTION('',(1.E0,0.E0,0.E0));
#10201=AXIS2_PLACEMENT_3D('',#10198,#10199,#10200);
#10202=PLANE('',#10201);
#10203=ORIENTED_EDGE('',*,*,#5806,.T.);
#10204=ORIENTED_EDGE('',*,*,#6286,.F.);
#10205=ORIENTED_EDGE('',*,*,#6156,.F.);
#10206=ORIENTED_EDGE('',*,*,#7303,.T.);
#10207=EDGE_LOOP('',(#10203,#10204,#10205,#10206));
#10208=FACE_OUTER_BOUND('',#10207,.F.);
#10209=ADVANCED_FACE('',(#10208),#10202,.F.);
#10210=CARTESIAN_POINT('',(1.02E1,-4.5E0,6.2E0));
#10211=DIRECTION('',(1.E0,0.E0,0.E0));
#10212=DIRECTION('',(0.E0,1.E0,0.E0));
#10213=AXIS2_PLACEMENT_3D('',#10210,#10211,#10212);
#10214=PLANE('',#10213);
#10215=ORIENTED_EDGE('',*,*,#5762,.F.);
#10217=ORIENTED_EDGE('',*,*,#10216,.T.);
#10219=ORIENTED_EDGE('',*,*,#10218,.T.);
#10221=ORIENTED_EDGE('',*,*,#10220,.T.);
#10223=ORIENTED_EDGE('',*,*,#10222,.T.);
#10225=ORIENTED_EDGE('',*,*,#10224,.T.);
#10227=ORIENTED_EDGE('',*,*,#10226,.T.);
#10228=EDGE_LOOP('',(#10215,#10217,#10219,#10221,#10223,#10225,#10227));
#10229=FACE_OUTER_BOUND('',#10228,.F.);
#10230=ADVANCED_FACE('',(#10229),#10214,.F.);
#10231=CARTESIAN_POINT('',(1.02E1,-4.5E0,6.2E0));
#10232=DIRECTION('',(1.E0,0.E0,0.E0));
#10233=DIRECTION('',(0.E0,1.E0,0.E0));
#10234=AXIS2_PLACEMENT_3D('',#10231,#10232,#10233);
#10235=PLANE('',#10234);
#10236=ORIENTED_EDGE('',*,*,#5772,.F.);
#10238=ORIENTED_EDGE('',*,*,#10237,.T.);
#10240=ORIENTED_EDGE('',*,*,#10239,.T.);
#10242=ORIENTED_EDGE('',*,*,#10241,.T.);
#10244=ORIENTED_EDGE('',*,*,#10243,.T.);
#10246=ORIENTED_EDGE('',*,*,#10245,.T.);
#10248=ORIENTED_EDGE('',*,*,#10247,.T.);
#10249=EDGE_LOOP('',(#10236,#10238,#10240,#10242,#10244,#10246,#10248));
#10250=FACE_OUTER_BOUND('',#10249,.F.);
#10251=ADVANCED_FACE('',(#10250),#10235,.F.);
#10252=CARTESIAN_POINT('',(1.02E1,-3.3E0,-6.7E0));
#10253=DIRECTION('',(0.E0,-1.E0,0.E0));
#10254=DIRECTION('',(0.E0,0.E0,-1.E0));
#10255=AXIS2_PLACEMENT_3D('',#10252,#10253,#10254);
#10256=PLANE('',#10255);
#10257=ORIENTED_EDGE('',*,*,#5768,.T.);
#10259=ORIENTED_EDGE('',*,*,#10258,.T.);
#10261=ORIENTED_EDGE('',*,*,#10260,.F.);
#10262=ORIENTED_EDGE('',*,*,#10216,.F.);
#10263=EDGE_LOOP('',(#10257,#10259,#10261,#10262));
#10264=FACE_OUTER_BOUND('',#10263,.F.);
#10265=ADVANCED_FACE('',(#10264),#10256,.T.);
#10266=CARTESIAN_POINT('',(1.06E1,-4.5E0,6.2E0));
#10267=DIRECTION('',(1.E0,0.E0,0.E0));
#10268=DIRECTION('',(0.E0,1.E0,0.E0));
#10269=AXIS2_PLACEMENT_3D('',#10266,#10267,#10268);
#10270=PLANE('',#10269);
#10271=ORIENTED_EDGE('',*,*,#5766,.T.);
#10273=ORIENTED_EDGE('',*,*,#10272,.F.);
#10275=ORIENTED_EDGE('',*,*,#10274,.F.);
#10277=ORIENTED_EDGE('',*,*,#10276,.F.);
#10279=ORIENTED_EDGE('',*,*,#10278,.F.);
#10281=ORIENTED_EDGE('',*,*,#10280,.F.);
#10282=ORIENTED_EDGE('',*,*,#10258,.F.);
#10283=EDGE_LOOP('',(#10271,#10273,#10275,#10277,#10279,#10281,#10282));
#10284=FACE_OUTER_BOUND('',#10283,.F.);
#10285=ADVANCED_FACE('',(#10284),#10270,.T.);
#10286=CARTESIAN_POINT('',(1.06E1,-4.5E0,6.2E0));
#10287=DIRECTION('',(1.E0,0.E0,0.E0));
#10288=DIRECTION('',(0.E0,1.E0,0.E0));
#10289=AXIS2_PLACEMENT_3D('',#10286,#10287,#10288);
#10290=PLANE('',#10289);
#10291=ORIENTED_EDGE('',*,*,#5776,.T.);
#10293=ORIENTED_EDGE('',*,*,#10292,.F.);
#10295=ORIENTED_EDGE('',*,*,#10294,.F.);
#10297=ORIENTED_EDGE('',*,*,#10296,.F.);
#10299=ORIENTED_EDGE('',*,*,#10298,.F.);
#10301=ORIENTED_EDGE('',*,*,#10300,.F.);
#10303=ORIENTED_EDGE('',*,*,#10302,.F.);
#10304=EDGE_LOOP('',(#10291,#10293,#10295,#10297,#10299,#10301,#10303));
#10305=FACE_OUTER_BOUND('',#10304,.F.);
#10306=ADVANCED_FACE('',(#10305),#10290,.T.);
#10307=CARTESIAN_POINT('',(1.02E1,-2.785E0,-1.18E1));
#10308=DIRECTION('',(0.E0,1.E0,0.E0));
#10309=DIRECTION('',(0.E0,0.E0,1.E0));
#10310=AXIS2_PLACEMENT_3D('',#10307,#10308,#10309);
#10311=PLANE('',#10310);
#10312=ORIENTED_EDGE('',*,*,#5764,.F.);
#10313=ORIENTED_EDGE('',*,*,#10226,.F.);
#10315=ORIENTED_EDGE('',*,*,#10314,.T.);
#10316=ORIENTED_EDGE('',*,*,#10272,.T.);
#10317=EDGE_LOOP('',(#10312,#10313,#10315,#10316));
#10318=FACE_OUTER_BOUND('',#10317,.F.);
#10319=ADVANCED_FACE('',(#10318),#10311,.T.);
#10320=CARTESIAN_POINT('',(1.02E1,-3.3E0,-1.18E1));
#10321=DIRECTION('',(0.E0,0.E0,-1.E0));
#10322=DIRECTION('',(0.E0,1.E0,0.E0));
#10323=AXIS2_PLACEMENT_3D('',#10320,#10321,#10322);
#10324=PLANE('',#10323);
#10325=ORIENTED_EDGE('',*,*,#10224,.F.);
#10327=ORIENTED_EDGE('',*,*,#10326,.T.);
#10328=ORIENTED_EDGE('',*,*,#10274,.T.);
#10329=ORIENTED_EDGE('',*,*,#10314,.F.);
#10330=EDGE_LOOP('',(#10325,#10327,#10328,#10329));
#10331=FACE_OUTER_BOUND('',#10330,.F.);
#10332=ADVANCED_FACE('',(#10331),#10324,.T.);
#10333=CARTESIAN_POINT('',(1.02E1,-3.95E0,-1.035E1));
#10334=DIRECTION('',(0.E0,-9.125093245150E-1,-4.090559040929E-1));
#10335=DIRECTION('',(0.E0,4.090559040929E-1,-9.125093245150E-1));
#10336=AXIS2_PLACEMENT_3D('',#10333,#10334,#10335);
#10337=PLANE('',#10336);
#10338=ORIENTED_EDGE('',*,*,#10222,.F.);
#10340=ORIENTED_EDGE('',*,*,#10339,.T.);
#10341=ORIENTED_EDGE('',*,*,#10276,.T.);
#10342=ORIENTED_EDGE('',*,*,#10326,.F.);
#10343=EDGE_LOOP('',(#10338,#10340,#10341,#10342));
#10344=FACE_OUTER_BOUND('',#10343,.F.);
#10345=ADVANCED_FACE('',(#10344),#10337,.T.);
#10346=CARTESIAN_POINT('',(1.02E1,-3.95E0,-1.005E1));
#10347=DIRECTION('',(0.E0,-1.E0,0.E0));
#10348=DIRECTION('',(0.E0,0.E0,-1.E0));
#10349=AXIS2_PLACEMENT_3D('',#10346,#10347,#10348);
#10350=PLANE('',#10349);
#10351=ORIENTED_EDGE('',*,*,#10220,.F.);
#10353=ORIENTED_EDGE('',*,*,#10352,.T.);
#10354=ORIENTED_EDGE('',*,*,#10278,.T.);
#10355=ORIENTED_EDGE('',*,*,#10339,.F.);
#10356=EDGE_LOOP('',(#10351,#10353,#10354,#10355));
#10357=FACE_OUTER_BOUND('',#10356,.F.);
#10358=ADVANCED_FACE('',(#10357),#10350,.T.);
#10359=CARTESIAN_POINT('',(1.02E1,-3.3E0,-1.005E1));
#10360=DIRECTION('',(0.E0,0.E0,1.E0));
#10361=DIRECTION('',(0.E0,-1.E0,0.E0));
#10362=AXIS2_PLACEMENT_3D('',#10359,#10360,#10361);
#10363=PLANE('',#10362);
#10364=ORIENTED_EDGE('',*,*,#10218,.F.);
#10365=ORIENTED_EDGE('',*,*,#10260,.T.);
#10366=ORIENTED_EDGE('',*,*,#10280,.T.);
#10367=ORIENTED_EDGE('',*,*,#10352,.F.);
#10368=EDGE_LOOP('',(#10364,#10365,#10366,#10367));
#10369=FACE_OUTER_BOUND('',#10368,.F.);
#10370=ADVANCED_FACE('',(#10369),#10363,.T.);
#10371=CARTESIAN_POINT('',(1.02E1,-9.E-1,-1.005E1));
#10372=DIRECTION('',(0.E0,1.E0,0.E0));
#10373=DIRECTION('',(0.E0,0.E0,1.E0));
#10374=AXIS2_PLACEMENT_3D('',#10371,#10372,#10373);
#10375=PLANE('',#10374);
#10376=ORIENTED_EDGE('',*,*,#5774,.F.);
#10377=ORIENTED_EDGE('',*,*,#10247,.F.);
#10379=ORIENTED_EDGE('',*,*,#10378,.T.);
#10380=ORIENTED_EDGE('',*,*,#10292,.T.);
#10381=EDGE_LOOP('',(#10376,#10377,#10379,#10380));
#10382=FACE_OUTER_BOUND('',#10381,.F.);
#10383=ADVANCED_FACE('',(#10382),#10375,.T.);
#10384=CARTESIAN_POINT('',(1.02E1,-2.5E-1,-1.005E1));
#10385=DIRECTION('',(0.E0,0.E0,1.E0));
#10386=DIRECTION('',(0.E0,-1.E0,0.E0));
#10387=AXIS2_PLACEMENT_3D('',#10384,#10385,#10386);
#10388=PLANE('',#10387);
#10389=ORIENTED_EDGE('',*,*,#10245,.F.);
#10391=ORIENTED_EDGE('',*,*,#10390,.T.);
#10392=ORIENTED_EDGE('',*,*,#10294,.T.);
#10393=ORIENTED_EDGE('',*,*,#10378,.F.);
#10394=EDGE_LOOP('',(#10389,#10391,#10392,#10393));
#10395=FACE_OUTER_BOUND('',#10394,.F.);
#10396=ADVANCED_FACE('',(#10395),#10388,.T.);
#10397=CARTESIAN_POINT('',(1.02E1,-2.5E-1,-1.035E1));
#10398=DIRECTION('',(0.E0,1.E0,0.E0));
#10399=DIRECTION('',(0.E0,0.E0,1.E0));
#10400=AXIS2_PLACEMENT_3D('',#10397,#10398,#10399);
#10401=PLANE('',#10400);
#10402=ORIENTED_EDGE('',*,*,#10243,.F.);
#10404=ORIENTED_EDGE('',*,*,#10403,.T.);
#10405=ORIENTED_EDGE('',*,*,#10296,.T.);
#10406=ORIENTED_EDGE('',*,*,#10390,.F.);
#10407=EDGE_LOOP('',(#10402,#10404,#10405,#10406));
#10408=FACE_OUTER_BOUND('',#10407,.F.);
#10409=ADVANCED_FACE('',(#10408),#10401,.T.);
#10410=CARTESIAN_POINT('',(1.02E1,-9.E-1,-1.18E1));
#10411=DIRECTION('',(0.E0,9.125093245150E-1,-4.090559040929E-1));
#10412=DIRECTION('',(0.E0,4.090559040929E-1,9.125093245150E-1));
#10413=AXIS2_PLACEMENT_3D('',#10410,#10411,#10412);
#10414=PLANE('',#10413);
#10415=ORIENTED_EDGE('',*,*,#10241,.F.);
#10417=ORIENTED_EDGE('',*,*,#10416,.T.);
#10418=ORIENTED_EDGE('',*,*,#10298,.T.);
#10419=ORIENTED_EDGE('',*,*,#10403,.F.);
#10420=EDGE_LOOP('',(#10415,#10417,#10418,#10419));
#10421=FACE_OUTER_BOUND('',#10420,.F.);
#10422=ADVANCED_FACE('',(#10421),#10414,.T.);
#10423=CARTESIAN_POINT('',(1.02E1,-1.415E0,-1.18E1));
#10424=DIRECTION('',(0.E0,0.E0,-1.E0));
#10425=DIRECTION('',(0.E0,1.E0,0.E0));
#10426=AXIS2_PLACEMENT_3D('',#10423,#10424,#10425);
#10427=PLANE('',#10426);
#10428=ORIENTED_EDGE('',*,*,#10239,.F.);
#10430=ORIENTED_EDGE('',*,*,#10429,.T.);
#10431=ORIENTED_EDGE('',*,*,#10300,.T.);
#10432=ORIENTED_EDGE('',*,*,#10416,.F.);
#10433=EDGE_LOOP('',(#10428,#10430,#10431,#10432));
#10434=FACE_OUTER_BOUND('',#10433,.F.);
#10435=ADVANCED_FACE('',(#10434),#10427,.T.);
#10436=CARTESIAN_POINT('',(1.02E1,-1.415E0,-6.7E0));
#10437=DIRECTION('',(0.E0,-1.E0,0.E0));
#10438=DIRECTION('',(0.E0,0.E0,-1.E0));
#10439=AXIS2_PLACEMENT_3D('',#10436,#10437,#10438);
#10440=PLANE('',#10439);
#10441=ORIENTED_EDGE('',*,*,#5778,.T.);
#10442=ORIENTED_EDGE('',*,*,#10302,.T.);
#10443=ORIENTED_EDGE('',*,*,#10429,.F.);
#10444=ORIENTED_EDGE('',*,*,#10237,.F.);
#10445=EDGE_LOOP('',(#10441,#10442,#10443,#10444));
#10446=FACE_OUTER_BOUND('',#10445,.F.);
#10447=ADVANCED_FACE('',(#10446),#10440,.T.);
#10448=CARTESIAN_POINT('',(-1.02E1,-4.5E0,6.2E0));
#10449=DIRECTION('',(1.E0,0.E0,0.E0));
#10450=DIRECTION('',(0.E0,1.E0,0.E0));
#10451=AXIS2_PLACEMENT_3D('',#10448,#10449,#10450);
#10452=PLANE('',#10451);
#10454=ORIENTED_EDGE('',*,*,#10453,.F.);
#10455=ORIENTED_EDGE('',*,*,#5782,.T.);
#10457=ORIENTED_EDGE('',*,*,#10456,.F.);
#10459=ORIENTED_EDGE('',*,*,#10458,.F.);
#10461=ORIENTED_EDGE('',*,*,#10460,.F.);
#10463=ORIENTED_EDGE('',*,*,#10462,.F.);
#10465=ORIENTED_EDGE('',*,*,#10464,.F.);
#10466=EDGE_LOOP('',(#10454,#10455,#10457,#10459,#10461,#10463,#10465));
#10467=FACE_OUTER_BOUND('',#10466,.F.);
#10468=ADVANCED_FACE('',(#10467),#10452,.T.);
#10469=CARTESIAN_POINT('',(-1.02E1,-4.5E0,6.2E0));
#10470=DIRECTION('',(1.E0,0.E0,0.E0));
#10471=DIRECTION('',(0.E0,1.E0,0.E0));
#10472=AXIS2_PLACEMENT_3D('',#10469,#10470,#10471);
#10473=PLANE('',#10472);
#10475=ORIENTED_EDGE('',*,*,#10474,.F.);
#10476=ORIENTED_EDGE('',*,*,#5792,.T.);
#10478=ORIENTED_EDGE('',*,*,#10477,.F.);
#10480=ORIENTED_EDGE('',*,*,#10479,.F.);
#10482=ORIENTED_EDGE('',*,*,#10481,.F.);
#10484=ORIENTED_EDGE('',*,*,#10483,.F.);
#10486=ORIENTED_EDGE('',*,*,#10485,.F.);
#10487=EDGE_LOOP('',(#10475,#10476,#10478,#10480,#10482,#10484,#10486));
#10488=FACE_OUTER_BOUND('',#10487,.F.);
#10489=ADVANCED_FACE('',(#10488),#10473,.T.);
#10490=CARTESIAN_POINT('',(-1.02E1,-3.3E0,-6.7E0));
#10491=DIRECTION('',(0.E0,1.E0,0.E0));
#10492=DIRECTION('',(0.E0,0.E0,-1.E0));
#10493=AXIS2_PLACEMENT_3D('',#10490,#10491,#10492);
#10494=PLANE('',#10493);
#10495=ORIENTED_EDGE('',*,*,#10453,.T.);
#10497=ORIENTED_EDGE('',*,*,#10496,.T.);
#10499=ORIENTED_EDGE('',*,*,#10498,.F.);
#10500=ORIENTED_EDGE('',*,*,#5784,.F.);
#10501=EDGE_LOOP('',(#10495,#10497,#10499,#10500));
#10502=FACE_OUTER_BOUND('',#10501,.F.);
#10503=ADVANCED_FACE('',(#10502),#10494,.F.);
#10504=CARTESIAN_POINT('',(-1.02E1,-3.3E0,-9.29E0));
#10505=DIRECTION('',(0.E0,0.E0,-1.E0));
#10506=DIRECTION('',(0.E0,-1.E0,0.E0));
#10507=AXIS2_PLACEMENT_3D('',#10504,#10505,#10506);
#10508=PLANE('',#10507);
#10509=ORIENTED_EDGE('',*,*,#10464,.T.);
#10511=ORIENTED_EDGE('',*,*,#10510,.T.);
#10513=ORIENTED_EDGE('',*,*,#10512,.F.);
#10514=ORIENTED_EDGE('',*,*,#10496,.F.);
#10515=EDGE_LOOP('',(#10509,#10511,#10513,#10514));
#10516=FACE_OUTER_BOUND('',#10515,.F.);
#10517=ADVANCED_FACE('',(#10516),#10508,.F.);
#10518=CARTESIAN_POINT('',(-1.02E1,-3.95E0,-9.29E0));
#10519=DIRECTION('',(0.E0,1.E0,0.E0));
#10520=DIRECTION('',(0.E0,0.E0,-1.E0));
#10521=AXIS2_PLACEMENT_3D('',#10518,#10519,#10520);
#10522=PLANE('',#10521);
#10523=ORIENTED_EDGE('',*,*,#10462,.T.);
#10525=ORIENTED_EDGE('',*,*,#10524,.T.);
#10527=ORIENTED_EDGE('',*,*,#10526,.F.);
#10528=ORIENTED_EDGE('',*,*,#10510,.F.);
#10529=EDGE_LOOP('',(#10523,#10525,#10527,#10528));
#10530=FACE_OUTER_BOUND('',#10529,.F.);
#10531=ADVANCED_FACE('',(#10530),#10522,.F.);
#10532=CARTESIAN_POINT('',(-1.02E1,-3.95E0,-9.59E0));
#10533=DIRECTION('',(0.E0,9.125093245150E-1,4.090559040929E-1));
#10534=DIRECTION('',(0.E0,4.090559040929E-1,-9.125093245150E-1));
#10535=AXIS2_PLACEMENT_3D('',#10532,#10533,#10534);
#10536=PLANE('',#10535);
#10537=ORIENTED_EDGE('',*,*,#10460,.T.);
#10539=ORIENTED_EDGE('',*,*,#10538,.T.);
#10541=ORIENTED_EDGE('',*,*,#10540,.F.);
#10542=ORIENTED_EDGE('',*,*,#10524,.F.);
#10543=EDGE_LOOP('',(#10537,#10539,#10541,#10542));
#10544=FACE_OUTER_BOUND('',#10543,.F.);
#10545=ADVANCED_FACE('',(#10544),#10536,.F.);
#10546=CARTESIAN_POINT('',(-1.02E1,-3.3E0,-1.104E1));
#10547=DIRECTION('',(0.E0,0.E0,1.E0));
#10548=DIRECTION('',(0.E0,1.E0,0.E0));
#10549=AXIS2_PLACEMENT_3D('',#10546,#10547,#10548);
#10550=PLANE('',#10549);
#10551=ORIENTED_EDGE('',*,*,#10458,.T.);
#10553=ORIENTED_EDGE('',*,*,#10552,.T.);
#10555=ORIENTED_EDGE('',*,*,#10554,.F.);
#10556=ORIENTED_EDGE('',*,*,#10538,.F.);
#10557=EDGE_LOOP('',(#10551,#10553,#10555,#10556));
#10558=FACE_OUTER_BOUND('',#10557,.F.);
#10559=ADVANCED_FACE('',(#10558),#10550,.F.);
#10560=CARTESIAN_POINT('',(-1.02E1,-2.785E0,-1.104E1));
#10561=DIRECTION('',(0.E0,-1.E0,0.E0));
#10562=DIRECTION('',(0.E0,0.E0,1.E0));
#10563=AXIS2_PLACEMENT_3D('',#10560,#10561,#10562);
#10564=PLANE('',#10563);
#10565=ORIENTED_EDGE('',*,*,#10456,.T.);
#10566=ORIENTED_EDGE('',*,*,#5788,.T.);
#10568=ORIENTED_EDGE('',*,*,#10567,.F.);
#10569=ORIENTED_EDGE('',*,*,#10552,.F.);
#10570=EDGE_LOOP('',(#10565,#10566,#10568,#10569));
#10571=FACE_OUTER_BOUND('',#10570,.F.);
#10572=ADVANCED_FACE('',(#10571),#10564,.F.);
#10573=CARTESIAN_POINT('',(-1.06E1,-4.5E0,6.2E0));
#10574=DIRECTION('',(1.E0,0.E0,0.E0));
#10575=DIRECTION('',(0.E0,1.E0,0.E0));
#10576=AXIS2_PLACEMENT_3D('',#10573,#10574,#10575);
#10577=PLANE('',#10576);
#10578=ORIENTED_EDGE('',*,*,#10498,.T.);
#10579=ORIENTED_EDGE('',*,*,#10512,.T.);
#10580=ORIENTED_EDGE('',*,*,#10526,.T.);
#10581=ORIENTED_EDGE('',*,*,#10540,.T.);
#10582=ORIENTED_EDGE('',*,*,#10554,.T.);
#10583=ORIENTED_EDGE('',*,*,#10567,.T.);
#10584=ORIENTED_EDGE('',*,*,#5786,.F.);
#10585=EDGE_LOOP('',(#10578,#10579,#10580,#10581,#10582,#10583,#10584));
#10586=FACE_OUTER_BOUND('',#10585,.F.);
#10587=ADVANCED_FACE('',(#10586),#10577,.F.);
#10588=CARTESIAN_POINT('',(-1.06E1,-4.5E0,6.2E0));
#10589=DIRECTION('',(1.E0,0.E0,0.E0));
#10590=DIRECTION('',(0.E0,1.E0,0.E0));
#10591=AXIS2_PLACEMENT_3D('',#10588,#10589,#10590);
#10592=PLANE('',#10591);
#10594=ORIENTED_EDGE('',*,*,#10593,.T.);
#10596=ORIENTED_EDGE('',*,*,#10595,.T.);
#10598=ORIENTED_EDGE('',*,*,#10597,.T.);
#10600=ORIENTED_EDGE('',*,*,#10599,.T.);
#10602=ORIENTED_EDGE('',*,*,#10601,.T.);
#10604=ORIENTED_EDGE('',*,*,#10603,.T.);
#10605=ORIENTED_EDGE('',*,*,#5796,.F.);
#10606=EDGE_LOOP('',(#10594,#10596,#10598,#10600,#10602,#10604,#10605));
#10607=FACE_OUTER_BOUND('',#10606,.F.);
#10608=ADVANCED_FACE('',(#10607),#10592,.F.);
#10609=CARTESIAN_POINT('',(-1.02E1,-1.415E0,-6.7E0));
#10610=DIRECTION('',(0.E0,1.E0,0.E0));
#10611=DIRECTION('',(0.E0,0.E0,-1.E0));
#10612=AXIS2_PLACEMENT_3D('',#10609,#10610,#10611);
#10613=PLANE('',#10612);
#10614=ORIENTED_EDGE('',*,*,#10474,.T.);
#10616=ORIENTED_EDGE('',*,*,#10615,.T.);
#10617=ORIENTED_EDGE('',*,*,#10593,.F.);
#10618=ORIENTED_EDGE('',*,*,#5794,.F.);
#10619=EDGE_LOOP('',(#10614,#10616,#10617,#10618));
#10620=FACE_OUTER_BOUND('',#10619,.F.);
#10621=ADVANCED_FACE('',(#10620),#10613,.F.);
#10622=CARTESIAN_POINT('',(-1.02E1,-1.415E0,-1.104E1));
#10623=DIRECTION('',(0.E0,0.E0,1.E0));
#10624=DIRECTION('',(0.E0,1.E0,0.E0));
#10625=AXIS2_PLACEMENT_3D('',#10622,#10623,#10624);
#10626=PLANE('',#10625);
#10627=ORIENTED_EDGE('',*,*,#10485,.T.);
#10629=ORIENTED_EDGE('',*,*,#10628,.T.);
#10630=ORIENTED_EDGE('',*,*,#10595,.F.);
#10631=ORIENTED_EDGE('',*,*,#10615,.F.);
#10632=EDGE_LOOP('',(#10627,#10629,#10630,#10631));
#10633=FACE_OUTER_BOUND('',#10632,.F.);
#10634=ADVANCED_FACE('',(#10633),#10626,.F.);
#10635=CARTESIAN_POINT('',(-1.02E1,-9.E-1,-1.104E1));
#10636=DIRECTION('',(0.E0,-9.125093245150E-1,4.090559040929E-1));
#10637=DIRECTION('',(0.E0,4.090559040929E-1,9.125093245150E-1));
#10638=AXIS2_PLACEMENT_3D('',#10635,#10636,#10637);
#10639=PLANE('',#10638);
#10640=ORIENTED_EDGE('',*,*,#10483,.T.);
#10642=ORIENTED_EDGE('',*,*,#10641,.T.);
#10643=ORIENTED_EDGE('',*,*,#10597,.F.);
#10644=ORIENTED_EDGE('',*,*,#10628,.F.);
#10645=EDGE_LOOP('',(#10640,#10642,#10643,#10644));
#10646=FACE_OUTER_BOUND('',#10645,.F.);
#10647=ADVANCED_FACE('',(#10646),#10639,.F.);
#10648=CARTESIAN_POINT('',(-1.02E1,-2.5E-1,-9.59E0));
#10649=DIRECTION('',(0.E0,-1.E0,0.E0));
#10650=DIRECTION('',(0.E0,0.E0,1.E0));
#10651=AXIS2_PLACEMENT_3D('',#10648,#10649,#10650);
#10652=PLANE('',#10651);
#10653=ORIENTED_EDGE('',*,*,#10481,.T.);
#10655=ORIENTED_EDGE('',*,*,#10654,.T.);
#10656=ORIENTED_EDGE('',*,*,#10599,.F.);
#10657=ORIENTED_EDGE('',*,*,#10641,.F.);
#10658=EDGE_LOOP('',(#10653,#10655,#10656,#10657));
#10659=FACE_OUTER_BOUND('',#10658,.F.);
#10660=ADVANCED_FACE('',(#10659),#10652,.F.);
#10661=CARTESIAN_POINT('',(-1.02E1,-2.5E-1,-9.29E0));
#10662=DIRECTION('',(0.E0,0.E0,-1.E0));
#10663=DIRECTION('',(0.E0,-1.E0,0.E0));
#10664=AXIS2_PLACEMENT_3D('',#10661,#10662,#10663);
#10665=PLANE('',#10664);
#10666=ORIENTED_EDGE('',*,*,#10479,.T.);
#10668=ORIENTED_EDGE('',*,*,#10667,.T.);
#10669=ORIENTED_EDGE('',*,*,#10601,.F.);
#10670=ORIENTED_EDGE('',*,*,#10654,.F.);
#10671=EDGE_LOOP('',(#10666,#10668,#10669,#10670));
#10672=FACE_OUTER_BOUND('',#10671,.F.);
#10673=ADVANCED_FACE('',(#10672),#10665,.F.);
#10674=CARTESIAN_POINT('',(-1.02E1,-9.E-1,-9.29E0));
#10675=DIRECTION('',(0.E0,-1.E0,0.E0));
#10676=DIRECTION('',(0.E0,0.E0,1.E0));
#10677=AXIS2_PLACEMENT_3D('',#10674,#10675,#10676);
#10678=PLANE('',#10677);
#10679=ORIENTED_EDGE('',*,*,#10477,.T.);
#10680=ORIENTED_EDGE('',*,*,#5798,.T.);
#10681=ORIENTED_EDGE('',*,*,#10603,.F.);
#10682=ORIENTED_EDGE('',*,*,#10667,.F.);
#10683=EDGE_LOOP('',(#10679,#10680,#10681,#10682));
#10684=FACE_OUTER_BOUND('',#10683,.F.);
#10685=ADVANCED_FACE('',(#10684),#10678,.F.);
#10686=CARTESIAN_POINT('',(1.1505E1,2.05E0,-7.45E0));
#10687=DIRECTION('',(0.E0,-1.E0,0.E0));
#10688=DIRECTION('',(-1.E0,0.E0,0.E0));
#10689=AXIS2_PLACEMENT_3D('',#10686,#10687,#10688);
#10690=PLANE('',#10689);
#10691=ORIENTED_EDGE('',*,*,#5625,.F.);
#10692=ORIENTED_EDGE('',*,*,#5549,.T.);
#10693=ORIENTED_EDGE('',*,*,#5585,.T.);
#10695=ORIENTED_EDGE('',*,*,#10694,.F.);
#10696=EDGE_LOOP('',(#10691,#10692,#10693,#10695));
#10697=FACE_OUTER_BOUND('',#10696,.F.);
#10698=ADVANCED_FACE('',(#10697),#10690,.F.);
#10699=CARTESIAN_POINT('',(8.805E0,2.05E0,-7.45E0));
#10700=DIRECTION('',(-1.E0,0.E0,0.E0));
#10701=DIRECTION('',(0.E0,1.E0,0.E0));
#10702=AXIS2_PLACEMENT_3D('',#10699,#10700,#10701);
#10703=PLANE('',#10702);
#10704=ORIENTED_EDGE('',*,*,#5627,.F.);
#10705=ORIENTED_EDGE('',*,*,#10694,.T.);
#10706=ORIENTED_EDGE('',*,*,#5583,.T.);
#10707=ORIENTED_EDGE('',*,*,#5613,.F.);
#10708=EDGE_LOOP('',(#10704,#10705,#10706,#10707));
#10709=FACE_OUTER_BOUND('',#10708,.F.);
#10710=ADVANCED_FACE('',(#10709),#10703,.F.);
#10711=CLOSED_SHELL('',(#5107,#5135,#5163,#5190,#5214,#5246,#5269,#5300,#5323,
#5339,#5355,#5370,#5385,#5401,#5417,#5433,#5448,#5469,#5482,#5505,#5527,#5541,
#5574,#5589,#5605,#5619,#5932,#5947,#5962,#5978,#5994,#6008,#6022,#6037,#6053,
#6069,#6082,#6094,#6107,#6120,#6132,#6168,#6200,#6213,#6226,#6238,#6251,#6264,
#6276,#6290,#6329,#6362,#6400,#6437,#6475,#6490,#6505,#6520,#6535,#6549,#6563,
#6578,#6593,#6608,#6621,#6633,#6646,#6659,#6671,#6684,#6697,#6709,#6722,#6735,
#6747,#6762,#6777,#6792,#6807,#6821,#6835,#6850,#6865,#6880,#6893,#6905,#6918,
#6931,#6943,#6956,#6969,#6981,#6994,#7007,#7019,#7032,#7045,#7064,#7081,#7094,
#7106,#7160,#7174,#7196,#7209,#7222,#7234,#7247,#7259,#7272,#7284,#7307,#7320,
#7337,#7353,#7366,#7379,#7400,#7432,#7451,#7464,#7476,#7491,#7504,#7516,#7531,
#7550,#7570,#7590,#7605,#7621,#7633,#7646,#7666,#7684,#7707,#7722,#7736,#7751,
#7767,#7786,#7801,#7816,#7829,#7844,#7866,#7923,#7938,#7952,#8047,#8062,#8077,
#8093,#8109,#8124,#8139,#8154,#8169,#8184,#8199,#8217,#8232,#8246,#8262,#8278,
#8291,#8304,#8317,#8329,#8341,#8353,#8369,#8389,#8402,#8421,#8435,#8450,#8464,
#8478,#8491,#8506,#8520,#8532,#8546,#8559,#8571,#8583,#8595,#8607,#8633,#8648,
#8662,#8677,#8691,#8705,#8718,#8748,#8761,#8774,#8786,#8799,#8812,#8824,#8835,
#8849,#8863,#8876,#8891,#8901,#8915,#8929,#8943,#8958,#8972,#8987,#9000,#9014,
#9026,#9039,#9053,#9068,#9081,#9095,#9109,#9124,#9136,#9150,#9163,#9177,#9189,
#9201,#9213,#9225,#9237,#9249,#9261,#9273,#9285,#9297,#9326,#9339,#9352,#9364,
#9378,#9391,#9410,#9424,#9442,#9455,#9470,#9485,#9497,#9513,#9526,#9544,#9556,
#9569,#9581,#9593,#9611,#9623,#9635,#9649,#9666,#9679,#9695,#9707,#9720,#9735,
#9747,#9762,#9774,#9786,#9797,#9808,#9820,#9842,#9858,#9881,#9897,#9914,#9927,
#9939,#9951,#9964,#9976,#9988,#10000,#10012,#10025,#10038,#10054,#10077,#10090,
#10102,#10118,#10135,#10148,#10160,#10172,#10185,#10197,#10209,#10230,#10251,
#10265,#10285,#10306,#10319,#10332,#10345,#10358,#10370,#10383,#10396,#10409,
#10422,#10435,#10447,#10468,#10489,#10503,#10517,#10531,#10545,#10559,#10572,
#10587,#10608,#10621,#10634,#10647,#10660,#10673,#10685,#10698,#10710));
#10712=MANIFOLD_SOLID_BREP('',#10711);
#10713=CARTESIAN_POINT('',(0.E0,0.E0,0.E0));
#10714=DIRECTION('',(0.E0,0.E0,1.E0));
#10715=DIRECTION('',(1.E0,0.E0,0.E0));
#10716=AXIS2_PLACEMENT_3D('CSYS',#10713,#10714,#10715);
#10717=CARTESIAN_POINT('',(4.2E0,2.3E0,-7.45E0));
#10718=DIRECTION('',(0.E0,0.E0,-1.E0));
#10719=DIRECTION('',(-1.E0,0.E0,0.E0));
#10720=AXIS2_PLACEMENT_3D('',#10717,#10718,#10719);
#10724=CARTESIAN_POINT('',(4.2E0,2.3E0,-7.45E0));
#10725=DIRECTION('',(0.E0,0.E0,-1.E0));
#10726=DIRECTION('',(1.E0,0.E0,0.E0));
#10727=AXIS2_PLACEMENT_3D('',#10724,#10725,#10726);
#10733=CARTESIAN_POINT('',(4.2E0,-1.9E0,-7.45E0));
#10734=DIRECTION('',(0.E0,0.E0,-1.E0));
#10735=DIRECTION('',(-1.E0,0.E0,0.E0));
#10736=AXIS2_PLACEMENT_3D('',#10733,#10734,#10735);
#10740=CARTESIAN_POINT('',(4.2E0,-1.9E0,-7.45E0));
#10741=DIRECTION('',(0.E0,0.E0,-1.E0));
#10742=DIRECTION('',(1.E0,0.E0,0.E0));
#10743=AXIS2_PLACEMENT_3D('',#10740,#10741,#10742);
#10748=CARTESIAN_POINT('',(0.E0,2.3E0,-7.45E0));
#10749=DIRECTION('',(0.E0,0.E0,-1.E0));
#10750=DIRECTION('',(-1.E0,0.E0,0.E0));
#10751=AXIS2_PLACEMENT_3D('',#10748,#10749,#10750);
#10755=CARTESIAN_POINT('',(0.E0,2.3E0,-7.45E0));
#10756=DIRECTION('',(0.E0,0.E0,-1.E0));
#10757=DIRECTION('',(1.E0,0.E0,0.E0));
#10758=AXIS2_PLACEMENT_3D('',#10755,#10756,#10757);
#10763=CARTESIAN_POINT('',(0.E0,-1.9E0,-7.45E0));
#10764=DIRECTION('',(0.E0,0.E0,-1.E0));
#10765=DIRECTION('',(-1.E0,0.E0,0.E0));
#10766=AXIS2_PLACEMENT_3D('',#10763,#10764,#10765);
#10770=CARTESIAN_POINT('',(0.E0,-1.9E0,-7.45E0));
#10771=DIRECTION('',(0.E0,0.E0,-1.E0));
#10772=DIRECTION('',(1.E0,0.E0,0.E0));
#10773=AXIS2_PLACEMENT_3D('',#10770,#10771,#10772);
#10778=CARTESIAN_POINT('',(-4.2E0,2.3E0,-7.45E0));
#10779=DIRECTION('',(0.E0,0.E0,-1.E0));
#10780=DIRECTION('',(-1.E0,0.E0,0.E0));
#10781=AXIS2_PLACEMENT_3D('',#10778,#10779,#10780);
#10785=CARTESIAN_POINT('',(-4.2E0,2.3E0,-7.45E0));
#10786=DIRECTION('',(0.E0,0.E0,-1.E0));
#10787=DIRECTION('',(1.E0,0.E0,0.E0));
#10788=AXIS2_PLACEMENT_3D('',#10785,#10786,#10787);
#10793=CARTESIAN_POINT('',(-4.2E0,-1.9E0,-7.45E0));
#10794=DIRECTION('',(0.E0,0.E0,-1.E0));
#10795=DIRECTION('',(-1.E0,0.E0,0.E0));
#10796=AXIS2_PLACEMENT_3D('',#10793,#10794,#10795);
#10800=CARTESIAN_POINT('',(-4.2E0,-1.9E0,-7.45E0));
#10801=DIRECTION('',(0.E0,0.E0,-1.E0));
#10802=DIRECTION('',(1.E0,0.E0,0.E0));
#10803=AXIS2_PLACEMENT_3D('',#10800,#10801,#10802);
#10808=CARTESIAN_POINT('',(-1.039E1,-2.1E0,-7.45E0));
#10809=DIRECTION('',(0.E0,0.E0,-1.E0));
#10810=DIRECTION('',(-1.E0,0.E0,0.E0));
#10811=AXIS2_PLACEMENT_3D('',#10808,#10809,#10810);
#10815=CARTESIAN_POINT('',(-1.039E1,-2.1E0,-7.45E0));
#10816=DIRECTION('',(0.E0,0.E0,-1.E0));
#10817=DIRECTION('',(1.E0,0.E0,0.E0));
#10818=AXIS2_PLACEMENT_3D('',#10815,#10816,#10817);
#10823=CARTESIAN_POINT('',(1.041E1,-2.1E0,-7.45E0));
#10824=DIRECTION('',(0.E0,0.E0,-1.E0));
#10825=DIRECTION('',(-1.E0,0.E0,0.E0));
#10826=AXIS2_PLACEMENT_3D('',#10823,#10824,#10825);
#10830=CARTESIAN_POINT('',(1.041E1,-2.1E0,-7.45E0));
#10831=DIRECTION('',(0.E0,0.E0,-1.E0));
#10832=DIRECTION('',(1.E0,0.E0,0.E0));
#10833=AXIS2_PLACEMENT_3D('',#10830,#10831,#10832);
#10839=DIMENSIONAL_EXPONENTS(0.E0,0.E0,0.E0,0.E0,0.E0,0.E0,0.E0);
#10841=PLANE_ANGLE_MEASURE_WITH_UNIT(PLANE_ANGLE_MEASURE(1.745329251994E-2),
#10840);
#10842=(CONVERSION_BASED_UNIT('DEGREE',#10841)NAMED_UNIT(*)PLANE_ANGLE_UNIT());
#10844=UNCERTAINTY_MEASURE_WITH_UNIT(LENGTH_MEASURE(1.E-3),#10838,'closure',
'Maximum model space distance between geometric entities at asserted connectivities');
#10845=(GEOMETRIC_REPRESENTATION_CONTEXT(3)GLOBAL_UNCERTAINTY_ASSIGNED_CONTEXT((
#10844))GLOBAL_UNIT_ASSIGNED_CONTEXT((#10838,#10842,#10843))REPRESENTATION_CONTEXT('ID1','3'));
#10732=GEOMETRIC_SET('',(#10731,#10747,#10762,#10777,#10792,#10807,#10822,
#10837));
#10849=SHAPE_REPRESENTATION_RELATIONSHIP('','',#10848,#10846);
#10850=SHAPE_REPRESENTATION_RELATIONSHIP('','',#10848,#10847);
#10851=APPLICATION_CONTEXT(
'CONFIGURATION CONTROLLED 3D DESIGNS OF MECHANICAL PARTS AND ASSEMBLIES');
#10852=APPLICATION_PROTOCOL_DEFINITION('international standard',
'config_control_design',1994,#10851);
#10853=DESIGN_CONTEXT('',#10851,'design');
#10854=MECHANICAL_CONTEXT('',#10851,'mechanical');
#10855=PRODUCT('440680057','440680057','NOT SPECIFIED',(#10854));
#10856=PRODUCT_DEFINITION_FORMATION_WITH_SPECIFIED_SOURCE('4','LAST_VERSION',
#10855,.MADE.);
#10860=PRODUCT_CATEGORY('part','');
#10861=PRODUCT_RELATED_PRODUCT_CATEGORY('detail','',(#10855));
#10862=PRODUCT_CATEGORY_RELATIONSHIP('','',#10860,#10861);
#10863=SECURITY_CLASSIFICATION_LEVEL('unclassified');
#10864=SECURITY_CLASSIFICATION('','',#10863);
#10865=CC_DESIGN_SECURITY_CLASSIFICATION(#10864,(#10856));
#10866=APPROVAL_STATUS('approved');
#10867=APPROVAL(#10866,'');
#10868=CC_DESIGN_APPROVAL(#10867,(#10864,#10856,#10857));
#10869=CALENDAR_DATE(115,20,10);
#10870=COORDINATED_UNIVERSAL_TIME_OFFSET(5,30,.AHEAD.);
#10871=LOCAL_TIME(21,53,3.8E1,#10870);
#10872=DATE_AND_TIME(#10869,#10871);
#10873=APPROVAL_DATE_TIME(#10872,#10867);
#10874=DATE_TIME_ROLE('creation_date');
#10875=CC_DESIGN_DATE_AND_TIME_ASSIGNMENT(#10872,#10874,(#10857));
#10876=DATE_TIME_ROLE('classification_date');
#10877=CC_DESIGN_DATE_AND_TIME_ASSIGNMENT(#10872,#10876,(#10864));
#10878=PERSON('UNSPECIFIED','UNSPECIFIED',$,$,$,$);
#10879=ORGANIZATION('UNSPECIFIED','UNSPECIFIED','UNSPECIFIED');
#10880=PERSON_AND_ORGANIZATION(#10878,#10879);
#10881=APPROVAL_ROLE('approver');
#10882=APPROVAL_PERSON_ORGANIZATION(#10880,#10867,#10881);
#10883=PERSON_AND_ORGANIZATION_ROLE('creator');
#10884=CC_DESIGN_PERSON_AND_ORGANIZATION_ASSIGNMENT(#10880,#10883,(#10856,
#10857));
#10885=PERSON_AND_ORGANIZATION_ROLE('design_supplier');
#10886=CC_DESIGN_PERSON_AND_ORGANIZATION_ASSIGNMENT(#10880,#10885,(#10856));
#10887=PERSON_AND_ORGANIZATION_ROLE('classification_officer');
#10888=CC_DESIGN_PERSON_AND_ORGANIZATION_ASSIGNMENT(#10880,#10887,(#10864));
#10889=PERSON_AND_ORGANIZATION_ROLE('design_owner');
#10890=CC_DESIGN_PERSON_AND_ORGANIZATION_ASSIGNMENT(#10880,#10889,(#10855));
#2735=B_SPLINE_CURVE_WITH_KNOTS('',3,(#2729,#2730,#2731,#2732,#2733,#2734),
.UNSPECIFIED.,.F.,.F.,(4,1,1,4),(0.E0,5.E-1,7.5E-1,1.E0),.UNSPECIFIED.);
#2746=B_SPLINE_CURVE_WITH_KNOTS('',3,(#2740,#2741,#2742,#2743,#2744,#2745),
.UNSPECIFIED.,.F.,.F.,(4,1,1,4),(0.E0,2.5E-1,5.E-1,1.E0),.UNSPECIFIED.);
#2859=CIRCLE('',#2858,2.E-1);
#2876=CIRCLE('',#2875,2.E-1);
#5093=EDGE_CURVE('',#4926,#4927,#4,.T.);
#5095=EDGE_CURVE('',#3962,#4927,#2228,.T.);
#5097=EDGE_CURVE('',#3961,#3962,#8,.T.);
#5099=EDGE_CURVE('',#3961,#3902,#12,.T.);
#5101=EDGE_CURVE('',#3902,#3977,#16,.T.);
#5103=EDGE_CURVE('',#3977,#4926,#20,.T.);
#5113=EDGE_CURVE('',#4082,#4935,#84,.T.);
#5115=EDGE_CURVE('',#4082,#4065,#24,.T.);
#5117=EDGE_CURVE('',#4065,#4066,#344,.T.);
#5119=EDGE_CURVE('',#4078,#4066,#3308,.T.);
#5121=EDGE_CURVE('',#4056,#4078,#184,.T.);
#5123=EDGE_CURVE('',#3981,#4056,#28,.T.);
#5125=EDGE_CURVE('',#3981,#3839,#32,.T.);
#5127=EDGE_CURVE('',#3839,#3949,#36,.T.);
#5129=EDGE_CURVE('',#3949,#3950,#40,.T.);
#5131=EDGE_CURVE('',#4935,#3950,#2252,.T.);
#5141=EDGE_CURVE('',#4069,#4070,#44,.T.);
#5143=EDGE_CURVE('',#4923,#4069,#404,.T.);
#5145=EDGE_CURVE('',#4923,#4005,#48,.T.);
#5147=EDGE_CURVE('',#4005,#4006,#52,.T.);
#5149=EDGE_CURVE('',#4006,#4008,#56,.T.);
#5151=EDGE_CURVE('',#4008,#4010,#60,.T.);
#5153=EDGE_CURVE('',#4010,#4012,#64,.T.);
#5155=EDGE_CURVE('',#4012,#4014,#68,.T.);
#5157=EDGE_CURVE('',#4014,#4933,#72,.T.);
#5159=EDGE_CURVE('',#4933,#4070,#76,.T.);
#5169=EDGE_CURVE('',#4081,#4082,#80,.T.);
#5172=EDGE_CURVE('',#4935,#4942,#88,.T.);
#5174=EDGE_CURVE('',#4942,#4943,#92,.T.);
#5176=EDGE_CURVE('',#4943,#4945,#96,.T.);
#5178=EDGE_CURVE('',#4945,#4947,#100,.T.);
#5180=EDGE_CURVE('',#4947,#4949,#104,.T.);
#5182=EDGE_CURVE('',#4949,#4951,#108,.T.);
#5184=EDGE_CURVE('',#4951,#4915,#112,.T.);
#5186=EDGE_CURVE('',#4081,#4915,#3148,.T.);
#5196=EDGE_CURVE('',#4150,#4151,#116,.T.);
#5198=EDGE_CURVE('',#4151,#4135,#120,.T.);
#5200=EDGE_CURVE('',#4037,#4135,#124,.T.);
#5202=EDGE_CURVE('',#4073,#4037,#420,.T.);
#5204=EDGE_CURVE('',#4073,#4074,#128,.T.);
#5206=EDGE_CURVE('',#4074,#4058,#132,.T.);
#5208=EDGE_CURVE('',#4139,#4058,#136,.T.);
#5210=EDGE_CURVE('',#4139,#4150,#140,.T.);
#5220=EDGE_CURVE('',#4154,#4155,#144,.T.);
#5222=EDGE_CURVE('',#4155,#4157,#148,.T.);
#5224=EDGE_CURVE('',#4157,#4159,#152,.T.);
#5226=EDGE_CURVE('',#4159,#4025,#156,.T.);
#5228=EDGE_CURVE('',#4025,#4026,#160,.T.);
#5230=EDGE_CURVE('',#3988,#4026,#368,.T.);
#5232=EDGE_CURVE('',#3987,#3988,#164,.T.);
#5234=EDGE_CURVE('',#3987,#4930,#1964,.T.);
#5236=EDGE_CURVE('',#4930,#4931,#2100,.T.);
#5238=EDGE_CURVE('',#4931,#4919,#168,.T.);
#5240=EDGE_CURVE('',#4041,#4919,#436,.T.);
#5242=EDGE_CURVE('',#4041,#4154,#172,.T.);
#5252=EDGE_CURVE('',#4161,#4143,#176,.T.);
#5254=EDGE_CURVE('',#4143,#4056,#180,.T.);
#5257=EDGE_CURVE('',#4077,#4078,#188,.T.);
#5259=EDGE_CURVE('',#4053,#4077,#3132,.T.);
#5261=EDGE_CURVE('',#4053,#4147,#192,.T.);
#5263=EDGE_CURVE('',#4147,#4171,#196,.T.);
#5265=EDGE_CURVE('',#4171,#4161,#200,.T.);
#5275=EDGE_CURVE('',#4164,#4165,#204,.T.);
#5277=EDGE_CURVE('',#4165,#4167,#208,.T.);
#5279=EDGE_CURVE('',#4167,#4169,#212,.T.);
#5281=EDGE_CURVE('',#4049,#4169,#216,.T.);
#5283=EDGE_CURVE('',#4911,#4049,#3116,.T.);
#5285=EDGE_CURVE('',#4911,#4927,#220,.T.);
#5288=EDGE_CURVE('',#4926,#3973,#1960,.T.);
#5290=EDGE_CURVE('',#3973,#3974,#3472,.T.);
#5292=EDGE_CURVE('',#4029,#3974,#380,.T.);
#5294=EDGE_CURVE('',#4029,#4030,#224,.T.);
#5296=EDGE_CURVE('',#4164,#4030,#228,.T.);
#5306=EDGE_CURVE('',#4062,#4178,#272,.T.);
#5308=EDGE_CURVE('',#4178,#4113,#232,.T.);
#5310=EDGE_CURVE('',#4113,#4115,#3224,.T.);
#5312=EDGE_CURVE('',#4182,#4115,#3292,.T.);
#5314=EDGE_CURVE('',#4182,#4033,#292,.T.);
#5316=EDGE_CURVE('',#4069,#4033,#408,.T.);
#5319=EDGE_CURVE('',#4070,#4062,#236,.T.);
#5329=EDGE_CURVE('',#4173,#4134,#240,.T.);
#5331=EDGE_CURVE('',#4042,#4173,#244,.T.);
#5333=EDGE_CURVE('',#4038,#4042,#428,.T.);
#5335=EDGE_CURVE('',#4134,#4038,#248,.T.);
#5345=EDGE_CURVE('',#4175,#4138,#252,.T.);
#5347=EDGE_CURVE('',#4018,#4138,#256,.T.);
#5349=EDGE_CURVE('',#4017,#4018,#260,.T.);
#5351=EDGE_CURVE('',#4175,#4017,#264,.T.);
#5361=EDGE_CURVE('',#4178,#4179,#268,.T.);
#5364=EDGE_CURVE('',#4061,#4062,#276,.T.);
#5366=EDGE_CURVE('',#4179,#4061,#280,.T.);
#5376=EDGE_CURVE('',#4182,#4183,#284,.T.);
#5378=EDGE_CURVE('',#4034,#4183,#288,.T.);
#5380=EDGE_CURVE('',#4033,#4034,#412,.T.);
#5391=EDGE_CURVE('',#4185,#4142,#296,.T.);
#5393=EDGE_CURVE('',#4022,#4185,#300,.T.);
#5395=EDGE_CURVE('',#4021,#4022,#304,.T.);
#5397=EDGE_CURVE('',#4142,#4021,#308,.T.);
#5407=EDGE_CURVE('',#4187,#4146,#312,.T.);
#5409=EDGE_CURVE('',#4054,#4146,#316,.T.);
#5411=EDGE_CURVE('',#4054,#4050,#3124,.T.);
#5413=EDGE_CURVE('',#4187,#4050,#320,.T.);
#5423=EDGE_CURVE('',#4190,#4191,#324,.T.);
#5425=EDGE_CURVE('',#4045,#4190,#328,.T.);
#5427=EDGE_CURVE('',#4045,#4046,#3140,.T.);
#5429=EDGE_CURVE('',#4191,#4046,#332,.T.);
#5439=EDGE_CURVE('',#4194,#4195,#336,.T.);
#5441=EDGE_CURVE('',#4066,#4195,#340,.T.);
#5444=EDGE_CURVE('',#4194,#4065,#348,.T.);
#5454=EDGE_CURVE('',#4134,#4135,#356,.T.);
#5457=EDGE_CURVE('',#4151,#4103,#352,.T.);
#5459=EDGE_CURVE('',#4103,#4105,#3212,.T.);
#5461=EDGE_CURVE('',#4155,#4105,#3284,.T.);
#5464=EDGE_CURVE('',#4173,#4154,#3272,.T.);
#5477=EDGE_CURVE('',#4037,#4038,#424,.T.);
#5488=EDGE_CURVE('',#4138,#4139,#360,.T.);
#5491=EDGE_CURVE('',#3996,#4058,#2136,.T.);
#5493=EDGE_CURVE('',#3995,#3996,#1940,.T.);
#5495=EDGE_CURVE('',#3998,#3995,#3384,.T.);
#5497=EDGE_CURVE('',#3998,#3988,#364,.T.);
#5500=EDGE_CURVE('',#4026,#4018,#372,.T.);
#5511=EDGE_CURVE('',#4142,#4143,#376,.T.);
#5514=EDGE_CURVE('',#4029,#4021,#3320,.T.);
#5517=EDGE_CURVE('',#3974,#3984,#384,.T.);
#5519=EDGE_CURVE('',#3984,#3982,#1980,.T.);
#5521=EDGE_CURVE('',#3981,#3982,#1924,.T.);
#5533=EDGE_CURVE('',#4146,#4147,#388,.T.);
#5536=EDGE_CURVE('',#4053,#4054,#3128,.T.);
#5547=EDGE_CURVE('',#4880,#4881,#392,.T.);
#5549=EDGE_CURVE('',#4864,#4880,#396,.T.);
#5551=EDGE_CURVE('',#4864,#4922,#400,.T.);
#5553=EDGE_CURVE('',#4922,#4923,#2340,.T.);
#5558=EDGE_CURVE('',#4073,#4034,#416,.T.);
#5563=EDGE_CURVE('',#4041,#4042,#432,.T.);
#5566=EDGE_CURVE('',#4918,#4919,#440,.T.);
#5568=EDGE_CURVE('',#4918,#4869,#444,.T.);
#5570=EDGE_CURVE('',#4869,#4881,#448,.T.);
#5581=EDGE_CURVE('',#4857,#4881,#452,.T.);
#5583=EDGE_CURVE('',#4856,#4857,#456,.T.);
#5585=EDGE_CURVE('',#4880,#4856,#460,.T.);
#5595=EDGE_CURVE('',#4884,#4885,#3104,.T.);
#5597=EDGE_CURVE('',#4861,#4884,#464,.T.);
#5599=EDGE_CURVE('',#4860,#4861,#468,.T.);
#5601=EDGE_CURVE('',#4885,#4860,#472,.T.);
#5611=EDGE_CURVE('',#4869,#4867,#840,.T.);
#5613=EDGE_CURVE('',#4867,#4857,#476,.T.);
#5625=EDGE_CURVE('',#4864,#4865,#832,.T.);
#5627=EDGE_CURVE('',#4865,#4867,#836,.T.);
#5631=EDGE_CURVE('',#3876,#4918,#2192,.T.);
#5633=EDGE_CURVE('',#3876,#3884,#844,.T.);
#5635=EDGE_CURVE('',#3884,#4383,#848,.T.);
#5637=EDGE_CURVE('',#4375,#4383,#2932,.T.);
#5639=EDGE_CURVE('',#4373,#4375,#2176,.T.);
#5641=EDGE_CURVE('',#4373,#4381,#852,.T.);
#5643=EDGE_CURVE('',#4381,#4415,#856,.T.);
#5645=EDGE_CURVE('',#4407,#4415,#3084,.T.);
#5647=EDGE_CURVE('',#4405,#4407,#2160,.T.);
#5649=EDGE_CURVE('',#4405,#4413,#860,.T.);
#5651=EDGE_CURVE('',#4413,#4447,#864,.T.);
#5653=EDGE_CURVE('',#4439,#4447,#3100,.T.);
#5655=EDGE_CURVE('',#4437,#4439,#2144,.T.);
#5657=EDGE_CURVE('',#4437,#4445,#868,.T.);
#5659=EDGE_CURVE('',#4445,#3886,#872,.T.);
#5661=EDGE_CURVE('',#3878,#3886,#3092,.T.);
#5663=EDGE_CURVE('',#4910,#3878,#2236,.T.);
#5665=EDGE_CURVE('',#4872,#4910,#3112,.T.);
#5667=EDGE_CURVE('',#4872,#4873,#876,.T.);
#5669=EDGE_CURVE('',#4873,#4875,#880,.T.);
#5671=EDGE_CURVE('',#4877,#4875,#884,.T.);
#5673=EDGE_CURVE('',#4914,#4877,#3156,.T.);
#5675=EDGE_CURVE('',#3862,#4914,#2392,.T.);
#5677=EDGE_CURVE('',#3882,#3862,#3088,.T.);
#5679=EDGE_CURVE('',#4441,#3882,#2908,.T.);
#5681=EDGE_CURVE('',#4441,#4419,#888,.T.);
#5683=EDGE_CURVE('',#4419,#4421,#2380,.T.);
#5685=EDGE_CURVE('',#4443,#4421,#3096,.T.);
#5687=EDGE_CURVE('',#4409,#4443,#2924,.T.);
#5689=EDGE_CURVE('',#4409,#4387,#892,.T.);
#5691=EDGE_CURVE('',#4387,#4389,#2368,.T.);
#5693=EDGE_CURVE('',#4411,#4389,#3080,.T.);
#5695=EDGE_CURVE('',#4377,#4411,#2900,.T.);
#5697=EDGE_CURVE('',#4377,#4355,#896,.T.);
#5699=EDGE_CURVE('',#4355,#4357,#2356,.T.);
#5701=EDGE_CURVE('',#4379,#4357,#2928,.T.);
#5703=EDGE_CURVE('',#3880,#4379,#2888,.T.);
#5705=EDGE_CURVE('',#3880,#3858,#900,.T.);
#5707=EDGE_CURVE('',#4922,#3858,#2344,.T.);
#5712=EDGE_CURVE('',#4326,#4327,#496,.T.);
#5714=EDGE_CURVE('',#4327,#4335,#500,.T.);
#5716=EDGE_CURVE('',#4334,#4335,#504,.T.);
#5718=EDGE_CURVE('',#4326,#4334,#508,.T.);
#5722=EDGE_CURVE('',#4588,#4589,#512,.T.);
#5724=EDGE_CURVE('',#4589,#4597,#516,.T.);
#5726=EDGE_CURVE('',#4596,#4597,#520,.T.);
#5728=EDGE_CURVE('',#4588,#4596,#524,.T.);
#5732=EDGE_CURVE('',#4592,#4593,#528,.T.);
#5734=EDGE_CURVE('',#4593,#4601,#532,.T.);
#5736=EDGE_CURVE('',#4600,#4601,#536,.T.);
#5738=EDGE_CURVE('',#4592,#4600,#540,.T.);
#5742=EDGE_CURVE('',#4652,#4653,#544,.T.);
#5744=EDGE_CURVE('',#4653,#4661,#548,.T.);
#5746=EDGE_CURVE('',#4660,#4661,#552,.T.);
#5748=EDGE_CURVE('',#4652,#4660,#556,.T.);
#5752=EDGE_CURVE('',#4656,#4657,#560,.T.);
#5754=EDGE_CURVE('',#4657,#4665,#564,.T.);
#5756=EDGE_CURVE('',#4664,#4665,#568,.T.);
#5758=EDGE_CURVE('',#4656,#4664,#572,.T.);
#5762=EDGE_CURVE('',#4470,#4471,#576,.T.);
#5764=EDGE_CURVE('',#4471,#4475,#580,.T.);
#5766=EDGE_CURVE('',#4474,#4475,#584,.T.);
#5768=EDGE_CURVE('',#4470,#4474,#588,.T.);
#5772=EDGE_CURVE('',#4498,#4499,#592,.T.);
#5774=EDGE_CURVE('',#4499,#4503,#596,.T.);
#5776=EDGE_CURVE('',#4502,#4503,#600,.T.);
#5778=EDGE_CURVE('',#4498,#4502,#604,.T.);
#5782=EDGE_CURVE('',#5053,#5055,#608,.T.);
#5784=EDGE_CURVE('',#5053,#5057,#612,.T.);
#5786=EDGE_CURVE('',#5057,#5059,#616,.T.);
#5788=EDGE_CURVE('',#5055,#5059,#620,.T.);
#5792=EDGE_CURVE('',#5081,#5083,#624,.T.);
#5794=EDGE_CURVE('',#5081,#5085,#628,.T.);
#5796=EDGE_CURVE('',#5085,#5087,#632,.T.);
#5798=EDGE_CURVE('',#5083,#5087,#636,.T.);
#5802=EDGE_CURVE('',#4688,#4689,#640,.T.);
#5804=EDGE_CURVE('',#4697,#4688,#644,.T.);
#5806=EDGE_CURVE('',#4691,#4697,#648,.T.);
#5808=EDGE_CURVE('',#4689,#4691,#652,.T.);
#5812=EDGE_CURVE('',#4694,#4695,#656,.T.);
#5814=EDGE_CURVE('',#4889,#4694,#660,.T.);
#5816=EDGE_CURVE('',#4887,#4889,#664,.T.);
#5818=EDGE_CURVE('',#4695,#4887,#668,.T.);
#5822=EDGE_CURVE('',#4700,#4701,#672,.T.);
#5824=EDGE_CURVE('',#4727,#4700,#676,.T.);
#5826=EDGE_CURVE('',#4725,#4727,#680,.T.);
#5828=EDGE_CURVE('',#4701,#4725,#684,.T.);
#5832=EDGE_CURVE('',#4704,#4705,#688,.T.);
#5834=EDGE_CURVE('',#4709,#4704,#692,.T.);
#5836=EDGE_CURVE('',#4707,#4709,#696,.T.);
#5838=EDGE_CURVE('',#4705,#4707,#700,.T.);
#5842=EDGE_CURVE('',#4740,#4741,#704,.T.);
#5844=EDGE_CURVE('',#4749,#4740,#708,.T.);
#5846=EDGE_CURVE('',#4743,#4749,#712,.T.);
#5848=EDGE_CURVE('',#4741,#4743,#716,.T.);
#5852=EDGE_CURVE('',#4746,#4747,#720,.T.);
#5854=EDGE_CURVE('',#4901,#4746,#724,.T.);
#5856=EDGE_CURVE('',#4899,#4901,#728,.T.);
#5858=EDGE_CURVE('',#4747,#4899,#732,.T.);
#5862=EDGE_CURVE('',#4752,#4753,#736,.T.);
#5864=EDGE_CURVE('',#4757,#4752,#740,.T.);
#5866=EDGE_CURVE('',#4755,#4757,#744,.T.);
#5868=EDGE_CURVE('',#4753,#4755,#748,.T.);
#5872=EDGE_CURVE('',#4760,#4761,#752,.T.);
#5874=EDGE_CURVE('',#4765,#4760,#756,.T.);
#5876=EDGE_CURVE('',#4763,#4765,#760,.T.);
#5878=EDGE_CURVE('',#4761,#4763,#764,.T.);
#5882=EDGE_CURVE('',#4780,#4781,#768,.T.);
#5884=EDGE_CURVE('',#4789,#4780,#772,.T.);
#5886=EDGE_CURVE('',#4788,#4789,#776,.T.);
#5888=EDGE_CURVE('',#4781,#4788,#780,.T.);
#5892=EDGE_CURVE('',#4784,#4785,#784,.T.);
#5894=EDGE_CURVE('',#4815,#4784,#788,.T.);
#5896=EDGE_CURVE('',#4813,#4815,#792,.T.);
#5898=EDGE_CURVE('',#4785,#4813,#796,.T.);
#5902=EDGE_CURVE('',#4824,#4825,#800,.T.);
#5904=EDGE_CURVE('',#4847,#4824,#804,.T.);
#5906=EDGE_CURVE('',#4827,#4847,#808,.T.);
#5908=EDGE_CURVE('',#4825,#4827,#812,.T.);
#5912=EDGE_CURVE('',#4830,#4831,#816,.T.);
#5914=EDGE_CURVE('',#4849,#4830,#820,.T.);
#5916=EDGE_CURVE('',#4833,#4849,#824,.T.);
#5918=EDGE_CURVE('',#4831,#4833,#828,.T.);
#5922=EDGE_CURVE('',#4322,#4323,#480,.T.);
#5924=EDGE_CURVE('',#4323,#4331,#484,.T.);
#5926=EDGE_CURVE('',#4330,#4331,#488,.T.);
#5928=EDGE_CURVE('',#4322,#4330,#492,.T.);
#5939=EDGE_CURVE('',#4322,#4302,#904,.T.);
#5941=EDGE_CURVE('',#4302,#4303,#908,.T.);
#5943=EDGE_CURVE('',#4303,#4323,#912,.T.);
#5954=EDGE_CURVE('',#4326,#4294,#916,.T.);
#5956=EDGE_CURVE('',#4294,#4295,#920,.T.);
#5958=EDGE_CURVE('',#4295,#4327,#924,.T.);
#5968=EDGE_CURVE('',#4338,#4339,#1016,.T.);
#5970=EDGE_CURVE('',#4339,#4298,#928,.T.);
#5972=EDGE_CURVE('',#4298,#4299,#932,.T.);
#5974=EDGE_CURVE('',#4299,#4338,#936,.T.);
#5984=EDGE_CURVE('',#4342,#4343,#1032,.T.);
#5986=EDGE_CURVE('',#4343,#4290,#940,.T.);
#5988=EDGE_CURVE('',#4290,#4291,#944,.T.);
#5990=EDGE_CURVE('',#4291,#4342,#948,.T.);
#6001=EDGE_CURVE('',#4330,#4318,#960,.T.);
#6003=EDGE_CURVE('',#4302,#4318,#1004,.T.);
#6015=EDGE_CURVE('',#4319,#4331,#952,.T.);
#6017=EDGE_CURVE('',#4318,#4319,#956,.T.);
#6029=EDGE_CURVE('',#4311,#4335,#964,.T.);
#6031=EDGE_CURVE('',#4310,#4311,#968,.T.);
#6033=EDGE_CURVE('',#4334,#4310,#972,.T.);
#6043=EDGE_CURVE('',#4346,#4347,#1024,.T.);
#6045=EDGE_CURVE('',#4315,#4346,#976,.T.);
#6047=EDGE_CURVE('',#4314,#4315,#980,.T.);
#6049=EDGE_CURVE('',#4347,#4314,#984,.T.);
#6059=EDGE_CURVE('',#4350,#4351,#1040,.T.);
#6061=EDGE_CURVE('',#4307,#4350,#988,.T.);
#6063=EDGE_CURVE('',#4306,#4307,#992,.T.);
#6065=EDGE_CURVE('',#4351,#4306,#996,.T.);
#6077=EDGE_CURVE('',#4303,#4319,#1000,.T.);
#6102=EDGE_CURVE('',#4295,#4311,#1008,.T.);
#6114=EDGE_CURVE('',#4294,#4310,#1012,.T.);
#6138=EDGE_CURVE('',#4712,#4713,#1048,.T.);
#6140=EDGE_CURVE('',#4203,#4712,#1052,.T.);
#6142=EDGE_CURVE('',#4202,#4203,#1056,.T.);
#6144=EDGE_CURVE('',#4199,#4202,#1060,.T.);
#6146=EDGE_CURVE('',#4198,#4199,#1064,.T.);
#6148=EDGE_CURVE('',#4721,#4198,#1068,.T.);
#6150=EDGE_CURVE('',#4721,#4893,#1072,.T.);
#6152=EDGE_CURVE('',#4895,#4893,#1076,.T.);
#6154=EDGE_CURVE('',#4891,#4895,#1080,.T.);
#6156=EDGE_CURVE('',#4891,#4713,#1084,.T.);
#6161=EDGE_CURVE('',#4342,#4350,#1036,.T.);
#6164=EDGE_CURVE('',#4343,#4351,#1044,.T.);
#6174=EDGE_CURVE('',#4716,#4717,#1088,.T.);
#6176=EDGE_CURVE('',#4207,#4717,#1092,.T.);
#6178=EDGE_CURVE('',#4206,#4207,#1096,.T.);
#6180=EDGE_CURVE('',#4719,#4206,#1100,.T.);
#6182=EDGE_CURVE('',#4719,#4729,#1104,.T.);
#6184=EDGE_CURVE('',#4731,#4729,#1108,.T.);
#6186=EDGE_CURVE('',#4733,#4731,#1112,.T.);
#6188=EDGE_CURVE('',#4733,#4716,#1116,.T.);
#6193=EDGE_CURVE('',#4338,#4346,#1020,.T.);
#6196=EDGE_CURVE('',#4339,#4347,#1028,.T.);
#6208=EDGE_CURVE('',#4299,#4315,#1120,.T.);
#6220=EDGE_CURVE('',#4298,#4314,#1124,.T.);
#6246=EDGE_CURVE('',#4291,#4307,#1128,.T.);
#6258=EDGE_CURVE('',#4290,#4306,#1132,.T.);
#6283=EDGE_CURVE('',#4712,#4688,#1152,.T.);
#6286=EDGE_CURVE('',#4713,#4697,#1136,.T.);
#6296=EDGE_CURVE('',#4229,#4796,#1320,.T.);
#6298=EDGE_CURVE('',#4796,#4789,#1140,.T.);
#6301=EDGE_CURVE('',#4780,#4252,#1144,.T.);
#6303=EDGE_CURVE('',#4252,#4275,#1764,.T.);
#6305=EDGE_CURVE('',#4740,#4275,#1648,.T.);
#6308=EDGE_CURVE('',#4767,#4741,#1632,.T.);
#6310=EDGE_CURVE('',#4767,#4240,#1252,.T.);
#6312=EDGE_CURVE('',#3848,#4240,#3404,.T.);
#6314=EDGE_CURVE('',#3847,#3848,#2000,.T.);
#6316=EDGE_CURVE('',#3847,#4203,#1148,.T.);
#6321=EDGE_CURVE('',#4210,#4689,#1816,.T.);
#6323=EDGE_CURVE('',#4210,#4257,#1680,.T.);
#6325=EDGE_CURVE('',#4257,#4229,#1156,.T.);
#6335=EDGE_CURVE('',#4767,#4841,#1224,.T.);
#6337=EDGE_CURVE('',#4841,#4903,#1228,.T.);
#6339=EDGE_CURVE('',#4905,#4903,#1232,.T.);
#6341=EDGE_CURVE('',#4905,#4907,#1236,.T.);
#6343=EDGE_CURVE('',#4907,#4845,#1240,.T.);
#6345=EDGE_CURVE('',#4241,#4845,#1244,.T.);
#6347=EDGE_CURVE('',#4240,#4241,#1248,.T.);
#6352=EDGE_CURVE('',#4672,#4673,#1208,.T.);
#6354=EDGE_CURVE('',#4672,#4680,#1212,.T.);
#6356=EDGE_CURVE('',#4680,#4681,#1216,.T.);
#6358=EDGE_CURVE('',#4673,#4681,#1220,.T.);
#6368=EDGE_CURVE('',#4769,#4771,#1256,.T.);
#6370=EDGE_CURVE('',#4771,#4773,#1260,.T.);
#6372=EDGE_CURVE('',#4775,#4773,#1264,.T.);
#6374=EDGE_CURVE('',#4775,#4777,#1268,.T.);
#6376=EDGE_CURVE('',#4843,#4777,#1272,.T.);
#6378=EDGE_CURVE('',#4249,#4843,#1276,.T.);
#6380=EDGE_CURVE('',#4247,#4249,#1280,.T.);
#6382=EDGE_CURVE('',#4245,#4247,#1284,.T.);
#6384=EDGE_CURVE('',#4244,#4245,#1288,.T.);
#6386=EDGE_CURVE('',#4769,#4244,#1292,.T.);
#6390=EDGE_CURVE('',#4668,#4669,#1192,.T.);
#6392=EDGE_CURVE('',#4668,#4676,#1196,.T.);
#6394=EDGE_CURVE('',#4676,#4677,#1200,.T.);
#6396=EDGE_CURVE('',#4669,#4677,#1204,.T.);
#6406=EDGE_CURVE('',#4792,#4793,#1296,.T.);
#6408=EDGE_CURVE('',#4793,#4817,#1300,.T.);
#6410=EDGE_CURVE('',#4817,#4801,#1304,.T.);
#6412=EDGE_CURVE('',#4800,#4801,#1308,.T.);
#6414=EDGE_CURVE('',#4800,#4797,#1312,.T.);
#6416=EDGE_CURVE('',#4796,#4797,#1316,.T.);
#6419=EDGE_CURVE('',#4227,#4229,#1324,.T.);
#6421=EDGE_CURVE('',#4226,#4227,#1328,.T.);
#6423=EDGE_CURVE('',#4792,#4226,#1332,.T.);
#6427=EDGE_CURVE('',#4608,#4609,#1176,.T.);
#6429=EDGE_CURVE('',#4608,#4616,#1180,.T.);
#6431=EDGE_CURVE('',#4616,#4617,#1184,.T.);
#6433=EDGE_CURVE('',#4609,#4617,#1188,.T.);
#6443=EDGE_CURVE('',#4233,#4803,#1336,.T.);
#6445=EDGE_CURVE('',#4232,#4233,#1340,.T.);
#6447=EDGE_CURVE('',#4237,#4232,#1344,.T.);
#6449=EDGE_CURVE('',#4236,#4237,#1348,.T.);
#6451=EDGE_CURVE('',#4809,#4236,#1352,.T.);
#6453=EDGE_CURVE('',#4835,#4809,#1356,.T.);
#6455=EDGE_CURVE('',#4807,#4835,#1360,.T.);
#6457=EDGE_CURVE('',#4806,#4807,#1364,.T.);
#6459=EDGE_CURVE('',#4806,#4851,#1368,.T.);
#6461=EDGE_CURVE('',#4803,#4851,#1372,.T.);
#6465=EDGE_CURVE('',#4604,#4605,#1160,.T.);
#6467=EDGE_CURVE('',#4604,#4612,#1164,.T.);
#6469=EDGE_CURVE('',#4612,#4613,#1168,.T.);
#6471=EDGE_CURVE('',#4605,#4613,#1172,.T.);
#6482=EDGE_CURVE('',#4588,#4568,#1376,.T.);
#6484=EDGE_CURVE('',#4568,#4569,#1380,.T.);
#6486=EDGE_CURVE('',#4569,#4589,#1384,.T.);
#6497=EDGE_CURVE('',#4592,#4560,#1388,.T.);
#6499=EDGE_CURVE('',#4560,#4561,#1392,.T.);
#6501=EDGE_CURVE('',#4561,#4593,#1396,.T.);
#6512=EDGE_CURVE('',#4605,#4564,#1400,.T.);
#6514=EDGE_CURVE('',#4564,#4565,#1404,.T.);
#6516=EDGE_CURVE('',#4565,#4604,#1408,.T.);
#6527=EDGE_CURVE('',#4609,#4556,#1412,.T.);
#6529=EDGE_CURVE('',#4556,#4557,#1416,.T.);
#6531=EDGE_CURVE('',#4557,#4608,#1420,.T.);
#6542=EDGE_CURVE('',#4596,#4584,#1432,.T.);
#6544=EDGE_CURVE('',#4568,#4584,#1476,.T.);
#6556=EDGE_CURVE('',#4585,#4597,#1424,.T.);
#6558=EDGE_CURVE('',#4584,#4585,#1428,.T.);
#6570=EDGE_CURVE('',#4577,#4601,#1436,.T.);
#6572=EDGE_CURVE('',#4576,#4577,#1440,.T.);
#6574=EDGE_CURVE('',#4600,#4576,#1444,.T.);
#6585=EDGE_CURVE('',#4581,#4612,#1448,.T.);
#6587=EDGE_CURVE('',#4580,#4581,#1452,.T.);
#6589=EDGE_CURVE('',#4613,#4580,#1456,.T.);
#6600=EDGE_CURVE('',#4573,#4616,#1460,.T.);
#6602=EDGE_CURVE('',#4572,#4573,#1464,.T.);
#6604=EDGE_CURVE('',#4617,#4572,#1468,.T.);
#6616=EDGE_CURVE('',#4569,#4585,#1472,.T.);
#6641=EDGE_CURVE('',#4561,#4577,#1480,.T.);
#6653=EDGE_CURVE('',#4560,#4576,#1484,.T.);
#6679=EDGE_CURVE('',#4565,#4581,#1488,.T.);
#6691=EDGE_CURVE('',#4564,#4580,#1492,.T.);
#6717=EDGE_CURVE('',#4557,#4573,#1496,.T.);
#6729=EDGE_CURVE('',#4556,#4572,#1500,.T.);
#6754=EDGE_CURVE('',#4652,#4632,#1504,.T.);
#6756=EDGE_CURVE('',#4632,#4633,#1508,.T.);
#6758=EDGE_CURVE('',#4633,#4653,#1512,.T.);
#6769=EDGE_CURVE('',#4656,#4624,#1516,.T.);
#6771=EDGE_CURVE('',#4624,#4625,#1520,.T.);
#6773=EDGE_CURVE('',#4625,#4657,#1524,.T.);
#6784=EDGE_CURVE('',#4669,#4628,#1528,.T.);
#6786=EDGE_CURVE('',#4628,#4629,#1532,.T.);
#6788=EDGE_CURVE('',#4629,#4668,#1536,.T.);
#6799=EDGE_CURVE('',#4673,#4620,#1540,.T.);
#6801=EDGE_CURVE('',#4620,#4621,#1544,.T.);
#6803=EDGE_CURVE('',#4621,#4672,#1548,.T.);
#6814=EDGE_CURVE('',#4660,#4648,#1560,.T.);
#6816=EDGE_CURVE('',#4632,#4648,#1604,.T.);
#6828=EDGE_CURVE('',#4649,#4661,#1552,.T.);
#6830=EDGE_CURVE('',#4648,#4649,#1556,.T.);
#6842=EDGE_CURVE('',#4641,#4665,#1564,.T.);
#6844=EDGE_CURVE('',#4640,#4641,#1568,.T.);
#6846=EDGE_CURVE('',#4664,#4640,#1572,.T.);
#6857=EDGE_CURVE('',#4645,#4676,#1576,.T.);
#6859=EDGE_CURVE('',#4644,#4645,#1580,.T.);
#6861=EDGE_CURVE('',#4677,#4644,#1584,.T.);
#6872=EDGE_CURVE('',#4637,#4680,#1588,.T.);
#6874=EDGE_CURVE('',#4636,#4637,#1592,.T.);
#6876=EDGE_CURVE('',#4681,#4636,#1596,.T.);
#6888=EDGE_CURVE('',#4633,#4649,#1600,.T.);
#6913=EDGE_CURVE('',#4625,#4641,#1608,.T.);
#6925=EDGE_CURVE('',#4624,#4640,#1612,.T.);
#6951=EDGE_CURVE('',#4629,#4645,#1616,.T.);
#6963=EDGE_CURVE('',#4628,#4644,#1620,.T.);
#6989=EDGE_CURVE('',#4621,#4637,#1624,.T.);
#7001=EDGE_CURVE('',#4620,#4636,#1628,.T.);
#7026=EDGE_CURVE('',#4841,#4743,#1636,.T.);
#7039=EDGE_CURVE('',#4903,#4749,#1644,.T.);
#7051=EDGE_CURVE('',#4273,#4747,#1640,.T.);
#7054=EDGE_CURVE('',#4905,#4899,#1664,.T.);
#7060=EDGE_CURVE('',#4275,#4273,#1760,.T.);
#7071=EDGE_CURVE('',#4845,#4746,#1652,.T.);
#7075=EDGE_CURVE('',#4272,#4273,#1756,.T.);
#7077=EDGE_CURVE('',#4272,#4241,#1656,.T.);
#7090=EDGE_CURVE('',#4907,#4901,#1660,.T.);
#7112=EDGE_CURVE('',#4252,#4253,#1668,.T.);
#7114=EDGE_CURVE('',#4253,#4255,#1672,.T.);
#7116=EDGE_CURVE('',#4257,#4255,#1676,.T.);
#7119=EDGE_CURVE('',#4210,#4211,#1684,.T.);
#7121=EDGE_CURVE('',#4211,#4215,#1688,.T.);
#7123=EDGE_CURVE('',#4214,#4215,#1692,.T.);
#7125=EDGE_CURVE('',#4214,#4223,#1696,.T.);
#7127=EDGE_CURVE('',#4221,#4223,#1700,.T.);
#7129=EDGE_CURVE('',#4221,#4218,#1704,.T.);
#7131=EDGE_CURVE('',#4218,#4219,#1708,.T.);
#7133=EDGE_CURVE('',#4260,#4219,#1712,.T.);
#7135=EDGE_CURVE('',#4260,#4261,#1716,.T.);
#7137=EDGE_CURVE('',#4261,#4263,#1720,.T.);
#7139=EDGE_CURVE('',#4263,#4265,#1724,.T.);
#7141=EDGE_CURVE('',#4265,#4267,#1728,.T.);
#7143=EDGE_CURVE('',#4267,#4269,#1732,.T.);
#7145=EDGE_CURVE('',#4286,#4269,#1736,.T.);
#7147=EDGE_CURVE('',#4286,#4287,#1740,.T.);
#7149=EDGE_CURVE('',#4287,#4278,#1744,.T.);
#7151=EDGE_CURVE('',#4278,#4279,#1748,.T.);
#7153=EDGE_CURVE('',#4272,#4279,#1752,.T.);
#7166=EDGE_CURVE('',#4282,#4283,#1768,.T.);
#7168=EDGE_CURVE('',#3850,#4283,#1772,.T.);
#7170=EDGE_CURVE('',#4282,#3850,#1776,.T.);
#7181=EDGE_CURVE('',#4801,#4815,#1780,.T.);
#7184=EDGE_CURVE('',#4792,#4784,#1792,.T.);
#7187=EDGE_CURVE('',#4253,#4226,#1796,.T.);
#7192=EDGE_CURVE('',#4800,#4781,#1804,.T.);
#7205=EDGE_CURVE('',#4817,#4813,#1784,.T.);
#7218=EDGE_CURVE('',#4793,#4785,#1788,.T.);
#7243=EDGE_CURVE('',#4255,#4227,#1800,.T.);
#7266=EDGE_CURVE('',#4797,#4788,#1808,.T.);
#7291=EDGE_CURVE('',#4895,#4889,#1812,.T.);
#7294=EDGE_CURVE('',#4684,#4694,#3556,.T.);
#7296=EDGE_CURVE('',#4723,#4684,#3548,.T.);
#7298=EDGE_CURVE('',#4211,#4723,#1828,.T.);
#7303=EDGE_CURVE('',#4891,#4691,#3560,.T.);
#7316=EDGE_CURVE('',#4893,#4887,#1820,.T.);
#7329=EDGE_CURVE('',#4721,#4897,#1836,.T.);
#7331=EDGE_CURVE('',#4685,#4897,#3544,.T.);
#7333=EDGE_CURVE('',#4685,#4695,#1824,.T.);
#7344=EDGE_CURVE('',#4215,#4198,#1840,.T.);
#7348=EDGE_CURVE('',#4723,#4897,#1832,.T.);
#7362=EDGE_CURVE('',#4214,#4199,#1844,.T.);
#7375=EDGE_CURVE('',#4223,#4202,#1848,.T.);
#7385=EDGE_CURVE('',#4206,#3844,#1856,.T.);
#7388=EDGE_CURVE('',#4221,#4207,#1896,.T.);
#7394=EDGE_CURVE('',#3847,#3998,#1852,.T.);
#7396=EDGE_CURVE('',#3844,#3998,#3392,.T.);
#7406=EDGE_CURVE('',#4700,#4219,#1876,.T.);
#7409=EDGE_CURVE('',#4719,#4701,#1888,.T.);
#7413=EDGE_CURVE('',#3843,#3844,#1912,.T.);
#7415=EDGE_CURVE('',#3850,#3843,#1860,.T.);
#7418=EDGE_CURVE('',#4283,#4247,#1864,.T.);
#7421=EDGE_CURVE('',#4286,#4249,#3432,.T.);
#7424=EDGE_CURVE('',#4269,#4232,#1868,.T.);
#7427=EDGE_CURVE('',#4260,#4233,#3516,.T.);
#7439=EDGE_CURVE('',#4731,#4727,#1872,.T.);
#7444=EDGE_CURVE('',#4218,#4707,#1880,.T.);
#7447=EDGE_CURVE('',#4733,#4709,#1904,.T.);
#7460=EDGE_CURVE('',#4729,#4725,#1884,.T.);
#7483=EDGE_CURVE('',#4717,#4705,#1892,.T.);
#7500=EDGE_CURVE('',#4716,#4704,#1900,.T.);
#7522=EDGE_CURVE('',#3853,#3854,#1932,.T.);
#7524=EDGE_CURVE('',#3843,#3853,#1908,.T.);
#7527=EDGE_CURVE('',#3844,#3854,#3388,.T.);
#7537=EDGE_CURVE('',#3977,#3978,#1916,.T.);
#7540=EDGE_CURVE('',#3893,#3902,#2064,.T.);
#7542=EDGE_CURVE('',#3893,#3894,#2016,.T.);
#7544=EDGE_CURVE('',#3900,#3894,#1988,.T.);
#7546=EDGE_CURVE('',#3900,#3978,#1920,.T.);
#7557=EDGE_CURVE('',#3982,#3853,#1928,.T.);
#7560=EDGE_CURVE('',#3854,#3995,#1936,.T.);
#7563=EDGE_CURVE('',#3996,#3840,#2132,.T.);
#7565=EDGE_CURVE('',#3839,#3840,#2810,.T.);
#7576=EDGE_CURVE('',#3991,#3992,#1944,.T.);
#7578=EDGE_CURVE('',#3991,#3924,#1948,.T.);
#7580=EDGE_CURVE('',#3924,#3911,#1952,.T.);
#7582=EDGE_CURVE('',#3911,#3912,#3360,.T.);
#7584=EDGE_CURVE('',#3926,#3912,#2068,.T.);
#7586=EDGE_CURVE('',#3926,#3992,#2108,.T.);
#7598=EDGE_CURVE('',#3848,#3978,#1972,.T.);
#7600=EDGE_CURVE('',#3973,#3848,#1956,.T.);
#7611=EDGE_CURVE('',#3992,#4930,#2104,.T.);
#7614=EDGE_CURVE('',#3847,#3987,#1968,.T.);
#7616=EDGE_CURVE('',#3847,#3991,#3380,.T.);
#7629=EDGE_CURVE('',#3848,#3900,#1976,.T.);
#7640=EDGE_CURVE('',#3984,#3843,#1984,.T.);
#7654=EDGE_CURVE('',#3894,#3929,#2012,.T.);
#7656=EDGE_CURVE('',#3929,#3930,#1992,.T.);
#7658=EDGE_CURVE('',#3930,#3911,#3364,.T.);
#7661=EDGE_CURVE('',#3847,#3924,#1996,.T.);
#7672=EDGE_CURVE('',#3941,#3942,#2004,.T.);
#7674=EDGE_CURVE('',#3929,#3942,#2008,.T.);
#7678=EDGE_CURVE('',#3896,#3893,#2020,.T.);
#7680=EDGE_CURVE('',#3941,#3896,#2024,.T.);
#7690=EDGE_CURVE('',#3933,#3934,#2032,.T.);
#7692=EDGE_CURVE('',#3934,#3938,#3340,.T.);
#7694=EDGE_CURVE('',#3938,#3945,#3332,.T.);
#7696=EDGE_CURVE('',#3945,#3946,#3348,.T.);
#7698=EDGE_CURVE('',#3942,#3946,#2028,.T.);
#7701=EDGE_CURVE('',#3936,#3941,#2052,.T.);
#7703=EDGE_CURVE('',#3933,#3936,#2044,.T.);
#7714=EDGE_CURVE('',#3889,#3933,#2036,.T.);
#7716=EDGE_CURVE('',#3889,#3890,#2212,.T.);
#7718=EDGE_CURVE('',#3934,#3890,#2040,.T.);
#7729=EDGE_CURVE('',#3936,#3898,#2048,.T.);
#7731=EDGE_CURVE('',#3898,#3889,#2216,.T.);
#7744=EDGE_CURVE('',#3904,#3896,#2060,.T.);
#7746=EDGE_CURVE('',#3898,#3904,#3372,.T.);
#7758=EDGE_CURVE('',#3961,#3908,#2056,.T.);
#7760=EDGE_CURVE('',#3904,#3908,#3376,.T.);
#7773=EDGE_CURVE('',#3965,#3926,#2112,.T.);
#7776=EDGE_CURVE('',#3912,#3914,#3356,.T.);
#7778=EDGE_CURVE('',#3916,#3914,#3336,.T.);
#7780=EDGE_CURVE('',#3922,#3916,#3324,.T.);
#7782=EDGE_CURVE('',#3922,#3965,#2072,.T.);
#7792=EDGE_CURVE('',#3968,#3965,#2076,.T.);
#7795=EDGE_CURVE('',#3919,#3922,#2080,.T.);
#7797=EDGE_CURVE('',#3919,#3968,#2084,.T.);
#7807=EDGE_CURVE('',#3961,#3970,#2088,.T.);
#7809=EDGE_CURVE('',#3970,#3906,#2092,.T.);
#7811=EDGE_CURVE('',#3906,#3908,#2096,.T.);
#7822=EDGE_CURVE('',#3965,#3966,#2116,.T.);
#7825=EDGE_CURVE('',#3968,#3966,#2200,.T.);
#7840=EDGE_CURVE('',#4931,#3966,#2196,.T.);
#7851=EDGE_CURVE('',#4074,#4061,#2120,.T.);
#7856=EDGE_CURVE('',#3954,#4933,#2332,.T.);
#7858=EDGE_CURVE('',#3953,#3954,#2124,.T.);
#7860=EDGE_CURVE('',#3840,#3953,#2128,.T.);
#7872=EDGE_CURVE('',#4429,#4437,#2140,.T.);
#7875=EDGE_CURVE('',#4435,#4439,#2148,.T.);
#7877=EDGE_CURVE('',#4435,#4397,#2152,.T.);
#7879=EDGE_CURVE('',#4397,#4405,#2156,.T.);
#7882=EDGE_CURVE('',#4403,#4407,#2164,.T.);
#7884=EDGE_CURVE('',#4403,#4365,#2168,.T.);
#7886=EDGE_CURVE('',#4365,#4373,#2172,.T.);
#7889=EDGE_CURVE('',#4371,#4375,#2180,.T.);
#7891=EDGE_CURVE('',#4371,#3868,#2184,.T.);
#7893=EDGE_CURVE('',#3868,#3876,#2188,.T.);
#7901=EDGE_CURVE('',#3919,#3920,#2204,.T.);
#7903=EDGE_CURVE('',#3920,#3890,#2208,.T.);
#7907=EDGE_CURVE('',#3906,#3898,#2220,.T.);
#7910=EDGE_CURVE('',#3962,#3970,#2224,.T.);
#7914=EDGE_CURVE('',#4910,#4911,#2232,.T.);
#7917=EDGE_CURVE('',#3874,#3878,#2240,.T.);
#7919=EDGE_CURVE('',#3874,#4429,#2244,.T.);
#7929=EDGE_CURVE('',#4418,#4419,#2384,.T.);
#7932=EDGE_CURVE('',#4441,#4425,#2904,.T.);
#7934=EDGE_CURVE('',#4418,#4425,#2992,.T.);
#7944=EDGE_CURVE('',#4428,#4429,#3008,.T.);
#7946=EDGE_CURVE('',#4428,#4445,#3064,.T.);
#7958=EDGE_CURVE('',#5022,#5023,#2248,.T.);
#7960=EDGE_CURVE('',#4942,#5022,#2492,.T.);
#7964=EDGE_CURVE('',#3958,#3950,#2256,.T.);
#7966=EDGE_CURVE('',#3958,#4544,#2260,.T.);
#7968=EDGE_CURVE('',#4544,#4545,#2264,.T.);
#7970=EDGE_CURVE('',#4545,#4549,#2268,.T.);
#7972=EDGE_CURVE('',#4548,#4549,#2272,.T.);
#7974=EDGE_CURVE('',#4548,#4528,#2276,.T.);
#7976=EDGE_CURVE('',#4528,#4529,#2280,.T.);
#7978=EDGE_CURVE('',#4529,#4533,#2284,.T.);
#7980=EDGE_CURVE('',#4532,#4533,#2288,.T.);
#7982=EDGE_CURVE('',#4532,#4506,#2292,.T.);
#7984=EDGE_CURVE('',#4506,#4507,#2296,.T.);
#7986=EDGE_CURVE('',#4507,#4511,#2300,.T.);
#7988=EDGE_CURVE('',#4510,#4511,#2304,.T.);
#7990=EDGE_CURVE('',#4510,#4094,#2308,.T.);
#7992=EDGE_CURVE('',#4094,#4090,#2312,.T.);
#7994=EDGE_CURVE('',#4089,#4090,#2316,.T.);
#7996=EDGE_CURVE('',#4092,#4089,#2320,.T.);
#7998=EDGE_CURVE('',#4092,#3956,#2324,.T.);
#8000=EDGE_CURVE('',#3954,#3956,#2328,.T.);
#8004=EDGE_CURVE('',#5031,#4014,#2612,.T.);
#8006=EDGE_CURVE('',#5030,#5031,#2336,.T.);
#8008=EDGE_CURVE('',#4005,#5030,#2588,.T.);
#8013=EDGE_CURVE('',#3857,#3858,#2348,.T.);
#8015=EDGE_CURVE('',#4359,#3857,#2940,.T.);
#8017=EDGE_CURVE('',#4359,#4357,#2352,.T.);
#8020=EDGE_CURVE('',#4354,#4355,#2360,.T.);
#8022=EDGE_CURVE('',#4391,#4354,#2968,.T.);
#8024=EDGE_CURVE('',#4391,#4389,#2364,.T.);
#8027=EDGE_CURVE('',#4386,#4387,#2372,.T.);
#8029=EDGE_CURVE('',#4423,#4386,#3024,.T.);
#8031=EDGE_CURVE('',#4423,#4421,#2376,.T.);
#8035=EDGE_CURVE('',#3861,#4418,#3004,.T.);
#8037=EDGE_CURVE('',#3861,#3862,#2388,.T.);
#8040=EDGE_CURVE('',#4914,#4915,#3152,.T.);
#8043=EDGE_CURVE('',#5023,#4951,#2568,.T.);
#8053=EDGE_CURVE('',#5018,#5019,#2404,.T.);
#8055=EDGE_CURVE('',#5018,#5022,#2396,.T.);
#8058=EDGE_CURVE('',#5023,#5019,#2400,.T.);
#8069=EDGE_CURVE('',#4939,#5019,#2408,.T.);
#8071=EDGE_CURVE('',#4938,#4939,#2412,.T.);
#8073=EDGE_CURVE('',#5018,#4938,#2416,.T.);
#8083=EDGE_CURVE('',#5026,#5027,#2420,.T.);
#8085=EDGE_CURVE('',#4002,#5027,#2424,.T.);
#8087=EDGE_CURVE('',#4001,#4002,#2428,.T.);
#8089=EDGE_CURVE('',#5026,#4001,#2432,.T.);
#8099=EDGE_CURVE('',#4969,#4977,#2436,.T.);
#8101=EDGE_CURVE('',#4969,#4975,#2440,.T.);
#8103=EDGE_CURVE('',#4975,#4983,#2444,.T.);
#8105=EDGE_CURVE('',#4977,#4983,#2580,.T.);
#8115=EDGE_CURVE('',#4971,#4979,#2448,.T.);
#8117=EDGE_CURVE('',#4949,#4979,#2572,.T.);
#8120=EDGE_CURVE('',#4947,#4971,#2452,.T.);
#8131=EDGE_CURVE('',#4981,#5019,#2564,.T.);
#8133=EDGE_CURVE('',#4973,#4981,#2456,.T.);
#8135=EDGE_CURVE('',#4973,#4939,#2460,.T.);
#8145=EDGE_CURVE('',#4954,#4955,#2464,.T.);
#8147=EDGE_CURVE('',#4955,#4969,#2536,.T.);
#8150=EDGE_CURVE('',#4977,#4954,#2512,.T.);
#8161=EDGE_CURVE('',#4954,#4966,#2468,.T.);
#8163=EDGE_CURVE('',#4966,#4967,#2472,.T.);
#8165=EDGE_CURVE('',#4955,#4967,#2540,.T.);
#8175=EDGE_CURVE('',#4958,#4959,#2476,.T.);
#8177=EDGE_CURVE('',#4945,#4959,#2552,.T.);
#8180=EDGE_CURVE('',#4943,#4958,#2480,.T.);
#8191=EDGE_CURVE('',#4963,#4938,#2560,.T.);
#8193=EDGE_CURVE('',#4962,#4963,#2484,.T.);
#8195=EDGE_CURVE('',#4962,#5018,#2488,.T.);
#8208=EDGE_CURVE('',#4962,#4966,#2496,.T.);
#8211=EDGE_CURVE('',#4954,#4958,#2500,.T.);
#8224=EDGE_CURVE('',#4981,#4962,#2504,.T.);
#8226=EDGE_CURVE('',#4981,#4983,#2584,.T.);
#8228=EDGE_CURVE('',#4966,#4983,#2508,.T.);
#8240=EDGE_CURVE('',#4977,#4979,#2576,.T.);
#8242=EDGE_CURVE('',#4958,#4979,#2516,.T.);
#8252=EDGE_CURVE('',#4986,#4987,#2592,.T.);
#8254=EDGE_CURVE('',#5010,#4986,#2520,.T.);
#8256=EDGE_CURVE('',#5010,#5011,#2628,.T.);
#8258=EDGE_CURVE('',#4987,#5011,#2524,.T.);
#8268=EDGE_CURVE('',#4990,#4991,#2596,.T.);
#8270=EDGE_CURVE('',#5014,#4990,#2528,.T.);
#8272=EDGE_CURVE('',#5014,#5015,#2620,.T.);
#8274=EDGE_CURVE('',#4991,#5015,#2532,.T.);
#8285=EDGE_CURVE('',#4963,#4973,#2556,.T.);
#8299=EDGE_CURVE('',#4967,#4975,#2544,.T.);
#8310=EDGE_CURVE('',#4959,#4971,#2548,.T.);
#8376=EDGE_CURVE('',#5026,#5030,#2600,.T.);
#8378=EDGE_CURVE('',#4986,#5026,#2684,.T.);
#8381=EDGE_CURVE('',#4990,#4987,#2672,.T.);
#8384=EDGE_CURVE('',#4006,#4991,#2664,.T.);
#8398=EDGE_CURVE('',#5031,#5027,#2604,.T.);
#8408=EDGE_CURVE('',#5010,#5027,#2608,.T.);
#8413=EDGE_CURVE('',#4012,#5015,#2616,.T.);
#8416=EDGE_CURVE('',#5014,#5011,#2624,.T.);
#8427=EDGE_CURVE('',#5001,#5015,#2632,.T.);
#8431=EDGE_CURVE('',#4010,#5001,#2636,.T.);
#8441=EDGE_CURVE('',#5003,#5014,#2640,.T.);
#8443=EDGE_CURVE('',#5003,#5005,#2644,.T.);
#8445=EDGE_CURVE('',#5005,#5011,#2648,.T.);
#8458=EDGE_CURVE('',#5007,#5010,#2652,.T.);
#8460=EDGE_CURVE('',#5007,#4002,#2656,.T.);
#8470=EDGE_CURVE('',#4991,#4993,#2660,.T.);
#8474=EDGE_CURVE('',#4993,#5001,#2688,.T.);
#8485=EDGE_CURVE('',#4008,#4993,#2692,.T.);
#8497=EDGE_CURVE('',#4990,#4995,#2668,.T.);
#8500=EDGE_CURVE('',#4987,#4997,#2676,.T.);
#8502=EDGE_CURVE('',#4995,#4997,#2700,.T.);
#8513=EDGE_CURVE('',#4999,#4001,#2712,.T.);
#8515=EDGE_CURVE('',#4986,#4999,#2680,.T.);
#8538=EDGE_CURVE('',#4995,#5003,#2696,.T.);
#8541=EDGE_CURVE('',#4997,#5005,#2704,.T.);
#8552=EDGE_CURVE('',#4999,#5007,#2708,.T.);
#8602=EDGE_CURVE('',#3958,#3949,#2770,.T.);
#8613=EDGE_CURVE('',#4515,#4510,#2716,.T.);
#8615=EDGE_CURVE('',#4515,#3953,#2720,.T.);
#8617=EDGE_CURVE('',#3953,#3956,#2724,.T.);
#8620=EDGE_CURVE('',#4092,#4096,#2728,.T.);
#8622=EDGE_CURVE('',#4096,#4097,#2735,.T.);
#8624=EDGE_CURVE('',#4097,#4521,#2739,.T.);
#8626=EDGE_CURVE('',#4521,#4099,#2746,.T.);
#8628=EDGE_CURVE('',#4094,#4099,#2750,.T.);
#8639=EDGE_CURVE('',#4537,#4532,#2754,.T.);
#8641=EDGE_CURVE('',#4537,#4513,#2758,.T.);
#8643=EDGE_CURVE('',#4513,#4506,#2762,.T.);
#8654=EDGE_CURVE('',#4551,#4544,#2766,.T.);
#8658=EDGE_CURVE('',#3949,#4551,#2774,.T.);
#8668=EDGE_CURVE('',#4553,#4548,#2778,.T.);
#8670=EDGE_CURVE('',#4553,#4535,#2782,.T.);
#8672=EDGE_CURVE('',#4535,#4528,#2786,.T.);
#8684=EDGE_CURVE('',#4519,#4511,#2790,.T.);
#8686=EDGE_CURVE('',#4515,#4519,#2794,.T.);
#8698=EDGE_CURVE('',#4517,#4507,#2806,.T.);
#8700=EDGE_CURVE('',#4517,#4519,#2798,.T.);
#8713=EDGE_CURVE('',#4513,#4517,#2802,.T.);
#8725=EDGE_CURVE('',#4553,#4541,#2818,.T.);
#8727=EDGE_CURVE('',#4540,#4541,#2822,.T.);
#8729=EDGE_CURVE('',#4551,#4540,#2826,.T.);
#8740=EDGE_CURVE('',#4537,#4525,#2838,.T.);
#8742=EDGE_CURVE('',#4524,#4525,#2842,.T.);
#8744=EDGE_CURVE('',#4535,#4524,#2846,.T.);
#8755=EDGE_CURVE('',#4541,#4549,#2814,.T.);
#8768=EDGE_CURVE('',#4540,#4545,#2830,.T.);
#8793=EDGE_CURVE('',#4525,#4533,#2834,.T.);
#8806=EDGE_CURVE('',#4524,#4529,#2850,.T.);
#8842=EDGE_CURVE('',#4089,#4085,#2863,.T.);
#8844=EDGE_CURVE('',#4085,#4096,#2871,.T.);
#8856=EDGE_CURVE('',#4086,#4090,#2854,.T.);
#8858=EDGE_CURVE('',#4085,#4086,#2859,.T.);
#8871=EDGE_CURVE('',#4086,#4099,#2867,.T.);
#8887=EDGE_CURVE('',#4097,#4521,#2876,.T.);
#8909=EDGE_CURVE('',#3880,#3864,#2884,.T.);
#8911=EDGE_CURVE('',#3857,#3864,#2944,.T.);
#8921=EDGE_CURVE('',#3867,#3868,#2960,.T.);
#8923=EDGE_CURVE('',#3867,#3884,#3052,.T.);
#8935=EDGE_CURVE('',#4379,#4367,#2880,.T.);
#8937=EDGE_CURVE('',#4367,#3864,#2948,.T.);
#8949=EDGE_CURVE('',#4411,#4399,#2892,.T.);
#8951=EDGE_CURVE('',#4399,#4361,#2976,.T.);
#8953=EDGE_CURVE('',#4377,#4361,#2896,.T.);
#8966=EDGE_CURVE('',#3882,#3870,#2912,.T.);
#8968=EDGE_CURVE('',#3870,#4425,#2996,.T.);
#8978=EDGE_CURVE('',#4443,#4431,#2916,.T.);
#8980=EDGE_CURVE('',#4431,#4393,#3032,.T.);
#8982=EDGE_CURVE('',#4409,#4393,#2920,.T.);
#8994=EDGE_CURVE('',#4359,#4367,#2936,.T.);
#9006=EDGE_CURVE('',#4370,#4371,#2952,.T.);
#9010=EDGE_CURVE('',#4370,#4383,#3048,.T.);
#9033=EDGE_CURVE('',#4370,#3867,#2956,.T.);
#9045=EDGE_CURVE('',#4391,#4399,#2964,.T.);
#9048=EDGE_CURVE('',#4354,#4361,#2972,.T.);
#9059=EDGE_CURVE('',#4402,#4403,#2980,.T.);
#9061=EDGE_CURVE('',#4402,#4364,#2984,.T.);
#9063=EDGE_CURVE('',#4364,#4365,#2988,.T.);
#9076=EDGE_CURVE('',#3861,#3870,#3000,.T.);
#9089=EDGE_CURVE('',#3873,#3874,#3012,.T.);
#9091=EDGE_CURVE('',#3873,#4428,#3016,.T.);
#9101=EDGE_CURVE('',#4423,#4431,#3020,.T.);
#9104=EDGE_CURVE('',#4386,#4393,#3028,.T.);
#9115=EDGE_CURVE('',#4434,#4435,#3036,.T.);
#9117=EDGE_CURVE('',#4434,#4396,#3040,.T.);
#9119=EDGE_CURVE('',#4396,#4397,#3044,.T.);
#9142=EDGE_CURVE('',#4402,#4415,#3056,.T.);
#9145=EDGE_CURVE('',#4364,#4381,#3060,.T.);
#9158=EDGE_CURVE('',#3873,#3886,#3068,.T.);
#9169=EDGE_CURVE('',#4434,#4447,#3072,.T.);
#9172=EDGE_CURVE('',#4396,#4413,#3076,.T.);
#9304=EDGE_CURVE('',#4872,#4885,#3108,.T.);
#9309=EDGE_CURVE('',#4049,#4050,#3120,.T.);
#9314=EDGE_CURVE('',#4077,#4046,#3136,.T.);
#9317=EDGE_CURVE('',#4081,#4045,#3144,.T.);
#9322=EDGE_CURVE('',#4877,#4884,#3160,.T.);
#9335=EDGE_CURVE('',#4873,#4860,#3164,.T.);
#9348=EDGE_CURVE('',#4875,#4861,#3168,.T.);
#9370=EDGE_CURVE('',#4185,#4164,#3172,.T.);
#9373=EDGE_CURVE('',#4030,#4022,#3176,.T.);
#9384=EDGE_CURVE('',#4187,#4169,#3180,.T.);
#9399=EDGE_CURVE('',#4161,#4118,#3184,.T.);
#9401=EDGE_CURVE('',#4118,#4119,#3232,.T.);
#9403=EDGE_CURVE('',#4165,#4119,#3196,.T.);
#9417=EDGE_CURVE('',#4171,#4123,#3188,.T.);
#9419=EDGE_CURVE('',#4123,#4118,#3236,.T.);
#9434=EDGE_CURVE('',#4167,#4121,#3192,.T.);
#9436=EDGE_CURVE('',#4121,#4123,#3240,.T.);
#9450=EDGE_CURVE('',#4119,#4121,#3244,.T.);
#9461=EDGE_CURVE('',#4102,#4103,#3200,.T.);
#9463=EDGE_CURVE('',#4107,#4102,#3204,.T.);
#9465=EDGE_CURVE('',#4105,#4107,#3208,.T.);
#9476=EDGE_CURVE('',#4110,#4111,#3216,.T.);
#9478=EDGE_CURVE('',#4115,#4110,#3220,.T.);
#9481=EDGE_CURVE('',#4111,#4113,#3228,.T.);
#9503=EDGE_CURVE('',#4126,#4127,#3248,.T.);
#9505=EDGE_CURVE('',#4131,#4126,#3252,.T.);
#9507=EDGE_CURVE('',#4129,#4131,#3256,.T.);
#9509=EDGE_CURVE('',#4127,#4129,#3260,.T.);
#9520=EDGE_CURVE('',#4150,#4102,#3264,.T.);
#9534=EDGE_CURVE('',#4175,#4159,#3276,.T.);
#9537=EDGE_CURVE('',#4157,#4107,#3268,.T.);
#9564=EDGE_CURVE('',#4025,#4017,#3280,.T.);
#9600=EDGE_CURVE('',#4183,#4110,#3288,.T.);
#9603=EDGE_CURVE('',#4179,#4111,#3296,.T.);
#9642=EDGE_CURVE('',#4191,#4126,#3300,.T.);
#9645=EDGE_CURVE('',#4190,#4127,#3316,.T.);
#9656=EDGE_CURVE('',#4195,#4131,#3304,.T.);
#9673=EDGE_CURVE('',#4194,#4129,#3312,.T.);
#9716=EDGE_CURVE('',#3916,#3920,#3328,.T.);
#9727=EDGE_CURVE('',#3938,#3920,#3344,.T.);
#9731=EDGE_CURVE('',#3914,#3945,#3352,.T.);
#9758=EDGE_CURVE('',#3930,#3946,#3368,.T.);
#9827=EDGE_CURVE('',#4279,#4244,#3396,.T.);
#9830=EDGE_CURVE('',#4282,#4245,#3468,.T.);
#9835=EDGE_CURVE('',#3848,#3984,#3400,.T.);
#9848=EDGE_CURVE('',#4278,#4757,#3408,.T.);
#9851=EDGE_CURVE('',#4769,#4752,#3464,.T.);
#9864=EDGE_CURVE('',#4287,#4837,#3412,.T.);
#9866=EDGE_CURVE('',#4737,#4837,#3444,.T.);
#9868=EDGE_CURVE('',#4737,#4761,#3416,.T.);
#9871=EDGE_CURVE('',#4775,#4763,#3456,.T.);
#9874=EDGE_CURVE('',#4773,#4755,#3420,.T.);
#9888=EDGE_CURVE('',#4843,#4839,#3424,.T.);
#9890=EDGE_CURVE('',#4837,#4839,#3428,.T.);
#9904=EDGE_CURVE('',#4736,#4760,#3440,.T.);
#9906=EDGE_CURVE('',#4839,#4736,#3448,.T.);
#9910=EDGE_CURVE('',#4777,#4765,#3436,.T.);
#9922=EDGE_CURVE('',#4736,#4737,#3452,.T.);
#9960=EDGE_CURVE('',#4771,#4753,#3460,.T.);
#10019=EDGE_CURVE('',#4267,#4237,#3476,.T.);
#10032=EDGE_CURVE('',#4265,#4236,#3480,.T.);
#10044=EDGE_CURVE('',#4824,#4263,#3488,.T.);
#10047=EDGE_CURVE('',#4809,#4825,#3504,.T.);
#10061=EDGE_CURVE('',#4807,#4847,#3484,.T.);
#10066=EDGE_CURVE('',#4261,#4811,#3492,.T.);
#10068=EDGE_CURVE('',#4821,#4811,#3528,.T.);
#10070=EDGE_CURVE('',#4821,#4831,#3496,.T.);
#10073=EDGE_CURVE('',#4806,#4833,#3540,.T.);
#10086=EDGE_CURVE('',#4835,#4827,#3500,.T.);
#10109=EDGE_CURVE('',#4803,#4853,#3508,.T.);
#10111=EDGE_CURVE('',#4853,#4811,#3512,.T.);
#10125=EDGE_CURVE('',#4820,#4830,#3524,.T.);
#10127=EDGE_CURVE('',#4853,#4820,#3532,.T.);
#10131=EDGE_CURVE('',#4851,#4849,#3520,.T.);
#10143=EDGE_CURVE('',#4820,#4821,#3536,.T.);
#10181=EDGE_CURVE('',#4684,#4685,#3552,.T.);
#10216=EDGE_CURVE('',#4470,#4450,#3564,.T.);
#10218=EDGE_CURVE('',#4450,#4451,#3568,.T.);
#10220=EDGE_CURVE('',#4451,#4453,#3572,.T.);
#10222=EDGE_CURVE('',#4453,#4455,#3576,.T.);
#10224=EDGE_CURVE('',#4455,#4457,#3580,.T.);
#10226=EDGE_CURVE('',#4457,#4471,#3584,.T.);
#10237=EDGE_CURVE('',#4498,#4478,#3588,.T.);
#10239=EDGE_CURVE('',#4478,#4479,#3592,.T.);
#10241=EDGE_CURVE('',#4479,#4481,#3596,.T.);
#10243=EDGE_CURVE('',#4481,#4483,#3600,.T.);
#10245=EDGE_CURVE('',#4483,#4485,#3604,.T.);
#10247=EDGE_CURVE('',#4485,#4499,#3608,.T.);
#10258=EDGE_CURVE('',#4474,#4460,#3632,.T.);
#10260=EDGE_CURVE('',#4450,#4460,#3676,.T.);
#10272=EDGE_CURVE('',#4467,#4475,#3612,.T.);
#10274=EDGE_CURVE('',#4465,#4467,#3616,.T.);
#10276=EDGE_CURVE('',#4463,#4465,#3620,.T.);
#10278=EDGE_CURVE('',#4461,#4463,#3624,.T.);
#10280=EDGE_CURVE('',#4460,#4461,#3628,.T.);
#10292=EDGE_CURVE('',#4495,#4503,#3636,.T.);
#10294=EDGE_CURVE('',#4493,#4495,#3640,.T.);
#10296=EDGE_CURVE('',#4491,#4493,#3644,.T.);
#10298=EDGE_CURVE('',#4489,#4491,#3648,.T.);
#10300=EDGE_CURVE('',#4488,#4489,#3652,.T.);
#10302=EDGE_CURVE('',#4502,#4488,#3656,.T.);
#10314=EDGE_CURVE('',#4457,#4467,#3660,.T.);
#10326=EDGE_CURVE('',#4455,#4465,#3664,.T.);
#10339=EDGE_CURVE('',#4453,#4463,#3668,.T.);
#10352=EDGE_CURVE('',#4451,#4461,#3672,.T.);
#10378=EDGE_CURVE('',#4485,#4495,#3680,.T.);
#10390=EDGE_CURVE('',#4483,#4493,#3684,.T.);
#10403=EDGE_CURVE('',#4481,#4491,#3688,.T.);
#10416=EDGE_CURVE('',#4479,#4489,#3692,.T.);
#10429=EDGE_CURVE('',#4478,#4488,#3696,.T.);
#10453=EDGE_CURVE('',#5053,#5034,#3700,.T.);
#10456=EDGE_CURVE('',#5041,#5055,#3704,.T.);
#10458=EDGE_CURVE('',#5039,#5041,#3708,.T.);
#10460=EDGE_CURVE('',#5037,#5039,#3712,.T.);
#10462=EDGE_CURVE('',#5035,#5037,#3716,.T.);
#10464=EDGE_CURVE('',#5034,#5035,#3720,.T.);
#10474=EDGE_CURVE('',#5081,#5062,#3724,.T.);
#10477=EDGE_CURVE('',#5069,#5083,#3728,.T.);
#10479=EDGE_CURVE('',#5067,#5069,#3732,.T.);
#10481=EDGE_CURVE('',#5065,#5067,#3736,.T.);
#10483=EDGE_CURVE('',#5063,#5065,#3740,.T.);
#10485=EDGE_CURVE('',#5062,#5063,#3744,.T.);
#10496=EDGE_CURVE('',#5034,#5044,#3748,.T.);
#10498=EDGE_CURVE('',#5057,#5044,#3768,.T.);
#10510=EDGE_CURVE('',#5035,#5045,#3752,.T.);
#10512=EDGE_CURVE('',#5044,#5045,#3772,.T.);
#10524=EDGE_CURVE('',#5037,#5047,#3756,.T.);
#10526=EDGE_CURVE('',#5045,#5047,#3776,.T.);
#10538=EDGE_CURVE('',#5039,#5049,#3760,.T.);
#10540=EDGE_CURVE('',#5047,#5049,#3780,.T.);
#10552=EDGE_CURVE('',#5041,#5051,#3764,.T.);
#10554=EDGE_CURVE('',#5049,#5051,#3784,.T.);
#10567=EDGE_CURVE('',#5051,#5059,#3788,.T.);
#10593=EDGE_CURVE('',#5085,#5072,#3792,.T.);
#10595=EDGE_CURVE('',#5072,#5073,#3796,.T.);
#10597=EDGE_CURVE('',#5073,#5075,#3800,.T.);
#10599=EDGE_CURVE('',#5075,#5077,#3804,.T.);
#10601=EDGE_CURVE('',#5077,#5079,#3808,.T.);
#10603=EDGE_CURVE('',#5079,#5087,#3812,.T.);
#10615=EDGE_CURVE('',#5062,#5072,#3816,.T.);
#10628=EDGE_CURVE('',#5063,#5073,#3820,.T.);
#10641=EDGE_CURVE('',#5065,#5075,#3824,.T.);
#10654=EDGE_CURVE('',#5067,#5077,#3828,.T.);
#10667=EDGE_CURVE('',#5069,#5079,#3832,.T.);
#10694=EDGE_CURVE('',#4865,#4856,#3836,.T.);
#10721=CIRCLE('',#10720,9.E-1);
#10722=TRIMMED_CURVE('',#10721,(PARAMETER_VALUE(0.E0)),(PARAMETER_VALUE(1.8E2)),
.T.,.UNSPECIFIED.);
#10723=COMPOSITE_CURVE_SEGMENT(.CONTINUOUS.,.T.,#10722);
#10728=CIRCLE('',#10727,9.E-1);
#10729=TRIMMED_CURVE('',#10728,(PARAMETER_VALUE(0.E0)),(PARAMETER_VALUE(1.8E2)),
.T.,.UNSPECIFIED.);
#10730=COMPOSITE_CURVE_SEGMENT(.CONTINUOUS.,.T.,#10729);
#10731=COMPOSITE_CURVE('',(#10723,#10730),.F.);
#10737=CIRCLE('',#10736,9.E-1);
#10738=TRIMMED_CURVE('',#10737,(PARAMETER_VALUE(0.E0)),(PARAMETER_VALUE(1.8E2)),
.T.,.UNSPECIFIED.);
#10739=COMPOSITE_CURVE_SEGMENT(.CONTINUOUS.,.T.,#10738);
#10744=CIRCLE('',#10743,9.E-1);
#10745=TRIMMED_CURVE('',#10744,(PARAMETER_VALUE(0.E0)),(PARAMETER_VALUE(1.8E2)),
.T.,.UNSPECIFIED.);
#10746=COMPOSITE_CURVE_SEGMENT(.CONTINUOUS.,.T.,#10745);
#10747=COMPOSITE_CURVE('',(#10739,#10746),.F.);
#10752=CIRCLE('',#10751,9.E-1);
#10753=TRIMMED_CURVE('',#10752,(PARAMETER_VALUE(0.E0)),(PARAMETER_VALUE(1.8E2)),
.T.,.UNSPECIFIED.);
#10754=COMPOSITE_CURVE_SEGMENT(.CONTINUOUS.,.T.,#10753);
#10759=CIRCLE('',#10758,9.E-1);
#10760=TRIMMED_CURVE('',#10759,(PARAMETER_VALUE(0.E0)),(PARAMETER_VALUE(1.8E2)),
.T.,.UNSPECIFIED.);
#10761=COMPOSITE_CURVE_SEGMENT(.CONTINUOUS.,.T.,#10760);
#10762=COMPOSITE_CURVE('',(#10754,#10761),.F.);
#10767=CIRCLE('',#10766,9.E-1);
#10768=TRIMMED_CURVE('',#10767,(PARAMETER_VALUE(0.E0)),(PARAMETER_VALUE(1.8E2)),
.T.,.UNSPECIFIED.);
#10769=COMPOSITE_CURVE_SEGMENT(.CONTINUOUS.,.T.,#10768);
#10774=CIRCLE('',#10773,9.E-1);
#10775=TRIMMED_CURVE('',#10774,(PARAMETER_VALUE(0.E0)),(PARAMETER_VALUE(1.8E2)),
.T.,.UNSPECIFIED.);
#10776=COMPOSITE_CURVE_SEGMENT(.CONTINUOUS.,.T.,#10775);
#10777=COMPOSITE_CURVE('',(#10769,#10776),.F.);
#10782=CIRCLE('',#10781,9.E-1);
#10783=TRIMMED_CURVE('',#10782,(PARAMETER_VALUE(0.E0)),(PARAMETER_VALUE(1.8E2)),
.T.,.UNSPECIFIED.);
#10784=COMPOSITE_CURVE_SEGMENT(.CONTINUOUS.,.T.,#10783);
#10789=CIRCLE('',#10788,9.E-1);
#10790=TRIMMED_CURVE('',#10789,(PARAMETER_VALUE(0.E0)),(PARAMETER_VALUE(1.8E2)),
.T.,.UNSPECIFIED.);
#10791=COMPOSITE_CURVE_SEGMENT(.CONTINUOUS.,.T.,#10790);
#10792=COMPOSITE_CURVE('',(#10784,#10791),.F.);
#10797=CIRCLE('',#10796,9.E-1);
#10798=TRIMMED_CURVE('',#10797,(PARAMETER_VALUE(0.E0)),(PARAMETER_VALUE(1.8E2)),
.T.,.UNSPECIFIED.);
#10799=COMPOSITE_CURVE_SEGMENT(.CONTINUOUS.,.T.,#10798);
#10804=CIRCLE('',#10803,9.E-1);
#10805=TRIMMED_CURVE('',#10804,(PARAMETER_VALUE(0.E0)),(PARAMETER_VALUE(1.8E2)),
.T.,.UNSPECIFIED.);
#10806=COMPOSITE_CURVE_SEGMENT(.CONTINUOUS.,.T.,#10805);
#10807=COMPOSITE_CURVE('',(#10799,#10806),.F.);
#10812=CIRCLE('',#10811,1.5E0);
#10813=TRIMMED_CURVE('',#10812,(PARAMETER_VALUE(0.E0)),(PARAMETER_VALUE(1.8E2)),
.T.,.UNSPECIFIED.);
#10814=COMPOSITE_CURVE_SEGMENT(.CONTINUOUS.,.T.,#10813);
#10819=CIRCLE('',#10818,1.5E0);
#10820=TRIMMED_CURVE('',#10819,(PARAMETER_VALUE(0.E0)),(PARAMETER_VALUE(1.8E2)),
.T.,.UNSPECIFIED.);
#10821=COMPOSITE_CURVE_SEGMENT(.CONTINUOUS.,.T.,#10820);
#10822=COMPOSITE_CURVE('',(#10814,#10821),.F.);
#10827=CIRCLE('',#10826,1.5E0);
#10828=TRIMMED_CURVE('',#10827,(PARAMETER_VALUE(0.E0)),(PARAMETER_VALUE(1.8E2)),
.T.,.UNSPECIFIED.);
#10829=COMPOSITE_CURVE_SEGMENT(.CONTINUOUS.,.T.,#10828);
#10834=CIRCLE('',#10833,1.5E0);
#10835=TRIMMED_CURVE('',#10834,(PARAMETER_VALUE(0.E0)),(PARAMETER_VALUE(1.8E2)),
.T.,.UNSPECIFIED.);
#10836=COMPOSITE_CURVE_SEGMENT(.CONTINUOUS.,.T.,#10835);
#10837=COMPOSITE_CURVE('',(#10829,#10836),.F.);
#10838=(LENGTH_UNIT()NAMED_UNIT(*)SI_UNIT(.MILLI.,.METRE.));
#10840=(NAMED_UNIT(*)PLANE_ANGLE_UNIT()SI_UNIT($,.RADIAN.));
#10843=(NAMED_UNIT(*)SI_UNIT($,.STERADIAN.)SOLID_ANGLE_UNIT());
#10846=ADVANCED_BREP_SHAPE_REPRESENTATION('',(#10712),#10845);
#10847=GEOMETRICALLY_BOUNDED_SURFACE_SHAPE_REPRESENTATION('',(#10732),#10845);
#10848=SHAPE_REPRESENTATION('',(#10716),#10845);
#10857=PRODUCT_DEFINITION('design','',#10856,#10853);
#10858=PRODUCT_DEFINITION_SHAPE('','SHAPE FOR 440680057.',#10857);
#10859=SHAPE_DEFINITION_REPRESENTATION(#10858,#10848);
ENDSEC;
END-ISO-10303-21;
