ISO-10303-21;
HEADER;
FILE_DESCRIPTION (( 'STEP AP214' ),
    '1' );
FILE_NAME ('BM06B-GHS-TBT(LF)(SN).STEP',
    '2023-10-05T14:55:06',
    ( '' ),
    ( '' ),
    'SwSTEP 2.0',
    'SolidWorks 2022',
    '' );
FILE_SCHEMA (( 'AUTOMOTIVE_DESIGN' ));
ENDSEC;

DATA;
#1 = PRESENTATION_LAYER_ASSIGNMENT (  '', '', ( #1865 ) ) ;
#2 = EDGE_LOOP ( 'NONE', ( #5168, #3039, #414, #2265, #4181, #590, #996, #3659, #4609, #2114, #2949, #1835, #635 ) ) ;
#3 = ADVANCED_FACE ( 'NONE', ( #1670 ), #4200, .F. ) ;
#4 = FILL_AREA_STYLE ('',( #2357 ) ) ;
#5 = VECTOR ( 'NONE', #3939, 1000.000000000000000 ) ;
#6 = DIRECTION ( 'NONE',  ( 1.000000000000000000, -0.000000000000000000, 0.000000000000000000 ) ) ;
#7 = LINE ( 'NONE', #1946, #4235 ) ;
#8 = EDGE_LOOP ( 'NONE', ( #2795, #1223, #1787, #54 ) ) ;
#9 = COLOUR_RGB ( '',0.9607843137254902244, 0.9607843137254902244, 0.9607843137254902244 ) ;
#10 = CARTESIAN_POINT ( 'NONE',  ( -7.149999999999999467, 0.05000000000000674738, 3.800000000000006040 ) ) ;
#11 = EDGE_LOOP ( 'NONE', ( #5011, #3019, #4975, #5130 ) ) ;
#12 = PLANE ( 'NONE',  #3097 ) ;
#13 = CIRCLE ( 'NONE', #2221, 0.1499999999999999667 ) ;
#14 = DIRECTION ( 'NONE',  ( 0.000000000000000000, 0.000000000000000000, 1.000000000000000000 ) ) ;
#15 = FILL_AREA_STYLE ('',( #1556 ) ) ;
#16 = ORIENTED_EDGE ( 'NONE', *, *, #3524, .F. ) ;
#17 = PRESENTATION_LAYER_ASSIGNMENT (  '', '', ( #3185 ) ) ;
#18 = VERTEX_POINT ( 'NONE', #892 ) ;
#19 = LINE ( 'NONE', #2881, #1515 ) ;
#20 = VECTOR ( 'NONE', #4554, 1000.000000000000000 ) ;
#21 = SURFACE_STYLE_USAGE ( .BOTH. , #4134 ) ;
#22 = EDGE_CURVE ( 'NONE', #4404, #927, #465, .T. ) ;
#23 = ORIENTED_EDGE ( 'NONE', *, *, #3776, .T. ) ;
#24 = DIRECTION ( 'NONE',  ( 1.000000000000000000, 0.000000000000000000, 0.000000000000000000 ) ) ;
#25 = VECTOR ( 'NONE', #1037, 1000.000000000000000 ) ;
#26 = FACE_OUTER_BOUND ( 'NONE', #2551, .T. ) ;
#27 = AXIS2_PLACEMENT_3D ( 'NONE', #1965, #1485, #3542 ) ;
#28 = ORIENTED_EDGE ( 'NONE', *, *, #3423, .T. ) ;
#29 = VECTOR ( 'NONE', #807, 1000.000000000000000 ) ;
#30 = DIRECTION ( 'NONE',  ( 0.000000000000000000, 0.000000000000000000, 1.000000000000000000 ) ) ;
#31 = ADVANCED_FACE ( 'NONE', ( #2101 ), #5006, .F. ) ;
#32 = SURFACE_SIDE_STYLE ('',( #831 ) ) ;
#33 = VERTEX_POINT ( 'NONE', #4583 ) ;
#34 = VERTEX_POINT ( 'NONE', #3824 ) ;
#35 = DIRECTION ( 'NONE',  ( -0.000000000000000000, -3.491483361109382461E-15, -1.000000000000000000 ) ) ;
#36 = CARTESIAN_POINT ( 'NONE',  ( -7.149999999999999467, -0.07499999999999552858, 3.350000000000006306 ) ) ;
#37 = VERTEX_POINT ( 'NONE', #2486 ) ;
#38 = DIRECTION ( 'NONE',  ( 0.000000000000000000, -3.491483361109382461E-15, -1.000000000000000000 ) ) ;
#39 = ORIENTED_EDGE ( 'NONE', *, *, #2967, .T. ) ;
#40 = FILL_AREA_STYLE ('',( #4536 ) ) ;
#41 = ORIENTED_EDGE ( 'NONE', *, *, #2266, .T. ) ;
#42 = LINE ( 'NONE', #2807, #998 ) ;
#43 = UNCERTAINTY_MEASURE_WITH_UNIT (LENGTH_MEASURE( 1.000000000000000082E-05 ), #3311, 'distance_accuracy_value', 'NONE');
#44 = EDGE_CURVE ( 'NONE', #5096, #4212, #2081, .T. ) ;
#45 = FACE_OUTER_BOUND ( 'NONE', #1757, .T. ) ;
#46 = DIRECTION ( 'NONE',  ( 1.000000000000000000, -0.000000000000000000, -0.000000000000000000 ) ) ;
#47 = ORIENTED_EDGE ( 'NONE', *, *, #4625, .T. ) ;
#48 = CARTESIAN_POINT ( 'NONE',  ( -5.899999999999998579, -0.3249999999999933498, 4.425000000000004263 ) ) ;
#49 = PRESENTATION_LAYER_ASSIGNMENT (  '', '', ( #4261 ) ) ;
#50 = PRESENTATION_STYLE_ASSIGNMENT (( #1276 ) ) ;
#51 = CARTESIAN_POINT ( 'NONE',  ( -2.149999999999999023, -0.1749999999999939659, 3.575000000000005063 ) ) ;
#52 = ORIENTED_EDGE ( 'NONE', *, *, #3307, .F. ) ;
#53 = LINE ( 'NONE', #132, #3160 ) ;
#54 = ORIENTED_EDGE ( 'NONE', *, *, #4131, .F. ) ;
#55 = PRESENTATION_STYLE_ASSIGNMENT (( #2898 ) ) ;
#56 = LINE ( 'NONE', #2927, #20 ) ;
#57 = AXIS2_PLACEMENT_3D ( 'NONE', #1635, #338, #4932 ) ;
#58 = FACE_OUTER_BOUND ( 'NONE', #3774, .T. ) ;
#59 = VERTEX_POINT ( 'NONE', #3717 ) ;
#60 = ORIENTED_EDGE ( 'NONE', *, *, #1410, .T. ) ;
#61 = EDGE_CURVE ( 'NONE', #2340, #1330, #3738, .T. ) ;
#62 = LINE ( 'NONE', #2496, #1266 ) ;
#63 = AXIS2_PLACEMENT_3D ( 'NONE', #4544, #1273, #2403 ) ;
#64 = VERTEX_POINT ( 'NONE', #2130 ) ;
#65 = PLANE ( 'NONE',  #4949 ) ;
#66 = CARTESIAN_POINT ( 'NONE',  ( -10.75000000000000000, 0.3250000000000059508, 3.525000000000004796 ) ) ;
#67 = STYLED_ITEM ( 'NONE', ( #2718 ), #1776 ) ;
#68 = CIRCLE ( 'NONE', #1004, 0.1499999999999999667 ) ;
#69 = SURFACE_SIDE_STYLE ('',( #4545 ) ) ;
#70 = AXIS2_PLACEMENT_3D ( 'NONE', #3122, #2711, #3554 ) ;
#71 = ORIENTED_EDGE ( 'NONE', *, *, #5178, .F. ) ;
#72 = PLANE ( 'NONE',  #3836 ) ;
#73 = CARTESIAN_POINT ( 'NONE',  ( -8.400000000000000355, -0.3249999999999933498, 4.425000000000005151 ) ) ;
#74 = DIRECTION ( 'NONE',  ( 1.000000000000000000, 1.355252715606885966E-16, 2.710505431213726079E-16 ) ) ;
#75 = EDGE_CURVE ( 'NONE', #1131, #3578, #3768, .T. ) ;
#76 = EDGE_CURVE ( 'NONE', #337, #3921, #2950, .T. ) ;
#77 = ORIENTED_EDGE ( 'NONE', *, *, #4505, .T. ) ;
#78 = VECTOR ( 'NONE', #649, 1000.000000000000000 ) ;
#79 = ORIENTED_EDGE ( 'NONE', *, *, #3740, .T. ) ;
#80 = DIRECTION ( 'NONE',  ( 0.000000000000000000, -3.491483361109382461E-15, -1.000000000000000000 ) ) ;
#81 = CARTESIAN_POINT ( 'NONE',  ( -2.149999999999999023, -0.1749999999999939659, 3.575000000000005063 ) ) ;
#82 =( NAMED_UNIT ( * ) PLANE_ANGLE_UNIT ( ) SI_UNIT ( $, .RADIAN. ) );
#83 = DIRECTION ( 'NONE',  ( 0.000000000000000000, 0.000000000000000000, -1.000000000000000000 ) ) ;
#84 = STYLED_ITEM ( 'NONE', ( #2832 ), #2946 ) ;
#85 = ADVANCED_FACE ( 'NONE', ( #1358 ), #4659, .F. ) ;
#86 = EDGE_LOOP ( 'NONE', ( #2000, #940, #197, #245 ) ) ;
#87 = FACE_OUTER_BOUND ( 'NONE', #3224, .T. ) ;
#88 = VERTEX_POINT ( 'NONE', #3035 ) ;
#89 = VECTOR ( 'NONE', #2310, 1000.000000000000000 ) ;
#90 = CYLINDRICAL_SURFACE ( 'NONE', #4201, 0.07499999999999998335 ) ;
#91 = CARTESIAN_POINT ( 'NONE',  ( 0.000000000000000000, -0.1750000000000080380, -0.5249999999999935829 ) ) ;
#92 = EDGE_CURVE ( 'NONE', #4246, #3446, #4704, .T. ) ;
#93 = AXIS2_PLACEMENT_3D ( 'NONE', #4332, #1507, #5212 ) ;
#94 = VERTEX_POINT ( 'NONE', #4730 ) ;
#95 = LINE ( 'NONE', #1714, #4357 ) ;
#96 = DIRECTION ( 'NONE',  ( 1.000000000000000000, 2.710505431213777355E-16, -8.624045791263589697E-31 ) ) ;
#97 = UNCERTAINTY_MEASURE_WITH_UNIT (LENGTH_MEASURE( 1.000000000000000082E-05 ), #739, 'distance_accuracy_value', 'NONE');
#98 = VECTOR ( 'NONE', #4875, 1000.000000000000000 ) ;
#99 = VECTOR ( 'NONE', #3791, 1000.000000000000000 ) ;
#100 = ORIENTED_EDGE ( 'NONE', *, *, #1907, .F. ) ;
#101 = UNCERTAINTY_MEASURE_WITH_UNIT (LENGTH_MEASURE( 1.000000000000000082E-05 ), #5162, 'distance_accuracy_value', 'NONE');
#102 = CARTESIAN_POINT ( 'NONE',  ( -7.149999999999999467, -0.07499999999999354405, 3.350000000000006306 ) ) ;
#103 = FACE_OUTER_BOUND ( 'NONE', #2090, .T. ) ;
#104 = VECTOR ( 'NONE', #268, 1000.000000000000000 ) ;
#105 = FACE_OUTER_BOUND ( 'NONE', #3098, .T. ) ;
#106 = VERTEX_POINT ( 'NONE', #4783 ) ;
#107 = FACE_OUTER_BOUND ( 'NONE', #4832, .T. ) ;
#108 = AXIS2_PLACEMENT_3D ( 'NONE', #51, #1247, #2156 ) ;
#109 = VERTEX_POINT ( 'NONE', #3459 ) ;
#110 =( NAMED_UNIT ( * ) SI_UNIT ( $, .STERADIAN. ) SOLID_ANGLE_UNIT ( ) );
#111 = ADVANCED_FACE ( 'NONE', ( #3906 ), #986, .T. ) ;
#112 = DIRECTION ( 'NONE',  ( 0.000000000000000000, -1.000000000000000000, 3.491483361109382461E-15 ) ) ;
#113 = VERTEX_POINT ( 'NONE', #3486 ) ;
#114 = FACE_OUTER_BOUND ( 'NONE', #2078, .T. ) ;
#115 = ORIENTED_EDGE ( 'NONE', *, *, #3114, .F. ) ;
#116 = ORIENTED_EDGE ( 'NONE', *, *, #1178, .T. ) ;
#117 = DIRECTION ( 'NONE',  ( -0.000000000000000000, -3.491483361109382461E-15, -1.000000000000000000 ) ) ;
#118 = LINE ( 'NONE', #899, #5065 ) ;
#119 = PLANE ( 'NONE',  #5292 ) ;
#120 = ORIENTED_EDGE ( 'NONE', *, *, #3624, .F. ) ;
#121 = CARTESIAN_POINT ( 'NONE',  ( 0.000000000000000000, 3.875000000000000000, 1.774999999999993250 ) ) ;
#122 =( NAMED_UNIT ( * ) PLANE_ANGLE_UNIT ( ) SI_UNIT ( $, .RADIAN. ) );
#123 = ADVANCED_FACE ( 'NONE', ( #1036 ), #5138, .F. ) ;
#124 = DIRECTION ( 'NONE',  ( 0.000000000000000000, 0.000000000000000000, 1.000000000000000000 ) ) ;
#125 = LINE ( 'NONE', #4299, #2304 ) ;
#126 = ORIENTED_EDGE ( 'NONE', *, *, #2710, .T. ) ;
#127 = DIRECTION ( 'NONE',  ( -1.000000000000000000, -9.463684613279350699E-31, -2.710505431213730517E-16 ) ) ;
#128 = ADVANCED_FACE ( 'NONE', ( #3087 ), #1890, .F. ) ;
#129 =( NAMED_UNIT ( * ) SI_UNIT ( $, .STERADIAN. ) SOLID_ANGLE_UNIT ( ) );
#130 = CARTESIAN_POINT ( 'NONE',  ( -10.24999999999999822, 1.625000000000005551, 3.125000000000000000 ) ) ;
#131 = ORIENTED_EDGE ( 'NONE', *, *, #1405, .T. ) ;
#132 = CARTESIAN_POINT ( 'NONE',  ( -8.400000000000000355, -0.02499999999999328107, 3.800000000000006484 ) ) ;
#133 = ORIENTED_EDGE ( 'NONE', *, *, #2234, .T. ) ;
#134 = DIRECTION ( 'NONE',  ( -1.000000000000000000, -0.000000000000000000, -0.000000000000000000 ) ) ;
#135 = LINE ( 'NONE', #4229, #5000 ) ;
#136 = PRESENTATION_LAYER_ASSIGNMENT (  '', '', ( #487 ) ) ;
#137 = CARTESIAN_POINT ( 'NONE',  ( -2.349999999999999645, 0.3250000000000034528, 4.425000000000004263 ) ) ;
#138 = ORIENTED_EDGE ( 'NONE', *, *, #3490, .F. ) ;
#139 = EDGE_CURVE ( 'NONE', #4055, #3571, #806, .T. ) ;
#140 = PLANE ( 'NONE',  #4963 ) ;
#141 = ORIENTED_EDGE ( 'NONE', *, *, #3392, .F. ) ;
#142 = VECTOR ( 'NONE', #540, 1000.000000000000000 ) ;
#143 = CARTESIAN_POINT ( 'NONE',  ( -2.149999999999999023, -0.02499999999999117511, 3.800000000000005596 ) ) ;
#144 = CARTESIAN_POINT ( 'NONE',  ( -10.24999999999999822, 0.4249999999999997113, 1.725000000000004308 ) ) ;
#145 = FACE_OUTER_BOUND ( 'NONE', #916, .T. ) ;
#146 = VERTEX_POINT ( 'NONE', #1218 ) ;
#147 = EDGE_CURVE ( 'NONE', #5144, #2910, #3244, .T. ) ;
#148 = DIRECTION ( 'NONE',  ( -3.469446951953614978E-15, -0.000000000000000000, 1.000000000000000000 ) ) ;
#149 = VECTOR ( 'NONE', #3108, 1000.000000000000000 ) ;
#150 = UNCERTAINTY_MEASURE_WITH_UNIT (LENGTH_MEASURE( 1.000000000000000082E-05 ), #3102, 'distance_accuracy_value', 'NONE');
#151 = LINE ( 'NONE', #3812, #3433 ) ;
#152 = DIRECTION ( 'NONE',  ( 1.000000000000000000, 0.000000000000000000, 0.000000000000000000 ) ) ;
#153 = ORIENTED_EDGE ( 'NONE', *, *, #1590, .T. ) ;
#154 = AXIS2_PLACEMENT_3D ( 'NONE', #3974, #3126, #1422 ) ;
#155 = ORIENTED_EDGE ( 'NONE', *, *, #3662, .F. ) ;
#156 = VECTOR ( 'NONE', #2877, 1000.000000000000000 ) ;
#157 = PRESENTATION_STYLE_ASSIGNMENT (( #1828 ) ) ;
#158 = DIRECTION ( 'NONE',  ( 0.000000000000000000, 0.000000000000000000, 1.000000000000000000 ) ) ;
#159 =( NAMED_UNIT ( * ) SI_UNIT ( $, .STERADIAN. ) SOLID_ANGLE_UNIT ( ) );
#160 = STYLED_ITEM ( 'NONE', ( #5278 ), #2276 ) ;
#161 = VECTOR ( 'NONE', #1096, 1000.000000000000000 ) ;
#162 = EDGE_CURVE ( 'NONE', #2910, #2545, #290, .T. ) ;
#163 = ORIENTED_EDGE ( 'NONE', *, *, #3226, .F. ) ;
#164 = CARTESIAN_POINT ( 'NONE',  ( -10.24999999999999822, 3.225000000000004974, 3.124999999999995115 ) ) ;
#165 = DIRECTION ( 'NONE',  ( 0.000000000000000000, 1.000000000000000000, -3.346923071444648273E-15 ) ) ;
#166 = LINE ( 'NONE', #2218, #2332 ) ;
#167 = CARTESIAN_POINT ( 'NONE',  ( -7.149999999999999467, 0.3250000000000090039, 4.425000000000006928 ) ) ;
#168 = ORIENTED_EDGE ( 'NONE', *, *, #4062, .F. ) ;
#169 = DIRECTION ( 'NONE',  ( 1.000000000000000000, 0.000000000000000000, 0.000000000000000000 ) ) ;
#170 = AXIS2_PLACEMENT_3D ( 'NONE', #1134, #4429, #751 ) ;
#171 = VERTEX_POINT ( 'NONE', #2815 ) ;
#172 = DIRECTION ( 'NONE',  ( 0.000000000000000000, -3.274642926612281180E-15, -1.000000000000000000 ) ) ;
#173 = ORIENTED_EDGE ( 'NONE', *, *, #1152, .F. ) ;
#174 = PRESENTATION_LAYER_ASSIGNMENT (  '', '', ( #530 ) ) ;
#175 = DIRECTION ( 'NONE',  ( 0.000000000000000000, -3.274642926612281180E-15, -1.000000000000000000 ) ) ;
#176 = DIRECTION ( 'NONE',  ( 0.000000000000000000, 0.000000000000000000, -1.000000000000000000 ) ) ;
#177 = EDGE_LOOP ( 'NONE', ( #1963, #1873, #471, #2449 ) ) ;
#178 = CARTESIAN_POINT ( 'NONE',  ( -9.249999999999998224, 3.874999999999997335, 1.075000000000002620 ) ) ;
#179 = DIRECTION ( 'NONE',  ( 0.000000000000000000, 0.000000000000000000, 1.000000000000000000 ) ) ;
#180 = ADVANCED_FACE ( 'NONE', ( #371 ), #4892, .T. ) ;
#181 = PRESENTATION_LAYER_ASSIGNMENT (  '', '', ( #2836 ) ) ;
#182 = CARTESIAN_POINT ( 'NONE',  ( -0.3000000000000004885, 1.724999999999991873, -0.5250000000000006883 ) ) ;
#183 = VERTEX_POINT ( 'NONE', #2429 ) ;
#184 = ORIENTED_EDGE ( 'NONE', *, *, #3497, .F. ) ;
#185 = SURFACE_STYLE_FILL_AREA ( #4701 ) ;
#186 = DIRECTION ( 'NONE',  ( 0.000000000000000000, 1.000000000000000000, -3.491483361109382461E-15 ) ) ;
#187 = VECTOR ( 'NONE', #1568, 1000.000000000000000 ) ;
#188 = VECTOR ( 'NONE', #3880, 1000.000000000000000 ) ;
#189 = FACE_OUTER_BOUND ( 'NONE', #3509, .T. ) ;
#190 = ADVANCED_FACE ( 'NONE', ( #3572 ), #2764, .F. ) ;
#191 = CARTESIAN_POINT ( 'NONE',  ( -7.349999999999999645, 0.3250000000000060063, 3.525000000000004796 ) ) ;
#192 = ORIENTED_EDGE ( 'NONE', *, *, #2174, .T. ) ;
#193 = CARTESIAN_POINT ( 'NONE',  ( -6.099999999999999645, -0.1749999999999939937, 3.575000000000005951 ) ) ;
#194 = AXIS2_PLACEMENT_3D ( 'NONE', #3605, #4846, #1142 ) ;
#195 = ORIENTED_EDGE ( 'NONE', *, *, #1346, .F. ) ;
#196 = LINE ( 'NONE', #3061, #5054 ) ;
#197 = ORIENTED_EDGE ( 'NONE', *, *, #4749, .F. ) ;
#198 = CARTESIAN_POINT ( 'NONE',  ( -10.75000000000000000, 3.874999999999991562, 3.724999999999993427 ) ) ;
#199 = CARTESIAN_POINT ( 'NONE',  ( -4.850000000000001421, -0.1499999999999935274, 3.350000000000005862 ) ) ;
#200 = ORIENTED_EDGE ( 'NONE', *, *, #4272, .T. ) ;
#201 =( NAMED_UNIT ( * ) PLANE_ANGLE_UNIT ( ) SI_UNIT ( $, .RADIAN. ) );
#202 = UNCERTAINTY_MEASURE_WITH_UNIT (LENGTH_MEASURE( 1.000000000000000082E-05 ), #3560, 'distance_accuracy_value', 'NONE');
#203 = SURFACE_STYLE_USAGE ( .BOTH. , #3896 ) ;
#204 = SURFACE_STYLE_FILL_AREA ( #3788 ) ;
#205 = ORIENTED_EDGE ( 'NONE', *, *, #1668, .F. ) ;
#206 = ORIENTED_EDGE ( 'NONE', *, *, #1378, .T. ) ;
#207 = EDGE_CURVE ( 'NONE', #4404, #1636, #4435, .T. ) ;
#208 = ORIENTED_EDGE ( 'NONE', *, *, #4436, .F. ) ;
#209 = CARTESIAN_POINT ( 'NONE',  ( -7.149999999999999467, -0.07499999999999552858, 4.425000000000004263 ) ) ;
#210 = CARTESIAN_POINT ( 'NONE',  ( -4.850000000000001421, 0.3250000000000090039, 3.725000000000004974 ) ) ;
#211 = DIRECTION ( 'NONE',  ( 0.000000000000000000, 1.000000000000000000, -3.491483361109382461E-15 ) ) ;
#212 = FACE_OUTER_BOUND ( 'NONE', #4989, .T. ) ;
#213 = ORIENTED_EDGE ( 'NONE', *, *, #3546, .T. ) ;
#214 = ADVANCED_FACE ( 'NONE', ( #4416 ), #5294, .F. ) ;
#215 = DIRECTION ( 'NONE',  ( -1.000000000000000000, -1.355252715606885966E-16, -2.710505431213726079E-16 ) ) ;
#216 = SURFACE_STYLE_FILL_AREA ( #1752 ) ;
#217 = SURFACE_STYLE_USAGE ( .BOTH. , #4314 ) ;
#218 = ORIENTED_EDGE ( 'NONE', *, *, #1035, .F. ) ;
#219 = EDGE_LOOP ( 'NONE', ( #3292, #4658, #3625, #506 ) ) ;
#220 = CARTESIAN_POINT ( 'NONE',  ( -10.24999999999999822, 1.625000000000006661, 3.725000000000000533 ) ) ;
#221 = ORIENTED_EDGE ( 'NONE', *, *, #2414, .F. ) ;
#222 = STYLED_ITEM ( 'NONE', ( #320 ), #214 ) ;
#223 = DIRECTION ( 'NONE',  ( 1.000000000000000000, -0.000000000000000000, 0.000000000000000000 ) ) ;
#224 = ORIENTED_EDGE ( 'NONE', *, *, #4498, .F. ) ;
#225 = STYLED_ITEM ( 'NONE', ( #1270 ), #456 ) ;
#226 = DIRECTION ( 'NONE',  ( 0.000000000000000000, 3.491483361109382461E-15, 1.000000000000000000 ) ) ;
#227 = EDGE_CURVE ( 'NONE', #1777, #5293, #4219, .T. ) ;
#228 = DIRECTION ( 'NONE',  ( 0.000000000000000000, -3.324683026880842862E-15, -1.000000000000000000 ) ) ;
#229 = CARTESIAN_POINT ( 'NONE',  ( -2.049999999999998934, -0.1750000000000067613, -0.1249999999999931721 ) ) ;
#230 = ORIENTED_EDGE ( 'NONE', *, *, #4095, .T. ) ;
#231 = ORIENTED_EDGE ( 'NONE', *, *, #4362, .T. ) ;
#232 = CARTESIAN_POINT ( 'NONE',  ( -8.599999999999999645, -0.02499999999999356209, 3.800000000000006484 ) ) ;
#233 = LINE ( 'NONE', #5244, #4654 ) ;
#234 = CARTESIAN_POINT ( 'NONE',  ( -0.5000000000000003331, -0.3250000000000081157, -0.5249999999999929168 ) ) ;
#235 = DIRECTION ( 'NONE',  ( 0.000000000000000000, -1.000000000000000000, 3.274642926612281180E-15 ) ) ;
#236 = VECTOR ( 'NONE', #2370, 1000.000000000000000 ) ;
#237 = AXIS2_PLACEMENT_3D ( 'NONE', #2233, #5043, #124 ) ;
#238 = ORIENTED_EDGE ( 'NONE', *, *, #587, .T. ) ;
#239 = STYLED_ITEM ( 'NONE', ( #499 ), #700 ) ;
#240 = EDGE_CURVE ( 'NONE', #2510, #2956, #2154, .T. ) ;
#241 = EDGE_CURVE ( 'NONE', #4118, #4477, #2970, .T. ) ;
#242 = EDGE_LOOP ( 'NONE', ( #1269, #2224, #3553, #168 ) ) ;
#243 = DIRECTION ( 'NONE',  ( 1.000000000000000000, 0.000000000000000000, 0.000000000000000000 ) ) ;
#244 = VECTOR ( 'NONE', #2033, 1000.000000000000000 ) ;
#245 = ORIENTED_EDGE ( 'NONE', *, *, #1506, .F. ) ;
#246 = EDGE_CURVE ( 'NONE', #1825, #1994, #857, .T. ) ;
#247 = FACE_OUTER_BOUND ( 'NONE', #650, .T. ) ;
#248 = MECHANICAL_DESIGN_GEOMETRIC_PRESENTATION_REPRESENTATION (  '', ( #1521 ), #1608 ) ;
#249 = ORIENTED_EDGE ( 'NONE', *, *, #1187, .T. ) ;
#250 = PRESENTATION_STYLE_ASSIGNMENT (( #2346 ) ) ;
#251 = PLANE ( 'NONE',  #1164 ) ;
#252 = AXIS2_PLACEMENT_3D ( 'NONE', #4513, #5314, #4918 ) ;
#253 = UNCERTAINTY_MEASURE_WITH_UNIT (LENGTH_MEASURE( 1.000000000000000082E-05 ), #656, 'distance_accuracy_value', 'NONE');
#254 = CARTESIAN_POINT ( 'NONE',  ( -2.349999999999999645, 0.3250000000000090039, 4.425000000000004263 ) ) ;
#255 = AXIS2_PLACEMENT_3D ( 'NONE', #199, #2938, #536 ) ;
#256 = ORIENTED_EDGE ( 'NONE', *, *, #3934, .T. ) ;
#257 = ORIENTED_EDGE ( 'NONE', *, *, #2683, .T. ) ;
#258 = LINE ( 'NONE', #966, #603 ) ;
#259 = VERTEX_POINT ( 'NONE', #5049 ) ;
#260 = CARTESIAN_POINT ( 'NONE',  ( -4.650000000000001243, 0.1750000000000062061, 3.575000000000005063 ) ) ;
#261 = STYLED_ITEM ( 'NONE', ( #2252 ), #3610 ) ;
#262 = DIRECTION ( 'NONE',  ( -1.355252715606877091E-16, 1.000000000000000000, -3.274642926612281180E-15 ) ) ;
#263 = CARTESIAN_POINT ( 'NONE',  ( -6.099999999999999645, -0.3249999999999939604, 3.575000000000006395 ) ) ;
#264 = LINE ( 'NONE', #2651, #5267 ) ;
#265 = VECTOR ( 'NONE', #345, 1000.000000000000000 ) ;
#266 = CARTESIAN_POINT ( 'NONE',  ( -4.649999999999999467, -0.3249999999999933498, 4.425000000000004263 ) ) ;
#267 =( GEOMETRIC_REPRESENTATION_CONTEXT ( 3 ) GLOBAL_UNCERTAINTY_ASSIGNED_CONTEXT ( ( #3151 ) ) GLOBAL_UNIT_ASSIGNED_CONTEXT ( ( #2003, #1524, #2415 ) ) REPRESENTATION_CONTEXT ( 'NONE', 'WORKASPACE' ) );
#268 = DIRECTION ( 'NONE',  ( -1.000000000000000000, -2.710505431213777355E-16, 9.011571401424784806E-31 ) ) ;
#269 = ORIENTED_EDGE ( 'NONE', *, *, #3730, .T. ) ;
#270 = DIRECTION ( 'NONE',  ( 0.000000000000000000, 3.491483361109382461E-15, 1.000000000000000000 ) ) ;
#271 = ORIENTED_EDGE ( 'NONE', *, *, #2309, .T. ) ;
#272 = LINE ( 'NONE', #2601, #1855 ) ;
#273 = VECTOR ( 'NONE', #3604, 1000.000000000000000 ) ;
#274 = EDGE_LOOP ( 'NONE', ( #1925, #3156, #2041, #2297 ) ) ;
#275 = EDGE_CURVE ( 'NONE', #3304, #3735, #4624, .T. ) ;
#276 = SURFACE_STYLE_FILL_AREA ( #1472 ) ;
#277 = VECTOR ( 'NONE', #3133, 1000.000000000000000 ) ;
#278 = DIRECTION ( 'NONE',  ( -0.000000000000000000, 3.181711311827809596E-15, 1.000000000000000000 ) ) ;
#279 = ORIENTED_EDGE ( 'NONE', *, *, #3883, .F. ) ;
#280 = CARTESIAN_POINT ( 'NONE',  ( -8.699999999999999289, -0.1750000000000067613, -0.1250000000000007494 ) ) ;
#281 = FACE_OUTER_BOUND ( 'NONE', #2673, .T. ) ;
#282 = DIRECTION ( 'NONE',  ( 0.000000000000000000, 1.000000000000000000, -0.000000000000000000 ) ) ;
#283 = EDGE_LOOP ( 'NONE', ( #4172, #3592, #2312, #4933 ) ) ;
#284 = VERTEX_POINT ( 'NONE', #3818 ) ;
#285 = CARTESIAN_POINT ( 'NONE',  ( -1.499999999999999556, 3.874999999999999112, 1.574999999999997957 ) ) ;
#286 = EDGE_CURVE ( 'NONE', #2239, #1567, #4999, .T. ) ;
#287 = DIRECTION ( 'NONE',  ( 0.000000000000000000, -3.241282859766573260E-15, -1.000000000000000000 ) ) ;
#288 = LINE ( 'NONE', #2698, #3976 ) ;
#289 = ADVANCED_FACE ( 'NONE', ( #2866 ), #72, .F. ) ;
#290 = LINE ( 'NONE', #1971, #3916 ) ;
#291 = LINE ( 'NONE', #2358, #3533 ) ;
#292 =( NAMED_UNIT ( * ) PLANE_ANGLE_UNIT ( ) SI_UNIT ( $, .RADIAN. ) );
#293 = LINE ( 'NONE', #1864, #2476 ) ;
#294 = ORIENTED_EDGE ( 'NONE', *, *, #3064, .T. ) ;
#295 = DIRECTION ( 'NONE',  ( 0.000000000000000000, -3.614007241618349165E-15, -1.000000000000000000 ) ) ;
#296 = ORIENTED_EDGE ( 'NONE', *, *, #753, .T. ) ;
#297 = CARTESIAN_POINT ( 'NONE',  ( -4.650000000000000355, 0.3250000000000061728, 3.575000000000004619 ) ) ;
#298 = CARTESIAN_POINT ( 'NONE',  ( 0.000000000000000000, 0.4750000000000059175, 3.525000000000004352 ) ) ;
#299 = ADVANCED_FACE ( 'NONE', ( #4192 ), #4517, .T. ) ;
#300 = ORIENTED_EDGE ( 'NONE', *, *, #3002, .F. ) ;
#301 = ORIENTED_EDGE ( 'NONE', *, *, #900, .F. ) ;
#302 = SURFACE_SIDE_STYLE ('',( #1558 ) ) ;
#303 = VECTOR ( 'NONE', #4553, 1000.000000000000000 ) ;
#304 =( NAMED_UNIT ( * ) SI_UNIT ( $, .STERADIAN. ) SOLID_ANGLE_UNIT ( ) );
#305 = CARTESIAN_POINT ( 'NONE',  ( -4.850000000000001421, 0.3250000000000090039, 4.425000000000004263 ) ) ;
#306 = DIRECTION ( 'NONE',  ( 1.000000000000000000, 0.000000000000000000, 0.000000000000000000 ) ) ;
#307 = MECHANICAL_DESIGN_GEOMETRIC_PRESENTATION_REPRESENTATION (  '', ( #2274 ), #582 ) ;
#308 = EDGE_CURVE ( 'NONE', #718, #1145, #5108, .T. ) ;
#309 = EDGE_CURVE ( 'NONE', #2420, #3601, #5081, .T. ) ;
#310 = ORIENTED_EDGE ( 'NONE', *, *, #3655, .F. ) ;
#311 = ORIENTED_EDGE ( 'NONE', *, *, #2695, .T. ) ;
#312 = CARTESIAN_POINT ( 'NONE',  ( -0.5000000000000000000, 0.4249999999999941602, 0.1250000000000040246 ) ) ;
#313 = COLOUR_RGB ( '',0.9607843137254902244, 0.9607843137254902244, 0.9607843137254902244 ) ;
#314 = DIRECTION ( 'NONE',  ( 1.000000000000000000, 9.463684613279350699E-31, 2.710505431213730517E-16 ) ) ;
#315 = CARTESIAN_POINT ( 'NONE',  ( -8.400000000000000355, 0.1750000000000062061, 3.575000000000005507 ) ) ;
#316 = FILL_AREA_STYLE_COLOUR ( '', #2554 ) ;
#317 = FILL_AREA_STYLE_COLOUR ( '', #1711 ) ;
#318 = AXIS2_PLACEMENT_3D ( 'NONE', #3699, #24, #2913 ) ;
#319 = EDGE_LOOP ( 'NONE', ( #778, #1604, #2284, #1528 ) ) ;
#320 = PRESENTATION_STYLE_ASSIGNMENT (( #4010 ) ) ;
#321 = CARTESIAN_POINT ( 'NONE',  ( -10.75000000000000000, -0.1749999999999983513, 1.725000000000006084 ) ) ;
#322 = DIRECTION ( 'NONE',  ( -1.000000000000000000, -0.000000000000000000, -0.000000000000000000 ) ) ;
#323 = LINE ( 'NONE', #1596, #5076 ) ;
#324 = EDGE_CURVE ( 'NONE', #2756, #3236, #1429, .T. ) ;
#325 = VECTOR ( 'NONE', #3290, 1000.000000000000000 ) ;
#326 = EDGE_LOOP ( 'NONE', ( #2659, #1557, #5046, #1809 ) ) ;
#327 = LINE ( 'NONE', #1976, #4534 ) ;
#328 = ORIENTED_EDGE ( 'NONE', *, *, #1704, .F. ) ;
#329 = AXIS2_PLACEMENT_3D ( 'NONE', #4617, #1322, #2557 ) ;
#330 = VECTOR ( 'NONE', #4369, 1000.000000000000000 ) ;
#331 = DIRECTION ( 'NONE',  ( -1.000000000000000000, -1.355252715606885966E-16, -2.710505431213726079E-16 ) ) ;
#332 = FILL_AREA_STYLE_COLOUR ( '', #2457 ) ;
#333 = PLANE ( 'NONE',  #2917 ) ;
#334 = ORIENTED_EDGE ( 'NONE', *, *, #3556, .F. ) ;
#335 = VECTOR ( 'NONE', #2316, 1000.000000000000000 ) ;
#336 = AXIS2_PLACEMENT_3D ( 'NONE', #3158, #3978, #4808 ) ;
#337 = VERTEX_POINT ( 'NONE', #232 ) ;
#338 = DIRECTION ( 'NONE',  ( 1.000000000000000000, 0.000000000000000000, 0.000000000000000000 ) ) ;
#339 = STYLED_ITEM ( 'NONE', ( #2943 ), #2561 ) ;
#340 = CARTESIAN_POINT ( 'NONE',  ( -10.75000000000000000, 0.3250000000000058398, 3.525000000000004796 ) ) ;
#341 = ORIENTED_EDGE ( 'NONE', *, *, #76, .T. ) ;
#342 = VECTOR ( 'NONE', #3535, 1000.000000000000000 ) ;
#343 = CARTESIAN_POINT ( 'NONE',  ( -8.400000000000000355, -0.1749999999999944655, 3.425000000000006484 ) ) ;
#344 = EDGE_CURVE ( 'NONE', #5173, #2732, #3874, .T. ) ;
#345 = DIRECTION ( 'NONE',  ( 1.000000000000000000, -0.000000000000000000, 0.000000000000000000 ) ) ;
#346 = DIRECTION ( 'NONE',  ( 0.000000000000000000, 0.000000000000000000, -1.000000000000000000 ) ) ;
#347 = VECTOR ( 'NONE', #418, 1000.000000000000000 ) ;
#348 = SURFACE_SIDE_STYLE ('',( #3134 ) ) ;
#349 = ORIENTED_EDGE ( 'NONE', *, *, #1089, .T. ) ;
#350 = VECTOR ( 'NONE', #3439, 1000.000000000000000 ) ;
#351 = VERTEX_POINT ( 'NONE', #626 ) ;
#352 = SURFACE_STYLE_FILL_AREA ( #5219 ) ;
#353 = EDGE_CURVE ( 'NONE', #4924, #4391, #3747, .T. ) ;
#354 = LINE ( 'NONE', #4011, #2758 ) ;
#355 = LINE ( 'NONE', #4895, #542 ) ;
#356 = LINE ( 'NONE', #1974, #357 ) ;
#357 = VECTOR ( 'NONE', #1570, 1000.000000000000000 ) ;
#358 = CARTESIAN_POINT ( 'NONE',  ( -8.400000000000000355, 0.05000000000000652534, 3.725000000000005862 ) ) ;
#359 = ORIENTED_EDGE ( 'NONE', *, *, #3766, .T. ) ;
#360 = FILL_AREA_STYLE ('',( #2232 ) ) ;
#361 = DIRECTION ( 'NONE',  ( 0.000000000000000000, 1.000000000000000000, -3.491483361109382461E-15 ) ) ;
#362 = ORIENTED_EDGE ( 'NONE', *, *, #4294, .F. ) ;
#363 = STYLED_ITEM ( 'NONE', ( #3988 ), #5039 ) ;
#364 = DIRECTION ( 'NONE',  ( 0.000000000000000000, 4.033584447352134283E-15, 1.000000000000000000 ) ) ;
#365 = EDGE_LOOP ( 'NONE', ( #2485, #4001, #1315, #5107 ) ) ;
#366 = LINE ( 'NONE', #4457, #2097 ) ;
#367 = CARTESIAN_POINT ( 'NONE',  ( -2.149999999999999023, -0.02499999999999117511, 4.425000000000004263 ) ) ;
#368 = LINE ( 'NONE', #1592, #3169 ) ;
#369 = EDGE_CURVE ( 'NONE', #3001, #3593, #2008, .T. ) ;
#370 = ORIENTED_EDGE ( 'NONE', *, *, #2767, .F. ) ;
#371 = FACE_OUTER_BOUND ( 'NONE', #978, .T. ) ;
#372 = CARTESIAN_POINT ( 'NONE',  ( -0.3000000000000004885, -0.3250000000000001776, 1.675000000000008482 ) ) ;
#373 = CARTESIAN_POINT ( 'NONE',  ( -0.3000000000000004885, -0.3250000000000081157, -0.5249999999999940270 ) ) ;
#374 = EDGE_CURVE ( 'NONE', #1626, #4083, #2180, .T. ) ;
#375 = ADVANCED_FACE ( 'NONE', ( #2170 ), #1341, .F. ) ;
#376 = ORIENTED_EDGE ( 'NONE', *, *, #4395, .T. ) ;
#377 = DIRECTION ( 'NONE',  ( -1.000000000000000000, -0.000000000000000000, -0.000000000000000000 ) ) ;
#378 = ORIENTED_EDGE ( 'NONE', *, *, #3127, .T. ) ;
#379 = FACE_OUTER_BOUND ( 'NONE', #609, .T. ) ;
#380 = CARTESIAN_POINT ( 'NONE',  ( -0.9999999999999997780, 1.274999999999997247, 1.075000000000002620 ) ) ;
#381 = CARTESIAN_POINT ( 'NONE',  ( -8.599999999999999645, -0.07499999999999330813, 4.425000000000005151 ) ) ;
#382 = VERTEX_POINT ( 'NONE', #2939 ) ;
#383 =( NAMED_UNIT ( * ) PLANE_ANGLE_UNIT ( ) SI_UNIT ( $, .RADIAN. ) );
#384 = CARTESIAN_POINT ( 'NONE',  ( -7.149999999999999467, -0.1499999999999933054, 3.425000000000006040 ) ) ;
#385 = DIRECTION ( 'NONE',  ( -1.000000000000000000, -9.463684613279350699E-31, -2.710505431213730517E-16 ) ) ;
#386 = DIRECTION ( 'NONE',  ( 0.000000000000000000, 0.000000000000000000, -1.000000000000000000 ) ) ;
#387 = ADVANCED_FACE ( 'NONE', ( #505 ), #119, .T. ) ;
#388 = ORIENTED_EDGE ( 'NONE', *, *, #1885, .F. ) ;
#389 = MECHANICAL_DESIGN_GEOMETRIC_PRESENTATION_REPRESENTATION (  '', ( #2177 ), #5203 ) ;
#390 = FACE_OUTER_BOUND ( 'NONE', #4582, .T. ) ;
#391 = CARTESIAN_POINT ( 'NONE',  ( -3.600000000000000533, -0.3249999999999911848, 4.425000000000004263 ) ) ;
#392 = PLANE ( 'NONE',  #2629 ) ;
#393 = AXIS2_PLACEMENT_3D ( 'NONE', #3168, #1118, #3626 ) ;
#394 = SURFACE_SIDE_STYLE ('',( #3291 ) ) ;
#395 = STYLED_ITEM ( 'NONE', ( #2439 ), #637 ) ;
#396 = ORIENTED_EDGE ( 'NONE', *, *, #2244, .T. ) ;
#397 = SURFACE_STYLE_FILL_AREA ( #4 ) ;
#398 = LINE ( 'NONE', #1693, #3973 ) ;
#399 = DIRECTION ( 'NONE',  ( 0.000000000000000000, 3.491483361109382461E-15, 1.000000000000000000 ) ) ;
#400 = ORIENTED_EDGE ( 'NONE', *, *, #1953, .T. ) ;
#401 = LINE ( 'NONE', #1196, #3324 ) ;
#402 = ORIENTED_EDGE ( 'NONE', *, *, #275, .T. ) ;
#403 = FILL_AREA_STYLE ('',( #2872 ) ) ;
#404 = DIRECTION ( 'NONE',  ( -0.000000000000000000, -0.000000000000000000, -1.000000000000000000 ) ) ;
#405 = ADVANCED_FACE ( 'NONE', ( #145 ), #3024, .F. ) ;
#406 = EDGE_CURVE ( 'NONE', #1499, #1224, #586, .T. ) ;
#407 = MECHANICAL_DESIGN_GEOMETRIC_PRESENTATION_REPRESENTATION (  '', ( #2195 ), #837 ) ;
#408 = CARTESIAN_POINT ( 'NONE',  ( -5.899999999999998579, -0.07499999999999552858, 4.425000000000004263 ) ) ;
#409 =( NAMED_UNIT ( * ) PLANE_ANGLE_UNIT ( ) SI_UNIT ( $, .RADIAN. ) );
#410 = ORIENTED_EDGE ( 'NONE', *, *, #2909, .T. ) ;
#411 = ORIENTED_EDGE ( 'NONE', *, *, #5097, .F. ) ;
#412 = LINE ( 'NONE', #1232, #156 ) ;
#413 =( GEOMETRIC_REPRESENTATION_CONTEXT ( 3 ) GLOBAL_UNCERTAINTY_ASSIGNED_CONTEXT ( ( #202 ) ) GLOBAL_UNIT_ASSIGNED_CONTEXT ( ( #3560, #3152, #1638 ) ) REPRESENTATION_CONTEXT ( 'NONE', 'WORKASPACE' ) );
#414 = ORIENTED_EDGE ( 'NONE', *, *, #1146, .F. ) ;
#415 = VECTOR ( 'NONE', #2708, 1000.000000000000000 ) ;
#416 = EDGE_CURVE ( 'NONE', #88, #1634, #3753, .T. ) ;
#417 = DIRECTION ( 'NONE',  ( 1.000000000000000000, 0.000000000000000000, 0.000000000000000000 ) ) ;
#418 = DIRECTION ( 'NONE',  ( -0.000000000000000000, -1.000000000000000000, 0.000000000000000000 ) ) ;
#419 = VECTOR ( 'NONE', #2874, 1000.000000000000000 ) ;
#420 = STYLED_ITEM ( 'NONE', ( #774 ), #663 ) ;
#421 = ORIENTED_EDGE ( 'NONE', *, *, #2275, .F. ) ;
#422 = CARTESIAN_POINT ( 'NONE',  ( -3.399999999999999467, 0.3250000000000090039, 4.425000000000004263 ) ) ;
#423 = UNCERTAINTY_MEASURE_WITH_UNIT (LENGTH_MEASURE( 1.000000000000000082E-05 ), #4744, 'distance_accuracy_value', 'NONE');
#424 = PRESENTATION_STYLE_ASSIGNMENT (( #821 ) ) ;
#425 = ADVANCED_FACE ( 'NONE', ( #928 ), #65, .T. ) ;
#426 = FACE_OUTER_BOUND ( 'NONE', #1028, .T. ) ;
#427 = VERTEX_POINT ( 'NONE', #1318 ) ;
#428 = UNCERTAINTY_MEASURE_WITH_UNIT (LENGTH_MEASURE( 1.000000000000000082E-05 ), #3116, 'distance_accuracy_value', 'NONE');
#429 = AXIS2_PLACEMENT_3D ( 'NONE', #5038, #995, #589 ) ;
#430 = SURFACE_SIDE_STYLE ('',( #1302 ) ) ;
#431 = DIRECTION ( 'NONE',  ( 0.000000000000000000, -3.324683026880842862E-15, -1.000000000000000000 ) ) ;
#432 = ORIENTED_EDGE ( 'NONE', *, *, #5018, .T. ) ;
#433 = PRESENTATION_LAYER_ASSIGNMENT (  '', '', ( #1278 ) ) ;
#434 = ORIENTED_EDGE ( 'NONE', *, *, #4978, .F. ) ;
#435 = ORIENTED_EDGE ( 'NONE', *, *, #759, .T. ) ;
#436 =( LENGTH_UNIT ( ) NAMED_UNIT ( * ) SI_UNIT ( .MILLI., .METRE. ) );
#437 = LINE ( 'NONE', #381, #244 ) ;
#438 = DIRECTION ( 'NONE',  ( 1.000000000000000000, 0.000000000000000000, 0.000000000000000000 ) ) ;
#439 = EDGE_LOOP ( 'NONE', ( #2655, #4710, #555, #2293 ) ) ;
#440 = EDGE_CURVE ( 'NONE', #4873, #427, #4267, .T. ) ;
#441 = FACE_OUTER_BOUND ( 'NONE', #1922, .T. ) ;
#442 =( GEOMETRIC_REPRESENTATION_CONTEXT ( 3 ) GLOBAL_UNCERTAINTY_ASSIGNED_CONTEXT ( ( #3971 ) ) GLOBAL_UNIT_ASSIGNED_CONTEXT ( ( #3785, #3866, #4595 ) ) REPRESENTATION_CONTEXT ( 'NONE', 'WORKASPACE' ) );
#443 = ORIENTED_EDGE ( 'NONE', *, *, #2499, .F. ) ;
#444 = CARTESIAN_POINT ( 'NONE',  ( -3.399999999999999467, 0.3250000000000090039, 3.725000000000005862 ) ) ;
#445 = COLOUR_RGB ( '',0.9607843137254902244, 0.9607843137254902244, 0.9607843137254902244 ) ;
#446 = LINE ( 'NONE', #4103, #347 ) ;
#447 =( LENGTH_UNIT ( ) NAMED_UNIT ( * ) SI_UNIT ( .MILLI., .METRE. ) );
#448 = ORIENTED_EDGE ( 'NONE', *, *, #864, .T. ) ;
#449 = EDGE_CURVE ( 'NONE', #4579, #4561, #3862, .T. ) ;
#450 = CARTESIAN_POINT ( 'NONE',  ( -7.349999999999999645, 0.3250000000000034528, 4.425000000000004263 ) ) ;
#451 = VECTOR ( 'NONE', #1972, 1000.000000000000000 ) ;
#452 = CARTESIAN_POINT ( 'NONE',  ( -8.599999999999999645, -0.02499999999999181349, 4.425000000000006040 ) ) ;
#453 = CARTESIAN_POINT ( 'NONE',  ( -7.149999999999999467, 0.05000000000000652534, 3.725000000000005862 ) ) ;
#454 = SURFACE_STYLE_USAGE ( .BOTH. , #69 ) ;
#455 = AXIS2_PLACEMENT_3D ( 'NONE', #4728, #4333, #3925 ) ;
#456 = ADVANCED_FACE ( 'NONE', ( #2962 ), #4185, .F. ) ;
#457 = ORIENTED_EDGE ( 'NONE', *, *, #2182, .T. ) ;
#458 =( NAMED_UNIT ( * ) SI_UNIT ( $, .STERADIAN. ) SOLID_ANGLE_UNIT ( ) );
#459 = LINE ( 'NONE', #486, #3030 ) ;
#460 = VERTEX_POINT ( 'NONE', #5070 ) ;
#461 = ADVANCED_FACE ( 'NONE', ( #1370 ), #2911, .F. ) ;
#462 = ORIENTED_EDGE ( 'NONE', *, *, #3203, .T. ) ;
#463 = CARTESIAN_POINT ( 'NONE',  ( -2.349999999999999645, 0.3250000000000090039, 3.725000000000004530 ) ) ;
#464 = ORIENTED_EDGE ( 'NONE', *, *, #854, .T. ) ;
#465 = LINE ( 'NONE', #2513, #4005 ) ;
#466 = DIRECTION ( 'NONE',  ( 0.000000000000000000, 0.000000000000000000, -1.000000000000000000 ) ) ;
#467 = LINE ( 'NONE', #2083, #4463 ) ;
#468 = CARTESIAN_POINT ( 'NONE',  ( -10.75000000000000000, 0.3250000000000033973, 2.775000000000004796 ) ) ;
#469 = VERTEX_POINT ( 'NONE', #566 ) ;
#470 = DIRECTION ( 'NONE',  ( -1.000000000000000000, 0.000000000000000000, 0.000000000000000000 ) ) ;
#471 = ORIENTED_EDGE ( 'NONE', *, *, #977, .T. ) ;
#472 = FACE_OUTER_BOUND ( 'NONE', #693, .T. ) ;
#473 = DIRECTION ( 'NONE',  ( -1.000000000000000000, 0.000000000000000000, -0.000000000000000000 ) ) ;
#474 = ORIENTED_EDGE ( 'NONE', *, *, #599, .F. ) ;
#475 = DIRECTION ( 'NONE',  ( -1.000000000000000000, 0.000000000000000000, -0.000000000000000000 ) ) ;
#476 = SURFACE_STYLE_USAGE ( .BOTH. , #929 ) ;
#477 = CARTESIAN_POINT ( 'NONE',  ( -0.9999999999999995559, 3.875000000000001332, 3.124999999999993339 ) ) ;
#478 = DIRECTION ( 'NONE',  ( 0.000000000000000000, -1.000000000000000000, 3.274642926612281180E-15 ) ) ;
#479 = EDGE_CURVE ( 'NONE', #1777, #1132, #5041, .T. ) ;
#480 = FILL_AREA_STYLE_COLOUR ( '', #1274 ) ;
#481 = MECHANICAL_DESIGN_GEOMETRIC_PRESENTATION_REPRESENTATION (  '', ( #1663 ), #4348 ) ;
#482 = ORIENTED_EDGE ( 'NONE', *, *, #92, .T. ) ;
#483 =( NAMED_UNIT ( * ) SI_UNIT ( $, .STERADIAN. ) SOLID_ANGLE_UNIT ( ) );
#484 = AXIS2_PLACEMENT_3D ( 'NONE', #1281, #165, #3053 ) ;
#485 = LINE ( 'NONE', #73, #4487 ) ;
#486 = CARTESIAN_POINT ( 'NONE',  ( -3.600000000000000089, -0.3249999999999939604, 3.575000000000005951 ) ) ;
#487 = STYLED_ITEM ( 'NONE', ( #1246 ), #289 ) ;
#488 = ORIENTED_EDGE ( 'NONE', *, *, #4421, .F. ) ;
#489 = ORIENTED_EDGE ( 'NONE', *, *, #1732, .F. ) ;
#490 = PRESENTATION_STYLE_ASSIGNMENT (( #4174 ) ) ;
#491 = ORIENTED_EDGE ( 'NONE', *, *, #4170, .T. ) ;
#492 = CARTESIAN_POINT ( 'NONE',  ( -6.099999999999999645, -0.3249999999999911848, 4.425000000000004263 ) ) ;
#493 = CARTESIAN_POINT ( 'NONE',  ( -2.149999999999999023, 0.3250000000000033418, 2.775000000000004796 ) ) ;
#494 = VECTOR ( 'NONE', #475, 1000.000000000000000 ) ;
#495 = EDGE_CURVE ( 'NONE', #4343, #1412, #1343, .T. ) ;
#496 = DIRECTION ( 'NONE',  ( 1.000000000000000000, 9.463684613279350699E-31, 2.710505431213730517E-16 ) ) ;
#497 = LINE ( 'NONE', #468, #1188 ) ;
#498 = VERTEX_POINT ( 'NONE', #4594 ) ;
#499 = PRESENTATION_STYLE_ASSIGNMENT (( #2165 ) ) ;
#500 = ORIENTED_EDGE ( 'NONE', *, *, #1194, .T. ) ;
#501 = VECTOR ( 'NONE', #5289, 1000.000000000000000 ) ;
#502 = CARTESIAN_POINT ( 'NONE',  ( 0.000000000000000000, 1.625000000000006661, 3.724999999999992095 ) ) ;
#503 = LINE ( 'NONE', #4291, #2042 ) ;
#504 = VECTOR ( 'NONE', #5042, 1000.000000000000000 ) ;
#505 = FACE_OUTER_BOUND ( 'NONE', #5151, .T. ) ;
#506 = ORIENTED_EDGE ( 'NONE', *, *, #1718, .F. ) ;
#507 = DIRECTION ( 'NONE',  ( 3.469446951953614978E-15, 0.000000000000000000, -1.000000000000000000 ) ) ;
#508 = DIRECTION ( 'NONE',  ( -0.000000000000000000, -1.000000000000000000, 0.000000000000000000 ) ) ;
#509 = FILL_AREA_STYLE ('',( #4243 ) ) ;
#510 = COLOUR_RGB ( '',0.9607843137254902244, 0.9607843137254902244, 0.9607843137254902244 ) ;
#511 = VECTOR ( 'NONE', #4067, 1000.000000000000000 ) ;
#512 = CARTESIAN_POINT ( 'NONE',  ( -4.649999999999999467, -0.1499999999999933054, 3.425000000000005596 ) ) ;
#513 = DIRECTION ( 'NONE',  ( 1.000000000000000000, -0.000000000000000000, -0.000000000000000000 ) ) ;
#514 = VECTOR ( 'NONE', #14, 1000.000000000000000 ) ;
#515 = ORIENTED_EDGE ( 'NONE', *, *, #2096, .T. ) ;
#516 = EDGE_CURVE ( 'NONE', #3960, #4391, #4645, .T. ) ;
#517 = ADVANCED_FACE ( 'NONE', ( #2115 ), #4241, .T. ) ;
#518 = VECTOR ( 'NONE', #655, 1000.000000000000000 ) ;
#519 = SURFACE_STYLE_USAGE ( .BOTH. , #4194 ) ;
#520 = ORIENTED_EDGE ( 'NONE', *, *, #495, .F. ) ;
#521 = EDGE_CURVE ( 'NONE', #3619, #2340, #95, .T. ) ;
#522 = CARTESIAN_POINT ( 'NONE',  ( -4.850000000000001421, 0.3250000000000060618, 3.575000000000004619 ) ) ;
#523 = ADVANCED_FACE ( 'NONE', ( #5124 ), #2714, .T. ) ;
#524 = STYLED_ITEM ( 'NONE', ( #4748 ), #2747 ) ;
#525 = ORIENTED_EDGE ( 'NONE', *, *, #406, .T. ) ;
#526 = DIRECTION ( 'NONE',  ( 1.000000000000000000, 2.710505431213777355E-16, -8.624045791263589697E-31 ) ) ;
#527 = DIRECTION ( 'NONE',  ( -0.000000000000000000, -0.000000000000000000, 1.000000000000000000 ) ) ;
#528 = ORIENTED_EDGE ( 'NONE', *, *, #1718, .T. ) ;
#529 = CARTESIAN_POINT ( 'NONE',  ( -10.75000000000000000, -0.07499999999999541755, 2.775000000000006128 ) ) ;
#530 = STYLED_ITEM ( 'NONE', ( #2059 ), #3358 ) ;
#531 = ORIENTED_EDGE ( 'NONE', *, *, #5052, .T. ) ;
#532 = FILL_AREA_STYLE_COLOUR ( '', #3852 ) ;
#533 = EDGE_CURVE ( 'NONE', #106, #2732, #3502, .T. ) ;
#534 = ORIENTED_EDGE ( 'NONE', *, *, #5178, .T. ) ;
#535 = DIRECTION ( 'NONE',  ( 0.000000000000000000, -3.614007241618349165E-15, -1.000000000000000000 ) ) ;
#536 = DIRECTION ( 'NONE',  ( 0.000000000000000000, 0.000000000000000000, -1.000000000000000000 ) ) ;
#537 = AXIS2_PLACEMENT_3D ( 'NONE', #3346, #2998, #3449 ) ;
#538 =( NAMED_UNIT ( * ) PLANE_ANGLE_UNIT ( ) SI_UNIT ( $, .RADIAN. ) );
#539 = ORIENTED_EDGE ( 'NONE', *, *, #4862, .F. ) ;
#540 = DIRECTION ( 'NONE',  ( -0.000000000000000000, -0.000000000000000000, -1.000000000000000000 ) ) ;
#541 = CARTESIAN_POINT ( 'NONE',  ( -10.75000000000000000, 0.3250000000000033418, 2.775000000000004796 ) ) ;
#542 = VECTOR ( 'NONE', #1973, 1000.000000000000000 ) ;
#543 = AXIS2_PLACEMENT_3D ( 'NONE', #769, #3918, #4298 ) ;
#544 = DIRECTION ( 'NONE',  ( 1.000000000000000000, 1.355252715606877091E-16, -4.437968718934145511E-31 ) ) ;
#545 = DIRECTION ( 'NONE',  ( 0.000000000000000000, -1.000000000000000000, 3.324683026880842862E-15 ) ) ;
#546 = VECTOR ( 'NONE', #2816, 1000.000000000000000 ) ;
#547 = ORIENTED_EDGE ( 'NONE', *, *, #4917, .F. ) ;
#548 = UNCERTAINTY_MEASURE_WITH_UNIT (LENGTH_MEASURE( 1.000000000000000082E-05 ), #1006, 'distance_accuracy_value', 'NONE');
#549 = LINE ( 'NONE', #210, #4407 ) ;
#550 = AXIS2_PLACEMENT_3D ( 'NONE', #5160, #262, #4778 ) ;
#551 =( NAMED_UNIT ( * ) SI_UNIT ( $, .STERADIAN. ) SOLID_ANGLE_UNIT ( ) );
#552 = EDGE_CURVE ( 'NONE', #2954, #2519, #5202, .T. ) ;
#553 = VERTEX_POINT ( 'NONE', #280 ) ;
#554 = CARTESIAN_POINT ( 'NONE',  ( -2.049999999999998934, -0.1750000000000067613, -0.1249999999999931721 ) ) ;
#555 = ORIENTED_EDGE ( 'NONE', *, *, #615, .F. ) ;
#556 = CARTESIAN_POINT ( 'NONE',  ( -2.149999999999999023, 0.3250000000000046740, 2.775000000000004352 ) ) ;
#557 = EDGE_CURVE ( 'NONE', #3236, #4983, #694, .T. ) ;
#558 = DIRECTION ( 'NONE',  ( 0.000000000000000000, -1.000000000000000000, -0.000000000000000000 ) ) ;
#559 = ORIENTED_EDGE ( 'NONE', *, *, #1732, .T. ) ;
#560 = SURFACE_SIDE_STYLE ('',( #4233 ) ) ;
#561 = VERTEX_POINT ( 'NONE', #3892 ) ;
#562 = DIRECTION ( 'NONE',  ( 0.000000000000000000, 0.000000000000000000, 1.000000000000000000 ) ) ;
#563 = PLANE ( 'NONE',  #429 ) ;
#564 = DIRECTION ( 'NONE',  ( 0.000000000000000000, 0.000000000000000000, 1.000000000000000000 ) ) ;
#565 = VERTEX_POINT ( 'NONE', #1500 ) ;
#566 = CARTESIAN_POINT ( 'NONE',  ( -5.899999999999998579, 0.1750000000000067057, 3.725000000000005862 ) ) ;
#567 = SURFACE_STYLE_FILL_AREA ( #2116 ) ;
#568 = CARTESIAN_POINT ( 'NONE',  ( -10.24999999999999822, 3.875000000000000000, 1.774999999999993250 ) ) ;
#569 = EDGE_CURVE ( 'NONE', #4137, #3861, #1845, .T. ) ;
#570 = LINE ( 'NONE', #3815, #1614 ) ;
#571 = ORIENTED_EDGE ( 'NONE', *, *, #657, .F. ) ;
#572 = DIRECTION ( 'NONE',  ( 0.000000000000000000, 0.000000000000000000, 1.000000000000000000 ) ) ;
#573 = CARTESIAN_POINT ( 'NONE',  ( -4.649999999999999467, -0.07499999999999552858, 3.350000000000005418 ) ) ;
#574 = LINE ( 'NONE', #1007, #1437 ) ;
#575 = CARTESIAN_POINT ( 'NONE',  ( 0.000000000000000000, 0.4249999999999939382, 3.724999999999992095 ) ) ;
#576 = MECHANICAL_DESIGN_GEOMETRIC_PRESENTATION_REPRESENTATION (  '', ( #5288 ), #5119 ) ;
#577 = LINE ( 'NONE', #343, #3580 ) ;
#578 = EDGE_LOOP ( 'NONE', ( #1896, #39, #2770, #5156, #2020, #3803, #2642, #3190, #3827, #5250, #1802, #2805, #133 ) ) ;
#579 = PRESENTATION_STYLE_ASSIGNMENT (( #2733 ) ) ;
#580 = PLANE ( 'NONE',  #4483 ) ;
#581 = DIRECTION ( 'NONE',  ( -1.000000000000000000, 0.000000000000000000, -0.000000000000000000 ) ) ;
#582 =( GEOMETRIC_REPRESENTATION_CONTEXT ( 3 ) GLOBAL_UNCERTAINTY_ASSIGNED_CONTEXT ( ( #97 ) ) GLOBAL_UNIT_ASSIGNED_CONTEXT ( ( #739, #3986, #762 ) ) REPRESENTATION_CONTEXT ( 'NONE', 'WORKASPACE' ) );
#583 = ORIENTED_EDGE ( 'NONE', *, *, #3596, .T. ) ;
#584 = FACE_OUTER_BOUND ( 'NONE', #2286, .T. ) ;
#585 = EDGE_LOOP ( 'NONE', ( #1098, #2981, #531, #2868 ) ) ;
#586 = CIRCLE ( 'NONE', #4013, 0.1499999999999999667 ) ;
#587 = EDGE_CURVE ( 'NONE', #4376, #1377, #2230, .T. ) ;
#588 = CARTESIAN_POINT ( 'NONE',  ( -2.149999999999999023, -0.1499999999999935274, 3.350000000000005418 ) ) ;
#589 = DIRECTION ( 'NONE',  ( 0.000000000000000000, -1.000000000000000000, 3.274642926612281180E-15 ) ) ;
#590 = ORIENTED_EDGE ( 'NONE', *, *, #5275, .F. ) ;
#591 = VECTOR ( 'NONE', #1483, 1000.000000000000000 ) ;
#592 = CARTESIAN_POINT ( 'NONE',  ( -9.749999999999998224, 1.275000000000004352, 3.125000000000002665 ) ) ;
#593 = ADVANCED_FACE ( 'NONE', ( #4718 ), #4377, .F. ) ;
#594 = UNCERTAINTY_MEASURE_WITH_UNIT (LENGTH_MEASURE( 1.000000000000000082E-05 ), #5270, 'distance_accuracy_value', 'NONE');
#595 = LINE ( 'NONE', #4648, #4569 ) ;
#596 = FILL_AREA_STYLE_COLOUR ( '', #4551 ) ;
#597 = VECTOR ( 'NONE', #4043, 1000.000000000000000 ) ;
#598 = ORIENTED_EDGE ( 'NONE', *, *, #2997, .T. ) ;
#599 = EDGE_CURVE ( 'NONE', #1636, #4972, #1529, .T. ) ;
#600 = STYLED_ITEM ( 'NONE', ( #4982 ), #678 ) ;
#601 = PLANE ( 'NONE',  #2730 ) ;
#602 = AXIS2_PLACEMENT_3D ( 'NONE', #2441, #845, #1959 ) ;
#603 = VECTOR ( 'NONE', #1778, 1000.000000000000000 ) ;
#604 = FILL_AREA_STYLE ('',( #2678 ) ) ;
#605 = DIRECTION ( 'NONE',  ( -0.000000000000000000, -1.000000000000000000, 0.000000000000000000 ) ) ;
#606 = ORIENTED_EDGE ( 'NONE', *, *, #2093, .T. ) ;
#607 = PLANE ( 'NONE',  #4562 ) ;
#608 = VECTOR ( 'NONE', #4142, 1000.000000000000000 ) ;
#609 = EDGE_LOOP ( 'NONE', ( #4717, #1699, #218, #4936, #1426, #3909, #5114, #1150, #3565, #2918, #1369, #1095, #897, #4049, #310, #1920 ) ) ;
#610 = CARTESIAN_POINT ( 'NONE',  ( -8.699999999999999289, -0.1750000000000067613, -0.1249999999999936023 ) ) ;
#611 = ORIENTED_EDGE ( 'NONE', *, *, #3900, .F. ) ;
#612 = AXIS2_PLACEMENT_3D ( 'NONE', #2688, #4716, #2366 ) ;
#613 = DIRECTION ( 'NONE',  ( 0.000000000000000000, 0.000000000000000000, -1.000000000000000000 ) ) ;
#614 = DIRECTION ( 'NONE',  ( 0.000000000000000000, 1.000000000000000000, -0.000000000000000000 ) ) ;
#615 = EDGE_CURVE ( 'NONE', #1906, #171, #2706, .T. ) ;
#616 = ORIENTED_EDGE ( 'NONE', *, *, #777, .F. ) ;
#617 =( GEOMETRIC_REPRESENTATION_CONTEXT ( 3 ) GLOBAL_UNCERTAINTY_ASSIGNED_CONTEXT ( ( #1420 ) ) GLOBAL_UNIT_ASSIGNED_CONTEXT ( ( #2391, #409, #5259 ) ) REPRESENTATION_CONTEXT ( 'NONE', 'WORKASPACE' ) );
#618 = DIRECTION ( 'NONE',  ( 0.000000000000000000, -9.035018104045872913E-16, 1.000000000000000000 ) ) ;
#619 = LINE ( 'NONE', #5020, #1940 ) ;
#620 = AXIS2_PLACEMENT_3D ( 'NONE', #541, #4163, #2556 ) ;
#621 = CARTESIAN_POINT ( 'NONE',  ( -2.349999999999999645, 0.3250000000000090039, 3.425000000000005596 ) ) ;
#622 = EDGE_CURVE ( 'NONE', #4597, #3884, #2855, .T. ) ;
#623 = ORIENTED_EDGE ( 'NONE', *, *, #1869, .T. ) ;
#624 = VERTEX_POINT ( 'NONE', #4503 ) ;
#625 = MECHANICAL_DESIGN_GEOMETRIC_PRESENTATION_REPRESENTATION (  '', ( #870 ), #442 ) ;
#626 = CARTESIAN_POINT ( 'NONE',  ( -3.600000000000000977, -0.3249999999999911848, 4.425000000000005151 ) ) ;
#627 = LINE ( 'NONE', #3080, #2402 ) ;
#628 = DIRECTION ( 'NONE',  ( 0.000000000000000000, 0.000000000000000000, -1.000000000000000000 ) ) ;
#629 = DIRECTION ( 'NONE',  ( -0.000000000000000000, -0.000000000000000000, -1.000000000000000000 ) ) ;
#630 = FILL_AREA_STYLE_COLOUR ( '', #3720 ) ;
#631 = CARTESIAN_POINT ( 'NONE',  ( 0.000000000000000000, 3.875000000000007105, 3.725000000000004974 ) ) ;
#632 = VECTOR ( 'NONE', #3981, 1000.000000000000000 ) ;
#633 =( NAMED_UNIT ( * ) PLANE_ANGLE_UNIT ( ) SI_UNIT ( $, .RADIAN. ) );
#634 = CARTESIAN_POINT ( 'NONE',  ( -7.349999999999999645, 0.3250000000000090039, 4.425000000000004263 ) ) ;
#635 = ORIENTED_EDGE ( 'NONE', *, *, #5279, .T. ) ;
#636 = FILL_AREA_STYLE ('',( #2573 ) ) ;
#637 = ADVANCED_FACE ( 'NONE', ( #814 ), #2801, .F. ) ;
#638 = VECTOR ( 'NONE', #3761, 1000.000000000000000 ) ;
#639 = EDGE_LOOP ( 'NONE', ( #1706, #738, #2389, #547 ) ) ;
#640 = DIRECTION ( 'NONE',  ( 1.000000000000000000, 1.355252715606885966E-16, 2.710505431213726079E-16 ) ) ;
#641 = ORIENTED_EDGE ( 'NONE', *, *, #3902, .F. ) ;
#642 = DIRECTION ( 'NONE',  ( 0.000000000000000000, -3.241282859766573260E-15, -1.000000000000000000 ) ) ;
#643 = PLANE ( 'NONE',  #3689 ) ;
#644 = EDGE_LOOP ( 'NONE', ( #71, #3908, #4752, #4100 ) ) ;
#645 = PRESENTATION_STYLE_ASSIGNMENT (( #2319 ) ) ;
#646 = UNCERTAINTY_MEASURE_WITH_UNIT (LENGTH_MEASURE( 1.000000000000000082E-05 ), #4071, 'distance_accuracy_value', 'NONE');
#647 = DIRECTION ( 'NONE',  ( -1.000000000000000000, 0.000000000000000000, -0.000000000000000000 ) ) ;
#648 = SURFACE_STYLE_FILL_AREA ( #4769 ) ;
#649 = DIRECTION ( 'NONE',  ( -0.000000000000000000, -1.000000000000000000, 0.000000000000000000 ) ) ;
#650 = EDGE_LOOP ( 'NONE', ( #2027, #675, #571, #4724, #435, #411, #3376, #4322, #2925, #3090, #2904, #5069, #77 ) ) ;
#651 = ORIENTED_EDGE ( 'NONE', *, *, #1743, .F. ) ;
#652 = LINE ( 'NONE', #3901, #2132 ) ;
#653 = ADVANCED_FACE ( 'NONE', ( #3282 ), #3661, .T. ) ;
#654 = CARTESIAN_POINT ( 'NONE',  ( -5.899999999999998579, -0.07499999999999552858, 3.350000000000005862 ) ) ;
#655 = DIRECTION ( 'NONE',  ( 0.000000000000000000, -1.000000000000000000, -0.000000000000000000 ) ) ;
#656 =( LENGTH_UNIT ( ) NAMED_UNIT ( * ) SI_UNIT ( .MILLI., .METRE. ) );
#657 = EDGE_CURVE ( 'NONE', #1174, #992, #412, .T. ) ;
#658 = DIRECTION ( 'NONE',  ( -0.000000000000000000, 1.000000000000000000, -3.491483361109382461E-15 ) ) ;
#659 = ORIENTED_EDGE ( 'NONE', *, *, #5242, .T. ) ;
#660 = ORIENTED_EDGE ( 'NONE', *, *, #2539, .T. ) ;
#661 = CARTESIAN_POINT ( 'NONE',  ( -8.400000000000000355, -0.02499999999999117511, 3.800000000000006484 ) ) ;
#662 = EDGE_LOOP ( 'NONE', ( #1553, #4839, #1975, #1414 ) ) ;
#663 = ADVANCED_FACE ( 'NONE', ( #1957 ), #5262, .T. ) ;
#664 = VECTOR ( 'NONE', #1826, 1000.000000000000000 ) ;
#665 = LINE ( 'NONE', #3526, #681 ) ;
#666 = CARTESIAN_POINT ( 'NONE',  ( -4.650000000000001243, 0.3250000000000066169, 3.725000000000004974 ) ) ;
#667 = ORIENTED_EDGE ( 'NONE', *, *, #3980, .T. ) ;
#668 = COLOUR_RGB ( '',0.9607843137254902244, 0.9607843137254902244, 0.9607843137254902244 ) ;
#669 = CARTESIAN_POINT ( 'NONE',  ( 0.000000000000000000, 1.724999999999993427, 0.1249999999999996808 ) ) ;
#670 = PRESENTATION_STYLE_ASSIGNMENT (( #203 ) ) ;
#671 = DIRECTION ( 'NONE',  ( 1.000000000000000000, 2.710505431213777355E-16, -8.624045791263589697E-31 ) ) ;
#672 = ORIENTED_EDGE ( 'NONE', *, *, #1969, .T. ) ;
#673 = ORIENTED_EDGE ( 'NONE', *, *, #44, .F. ) ;
#674 = LINE ( 'NONE', #1934, #4782 ) ;
#675 = ORIENTED_EDGE ( 'NONE', *, *, #2973, .T. ) ;
#676 = CARTESIAN_POINT ( 'NONE',  ( -8.599999999999999645, -0.07499999999999489020, 2.775000000000006128 ) ) ;
#677 = LINE ( 'NONE', #1911, #722 ) ;
#678 = ADVANCED_FACE ( 'NONE', ( #3017 ), #2985, .T. ) ;
#679 = AXIS2_PLACEMENT_3D ( 'NONE', #2862, #1665, #2502 ) ;
#680 =( NAMED_UNIT ( * ) SI_UNIT ( $, .STERADIAN. ) SOLID_ANGLE_UNIT ( ) );
#681 = VECTOR ( 'NONE', #3888, 1000.000000000000000 ) ;
#682 = FILL_AREA_STYLE ('',( #715 ) ) ;
#683 = ORIENTED_EDGE ( 'NONE', *, *, #4793, .F. ) ;
#684 =( GEOMETRIC_REPRESENTATION_CONTEXT ( 3 ) GLOBAL_UNCERTAINTY_ASSIGNED_CONTEXT ( ( #3371 ) ) GLOBAL_UNIT_ASSIGNED_CONTEXT ( ( #2779, #1151, #4050 ) ) REPRESENTATION_CONTEXT ( 'NONE', 'WORKASPACE' ) );
#685 = CARTESIAN_POINT ( 'NONE',  ( -10.24999999999999822, 3.224999999999999645, 1.774999999999994582 ) ) ;
#686 = ORIENTED_EDGE ( 'NONE', *, *, #3034, .F. ) ;
#687 = PRESENTATION_LAYER_ASSIGNMENT (  '', '', ( #1521 ) ) ;
#688 = ORIENTED_EDGE ( 'NONE', *, *, #1384, .F. ) ;
#689 = CARTESIAN_POINT ( 'NONE',  ( 0.000000000000000000, 0.3250000000000033418, 2.775000000000005240 ) ) ;
#690 = PLANE ( 'NONE',  #4980 ) ;
#691 = AXIS2_PLACEMENT_3D ( 'NONE', #803, #4245, #545 ) ;
#692 = ADVANCED_FACE ( 'NONE', ( #441 ), #140, .F. ) ;
#693 = EDGE_LOOP ( 'NONE', ( #1417, #2876, #4288, #2158, #2748, #3809 ) ) ;
#694 = LINE ( 'NONE', #4296, #2618 ) ;
#695 = CARTESIAN_POINT ( 'NONE',  ( -1.499999999999999778, 1.274999999999997247, 1.075000000000002620 ) ) ;
#696 = VECTOR ( 'NONE', #1072, 1000.000000000000000 ) ;
#697 = UNCERTAINTY_MEASURE_WITH_UNIT (LENGTH_MEASURE( 1.000000000000000082E-05 ), #2609, 'distance_accuracy_value', 'NONE');
#698 = LINE ( 'NONE', #3945, #5048 ) ;
#699 = DIRECTION ( 'NONE',  ( -1.000000000000000000, -9.463684613279350699E-31, -2.710505431213730517E-16 ) ) ;
#700 = ADVANCED_FACE ( 'NONE', ( #4638 ), #1261, .F. ) ;
#701 = AXIS2_PLACEMENT_3D ( 'NONE', #2436, #1983, #3280 ) ;
#702 = EDGE_LOOP ( 'NONE', ( #224, #3935, #3033, #2625, #1402, #138, #5169, #4759, #334, #3764, #3557, #5005, #434, #2543, #3583, #2055, #3276, #5197, #3994, #2681, #1942, #973, #3416, #4898, #4550, #1495, #4130, #5234 ) ) ;
#703 = ORIENTED_EDGE ( 'NONE', *, *, #4852, .T. ) ;
#704 = CARTESIAN_POINT ( 'NONE',  ( -8.599999999999999645, 0.3250000000000033418, 4.425000000000005151 ) ) ;
#705 = LINE ( 'NONE', #209, #3702 ) ;
#706 =( GEOMETRIC_REPRESENTATION_CONTEXT ( 3 ) GLOBAL_UNCERTAINTY_ASSIGNED_CONTEXT ( ( #1477 ) ) GLOBAL_UNIT_ASSIGNED_CONTEXT ( ( #1040, #2281, #4284 ) ) REPRESENTATION_CONTEXT ( 'NONE', 'WORKASPACE' ) );
#707 = FACE_OUTER_BOUND ( 'NONE', #2258, .T. ) ;
#708 = CARTESIAN_POINT ( 'NONE',  ( 0.000000000000000000, 3.875000000000007105, 3.724999999999992095 ) ) ;
#709 = PRESENTATION_LAYER_ASSIGNMENT (  '', '', ( #3012 ) ) ;
#710 = EDGE_LOOP ( 'NONE', ( #5297, #4347, #2657, #731, #155, #3829, #184, #2684, #4666, #539, #115, #388 ) ) ;
#711 = CARTESIAN_POINT ( 'NONE',  ( -4.649999999999999467, -0.02499999999999117511, 3.800000000000006040 ) ) ;
#712 = ADVANCED_FACE ( 'NONE', ( #87 ), #4206, .F. ) ;
#713 = PRESENTATION_LAYER_ASSIGNMENT (  '', '', ( #1888 ) ) ;
#714 = AXIS2_PLACEMENT_3D ( 'NONE', #3718, #2514, #2434 ) ;
#715 = FILL_AREA_STYLE_COLOUR ( '', #3537 ) ;
#716 = ORIENTED_EDGE ( 'NONE', *, *, #2202, .T. ) ;
#717 = DIRECTION ( 'NONE',  ( -1.000000000000000000, -2.710505431213777355E-16, 9.011571401424784806E-31 ) ) ;
#718 = VERTEX_POINT ( 'NONE', #1470 ) ;
#719 = PRESENTATION_LAYER_ASSIGNMENT (  '', '', ( #1463 ) ) ;
#720 = ORIENTED_EDGE ( 'NONE', *, *, #4653, .F. ) ;
#721 = EDGE_CURVE ( 'NONE', #1039, #5094, #3552, .T. ) ;
#722 = VECTOR ( 'NONE', #3568, 1000.000000000000000 ) ;
#723 = DIRECTION ( 'NONE',  ( 0.000000000000000000, -1.000000000000000000, 3.491483361109382461E-15 ) ) ;
#724 = ORIENTED_EDGE ( 'NONE', *, *, #3814, .F. ) ;
#725 = DIRECTION ( 'NONE',  ( 0.000000000000000000, -1.000000000000000000, 3.491483361109382461E-15 ) ) ;
#726 = CARTESIAN_POINT ( 'NONE',  ( -3.149999999999999023, 3.074999999999997957, 1.275000000000006573 ) ) ;
#727 = AXIS2_PLACEMENT_3D ( 'NONE', #4087, #5273, #2409 ) ;
#728 = LINE ( 'NONE', #3187, #2632 ) ;
#729 = LINE ( 'NONE', #1051, #342 ) ;
#730 = ORIENTED_EDGE ( 'NONE', *, *, #1250, .F. ) ;
#731 = ORIENTED_EDGE ( 'NONE', *, *, #3065, .F. ) ;
#732 = CARTESIAN_POINT ( 'NONE',  ( -2.349999999999999645, 0.3250000000000060618, 3.575000000000004174 ) ) ;
#733 = FACE_OUTER_BOUND ( 'NONE', #844, .T. ) ;
#734 = ADVANCED_FACE ( 'NONE', ( #3093 ), #1067, .F. ) ;
#735 = DIRECTION ( 'NONE',  ( 0.000000000000000000, 0.000000000000000000, 1.000000000000000000 ) ) ;
#736 = DIRECTION ( 'NONE',  ( 0.000000000000000000, 0.000000000000000000, 1.000000000000000000 ) ) ;
#737 = DIRECTION ( 'NONE',  ( 1.000000000000000000, 0.000000000000000000, 0.000000000000000000 ) ) ;
#738 = ORIENTED_EDGE ( 'NONE', *, *, #1378, .F. ) ;
#739 =( LENGTH_UNIT ( ) NAMED_UNIT ( * ) SI_UNIT ( .MILLI., .METRE. ) );
#740 = CARTESIAN_POINT ( 'NONE',  ( -2.149999999999999467, -0.02499999999999118205, 4.425000000000005151 ) ) ;
#741 = CARTESIAN_POINT ( 'NONE',  ( -6.099999999999999645, -0.3249999999999911848, 4.425000000000006040 ) ) ;
#742 = CARTESIAN_POINT ( 'NONE',  ( -0.9999999999999995559, 1.275000000000004352, 3.125000000000000000 ) ) ;
#743 = CARTESIAN_POINT ( 'NONE',  ( -3.399999999999999467, -0.1499999999999933054, 3.425000000000005596 ) ) ;
#744 = ORIENTED_EDGE ( 'NONE', *, *, #3839, .T. ) ;
#745 = CARTESIAN_POINT ( 'NONE',  ( -9.249999999999998224, 1.274999999999997691, 1.075000000000002620 ) ) ;
#746 = SURFACE_SIDE_STYLE ('',( #2416 ) ) ;
#747 = DIRECTION ( 'NONE',  ( 0.000000000000000000, -3.324683026880842862E-15, -1.000000000000000000 ) ) ;
#748 = ORIENTED_EDGE ( 'NONE', *, *, #1655, .F. ) ;
#749 = EDGE_CURVE ( 'NONE', #259, #3795, #2626, .T. ) ;
#750 = DIRECTION ( 'NONE',  ( 0.000000000000000000, 0.000000000000000000, -1.000000000000000000 ) ) ;
#751 = DIRECTION ( 'NONE',  ( 0.000000000000000000, -1.000000000000000000, 3.181711311827809596E-15 ) ) ;
#752 = ORIENTED_EDGE ( 'NONE', *, *, #3226, .T. ) ;
#753 = EDGE_CURVE ( 'NONE', #553, #5078, #1494, .T. ) ;
#754 = EDGE_CURVE ( 'NONE', #3693, #3985, #5117, .T. ) ;
#755 = FACE_OUTER_BOUND ( 'NONE', #1726, .T. ) ;
#756 =( GEOMETRIC_REPRESENTATION_CONTEXT ( 3 ) GLOBAL_UNCERTAINTY_ASSIGNED_CONTEXT ( ( #4187 ) ) GLOBAL_UNIT_ASSIGNED_CONTEXT ( ( #447, #538, #2550 ) ) REPRESENTATION_CONTEXT ( 'NONE', 'WORKASPACE' ) );
#757 = FACE_OUTER_BOUND ( 'NONE', #86, .T. ) ;
#758 = PLANE ( 'NONE',  #3164 ) ;
#759 = EDGE_CURVE ( 'NONE', #3142, #2035, #3522, .T. ) ;
#760 = AXIS2_PLACEMENT_3D ( 'NONE', #2079, #4944, #834 ) ;
#761 = VERTEX_POINT ( 'NONE', #1413 ) ;
#762 =( NAMED_UNIT ( * ) SI_UNIT ( $, .STERADIAN. ) SOLID_ANGLE_UNIT ( ) );
#763 = DIRECTION ( 'NONE',  ( -1.000000000000000000, -9.463684613279350699E-31, -2.710505431213730517E-16 ) ) ;
#764 = VECTOR ( 'NONE', #1184, 1000.000000000000000 ) ;
#765 = ORIENTED_EDGE ( 'NONE', *, *, #2016, .F. ) ;
#766 = LINE ( 'NONE', #743, #2298 ) ;
#767 = ORIENTED_EDGE ( 'NONE', *, *, #449, .T. ) ;
#768 = VECTOR ( 'NONE', #1627, 1000.000000000000000 ) ;
#769 = CARTESIAN_POINT ( 'NONE',  ( -6.099999999999999645, 0.3250000000000090039, 4.425000000000004263 ) ) ;
#770 = CARTESIAN_POINT ( 'NONE',  ( -6.099999999999999645, 0.05000000000000647676, 3.725000000000004974 ) ) ;
#771 = ORIENTED_EDGE ( 'NONE', *, *, #4421, .T. ) ;
#772 = VECTOR ( 'NONE', #4610, 1000.000000000000000 ) ;
#773 = ORIENTED_EDGE ( 'NONE', *, *, #2509, .T. ) ;
#774 = PRESENTATION_STYLE_ASSIGNMENT (( #1927 ) ) ;
#775 = AXIS2_PLACEMENT_3D ( 'NONE', #4843, #3983, #736 ) ;
#776 = CARTESIAN_POINT ( 'NONE',  ( 0.000000000000000000, -0.1749999999999932998, 3.725000000000006306 ) ) ;
#777 = EDGE_CURVE ( 'NONE', #4533, #1641, #3963, .T. ) ;
#778 = ORIENTED_EDGE ( 'NONE', *, *, #5159, .F. ) ;
#779 = VECTOR ( 'NONE', #4880, 1000.000000000000000 ) ;
#780 = CARTESIAN_POINT ( 'NONE',  ( -4.649999999999999467, 0.3250000000000090039, 3.425000000000005151 ) ) ;
#781 = AXIS2_PLACEMENT_3D ( 'NONE', #3555, #5200, #1498 ) ;
#782 = CARTESIAN_POINT ( 'NONE',  ( -4.850000000000001421, 0.05000000000000647676, 3.725000000000004974 ) ) ;
#783 = VECTOR ( 'NONE', #2902, 1000.000000000000000 ) ;
#784 = ORIENTED_EDGE ( 'NONE', *, *, #3454, .T. ) ;
#785 = CARTESIAN_POINT ( 'NONE',  ( -8.599999999999999645, -0.3249999999999939604, 3.575000000000006839 ) ) ;
#786 = LINE ( 'NONE', #3924, #1368 ) ;
#787 = AXIS2_PLACEMENT_3D ( 'NONE', #1112, #4413, #4841 ) ;
#788 = VERTEX_POINT ( 'NONE', #4791 ) ;
#789 = LINE ( 'NONE', #3685, #2019 ) ;
#790 = CIRCLE ( 'NONE', #2840, 0.1499999999999999667 ) ;
#791 = FACE_OUTER_BOUND ( 'NONE', #2047, .T. ) ;
#792 = EDGE_CURVE ( 'NONE', #3684, #94, #272, .T. ) ;
#793 = LINE ( 'NONE', #3278, #4798 ) ;
#794 = CARTESIAN_POINT ( 'NONE',  ( -0.3000000000000004885, 1.724999999999992983, -0.5250000000000004663 ) ) ;
#795 = ORIENTED_EDGE ( 'NONE', *, *, #4995, .T. ) ;
#796 = CARTESIAN_POINT ( 'NONE',  ( -5.899999999999998579, -0.3249999999999933498, 3.575000000000006395 ) ) ;
#797 = SURFACE_STYLE_FILL_AREA ( #2515 ) ;
#798 = LINE ( 'NONE', #2882, #779 ) ;
#799 = ORIENTED_EDGE ( 'NONE', *, *, #4878, .F. ) ;
#800 = LINE ( 'NONE', #4566, #2891 ) ;
#801 = FILL_AREA_STYLE ('',( #1589 ) ) ;
#802 = DIRECTION ( 'NONE',  ( 0.000000000000000000, 0.000000000000000000, -1.000000000000000000 ) ) ;
#803 = CARTESIAN_POINT ( 'NONE',  ( -2.349999999999999645, 0.3250000000000090039, 4.425000000000004263 ) ) ;
#804 = ADVANCED_FACE ( 'NONE', ( #584 ), #2193, .F. ) ;
#805 = EDGE_CURVE ( 'NONE', #2438, #2420, #196, .T. ) ;
#806 = LINE ( 'NONE', #1915, #3219 ) ;
#807 = DIRECTION ( 'NONE',  ( -1.000000000000000000, 0.000000000000000000, -0.000000000000000000 ) ) ;
#808 = LINE ( 'NONE', #3274, #1169 ) ;
#809 = ADVANCED_FACE ( 'NONE', ( #1043 ), #1839, .F. ) ;
#810 = VERTEX_POINT ( 'NONE', #661 ) ;
#811 = CARTESIAN_POINT ( 'NONE',  ( -2.349999999999999645, 0.3250000000000060063, 3.525000000000004796 ) ) ;
#812 = DIRECTION ( 'NONE',  ( -0.000000000000000000, 3.181711311827809596E-15, 1.000000000000000000 ) ) ;
#813 = ORIENTED_EDGE ( 'NONE', *, *, #479, .F. ) ;
#814 = FACE_OUTER_BOUND ( 'NONE', #943, .T. ) ;
#815 = EDGE_CURVE ( 'NONE', #4302, #2080, #2283, .T. ) ;
#816 = ORIENTED_EDGE ( 'NONE', *, *, #1158, .T. ) ;
#817 = LINE ( 'NONE', #4102, #848 ) ;
#818 = DIRECTION ( 'NONE',  ( -1.000000000000000000, -0.000000000000000000, -0.000000000000000000 ) ) ;
#819 = ORIENTED_EDGE ( 'NONE', *, *, #1347, .T. ) ;
#820 = COLOUR_RGB ( '',0.9607843137254902244, 0.9607843137254902244, 0.9607843137254902244 ) ;
#821 = SURFACE_STYLE_USAGE ( .BOTH. , #2069 ) ;
#822 = FACE_OUTER_BOUND ( 'NONE', #578, .T. ) ;
#823 = FILL_AREA_STYLE ('',( #480 ) ) ;
#824 = ORIENTED_EDGE ( 'NONE', *, *, #4427, .T. ) ;
#825 = VECTOR ( 'NONE', #148, 1000.000000000000000 ) ;
#826 = ORIENTED_EDGE ( 'NONE', *, *, #1997, .T. ) ;
#827 = FILL_AREA_STYLE_COLOUR ( '', #2364 ) ;
#828 = CYLINDRICAL_SURFACE ( 'NONE', #1633, 0.07499999999999998335 ) ;
#829 = SURFACE_STYLE_FILL_AREA ( #1162 ) ;
#830 = ADVANCED_FACE ( 'NONE', ( #5171 ), #3120, .F. ) ;
#831 = SURFACE_STYLE_FILL_AREA ( #983 ) ;
#832 = VECTOR ( 'NONE', #4002, 1000.000000000000000 ) ;
#833 = ORIENTED_EDGE ( 'NONE', *, *, #1907, .T. ) ;
#834 = DIRECTION ( 'NONE',  ( 0.000000000000000000, 3.346923071444648273E-15, 1.000000000000000000 ) ) ;
#835 = ORIENTED_EDGE ( 'NONE', *, *, #4749, .T. ) ;
#836 = FACE_OUTER_BOUND ( 'NONE', #1679, .T. ) ;
#837 =( GEOMETRIC_REPRESENTATION_CONTEXT ( 3 ) GLOBAL_UNCERTAINTY_ASSIGNED_CONTEXT ( ( #956 ) ) GLOBAL_UNIT_ASSIGNED_CONTEXT ( ( #436, #3176, #4938 ) ) REPRESENTATION_CONTEXT ( 'NONE', 'WORKASPACE' ) );
#838 = FACE_OUTER_BOUND ( 'NONE', #4260, .T. ) ;
#839 = EDGE_CURVE ( 'NONE', #3205, #3682, #2001, .T. ) ;
#840 = FACE_OUTER_BOUND ( 'NONE', #3207, .T. ) ;
#841 = ORIENTED_EDGE ( 'NONE', *, *, #4426, .T. ) ;
#842 = FILL_AREA_STYLE ('',( #4532 ) ) ;
#843 = AXIS2_PLACEMENT_3D ( 'NONE', #5103, #3840, #1689 ) ;
#844 = EDGE_LOOP ( 'NONE', ( #1788, #311, #2344, #3044 ) ) ;
#845 = DIRECTION ( 'NONE',  ( 1.000000000000000000, 0.000000000000000000, 0.000000000000000000 ) ) ;
#846 = EDGE_CURVE ( 'NONE', #4161, #4807, #4872, .T. ) ;
#847 = LINE ( 'NONE', #976, #2563 ) ;
#848 = VECTOR ( 'NONE', #417, 1000.000000000000000 ) ;
#849 = ORIENTED_EDGE ( 'NONE', *, *, #1703, .T. ) ;
#850 = LINE ( 'NONE', #780, #3316 ) ;
#851 = CIRCLE ( 'NONE', #775, 0.07499999999999998335 ) ;
#852 =( LENGTH_UNIT ( ) NAMED_UNIT ( * ) SI_UNIT ( .MILLI., .METRE. ) );
#853 = CYLINDRICAL_SURFACE ( 'NONE', #3409, 0.07499999999999998335 ) ;
#854 = EDGE_CURVE ( 'NONE', #3078, #1039, #1144, .T. ) ;
#855 = CIRCLE ( 'NONE', #2995, 0.07499999999999998335 ) ;
#856 = ORIENTED_EDGE ( 'NONE', *, *, #4024, .F. ) ;
#857 = LINE ( 'NONE', #48, #4607 ) ;
#858 = VECTOR ( 'NONE', #3833, 1000.000000000000000 ) ;
#859 = FACE_OUTER_BOUND ( 'NONE', #4381, .T. ) ;
#860 = AXIS2_PLACEMENT_3D ( 'NONE', #1785, #5092, #919 ) ;
#861 = VERTEX_POINT ( 'NONE', #2411 ) ;
#862 = ORIENTED_EDGE ( 'NONE', *, *, #5220, .F. ) ;
#863 = DIRECTION ( 'NONE',  ( 0.000000000000000000, 1.000000000000000000, -3.491483361109382461E-15 ) ) ;
#864 = EDGE_CURVE ( 'NONE', #2689, #3069, #401, .T. ) ;
#865 = CARTESIAN_POINT ( 'NONE',  ( -6.099999999999999645, -0.3249999999999911848, 3.575000000000006395 ) ) ;
#866 = CARTESIAN_POINT ( 'NONE',  ( -0.5000000000000000000, 3.874999999999999556, 1.774999999999992584 ) ) ;
#867 = FACE_OUTER_BOUND ( 'NONE', #1612, .T. ) ;
#868 = ORIENTED_EDGE ( 'NONE', *, *, #22, .F. ) ;
#869 = CARTESIAN_POINT ( 'NONE',  ( -1.499999999999999778, 1.274999999999999023, 1.575000000000002620 ) ) ;
#870 = STYLED_ITEM ( 'NONE', ( #4216 ), #3996 ) ;
#871 = ORIENTED_EDGE ( 'NONE', *, *, #1234, .T. ) ;
#872 = EDGE_CURVE ( 'NONE', #1077, #3693, #2771, .T. ) ;
#873 = EDGE_CURVE ( 'NONE', #1011, #1131, #68, .T. ) ;
#874 = DIRECTION ( 'NONE',  ( -0.000000000000000000, -3.491483361109382461E-15, -1.000000000000000000 ) ) ;
#875 = VECTOR ( 'NONE', #3220, 1000.000000000000000 ) ;
#876 = CARTESIAN_POINT ( 'NONE',  ( -8.400000000000000355, -0.3249999999999933498, 3.575000000000006839 ) ) ;
#877 = EDGE_LOOP ( 'NONE', ( #3440, #1110, #4112, #3231 ) ) ;
#878 = CARTESIAN_POINT ( 'NONE',  ( -4.649999999999999467, 0.3250000000000046740, 2.775000000000004352 ) ) ;
#879 = AXIS2_PLACEMENT_3D ( 'NONE', #4432, #2269, #1858 ) ;
#880 = SURFACE_STYLE_FILL_AREA ( #1716 ) ;
#881 = FACE_OUTER_BOUND ( 'NONE', #365, .T. ) ;
#882 = CARTESIAN_POINT ( 'NONE',  ( -0.5000000000000000000, 3.224999999999999645, 1.774999999999994582 ) ) ;
#883 = COLOUR_RGB ( '',0.9607843137254902244, 0.9607843137254902244, 0.9607843137254902244 ) ;
#884 = VERTEX_POINT ( 'NONE', #358 ) ;
#885 = EDGE_CURVE ( 'NONE', #5062, #1306, #1520, .T. ) ;
#886 = DIRECTION ( 'NONE',  ( -1.000000000000000000, 0.000000000000000000, 0.000000000000000000 ) ) ;
#887 =( LENGTH_UNIT ( ) NAMED_UNIT ( * ) SI_UNIT ( .MILLI., .METRE. ) );
#888 = ORIENTED_EDGE ( 'NONE', *, *, #4170, .F. ) ;
#889 = ORIENTED_EDGE ( 'NONE', *, *, #2851, .T. ) ;
#890 = CARTESIAN_POINT ( 'NONE',  ( -7.149999999999999467, -0.1749999999999966027, 2.775000000000006573 ) ) ;
#891 = VERTEX_POINT ( 'NONE', #3652 ) ;
#892 = CARTESIAN_POINT ( 'NONE',  ( -6.099999999999999645, -0.1499999999999933054, 3.425000000000006484 ) ) ;
#893 = FACE_OUTER_BOUND ( 'NONE', #1493, .T. ) ;
#894 = DIRECTION ( 'NONE',  ( -1.000000000000000000, -9.463684613279350699E-31, -2.710505431213730517E-16 ) ) ;
#895 =( NAMED_UNIT ( * ) SI_UNIT ( $, .STERADIAN. ) SOLID_ANGLE_UNIT ( ) );
#896 = ORIENTED_EDGE ( 'NONE', *, *, #5179, .F. ) ;
#897 = ORIENTED_EDGE ( 'NONE', *, *, #227, .T. ) ;
#898 = DIRECTION ( 'NONE',  ( 1.000000000000000000, -0.000000000000000000, 0.000000000000000000 ) ) ;
#899 = CARTESIAN_POINT ( 'NONE',  ( -7.349999999999999645, 0.3250000000000090039, 4.425000000000006040 ) ) ;
#900 = EDGE_CURVE ( 'NONE', #1599, #4430, #3763, .T. ) ;
#901 = ORIENTED_EDGE ( 'NONE', *, *, #4686, .T. ) ;
#902 = CARTESIAN_POINT ( 'NONE',  ( -0.3000000000000004885, -0.3250000000000081157, -0.5249999999999911404 ) ) ;
#903 = LINE ( 'NONE', #1397, #2377 ) ;
#904 = LINE ( 'NONE', #512, #4371 ) ;
#905 = VECTOR ( 'NONE', #2382, 1000.000000000000000 ) ;
#906 = EDGE_CURVE ( 'NONE', #1078, #1756, #766, .T. ) ;
#907 = ORIENTED_EDGE ( 'NONE', *, *, #2037, .T. ) ;
#908 = ORIENTED_EDGE ( 'NONE', *, *, #4555, .F. ) ;
#909 = MECHANICAL_DESIGN_GEOMETRIC_PRESENTATION_REPRESENTATION (  '', ( #222 ), #3391 ) ;
#910 = CARTESIAN_POINT ( 'NONE',  ( -0.9999999999999997780, 3.874999999999997335, 1.074999999999993516 ) ) ;
#911 = FILL_AREA_STYLE ('',( #4600 ) ) ;
#912 = EDGE_CURVE ( 'NONE', #4603, #1641, #808, .T. ) ;
#913 = VECTOR ( 'NONE', #4099, 1000.000000000000000 ) ;
#914 = ORIENTED_EDGE ( 'NONE', *, *, #2878, .T. ) ;
#915 = FILL_AREA_STYLE ('',( #1305 ) ) ;
#916 = EDGE_LOOP ( 'NONE', ( #868, #1724, #3174, #4318, #421, #1866, #5122, #2053, #100, #534, #2977, #4792, #3564 ) ) ;
#917 = CARTESIAN_POINT ( 'NONE',  ( -10.24999999999999822, 0.4249999999999998224, -0.5250000000000006883 ) ) ;
#918 = DIRECTION ( 'NONE',  ( 0.000000000000000000, 1.000000000000000000, -0.000000000000000000 ) ) ;
#919 = DIRECTION ( 'NONE',  ( 0.000000000000000000, 0.000000000000000000, 1.000000000000000000 ) ) ;
#920 = ORIENTED_EDGE ( 'NONE', *, *, #1410, .F. ) ;
#921 = SURFACE_STYLE_FILL_AREA ( #2955 ) ;
#922 = ORIENTED_EDGE ( 'NONE', *, *, #207, .F. ) ;
#923 = COLOUR_RGB ( '',0.9607843137254902244, 0.9607843137254902244, 0.9607843137254902244 ) ;
#924 = DIRECTION ( 'NONE',  ( 0.000000000000000000, 0.000000000000000000, 1.000000000000000000 ) ) ;
#925 = CARTESIAN_POINT ( 'NONE',  ( -10.75000000000000000, -0.1749999999999932998, 3.725000000000006306 ) ) ;
#926 = VECTOR ( 'NONE', #2830, 1000.000000000000000 ) ;
#927 = VERTEX_POINT ( 'NONE', #3683 ) ;
#928 = FACE_OUTER_BOUND ( 'NONE', #5035, .T. ) ;
#929 = SURFACE_SIDE_STYLE ('',( #567 ) ) ;
#930 = EDGE_CURVE ( 'NONE', #553, #1030, #327, .T. ) ;
#931 = VECTOR ( 'NONE', #117, 1000.000000000000000 ) ;
#932 = FACE_OUTER_BOUND ( 'NONE', #4587, .T. ) ;
#933 = LINE ( 'NONE', #182, #4806 ) ;
#934 = AXIS2_PLACEMENT_3D ( 'NONE', #588, #1313, #562 ) ;
#935 = ORIENTED_EDGE ( 'NONE', *, *, #1152, .T. ) ;
#936 = EDGE_CURVE ( 'NONE', #4077, #4444, #3577, .T. ) ;
#937 = CARTESIAN_POINT ( 'NONE',  ( -7.149999999999999467, -0.3249999999999917399, 4.425000000000006928 ) ) ;
#938 = AXIS2_PLACEMENT_3D ( 'NONE', #2271, #3333, #1830 ) ;
#939 = LINE ( 'NONE', #3294, #1555 ) ;
#940 = ORIENTED_EDGE ( 'NONE', *, *, #1803, .F. ) ;
#941 = SURFACE_SIDE_STYLE ('',( #1253 ) ) ;
#942 = CIRCLE ( 'NONE', #4382, 0.1499999999999999667 ) ;
#943 = EDGE_LOOP ( 'NONE', ( #4184, #3249, #2423, #4399 ) ) ;
#944 = CARTESIAN_POINT ( 'NONE',  ( -0.9999999999999995559, 1.274999999999999245, 1.075000000000002620 ) ) ;
#945 = CARTESIAN_POINT ( 'NONE',  ( -6.099999999999999645, 0.3250000000000033973, 2.775000000000004796 ) ) ;
#946 = AXIS2_PLACEMENT_3D ( 'NONE', #3285, #818, #2442 ) ;
#947 = ORIENTED_EDGE ( 'NONE', *, *, #4537, .F. ) ;
#948 =( LENGTH_UNIT ( ) NAMED_UNIT ( * ) SI_UNIT ( .MILLI., .METRE. ) );
#949 = ORIENTED_EDGE ( 'NONE', *, *, #4362, .F. ) ;
#950 = EDGE_CURVE ( 'NONE', #1970, #3119, #2432, .T. ) ;
#951 = LINE ( 'NONE', #4158, #3595 ) ;
#952 = DIRECTION ( 'NONE',  ( 1.000000000000000000, 0.000000000000000000, 0.000000000000000000 ) ) ;
#953 = VECTOR ( 'NONE', #3222, 1000.000000000000000 ) ;
#954 = DIRECTION ( 'NONE',  ( -0.000000000000000000, -0.000000000000000000, -1.000000000000000000 ) ) ;
#955 = ORIENTED_EDGE ( 'NONE', *, *, #4878, .T. ) ;
#956 = UNCERTAINTY_MEASURE_WITH_UNIT (LENGTH_MEASURE( 1.000000000000000082E-05 ), #436, 'distance_accuracy_value', 'NONE');
#957 = SURFACE_STYLE_USAGE ( .BOTH. , #4616 ) ;
#958 = VECTOR ( 'NONE', #1282, 1000.000000000000000 ) ;
#959 = CARTESIAN_POINT ( 'NONE',  ( -8.599999999999999645, -0.1499999999999935274, 3.350000000000006750 ) ) ;
#960 = EDGE_LOOP ( 'NONE', ( #256, #2778, #4315, #1741 ) ) ;
#961 = CARTESIAN_POINT ( 'NONE',  ( -8.699999999999999289, 3.874999999999998224, 1.274999999999999467 ) ) ;
#962 = VECTOR ( 'NONE', #4482, 1000.000000000000000 ) ;
#963 = LINE ( 'NONE', #3904, #2903 ) ;
#964 = PRESENTATION_STYLE_ASSIGNMENT (( #1355 ) ) ;
#965 = ADVANCED_FACE ( 'NONE', ( #2742 ), #2387, .F. ) ;
#966 = CARTESIAN_POINT ( 'NONE',  ( -0.5000000000000000000, 3.225000000000004530, 3.124999999999995115 ) ) ;
#967 = VECTOR ( 'NONE', #1694, 1000.000000000000000 ) ;
#968 = ORIENTED_EDGE ( 'NONE', *, *, #4775, .T. ) ;
#969 = CARTESIAN_POINT ( 'NONE',  ( -8.599999999999999645, -0.3249999999999911848, 4.425000000000006928 ) ) ;
#970 = SURFACE_SIDE_STYLE ('',( #797 ) ) ;
#971 = CARTESIAN_POINT ( 'NONE',  ( -7.599999999999998757, 2.074999999999997957, 1.275000000000006573 ) ) ;
#972 = EDGE_CURVE ( 'NONE', #5118, #4055, #5003, .T. ) ;
#973 = ORIENTED_EDGE ( 'NONE', *, *, #972, .F. ) ;
#974 = ORIENTED_EDGE ( 'NONE', *, *, #3724, .T. ) ;
#975 = DIRECTION ( 'NONE',  ( 0.000000000000000000, -1.000000000000000000, 3.274642926612281180E-15 ) ) ;
#976 = CARTESIAN_POINT ( 'NONE',  ( -2.149999999999999023, 0.3250000000000090039, 3.725000000000005862 ) ) ;
#977 = EDGE_CURVE ( 'NONE', #4258, #109, #4581, .T. ) ;
#978 = EDGE_LOOP ( 'NONE', ( #2883, #4449, #2201, #2906 ) ) ;
#979 = DIRECTION ( 'NONE',  ( -1.000000000000000000, -0.000000000000000000, -0.000000000000000000 ) ) ;
#980 = LINE ( 'NONE', #2994, #3235 ) ;
#981 = DIRECTION ( 'NONE',  ( -1.000000000000000000, -2.710505431213777355E-16, 8.624045791263589697E-31 ) ) ;
#982 = PRESENTATION_STYLE_ASSIGNMENT (( #3786 ) ) ;
#983 = FILL_AREA_STYLE ('',( #3326 ) ) ;
#984 = ORIENTED_EDGE ( 'NONE', *, *, #4939, .F. ) ;
#985 = LINE ( 'NONE', #3456, #518 ) ;
#986 = CYLINDRICAL_SURFACE ( 'NONE', #3478, 0.1499999999999999667 ) ;
#987 = EDGE_CURVE ( 'NONE', #460, #1471, #1749, .T. ) ;
#988 = ORIENTED_EDGE ( 'NONE', *, *, #4537, .T. ) ;
#989 = CARTESIAN_POINT ( 'NONE',  ( -2.200054225992064925E-32, 1.625000000000006661, 3.725000000000001421 ) ) ;
#990 = ORIENTED_EDGE ( 'NONE', *, *, #4455, .F. ) ;
#991 = DIRECTION ( 'NONE',  ( 0.000000000000000000, -1.000000000000000000, 3.274642926612281180E-15 ) ) ;
#992 = VERTEX_POINT ( 'NONE', #522 ) ;
#993 = AXIS2_PLACEMENT_3D ( 'NONE', #4136, #4958, #1833 ) ;
#994 = PLANE ( 'NONE',  #4458 ) ;
#995 = DIRECTION ( 'NONE',  ( -2.710505431213730517E-16, 3.274642926612281180E-15, 1.000000000000000000 ) ) ;
#996 = ORIENTED_EDGE ( 'NONE', *, *, #246, .F. ) ;
#997 = DIRECTION ( 'NONE',  ( 0.000000000000000000, 1.000000000000000000, -3.491483361109382461E-15 ) ) ;
#998 = VECTOR ( 'NONE', #4884, 1000.000000000000000 ) ;
#999 = CARTESIAN_POINT ( 'NONE',  ( -8.400000000000000355, 0.3250000000000090039, 4.425000000000006928 ) ) ;
#1000 = LINE ( 'NONE', #2640, #3849 ) ;
#1001 = CARTESIAN_POINT ( 'NONE',  ( -2.150000000000000799, -0.02499999999999120634, 4.425000000000005151 ) ) ;
#1002 = STYLED_ITEM ( 'NONE', ( #3838 ), #1396 ) ;
#1003 = EDGE_LOOP ( 'NONE', ( #3991, #2455, #4548, #370 ) ) ;
#1004 = AXIS2_PLACEMENT_3D ( 'NONE', #3990, #377, #295 ) ;
#1005 = EDGE_CURVE ( 'NONE', #810, #337, #53, .T. ) ;
#1006 =( LENGTH_UNIT ( ) NAMED_UNIT ( * ) SI_UNIT ( .MILLI., .METRE. ) );
#1007 = CARTESIAN_POINT ( 'NONE',  ( -2.149999999999999023, -0.3249999999999933498, 4.425000000000004263 ) ) ;
#1008 = MECHANICAL_DESIGN_GEOMETRIC_PRESENTATION_REPRESENTATION (  '', ( #3159 ), #1684 ) ;
#1009 = MECHANICAL_DESIGN_GEOMETRIC_PRESENTATION_REPRESENTATION (  '', ( #339 ), #3077 ) ;
#1010 = CARTESIAN_POINT ( 'NONE',  ( -4.850000000000001421, -0.1749999999999944933, 3.425000000000006040 ) ) ;
#1011 = VERTEX_POINT ( 'NONE', #1225 ) ;
#1012 = MECHANICAL_DESIGN_GEOMETRIC_PRESENTATION_REPRESENTATION (  '', ( #1865 ), #4297 ) ;
#1013 = ORIENTED_EDGE ( 'NONE', *, *, #4111, .T. ) ;
#1014 = CARTESIAN_POINT ( 'NONE',  ( -8.599999999999999645, -0.1749999999999966027, 2.775000000000006573 ) ) ;
#1015 = ORIENTED_EDGE ( 'NONE', *, *, #4378, .T. ) ;
#1016 = FILL_AREA_STYLE_COLOUR ( '', #3331 ) ;
#1017 = CARTESIAN_POINT ( 'NONE',  ( -8.599999999999999645, -0.3249999999999911848, 4.425000000000006928 ) ) ;
#1018 = EDGE_LOOP ( 'NONE', ( #5209, #3637, #1329, #4790 ) ) ;
#1019 = ADVANCED_FACE ( 'NONE', ( #107 ), #2099, .F. ) ;
#1020 = ADVANCED_FACE ( 'NONE', ( #3297 ), #1651, .F. ) ;
#1021 = SURFACE_SIDE_STYLE ('',( #3558 ) ) ;
#1022 = DIRECTION ( 'NONE',  ( -0.000000000000000000, 1.000000000000000000, -3.491483361109382461E-15 ) ) ;
#1023 = CARTESIAN_POINT ( 'NONE',  ( -10.24999999999999822, 1.724999999999994094, 0.1249999999999996808 ) ) ;
#1024 = FACE_OUTER_BOUND ( 'NONE', #2705, .T. ) ;
#1025 =( GEOMETRIC_REPRESENTATION_CONTEXT ( 3 ) GLOBAL_UNCERTAINTY_ASSIGNED_CONTEXT ( ( #4768 ) ) GLOBAL_UNIT_ASSIGNED_CONTEXT ( ( #3314, #5313, #2886 ) ) REPRESENTATION_CONTEXT ( 'NONE', 'WORKASPACE' ) );
#1026 = CARTESIAN_POINT ( 'NONE',  ( -5.900000000000000355, 0.05000000000000674738, 3.800000000000005596 ) ) ;
#1027 = EDGE_LOOP ( 'NONE', ( #2859, #3646, #4973, #3937 ) ) ;
#1028 = EDGE_LOOP ( 'NONE', ( #3124, #3330, #341, #2975 ) ) ;
#1029 = AXIS2_PLACEMENT_3D ( 'NONE', #81, #5007, #4091 ) ;
#1030 = VERTEX_POINT ( 'NONE', #2694 ) ;
#1031 = DIRECTION ( 'NONE',  ( 0.000000000000000000, 0.000000000000000000, 1.000000000000000000 ) ) ;
#1032 = LINE ( 'NONE', #2014, #265 ) ;
#1033 = CARTESIAN_POINT ( 'NONE',  ( -8.599999999999999645, 0.3250000000000090039, 4.425000000000005151 ) ) ;
#1034 = PRESENTATION_LAYER_ASSIGNMENT (  '', '', ( #3022 ) ) ;
#1035 = EDGE_CURVE ( 'NONE', #1442, #4981, #674, .T. ) ;
#1036 = FACE_OUTER_BOUND ( 'NONE', #4042, .T. ) ;
#1037 = DIRECTION ( 'NONE',  ( 1.000000000000000000, -8.451290445347238300E-31, -2.420544385083917231E-16 ) ) ;
#1038 = DIRECTION ( 'NONE',  ( -1.000000000000000000, -1.355252715606885966E-16, -2.710505431213726079E-16 ) ) ;
#1039 = VERTEX_POINT ( 'NONE', #4753 ) ;
#1040 =( LENGTH_UNIT ( ) NAMED_UNIT ( * ) SI_UNIT ( .MILLI., .METRE. ) );
#1041 = STYLED_ITEM ( 'NONE', ( #4361 ), #5274 ) ;
#1042 = ORIENTED_EDGE ( 'NONE', *, *, #4062, .T. ) ;
#1043 = FACE_OUTER_BOUND ( 'NONE', #2437, .T. ) ;
#1044 = ORIENTED_EDGE ( 'NONE', *, *, #1561, .T. ) ;
#1045 = LINE ( 'NONE', #4689, #335 ) ;
#1046 = DIRECTION ( 'NONE',  ( 0.000000000000000000, -1.000000000000000000, 3.181711311827809596E-15 ) ) ;
#1047 = VERTEX_POINT ( 'NONE', #732 ) ;
#1048 = CARTESIAN_POINT ( 'NONE',  ( -3.600000000000000533, -0.3249999999999911848, 4.425000000000006040 ) ) ;
#1049 = DIRECTION ( 'NONE',  ( 0.000000000000000000, -1.000000000000000000, 3.324683026880842862E-15 ) ) ;
#1050 = EDGE_CURVE ( 'NONE', #5186, #2107, #3594, .T. ) ;
#1051 = CARTESIAN_POINT ( 'NONE',  ( -10.75000000000000000, 0.4249999999999996003, 3.724999999999993427 ) ) ;
#1052 = VERTEX_POINT ( 'NONE', #1909 ) ;
#1053 = ORIENTED_EDGE ( 'NONE', *, *, #3958, .T. ) ;
#1054 = DIRECTION ( 'NONE',  ( 1.000000000000000000, 0.000000000000000000, 0.000000000000000000 ) ) ;
#1055 = UNCERTAINTY_MEASURE_WITH_UNIT (LENGTH_MEASURE( 1.000000000000000082E-05 ), #4683, 'distance_accuracy_value', 'NONE');
#1056 = DIRECTION ( 'NONE',  ( -0.000000000000000000, 3.181711311827809596E-15, 1.000000000000000000 ) ) ;
#1057 = PLANE ( 'NONE',  #27 ) ;
#1058 = DIRECTION ( 'NONE',  ( 1.000000000000000000, 1.355252715606885966E-16, 2.710505431213726079E-16 ) ) ;
#1059 = DIRECTION ( 'NONE',  ( -1.224606353822377258E-16, -3.491483361109382461E-15, -1.000000000000000000 ) ) ;
#1060 = DIRECTION ( 'NONE',  ( 0.000000000000000000, 1.000000000000000000, -3.491483361109382461E-15 ) ) ;
#1061 = EDGE_CURVE ( 'NONE', #3752, #1304, #2295, .T. ) ;
#1062 = PLANE ( 'NONE',  #4838 ) ;
#1063 = ORIENTED_EDGE ( 'NONE', *, *, #1804, .F. ) ;
#1064 =( NAMED_UNIT ( * ) PLANE_ANGLE_UNIT ( ) SI_UNIT ( $, .RADIAN. ) );
#1065 = COLOUR_RGB ( '',0.9607843137254902244, 0.9607843137254902244, 0.9607843137254902244 ) ;
#1066 = VERTEX_POINT ( 'NONE', #1505 ) ;
#1067 = PLANE ( 'NONE',  #4375 ) ;
#1068 = VERTEX_POINT ( 'NONE', #1356 ) ;
#1069 = VECTOR ( 'NONE', #4168, 1000.000000000000000 ) ;
#1070 = EDGE_CURVE ( 'NONE', #2944, #1772, #2376, .T. ) ;
#1071 = PRESENTATION_STYLE_ASSIGNMENT (( #4401 ) ) ;
#1072 = DIRECTION ( 'NONE',  ( 0.000000000000000000, -1.000000000000000000, -0.000000000000000000 ) ) ;
#1073 = ORIENTED_EDGE ( 'NONE', *, *, #2161, .T. ) ;
#1074 = CARTESIAN_POINT ( 'NONE',  ( -5.899999999999998579, -0.02499999999999117511, 3.800000000000006040 ) ) ;
#1075 = LINE ( 'NONE', #2691, #4706 ) ;
#1076 = VECTOR ( 'NONE', #1698, 1000.000000000000000 ) ;
#1077 = VERTEX_POINT ( 'NONE', #4029 ) ;
#1078 = VERTEX_POINT ( 'NONE', #4251 ) ;
#1079 = EDGE_CURVE ( 'NONE', #5094, #1066, #3434, .T. ) ;
#1080 = LINE ( 'NONE', #3131, #2639 ) ;
#1081 = DIRECTION ( 'NONE',  ( 0.000000000000000000, 3.346923071444648273E-15, 1.000000000000000000 ) ) ;
#1082 = VECTOR ( 'NONE', #3559, 1000.000000000000000 ) ;
#1083 = DIRECTION ( 'NONE',  ( 0.000000000000000000, 0.000000000000000000, -1.000000000000000000 ) ) ;
#1084 = CARTESIAN_POINT ( 'NONE',  ( -2.049999999999998934, -0.1750000000000043188, -0.1249999999999932832 ) ) ;
#1085 = PRESENTATION_STYLE_ASSIGNMENT (( #1433 ) ) ;
#1086 = MECHANICAL_DESIGN_GEOMETRIC_PRESENTATION_REPRESENTATION (  '', ( #3590 ), #3499 ) ;
#1087 = VECTOR ( 'NONE', #3441, 1000.000000000000000 ) ;
#1088 = EDGE_CURVE ( 'NONE', #1626, #4444, #258, .T. ) ;
#1089 = EDGE_CURVE ( 'NONE', #1772, #2471, #1080, .T. ) ;
#1090 = DIRECTION ( 'NONE',  ( -0.000000000000000000, -0.000000000000000000, 1.000000000000000000 ) ) ;
#1091 = AXIS2_PLACEMENT_3D ( 'NONE', #1584, #4481, #2421 ) ;
#1092 = CARTESIAN_POINT ( 'NONE',  ( -9.749999999999998224, 1.274999999999997247, 1.074999999999993516 ) ) ;
#1093 = ORIENTED_EDGE ( 'NONE', *, *, #1491, .F. ) ;
#1094 = CIRCLE ( 'NONE', #1418, 0.07499999999999998335 ) ;
#1095 = ORIENTED_EDGE ( 'NONE', *, *, #3258, .T. ) ;
#1096 = DIRECTION ( 'NONE',  ( 0.000000000000000000, 0.000000000000000000, 1.000000000000000000 ) ) ;
#1097 = AXIS2_PLACEMENT_3D ( 'NONE', #3209, #4853, #1981 ) ;
#1098 = ORIENTED_EDGE ( 'NONE', *, *, #4402, .T. ) ;
#1099 = CARTESIAN_POINT ( 'NONE',  ( -2.149999999999999023, 0.1750000000000062061, 3.575000000000004619 ) ) ;
#1100 = PLANE ( 'NONE',  #2394 ) ;
#1101 = ORIENTED_EDGE ( 'NONE', *, *, #75, .F. ) ;
#1102 = CARTESIAN_POINT ( 'NONE',  ( -1.499999999999999778, 1.274999999999997247, 1.075000000000002620 ) ) ;
#1103 = EDGE_CURVE ( 'NONE', #1330, #4639, #2593, .T. ) ;
#1104 = PLANE ( 'NONE',  #4104 ) ;
#1105 = AXIS2_PLACEMENT_3D ( 'NONE', #1210, #4564, #2858 ) ;
#1106 = DIRECTION ( 'NONE',  ( 1.000000000000000000, 0.000000000000000000, 0.000000000000000000 ) ) ;
#1107 = LINE ( 'NONE', #3189, #4893 ) ;
#1108 = PRESENTATION_LAYER_ASSIGNMENT (  '', '', ( #4474 ) ) ;
#1109 = ORIENTED_EDGE ( 'NONE', *, *, #4879, .F. ) ;
#1110 = ORIENTED_EDGE ( 'NONE', *, *, #2309, .F. ) ;
#1111 = DIRECTION ( 'NONE',  ( 0.000000000000000000, 1.000000000000000000, -0.000000000000000000 ) ) ;
#1112 = CARTESIAN_POINT ( 'NONE',  ( -6.099999999999999645, 0.3250000000000090039, 4.425000000000004263 ) ) ;
#1113 = COLOUR_RGB ( '',0.9607843137254902244, 0.9607843137254902244, 0.9607843137254902244 ) ;
#1114 = CARTESIAN_POINT ( 'NONE',  ( -2.150000000000000799, 0.1750000000000062061, 3.575000000000004619 ) ) ;
#1115 = CARTESIAN_POINT ( 'NONE',  ( 0.000000000000000000, 0.4249999999999982681, 1.725000000000003864 ) ) ;
#1116 = AXIS2_PLACEMENT_3D ( 'NONE', #4976, #3686, #466 ) ;
#1117 = VERTEX_POINT ( 'NONE', #5055 ) ;
#1118 = DIRECTION ( 'NONE',  ( 1.000000000000000000, -0.000000000000000000, -0.000000000000000000 ) ) ;
#1119 =( NAMED_UNIT ( * ) PLANE_ANGLE_UNIT ( ) SI_UNIT ( $, .RADIAN. ) );
#1120 = VECTOR ( 'NONE', #5272, 1000.000000000000000 ) ;
#1121 = CARTESIAN_POINT ( 'NONE',  ( -10.24999999999999822, 3.225000000000002309, 1.774999999999994582 ) ) ;
#1122 = EDGE_CURVE ( 'NONE', #3593, #4293, #577, .T. ) ;
#1123 = CARTESIAN_POINT ( 'NONE',  ( 0.000000000000000000, 3.875000000000007105, 3.724999999999993427 ) ) ;
#1124 = DIRECTION ( 'NONE',  ( -1.355252715606877091E-16, 1.000000000000000000, -3.274642926612281180E-15 ) ) ;
#1125 = AXIS2_PLACEMENT_3D ( 'NONE', #1033, #2675, #2760 ) ;
#1126 = ORIENTED_EDGE ( 'NONE', *, *, #4007, .T. ) ;
#1127 = CYLINDRICAL_SURFACE ( 'NONE', #3666, 0.1499999999999999667 ) ;
#1128 =( NAMED_UNIT ( * ) PLANE_ANGLE_UNIT ( ) SI_UNIT ( $, .RADIAN. ) );
#1129 = ADVANCED_FACE ( 'NONE', ( #755 ), #3009, .F. ) ;
#1130 = CYLINDRICAL_SURFACE ( 'NONE', #612, 0.07499999999999998335 ) ;
#1131 = VERTEX_POINT ( 'NONE', #1535 ) ;
#1132 = VERTEX_POINT ( 'NONE', #2186 ) ;
#1133 = CARTESIAN_POINT ( 'NONE',  ( -0.3000000000000004885, 1.724999999999994094, 0.1250000000000007494 ) ) ;
#1134 = CARTESIAN_POINT ( 'NONE',  ( -2.150000000000000799, 0.3250000000000066169, 3.725000000000004530 ) ) ;
#1135 = ORIENTED_EDGE ( 'NONE', *, *, #4488, .F. ) ;
#1136 = CARTESIAN_POINT ( 'NONE',  ( -2.149999999999999023, -0.1749999999999944933, 3.425000000000004707 ) ) ;
#1137 = CARTESIAN_POINT ( 'NONE',  ( -2.349999999999999645, 0.3250000000000033973, 2.775000000000004352 ) ) ;
#1138 = DIRECTION ( 'NONE',  ( 0.000000000000000000, 0.000000000000000000, -1.000000000000000000 ) ) ;
#1139 = CARTESIAN_POINT ( 'NONE',  ( -10.75000000000000000, 1.724999999999992761, -0.5250000000000000222 ) ) ;
#1140 = ORIENTED_EDGE ( 'NONE', *, *, #3258, .F. ) ;
#1141 = DIRECTION ( 'NONE',  ( -0.000000000000000000, -0.000000000000000000, -1.000000000000000000 ) ) ;
#1142 = DIRECTION ( 'NONE',  ( 0.000000000000000000, 0.000000000000000000, 1.000000000000000000 ) ) ;
#1143 = DIRECTION ( 'NONE',  ( 1.000000000000000000, -0.000000000000000000, 0.000000000000000000 ) ) ;
#1144 = LINE ( 'NONE', #3632, #2453 ) ;
#1145 = VERTEX_POINT ( 'NONE', #1136 ) ;
#1146 = EDGE_CURVE ( 'NONE', #1068, #469, #3847, .T. ) ;
#1147 = SURFACE_STYLE_FILL_AREA ( #360 ) ;
#1148 = CARTESIAN_POINT ( 'NONE',  ( -5.899999999999998579, -0.1749999999999939659, 3.575000000000005951 ) ) ;
#1149 = FACE_OUTER_BOUND ( 'NONE', #2834, .T. ) ;
#1150 = ORIENTED_EDGE ( 'NONE', *, *, #374, .F. ) ;
#1151 =( NAMED_UNIT ( * ) PLANE_ANGLE_UNIT ( ) SI_UNIT ( $, .RADIAN. ) );
#1152 = EDGE_CURVE ( 'NONE', #1052, #5186, #2757, .T. ) ;
#1153 = CARTESIAN_POINT ( 'NONE',  ( -8.400000000000000355, -0.07499999999999552858, 4.425000000000005151 ) ) ;
#1154 = EDGE_LOOP ( 'NONE', ( #52, #4670, #328, #4329 ) ) ;
#1155 = DIRECTION ( 'NONE',  ( 1.000000000000000000, -0.000000000000000000, 0.000000000000000000 ) ) ;
#1156 = VECTOR ( 'NONE', #3070, 1000.000000000000000 ) ;
#1157 =( LENGTH_UNIT ( ) NAMED_UNIT ( * ) SI_UNIT ( .MILLI., .METRE. ) );
#1158 = EDGE_CURVE ( 'NONE', #3119, #1471, #5133, .T. ) ;
#1159 = COLOUR_RGB ( '',0.9607843137254902244, 0.9607843137254902244, 0.9607843137254902244 ) ;
#1160 = ORIENTED_EDGE ( 'NONE', *, *, #749, .T. ) ;
#1161 = CARTESIAN_POINT ( 'NONE',  ( -0.5000000000000000000, 3.875000000000003553, 1.774999999999992584 ) ) ;
#1162 = FILL_AREA_STYLE ('',( #5252 ) ) ;
#1163 = CARTESIAN_POINT ( 'NONE',  ( -8.400000000000000355, -0.3249999999999917399, 4.425000000000006928 ) ) ;
#1164 = AXIS2_PLACEMENT_3D ( 'NONE', #3586, #4767, #4324 ) ;
#1165 = VERTEX_POINT ( 'NONE', #285 ) ;
#1166 = CARTESIAN_POINT ( 'NONE',  ( -4.850000000000001421, -0.3249999999999911848, 4.425000000000006928 ) ) ;
#1167 = VERTEX_POINT ( 'NONE', #4384 ) ;
#1168 = MECHANICAL_DESIGN_GEOMETRIC_PRESENTATION_REPRESENTATION (  '', ( #67 ), #413 ) ;
#1169 = VECTOR ( 'NONE', #1551, 1000.000000000000000 ) ;
#1170 = PLANE ( 'NONE',  #543 ) ;
#1171 = CARTESIAN_POINT ( 'NONE',  ( 0.000000000000000000, 1.724999999999991873, -0.5250000000000006883 ) ) ;
#1172 = LINE ( 'NONE', #1203, #3612 ) ;
#1173 = VECTOR ( 'NONE', #4764, 1000.000000000000000 ) ;
#1174 = VERTEX_POINT ( 'NONE', #1383 ) ;
#1175 = CARTESIAN_POINT ( 'NONE',  ( -3.399999999999999467, -0.3249999999999933498, 4.425000000000004263 ) ) ;
#1176 = STYLED_ITEM ( 'NONE', ( #1381 ), #2406 ) ;
#1177 = DIRECTION ( 'NONE',  ( 1.000000000000000000, 0.000000000000000000, 0.000000000000000000 ) ) ;
#1178 = EDGE_CURVE ( 'NONE', #1167, #3142, #4412, .T. ) ;
#1179 = EDGE_CURVE ( 'NONE', #259, #4552, #2783, .T. ) ;
#1180 = ORIENTED_EDGE ( 'NONE', *, *, #1583, .T. ) ;
#1181 = VECTOR ( 'NONE', #282, 1000.000000000000000 ) ;
#1182 = CARTESIAN_POINT ( 'NONE',  ( -10.24999999999999822, 0.4249999999999996558, 1.675000000000005818 ) ) ;
#1183 = CARTESIAN_POINT ( 'NONE',  ( -5.899999999999998579, 0.3250000000000060063, 3.525000000000004796 ) ) ;
#1184 = DIRECTION ( 'NONE',  ( 0.000000000000000000, 1.000000000000000000, -3.274642926612281180E-15 ) ) ;
#1185 = AXIS2_PLACEMENT_3D ( 'NONE', #1640, #4911, #1585 ) ;
#1186 = CARTESIAN_POINT ( 'NONE',  ( -2.149999999999999023, 0.3250000000000066169, 3.575000000000004174 ) ) ;
#1187 = EDGE_CURVE ( 'NONE', #4105, #1970, #1094, .T. ) ;
#1188 = VECTOR ( 'NONE', #169, 1000.000000000000000 ) ;
#1189 = ORIENTED_EDGE ( 'NONE', *, *, #3860, .F. ) ;
#1190 = CARTESIAN_POINT ( 'NONE',  ( -3.399999999999999467, -0.07499999999999329425, 3.425000000000005151 ) ) ;
#1191 = DIRECTION ( 'NONE',  ( 1.000000000000000000, 0.000000000000000000, 0.000000000000000000 ) ) ;
#1192 = CARTESIAN_POINT ( 'NONE',  ( -8.699999999999999289, 3.874999999999996003, -0.1250000000000078548 ) ) ;
#1193 = CARTESIAN_POINT ( 'NONE',  ( -10.75000000000000000, 0.3250000000000058398, 3.525000000000004796 ) ) ;
#1194 = EDGE_CURVE ( 'NONE', #1280, #498, #1990, .T. ) ;
#1195 = EDGE_LOOP ( 'NONE', ( #1652, #1394, #4199, #1852 ) ) ;
#1196 = CARTESIAN_POINT ( 'NONE',  ( -10.24999999999999822, 0.4249999999999997113, 1.725000000000003864 ) ) ;
#1197 = ORIENTED_EDGE ( 'NONE', *, *, #2460, .T. ) ;
#1198 = FACE_OUTER_BOUND ( 'NONE', #8, .T. ) ;
#1199 =( GEOMETRIC_REPRESENTATION_CONTEXT ( 3 ) GLOBAL_UNCERTAINTY_ASSIGNED_CONTEXT ( ( #4303 ) ) GLOBAL_UNIT_ASSIGNED_CONTEXT ( ( #3432, #3905, #2272 ) ) REPRESENTATION_CONTEXT ( 'NONE', 'WORKASPACE' ) );
#1200 = PRESENTATION_LAYER_ASSIGNMENT (  '', '', ( #3528 ) ) ;
#1201 = LINE ( 'NONE', #2131, #958 ) ;
#1202 = CARTESIAN_POINT ( 'NONE',  ( -0.5000000000000000000, 3.874999999999999556, 1.774999999999992584 ) ) ;
#1203 = CARTESIAN_POINT ( 'NONE',  ( -10.24999999999999822, 3.225000000000004974, 3.124999999999995115 ) ) ;
#1204 = AXIS2_PLACEMENT_3D ( 'NONE', #3760, #4114, #2506 ) ;
#1205 = ORIENTED_EDGE ( 'NONE', *, *, #3546, .F. ) ;
#1206 = DIRECTION ( 'NONE',  ( 1.000000000000000000, 0.000000000000000000, 0.000000000000000000 ) ) ;
#1207 = ORIENTED_EDGE ( 'NONE', *, *, #2126, .F. ) ;
#1208 =( GEOMETRIC_REPRESENTATION_CONTEXT ( 3 ) GLOBAL_UNCERTAINTY_ASSIGNED_CONTEXT ( ( #1648 ) ) GLOBAL_UNIT_ASSIGNED_CONTEXT ( ( #4758, #292, #3930 ) ) REPRESENTATION_CONTEXT ( 'NONE', 'WORKASPACE' ) );
#1209 = FACE_OUTER_BOUND ( 'NONE', #1908, .T. ) ;
#1210 = CARTESIAN_POINT ( 'NONE',  ( -3.600000000000000533, 0.05000000000000669187, 3.800000000000005596 ) ) ;
#1211 = ORIENTED_EDGE ( 'NONE', *, *, #2916, .T. ) ;
#1212 = CARTESIAN_POINT ( 'NONE',  ( -2.350000000000000089, -0.07499999999999434896, 2.775000000000005240 ) ) ;
#1213 = ADVANCED_FACE ( 'NONE', ( #390 ), #3727, .F. ) ;
#1214 = DIRECTION ( 'NONE',  ( 0.000000000000000000, 0.000000000000000000, -1.000000000000000000 ) ) ;
#1215 = PLANE ( 'NONE',  #63 ) ;
#1216 = PRESENTATION_STYLE_ASSIGNMENT (( #4813 ) ) ;
#1217 = ORIENTED_EDGE ( 'NONE', *, *, #4978, .T. ) ;
#1218 = CARTESIAN_POINT ( 'NONE',  ( -3.399999999999999467, -0.02499999999999117511, 3.800000000000006040 ) ) ;
#1219 = ADVANCED_FACE ( 'NONE', ( #2043 ), #1563, .T. ) ;
#1220 = EDGE_CURVE ( 'NONE', #1409, #1442, #3643, .T. ) ;
#1221 = DIRECTION ( 'NONE',  ( -1.000000000000000000, 0.000000000000000000, -0.000000000000000000 ) ) ;
#1222 =( NAMED_UNIT ( * ) PLANE_ANGLE_UNIT ( ) SI_UNIT ( $, .RADIAN. ) );
#1223 = ORIENTED_EDGE ( 'NONE', *, *, #5229, .F. ) ;
#1224 = VERTEX_POINT ( 'NONE', #2013 ) ;
#1225 = CARTESIAN_POINT ( 'NONE',  ( -2.349999999999999645, -0.1749999999999944933, 3.425000000000005596 ) ) ;
#1226 = EDGE_LOOP ( 'NONE', ( #1361, #4464, #4800, #4998, #47, #279, #457, #862, #3681, #673, #5100, #1469, #5064 ) ) ;
#1227 = EDGE_CURVE ( 'NONE', #1117, #5271, #850, .T. ) ;
#1228 = SURFACE_STYLE_FILL_AREA ( #3277 ) ;
#1229 = DIRECTION ( 'NONE',  ( 0.000000000000000000, -1.000000000000000000, 3.181711311827809596E-15 ) ) ;
#1230 = LINE ( 'NONE', #1259, #2833 ) ;
#1231 = EDGE_LOOP ( 'NONE', ( #3453, #4015, #813, #1140 ) ) ;
#1232 = CARTESIAN_POINT ( 'NONE',  ( -4.850000000000001421, 0.3250000000000060618, 4.425000000000004263 ) ) ;
#1233 = ORIENTED_EDGE ( 'NONE', *, *, #2894, .F. ) ;
#1234 = EDGE_CURVE ( 'NONE', #3651, #2153, #42, .T. ) ;
#1235 = DIRECTION ( 'NONE',  ( 0.000000000000000000, 0.000000000000000000, 1.000000000000000000 ) ) ;
#1236 = DIRECTION ( 'NONE',  ( 0.000000000000000000, 3.346923071444648273E-15, 1.000000000000000000 ) ) ;
#1237 = VERTEX_POINT ( 'NONE', #1182 ) ;
#1238 = VECTOR ( 'NONE', #3299, 1000.000000000000000 ) ;
#1239 = CARTESIAN_POINT ( 'NONE',  ( -10.75000000000000000, 0.4249999999999956035, 0.1250000000000040801 ) ) ;
#1240 = SURFACE_STYLE_FILL_AREA ( #4459 ) ;
#1241 = CARTESIAN_POINT ( 'NONE',  ( -7.350000000000001421, -0.07499999999999354405, 3.350000000000006306 ) ) ;
#1242 = VECTOR ( 'NONE', #954, 1000.000000000000000 ) ;
#1243 = PRESENTATION_STYLE_ASSIGNMENT (( #4571 ) ) ;
#1244 = EDGE_CURVE ( 'NONE', #3142, #1174, #366, .T. ) ;
#1245 = VERTEX_POINT ( 'NONE', #2835 ) ;
#1246 = PRESENTATION_STYLE_ASSIGNMENT (( #1301 ) ) ;
#1247 = DIRECTION ( 'NONE',  ( 1.000000000000000000, -0.000000000000000000, -0.000000000000000000 ) ) ;
#1248 = EDGE_CURVE ( 'NONE', #2345, #4967, #4486, .T. ) ;
#1249 = VERTEX_POINT ( 'NONE', #3237 ) ;
#1250 = EDGE_CURVE ( 'NONE', #2191, #4207, #3287, .T. ) ;
#1251 = VECTOR ( 'NONE', #4860, 1000.000000000000000 ) ;
#1252 = ORIENTED_EDGE ( 'NONE', *, *, #3055, .F. ) ;
#1253 = SURFACE_STYLE_FILL_AREA ( #915 ) ;
#1254 = VERTEX_POINT ( 'NONE', #4138 ) ;
#1255 = SURFACE_SIDE_STYLE ('',( #4151 ) ) ;
#1256 = LINE ( 'NONE', #493, #2481 ) ;
#1257 = AXIS2_PLACEMENT_3D ( 'NONE', #4874, #2824, #4472 ) ;
#1258 = FILL_AREA_STYLE ('',( #3005 ) ) ;
#1259 = CARTESIAN_POINT ( 'NONE',  ( -3.600000000000000533, 0.3250000000000090039, 3.425000000000006040 ) ) ;
#1260 = EDGE_LOOP ( 'NONE', ( #432, #2535, #1898, #5218 ) ) ;
#1261 = PLANE ( 'NONE',  #2726 ) ;
#1262 = ORIENTED_EDGE ( 'NONE', *, *, #1050, .F. ) ;
#1263 = COLOUR_RGB ( '',0.9607843137254902244, 0.9607843137254902244, 0.9607843137254902244 ) ;
#1264 = LINE ( 'NONE', #340, #4626 ) ;
#1265 = DIRECTION ( 'NONE',  ( 0.000000000000000000, -3.423720725329038039E-15, -1.000000000000000000 ) ) ;
#1266 = VECTOR ( 'NONE', #1683, 1000.000000000000000 ) ;
#1267 = STYLED_ITEM ( 'NONE', ( #4849 ), #965 ) ;
#1268 = EDGE_CURVE ( 'NONE', #4293, #5091, #1588, .T. ) ;
#1269 = ORIENTED_EDGE ( 'NONE', *, *, #912, .T. ) ;
#1270 = PRESENTATION_STYLE_ASSIGNMENT (( #1686 ) ) ;
#1271 = CARTESIAN_POINT ( 'NONE',  ( -10.75000000000000000, 0.3250000000000059508, 3.525000000000004796 ) ) ;
#1272 = UNCERTAINTY_MEASURE_WITH_UNIT (LENGTH_MEASURE( 1.000000000000000082E-05 ), #3915, 'distance_accuracy_value', 'NONE');
#1273 = DIRECTION ( 'NONE',  ( -1.000000000000000000, 0.000000000000000000, 0.000000000000000000 ) ) ;
#1274 = COLOUR_RGB ( '',0.9607843137254902244, 0.9607843137254902244, 0.9607843137254902244 ) ;
#1275 = VECTOR ( 'NONE', #223, 1000.000000000000000 ) ;
#1276 = SURFACE_STYLE_USAGE ( .BOTH. , #430 ) ;
#1277 = CARTESIAN_POINT ( 'NONE',  ( -10.75000000000000000, 0.3250000000000059508, 3.525000000000004796 ) ) ;
#1278 = STYLED_ITEM ( 'NONE', ( #4735 ), #3576 ) ;
#1279 = ORIENTED_EDGE ( 'NONE', *, *, #3766, .F. ) ;
#1280 = VERTEX_POINT ( 'NONE', #1239 ) ;
#1281 = CARTESIAN_POINT ( 'NONE',  ( -10.75000000000000000, 0.3250000000000033418, 2.775000000000004796 ) ) ;
#1282 = DIRECTION ( 'NONE',  ( 1.000000000000000000, 0.000000000000000000, 0.000000000000000000 ) ) ;
#1283 = EDGE_CURVE ( 'NONE', #2419, #4698, #2884, .T. ) ;
#1284 = VECTOR ( 'NONE', #1214, 1000.000000000000000 ) ;
#1285 = LINE ( 'NONE', #2189, #4984 ) ;
#1286 = ORIENTED_EDGE ( 'NONE', *, *, #2568, .F. ) ;
#1287 = CARTESIAN_POINT ( 'NONE',  ( -10.24999999999999822, 1.724999999999991873, -0.5250000000000006883 ) ) ;
#1288 = AXIS2_PLACEMENT_3D ( 'NONE', #2149, #2914, #4567 ) ;
#1289 = ORIENTED_EDGE ( 'NONE', *, *, #5275, .T. ) ;
#1290 = EDGE_CURVE ( 'NONE', #2345, #3353, #800, .T. ) ;
#1291 = DIRECTION ( 'NONE',  ( -1.000000000000000000, 0.000000000000000000, 0.000000000000000000 ) ) ;
#1292 = FACE_OUTER_BOUND ( 'NONE', #4330, .T. ) ;
#1293 = VERTEX_POINT ( 'NONE', #878 ) ;
#1294 =( NAMED_UNIT ( * ) PLANE_ANGLE_UNIT ( ) SI_UNIT ( $, .RADIAN. ) );
#1295 =( NAMED_UNIT ( * ) SI_UNIT ( $, .STERADIAN. ) SOLID_ANGLE_UNIT ( ) );
#1296 = AXIS2_PLACEMENT_3D ( 'NONE', #634, #4707, #3959 ) ;
#1297 = PRESENTATION_STYLE_ASSIGNMENT (( #1373 ) ) ;
#1298 = EDGE_CURVE ( 'NONE', #565, #561, #1615, .T. ) ;
#1299 = CARTESIAN_POINT ( 'NONE',  ( 3.591419547372538448E-32, 1.724999999999991873, -0.5250000000000043521 ) ) ;
#1300 = VECTOR ( 'NONE', #1746, 1000.000000000000000 ) ;
#1301 = SURFACE_STYLE_USAGE ( .BOTH. , #3734 ) ;
#1302 = SURFACE_STYLE_FILL_AREA ( #4894 ) ;
#1303 = FACE_OUTER_BOUND ( 'NONE', #2240, .T. ) ;
#1304 = VERTEX_POINT ( 'NONE', #1212 ) ;
#1305 = FILL_AREA_STYLE_COLOUR ( '', #2190 ) ;
#1306 = VERTEX_POINT ( 'NONE', #2860 ) ;
#1307 = CARTESIAN_POINT ( 'NONE',  ( -2.349999999999999201, -0.3249999999999939604, 3.575000000000005507 ) ) ;
#1308 = CARTESIAN_POINT ( 'NONE',  ( -6.099999999999999645, 0.3250000000000060618, 3.575000000000004619 ) ) ;
#1309 = CARTESIAN_POINT ( 'NONE',  ( -10.24999999999999822, 1.724999999999994094, 0.1250000000000014155 ) ) ;
#1310 = ORIENTED_EDGE ( 'NONE', *, *, #3831, .F. ) ;
#1311 = EDGE_CURVE ( 'NONE', #3851, #1709, #2501, .T. ) ;
#1312 = ORIENTED_EDGE ( 'NONE', *, *, #3860, .T. ) ;
#1313 = DIRECTION ( 'NONE',  ( -1.000000000000000000, 0.000000000000000000, 0.000000000000000000 ) ) ;
#1314 = DIRECTION ( 'NONE',  ( 1.000000000000000000, 0.000000000000000000, 0.000000000000000000 ) ) ;
#1315 = ORIENTED_EDGE ( 'NONE', *, *, #5013, .F. ) ;
#1316 = EDGE_CURVE ( 'NONE', #3119, #1682, #4541, .T. ) ;
#1317 = EDGE_CURVE ( 'NONE', #4391, #5144, #4647, .T. ) ;
#1318 = CARTESIAN_POINT ( 'NONE',  ( -4.649999999999999467, 0.3250000000000060063, 3.525000000000004796 ) ) ;
#1319 =( NAMED_UNIT ( * ) PLANE_ANGLE_UNIT ( ) SI_UNIT ( $, .RADIAN. ) );
#1320 = UNCERTAINTY_MEASURE_WITH_UNIT (LENGTH_MEASURE( 1.000000000000000082E-05 ), #2062, 'distance_accuracy_value', 'NONE');
#1321 = DIRECTION ( 'NONE',  ( -1.000000000000000000, -0.000000000000000000, -0.000000000000000000 ) ) ;
#1322 = DIRECTION ( 'NONE',  ( 1.000000000000000000, 1.355252715606885966E-16, 2.710505431213726079E-16 ) ) ;
#1323 = ORIENTED_EDGE ( 'NONE', *, *, #5242, .F. ) ;
#1324 = AXIS2_PLACEMENT_3D ( 'NONE', #1595, #886, #4575 ) ;
#1325 = LINE ( 'NONE', #3819, #99 ) ;
#1326 =( NAMED_UNIT ( * ) PLANE_ANGLE_UNIT ( ) SI_UNIT ( $, .RADIAN. ) );
#1327 = VECTOR ( 'NONE', #2259, 1000.000000000000000 ) ;
#1328 = EDGE_CURVE ( 'NONE', #3914, #884, #1371, .T. ) ;
#1329 = ORIENTED_EDGE ( 'NONE', *, *, #3883, .T. ) ;
#1330 = VERTEX_POINT ( 'NONE', #2553 ) ;
#1331 =( NAMED_UNIT ( * ) PLANE_ANGLE_UNIT ( ) SI_UNIT ( $, .RADIAN. ) );
#1332 = CARTESIAN_POINT ( 'NONE',  ( -10.75000000000000000, 3.875000000000007105, 3.724999999999993427 ) ) ;
#1333 = CARTESIAN_POINT ( 'NONE',  ( -4.649999999999999467, 0.1750000000000067057, 3.725000000000005862 ) ) ;
#1334 = ORIENTED_EDGE ( 'NONE', *, *, #5082, .T. ) ;
#1335 = PLANE ( 'NONE',  #1696 ) ;
#1336 = ORIENTED_EDGE ( 'NONE', *, *, #2355, .F. ) ;
#1337 = ORIENTED_EDGE ( 'NONE', *, *, #1743, .T. ) ;
#1338 = CARTESIAN_POINT ( 'NONE',  ( -5.899999999999998579, -0.3249999999999917399, 4.425000000000006928 ) ) ;
#1339 = FACE_OUTER_BOUND ( 'NONE', #4097, .T. ) ;
#1340 = PRESENTATION_LAYER_ASSIGNMENT (  '', '', ( #3590 ) ) ;
#1341 = PLANE ( 'NONE',  #4266 ) ;
#1342 = VERTEX_POINT ( 'NONE', #3784 ) ;
#1343 = LINE ( 'NONE', #4990, #3574 ) ;
#1344 = VECTOR ( 'NONE', #4715, 1000.000000000000000 ) ;
#1345 = AXIS2_PLACEMENT_3D ( 'NONE', #1166, #1124, #4041 ) ;
#1346 = EDGE_CURVE ( 'NONE', #1471, #4105, #903, .T. ) ;
#1347 = EDGE_CURVE ( 'NONE', #3851, #1951, #980, .T. ) ;
#1348 = LINE ( 'NONE', #2529, #3778 ) ;
#1349 = AXIS2_PLACEMENT_3D ( 'NONE', #3599, #5247, #2810 ) ;
#1350 = VERTEX_POINT ( 'NONE', #2092 ) ;
#1351 = CARTESIAN_POINT ( 'NONE',  ( -8.400000000000000355, -0.1749999999999939937, 3.575000000000006395 ) ) ;
#1352 = CARTESIAN_POINT ( 'NONE',  ( -0.5000000000000000000, 3.875000000000007105, 3.724999999999994760 ) ) ;
#1353 =( GEOMETRIC_REPRESENTATION_CONTEXT ( 3 ) GLOBAL_UNCERTAINTY_ASSIGNED_CONTEXT ( ( #3474 ) ) GLOBAL_UNIT_ASSIGNED_CONTEXT ( ( #2781, #3920, #4380 ) ) REPRESENTATION_CONTEXT ( 'NONE', 'WORKASPACE' ) );
#1354 = LINE ( 'NONE', #4679, #1950 ) ;
#1355 = SURFACE_STYLE_USAGE ( .BOTH. , #4656 ) ;
#1356 = CARTESIAN_POINT ( 'NONE',  ( -5.899999999999998579, 0.05000000000000652534, 3.725000000000005862 ) ) ;
#1357 = ORIENTED_EDGE ( 'NONE', *, *, #1944, .F. ) ;
#1358 = FACE_OUTER_BOUND ( 'NONE', #3413, .T. ) ;
#1359 = CARTESIAN_POINT ( 'NONE',  ( -8.599999999999999645, 0.1750000000000062061, 3.575000000000005507 ) ) ;
#1360 = EDGE_CURVE ( 'NONE', #624, #2307, #3810, .T. ) ;
#1361 = ORIENTED_EDGE ( 'NONE', *, *, #1360, .F. ) ;
#1362 = LINE ( 'NONE', #137, #4902 ) ;
#1363 = MECHANICAL_DESIGN_GEOMETRIC_PRESENTATION_REPRESENTATION (  '', ( #530 ), #617 ) ;
#1364 = ORIENTED_EDGE ( 'NONE', *, *, #3691, .T. ) ;
#1365 = ORIENTED_EDGE ( 'NONE', *, *, #1695, .F. ) ;
#1366 = DIRECTION ( 'NONE',  ( -1.000000000000000000, 0.000000000000000000, 0.000000000000000000 ) ) ;
#1367 = LINE ( 'NONE', #4211, #5155 ) ;
#1368 = VECTOR ( 'NONE', #314, 1000.000000000000000 ) ;
#1369 = ORIENTED_EDGE ( 'NONE', *, *, #92, .F. ) ;
#1370 = FACE_OUTER_BOUND ( 'NONE', #2923, .T. ) ;
#1371 = LINE ( 'NONE', #3418, #3404 ) ;
#1372 = UNCERTAINTY_MEASURE_WITH_UNIT (LENGTH_MEASURE( 1.000000000000000082E-05 ), #3926, 'distance_accuracy_value', 'NONE');
#1373 = SURFACE_STYLE_USAGE ( .BOTH. , #2585 ) ;
#1374 = CARTESIAN_POINT ( 'NONE',  ( -2.349999999999999645, -0.02499999999999181349, 4.425000000000005151 ) ) ;
#1375 = LINE ( 'NONE', #621, #2039 ) ;
#1376 = VECTOR ( 'NONE', #4655, 1000.000000000000000 ) ;
#1377 = VERTEX_POINT ( 'NONE', #121 ) ;
#1378 = EDGE_CURVE ( 'NONE', #3135, #3726, #2607, .T. ) ;
#1379 = DIRECTION ( 'NONE',  ( -0.000000000000000000, -0.000000000000000000, -1.000000000000000000 ) ) ;
#1380 = MECHANICAL_DESIGN_GEOMETRIC_PRESENTATION_REPRESENTATION (  '', ( #3448 ), #3623 ) ;
#1381 = PRESENTATION_STYLE_ASSIGNMENT (( #3084 ) ) ;
#1382 = EDGE_CURVE ( 'NONE', #4342, #1350, #3754, .T. ) ;
#1383 = CARTESIAN_POINT ( 'NONE',  ( -4.850000000000001421, 0.3250000000000060063, 3.525000000000004796 ) ) ;
#1384 = EDGE_CURVE ( 'NONE', #1756, #3536, #1687, .T. ) ;
#1385 = LINE ( 'NONE', #4203, #3275 ) ;
#1386 = ORIENTED_EDGE ( 'NONE', *, *, #5013, .T. ) ;
#1387 = CARTESIAN_POINT ( 'NONE',  ( -7.150000000000000355, -0.02499999999999118205, 4.425000000000006040 ) ) ;
#1388 = ORIENTED_EDGE ( 'NONE', *, *, #3712, .T. ) ;
#1389 =( NAMED_UNIT ( * ) PLANE_ANGLE_UNIT ( ) SI_UNIT ( $, .RADIAN. ) );
#1390 = EDGE_CURVE ( 'NONE', #1599, #1636, #2963, .T. ) ;
#1391 = ORIENTED_EDGE ( 'NONE', *, *, #4883, .F. ) ;
#1392 = CARTESIAN_POINT ( 'NONE',  ( -4.850000000000002309, -0.07499999999999434896, 2.775000000000005684 ) ) ;
#1393 = LINE ( 'NONE', #91, #2216 ) ;
#1394 = ORIENTED_EDGE ( 'NONE', *, *, #5229, .T. ) ;
#1395 =( NAMED_UNIT ( * ) SI_UNIT ( $, .STERADIAN. ) SOLID_ANGLE_UNIT ( ) );
#1396 = ADVANCED_FACE ( 'NONE', ( #4692 ), #3345, .T. ) ;
#1397 = CARTESIAN_POINT ( 'NONE',  ( -2.150000000000000799, 0.05000000000000652534, 3.725000000000005418 ) ) ;
#1398 = CARTESIAN_POINT ( 'NONE',  ( -2.149999999999999023, 0.3250000000000066169, 4.425000000000004263 ) ) ;
#1399 = DIRECTION ( 'NONE',  ( 0.000000000000000000, 0.000000000000000000, -1.000000000000000000 ) ) ;
#1400 = LINE ( 'NONE', #3451, #3251 ) ;
#1401 = ORIENTED_EDGE ( 'NONE', *, *, #3934, .F. ) ;
#1402 = ORIENTED_EDGE ( 'NONE', *, *, #815, .F. ) ;
#1403 = CARTESIAN_POINT ( 'NONE',  ( -0.9999999999999997780, 3.874999999999997335, 1.074999999999995737 ) ) ;
#1404 = DIRECTION ( 'NONE',  ( -1.000000000000000000, 0.000000000000000000, 0.000000000000000000 ) ) ;
#1405 = EDGE_CURVE ( 'NONE', #94, #4207, #3917, .T. ) ;
#1406 =( NAMED_UNIT ( * ) PLANE_ANGLE_UNIT ( ) SI_UNIT ( $, .RADIAN. ) );
#1407 = FILL_AREA_STYLE_COLOUR ( '', #2140 ) ;
#1408 = CARTESIAN_POINT ( 'NONE',  ( 0.000000000000000000, -0.1750000000000005163, 1.725000000000004974 ) ) ;
#1409 = VERTEX_POINT ( 'NONE', #1133 ) ;
#1410 = EDGE_CURVE ( 'NONE', #284, #1237, #4349, .T. ) ;
#1411 = SURFACE_SIDE_STYLE ('',( #4788 ) ) ;
#1412 = VERTEX_POINT ( 'NONE', #4802 ) ;
#1413 = CARTESIAN_POINT ( 'NONE',  ( -4.649999999999999467, -0.07499999999999544531, 2.775000000000005240 ) ) ;
#1414 = ORIENTED_EDGE ( 'NONE', *, *, #162, .T. ) ;
#1415 = CARTESIAN_POINT ( 'NONE',  ( -3.149999999999999023, 3.074999999999997069, 0.8749999999999942268 ) ) ;
#1416 = CARTESIAN_POINT ( 'NONE',  ( -3.399999999999999467, -0.07499999999999329425, 3.425000000000005151 ) ) ;
#1417 = ORIENTED_EDGE ( 'NONE', *, *, #1298, .F. ) ;
#1418 = AXIS2_PLACEMENT_3D ( 'NONE', #4078, #5268, #2473 ) ;
#1419 = CARTESIAN_POINT ( 'NONE',  ( -0.9999999999999991118, 1.275000000000004352, 3.125000000000002220 ) ) ;
#1420 = UNCERTAINTY_MEASURE_WITH_UNIT (LENGTH_MEASURE( 1.000000000000000082E-05 ), #2391, 'distance_accuracy_value', 'NONE');
#1421 = LINE ( 'NONE', #4693, #5167 ) ;
#1422 = DIRECTION ( 'NONE',  ( 0.000000000000000000, 0.000000000000000000, 1.000000000000000000 ) ) ;
#1423 = ADVANCED_FACE ( 'NONE', ( #3071 ), #1104, .F. ) ;
#1424 = SURFACE_SIDE_STYLE ('',( #204 ) ) ;
#1425 = MECHANICAL_DESIGN_GEOMETRIC_PRESENTATION_REPRESENTATION (  '', ( #3932 ), #3149 ) ;
#1426 = ORIENTED_EDGE ( 'NONE', *, *, #3114, .T. ) ;
#1427 = EDGE_LOOP ( 'NONE', ( #3464, #1562, #2854, #4637 ) ) ;
#1428 = AXIS2_PLACEMENT_3D ( 'NONE', #2905, #3775, #1730 ) ;
#1429 = LINE ( 'NONE', #2212, #1496 ) ;
#1430 = CARTESIAN_POINT ( 'NONE',  ( -3.600000000000000977, -0.1749999999999966027, 2.775000000000006573 ) ) ;
#1431 = DIRECTION ( 'NONE',  ( 0.000000000000000000, -1.000000000000000000, -0.000000000000000000 ) ) ;
#1432 = DIRECTION ( 'NONE',  ( 0.000000000000000000, 3.346923071444648273E-15, 1.000000000000000000 ) ) ;
#1433 = SURFACE_STYLE_USAGE ( .BOTH. , #5136 ) ;
#1434 = VECTOR ( 'NONE', #3719, 1000.000000000000000 ) ;
#1435 = ORIENTED_EDGE ( 'NONE', *, *, #1786, .F. ) ;
#1436 = FILL_AREA_STYLE ('',( #3115 ) ) ;
#1437 = VECTOR ( 'NONE', #158, 1000.000000000000000 ) ;
#1438 = VERTEX_POINT ( 'NONE', #5181 ) ;
#1439 = CARTESIAN_POINT ( 'NONE',  ( 0.000000000000000000, 0.4750000000000066391, 3.725000000000004086 ) ) ;
#1440 = VECTOR ( 'NONE', #364, 1000.000000000000000 ) ;
#1441 = ORIENTED_EDGE ( 'NONE', *, *, #3724, .F. ) ;
#1442 = VERTEX_POINT ( 'NONE', #669 ) ;
#1443 = EDGE_CURVE ( 'NONE', #3726, #3977, #1821, .T. ) ;
#1444 = EDGE_CURVE ( 'NONE', #351, #3884, #1928, .T. ) ;
#1445 = AXIS2_PLACEMENT_3D ( 'NONE', #4957, #5308, #1265 ) ;
#1446 =( NAMED_UNIT ( * ) PLANE_ANGLE_UNIT ( ) SI_UNIT ( $, .RADIAN. ) );
#1447 = CARTESIAN_POINT ( 'NONE',  ( -4.850000000000001421, 0.3250000000000090039, 4.425000000000004263 ) ) ;
#1448 = ORIENTED_EDGE ( 'NONE', *, *, #552, .T. ) ;
#1449 = FILL_AREA_STYLE ('',( #3148 ) ) ;
#1450 = MECHANICAL_DESIGN_GEOMETRIC_PRESENTATION_REPRESENTATION (  '', ( #261 ), #1620 ) ;
#1451 = CARTESIAN_POINT ( 'NONE',  ( -2.349999999999999645, 0.05000000000000647676, 3.725000000000004530 ) ) ;
#1452 = EDGE_CURVE ( 'NONE', #4533, #2134, #4834, .T. ) ;
#1453 = SURFACE_STYLE_USAGE ( .BOTH. , #5153 ) ;
#1454 = COLOUR_RGB ( '',0.9607843137254902244, 0.9607843137254902244, 0.9607843137254902244 ) ;
#1455 = CARTESIAN_POINT ( 'NONE',  ( -8.400000000000000355, -0.07499999999999544531, 2.775000000000005684 ) ) ;
#1456 = ORIENTED_EDGE ( 'NONE', *, *, #2444, .F. ) ;
#1457 = ORIENTED_EDGE ( 'NONE', *, *, #3300, .F. ) ;
#1458 = MECHANICAL_DESIGN_GEOMETRIC_PRESENTATION_REPRESENTATION (  '', ( #1806 ), #3366 ) ;
#1459 =( GEOMETRIC_REPRESENTATION_CONTEXT ( 3 ) GLOBAL_UNCERTAINTY_ASSIGNED_CONTEXT ( ( #1055 ) ) GLOBAL_UNIT_ASSIGNED_CONTEXT ( ( #4683, #633, #3381 ) ) REPRESENTATION_CONTEXT ( 'NONE', 'WORKASPACE' ) );
#1460 = CARTESIAN_POINT ( 'NONE',  ( -8.400000000000000355, 0.3250000000000066169, 3.725000000000005418 ) ) ;
#1461 = LINE ( 'NONE', #3110, #632 ) ;
#1462 = PRESENTATION_STYLE_ASSIGNMENT (( #4461 ) ) ;
#1463 = STYLED_ITEM ( 'NONE', ( #50 ), #4462 ) ;
#1464 = DIRECTION ( 'NONE',  ( 6.521516826980478438E-17, -3.491483361109382461E-15, -1.000000000000000000 ) ) ;
#1465 = VECTOR ( 'NONE', #3548, 1000.000000000000000 ) ;
#1466 = SURFACE_STYLE_FILL_AREA ( #4392 ) ;
#1467 = ORIENTED_EDGE ( 'NONE', *, *, #2400, .T. ) ;
#1468 = MECHANICAL_DESIGN_GEOMETRIC_PRESENTATION_REPRESENTATION (  '', ( #1041 ), #1199 ) ;
#1469 = ORIENTED_EDGE ( 'NONE', *, *, #1234, .F. ) ;
#1470 = CARTESIAN_POINT ( 'NONE',  ( -2.149999999999999023, -0.1499999999999933054, 3.425000000000004707 ) ) ;
#1471 = VERTEX_POINT ( 'NONE', #1451 ) ;
#1472 = FILL_AREA_STYLE ('',( #1016 ) ) ;
#1473 = CARTESIAN_POINT ( 'NONE',  ( -8.400000000000000355, -0.1499999999999935274, 3.350000000000006750 ) ) ;
#1474 = ADVANCED_FACE ( 'NONE', ( #281 ), #5125, .T. ) ;
#1475 = ORIENTED_EDGE ( 'NONE', *, *, #3556, .T. ) ;
#1476 = DIRECTION ( 'NONE',  ( 0.000000000000000000, -1.000000000000000000, 3.491483361109382461E-15 ) ) ;
#1477 = UNCERTAINTY_MEASURE_WITH_UNIT (LENGTH_MEASURE( 1.000000000000000082E-05 ), #1040, 'distance_accuracy_value', 'NONE');
#1478 = FILL_AREA_STYLE_COLOUR ( '', #2292 ) ;
#1479 = CARTESIAN_POINT ( 'NONE',  ( -9.749999999999998224, 1.275000000000004352, 3.125000000000002665 ) ) ;
#1480 = ADVANCED_FACE ( 'NONE', ( #2289 ), #251, .F. ) ;
#1481 = VERTEX_POINT ( 'NONE', #1074 ) ;
#1482 = ORIENTED_EDGE ( 'NONE', *, *, #4995, .F. ) ;
#1483 = DIRECTION ( 'NONE',  ( 0.000000000000000000, 1.000000000000000000, -0.000000000000000000 ) ) ;
#1484 = DIRECTION ( 'NONE',  ( 0.000000000000000000, -1.000000000000000000, 3.181711311827809596E-15 ) ) ;
#1485 = DIRECTION ( 'NONE',  ( -1.355252715606877091E-16, 1.000000000000000000, -3.274642926612281180E-15 ) ) ;
#1486 = FACE_OUTER_BOUND ( 'NONE', #2722, .T. ) ;
#1487 = DIRECTION ( 'NONE',  ( -0.000000000000000000, 3.324683026880842862E-15, 1.000000000000000000 ) ) ;
#1488 = CARTESIAN_POINT ( 'NONE',  ( -10.75000000000000000, 0.3250000000000033418, 2.775000000000004796 ) ) ;
#1489 = ORIENTED_EDGE ( 'NONE', *, *, #1540, .T. ) ;
#1490 = DIRECTION ( 'NONE',  ( 0.000000000000000000, -1.000000000000000000, 3.491483361109382461E-15 ) ) ;
#1491 = EDGE_CURVE ( 'NONE', #4353, #3797, #4379, .T. ) ;
#1492 = COLOUR_RGB ( '',0.9607843137254902244, 0.9607843137254902244, 0.9607843137254902244 ) ;
#1493 = EDGE_LOOP ( 'NONE', ( #4098, #1101, #5026, #2602 ) ) ;
#1494 = LINE ( 'NONE', #610, #330 ) ;
#1495 = ORIENTED_EDGE ( 'NONE', *, *, #324, .F. ) ;
#1496 = VECTOR ( 'NONE', #2241, 1000.000000000000000 ) ;
#1497 = CARTESIAN_POINT ( 'NONE',  ( -0.5000000000000004441, 0.4249999999999943823, 0.1250000000000057454 ) ) ;
#1498 = DIRECTION ( 'NONE',  ( 0.000000000000000000, 0.000000000000000000, -1.000000000000000000 ) ) ;
#1499 = VERTEX_POINT ( 'NONE', #1904 ) ;
#1500 = CARTESIAN_POINT ( 'NONE',  ( -0.3000000000000004885, -0.3250000000000021760, 1.675000000000008482 ) ) ;
#1501 = DIRECTION ( 'NONE',  ( 1.000000000000000000, -0.000000000000000000, 0.000000000000000000 ) ) ;
#1502 = CARTESIAN_POINT ( 'NONE',  ( -10.75000000000000000, -0.07499999999999541755, 2.775000000000006128 ) ) ;
#1503 = EDGE_LOOP ( 'NONE', ( #402, #3130, #3493, #841 ) ) ;
#1504 = ORIENTED_EDGE ( 'NONE', *, *, #4777, .T. ) ;
#1505 = CARTESIAN_POINT ( 'NONE',  ( -10.24999999999999822, 3.875000000000003553, 3.724999999999993427 ) ) ;
#1506 = EDGE_CURVE ( 'NONE', #113, #460, #3893, .T. ) ;
#1507 = DIRECTION ( 'NONE',  ( -1.000000000000000000, 0.000000000000000000, 0.000000000000000000 ) ) ;
#1508 = CARTESIAN_POINT ( 'NONE',  ( -3.399999999999999467, -0.1499999999999935274, 3.350000000000005862 ) ) ;
#1509 = PLANE ( 'NONE',  #3600 ) ;
#1510 = SHAPE_DEFINITION_REPRESENTATION ( #3472, #1988 ) ;
#1511 = AXIS2_PLACEMENT_3D ( 'NONE', #3028, #3813, #4694 ) ;
#1512 = CARTESIAN_POINT ( 'NONE',  ( -0.5000000000000000000, 0.4249999999999997113, 1.725000000000003864 ) ) ;
#1513 = ADVANCED_FACE ( 'NONE', ( #1198 ), #1127, .T. ) ;
#1514 = DIRECTION ( 'NONE',  ( 0.000000000000000000, 1.000000000000000000, -3.274642926612281180E-15 ) ) ;
#1515 = VECTOR ( 'NONE', #4535, 1000.000000000000000 ) ;
#1516 = CARTESIAN_POINT ( 'NONE',  ( -7.149999999999999467, -0.07499999999999544531, 2.775000000000005684 ) ) ;
#1517 = AXIS2_PLACEMENT_3D ( 'NONE', #554, #3354, #3822 ) ;
#1518 = CARTESIAN_POINT ( 'NONE',  ( -8.400000000000000355, 0.3250000000000061728, 3.575000000000005063 ) ) ;
#1519 = ORIENTED_EDGE ( 'NONE', *, *, #4088, .F. ) ;
#1520 = LINE ( 'NONE', #2847, #768 ) ;
#1521 = STYLED_ITEM ( 'NONE', ( #1462 ), #2527 ) ;
#1522 = ORIENTED_EDGE ( 'NONE', *, *, #3656, .F. ) ;
#1523 = ADVANCED_FACE ( 'NONE', ( #3225 ), #2849, .F. ) ;
#1524 =( NAMED_UNIT ( * ) PLANE_ANGLE_UNIT ( ) SI_UNIT ( $, .RADIAN. ) );
#1525 = DIRECTION ( 'NONE',  ( -0.000000000000000000, -0.000000000000000000, 1.000000000000000000 ) ) ;
#1526 = CARTESIAN_POINT ( 'NONE',  ( -8.400000000000000355, 0.3250000000000046740, 2.775000000000004796 ) ) ;
#1527 = VECTOR ( 'NONE', #306, 1000.000000000000000 ) ;
#1528 = ORIENTED_EDGE ( 'NONE', *, *, #2266, .F. ) ;
#1529 = LINE ( 'NONE', #3232, #913 ) ;
#1530 = DIRECTION ( 'NONE',  ( -1.000000000000000000, 0.000000000000000000, -0.000000000000000000 ) ) ;
#1531 = AXIS2_PLACEMENT_3D ( 'NONE', #2958, #4592, #176 ) ;
#1532 = VECTOR ( 'NONE', #2982, 1000.000000000000000 ) ;
#1533 = ORIENTED_EDGE ( 'NONE', *, *, #2870, .T. ) ;
#1534 = ORIENTED_EDGE ( 'NONE', *, *, #4111, .F. ) ;
#1535 = CARTESIAN_POINT ( 'NONE',  ( -2.349999999999999645, -0.3249999999999911848, 3.575000000000005507 ) ) ;
#1536 = CARTESIAN_POINT ( 'NONE',  ( -8.400000000000000355, -0.07499999999999552858, 3.350000000000006306 ) ) ;
#1537 = VECTOR ( 'NONE', #1999, 1000.000000000000000 ) ;
#1538 = CARTESIAN_POINT ( 'NONE',  ( -10.44999999999999929, -0.3250000000000061173, -0.5249999999999909184 ) ) ;
#1539 = LINE ( 'NONE', #263, #4204 ) ;
#1540 = EDGE_CURVE ( 'NONE', #3985, #4630, #789, .T. ) ;
#1541 = VECTOR ( 'NONE', #4018, 1000.000000000000000 ) ;
#1542 = EDGE_LOOP ( 'NONE', ( #4687, #3310, #2594, #4837 ) ) ;
#1543 = ORIENTED_EDGE ( 'NONE', *, *, #2029, .F. ) ;
#1544 =( LENGTH_UNIT ( ) NAMED_UNIT ( * ) SI_UNIT ( .MILLI., .METRE. ) );
#1545 = PRESENTATION_STYLE_ASSIGNMENT (( #4438 ) ) ;
#1546 = PRESENTATION_LAYER_ASSIGNMENT (  '', '', ( #4831 ) ) ;
#1547 = CARTESIAN_POINT ( 'NONE',  ( -10.24999999999999822, 1.625000000000006661, 3.724999999999999201 ) ) ;
#1548 = LINE ( 'NONE', #2793, #4051 ) ;
#1549 = ADVANCED_FACE ( 'NONE', ( #379 ), #1215, .F. ) ;
#1550 = ADVANCED_FACE ( 'NONE', ( #26 ), #1992, .F. ) ;
#1551 = DIRECTION ( 'NONE',  ( 0.000000000000000000, 0.000000000000000000, 1.000000000000000000 ) ) ;
#1552 = AXIS2_PLACEMENT_3D ( 'NONE', #2736, #3056, #2337 ) ;
#1553 = ORIENTED_EDGE ( 'NONE', *, *, #2029, .T. ) ;
#1554 = LINE ( 'NONE', #999, #5087 ) ;
#1555 = VECTOR ( 'NONE', #4146, 1000.000000000000000 ) ;
#1556 = FILL_AREA_STYLE_COLOUR ( '', #4811 ) ;
#1557 = ORIENTED_EDGE ( 'NONE', *, *, #1122, .F. ) ;
#1558 = SURFACE_STYLE_FILL_AREA ( #842 ) ;
#1559 = CARTESIAN_POINT ( 'NONE',  ( -4.649999999999999467, 0.3250000000000090039, 4.425000000000004263 ) ) ;
#1560 = CARTESIAN_POINT ( 'NONE',  ( -4.850000000000001421, -0.1749999999999939937, 3.575000000000005507 ) ) ;
#1561 = EDGE_CURVE ( 'NONE', #5078, #3898, #1644, .T. ) ;
#1562 = ORIENTED_EDGE ( 'NONE', *, *, #3669, .T. ) ;
#1563 = CYLINDRICAL_SURFACE ( 'NONE', #318, 0.1499999999999999667 ) ;
#1564 = CARTESIAN_POINT ( 'NONE',  ( 0.000000000000000000, 3.875000000000007105, 3.724999999999992095 ) ) ;
#1565 = SURFACE_STYLE_USAGE ( .BOTH. , #3755 ) ;
#1566 = FACE_OUTER_BOUND ( 'NONE', #2164, .T. ) ;
#1567 = VERTEX_POINT ( 'NONE', #1241 ) ;
#1568 = DIRECTION ( 'NONE',  ( 1.000000000000000000, 9.463684613279350699E-31, 2.710505431213730517E-16 ) ) ;
#1569 = PRESENTATION_STYLE_ASSIGNMENT (( #4116 ) ) ;
#1570 = DIRECTION ( 'NONE',  ( -1.000000000000000000, -0.000000000000000000, -0.000000000000000000 ) ) ;
#1571 = ORIENTED_EDGE ( 'NONE', *, *, #1583, .F. ) ;
#1572 = CARTESIAN_POINT ( 'NONE',  ( -10.75000000000000000, 3.875000000000007105, 2.775000000000004796 ) ) ;
#1573 = ORIENTED_EDGE ( 'NONE', *, *, #2539, .F. ) ;
#1574 = DIRECTION ( 'NONE',  ( 0.000000000000000000, 0.000000000000000000, 1.000000000000000000 ) ) ;
#1575 = DIRECTION ( 'NONE',  ( -0.000000000000000000, 1.000000000000000000, -3.491483361109382461E-15 ) ) ;
#1576 = ADVANCED_FACE ( 'NONE', ( #426 ), #392, .F. ) ;
#1577 = DIRECTION ( 'NONE',  ( -0.000000000000000000, 1.000000000000000000, 0.000000000000000000 ) ) ;
#1578 = AXIS2_PLACEMENT_3D ( 'NONE', #1190, #2021, #4035 ) ;
#1579 = DIRECTION ( 'NONE',  ( -0.000000000000000000, 1.000000000000000000, 0.000000000000000000 ) ) ;
#1580 = EDGE_LOOP ( 'NONE', ( #213, #5287, #4858, #2482 ) ) ;
#1581 = ORIENTED_EDGE ( 'NONE', *, *, #3184, .F. ) ;
#1582 = MECHANICAL_DESIGN_GEOMETRIC_PRESENTATION_REPRESENTATION (  '', ( #487 ), #5123 ) ;
#1583 = EDGE_CURVE ( 'NONE', #4677, #2456, #4110, .T. ) ;
#1584 = CARTESIAN_POINT ( 'NONE',  ( -7.149999999999999467, -0.07499999999999329425, 3.425000000000006040 ) ) ;
#1585 = DIRECTION ( 'NONE',  ( 0.000000000000000000, 0.000000000000000000, -1.000000000000000000 ) ) ;
#1586 = AXIS2_PLACEMENT_3D ( 'NONE', #1102, #997, #226 ) ;
#1587 = EDGE_LOOP ( 'NONE', ( #1713, #3037, #3722, #767, #2179, #4952, #3828, #2841 ) ) ;
#1588 = LINE ( 'NONE', #1664, #4799 ) ;
#1589 = FILL_AREA_STYLE_COLOUR ( '', #1454 ) ;
#1590 = EDGE_CURVE ( 'NONE', #4597, #3536, #3319, .T. ) ;
#1591 = CARTESIAN_POINT ( 'NONE',  ( -2.149999999999999023, -0.07499999999999329425, 3.425000000000004707 ) ) ;
#1592 = CARTESIAN_POINT ( 'NONE',  ( -1.499999999999999556, 1.274999999999999023, 1.575000000000002620 ) ) ;
#1593 = PRESENTATION_LAYER_ASSIGNMENT (  '', '', ( #3932 ) ) ;
#1594 = EDGE_LOOP ( 'NONE', ( #3364, #4824, #231, #1543 ) ) ;
#1595 = CARTESIAN_POINT ( 'NONE',  ( -3.149999999999999023, -0.1750000000000018763, 1.275000000000006573 ) ) ;
#1596 = CARTESIAN_POINT ( 'NONE',  ( -10.24999999999999822, 0.4249999999999943823, -0.5249999999999911404 ) ) ;
#1597 = MECHANICAL_DESIGN_GEOMETRIC_PRESENTATION_REPRESENTATION (  '', ( #5141 ), #4280 ) ;
#1598 = CARTESIAN_POINT ( 'NONE',  ( -7.349999999999999645, -0.3249999999999911848, 4.425000000000004263 ) ) ;
#1599 = VERTEX_POINT ( 'NONE', #453 ) ;
#1600 = VECTOR ( 'NONE', #1525, 1000.000000000000000 ) ;
#1601 = VECTOR ( 'NONE', #4016, 1000.000000000000000 ) ;
#1602 = LINE ( 'NONE', #1700, #4827 ) ;
#1603 = COLOUR_RGB ( '',0.9607843137254902244, 0.9607843137254902244, 0.9607843137254902244 ) ;
#1604 = ORIENTED_EDGE ( 'NONE', *, *, #2096, .F. ) ;
#1605 = EDGE_CURVE ( 'NONE', #3922, #1167, #2475, .T. ) ;
#1606 = ADVANCED_FACE ( 'NONE', ( #881 ), #853, .F. ) ;
#1607 = CARTESIAN_POINT ( 'NONE',  ( -5.899999999999998579, -0.07499999999999329425, 3.425000000000005596 ) ) ;
#1608 =( GEOMETRIC_REPRESENTATION_CONTEXT ( 3 ) GLOBAL_UNCERTAINTY_ASSIGNED_CONTEXT ( ( #594 ) ) GLOBAL_UNIT_ASSIGNED_CONTEXT ( ( #5270, #2787, #2331 ) ) REPRESENTATION_CONTEXT ( 'NONE', 'WORKASPACE' ) );
#1609 = DIRECTION ( 'NONE',  ( -0.000000000000000000, -0.000000000000000000, -1.000000000000000000 ) ) ;
#1610 = PRESENTATION_STYLE_ASSIGNMENT (( #3664 ) ) ;
#1611 = DIRECTION ( 'NONE',  ( -1.000000000000000000, -0.000000000000000000, -0.000000000000000000 ) ) ;
#1612 = EDGE_LOOP ( 'NONE', ( #4725, #583, #4121, #4285 ) ) ;
#1613 = EDGE_CURVE ( 'NONE', #1237, #3851, #3729, .T. ) ;
#1614 = VECTOR ( 'NONE', #513, 1000.000000000000000 ) ;
#1615 = LINE ( 'NONE', #3260, #3496 ) ;
#1616 = FACE_BOUND ( 'NONE', #1587, .T. ) ;
#1617 = AXIS2_PLACEMENT_3D ( 'NONE', #2227, #1314, #5099 ) ;
#1618 = CARTESIAN_POINT ( 'NONE',  ( -9.749999999999998224, 1.274999999999997247, 3.125000000000002665 ) ) ;
#1619 = EDGE_CURVE ( 'NONE', #4342, #4684, #3938, .T. ) ;
#1620 =( GEOMETRIC_REPRESENTATION_CONTEXT ( 3 ) GLOBAL_UNCERTAINTY_ASSIGNED_CONTEXT ( ( #5205 ) ) GLOBAL_UNIT_ASSIGNED_CONTEXT ( ( #3550, #1064, #2738 ) ) REPRESENTATION_CONTEXT ( 'NONE', 'WORKASPACE' ) );
#1621 = ORIENTED_EDGE ( 'NONE', *, *, #4160, .F. ) ;
#1622 = SURFACE_SIDE_STYLE ('',( #397 ) ) ;
#1623 = DIRECTION ( 'NONE',  ( 1.000000000000000000, 1.355252715606885966E-16, 2.710505431213726079E-16 ) ) ;
#1624 = LINE ( 'NONE', #2051, #2495 ) ;
#1625 = ADVANCED_FACE ( 'NONE', ( #822 ), #4080, .F. ) ;
#1626 = VERTEX_POINT ( 'NONE', #3645 ) ;
#1627 = DIRECTION ( 'NONE',  ( -0.000000000000000000, 1.000000000000000000, -3.491483361109382461E-15 ) ) ;
#1628 = ORIENTED_EDGE ( 'NONE', *, *, #2934, .F. ) ;
#1629 = VECTOR ( 'NONE', #2850, 1000.000000000000000 ) ;
#1630 = FILL_AREA_STYLE_COLOUR ( '', #4140 ) ;
#1631 = CARTESIAN_POINT ( 'NONE',  ( -9.250000000000000000, 1.274999999999997247, 1.075000000000002620 ) ) ;
#1632 = CARTESIAN_POINT ( 'NONE',  ( -7.599999999999998757, -0.1750000000000018763, 0.8749999999999978906 ) ) ;
#1633 = AXIS2_PLACEMENT_3D ( 'NONE', #2451, #4941, #30 ) ;
#1634 = VERTEX_POINT ( 'NONE', #2425 ) ;
#1635 = CARTESIAN_POINT ( 'NONE',  ( -7.599999999999998757, -0.1750000000000018763, 1.275000000000006573 ) ) ;
#1636 = VERTEX_POINT ( 'NONE', #3263 ) ;
#1637 = VECTOR ( 'NONE', #4585, 1000.000000000000000 ) ;
#1638 =( NAMED_UNIT ( * ) SI_UNIT ( $, .STERADIAN. ) SOLID_ANGLE_UNIT ( ) );
#1639 = ADVANCED_FACE ( 'NONE', ( #4460 ), #2015, .F. ) ;
#1640 = CARTESIAN_POINT ( 'NONE',  ( -7.349999999999999645, 0.1750000000000062061, 3.575000000000005507 ) ) ;
#1641 = VERTEX_POINT ( 'NONE', #2150 ) ;
#1642 =( GEOMETRIC_REPRESENTATION_CONTEXT ( 3 ) GLOBAL_UNCERTAINTY_ASSIGNED_CONTEXT ( ( #2945 ) ) GLOBAL_UNIT_ASSIGNED_CONTEXT ( ( #3085, #1808, #159 ) ) REPRESENTATION_CONTEXT ( 'NONE', 'WORKASPACE' ) );
#1643 = DIRECTION ( 'NONE',  ( -0.000000000000000000, -0.000000000000000000, 1.000000000000000000 ) ) ;
#1644 = LINE ( 'NONE', #4916, #3759 ) ;
#1645 = ADVANCED_FACE ( 'NONE', ( #932 ), #3867, .F. ) ;
#1646 = ADVANCED_FACE ( 'NONE', ( #3347 ), #4994, .F. ) ;
#1647 = DIRECTION ( 'NONE',  ( 0.000000000000000000, -8.854317741964954981E-15, 1.000000000000000000 ) ) ;
#1648 = UNCERTAINTY_MEASURE_WITH_UNIT (LENGTH_MEASURE( 1.000000000000000082E-05 ), #4758, 'distance_accuracy_value', 'NONE');
#1649 = CARTESIAN_POINT ( 'NONE',  ( -3.149999999999999023, 3.074999999999997957, 1.274999999999996136 ) ) ;
#1650 = VERTEX_POINT ( 'NONE', #568 ) ;
#1651 = PLANE ( 'NONE',  #4700 ) ;
#1652 = ORIENTED_EDGE ( 'NONE', *, *, #3912, .T. ) ;
#1653 =( NAMED_UNIT ( * ) SI_UNIT ( $, .STERADIAN. ) SOLID_ANGLE_UNIT ( ) );
#1654 = PLANE ( 'NONE',  #714 ) ;
#1655 = EDGE_CURVE ( 'NONE', #1979, #1117, #904, .T. ) ;
#1656 = CARTESIAN_POINT ( 'NONE',  ( -0.5000000000000000000, 1.724999999999991873, -0.5250000000000006883 ) ) ;
#1657 = ORIENTED_EDGE ( 'NONE', *, *, #2909, .F. ) ;
#1658 = SURFACE_STYLE_FILL_AREA ( #4665 ) ;
#1659 = VERTEX_POINT ( 'NONE', #4674 ) ;
#1660 = LINE ( 'NONE', #2802, #5232 ) ;
#1661 = DIRECTION ( 'NONE',  ( -0.000000000000000000, -1.000000000000000000, 0.000000000000000000 ) ) ;
#1662 = EDGE_LOOP ( 'NONE', ( #2222, #2522, #4743, #2128 ) ) ;
#1663 = STYLED_ITEM ( 'NONE', ( #579 ), #123 ) ;
#1664 = CARTESIAN_POINT ( 'NONE',  ( -8.599999999999999645, 0.3250000000000090039, 3.425000000000006928 ) ) ;
#1665 = DIRECTION ( 'NONE',  ( -1.000000000000000000, 0.000000000000000000, 0.000000000000000000 ) ) ;
#1666 = CARTESIAN_POINT ( 'NONE',  ( -8.400000000000000355, 0.1750000000000062061, 3.575000000000005507 ) ) ;
#1667 = VECTOR ( 'NONE', #1737, 1000.000000000000000 ) ;
#1668 = EDGE_CURVE ( 'NONE', #3304, #1823, #619, .T. ) ;
#1669 = LINE ( 'NONE', #1723, #2417 ) ;
#1670 = FACE_OUTER_BOUND ( 'NONE', #2924, .T. ) ;
#1671 = VECTOR ( 'NONE', #1111, 1000.000000000000000 ) ;
#1672 = VERTEX_POINT ( 'NONE', #3048 ) ;
#1673 = ADVANCED_FACE ( 'NONE', ( #2118 ), #3374, .T. ) ;
#1674 = ORIENTED_EDGE ( 'NONE', *, *, #1248, .T. ) ;
#1675 = DIRECTION ( 'NONE',  ( 1.000000000000000000, 2.710505431213777355E-16, -8.624045791263589697E-31 ) ) ;
#1676 = VECTOR ( 'NONE', #1765, 1000.000000000000000 ) ;
#1677 = CARTESIAN_POINT ( 'NONE',  ( -8.400000000000000355, 0.3250000000000090039, 3.725000000000005862 ) ) ;
#1678 = DIRECTION ( 'NONE',  ( 1.000000000000000000, 2.710505431213777355E-16, -8.624045791263589697E-31 ) ) ;
#1679 = EDGE_LOOP ( 'NONE', ( #2251, #3057, #2798, #195 ) ) ;
#1680 = EDGE_CURVE ( 'NONE', #1077, #4630, #2964, .T. ) ;
#1681 = VECTOR ( 'NONE', #1929, 1000.000000000000000 ) ;
#1682 = VERTEX_POINT ( 'NONE', #1374 ) ;
#1683 = DIRECTION ( 'NONE',  ( 1.000000000000000000, 2.710505431213777355E-16, -8.624045791263589697E-31 ) ) ;
#1684 =( GEOMETRIC_REPRESENTATION_CONTEXT ( 3 ) GLOBAL_UNCERTAINTY_ASSIGNED_CONTEXT ( ( #3420 ) ) GLOBAL_UNIT_ASSIGNED_CONTEXT ( ( #2342, #1446, #5148 ) ) REPRESENTATION_CONTEXT ( 'NONE', 'WORKASPACE' ) );
#1685 = ORIENTED_EDGE ( 'NONE', *, *, #3393, .F. ) ;
#1686 = SURFACE_STYLE_USAGE ( .BOTH. , #2147 ) ;
#1687 = LINE ( 'NONE', #2173, #4276 ) ;
#1688 = CARTESIAN_POINT ( 'NONE',  ( -7.149999999999999467, -0.3249999999999933498, 3.575000000000006839 ) ) ;
#1689 = DIRECTION ( 'NONE',  ( -1.057758217059028854E-16, 0.000000000000000000, -1.000000000000000000 ) ) ;
#1690 =( LENGTH_UNIT ( ) NAMED_UNIT ( * ) SI_UNIT ( .MILLI., .METRE. ) );
#1691 = COLOUR_RGB ( '',0.9607843137254902244, 0.9607843137254902244, 0.9607843137254902244 ) ;
#1692 = AXIS2_PLACEMENT_3D ( 'NONE', #4797, #3582, #2285 ) ;
#1693 = CARTESIAN_POINT ( 'NONE',  ( -10.75000000000000000, 0.3250000000000033973, 2.775000000000004796 ) ) ;
#1694 = DIRECTION ( 'NONE',  ( -0.000000000000000000, -1.000000000000000000, 3.491483361109382461E-15 ) ) ;
#1695 = EDGE_CURVE ( 'NONE', #3861, #469, #2023, .T. ) ;
#1696 = AXIS2_PLACEMENT_3D ( 'NONE', #5196, #1490, #4820 ) ;
#1697 = ORIENTED_EDGE ( 'NONE', *, *, #846, .F. ) ;
#1698 = DIRECTION ( 'NONE',  ( 0.000000000000000000, 1.000000000000000000, -3.274642926612281180E-15 ) ) ;
#1699 = ORIENTED_EDGE ( 'NONE', *, *, #5192, .F. ) ;
#1700 = CARTESIAN_POINT ( 'NONE',  ( -7.150000000000001243, -0.02499999999999328107, 3.800000000000006484 ) ) ;
#1701 =( GEOMETRIC_REPRESENTATION_CONTEXT ( 3 ) GLOBAL_UNCERTAINTY_ASSIGNED_CONTEXT ( ( #2717 ) ) GLOBAL_UNIT_ASSIGNED_CONTEXT ( ( #852, #4139, #4861 ) ) REPRESENTATION_CONTEXT ( 'NONE', 'WORKASPACE' ) );
#1702 =( NAMED_UNIT ( * ) SI_UNIT ( $, .STERADIAN. ) SOLID_ANGLE_UNIT ( ) );
#1703 = EDGE_CURVE ( 'NONE', #4593, #1030, #1000, .T. ) ;
#1704 = EDGE_CURVE ( 'NONE', #891, #5091, #2720, .T. ) ;
#1705 =( LENGTH_UNIT ( ) NAMED_UNIT ( * ) SI_UNIT ( .MILLI., .METRE. ) );
#1706 = ORIENTED_EDGE ( 'NONE', *, *, #1443, .F. ) ;
#1707 = DIRECTION ( 'NONE',  ( 2.710505431213777355E-16, -1.000000000000000000, 3.324683026880842862E-15 ) ) ;
#1708 = VECTOR ( 'NONE', #404, 1000.000000000000000 ) ;
#1709 = VERTEX_POINT ( 'NONE', #3998 ) ;
#1710 = LINE ( 'NONE', #2142, #4546 ) ;
#1711 = COLOUR_RGB ( '',0.7529411764705882248, 0.7529411764705882248, 0.7529411764705882248 ) ;
#1712 = DIRECTION ( 'NONE',  ( 0.000000000000000000, -1.000000000000000000, -0.000000000000000000 ) ) ;
#1713 = ORIENTED_EDGE ( 'NONE', *, *, #4917, .T. ) ;
#1714 = CARTESIAN_POINT ( 'NONE',  ( -0.5000000000000000000, 1.625000000000004441, 3.125000000000000444 ) ) ;
#1715 = VECTOR ( 'NONE', #4193, 1000.000000000000000 ) ;
#1716 = FILL_AREA_STYLE ('',( #5019 ) ) ;
#1717 = FILL_AREA_STYLE_COLOUR ( '', #4195 ) ;
#1718 = EDGE_CURVE ( 'NONE', #5271, #5034, #698, .T. ) ;
#1719 = SURFACE_STYLE_USAGE ( .BOTH. , #1424 ) ;
#1720 = CIRCLE ( 'NONE', #194, 0.07499999999999998335 ) ;
#1721 = DIRECTION ( 'NONE',  ( 0.000000000000000000, 1.000000000000000000, -3.491483361109382461E-15 ) ) ;
#1722 = SURFACE_SIDE_STYLE ('',( #185 ) ) ;
#1723 = CARTESIAN_POINT ( 'NONE',  ( -2.349999999999999645, -0.3249999999999911848, 4.425000000000004263 ) ) ;
#1724 = ORIENTED_EDGE ( 'NONE', *, *, #207, .T. ) ;
#1725 =( LENGTH_UNIT ( ) NAMED_UNIT ( * ) SI_UNIT ( .MILLI., .METRE. ) );
#1726 = EDGE_LOOP ( 'NONE', ( #1573, #748, #3306, #1109 ) ) ;
#1727 =( LENGTH_UNIT ( ) NAMED_UNIT ( * ) SI_UNIT ( .MILLI., .METRE. ) );
#1728 = LINE ( 'NONE', #5031, #4740 ) ;
#1729 = ORIENTED_EDGE ( 'NONE', *, *, #2093, .F. ) ;
#1730 = DIRECTION ( 'NONE',  ( 0.000000000000000000, -1.000000000000000000, 3.491483361109382461E-15 ) ) ;
#1731 = ORIENTED_EDGE ( 'NONE', *, *, #4254, .F. ) ;
#1732 = EDGE_CURVE ( 'NONE', #3716, #146, #728, .T. ) ;
#1733 = ADVANCED_FACE ( 'NONE', ( #2348 ), #4747, .T. ) ;
#1734 = CARTESIAN_POINT ( 'NONE',  ( -4.850000000000001421, -0.3249999999999911848, 3.575000000000005951 ) ) ;
#1735 = CARTESIAN_POINT ( 'NONE',  ( -10.75000000000000000, 0.4750000000000066391, 3.725000000000003642 ) ) ;
#1736 = VERTEX_POINT ( 'NONE', #4722 ) ;
#1737 = DIRECTION ( 'NONE',  ( -0.000000000000000000, -0.000000000000000000, 1.000000000000000000 ) ) ;
#1738 = EDGE_CURVE ( 'NONE', #3898, #2456, #2780, .T. ) ;
#1739 = PLANE ( 'NONE',  #537 ) ;
#1740 = DIRECTION ( 'NONE',  ( 0.000000000000000000, -1.000000000000000000, 3.491483361109382461E-15 ) ) ;
#1741 = ORIENTED_EDGE ( 'NONE', *, *, #2697, .F. ) ;
#1742 = UNCERTAINTY_MEASURE_WITH_UNIT (LENGTH_MEASURE( 1.000000000000000082E-05 ), #2843, 'distance_accuracy_value', 'NONE');
#1743 = EDGE_CURVE ( 'NONE', #2433, #3914, #5127, .T. ) ;
#1744 = PRESENTATION_LAYER_ASSIGNMENT (  '', '', ( #222 ) ) ;
#1745 = CARTESIAN_POINT ( 'NONE',  ( -3.399999999999999467, 0.3250000000000090039, 4.425000000000006040 ) ) ;
#1746 = DIRECTION ( 'NONE',  ( -0.000000000000000000, -3.491483361109382461E-15, -1.000000000000000000 ) ) ;
#1747 = MECHANICAL_DESIGN_GEOMETRIC_PRESENTATION_REPRESENTATION (  '', ( #2185 ), #5036 ) ;
#1748 = ORIENTED_EDGE ( 'NONE', *, *, #2959, .T. ) ;
#1749 = LINE ( 'NONE', #463, #2374 ) ;
#1750 = ORIENTED_EDGE ( 'NONE', *, *, #5215, .T. ) ;
#1751 = FILL_AREA_STYLE_COLOUR ( '', #2091 ) ;
#1752 = FILL_AREA_STYLE ('',( #1407 ) ) ;
#1753 = CARTESIAN_POINT ( 'NONE',  ( -4.649999999999999467, -0.07499999999999354405, 3.350000000000005418 ) ) ;
#1754 = DIRECTION ( 'NONE',  ( 0.000000000000000000, 3.423720725329038039E-15, 1.000000000000000000 ) ) ;
#1755 = VECTOR ( 'NONE', #2723, 1000.000000000000000 ) ;
#1756 = VERTEX_POINT ( 'NONE', #5183 ) ;
#1757 = EDGE_LOOP ( 'NONE', ( #901, #3964, #2709, #2605, #2580, #3523, #4368, #238 ) ) ;
#1758 = PLANE ( 'NONE',  #4965 ) ;
#1759 = CARTESIAN_POINT ( 'NONE',  ( 0.000000000000000000, -0.1749999999999966027, 2.775000000000006573 ) ) ;
#1760 = EDGE_CURVE ( 'NONE', #3092, #2146, #1075, .T. ) ;
#1761 = PRESENTATION_LAYER_ASSIGNMENT (  '', '', ( #5141 ) ) ;
#1762 = MECHANICAL_DESIGN_GEOMETRIC_PRESENTATION_REPRESENTATION (  '', ( #600 ), #3591 ) ;
#1763 = ORIENTED_EDGE ( 'NONE', *, *, #5185, .T. ) ;
#1764 = FILL_AREA_STYLE_COLOUR ( '', #3750 ) ;
#1765 = DIRECTION ( 'NONE',  ( -1.000000000000000000, -2.710505431213777355E-16, 8.624045791263589697E-31 ) ) ;
#1766 = CARTESIAN_POINT ( 'NONE',  ( -4.649999999999999467, -0.02499999999999118205, 4.425000000000005151 ) ) ;
#1767 = AXIS2_PLACEMENT_3D ( 'NONE', #2004, #3687, #2852 ) ;
#1768 = STYLED_ITEM ( 'NONE', ( #4629 ), #1020 ) ;
#1769 = PLANE ( 'NONE',  #2734 ) ;
#1770 = ADVANCED_FACE ( 'NONE', ( #3476 ), #3919, .F. ) ;
#1771 = ORIENTED_EDGE ( 'NONE', *, *, #2683, .F. ) ;
#1772 = VERTEX_POINT ( 'NONE', #3074 ) ;
#1773 = CARTESIAN_POINT ( 'NONE',  ( -8.400000000000000355, 0.3250000000000066169, 4.425000000000005151 ) ) ;
#1774 =( GEOMETRIC_REPRESENTATION_CONTEXT ( 3 ) GLOBAL_UNCERTAINTY_ASSIGNED_CONTEXT ( ( #1795 ) ) GLOBAL_UNIT_ASSIGNED_CONTEXT ( ( #1690, #2503, #2888 ) ) REPRESENTATION_CONTEXT ( 'NONE', 'WORKASPACE' ) );
#1775 = CARTESIAN_POINT ( 'NONE',  ( -3.400000000000001243, -0.02499999999999328107, 3.800000000000006040 ) ) ;
#1776 = ADVANCED_FACE ( 'NONE', ( #1024, #2751 ), #3505, .F. ) ;
#1777 = VERTEX_POINT ( 'NONE', #3617 ) ;
#1778 = DIRECTION ( 'NONE',  ( -1.000000000000000000, -0.000000000000000000, -0.000000000000000000 ) ) ;
#1779 = VECTOR ( 'NONE', #438, 1000.000000000000000 ) ;
#1780 = ORIENTED_EDGE ( 'NONE', *, *, #846, .T. ) ;
#1781 = SURFACE_SIDE_STYLE ('',( #4756 ) ) ;
#1782 = DIRECTION ( 'NONE',  ( -0.000000000000000000, 3.491483361109382461E-15, 1.000000000000000000 ) ) ;
#1783 =( LENGTH_UNIT ( ) NAMED_UNIT ( * ) SI_UNIT ( .MILLI., .METRE. ) );
#1784 = ORIENTED_EDGE ( 'NONE', *, *, #2427, .T. ) ;
#1785 = CARTESIAN_POINT ( 'NONE',  ( -7.149999999999999467, -0.1749999999999939659, 3.575000000000006395 ) ) ;
#1786 = EDGE_CURVE ( 'NONE', #4593, #5078, #2395, .T. ) ;
#1787 = ORIENTED_EDGE ( 'NONE', *, *, #1938, .F. ) ;
#1788 = ORIENTED_EDGE ( 'NONE', *, *, #4166, .T. ) ;
#1789 = VECTOR ( 'NONE', #1857, 1000.000000000000000 ) ;
#1790 = LINE ( 'NONE', #2547, #2899 ) ;
#1791 = FACE_OUTER_BOUND ( 'NONE', #4664, .T. ) ;
#1792 = PRESENTATION_LAYER_ASSIGNMENT (  '', '', ( #3794 ) ) ;
#1793 = ORIENTED_EDGE ( 'NONE', *, *, #4132, .T. ) ;
#1794 =( LENGTH_UNIT ( ) NAMED_UNIT ( * ) SI_UNIT ( .MILLI., .METRE. ) );
#1795 = UNCERTAINTY_MEASURE_WITH_UNIT (LENGTH_MEASURE( 1.000000000000000082E-05 ), #1690, 'distance_accuracy_value', 'NONE');
#1796 = ADVANCED_FACE ( 'NONE', ( #1209 ), #4023, .F. ) ;
#1797 = PLANE ( 'NONE',  #1288 ) ;
#1798 = AXIS2_PLACEMENT_3D ( 'NONE', #5084, #5024, #4678 ) ;
#1799 = DIRECTION ( 'NONE',  ( 0.000000000000000000, -1.000000000000000000, 3.491483361109382461E-15 ) ) ;
#1800 = ORIENTED_EDGE ( 'NONE', *, *, #241, .F. ) ;
#1801 = CIRCLE ( 'NONE', #2238, 0.1499999999999999667 ) ;
#1802 = ORIENTED_EDGE ( 'NONE', *, *, #3064, .F. ) ;
#1803 = EDGE_CURVE ( 'NONE', #1047, #2622, #4133, .T. ) ;
#1804 = EDGE_CURVE ( 'NONE', #1306, #3942, #3723, .T. ) ;
#1805 = DIRECTION ( 'NONE',  ( -1.000000000000000000, -0.000000000000000000, -0.000000000000000000 ) ) ;
#1806 = STYLED_ITEM ( 'NONE', ( #964 ), #5214 ) ;
#1807 = DIRECTION ( 'NONE',  ( -1.000000000000000000, -2.710505431213777355E-16, 8.624045791263589697E-31 ) ) ;
#1808 =( NAMED_UNIT ( * ) PLANE_ANGLE_UNIT ( ) SI_UNIT ( $, .RADIAN. ) );
#1809 = ORIENTED_EDGE ( 'NONE', *, *, #5147, .F. ) ;
#1810 = DIRECTION ( 'NONE',  ( 0.000000000000000000, 1.000000000000000000, -3.310782999028464529E-15 ) ) ;
#1811 = CARTESIAN_POINT ( 'NONE',  ( -10.44999999999999929, 1.724999999999991651, -0.5249999999999975797 ) ) ;
#1812 = VERTEX_POINT ( 'NONE', #2857 ) ;
#1813 = DIRECTION ( 'NONE',  ( -1.000000000000000000, -0.000000000000000000, -0.000000000000000000 ) ) ;
#1814 = VERTEX_POINT ( 'NONE', #4856 ) ;
#1815 =( LENGTH_UNIT ( ) NAMED_UNIT ( * ) SI_UNIT ( .MILLI., .METRE. ) );
#1816 = EDGE_LOOP ( 'NONE', ( #2067, #5058, #362, #2864 ) ) ;
#1817 = EDGE_CURVE ( 'NONE', #2756, #3821, #2009, .T. ) ;
#1818 = LINE ( 'NONE', #297, #5309 ) ;
#1819 = PLANE ( 'NONE',  #2912 ) ;
#1820 = ORIENTED_EDGE ( 'NONE', *, *, #3877, .F. ) ;
#1821 = LINE ( 'NONE', #1419, #1846 ) ;
#1822 = PLANE ( 'NONE',  #3954 ) ;
#1823 = VERTEX_POINT ( 'NONE', #4563 ) ;
#1824 = ORIENTED_EDGE ( 'NONE', *, *, #4262, .F. ) ;
#1825 = VERTEX_POINT ( 'NONE', #796 ) ;
#1826 = DIRECTION ( 'NONE',  ( -0.000000000000000000, -1.000000000000000000, 0.000000000000000000 ) ) ;
#1827 = DIRECTION ( 'NONE',  ( 1.000000000000000000, 2.710505431213777355E-16, -8.624045791263589697E-31 ) ) ;
#1828 = SURFACE_STYLE_USAGE ( .BOTH. , #1722 ) ;
#1829 = CLOSED_SHELL ( 'NONE', ( #2739, #3358, #2066, #1776, #4222, #678, #4309, #3928, #1549, #2527, #3430, #4468, #425, #5214, #387, #517, #2109, #4619, #190, #4454, #123, #5300, #2946, #4032, #375, #804, #3933, #663, #3610, #1396, #2406, #5083, #5274, #1020, #1639, #2747, #1645, #3, #2598, #712, #4909, #3043, #593, #4462, #1646, #3081, #2136, #128, #1213, #180, #3165, #965, #1796, #299, #3242, #1480, #2341, #653, #4238, #3972, #405, #1930, #1625, #85, #809, #4760, #1770, #1019, #214, #3576, #637, #289, #3996, #523, #2561, #5039, #456, #700, #3965, #4295, #4742, #1576, #3843, #3403, #2276, #2386, #1550, #2812, #2865, #1423, #2628, #4714, #3210, #734, #4681, #3257, #5285, #830, #2528, #1998, #3265, #5060, #1733, #2431, #3157, #4094, #2203, #692, #3869, #4696, #1862, #3830, #3317, #3365, #5022, #4286, #4750, #1219, #3327, #3758, #1474, #4814, #1673, #3562, #2582, #111, #1513, #4268, #4524, #1523, #1986, #1129, #4890, #3288, #4188, #1606, #31, #2806, #3458, #461 ) ) ;
#1830 = DIRECTION ( 'NONE',  ( 0.000000000000000000, 3.274642926612281180E-15, 1.000000000000000000 ) ) ;
#1831 = FILL_AREA_STYLE ('',( #630 ) ) ;
#1832 = EDGE_CURVE ( 'NONE', #927, #2483, #1264, .T. ) ;
#1833 = DIRECTION ( 'NONE',  ( 0.000000000000000000, 0.000000000000000000, 1.000000000000000000 ) ) ;
#1834 = AXIS2_PLACEMENT_3D ( 'NONE', #1512, #3602, #4817 ) ;
#1835 = ORIENTED_EDGE ( 'NONE', *, *, #1605, .T. ) ;
#1836 = CARTESIAN_POINT ( 'NONE',  ( 0.000000000000000000, 1.625000000000004885, 3.125000000000000000 ) ) ;
#1837 = EDGE_CURVE ( 'NONE', #337, #3914, #2296, .T. ) ;
#1838 = ORIENTED_EDGE ( 'NONE', *, *, #2702, .F. ) ;
#1839 = PLANE ( 'NONE',  #4795 ) ;
#1840 = EDGE_LOOP ( 'NONE', ( #947, #1093, #4337, #2440 ) ) ;
#1841 = LINE ( 'NONE', #2687, #1173 ) ;
#1842 = CARTESIAN_POINT ( 'NONE',  ( -2.349999999999999645, 0.3250000000000090039, 4.425000000000005151 ) ) ;
#1843 = EDGE_CURVE ( 'NONE', #3795, #2756, #1660, .T. ) ;
#1844 = ORIENTED_EDGE ( 'NONE', *, *, #2234, .F. ) ;
#1845 = LINE ( 'NONE', #4323, #4092 ) ;
#1846 = VECTOR ( 'NONE', #1022, 1000.000000000000000 ) ;
#1847 = PRESENTATION_STYLE_ASSIGNMENT (( #5152 ) ) ;
#1848 = DIRECTION ( 'NONE',  ( -0.000000000000000000, -0.000000000000000000, -1.000000000000000000 ) ) ;
#1849 = FILL_AREA_STYLE ('',( #1478 ) ) ;
#1850 = SURFACE_STYLE_USAGE ( .BOTH. , #1879 ) ;
#1851 = MECHANICAL_DESIGN_GEOMETRIC_PRESENTATION_REPRESENTATION (  '', ( #1002 ), #4450 ) ;
#1852 = ORIENTED_EDGE ( 'NONE', *, *, #1444, .F. ) ;
#1853 = ORIENTED_EDGE ( 'NONE', *, *, #3656, .T. ) ;
#1854 = AXIS2_PLACEMENT_3D ( 'NONE', #776, #3284, #4934 ) ;
#1855 = VECTOR ( 'NONE', #4259, 1000.000000000000000 ) ;
#1856 = DIRECTION ( 'NONE',  ( -1.000000000000000000, 0.000000000000000000, 0.000000000000000000 ) ) ;
#1857 = DIRECTION ( 'NONE',  ( 0.000000000000000000, 3.491483361109382461E-15, 1.000000000000000000 ) ) ;
#1858 = DIRECTION ( 'NONE',  ( 0.000000000000000000, -3.241282859766573260E-15, -1.000000000000000000 ) ) ;
#1859 = LINE ( 'NONE', #3513, #4632 ) ;
#1860 = AXIS2_PLACEMENT_3D ( 'NONE', #1497, #4739, #3066 ) ;
#1861 = VECTOR ( 'NONE', #1807, 1000.000000000000000 ) ;
#1862 = ADVANCED_FACE ( 'NONE', ( #3639 ), #5284, .F. ) ;
#1863 = ORIENTED_EDGE ( 'NONE', *, *, #839, .F. ) ;
#1864 = CARTESIAN_POINT ( 'NONE',  ( -0.5000000000000000000, 3.874999999999999556, 3.124999999999995115 ) ) ;
#1865 = STYLED_ITEM ( 'NONE', ( #3375 ), #2739 ) ;
#1866 = ORIENTED_EDGE ( 'NONE', *, *, #4836, .F. ) ;
#1867 = CARTESIAN_POINT ( 'NONE',  ( -7.349999999999999645, -0.3249999999999939604, 3.575000000000006839 ) ) ;
#1868 = VERTEX_POINT ( 'NONE', #384 ) ;
#1869 = EDGE_CURVE ( 'NONE', #561, #1812, #3663, .T. ) ;
#1870 = AXIS2_PLACEMENT_3D ( 'NONE', #3749, #1611, #386 ) ;
#1871 = DIRECTION ( 'NONE',  ( 1.000000000000000000, 0.000000000000000000, 0.000000000000000000 ) ) ;
#1872 = DIRECTION ( 'NONE',  ( 0.000000000000000000, 0.000000000000000000, -1.000000000000000000 ) ) ;
#1873 = ORIENTED_EDGE ( 'NONE', *, *, #3271, .F. ) ;
#1874 = CARTESIAN_POINT ( 'NONE',  ( -10.75000000000000000, 3.875000000000007105, 1.774999999999992584 ) ) ;
#1875 = PRODUCT ( 'BM06B-GHS-TBT(LF)(SN)', 'BM06B-GHS-TBT(LF)(SN)', '', ( #3984 ) ) ;
#1876 = CARTESIAN_POINT ( 'NONE',  ( -10.75000000000000000, 0.3250000000000058398, 3.525000000000004796 ) ) ;
#1877 = DIRECTION ( 'NONE',  ( -1.000000000000000000, -1.355252715606885966E-16, -2.710505431213726079E-16 ) ) ;
#1878 = AXIS2_PLACEMENT_3D ( 'NONE', #1564, #4915, #4962 ) ;
#1879 = SURFACE_SIDE_STYLE ('',( #2263 ) ) ;
#1880 = ORIENTED_EDGE ( 'NONE', *, *, #4007, .F. ) ;
#1881 = ORIENTED_EDGE ( 'NONE', *, *, #864, .F. ) ;
#1882 = DIRECTION ( 'NONE',  ( 0.000000000000000000, 0.000000000000000000, -1.000000000000000000 ) ) ;
#1883 = AXIS2_PLACEMENT_3D ( 'NONE', #3710, #2818, #4870 ) ;
#1884 = PLANE ( 'NONE',  #2571 ) ;
#1885 = EDGE_CURVE ( 'NONE', #3426, #2575, #3254, .T. ) ;
#1886 = CARTESIAN_POINT ( 'NONE',  ( 0.000000000000000000, 3.875000000000007105, 3.724999999999992095 ) ) ;
#1887 = DIRECTION ( 'NONE',  ( -2.710505431213730517E-16, 3.274642926612281180E-15, 1.000000000000000000 ) ) ;
#1888 = STYLED_ITEM ( 'NONE', ( #1216 ), #1988 ) ;
#1889 = MECHANICAL_DESIGN_GEOMETRIC_PRESENTATION_REPRESENTATION (  '', ( #3022 ), #3270 ) ;
#1890 = PLANE ( 'NONE',  #4173 ) ;
#1891 = VECTOR ( 'NONE', #1379, 1000.000000000000000 ) ;
#1892 = CARTESIAN_POINT ( 'NONE',  ( -7.149999999999999467, 0.3250000000000066169, 3.575000000000005063 ) ) ;
#1893 = CARTESIAN_POINT ( 'NONE',  ( -8.400000000000000355, 0.3250000000000060063, 3.525000000000004796 ) ) ;
#1894 = ORIENTED_EDGE ( 'NONE', *, *, #1938, .T. ) ;
#1895 = LINE ( 'NONE', #3091, #4650 ) ;
#1896 = ORIENTED_EDGE ( 'NONE', *, *, #2373, .F. ) ;
#1897 = DIRECTION ( 'NONE',  ( 0.000000000000000000, -3.491483361109382461E-15, -1.000000000000000000 ) ) ;
#1898 = ORIENTED_EDGE ( 'NONE', *, *, #1914, .T. ) ;
#1899 = LINE ( 'NONE', #3966, #2112 ) ;
#1900 = DIRECTION ( 'NONE',  ( 0.000000000000000000, -1.000000000000000000, 3.181711311827809596E-15 ) ) ;
#1901 = ORIENTED_EDGE ( 'NONE', *, *, #4522, .F. ) ;
#1902 = EDGE_CURVE ( 'NONE', #382, #4579, #817, .T. ) ;
#1903 = FILL_AREA_STYLE_COLOUR ( '', #668 ) ;
#1904 = CARTESIAN_POINT ( 'NONE',  ( -3.600000000000000533, 0.1750000000000067057, 3.725000000000004974 ) ) ;
#1905 = LINE ( 'NONE', #1502, #1527 ) ;
#1906 = VERTEX_POINT ( 'NONE', #3694 ) ;
#1907 = EDGE_CURVE ( 'NONE', #1868, #2510, #19, .T. ) ;
#1908 = EDGE_LOOP ( 'NONE', ( #3501, #4471, #208, #5056, #4028, #2282, #949, #230, #4580, #660, #5142, #4478, #4411 ) ) ;
#1909 = CARTESIAN_POINT ( 'NONE',  ( -10.24999999999999822, 3.225000000000004974, 3.124999999999997780 ) ) ;
#1910 = DIRECTION ( 'NONE',  ( 0.000000000000000000, 0.000000000000000000, -1.000000000000000000 ) ) ;
#1911 = CARTESIAN_POINT ( 'NONE',  ( -10.44999999999999929, 1.724999999999991873, 0.1250000000000057454 ) ) ;
#1912 = CARTESIAN_POINT ( 'NONE',  ( -0.3000000000000004885, -0.3250000000000081157, 0.1250000000000057454 ) ) ;
#1913 = APPLICATION_PROTOCOL_DEFINITION ( 'draft international standard', 'automotive_design', 1998, #2273 ) ;
#1914 = EDGE_CURVE ( 'NONE', #1245, #4352, #2468, .T. ) ;
#1915 = CARTESIAN_POINT ( 'NONE',  ( -10.75000000000000000, 0.3250000000000033973, 2.775000000000004796 ) ) ;
#1916 = LINE ( 'NONE', #2791, #875 ) ;
#1917 = LINE ( 'NONE', #5194, #2765 ) ;
#1918 = DIRECTION ( 'NONE',  ( 0.000000000000000000, -3.614007241618349165E-15, -1.000000000000000000 ) ) ;
#1919 = PRESENTATION_LAYER_ASSIGNMENT (  '', '', ( #1663 ) ) ;
#1920 = ORIENTED_EDGE ( 'NONE', *, *, #5206, .T. ) ;
#1921 = SURFACE_STYLE_FILL_AREA ( #4398 ) ;
#1922 = EDGE_LOOP ( 'NONE', ( #3891, #667, #871, #2368 ) ) ;
#1923 = DIRECTION ( 'NONE',  ( 1.000000000000000000, -0.000000000000000000, -0.000000000000000000 ) ) ;
#1924 = FACE_OUTER_BOUND ( 'NONE', #2796, .T. ) ;
#1925 = ORIENTED_EDGE ( 'NONE', *, *, #4505, .F. ) ;
#1926 =( GEOMETRIC_REPRESENTATION_CONTEXT ( 3 ) GLOBAL_UNCERTAINTY_ASSIGNED_CONTEXT ( ( #3700 ) ) GLOBAL_UNIT_ASSIGNED_CONTEXT ( ( #2369, #383, #5235 ) ) REPRESENTATION_CONTEXT ( 'NONE', 'WORKASPACE' ) );
#1927 = SURFACE_STYLE_USAGE ( .BOTH. , #302 ) ;
#1928 = LINE ( 'NONE', #1048, #5045 ) ;
#1929 = DIRECTION ( 'NONE',  ( 0.000000000000000000, -1.000000000000000000, -0.000000000000000000 ) ) ;
#1930 = ADVANCED_FACE ( 'NONE', ( #3367 ), #5066, .T. ) ;
#1931 = FACE_OUTER_BOUND ( 'NONE', #1662, .T. ) ;
#1932 = ORIENTED_EDGE ( 'NONE', *, *, #2636, .T. ) ;
#1933 = ORIENTED_EDGE ( 'NONE', *, *, #5012, .F. ) ;
#1934 = CARTESIAN_POINT ( 'NONE',  ( 0.000000000000000000, 3.875000000000007105, 0.1249999999999996808 ) ) ;
#1935 = FACE_OUTER_BOUND ( 'NONE', #2530, .T. ) ;
#1936 = PRESENTATION_LAYER_ASSIGNMENT (  '', '', ( #2195 ) ) ;
#1937 = DIRECTION ( 'NONE',  ( 1.000000000000000000, 0.000000000000000000, 0.000000000000000000 ) ) ;
#1938 = EDGE_CURVE ( 'NONE', #1438, #33, #4885, .T. ) ;
#1939 = CARTESIAN_POINT ( 'NONE',  ( -6.099999999999999645, 0.3250000000000060063, 3.525000000000004796 ) ) ;
#1940 = VECTOR ( 'NONE', #1399, 1000.000000000000000 ) ;
#1941 = COLOUR_RGB ( '',0.9607843137254902244, 0.9607843137254902244, 0.9607843137254902244 ) ;
#1942 = ORIENTED_EDGE ( 'NONE', *, *, #139, .F. ) ;
#1943 = CARTESIAN_POINT ( 'NONE',  ( -7.149999999999999467, -0.02499999999999117511, 3.800000000000006484 ) ) ;
#1944 = EDGE_CURVE ( 'NONE', #4352, #1499, #2603, .T. ) ;
#1945 = VECTOR ( 'NONE', #4591, 1000.000000000000000 ) ;
#1946 = CARTESIAN_POINT ( 'NONE',  ( -10.24999999999999822, -0.1749999999999932998, 3.725000000000006306 ) ) ;
#1947 = LINE ( 'NONE', #4039, #3095 ) ;
#1948 = ORIENTED_EDGE ( 'NONE', *, *, #4784, .F. ) ;
#1949 = DIRECTION ( 'NONE',  ( -1.000000000000000000, -2.710505431213777355E-16, 8.624045791263589697E-31 ) ) ;
#1950 = VECTOR ( 'NONE', #629, 1000.000000000000000 ) ;
#1951 = VERTEX_POINT ( 'NONE', #3779 ) ;
#1952 = CARTESIAN_POINT ( 'NONE',  ( -2.349999999999999645, 0.3250000000000060618, 4.425000000000004263 ) ) ;
#1953 = EDGE_CURVE ( 'NONE', #718, #4807, #3504, .T. ) ;
#1954 = PLANE ( 'NONE',  #2030 ) ;
#1955 = FILL_AREA_STYLE ('',( #4072 ) ) ;
#1956 = EDGE_LOOP ( 'NONE', ( #2255, #3931, #1489, #3286 ) ) ;
#1957 = FACE_OUTER_BOUND ( 'NONE', #2157, .T. ) ;
#1958 = VECTOR ( 'NONE', #723, 1000.000000000000000 ) ;
#1959 = DIRECTION ( 'NONE',  ( 0.000000000000000000, 0.000000000000000000, -1.000000000000000000 ) ) ;
#1960 = CARTESIAN_POINT ( 'NONE',  ( -3.600000000000000533, -0.1499999999999935274, 3.350000000000005862 ) ) ;
#1961 = ORIENTED_EDGE ( 'NONE', *, *, #521, .T. ) ;
#1962 = DIRECTION ( 'NONE',  ( -1.000000000000000000, 0.000000000000000000, 0.000000000000000000 ) ) ;
#1963 = ORIENTED_EDGE ( 'NONE', *, *, #4378, .F. ) ;
#1964 = DIRECTION ( 'NONE',  ( 1.000000000000000000, -0.000000000000000000, -0.000000000000000000 ) ) ;
#1965 = CARTESIAN_POINT ( 'NONE',  ( -3.600000000000000533, -0.3249999999999911848, 4.425000000000006040 ) ) ;
#1966 = PRESENTATION_LAYER_ASSIGNMENT (  '', '', ( #870 ) ) ;
#1967 = VERTEX_POINT ( 'NONE', #1734 ) ;
#1968 = EDGE_CURVE ( 'NONE', #2419, #1709, #1710, .T. ) ;
#1969 = EDGE_CURVE ( 'NONE', #2944, #4258, #2088, .T. ) ;
#1970 = VERTEX_POINT ( 'NONE', #143 ) ;
#1971 = CARTESIAN_POINT ( 'NONE',  ( -4.850000000000001421, 0.3250000000000090039, 4.425000000000005151 ) ) ;
#1972 = DIRECTION ( 'NONE',  ( 0.000000000000000000, 0.000000000000000000, 1.000000000000000000 ) ) ;
#1973 = DIRECTION ( 'NONE',  ( -1.000000000000000000, -0.000000000000000000, -0.000000000000000000 ) ) ;
#1974 = CARTESIAN_POINT ( 'NONE',  ( -0.5000000000000000000, 3.224999999999999645, 1.774999999999994582 ) ) ;
#1975 = ORIENTED_EDGE ( 'NONE', *, *, #4977, .T. ) ;
#1976 = CARTESIAN_POINT ( 'NONE',  ( -8.699999999999999289, -0.1750000000000067613, -0.1249999999999936023 ) ) ;
#1977 = EDGE_CURVE ( 'NONE', #3446, #3619, #3748, .T. ) ;
#1978 = VECTOR ( 'NONE', #3410, 1000.000000000000000 ) ;
#1979 = VERTEX_POINT ( 'NONE', #3021 ) ;
#1980 = CARTESIAN_POINT ( 'NONE',  ( -3.399999999999999467, -0.1749999999999939659, 3.575000000000005507 ) ) ;
#1981 = DIRECTION ( 'NONE',  ( 0.000000000000000000, 1.000000000000000000, -3.310782999028464529E-15 ) ) ;
#1982 = CIRCLE ( 'NONE', #108, 0.1499999999999999667 ) ;
#1983 = DIRECTION ( 'NONE',  ( 2.710505431213777355E-16, -1.000000000000000000, 3.324683026880842862E-15 ) ) ;
#1984 = ORIENTED_EDGE ( 'NONE', *, *, #3900, .T. ) ;
#1985 = ORIENTED_EDGE ( 'NONE', *, *, #4836, .T. ) ;
#1986 = ADVANCED_FACE ( 'NONE', ( #4263 ), #90, .F. ) ;
#1987 = LINE ( 'NONE', #4159, #3083 ) ;
#1988 = ADVANCED_BREP_SHAPE_REPRESENTATION ( 'BM06B-GHS-TBT(LF)(SN)', ( #2178, #2844 ), #5170 ) ;
#1989 = ORIENTED_EDGE ( 'NONE', *, *, #2702, .T. ) ;
#1990 = LINE ( 'NONE', #3312, #1251 ) ;
#1991 = PRESENTATION_STYLE_ASSIGNMENT (( #4542 ) ) ;
#1992 = PLANE ( 'NONE',  #3846 ) ;
#1993 = DIRECTION ( 'NONE',  ( 1.000000000000000000, -0.000000000000000000, -0.000000000000000000 ) ) ;
#1994 = VERTEX_POINT ( 'NONE', #1338 ) ;
#1995 = LINE ( 'NONE', #3647, #5260 ) ;
#1996 = LINE ( 'NONE', #3171, #29 ) ;
#1997 = EDGE_CURVE ( 'NONE', #3861, #3951, #1790, .T. ) ;
#1998 = ADVANCED_FACE ( 'NONE', ( #3857 ), #1758, .F. ) ;
#1999 = DIRECTION ( 'NONE',  ( 0.000000000000000000, 1.000000000000000000, -0.000000000000000000 ) ) ;
#2000 = ORIENTED_EDGE ( 'NONE', *, *, #2192, .F. ) ;
#2001 = LINE ( 'NONE', #1572, #4283 ) ;
#2002 = ORIENTED_EDGE ( 'NONE', *, *, #930, .F. ) ;
#2003 =( LENGTH_UNIT ( ) NAMED_UNIT ( * ) SI_UNIT ( .MILLI., .METRE. ) );
#2004 = CARTESIAN_POINT ( 'NONE',  ( -7.349999999999999645, 0.05000000000000669187, 3.800000000000006040 ) ) ;
#2005 =( GEOMETRIC_REPRESENTATION_CONTEXT ( 3 ) GLOBAL_UNCERTAINTY_ASSIGNED_CONTEXT ( ( #253 ) ) GLOBAL_UNIT_ASSIGNED_CONTEXT ( ( #656, #3516, #680 ) ) REPRESENTATION_CONTEXT ( 'NONE', 'WORKASPACE' ) );
#2006 = CARTESIAN_POINT ( 'NONE',  ( -5.900000000000000355, 0.1750000000000062061, 3.575000000000005063 ) ) ;
#2007 = ORIENTED_EDGE ( 'NONE', *, *, #1035, .T. ) ;
#2008 = CIRCLE ( 'NONE', #2880, 0.1499999999999999667 ) ;
#2009 = LINE ( 'NONE', #1153, #3670 ) ;
#2010 = DIRECTION ( 'NONE',  ( 0.000000000000000000, 0.000000000000000000, 1.000000000000000000 ) ) ;
#2011 = PRESENTATION_LAYER_ASSIGNMENT (  '', '', ( #2185 ) ) ;
#2012 = ORIENTED_EDGE ( 'NONE', *, *, #3100, .T. ) ;
#2013 = CARTESIAN_POINT ( 'NONE',  ( -3.600000000000000533, 0.3250000000000060618, 3.575000000000004619 ) ) ;
#2014 = CARTESIAN_POINT ( 'NONE',  ( -10.75000000000000000, 0.3250000000000058398, 3.525000000000004796 ) ) ;
#2015 = PLANE ( 'NONE',  #237 ) ;
#2016 = EDGE_CURVE ( 'NONE', #3584, #4258, #4210, .T. ) ;
#2017 = DIRECTION ( 'NONE',  ( 0.000000000000000000, 0.000000000000000000, 1.000000000000000000 ) ) ;
#2018 = ORIENTED_EDGE ( 'NONE', *, *, #1786, .T. ) ;
#2019 = VECTOR ( 'NONE', #4069, 1000.000000000000000 ) ;
#2020 = ORIENTED_EDGE ( 'NONE', *, *, #1290, .T. ) ;
#2021 = DIRECTION ( 'NONE',  ( 6.781698177820811488E-32, -1.000000000000000000, 3.241282859766573260E-15 ) ) ;
#2022 = LINE ( 'NONE', #3678, #4572 ) ;
#2023 = CIRCLE ( 'NONE', #1511, 0.1499999999999999667 ) ;
#2024 = ORIENTED_EDGE ( 'NONE', *, *, #5147, .T. ) ;
#2025 = ORIENTED_EDGE ( 'NONE', *, *, #1760, .T. ) ;
#2026 = CARTESIAN_POINT ( 'NONE',  ( -0.5000000000000000000, 3.224999999999999645, 1.774999999999992584 ) ) ;
#2027 = ORIENTED_EDGE ( 'NONE', *, *, #4601, .F. ) ;
#2028 = SURFACE_STYLE_FILL_AREA ( #403 ) ;
#2029 = EDGE_CURVE ( 'NONE', #2545, #4497, #3414, .T. ) ;
#2030 = AXIS2_PLACEMENT_3D ( 'NONE', #2826, #812, #1229 ) ;
#2031 = VECTOR ( 'NONE', #4711, 1000.000000000000000 ) ;
#2032 = FACE_OUTER_BOUND ( 'NONE', #3842, .T. ) ;
#2033 = DIRECTION ( 'NONE',  ( 0.000000000000000000, 0.000000000000000000, -1.000000000000000000 ) ) ;
#2034 = VECTOR ( 'NONE', #2404, 1000.000000000000000 ) ;
#2035 = VERTEX_POINT ( 'NONE', #1392 ) ;
#2036 = EDGE_LOOP ( 'NONE', ( #771, #2671, #4017, #2536 ) ) ;
#2037 = EDGE_CURVE ( 'NONE', #1052, #5173, #951, .T. ) ;
#2038 = EDGE_CURVE ( 'NONE', #1672, #1245, #62, .T. ) ;
#2039 = VECTOR ( 'NONE', #2151, 1000.000000000000000 ) ;
#2040 = LINE ( 'NONE', #4935, #3173 ) ;
#2041 = ORIENTED_EDGE ( 'NONE', *, *, #353, .F. ) ;
#2042 = VECTOR ( 'NONE', #3890, 1000.000000000000000 ) ;
#2043 = FACE_OUTER_BOUND ( 'NONE', #4068, .T. ) ;
#2044 = DIRECTION ( 'NONE',  ( 0.000000000000000000, -9.035018104045872913E-16, 1.000000000000000000 ) ) ;
#2045 = DIRECTION ( 'NONE',  ( 0.000000000000000000, -3.324683026880842862E-15, -1.000000000000000000 ) ) ;
#2046 = PLANE ( 'NONE',  #3773 ) ;
#2047 = EDGE_LOOP ( 'NONE', ( #4955, #4644, #1205, #752 ) ) ;
#2048 = EDGE_CURVE ( 'NONE', #427, #1412, #2576, .T. ) ;
#2049 = VECTOR ( 'NONE', #2846, 1000.000000000000000 ) ;
#2050 = DIRECTION ( 'NONE',  ( 0.000000000000000000, 0.000000000000000000, -1.000000000000000000 ) ) ;
#2051 = CARTESIAN_POINT ( 'NONE',  ( -6.099999999999999645, 0.3250000000000060618, 4.425000000000004263 ) ) ;
#2052 = VECTOR ( 'NONE', #1575, 1000.000000000000000 ) ;
#2053 = ORIENTED_EDGE ( 'NONE', *, *, #3902, .T. ) ;
#2054 = SURFACE_SIDE_STYLE ('',( #4119 ) ) ;
#2055 = ORIENTED_EDGE ( 'NONE', *, *, #759, .F. ) ;
#2056 = DIRECTION ( 'NONE',  ( 0.000000000000000000, 1.000000000000000000, 0.000000000000000000 ) ) ;
#2057 = AXIS2_PLACEMENT_3D ( 'NONE', #1023, #4445, #5126 ) ;
#2058 = FILL_AREA_STYLE ('',( #332 ) ) ;
#2059 = PRESENTATION_STYLE_ASSIGNMENT (( #4048 ) ) ;
#2060 = VECTOR ( 'NONE', #3051, 1000.000000000000000 ) ;
#2061 = ORIENTED_EDGE ( 'NONE', *, *, #1244, .T. ) ;
#2062 =( LENGTH_UNIT ( ) NAMED_UNIT ( * ) SI_UNIT ( .MILLI., .METRE. ) );
#2063 = ORIENTED_EDGE ( 'NONE', *, *, #2167, .F. ) ;
#2064 = VECTOR ( 'NONE', #2188, 1000.000000000000000 ) ;
#2065 = PLANE ( 'NONE',  #1445 ) ;
#2066 = ADVANCED_FACE ( 'NONE', ( #472 ), #3339, .F. ) ;
#2067 = ORIENTED_EDGE ( 'NONE', *, *, #2597, .F. ) ;
#2068 = DIRECTION ( 'NONE',  ( -0.000000000000000000, -1.000000000000000000, 0.000000000000000000 ) ) ;
#2069 = SURFACE_SIDE_STYLE ('',( #3701 ) ) ;
#2070 = DIRECTION ( 'NONE',  ( 1.000000000000000000, 2.710505431213777355E-16, -8.624045791263589697E-31 ) ) ;
#2071 = DIRECTION ( 'NONE',  ( -0.000000000000000000, -1.000000000000000000, 3.491483361109382461E-15 ) ) ;
#2072 = EDGE_CURVE ( 'NONE', #2545, #1967, #2520, .T. ) ;
#2073 = ORIENTED_EDGE ( 'NONE', *, *, #2235, .F. ) ;
#2074 = CARTESIAN_POINT ( 'NONE',  ( -8.599999999999999645, -0.3249999999999911848, 4.425000000000006928 ) ) ;
#2075 = CARTESIAN_POINT ( 'NONE',  ( -4.649999999999999467, -0.3249999999999917399, 4.425000000000006928 ) ) ;
#2076 = LINE ( 'NONE', #2565, #967 ) ;
#2077 = ORIENTED_EDGE ( 'NONE', *, *, #754, .F. ) ;
#2078 = EDGE_LOOP ( 'NONE', ( #1844, #2782, #301, #2171 ) ) ;
#2079 = CARTESIAN_POINT ( 'NONE',  ( -10.75000000000000000, 0.3250000000000033418, 2.775000000000004796 ) ) ;
#2080 = VERTEX_POINT ( 'NONE', #689 ) ;
#2081 = LINE ( 'NONE', #492, #2794 ) ;
#2082 = CYLINDRICAL_SURFACE ( 'NONE', #1029, 0.1499999999999999667 ) ;
#2083 = CARTESIAN_POINT ( 'NONE',  ( -2.049999999999998934, 3.074999999999996625, 0.8749999999999942268 ) ) ;
#2084 = CARTESIAN_POINT ( 'NONE',  ( -0.5000000000000000000, 0.4249999999999941602, 0.1250000000000040246 ) ) ;
#2085 = ORIENTED_EDGE ( 'NONE', *, *, #1832, .T. ) ;
#2086 = SURFACE_STYLE_USAGE ( .BOTH. , #2932 ) ;
#2087 = EDGE_LOOP ( 'NONE', ( #3765, #4009, #2018, #1044 ) ) ;
#2088 = LINE ( 'NONE', #3832, #1945 ) ;
#2089 = CARTESIAN_POINT ( 'NONE',  ( 0.000000000000000000, 3.225000000000004974, 3.724999999999992095 ) ) ;
#2090 = EDGE_LOOP ( 'NONE', ( #2105, #4628, #2351, #3873 ) ) ;
#2091 = COLOUR_RGB ( '',0.9607843137254902244, 0.9607843137254902244, 0.9607843137254902244 ) ;
#2092 = CARTESIAN_POINT ( 'NONE',  ( -5.899999999999998579, -0.1749999999999944933, 3.425000000000005596 ) ) ;
#2093 = EDGE_CURVE ( 'NONE', #1906, #1304, #3992, .T. ) ;
#2094 = FACE_OUTER_BOUND ( 'NONE', #1231, .T. ) ;
#2095 = DIRECTION ( 'NONE',  ( 1.000000000000000000, -0.000000000000000000, 0.000000000000000000 ) ) ;
#2096 = EDGE_CURVE ( 'NONE', #992, #4873, #1818, .T. ) ;
#2097 = VECTOR ( 'NONE', #3668, 1000.000000000000000 ) ;
#2098 = ORIENTED_EDGE ( 'NONE', *, *, #1250, .T. ) ;
#2099 = PLANE ( 'NONE',  #1517 ) ;
#2100 = ORIENTED_EDGE ( 'NONE', *, *, #1311, .F. ) ;
#2101 = FACE_OUTER_BOUND ( 'NONE', #274, .T. ) ;
#2102 = CARTESIAN_POINT ( 'NONE',  ( -0.5000000000000000000, 3.875000000000007105, 3.724999999999992095 ) ) ;
#2103 = CYLINDRICAL_SURFACE ( 'NONE', #4231, 0.07499999999999998335 ) ;
#2104 = CARTESIAN_POINT ( 'NONE',  ( -5.899999999999998579, -0.02499999999999118205, 4.425000000000005151 ) ) ;
#2105 = ORIENTED_EDGE ( 'NONE', *, *, #3705, .T. ) ;
#2106 = DIRECTION ( 'NONE',  ( 0.000000000000000000, 0.000000000000000000, 1.000000000000000000 ) ) ;
#2107 = VERTEX_POINT ( 'NONE', #2630 ) ;
#2108 = PRESENTATION_LAYER_ASSIGNMENT (  '', '', ( #239 ) ) ;
#2109 = ADVANCED_FACE ( 'NONE', ( #4372 ), #4345, .T. ) ;
#2110 = DIRECTION ( 'NONE',  ( -1.000000000000000000, -9.463684613279350699E-31, -2.710505431213730517E-16 ) ) ;
#2111 = LINE ( 'NONE', #3389, #4127 ) ;
#2112 = VECTOR ( 'NONE', #2660, 1000.000000000000000 ) ;
#2113 = FILL_AREA_STYLE_COLOUR ( '', #2181 ) ;
#2114 = ORIENTED_EDGE ( 'NONE', *, *, #1619, .T. ) ;
#2115 = FACE_OUTER_BOUND ( 'NONE', #585, .T. ) ;
#2116 = FILL_AREA_STYLE ('',( #3863 ) ) ;
#2117 = COLOUR_RGB ( '',0.9607843137254902244, 0.9607843137254902244, 0.9607843137254902244 ) ;
#2118 = FACE_OUTER_BOUND ( 'NONE', #326, .T. ) ;
#2119 = CARTESIAN_POINT ( 'NONE',  ( -9.250000000000000000, 1.274999999999999023, 1.575000000000002620 ) ) ;
#2120 = PRODUCT_RELATED_PRODUCT_CATEGORY ( 'part', '', ( #1875 ) ) ;
#2121 = ORIENTED_EDGE ( 'NONE', *, *, #4131, .T. ) ;
#2122 = CARTESIAN_POINT ( 'NONE',  ( -2.049999999999998934, 2.074999999999997957, 1.274999999999997913 ) ) ;
#2123 = CIRCLE ( 'NONE', #1531, 0.07499999999999998335 ) ;
#2124 = CARTESIAN_POINT ( 'NONE',  ( -0.5000000000000000000, 1.724999999999991873, -0.5250000000000006883 ) ) ;
#2125 = DIRECTION ( 'NONE',  ( 0.000000000000000000, 0.000000000000000000, 1.000000000000000000 ) ) ;
#2126 = EDGE_CURVE ( 'NONE', #2954, #106, #3581, .T. ) ;
#2127 = EDGE_CURVE ( 'NONE', #3726, #4353, #1045, .T. ) ;
#2128 = ORIENTED_EDGE ( 'NONE', *, *, #1506, .T. ) ;
#2129 = ORIENTED_EDGE ( 'NONE', *, *, #495, .T. ) ;
#2130 = CARTESIAN_POINT ( 'NONE',  ( -8.400000000000000355, -0.1499999999999933054, 3.425000000000006040 ) ) ;
#2131 = CARTESIAN_POINT ( 'NONE',  ( -10.75000000000000000, -0.07499999999999541755, 2.775000000000006128 ) ) ;
#2132 = VECTOR ( 'NONE', #5158, 1000.000000000000000 ) ;
#2133 = LINE ( 'NONE', #1753, #4663 ) ;
#2134 = VERTEX_POINT ( 'NONE', #1415 ) ;
#2135 = PRESENTATION_STYLE_ASSIGNMENT (( #2797 ) ) ;
#2136 = ADVANCED_FACE ( 'NONE', ( #2256 ), #994, .F. ) ;
#2137 = EDGE_LOOP ( 'NONE', ( #1262, #2362, #2600, #1207, #1448, #2992, #4073, #5105, #888, #378, #1863, #598, #4147, #1211, #464, #1621 ) ) ;
#2138 = COLOUR_RGB ( '',0.9607843137254902244, 0.9607843137254902244, 0.9607843137254902244 ) ;
#2139 = SURFACE_STYLE_USAGE ( .BOTH. , #2544 ) ;
#2140 = COLOUR_RGB ( '',0.9607843137254902244, 0.9607843137254902244, 0.9607843137254902244 ) ;
#2141 = EDGE_LOOP ( 'NONE', ( #3076, #1800, #2948, #3272 ) ) ;
#2142 = CARTESIAN_POINT ( 'NONE',  ( -10.44999999999999929, -0.3250000000000001221, 1.675000000000008482 ) ) ;
#2143 = VECTOR ( 'NONE', #3321, 1000.000000000000000 ) ;
#2144 = DIRECTION ( 'NONE',  ( 1.000000000000000000, -0.000000000000000000, 0.000000000000000000 ) ) ;
#2145 = EDGE_CURVE ( 'NONE', #4691, #3676, #1841, .T. ) ;
#2146 = VERTEX_POINT ( 'NONE', #2226 ) ;
#2147 = SURFACE_SIDE_STYLE ('',( #2552 ) ) ;
#2148 = DIRECTION ( 'NONE',  ( 1.000000000000000000, 2.710505431213777355E-16, -8.624045791263589697E-31 ) ) ;
#2149 = CARTESIAN_POINT ( 'NONE',  ( -10.75000000000000000, 0.4750000000000059175, 3.525000000000004352 ) ) ;
#2150 = CARTESIAN_POINT ( 'NONE',  ( -3.149999999999999023, 2.074999999999997513, 1.274999999999998801 ) ) ;
#2151 = DIRECTION ( 'NONE',  ( -0.000000000000000000, 1.000000000000000000, 0.000000000000000000 ) ) ;
#2152 = MECHANICAL_DESIGN_GEOMETRIC_PRESENTATION_REPRESENTATION (  '', ( #3982 ), #1642 ) ;
#2153 = VERTEX_POINT ( 'NONE', #2745 ) ;
#2154 = LINE ( 'NONE', #4598, #3223 ) ;
#2155 =( NAMED_UNIT ( * ) PLANE_ANGLE_UNIT ( ) SI_UNIT ( $, .RADIAN. ) );
#2156 = DIRECTION ( 'NONE',  ( 0.000000000000000000, -9.035018104045872913E-16, 1.000000000000000000 ) ) ;
#2157 = EDGE_LOOP ( 'NONE', ( #28, #935, #3407, #2713 ) ) ;
#2158 = ORIENTED_EDGE ( 'NONE', *, *, #2645, .T. ) ;
#2159 = DIRECTION ( 'NONE',  ( 0.000000000000000000, 0.000000000000000000, -1.000000000000000000 ) ) ;
#2160 = DIRECTION ( 'NONE',  ( -1.355252715606877091E-16, 1.000000000000000000, -3.274642926612281180E-15 ) ) ;
#2161 = EDGE_CURVE ( 'NONE', #4677, #1030, #665, .T. ) ;
#2162 = LINE ( 'NONE', #3013, #2064 ) ;
#2163 = FACE_OUTER_BOUND ( 'NONE', #3259, .T. ) ;
#2164 = EDGE_LOOP ( 'NONE', ( #4223, #3121, #3060, #528 ) ) ;
#2165 = SURFACE_STYLE_USAGE ( .BOTH. , #560 ) ;
#2166 = ORIENTED_EDGE ( 'NONE', *, *, #1384, .T. ) ;
#2167 = EDGE_CURVE ( 'NONE', #4559, #3977, #1899, .T. ) ;
#2168 = CARTESIAN_POINT ( 'NONE',  ( -3.600000000000000533, -0.1749999999999939937, 3.575000000000005507 ) ) ;
#2169 = PLANE ( 'NONE',  #1617 ) ;
#2170 = FACE_OUTER_BOUND ( 'NONE', #283, .T. ) ;
#2171 = ORIENTED_EDGE ( 'NONE', *, *, #3669, .F. ) ;
#2172 = DIRECTION ( 'NONE',  ( -0.000000000000000000, -0.000000000000000000, 1.000000000000000000 ) ) ;
#2173 = CARTESIAN_POINT ( 'NONE',  ( -3.399999999999999467, 0.3250000000000090039, 3.425000000000005151 ) ) ;
#2174 = EDGE_CURVE ( 'NONE', #3975, #2433, #3467, .T. ) ;
#2175 = DIRECTION ( 'NONE',  ( 1.000000000000000000, 9.463684613279350699E-31, 2.710505431213730517E-16 ) ) ;
#2176 = LINE ( 'NONE', #1001, #4209 ) ;
#2177 = STYLED_ITEM ( 'NONE', ( #3295 ), #3 ) ;
#2178 = MANIFOLD_SOLID_BREP ( 'NONE', #1829 ) ;
#2179 = ORIENTED_EDGE ( 'NONE', *, *, #3099, .T. ) ;
#2180 = LINE ( 'NONE', #2089, #1242 ) ;
#2181 = COLOUR_RGB ( '',0.9607843137254902244, 0.9607843137254902244, 0.9607843137254902244 ) ;
#2182 = EDGE_CURVE ( 'NONE', #3855, #18, #4712, .T. ) ;
#2183 = CARTESIAN_POINT ( 'NONE',  ( -8.699999999999999289, 2.074999999999997957, 1.274999999999998801 ) ) ;
#2184 = DIRECTION ( 'NONE',  ( 0.000000000000000000, 1.000000000000000000, -3.491483361109382461E-15 ) ) ;
#2185 = STYLED_ITEM ( 'NONE', ( #250 ), #593 ) ;
#2186 = CARTESIAN_POINT ( 'NONE',  ( -10.75000000000000000, 0.4750000000000061395, 3.525000000000004352 ) ) ;
#2187 =( NAMED_UNIT ( * ) PLANE_ANGLE_UNIT ( ) SI_UNIT ( $, .RADIAN. ) );
#2188 = DIRECTION ( 'NONE',  ( 1.000000000000000000, 9.463684613279350699E-31, 2.710505431213730517E-16 ) ) ;
#2189 = CARTESIAN_POINT ( 'NONE',  ( -10.44999999999999929, 3.874999999999991562, -0.5250000000000051292 ) ) ;
#2190 = COLOUR_RGB ( '',0.9607843137254902244, 0.9607843137254902244, 0.9607843137254902244 ) ;
#2191 = VERTEX_POINT ( 'NONE', #3145 ) ;
#2192 = EDGE_CURVE ( 'NONE', #2622, #113, #2817, .T. ) ;
#2193 = PLANE ( 'NONE',  #2200 ) ;
#2194 = ORIENTED_EDGE ( 'NONE', *, *, #1803, .T. ) ;
#2195 = STYLED_ITEM ( 'NONE', ( #2773 ), #1549 ) ;
#2196 = APPLICATION_CONTEXT ( 'automotive_design' ) ;
#2197 = DIRECTION ( 'NONE',  ( -0.000000000000000000, -0.000000000000000000, -1.000000000000000000 ) ) ;
#2198 = LINE ( 'NONE', #1759, #4040 ) ;
#2199 = AXIS2_PLACEMENT_3D ( 'NONE', #305, #3534, #1049 ) ;
#2200 = AXIS2_PLACEMENT_3D ( 'NONE', #3885, #5095, #2254 ) ;
#2201 = ORIENTED_EDGE ( 'NONE', *, *, #309, .T. ) ;
#2202 = EDGE_CURVE ( 'NONE', #1634, #351, #3613, .T. ) ;
#2203 = ADVANCED_FACE ( 'NONE', ( #4876 ), #1954, .T. ) ;
#2204 = CARTESIAN_POINT ( 'NONE',  ( -7.149999999999999467, 0.3250000000000090039, 3.725000000000005862 ) ) ;
#2205 = PRESENTATION_LAYER_ASSIGNMENT (  '', '', ( #3856 ) ) ;
#2206 =( NAMED_UNIT ( * ) PLANE_ANGLE_UNIT ( ) SI_UNIT ( $, .RADIAN. ) );
#2207 =( NAMED_UNIT ( * ) PLANE_ANGLE_UNIT ( ) SI_UNIT ( $, .RADIAN. ) );
#2208 =( LENGTH_UNIT ( ) NAMED_UNIT ( * ) SI_UNIT ( .MILLI., .METRE. ) );
#2209 = PRESENTATION_LAYER_ASSIGNMENT (  '', '', ( #160 ) ) ;
#2210 = ORIENTED_EDGE ( 'NONE', *, *, #3373, .T. ) ;
#2211 = ORIENTED_EDGE ( 'NONE', *, *, #308, .T. ) ;
#2212 = CARTESIAN_POINT ( 'NONE',  ( -8.400000000000000355, -0.1749999999999966027, 2.775000000000006573 ) ) ;
#2213 =( NAMED_UNIT ( * ) SI_UNIT ( $, .STERADIAN. ) SOLID_ANGLE_UNIT ( ) );
#2214 = FACE_OUTER_BOUND ( 'NONE', #4000, .T. ) ;
#2215 = EDGE_CURVE ( 'NONE', #3922, #4684, #3179, .T. ) ;
#2216 = VECTOR ( 'NONE', #3340, 1000.000000000000000 ) ;
#2217 = SURFACE_STYLE_USAGE ( .BOTH. , #2619 ) ;
#2218 = CARTESIAN_POINT ( 'NONE',  ( -10.75000000000000000, 0.3250000000000059508, 3.525000000000004796 ) ) ;
#2219 = LINE ( 'NONE', #3461, #2930 ) ;
#2220 = EDGE_LOOP ( 'NONE', ( #4020, #1731, #4180, #3252 ) ) ;
#2221 = AXIS2_PLACEMENT_3D ( 'NONE', #193, #1813, #1918 ) ;
#2222 = ORIENTED_EDGE ( 'NONE', *, *, #987, .T. ) ;
#2223 = DIRECTION ( 'NONE',  ( 0.000000000000000000, -1.000000000000000000, 3.491483361109382461E-15 ) ) ;
#2224 = ORIENTED_EDGE ( 'NONE', *, *, #4555, .T. ) ;
#2225 = CIRCLE ( 'NONE', #93, 0.07499999999999998335 ) ;
#2226 = CARTESIAN_POINT ( 'NONE',  ( -3.399999999999999467, 0.3250000000000046740, 2.775000000000003908 ) ) ;
#2227 = CARTESIAN_POINT ( 'NONE',  ( -8.599999999999999645, 0.3250000000000090039, 4.425000000000005151 ) ) ;
#2228 = STYLED_ITEM ( 'NONE', ( #4828 ), #4032 ) ;
#2229 = EDGE_LOOP ( 'NONE', ( #641, #2077, #984, #2763 ) ) ;
#2230 = LINE ( 'NONE', #3470, #1156 ) ;
#2231 = UNCERTAINTY_MEASURE_WITH_UNIT (LENGTH_MEASURE( 1.000000000000000082E-05 ), #4311, 'distance_accuracy_value', 'NONE');
#2232 = FILL_AREA_STYLE_COLOUR ( '', #4910 ) ;
#2233 = CARTESIAN_POINT ( 'NONE',  ( -9.749999999999998224, 1.274999999999997247, 1.075000000000002620 ) ) ;
#2234 = EDGE_CURVE ( 'NONE', #1659, #3746, #2549, .T. ) ;
#2235 = EDGE_CURVE ( 'NONE', #1442, #2575, #2435, .T. ) ;
#2236 = CARTESIAN_POINT ( 'NONE',  ( -2.049999999999999378, 3.874999999999996003, 1.274999999999992362 ) ) ;
#2237 = ORIENTED_EDGE ( 'NONE', *, *, #4354, .F. ) ;
#2238 = AXIS2_PLACEMENT_3D ( 'NONE', #4386, #4842, #1083 ) ;
#2239 = VERTEX_POINT ( 'NONE', #36 ) ;
#2240 = EDGE_LOOP ( 'NONE', ( #2829, #120, #482, #1522, #2445, #4205, #2494, #3032 ) ) ;
#2241 = DIRECTION ( 'NONE',  ( 0.000000000000000000, 1.000000000000000000, -3.274642926612281180E-15 ) ) ;
#2242 = DIRECTION ( 'NONE',  ( 0.000000000000000000, 0.000000000000000000, 1.000000000000000000 ) ) ;
#2243 = LINE ( 'NONE', #2616, #1715 ) ;
#2244 = EDGE_CURVE ( 'NONE', #891, #3795, #437, .T. ) ;
#2245 = AXIS2_PLACEMENT_3D ( 'NONE', #708, #1059, #2302 ) ;
#2246 = CARTESIAN_POINT ( 'NONE',  ( -5.899999999999998579, 0.3250000000000090039, 4.425000000000004263 ) ) ;
#2247 = FACE_BOUND ( 'NONE', #4736, .T. ) ;
#2248 = DIRECTION ( 'NONE',  ( 0.000000000000000000, 1.000000000000000000, -0.000000000000000000 ) ) ;
#2249 = EDGE_CURVE ( 'NONE', #1736, #4118, #4500, .T. ) ;
#2250 = FACE_OUTER_BOUND ( 'NONE', #1840, .T. ) ;
#2251 = ORIENTED_EDGE ( 'NONE', *, *, #1158, .F. ) ;
#2252 = PRESENTATION_STYLE_ASSIGNMENT (( #3882 ) ) ;
#2253 = ORIENTED_EDGE ( 'NONE', *, *, #4123, .T. ) ;
#2254 = DIRECTION ( 'NONE',  ( 0.000000000000000000, 1.000000000000000000, -3.491483361109382461E-15 ) ) ;
#2255 = ORIENTED_EDGE ( 'NONE', *, *, #872, .T. ) ;
#2256 = FACE_OUTER_BOUND ( 'NONE', #2897, .T. ) ;
#2257 = DIRECTION ( 'NONE',  ( -1.000000000000000000, 0.000000000000000000, 0.000000000000000000 ) ) ;
#2258 = EDGE_LOOP ( 'NONE', ( #2587, #126, #396, #2890 ) ) ;
#2259 = DIRECTION ( 'NONE',  ( 0.000000000000000000, -1.000000000000000000, -0.000000000000000000 ) ) ;
#2260 = DIRECTION ( 'NONE',  ( 0.000000000000000000, 0.000000000000000000, -1.000000000000000000 ) ) ;
#2261 = FACE_OUTER_BOUND ( 'NONE', #4900, .T. ) ;
#2262 = DIRECTION ( 'NONE',  ( -0.000000000000000000, -0.000000000000000000, -1.000000000000000000 ) ) ;
#2263 = SURFACE_STYLE_FILL_AREA ( #3075 ) ;
#2264 = ORIENTED_EDGE ( 'NONE', *, *, #5279, .F. ) ;
#2265 = ORIENTED_EDGE ( 'NONE', *, *, #2493, .T. ) ;
#2266 = EDGE_CURVE ( 'NONE', #4912, #861, #4475, .T. ) ;
#2267 = DIRECTION ( 'NONE',  ( 0.000000000000000000, -3.241282859766573260E-15, -1.000000000000000000 ) ) ;
#2268 = LINE ( 'NONE', #3952, #1789 ) ;
#2269 = DIRECTION ( 'NONE',  ( 6.781698177820811488E-32, -1.000000000000000000, 3.241282859766573260E-15 ) ) ;
#2270 = VECTOR ( 'NONE', #4604, 1000.000000000000000 ) ;
#2271 = CARTESIAN_POINT ( 'NONE',  ( -2.349999999999999645, -0.3249999999999911848, 4.425000000000006040 ) ) ;
#2272 =( NAMED_UNIT ( * ) SI_UNIT ( $, .STERADIAN. ) SOLID_ANGLE_UNIT ( ) );
#2273 = APPLICATION_CONTEXT ( 'automotive_design' ) ;
#2274 = STYLED_ITEM ( 'NONE', ( #4084 ), #190 ) ;
#2275 = EDGE_CURVE ( 'NONE', #3521, #4430, #793, .T. ) ;
#2276 = ADVANCED_FACE ( 'NONE', ( #838 ), #5258, .F. ) ;
#2277 = CARTESIAN_POINT ( 'NONE',  ( -6.099999999999999645, -0.3249999999999911848, 4.425000000000006928 ) ) ;
#2278 = CARTESIAN_POINT ( 'NONE',  ( -3.600000000000000533, 0.3250000000000090039, 3.725000000000004974 ) ) ;
#2279 = ORIENTED_EDGE ( 'NONE', *, *, #1405, .F. ) ;
#2280 = AXIS2_PLACEMENT_3D ( 'NONE', #3943, #3530, #5180 ) ;
#2281 =( NAMED_UNIT ( * ) PLANE_ANGLE_UNIT ( ) SI_UNIT ( $, .RADIAN. ) );
#2282 = ORIENTED_EDGE ( 'NONE', *, *, #4672, .F. ) ;
#2283 = LINE ( 'NONE', #3936, #2546 ) ;
#2284 = ORIENTED_EDGE ( 'NONE', *, *, #2973, .F. ) ;
#2285 = DIRECTION ( 'NONE',  ( 0.000000000000000000, -8.854317741964954981E-15, 1.000000000000000000 ) ) ;
#2286 = EDGE_LOOP ( 'NONE', ( #4240, #920, #889, #2567, #2100 ) ) ;
#2287 = FILL_AREA_STYLE ('',( #1903 ) ) ;
#2288 = EDGE_CURVE ( 'NONE', #1825, #1350, #5237, .T. ) ;
#2289 = FACE_OUTER_BOUND ( 'NONE', #2848, .T. ) ;
#2290 = UNCERTAINTY_MEASURE_WITH_UNIT (LENGTH_MEASURE( 1.000000000000000082E-05 ), #2208, 'distance_accuracy_value', 'NONE');
#2291 = DIRECTION ( 'NONE',  ( 3.717264591378872697E-17, 3.491483361109382461E-15, 1.000000000000000000 ) ) ;
#2292 = COLOUR_RGB ( '',0.9607843137254902244, 0.9607843137254902244, 0.9607843137254902244 ) ;
#2293 = ORIENTED_EDGE ( 'NONE', *, *, #3712, .F. ) ;
#2294 = ORIENTED_EDGE ( 'NONE', *, *, #5073, .F. ) ;
#2295 = LINE ( 'NONE', #3950, #3492 ) ;
#2296 = CIRCLE ( 'NONE', #602, 0.07499999999999998335 ) ;
#2297 = ORIENTED_EDGE ( 'NONE', *, *, #4588, .F. ) ;
#2298 = VECTOR ( 'NONE', #3248, 1000.000000000000000 ) ;
#2299 = CARTESIAN_POINT ( 'NONE',  ( -7.349999999999999645, 0.3250000000000090039, 4.425000000000004263 ) ) ;
#2300 = FACE_OUTER_BOUND ( 'NONE', #1260, .T. ) ;
#2301 = DIRECTION ( 'NONE',  ( -0.000000000000000000, -0.000000000000000000, 1.000000000000000000 ) ) ;
#2302 = DIRECTION ( 'NONE',  ( 0.000000000000000000, 1.000000000000000000, -3.491483361109382461E-15 ) ) ;
#2303 = VECTOR ( 'NONE', #211, 1000.000000000000000 ) ;
#2304 = VECTOR ( 'NONE', #4651, 1000.000000000000000 ) ;
#2305 = LINE ( 'NONE', #2766, #546 ) ;
#2306 = CARTESIAN_POINT ( 'NONE',  ( -0.9999999999999997780, 1.274999999999997247, 1.075000000000002620 ) ) ;
#2307 = VERTEX_POINT ( 'NONE', #770 ) ;
#2308 = EDGE_CURVE ( 'NONE', #1280, #183, #2390, .T. ) ;
#2309 = EDGE_CURVE ( 'NONE', #4077, #4376, #4903, .T. ) ;
#2310 = DIRECTION ( 'NONE',  ( 1.000000000000000000, -0.000000000000000000, -0.000000000000000000 ) ) ;
#2311 = VECTOR ( 'NONE', #2669, 1000.000000000000000 ) ;
#2312 = ORIENTED_EDGE ( 'NONE', *, *, #4515, .F. ) ;
#2313 = DIRECTION ( 'NONE',  ( 0.000000000000000000, 1.000000000000000000, -3.491483361109382461E-15 ) ) ;
#2314 = EDGE_LOOP ( 'NONE', ( #559, #3733, #2879, #2569 ) ) ;
#2315 = CIRCLE ( 'NONE', #1185, 0.1499999999999999667 ) ;
#2316 = DIRECTION ( 'NONE',  ( -1.057758217059028854E-16, 0.000000000000000000, -1.000000000000000000 ) ) ;
#2317 = CARTESIAN_POINT ( 'NONE',  ( -7.150000000000001243, 0.3250000000000066169, 3.725000000000005418 ) ) ;
#2318 = ORIENTED_EDGE ( 'NONE', *, *, #2288, .F. ) ;
#2319 = SURFACE_STYLE_USAGE ( .BOTH. , #1021 ) ;
#2320 = DIRECTION ( 'NONE',  ( 1.000000000000000000, 1.355252715606877091E-16, -4.437968718934145511E-31 ) ) ;
#2321 =( NAMED_UNIT ( * ) SI_UNIT ( $, .STERADIAN. ) SOLID_ANGLE_UNIT ( ) );
#2322 = EDGE_CURVE ( 'NONE', #146, #88, #4249, .T. ) ;
#2323 = AXIS2_PLACEMENT_3D ( 'NONE', #4489, #1964, #2044 ) ;
#2324 = LINE ( 'NONE', #4350, #2311 ) ;
#2325 = ORIENTED_EDGE ( 'NONE', *, *, #2697, .T. ) ;
#2326 = ORIENTED_EDGE ( 'NONE', *, *, #4334, .F. ) ;
#2327 = DIRECTION ( 'NONE',  ( 1.000000000000000000, -0.000000000000000000, 0.000000000000000000 ) ) ;
#2328 = VECTOR ( 'NONE', #35, 1000.000000000000000 ) ;
#2329 = LINE ( 'NONE', #3979, #4218 ) ;
#2330 = PLANE ( 'NONE',  #879 ) ;
#2331 =( NAMED_UNIT ( * ) SI_UNIT ( $, .STERADIAN. ) SOLID_ANGLE_UNIT ( ) );
#2332 = VECTOR ( 'NONE', #1810, 1000.000000000000000 ) ;
#2333 = ORIENTED_EDGE ( 'NONE', *, *, #1738, .T. ) ;
#2334 = FILL_AREA_STYLE_COLOUR ( '', #1492 ) ;
#2335 = COLOUR_RGB ( '',0.9607843137254902244, 0.9607843137254902244, 0.9607843137254902244 ) ;
#2336 = LINE ( 'NONE', #4037, #5172 ) ;
#2337 = DIRECTION ( 'NONE',  ( 0.000000000000000000, 0.000000000000000000, 1.000000000000000000 ) ) ;
#2338 = SURFACE_STYLE_FILL_AREA ( #636 ) ;
#2339 = DIRECTION ( 'NONE',  ( 0.000000000000000000, 1.000000000000000000, -3.491483361109382461E-15 ) ) ;
#2340 = VERTEX_POINT ( 'NONE', #4307 ) ;
#2341 = ADVANCED_FACE ( 'NONE', ( #2650 ), #601, .F. ) ;
#2342 =( LENGTH_UNIT ( ) NAMED_UNIT ( * ) SI_UNIT ( .MILLI., .METRE. ) );
#2343 = LINE ( 'NONE', #1842, #4723 ) ;
#2344 = ORIENTED_EDGE ( 'NONE', *, *, #22, .T. ) ;
#2345 = VERTEX_POINT ( 'NONE', #4950 ) ;
#2346 = SURFACE_STYLE_USAGE ( .BOTH. , #3125 ) ;
#2347 = SURFACE_SIDE_STYLE ('',( #4406 ) ) ;
#2348 = FACE_OUTER_BOUND ( 'NONE', #662, .T. ) ;
#2349 = CARTESIAN_POINT ( 'NONE',  ( -10.44999999999999929, 0.4249999999999943823, 1.675000000000005818 ) ) ;
#2350 = ORIENTED_EDGE ( 'NONE', *, *, #2474, .T. ) ;
#2351 = ORIENTED_EDGE ( 'NONE', *, *, #1969, .F. ) ;
#2352 = CARTESIAN_POINT ( 'NONE',  ( -10.75000000000000000, 0.3250000000000033973, 2.775000000000004796 ) ) ;
#2353 = DIRECTION ( 'NONE',  ( -0.000000000000000000, -1.000000000000000000, 3.274642926612281180E-15 ) ) ;
#2354 = CYLINDRICAL_SURFACE ( 'NONE', #2584, 0.1499999999999999667 ) ;
#2355 = EDGE_CURVE ( 'NONE', #2146, #94, #2901, .T. ) ;
#2356 = ORIENTED_EDGE ( 'NONE', *, *, #1179, .F. ) ;
#2357 = FILL_AREA_STYLE_COLOUR ( '', #4863 ) ;
#2358 = CARTESIAN_POINT ( 'NONE',  ( -10.24999999999999822, -0.3250000000000001776, 0.1250000000000057454 ) ) ;
#2359 = CARTESIAN_POINT ( 'NONE',  ( -10.75000000000000000, 0.3250000000000059508, 3.525000000000004796 ) ) ;
#2360 = CARTESIAN_POINT ( 'NONE',  ( -10.24999999999999822, 3.874999999999999556, 1.774999999999992584 ) ) ;
#2361 = DIRECTION ( 'NONE',  ( 1.000000000000000000, 0.000000000000000000, 0.000000000000000000 ) ) ;
#2362 = ORIENTED_EDGE ( 'NONE', *, *, #4775, .F. ) ;
#2363 = CARTESIAN_POINT ( 'NONE',  ( -3.400000000000000355, 0.3250000000000061728, 3.575000000000004619 ) ) ;
#2364 = COLOUR_RGB ( '',0.9607843137254902244, 0.9607843137254902244, 0.9607843137254902244 ) ;
#2365 =( NAMED_UNIT ( * ) SI_UNIT ( $, .STERADIAN. ) SOLID_ANGLE_UNIT ( ) );
#2366 = DIRECTION ( 'NONE',  ( 0.000000000000000000, 0.000000000000000000, 1.000000000000000000 ) ) ;
#2367 = EDGE_CURVE ( 'NONE', #788, #810, #1354, .T. ) ;
#2368 = ORIENTED_EDGE ( 'NONE', *, *, #2959, .F. ) ;
#2369 =( LENGTH_UNIT ( ) NAMED_UNIT ( * ) SI_UNIT ( .MILLI., .METRE. ) );
#2370 = DIRECTION ( 'NONE',  ( 1.000000000000000000, -0.000000000000000000, -0.000000000000000000 ) ) ;
#2371 = LINE ( 'NONE', #4025, #78 ) ;
#2372 = EDGE_CURVE ( 'NONE', #1145, #1011, #963, .T. ) ;
#2373 = EDGE_CURVE ( 'NONE', #4972, #3746, #985, .T. ) ;
#2374 = VECTOR ( 'NONE', #4974, 1000.000000000000000 ) ;
#2375 = ORIENTED_EDGE ( 'NONE', *, *, #3641, .F. ) ;
#2376 = LINE ( 'NONE', #312, #3757 ) ;
#2377 = VECTOR ( 'NONE', #2148, 1000.000000000000000 ) ;
#2378 = CYLINDRICAL_SURFACE ( 'NONE', #3715, 0.1499999999999999667 ) ;
#2379 = CARTESIAN_POINT ( 'NONE',  ( -4.649999999999999467, -0.1499999999999935274, 3.350000000000005862 ) ) ;
#2380 =( GEOMETRIC_REPRESENTATION_CONTEXT ( 3 ) GLOBAL_UNCERTAINTY_ASSIGNED_CONTEXT ( ( #150 ) ) GLOBAL_UNIT_ASSIGNED_CONTEXT ( ( #3102, #4803, #2321 ) ) REPRESENTATION_CONTEXT ( 'NONE', 'WORKASPACE' ) );
#2381 = PRESENTATION_LAYER_ASSIGNMENT (  '', '', ( #4543 ) ) ;
#2382 = DIRECTION ( 'NONE',  ( -0.000000000000000000, -0.000000000000000000, 1.000000000000000000 ) ) ;
#2383 = AXIS2_PLACEMENT_3D ( 'NONE', #5037, #3444, #4182 ) ;
#2384 = CARTESIAN_POINT ( 'NONE',  ( -7.599999999999998757, 2.074999999999997957, 1.274999999999997913 ) ) ;
#2385 = LINE ( 'NONE', #2360, #3349 ) ;
#2386 = ADVANCED_FACE ( 'NONE', ( #3431 ), #4153, .F. ) ;
#2387 = PLANE ( 'NONE',  #760 ) ;
#2388 = MECHANICAL_DESIGN_GEOMETRIC_PRESENTATION_REPRESENTATION (  '', ( #160 ), #2822 ) ;
#2389 = ORIENTED_EDGE ( 'NONE', *, *, #2568, .T. ) ;
#2390 = LINE ( 'NONE', #4047, #4115 ) ;
#2391 =( LENGTH_UNIT ( ) NAMED_UNIT ( * ) SI_UNIT ( .MILLI., .METRE. ) );
#2392 = AXIS2_PLACEMENT_3D ( 'NONE', #254, #4409, #4770 ) ;
#2393 = VERTEX_POINT ( 'NONE', #2617 ) ;
#2394 = AXIS2_PLACEMENT_3D ( 'NONE', #1447, #2712, #1872 ) ;
#2395 = LINE ( 'NONE', #5265, #4881 ) ;
#2396 =( NAMED_UNIT ( * ) PLANE_ANGLE_UNIT ( ) SI_UNIT ( $, .RADIAN. ) );
#2397 = VECTOR ( 'NONE', #2516, 1000.000000000000000 ) ;
#2398 = ORIENTED_EDGE ( 'NONE', *, *, #4793, .T. ) ;
#2399 = CARTESIAN_POINT ( 'NONE',  ( -10.44999999999999929, -0.3250000000000001776, 0.1250000000000057454 ) ) ;
#2400 = EDGE_CURVE ( 'NONE', #3578, #3104, #574, .T. ) ;
#2401 = DIRECTION ( 'NONE',  ( 0.000000000000000000, 3.491483361109382461E-15, 1.000000000000000000 ) ) ;
#2402 = VECTOR ( 'NONE', #1081, 1000.000000000000000 ) ;
#2403 = DIRECTION ( 'NONE',  ( 0.000000000000000000, 0.000000000000000000, 1.000000000000000000 ) ) ;
#2404 = DIRECTION ( 'NONE',  ( 0.000000000000000000, 0.000000000000000000, 1.000000000000000000 ) ) ;
#2405 = ORIENTED_EDGE ( 'NONE', *, *, #3392, .T. ) ;
#2406 = ADVANCED_FACE ( 'NONE', ( #4274 ), #3875, .F. ) ;
#2407 = DIRECTION ( 'NONE',  ( -0.000000000000000000, 3.491483361109382461E-15, 1.000000000000000000 ) ) ;
#2408 = AXIS2_PLACEMENT_3D ( 'NONE', #2124, #4306, #628 ) ;
#2409 = DIRECTION ( 'NONE',  ( 0.000000000000000000, -8.854317741964954981E-15, 1.000000000000000000 ) ) ;
#2410 = LINE ( 'NONE', #4014, #1537 ) ;
#2411 = CARTESIAN_POINT ( 'NONE',  ( -4.850000000000001421, 0.1750000000000067057, 3.725000000000004974 ) ) ;
#2412 = VECTOR ( 'NONE', #605, 1000.000000000000000 ) ;
#2413 = ORIENTED_EDGE ( 'NONE', *, *, #5248, .F. ) ;
#2414 = EDGE_CURVE ( 'NONE', #884, #3975, #5135, .T. ) ;
#2415 =( NAMED_UNIT ( * ) SI_UNIT ( $, .STERADIAN. ) SOLID_ANGLE_UNIT ( ) );
#2416 = SURFACE_STYLE_FILL_AREA ( #2058 ) ;
#2417 = VECTOR ( 'NONE', #2921, 1000.000000000000000 ) ;
#2418 = DIRECTION ( 'NONE',  ( 1.000000000000000000, 0.000000000000000000, 0.000000000000000000 ) ) ;
#2419 = VERTEX_POINT ( 'NONE', #4335 ) ;
#2420 = VERTEX_POINT ( 'NONE', #2489 ) ;
#2421 = DIRECTION ( 'NONE',  ( 0.000000000000000000, -1.000000000000000000, 3.274642926612281180E-15 ) ) ;
#2422 = CARTESIAN_POINT ( 'NONE',  ( 0.000000000000000000, 3.874999999999991562, -0.5250000000000076827 ) ) ;
#2423 = ORIENTED_EDGE ( 'NONE', *, *, #1804, .T. ) ;
#2424 = DIRECTION ( 'NONE',  ( -0.000000000000000000, -1.000000000000000000, 3.274642926612281180E-15 ) ) ;
#2425 = CARTESIAN_POINT ( 'NONE',  ( -3.600000000000000533, -0.02499999999999181349, 4.425000000000005151 ) ) ;
#2426 = PLANE ( 'NONE',  #691 ) ;
#2427 = EDGE_CURVE ( 'NONE', #3942, #2134, #467, .T. ) ;
#2428 = ORIENTED_EDGE ( 'NONE', *, *, #1179, .T. ) ;
#2429 = CARTESIAN_POINT ( 'NONE',  ( -10.75000000000000000, 1.724999999999993872, 0.1250000000000011935 ) ) ;
#2430 = DIRECTION ( 'NONE',  ( 1.000000000000000000, 1.355252715606885966E-16, 2.710505431213726079E-16 ) ) ;
#2431 = ADVANCED_FACE ( 'NONE', ( #58 ), #758, .F. ) ;
#2432 = LINE ( 'NONE', #4825, #5217 ) ;
#2433 = VERTEX_POINT ( 'NONE', #4006 ) ;
#2434 = DIRECTION ( 'NONE',  ( 0.000000000000000000, 0.000000000000000000, -1.000000000000000000 ) ) ;
#2435 = LINE ( 'NONE', #1171, #419 ) ;
#2436 = CARTESIAN_POINT ( 'NONE',  ( -7.150000000000001243, -0.02499999999999353434, 3.725000000000005862 ) ) ;
#2437 = EDGE_LOOP ( 'NONE', ( #720, #3899, #221, #359, #4905, #5304, #1135, #4781, #3369, #3337, #2741, #4590, #3390 ) ) ;
#2438 = VERTEX_POINT ( 'NONE', #4360 ) ;
#2439 = PRESENTATION_STYLE_ASSIGNMENT (( #4021 ) ) ;
#2440 = ORIENTED_EDGE ( 'NONE', *, *, #4618, .F. ) ;
#2441 = CARTESIAN_POINT ( 'NONE',  ( -8.599999999999999645, 0.05000000000000669187, 3.800000000000006040 ) ) ;
#2442 = DIRECTION ( 'NONE',  ( 0.000000000000000000, 0.000000000000000000, -1.000000000000000000 ) ) ;
#2443 = MECHANICAL_DESIGN_GEOMETRIC_PRESENTATION_REPRESENTATION (  '', ( #395 ), #1926 ) ;
#2444 = EDGE_CURVE ( 'NONE', #4212, #1825, #1539, .T. ) ;
#2445 = ORIENTED_EDGE ( 'NONE', *, *, #1103, .T. ) ;
#2446 = CARTESIAN_POINT ( 'NONE',  ( -2.349999999999999645, -0.02499999999999356209, 4.425000000000004263 ) ) ;
#2447 = FILL_AREA_STYLE ('',( #3671 ) ) ;
#2448 = MECHANICAL_DESIGN_GEOMETRIC_PRESENTATION_REPRESENTATION (  '', ( #1768 ), #4966 ) ;
#2449 = ORIENTED_EDGE ( 'NONE', *, *, #2935, .T. ) ;
#2450 =( LENGTH_UNIT ( ) NAMED_UNIT ( * ) SI_UNIT ( .MILLI., .METRE. ) );
#2451 = CARTESIAN_POINT ( 'NONE',  ( -8.400000000000000355, -0.1499999999999935274, 3.350000000000006750 ) ) ;
#2452 = CARTESIAN_POINT ( 'NONE',  ( -4.650000000000001243, -0.02499999999999353434, 3.725000000000005862 ) ) ;
#2453 = VECTOR ( 'NONE', #2339, 1000.000000000000000 ) ;
#2454 = ORIENTED_EDGE ( 'NONE', *, *, #1914, .F. ) ;
#2455 = ORIENTED_EDGE ( 'NONE', *, *, #4928, .F. ) ;
#2456 = VERTEX_POINT ( 'NONE', #1084 ) ;
#2457 = COLOUR_RGB ( '',0.9607843137254902244, 0.9607843137254902244, 0.9607843137254902244 ) ;
#2458 = MECHANICAL_DESIGN_GEOMETRIC_PRESENTATION_REPRESENTATION (  '', ( #1267 ), #4289 ) ;
#2459 = LINE ( 'NONE', #2900, #1629 ) ;
#2460 = EDGE_CURVE ( 'NONE', #1659, #4855, #1859, .T. ) ;
#2461 = DIRECTION ( 'NONE',  ( 0.000000000000000000, -8.854317741964954981E-15, 1.000000000000000000 ) ) ;
#2462 = CARTESIAN_POINT ( 'NONE',  ( -8.699999999999999289, 3.074999999999997957, 1.274999999999995248 ) ) ;
#2463 = AXIS2_PLACEMENT_3D ( 'NONE', #866, #4702, #186 ) ;
#2464 = VERTEX_POINT ( 'NONE', #782 ) ;
#2465 = DIRECTION ( 'NONE',  ( 0.000000000000000000, 0.000000000000000000, 1.000000000000000000 ) ) ;
#2466 = ORIENTED_EDGE ( 'NONE', *, *, #309, .F. ) ;
#2467 = VECTOR ( 'NONE', #5239, 1000.000000000000000 ) ;
#2468 = LINE ( 'NONE', #444, #772 ) ;
#2469 = LINE ( 'NONE', #3695, #1440 ) ;
#2470 = PRESENTATION_STYLE_ASSIGNMENT (( #4988 ) ) ;
#2471 = VERTEX_POINT ( 'NONE', #1115 ) ;
#2472 = VECTOR ( 'NONE', #5121, 1000.000000000000000 ) ;
#2473 = DIRECTION ( 'NONE',  ( 0.000000000000000000, 0.000000000000000000, 1.000000000000000000 ) ) ;
#2474 = EDGE_CURVE ( 'NONE', #3676, #565, #4434, .T. ) ;
#2475 = LINE ( 'NONE', #4570, #764 ) ;
#2476 = VECTOR ( 'NONE', #3058, 1000.000000000000000 ) ;
#2477 = FACE_OUTER_BOUND ( 'NONE', #4344, .T. ) ;
#2478 = COLOUR_RGB ( '',0.9607843137254902244, 0.9607843137254902244, 0.9607843137254902244 ) ;
#2479 =( NAMED_UNIT ( * ) PLANE_ANGLE_UNIT ( ) SI_UNIT ( $, .RADIAN. ) );
#2480 = CARTESIAN_POINT ( 'NONE',  ( -10.24999999999999822, 0.4249999999999997113, 1.725000000000003864 ) ) ;
#2481 = VECTOR ( 'NONE', #4605, 1000.000000000000000 ) ;
#2482 = ORIENTED_EDGE ( 'NONE', *, *, #4784, .T. ) ;
#2483 = VERTEX_POINT ( 'NONE', #1939 ) ;
#2484 = CARTESIAN_POINT ( 'NONE',  ( -10.24999999999999822, 3.874999999999999556, 1.774999999999992584 ) ) ;
#2485 = ORIENTED_EDGE ( 'NONE', *, *, #2968, .F. ) ;
#2486 = CARTESIAN_POINT ( 'NONE',  ( -7.349999999999999645, -0.1499999999999933054, 3.425000000000006484 ) ) ;
#2487 = VECTOR ( 'NONE', #1141, 1000.000000000000000 ) ;
#2488 = DIRECTION ( 'NONE',  ( 0.000000000000000000, 3.346923071444648273E-15, 1.000000000000000000 ) ) ;
#2489 = CARTESIAN_POINT ( 'NONE',  ( -3.600000000000001421, -0.07499999999999354405, 3.350000000000005418 ) ) ;
#2490 = CARTESIAN_POINT ( 'NONE',  ( -8.599999999999999645, 0.3250000000000090039, 4.425000000000005151 ) ) ;
#2491 = AXIS2_PLACEMENT_3D ( 'NONE', #2541, #112, #3255 ) ;
#2492 = EDGE_LOOP ( 'NONE', ( #2002, #296, #1435, #849 ) ) ;
#2493 = EDGE_CURVE ( 'NONE', #1068, #1481, #851, .T. ) ;
#2494 = ORIENTED_EDGE ( 'NONE', *, *, #1079, .F. ) ;
#2495 = VECTOR ( 'NONE', #4923, 1000.000000000000000 ) ;
#2496 = CARTESIAN_POINT ( 'NONE',  ( -3.400000000000001243, 0.05000000000000652534, 3.725000000000005862 ) ) ;
#2497 = FACE_OUTER_BOUND ( 'NONE', #2512, .T. ) ;
#2498 = ORIENTED_EDGE ( 'NONE', *, *, #1122, .T. ) ;
#2499 = EDGE_CURVE ( 'NONE', #3797, #1254, #4388, .T. ) ;
#2500 = CARTESIAN_POINT ( 'NONE',  ( -8.400000000000000355, 0.05000000000000674738, 3.800000000000006040 ) ) ;
#2501 = LINE ( 'NONE', #4162, #4367 ) ;
#2502 = DIRECTION ( 'NONE',  ( 0.000000000000000000, 0.000000000000000000, 1.000000000000000000 ) ) ;
#2503 =( NAMED_UNIT ( * ) PLANE_ANGLE_UNIT ( ) SI_UNIT ( $, .RADIAN. ) );
#2504 = ORIENTED_EDGE ( 'NONE', *, *, #44, .T. ) ;
#2505 = DIRECTION ( 'NONE',  ( 0.000000000000000000, 0.000000000000000000, 1.000000000000000000 ) ) ;
#2506 = DIRECTION ( 'NONE',  ( 0.000000000000000000, 3.346923071444648273E-15, 1.000000000000000000 ) ) ;
#2507 = DIRECTION ( 'NONE',  ( 0.000000000000000000, 0.000000000000000000, 1.000000000000000000 ) ) ;
#2508 = VERTEX_POINT ( 'NONE', #3955 ) ;
#2509 = EDGE_CURVE ( 'NONE', #1567, #3353, #4415, .T. ) ;
#2510 = VERTEX_POINT ( 'NONE', #3112 ) ;
#2511 = DIRECTION ( 'NONE',  ( -1.000000000000000000, -2.710505431213777355E-16, 8.624045791263589697E-31 ) ) ;
#2512 = EDGE_LOOP ( 'NONE', ( #4826, #500, #1312, #60, #2960, #1881 ) ) ;
#2513 = CARTESIAN_POINT ( 'NONE',  ( -7.149999999999999467, 0.3250000000000066169, 4.425000000000004263 ) ) ;
#2514 = DIRECTION ( 'NONE',  ( 1.000000000000000000, 0.000000000000000000, 0.000000000000000000 ) ) ;
#2515 = FILL_AREA_STYLE ('',( #5307 ) ) ;
#2516 = DIRECTION ( 'NONE',  ( -0.000000000000000000, 1.000000000000000000, 0.000000000000000000 ) ) ;
#2517 = ORIENTED_EDGE ( 'NONE', *, *, #2731, .F. ) ;
#2518 =( NAMED_UNIT ( * ) PLANE_ANGLE_UNIT ( ) SI_UNIT ( $, .RADIAN. ) );
#2519 = VERTEX_POINT ( 'NONE', #1139 ) ;
#2520 = LINE ( 'NONE', #5230, #5145 ) ;
#2521 = LINE ( 'NONE', #3368, #858 ) ;
#2522 = ORIENTED_EDGE ( 'NONE', *, *, #1346, .T. ) ;
#2523 = CARTESIAN_POINT ( 'NONE',  ( -4.649999999999999467, 0.3250000000000066169, 4.425000000000004263 ) ) ;
#2524 = CARTESIAN_POINT ( 'NONE',  ( -5.899999999999998579, 0.3250000000000090039, 3.425000000000005596 ) ) ;
#2525 =( NAMED_UNIT ( * ) SI_UNIT ( $, .STERADIAN. ) SOLID_ANGLE_UNIT ( ) );
#2526 = COLOUR_RGB ( '',0.9607843137254902244, 0.9607843137254902244, 0.9607843137254902244 ) ;
#2527 = ADVANCED_FACE ( 'NONE', ( #1486 ), #2699, .F. ) ;
#2528 = ADVANCED_FACE ( 'NONE', ( #1566 ), #1509, .F. ) ;
#2529 = CARTESIAN_POINT ( 'NONE',  ( -3.600000000000000533, 0.3250000000000060618, 4.425000000000004263 ) ) ;
#2530 = EDGE_LOOP ( 'NONE', ( #1337, #2743, #3318, #192 ) ) ;
#2531 = SURFACE_STYLE_FILL_AREA ( #4113 ) ;
#2532 = LINE ( 'NONE', #1773, #1891 ) ;
#2533 = SURFACE_STYLE_FILL_AREA ( #911 ) ;
#2534 = COLOUR_RGB ( '',0.9607843137254902244, 0.9607843137254902244, 0.9607843137254902244 ) ;
#2535 = ORIENTED_EDGE ( 'NONE', *, *, #2038, .T. ) ;
#2536 = ORIENTED_EDGE ( 'NONE', *, *, #721, .T. ) ;
#2537 = CARTESIAN_POINT ( 'NONE',  ( -0.5000000000000000000, 1.625000000000004441, 1.774999999999992584 ) ) ;
#2538 = CARTESIAN_POINT ( 'NONE',  ( -7.349999999999999645, 0.3250000000000060618, 4.425000000000004263 ) ) ;
#2539 = EDGE_CURVE ( 'NONE', #1117, #4622, #4292, .T. ) ;
#2540 = AXIS2_PLACEMENT_3D ( 'NONE', #1559, #3214, #1235 ) ;
#2541 = CARTESIAN_POINT ( 'NONE',  ( -0.5000000000000000000, 1.625000000000004441, 3.125000000000000000 ) ) ;
#2542 = LINE ( 'NONE', #529, #2566 ) ;
#2543 = ORIENTED_EDGE ( 'NONE', *, *, #5263, .F. ) ;
#2544 = SURFACE_SIDE_STYLE ('',( #921 ) ) ;
#2545 = VERTEX_POINT ( 'NONE', #4033 ) ;
#2546 = VECTOR ( 'NONE', #243, 1000.000000000000000 ) ;
#2547 = CARTESIAN_POINT ( 'NONE',  ( -5.899999999999998579, 0.3250000000000066169, 4.425000000000004263 ) ) ;
#2548 = DIRECTION ( 'NONE',  ( 0.000000000000000000, 3.491483361109382461E-15, 1.000000000000000000 ) ) ;
#2549 = CIRCLE ( 'NONE', #1767, 0.07499999999999998335 ) ;
#2550 =( NAMED_UNIT ( * ) SI_UNIT ( $, .STERADIAN. ) SOLID_ANGLE_UNIT ( ) );
#2551 = EDGE_LOOP ( 'NONE', ( #257, #703, #2211, #4383 ) ) ;
#2552 = SURFACE_STYLE_FILL_AREA ( #2606 ) ;
#2553 = CARTESIAN_POINT ( 'NONE',  ( -0.5000000000000000000, 1.625000000000006217, 3.725000000000000089 ) ) ;
#2554 = COLOUR_RGB ( '',0.9607843137254902244, 0.9607843137254902244, 0.9607843137254902244 ) ;
#2555 = UNCERTAINTY_MEASURE_WITH_UNIT (LENGTH_MEASURE( 1.000000000000000082E-05 ), #5224, 'distance_accuracy_value', 'NONE');
#2556 = DIRECTION ( 'NONE',  ( 0.000000000000000000, 3.346923071444648273E-15, 1.000000000000000000 ) ) ;
#2557 = DIRECTION ( 'NONE',  ( 0.000000000000000000, 0.000000000000000000, -1.000000000000000000 ) ) ;
#2558 = DIRECTION ( 'NONE',  ( 0.000000000000000000, 1.000000000000000000, -3.491483361109382461E-15 ) ) ;
#2559 = CIRCLE ( 'NONE', #1870, 0.1499999999999999667 ) ;
#2560 = ORIENTED_EDGE ( 'NONE', *, *, #5018, .F. ) ;
#2561 = ADVANCED_FACE ( 'NONE', ( #4864 ), #2046, .F. ) ;
#2562 = UNCERTAINTY_MEASURE_WITH_UNIT (LENGTH_MEASURE( 1.000000000000000082E-05 ), #3408, 'distance_accuracy_value', 'NONE');
#2563 = VECTOR ( 'NONE', #614, 1000.000000000000000 ) ;
#2564 = CARTESIAN_POINT ( 'NONE',  ( -9.249999999999998224, 3.874999999999998224, 1.574999999999993516 ) ) ;
#2565 = CARTESIAN_POINT ( 'NONE',  ( -10.24999999999999822, 0.4249999999999997113, 1.725000000000003864 ) ) ;
#2566 = VECTOR ( 'NONE', #5033, 1000.000000000000000 ) ;
#2567 = ORIENTED_EDGE ( 'NONE', *, *, #1968, .T. ) ;
#2568 = EDGE_CURVE ( 'NONE', #3135, #5184, #3732, .T. ) ;
#2569 = ORIENTED_EDGE ( 'NONE', *, *, #3631, .F. ) ;
#2570 = DIRECTION ( 'NONE',  ( 0.000000000000000000, -1.000000000000000000, 3.491483361109382461E-15 ) ) ;
#2571 = AXIS2_PLACEMENT_3D ( 'NONE', #2299, #2674, #4754 ) ;
#2572 = CARTESIAN_POINT ( 'NONE',  ( -4.649999999999999467, 0.05000000000000652534, 3.725000000000005862 ) ) ;
#2573 = FILL_AREA_STYLE_COLOUR ( '', #4815 ) ;
#2574 = ORIENTED_EDGE ( 'NONE', *, *, #3065, .T. ) ;
#2575 = VERTEX_POINT ( 'NONE', #1299 ) ;
#2576 = LINE ( 'NONE', #4236, #4287 ) ;
#2577 = AXIS2_PLACEMENT_3D ( 'NONE', #3269, #1191, #2050 ) ;
#2578 = DIRECTION ( 'NONE',  ( 0.000000000000000000, 0.000000000000000000, -1.000000000000000000 ) ) ;
#2579 = FILL_AREA_STYLE ('',( #2113 ) ) ;
#2580 = ORIENTED_EDGE ( 'NONE', *, *, #3814, .T. ) ;
#2581 = DIRECTION ( 'NONE',  ( -0.000000000000000000, -0.000000000000000000, -1.000000000000000000 ) ) ;
#2582 = ADVANCED_FACE ( 'NONE', ( #2477 ), #3264, .T. ) ;
#2583 = DIRECTION ( 'NONE',  ( -0.000000000000000000, -1.000000000000000000, 0.000000000000000000 ) ) ;
#2584 = AXIS2_PLACEMENT_3D ( 'NONE', #315, #1937, #1138 ) ;
#2585 = SURFACE_SIDE_STYLE ('',( #880 ) ) ;
#2586 =( NAMED_UNIT ( * ) SI_UNIT ( $, .STERADIAN. ) SOLID_ANGLE_UNIT ( ) );
#2587 = ORIENTED_EDGE ( 'NONE', *, *, #1817, .T. ) ;
#2588 = DIRECTION ( 'NONE',  ( 6.781698177820811488E-32, -1.000000000000000000, 3.241282859766573260E-15 ) ) ;
#2589 = FILL_AREA_STYLE_COLOUR ( '', #5089 ) ;
#2590 = DIRECTION ( 'NONE',  ( 0.000000000000000000, 0.000000000000000000, 1.000000000000000000 ) ) ;
#2591 = DIRECTION ( 'NONE',  ( 0.000000000000000000, -3.491483361109382461E-15, -1.000000000000000000 ) ) ;
#2592 = EDGE_CURVE ( 'NONE', #1165, #1254, #368, .T. ) ;
#2593 = LINE ( 'NONE', #4431, #591 ) ;
#2594 = ORIENTED_EDGE ( 'NONE', *, *, #147, .T. ) ;
#2595 = CARTESIAN_POINT ( 'NONE',  ( -9.250000000000000000, 1.274999999999999023, 1.575000000000002620 ) ) ;
#2596 = LINE ( 'NONE', #167, #962 ) ;
#2597 = EDGE_CURVE ( 'NONE', #4317, #3975, #942, .T. ) ;
#2598 = ADVANCED_FACE ( 'NONE', ( #3672 ), #3315, .F. ) ;
#2599 = LINE ( 'NONE', #3334, #1532 ) ;
#2600 = ORIENTED_EDGE ( 'NONE', *, *, #533, .F. ) ;
#2601 = CARTESIAN_POINT ( 'NONE',  ( -3.399999999999999467, 0.3250000000000066169, 4.425000000000004263 ) ) ;
#2602 = ORIENTED_EDGE ( 'NONE', *, *, #2372, .F. ) ;
#2603 = LINE ( 'NONE', #5014, #5053 ) ;
#2604 = FACE_OUTER_BOUND ( 'NONE', #4277, .T. ) ;
#2605 = ORIENTED_EDGE ( 'NONE', *, *, #4522, .T. ) ;
#2606 = FILL_AREA_STYLE ('',( #1764 ) ) ;
#2607 = LINE ( 'NONE', #592, #504 ) ;
#2608 = UNCERTAINTY_MEASURE_WITH_UNIT (LENGTH_MEASURE( 1.000000000000000082E-05 ), #2610, 'distance_accuracy_value', 'NONE');
#2609 =( LENGTH_UNIT ( ) NAMED_UNIT ( * ) SI_UNIT ( .MILLI., .METRE. ) );
#2610 =( LENGTH_UNIT ( ) NAMED_UNIT ( * ) SI_UNIT ( .MILLI., .METRE. ) );
#2611 = DIRECTION ( 'NONE',  ( 0.000000000000000000, 3.491483361109382461E-15, 1.000000000000000000 ) ) ;
#2612 = SURFACE_STYLE_USAGE ( .BOTH. , #32 ) ;
#2613 = ORIENTED_EDGE ( 'NONE', *, *, #2785, .T. ) ;
#2614 = DIRECTION ( 'NONE',  ( 0.000000000000000000, -3.241282859766573260E-15, -1.000000000000000000 ) ) ;
#2615 = MECHANICAL_DESIGN_GEOMETRIC_PRESENTATION_REPRESENTATION (  '', ( #5207 ), #756 ) ;
#2616 = CARTESIAN_POINT ( 'NONE',  ( -4.649999999999999467, 0.3250000000000090039, 4.425000000000006928 ) ) ;
#2617 = CARTESIAN_POINT ( 'NONE',  ( 3.591419547372538448E-32, 3.874999999999995559, -0.5250000000000080158 ) ) ;
#2618 = VECTOR ( 'NONE', #4801, 1000.000000000000000 ) ;
#2619 = SURFACE_SIDE_STYLE ('',( #4338 ) ) ;
#2620 = PLANE ( 'NONE',  #3193 ) ;
#2621 = CARTESIAN_POINT ( 'NONE',  ( -10.75000000000000000, 0.3250000000000033973, 2.775000000000004796 ) ) ;
#2622 = VERTEX_POINT ( 'NONE', #1186 ) ;
#2623 = FACE_OUTER_BOUND ( 'NONE', #4304, .T. ) ;
#2624 =( GEOMETRIC_REPRESENTATION_CONTEXT ( 3 ) GLOBAL_UNCERTAINTY_ASSIGNED_CONTEXT ( ( #2885 ) ) GLOBAL_UNIT_ASSIGNED_CONTEXT ( ( #3329, #2869, #5028 ) ) REPRESENTATION_CONTEXT ( 'NONE', 'WORKASPACE' ) );
#2625 = ORIENTED_EDGE ( 'NONE', *, *, #3655, .T. ) ;
#2626 = LINE ( 'NONE', #1014, #415 ) ;
#2627 = ORIENTED_EDGE ( 'NONE', *, *, #5052, .F. ) ;
#2628 = ADVANCED_FACE ( 'NONE', ( #4491 ), #2426, .T. ) ;
#2629 = AXIS2_PLACEMENT_3D ( 'NONE', #2887, #5291, #2045 ) ;
#2630 = CARTESIAN_POINT ( 'NONE',  ( -10.75000000000000000, 1.625000000000004441, 3.124999999999999112 ) ) ;
#2631 = DIRECTION ( 'NONE',  ( 6.781698177820811488E-32, -1.000000000000000000, 3.241282859766573260E-15 ) ) ;
#2632 = VECTOR ( 'NONE', #2262, 1000.000000000000000 ) ;
#2633 = ORIENTED_EDGE ( 'NONE', *, *, #5206, .F. ) ;
#2634 = CARTESIAN_POINT ( 'NONE',  ( -10.75000000000000000, 3.874999999999991562, -0.5250000000000050182 ) ) ;
#2635 = DIRECTION ( 'NONE',  ( 0.000000000000000000, 3.491483361109382461E-15, 1.000000000000000000 ) ) ;
#2636 = EDGE_CURVE ( 'NONE', #1412, #1224, #1348, .T. ) ;
#2637 = CARTESIAN_POINT ( 'NONE',  ( -0.3000000000000004885, 3.874999999999991562, -0.5250000000000075717 ) ) ;
#2638 = VECTOR ( 'NONE', #5098, 1000.000000000000000 ) ;
#2639 = VECTOR ( 'NONE', #4773, 1000.000000000000000 ) ;
#2640 = CARTESIAN_POINT ( 'NONE',  ( -8.699999999999999289, -0.1750000000000018763, 1.275000000000006573 ) ) ;
#2641 = CARTESIAN_POINT ( 'NONE',  ( -8.400000000000000355, -0.07499999999999354405, 3.350000000000006306 ) ) ;
#2642 = ORIENTED_EDGE ( 'NONE', *, *, #3325, .T. ) ;
#2643 = MECHANICAL_DESIGN_GEOMETRIC_PRESENTATION_REPRESENTATION (  '', ( #1176 ), #5150 ) ;
#2644 = EDGE_LOOP ( 'NONE', ( #1365, #3212, #1628, #2789 ) ) ;
#2645 = EDGE_CURVE ( 'NONE', #3426, #1409, #933, .T. ) ;
#2646 = ORIENTED_EDGE ( 'NONE', *, *, #2048, .F. ) ;
#2647 = DIRECTION ( 'NONE',  ( -1.000000000000000000, 0.000000000000000000, -0.000000000000000000 ) ) ;
#2648 = PLANE ( 'NONE',  #2408 ) ;
#2649 = CIRCLE ( 'NONE', #4120, 0.1499999999999999667 ) ;
#2650 = FACE_OUTER_BOUND ( 'NONE', #2, .T. ) ;
#2651 = CARTESIAN_POINT ( 'NONE',  ( -5.899999999999998579, 0.3250000000000033418, 2.775000000000004796 ) ) ;
#2652 = PRESENTATION_LAYER_ASSIGNMENT (  '', '', ( #84 ) ) ;
#2653 = DIRECTION ( 'NONE',  ( 1.000000000000000000, 0.000000000000000000, 0.000000000000000000 ) ) ;
#2654 = LINE ( 'NONE', #2278, #1465 ) ;
#2655 = ORIENTED_EDGE ( 'NONE', *, *, #1953, .F. ) ;
#2656 = VECTOR ( 'NONE', #83, 1000.000000000000000 ) ;
#2657 = ORIENTED_EDGE ( 'NONE', *, *, #2935, .F. ) ;
#2658 = CARTESIAN_POINT ( 'NONE',  ( -3.600000000000000533, 0.3250000000000090039, 4.425000000000004263 ) ) ;
#2659 = ORIENTED_EDGE ( 'NONE', *, *, #4568, .F. ) ;
#2660 = DIRECTION ( 'NONE',  ( 0.000000000000000000, 3.491483361109382461E-15, 1.000000000000000000 ) ) ;
#2661 = FACE_OUTER_BOUND ( 'NONE', #3711, .T. ) ;
#2662 = EDGE_CURVE ( 'NONE', #3951, #1174, #4190, .T. ) ;
#2663 = VECTOR ( 'NONE', #4177, 1000.000000000000000 ) ;
#2664 = ORIENTED_EDGE ( 'NONE', *, *, #479, .T. ) ;
#2665 = UNCERTAINTY_MEASURE_WITH_UNIT (LENGTH_MEASURE( 1.000000000000000082E-05 ), #1815, 'distance_accuracy_value', 'NONE');
#2666 = LINE ( 'NONE', #4422, #98 ) ;
#2667 =( GEOMETRIC_REPRESENTATION_CONTEXT ( 3 ) GLOBAL_UNCERTAINTY_ASSIGNED_CONTEXT ( ( #548 ) ) GLOBAL_UNIT_ASSIGNED_CONTEXT ( ( #1006, #2155, #129 ) ) REPRESENTATION_CONTEXT ( 'NONE', 'WORKASPACE' ) );
#2668 = DIRECTION ( 'NONE',  ( -0.000000000000000000, -1.000000000000000000, 3.491483361109382461E-15 ) ) ;
#2669 = DIRECTION ( 'NONE',  ( -0.000000000000000000, -3.491483361109382461E-15, -1.000000000000000000 ) ) ;
#2670 = EDGE_CURVE ( 'NONE', #3601, #3092, #1400, .T. ) ;
#2671 = ORIENTED_EDGE ( 'NONE', *, *, #3105, .T. ) ;
#2672 = CIRCLE ( 'NONE', #1552, 0.07499999999999998335 ) ;
#2673 = EDGE_LOOP ( 'NONE', ( #4920, #4867, #2693, #1357 ) ) ;
#2674 = DIRECTION ( 'NONE',  ( 0.000000000000000000, -1.000000000000000000, 3.274642926612281180E-15 ) ) ;
#2675 = DIRECTION ( 'NONE',  ( -0.000000000000000000, 3.324683026880842862E-15, 1.000000000000000000 ) ) ;
#2676 = MECHANICAL_DESIGN_GEOMETRIC_PRESENTATION_REPRESENTATION (  '', ( #5182 ), #5166 ) ;
#2677 = DIRECTION ( 'NONE',  ( 0.000000000000000000, 1.000000000000000000, -0.000000000000000000 ) ) ;
#2678 = FILL_AREA_STYLE_COLOUR ( '', #820 ) ;
#2679 = CARTESIAN_POINT ( 'NONE',  ( -2.049999999999998934, 3.074999999999996625, 0.8749999999999942268 ) ) ;
#2680 = CARTESIAN_POINT ( 'NONE',  ( -7.349999999999999645, 0.1750000000000067057, 3.725000000000005418 ) ) ;
#2681 = ORIENTED_EDGE ( 'NONE', *, *, #4625, .F. ) ;
#2682 = LINE ( 'NONE', #1518, #89 ) ;
#2683 = EDGE_CURVE ( 'NONE', #1011, #171, #1375, .T. ) ;
#2684 = ORIENTED_EDGE ( 'NONE', *, *, #4340, .F. ) ;
#2685 = DIRECTION ( 'NONE',  ( 0.000000000000000000, 0.000000000000000000, 1.000000000000000000 ) ) ;
#2686 = ORIENTED_EDGE ( 'NONE', *, *, #1977, .T. ) ;
#2687 = CARTESIAN_POINT ( 'NONE',  ( -0.3000000000000004885, -0.3250000000000081157, -0.5249999999999911404 ) ) ;
#2688 = CARTESIAN_POINT ( 'NONE',  ( -2.149999999999999023, -0.1499999999999935274, 3.350000000000005418 ) ) ;
#2689 = VERTEX_POINT ( 'NONE', #3049 ) ;
#2690 =( NAMED_UNIT ( * ) PLANE_ANGLE_UNIT ( ) SI_UNIT ( $, .RADIAN. ) );
#2691 = CARTESIAN_POINT ( 'NONE',  ( -3.399999999999999467, -0.1749999999999966027, 2.775000000000006573 ) ) ;
#2692 = ORIENTED_EDGE ( 'NONE', *, *, #1443, .T. ) ;
#2693 = ORIENTED_EDGE ( 'NONE', *, *, #406, .F. ) ;
#2694 = CARTESIAN_POINT ( 'NONE',  ( -8.699999999999999289, -0.1750000000000043188, 1.275000000000006573 ) ) ;
#2695 = EDGE_CURVE ( 'NONE', #2755, #4404, #570, .T. ) ;
#2696 = CARTESIAN_POINT ( 'NONE',  ( -6.100000000000001421, -0.07499999999999354405, 3.350000000000005862 ) ) ;
#2697 = EDGE_CURVE ( 'NONE', #4410, #1682, #2176, .T. ) ;
#2698 = CARTESIAN_POINT ( 'NONE',  ( -10.75000000000000000, -0.07499999999999541755, 2.775000000000006128 ) ) ;
#2699 = PLANE ( 'NONE',  #1349 ) ;
#2700 = VECTOR ( 'NONE', #127, 1000.000000000000000 ) ;
#2701 = PRESENTATION_STYLE_ASSIGNMENT (( #2217 ) ) ;
#2702 = EDGE_CURVE ( 'NONE', #1736, #4561, #2999, .T. ) ;
#2703 = CARTESIAN_POINT ( 'NONE',  ( -0.5000000000000000000, 3.225000000000003197, 3.124999999999995115 ) ) ;
#2704 = DIRECTION ( 'NONE',  ( 0.000000000000000000, -3.614007241618349165E-15, -1.000000000000000000 ) ) ;
#2705 = EDGE_LOOP ( 'NONE', ( #4787, #2627, #2574, #5256, #765, #799, #2633, #1252, #3721, #1233 ) ) ;
#2706 = CIRCLE ( 'NONE', #4866, 0.07499999999999998335 ) ;
#2707 = VERTEX_POINT ( 'NONE', #5077 ) ;
#2708 = DIRECTION ( 'NONE',  ( -0.000000000000000000, -1.000000000000000000, 3.274642926612281180E-15 ) ) ;
#2709 = ORIENTED_EDGE ( 'NONE', *, *, #2126, .T. ) ;
#2710 = EDGE_CURVE ( 'NONE', #3821, #891, #5044, .T. ) ;
#2711 = DIRECTION ( 'NONE',  ( 1.000000000000000000, 0.000000000000000000, 0.000000000000000000 ) ) ;
#2712 = DIRECTION ( 'NONE',  ( 1.000000000000000000, 0.000000000000000000, 0.000000000000000000 ) ) ;
#2713 = ORIENTED_EDGE ( 'NONE', *, *, #3105, .F. ) ;
#2714 = PLANE ( 'NONE',  #1586 ) ;
#2715 = VECTOR ( 'NONE', #2583, 1000.000000000000000 ) ;
#2716 = DIRECTION ( 'NONE',  ( 1.000000000000000000, 0.000000000000000000, 0.000000000000000000 ) ) ;
#2717 = UNCERTAINTY_MEASURE_WITH_UNIT (LENGTH_MEASURE( 1.000000000000000082E-05 ), #852, 'distance_accuracy_value', 'NONE');
#2718 = PRESENTATION_STYLE_ASSIGNMENT (( #1453 ) ) ;
#2719 = DIRECTION ( 'NONE',  ( 0.000000000000000000, -3.614007241618349165E-15, -1.000000000000000000 ) ) ;
#2720 = CIRCLE ( 'NONE', #2895, 0.07499999999999998335 ) ;
#2721 = VERTEX_POINT ( 'NONE', #2236 ) ;
#2722 = EDGE_LOOP ( 'NONE', ( #2737, #2007, #2326, #2920 ) ) ;
#2723 = DIRECTION ( 'NONE',  ( -1.000000000000000000, -0.000000000000000000, -0.000000000000000000 ) ) ;
#2724 = VECTOR ( 'NONE', #3657, 1000.000000000000000 ) ;
#2725 = ORIENTED_EDGE ( 'NONE', *, *, #792, .T. ) ;
#2726 = AXIS2_PLACEMENT_3D ( 'NONE', #869, #470, #2106 ) ;
#2727 = CARTESIAN_POINT ( 'NONE',  ( -10.24999999999999822, -0.1750000000000023759, 1.675000000000007816 ) ) ;
#2728 = FACE_OUTER_BOUND ( 'NONE', #1195, .T. ) ;
#2729 = CARTESIAN_POINT ( 'NONE',  ( -5.899999999999998579, 0.3250000000000090039, 4.425000000000006928 ) ) ;
#2730 = AXIS2_PLACEMENT_3D ( 'NONE', #2246, #1404, #2590 ) ;
#2731 = EDGE_CURVE ( 'NONE', #1165, #4652, #125, .T. ) ;
#2732 = VERTEX_POINT ( 'NONE', #3897 ) ;
#2733 = SURFACE_STYLE_USAGE ( .BOTH. , #1781 ) ;
#2734 = AXIS2_PLACEMENT_3D ( 'NONE', #3424, #3868, #1799 ) ;
#2735 = DIRECTION ( 'NONE',  ( 0.000000000000000000, -3.274642926612281180E-15, -1.000000000000000000 ) ) ;
#2736 = CARTESIAN_POINT ( 'NONE',  ( -3.399999999999999467, 0.05000000000000674738, 3.800000000000005596 ) ) ;
#2737 = ORIENTED_EDGE ( 'NONE', *, *, #1220, .T. ) ;
#2738 =( NAMED_UNIT ( * ) SI_UNIT ( $, .STERADIAN. ) SOLID_ANGLE_UNIT ( ) );
#2739 = ADVANCED_FACE ( 'NONE', ( #3029 ), #1769, .F. ) ;
#2740 = CIRCLE ( 'NONE', #3344, 0.07499999999999998335 ) ;
#2741 = ORIENTED_EDGE ( 'NONE', *, *, #1817, .F. ) ;
#2742 = FACE_OUTER_BOUND ( 'NONE', #3519, .T. ) ;
#2743 = ORIENTED_EDGE ( 'NONE', *, *, #1328, .T. ) ;
#2744 =( GEOMETRIC_REPRESENTATION_CONTEXT ( 3 ) GLOBAL_UNCERTAINTY_ASSIGNED_CONTEXT ( ( #3587 ) ) GLOBAL_UNIT_ASSIGNED_CONTEXT ( ( #1705, #3772, #895 ) ) REPRESENTATION_CONTEXT ( 'NONE', 'WORKASPACE' ) );
#2745 = CARTESIAN_POINT ( 'NONE',  ( -6.099999999999999645, -0.02499999999999181349, 4.425000000000005151 ) ) ;
#2746 = CARTESIAN_POINT ( 'NONE',  ( -10.44999999999999929, 0.4249999999999943823, 0.1250000000000014155 ) ) ;
#2747 = ADVANCED_FACE ( 'NONE', ( #3477 ), #1822, .F. ) ;
#2748 = ORIENTED_EDGE ( 'NONE', *, *, #4720, .F. ) ;
#2749 = AXIS2_PLACEMENT_3D ( 'NONE', #1460, #1056, #1484 ) ;
#2750 = FILL_AREA_STYLE_COLOUR ( '', #923 ) ;
#2751 = FACE_BOUND ( 'NONE', #4502, .T. ) ;
#2752 = CIRCLE ( 'NONE', #3266, 0.1499999999999999667 ) ;
#2753 = FACE_OUTER_BOUND ( 'NONE', #3031, .T. ) ;
#2754 = EDGE_CURVE ( 'NONE', #5034, #1967, #2649, .T. ) ;
#2755 = VERTEX_POINT ( 'NONE', #3561 ) ;
#2756 = VERTEX_POINT ( 'NONE', #1455 ) ;
#2757 = LINE ( 'NONE', #164, #1755 ) ;
#2758 = VECTOR ( 'NONE', #3957, 1000.000000000000000 ) ;
#2759 = CYLINDRICAL_SURFACE ( 'NONE', #4987, 0.1499999999999999667 ) ;
#2760 = DIRECTION ( 'NONE',  ( 0.000000000000000000, -1.000000000000000000, 3.324683026880842862E-15 ) ) ;
#2761 = DIRECTION ( 'NONE',  ( 0.000000000000000000, 0.000000000000000000, 1.000000000000000000 ) ) ;
#2762 =( GEOMETRIC_REPRESENTATION_CONTEXT ( 3 ) GLOBAL_UNCERTAINTY_ASSIGNED_CONTEXT ( ( #2562 ) ) GLOBAL_UNIT_ASSIGNED_CONTEXT ( ( #3408, #2187, #110 ) ) REPRESENTATION_CONTEXT ( 'NONE', 'WORKASPACE' ) );
#2763 = ORIENTED_EDGE ( 'NONE', *, *, #240, .F. ) ;
#2764 = PLANE ( 'NONE',  #1834 ) ;
#2765 = VECTOR ( 'NONE', #3089, 1000.000000000000000 ) ;
#2766 = CARTESIAN_POINT ( 'NONE',  ( -0.5000000000000004441, -0.3250000000000081157, -0.5249999999999911404 ) ) ;
#2767 = EDGE_CURVE ( 'NONE', #4684, #3855, #4804, .T. ) ;
#2768 = FACE_OUTER_BOUND ( 'NONE', #4148, .T. ) ;
#2769 = CARTESIAN_POINT ( 'NONE',  ( -2.149999999999999023, -0.07499999999999354405, 3.350000000000004974 ) ) ;
#2770 = ORIENTED_EDGE ( 'NONE', *, *, #4166, .F. ) ;
#2771 = LINE ( 'NONE', #1598, #1601 ) ;
#2772 = ORIENTED_EDGE ( 'NONE', *, *, #227, .F. ) ;
#2773 = PRESENTATION_STYLE_ASSIGNMENT (( #4528 ) ) ;
#2774 = DIRECTION ( 'NONE',  ( 1.000000000000000000, -0.000000000000000000, -0.000000000000000000 ) ) ;
#2775 = EDGE_CURVE ( 'NONE', #5184, #382, #2324, .T. ) ;
#2776 = EDGE_CURVE ( 'NONE', #3619, #1626, #4328, .T. ) ;
#2777 = DIRECTION ( 'NONE',  ( 0.000000000000000000, -1.000000000000000000, 3.274642926612281180E-15 ) ) ;
#2778 = ORIENTED_EDGE ( 'NONE', *, *, #950, .T. ) ;
#2779 =( LENGTH_UNIT ( ) NAMED_UNIT ( * ) SI_UNIT ( .MILLI., .METRE. ) );
#2780 = LINE ( 'NONE', #229, #4026 ) ;
#2781 =( LENGTH_UNIT ( ) NAMED_UNIT ( * ) SI_UNIT ( .MILLI., .METRE. ) );
#2782 = ORIENTED_EDGE ( 'NONE', *, *, #4208, .F. ) ;
#2783 = LINE ( 'NONE', #704, #832 ) ;
#2784 = DIRECTION ( 'NONE',  ( -1.000000000000000000, -0.000000000000000000, -0.000000000000000000 ) ) ;
#2785 = EDGE_CURVE ( 'NONE', #3353, #5118, #1905, .T. ) ;
#2786 = CARTESIAN_POINT ( 'NONE',  ( -7.150000000000001243, -0.02499999999999120634, 4.425000000000006040 ) ) ;
#2787 =( NAMED_UNIT ( * ) PLANE_ANGLE_UNIT ( ) SI_UNIT ( $, .RADIAN. ) );
#2788 = APPLICATION_PROTOCOL_DEFINITION ( 'draft international standard', 'automotive_design', 1998, #2196 ) ;
#2789 = ORIENTED_EDGE ( 'NONE', *, *, #3166, .F. ) ;
#2790 =( NAMED_UNIT ( * ) PLANE_ANGLE_UNIT ( ) SI_UNIT ( $, .RADIAN. ) );
#2791 = CARTESIAN_POINT ( 'NONE',  ( -4.649999999999999467, 0.3250000000000090039, 3.725000000000005862 ) ) ;
#2792 = FACE_OUTER_BOUND ( 'NONE', #1542, .T. ) ;
#2793 = CARTESIAN_POINT ( 'NONE',  ( -0.5000000000000000000, 1.724999999999991873, 1.725000000000003864 ) ) ;
#2794 = VECTOR ( 'NONE', #2159, 1000.000000000000000 ) ;
#2795 = ORIENTED_EDGE ( 'NONE', *, *, #1590, .F. ) ;
#2796 = EDGE_LOOP ( 'NONE', ( #4508, #5116, #3690, #41 ) ) ;
#2797 = SURFACE_STYLE_USAGE ( .BOTH. , #3614 ) ;
#2798 = ORIENTED_EDGE ( 'NONE', *, *, #1187, .F. ) ;
#2799 = VECTOR ( 'NONE', #2581, 1000.000000000000000 ) ;
#2800 = EDGE_CURVE ( 'NONE', #4083, #1377, #1107, .T. ) ;
#2801 = PLANE ( 'NONE',  #57 ) ;
#2802 = CARTESIAN_POINT ( 'NONE',  ( -10.75000000000000000, -0.07499999999999541755, 2.775000000000006128 ) ) ;
#2803 = CARTESIAN_POINT ( 'NONE',  ( -0.5000000000000004441, 0.4249999999999943823, -0.5249999999999938050 ) ) ;
#2804 = VECTOR ( 'NONE', #1643, 1000.000000000000000 ) ;
#2805 = ORIENTED_EDGE ( 'NONE', *, *, #2460, .F. ) ;
#2806 = ADVANCED_FACE ( 'NONE', ( #3215 ), #5154, .F. ) ;
#2807 = CARTESIAN_POINT ( 'NONE',  ( -6.099999999999999645, -0.02499999999999356209, 4.425000000000004263 ) ) ;
#2808 = DIRECTION ( 'NONE',  ( 0.000000000000000000, 1.000000000000000000, -3.491483361109382461E-15 ) ) ;
#2809 = DIRECTION ( 'NONE',  ( 1.000000000000000000, 0.000000000000000000, 0.000000000000000000 ) ) ;
#2810 = DIRECTION ( 'NONE',  ( 0.000000000000000000, -1.000000000000000000, 3.491483361109382461E-15 ) ) ;
#2811 =( NAMED_UNIT ( * ) SI_UNIT ( $, .STERADIAN. ) SOLID_ANGLE_UNIT ( ) );
#2812 = ADVANCED_FACE ( 'NONE', ( #2753 ), #3999, .F. ) ;
#2813 = AXIS2_PLACEMENT_3D ( 'NONE', #4596, #4649, #179 ) ;
#2814 = ORIENTED_EDGE ( 'NONE', *, *, #521, .F. ) ;
#2815 = CARTESIAN_POINT ( 'NONE',  ( -2.349999999999999645, -0.1499999999999933054, 3.425000000000005596 ) ) ;
#2816 = DIRECTION ( 'NONE',  ( 0.000000000000000000, -3.614688153437280656E-15, -1.000000000000000000 ) ) ;
#2817 = CIRCLE ( 'NONE', #3073, 0.1499999999999999667 ) ;
#2818 = DIRECTION ( 'NONE',  ( -1.000000000000000000, 0.000000000000000000, 0.000000000000000000 ) ) ;
#2819 = DIRECTION ( 'NONE',  ( 1.000000000000000000, -0.000000000000000000, 0.000000000000000000 ) ) ;
#2820 = ORIENTED_EDGE ( 'NONE', *, *, #61, .T. ) ;
#2821 = FILL_AREA_STYLE_COLOUR ( '', #4547 ) ;
#2822 =( GEOMETRIC_REPRESENTATION_CONTEXT ( 3 ) GLOBAL_UNCERTAINTY_ASSIGNED_CONTEXT ( ( #646 ) ) GLOBAL_UNIT_ASSIGNED_CONTEXT ( ( #4071, #1128, #2365 ) ) REPRESENTATION_CONTEXT ( 'NONE', 'WORKASPACE' ) );
#2823 = ORIENTED_EDGE ( 'NONE', *, *, #5192, .T. ) ;
#2824 = DIRECTION ( 'NONE',  ( -1.000000000000000000, -9.463684613279350699E-31, -2.710505431213730517E-16 ) ) ;
#2825 = LINE ( 'NONE', #5228, #3018 ) ;
#2826 = CARTESIAN_POINT ( 'NONE',  ( -5.900000000000000355, 0.3250000000000066169, 3.725000000000004974 ) ) ;
#2827 = PLANE ( 'NONE',  #4390 ) ;
#2828 = VECTOR ( 'NONE', #2558, 1000.000000000000000 ) ;
#2829 = ORIENTED_EDGE ( 'NONE', *, *, #854, .F. ) ;
#2830 = DIRECTION ( 'NONE',  ( 0.000000000000000000, -3.491483361109382461E-15, -1.000000000000000000 ) ) ;
#2831 = EDGE_CURVE ( 'NONE', #2689, #1280, #729, .T. ) ;
#2832 = PRESENTATION_STYLE_ASSIGNMENT (( #21 ) ) ;
#2833 = VECTOR ( 'NONE', #1579, 1000.000000000000000 ) ;
#2834 = EDGE_LOOP ( 'NONE', ( #4738, #3328, #1197, #683 ) ) ;
#2835 = CARTESIAN_POINT ( 'NONE',  ( -3.399999999999999467, 0.05000000000000652534, 3.725000000000005862 ) ) ;
#2836 = STYLED_ITEM ( 'NONE', ( #1991 ), #3933 ) ;
#2837 = DIRECTION ( 'NONE',  ( 0.000000000000000000, 1.000000000000000000, 0.000000000000000000 ) ) ;
#2838 = CARTESIAN_POINT ( 'NONE',  ( -9.749999999999998224, 1.274999999999997247, 1.075000000000002620 ) ) ;
#2839 = VECTOR ( 'NONE', #2430, 1000.000000000000000 ) ;
#2840 = AXIS2_PLACEMENT_3D ( 'NONE', #1359, #134, #5030 ) ;
#2841 = ORIENTED_EDGE ( 'NONE', *, *, #2167, .T. ) ;
#2842 = DIRECTION ( 'NONE',  ( 0.000000000000000000, -1.000000000000000000, -0.000000000000000000 ) ) ;
#2843 =( LENGTH_UNIT ( ) NAMED_UNIT ( * ) SI_UNIT ( .MILLI., .METRE. ) );
#2844 = AXIS2_PLACEMENT_3D ( 'NONE', #4844, #2017, #737 ) ;
#2845 = PLANE ( 'NONE',  #1883 ) ;
#2846 = DIRECTION ( 'NONE',  ( 1.000000000000000000, -0.000000000000000000, 0.000000000000000000 ) ) ;
#2847 = CARTESIAN_POINT ( 'NONE',  ( -7.599999999999998757, -0.1750000000000018763, 1.275000000000006573 ) ) ;
#2848 = EDGE_LOOP ( 'NONE', ( #4751, #2264, #116, #2061 ) ) ;
#2849 = CYLINDRICAL_SURFACE ( 'NONE', #1257, 0.07499999999999998335 ) ;
#2850 = DIRECTION ( 'NONE',  ( -0.000000000000000000, -0.000000000000000000, 1.000000000000000000 ) ) ;
#2851 = EDGE_CURVE ( 'NONE', #284, #2419, #3128, .T. ) ;
#2852 = DIRECTION ( 'NONE',  ( 0.000000000000000000, 0.000000000000000000, -1.000000000000000000 ) ) ;
#2853 = SURFACE_STYLE_FILL_AREA ( #1955 ) ;
#2854 = ORIENTED_EDGE ( 'NONE', *, *, #1390, .T. ) ;
#2855 = LINE ( 'NONE', #1175, #3923 ) ;
#2856 = ORIENTED_EDGE ( 'NONE', *, *, #1382, .T. ) ;
#2857 = CARTESIAN_POINT ( 'NONE',  ( -0.3000000000000004885, 0.4249999999999954925, 0.1250000000000041356 ) ) ;
#2858 = DIRECTION ( 'NONE',  ( 0.000000000000000000, 0.000000000000000000, -1.000000000000000000 ) ) ;
#2859 = ORIENTED_EDGE ( 'NONE', *, *, #3731, .T. ) ;
#2860 = CARTESIAN_POINT ( 'NONE',  ( -7.599999999999998757, 3.074999999999997069, 1.274999999999995248 ) ) ;
#2861 = FACE_OUTER_BOUND ( 'NONE', #2036, .T. ) ;
#2862 = CARTESIAN_POINT ( 'NONE',  ( -5.899999999999998579, -0.1499999999999935274, 3.350000000000006306 ) ) ;
#2863 = DIRECTION ( 'NONE',  ( 0.000000000000000000, 1.000000000000000000, -3.491483361109382461E-15 ) ) ;
#2864 = ORIENTED_EDGE ( 'NONE', *, *, #2174, .F. ) ;
#2865 = ADVANCED_FACE ( 'NONE', ( #1931 ), #3589, .T. ) ;
#2866 = FACE_OUTER_BOUND ( 'NONE', #242, .T. ) ;
#2867 = FACE_OUTER_BOUND ( 'NONE', #1154, .T. ) ;
#2868 = ORIENTED_EDGE ( 'NONE', *, *, #1311, .T. ) ;
#2869 =( NAMED_UNIT ( * ) PLANE_ANGLE_UNIT ( ) SI_UNIT ( $, .RADIAN. ) );
#2870 = EDGE_CURVE ( 'NONE', #2471, #5009, #2371, .T. ) ;
#2871 = ORIENTED_EDGE ( 'NONE', *, *, #4822, .T. ) ;
#2872 = FILL_AREA_STYLE_COLOUR ( '', #4789 ) ;
#2873 = SURFACE_SIDE_STYLE ('',( #1228 ) ) ;
#2874 = DIRECTION ( 'NONE',  ( -0.000000000000000000, -3.491483361109382461E-15, -1.000000000000000000 ) ) ;
#2875 = DIRECTION ( 'NONE',  ( -1.000000000000000000, 0.000000000000000000, -0.000000000000000000 ) ) ;
#2876 = ORIENTED_EDGE ( 'NONE', *, *, #2474, .F. ) ;
#2877 = DIRECTION ( 'NONE',  ( -0.000000000000000000, -0.000000000000000000, 1.000000000000000000 ) ) ;
#2878 = EDGE_CURVE ( 'NONE', #2420, #1078, #855, .T. ) ;
#2879 = ORIENTED_EDGE ( 'NONE', *, *, #416, .T. ) ;
#2880 = AXIS2_PLACEMENT_3D ( 'NONE', #1351, #4247, #572 ) ;
#2881 = CARTESIAN_POINT ( 'NONE',  ( -7.149999999999999467, 0.3250000000000090039, 3.425000000000006040 ) ) ;
#2882 = CARTESIAN_POINT ( 'NONE',  ( -2.349999999999999645, -0.3249999999999911848, 4.425000000000006040 ) ) ;
#2883 = ORIENTED_EDGE ( 'NONE', *, *, #5179, .T. ) ;
#2884 = LINE ( 'NONE', #2399, #4191 ) ;
#2885 = UNCERTAINTY_MEASURE_WITH_UNIT (LENGTH_MEASURE( 1.000000000000000082E-05 ), #3329, 'distance_accuracy_value', 'NONE');
#2886 =( NAMED_UNIT ( * ) SI_UNIT ( $, .STERADIAN. ) SOLID_ANGLE_UNIT ( ) );
#2887 = CARTESIAN_POINT ( 'NONE',  ( -8.400000000000000355, -0.02499999999999353434, 3.725000000000005862 ) ) ;
#2888 =( NAMED_UNIT ( * ) SI_UNIT ( $, .STERADIAN. ) SOLID_ANGLE_UNIT ( ) );
#2889 = VECTOR ( 'NONE', #2976, 1000.000000000000000 ) ;
#2890 = ORIENTED_EDGE ( 'NONE', *, *, #1843, .T. ) ;
#2891 = VECTOR ( 'NONE', #2424, 1000.000000000000000 ) ;
#2892 = LINE ( 'NONE', #5109, #4660 ) ;
#2893 = CARTESIAN_POINT ( 'NONE',  ( -3.399999999999999467, -0.07499999999999552858, 4.425000000000004263 ) ) ;
#2894 = EDGE_CURVE ( 'NONE', #1951, #4425, #1987, .T. ) ;
#2895 = AXIS2_PLACEMENT_3D ( 'NONE', #959, #1106, #750 ) ;
#2896 = ORIENTED_EDGE ( 'NONE', *, *, #2249, .T. ) ;
#2897 = EDGE_LOOP ( 'NONE', ( #3438, #835, #5266, #16, #3198, #1729, #5131, #1771, #3167, #2413, #3129, #3854, #816 ) ) ;
#2898 = SURFACE_STYLE_USAGE ( .BOTH. , #1255 ) ;
#2899 = VECTOR ( 'NONE', #3388, 1000.000000000000000 ) ;
#2900 = CARTESIAN_POINT ( 'NONE',  ( -10.75000000000000000, 1.625000000000004441, 3.724999999999993427 ) ) ;
#2901 = LINE ( 'NONE', #5050, #3948 ) ;
#2902 = DIRECTION ( 'NONE',  ( -0.000000000000000000, 1.000000000000000000, 0.000000000000000000 ) ) ;
#2903 = VECTOR ( 'NONE', #3483, 1000.000000000000000 ) ;
#2904 = ORIENTED_EDGE ( 'NONE', *, *, #162, .F. ) ;
#2905 = CARTESIAN_POINT ( 'NONE',  ( -10.24999999999999822, 3.225000000000004974, 3.124999999999995115 ) ) ;
#2906 = ORIENTED_EDGE ( 'NONE', *, *, #2670, .T. ) ;
#2907 = VECTOR ( 'NONE', #4270, 1000.000000000000000 ) ;
#2908 = CARTESIAN_POINT ( 'NONE',  ( -7.599999999999998757, 3.074999999999997957, 1.274999999999994360 ) ) ;
#2909 = EDGE_CURVE ( 'NONE', #59, #3104, #798, .T. ) ;
#2910 = VERTEX_POINT ( 'NONE', #4452 ) ;
#2911 = CYLINDRICAL_SURFACE ( 'NONE', #4440, 0.07499999999999998335 ) ;
#2912 = AXIS2_PLACEMENT_3D ( 'NONE', #3067, #3096, #747 ) ;
#2913 = DIRECTION ( 'NONE',  ( 0.000000000000000000, 0.000000000000000000, -1.000000000000000000 ) ) ;
#2914 = DIRECTION ( 'NONE',  ( 0.000000000000000000, 1.000000000000000000, -4.033584447352134283E-15 ) ) ;
#2915 = DIRECTION ( 'NONE',  ( -2.710505431213730517E-16, 3.274642926612281180E-15, 1.000000000000000000 ) ) ;
#2916 = EDGE_CURVE ( 'NONE', #1132, #3078, #2469, .T. ) ;
#2917 = AXIS2_PLACEMENT_3D ( 'NONE', #2084, #4662, #1754 ) ;
#2918 = ORIENTED_EDGE ( 'NONE', *, *, #1977, .F. ) ;
#2919 =( GEOMETRIC_REPRESENTATION_CONTEXT ( 3 ) GLOBAL_UNCERTAINTY_ASSIGNED_CONTEXT ( ( #697 ) ) GLOBAL_UNIT_ASSIGNED_CONTEXT ( ( #2609, #122, #4992 ) ) REPRESENTATION_CONTEXT ( 'NONE', 'WORKASPACE' ) );
#2920 = ORIENTED_EDGE ( 'NONE', *, *, #4720, .T. ) ;
#2921 = DIRECTION ( 'NONE',  ( 0.000000000000000000, 0.000000000000000000, -1.000000000000000000 ) ) ;
#2922 = VECTOR ( 'NONE', #527, 1000.000000000000000 ) ;
#2923 = EDGE_LOOP ( 'NONE', ( #4573, #3010, #1279, #3633 ) ) ;
#2924 = EDGE_LOOP ( 'NONE', ( #1838, #1519, #3638, #3911 ) ) ;
#2925 = ORIENTED_EDGE ( 'NONE', *, *, #2754, .T. ) ;
#2926 = MECHANICAL_DESIGN_GEOMETRIC_PRESENTATION_REPRESENTATION (  '', ( #4831 ), #2667 ) ;
#2927 = CARTESIAN_POINT ( 'NONE',  ( -10.75000000000000000, 3.875000000000007105, 1.725000000000006084 ) ) ;
#2928 = CARTESIAN_POINT ( 'NONE',  ( -7.349999999999999645, -0.02499999999999181349, 4.425000000000005151 ) ) ;
#2929 = DIRECTION ( 'NONE',  ( 0.000000000000000000, -1.000000000000000000, 3.491483361109382461E-15 ) ) ;
#2930 = VECTOR ( 'NONE', #3518, 1000.000000000000000 ) ;
#2931 = EDGE_LOOP ( 'NONE', ( #3040, #5040, #3660, #2428 ) ) ;
#2932 = SURFACE_SIDE_STYLE ('',( #1658 ) ) ;
#2933 = ORIENTED_EDGE ( 'NONE', *, *, #533, .T. ) ;
#2934 = EDGE_CURVE ( 'NONE', #624, #4137, #2559, .T. ) ;
#2935 = EDGE_CURVE ( 'NONE', #109, #4691, #4484, .T. ) ;
#2936 = PRESENTATION_LAYER_ASSIGNMENT (  '', '', ( #5182 ) ) ;
#2937 = DIRECTION ( 'NONE',  ( 0.000000000000000000, 0.000000000000000000, 1.000000000000000000 ) ) ;
#2938 = DIRECTION ( 'NONE',  ( 1.000000000000000000, 0.000000000000000000, 0.000000000000000000 ) ) ;
#2939 = CARTESIAN_POINT ( 'NONE',  ( -9.749999999999998224, 3.874999999999999556, 1.074999999999993516 ) ) ;
#2940 = EDGE_LOOP ( 'NONE', ( #3384, #1985, #2398, #294 ) ) ;
#2941 = CARTESIAN_POINT ( 'NONE',  ( -10.75000000000000000, 0.4750000000000059175, 3.525000000000004352 ) ) ;
#2942 = PLANE ( 'NONE',  #620 ) ;
#2943 = PRESENTATION_STYLE_ASSIGNMENT (( #454 ) ) ;
#2944 = VERTEX_POINT ( 'NONE', #3665 ) ;
#2945 = UNCERTAINTY_MEASURE_WITH_UNIT (LENGTH_MEASURE( 1.000000000000000082E-05 ), #3085, 'distance_accuracy_value', 'NONE');
#2946 = ADVANCED_FACE ( 'NONE', ( #2497 ), #2065, .T. ) ;
#2947 = PLANE ( 'NONE',  #2245 ) ;
#2948 = ORIENTED_EDGE ( 'NONE', *, *, #3958, .F. ) ;
#2949 = ORIENTED_EDGE ( 'NONE', *, *, #2215, .F. ) ;
#2950 = LINE ( 'NONE', #3798, #2270 ) ;
#2951 = LINE ( 'NONE', #917, #1708 ) ;
#2952 = PLANE ( 'NONE',  #2491 ) ;
#2953 = CYLINDRICAL_SURFACE ( 'NONE', #860, 0.1499999999999999667 ) ;
#2954 = VERTEX_POINT ( 'NONE', #3256 ) ;
#2955 = FILL_AREA_STYLE ('',( #5010 ) ) ;
#2956 = VERTEX_POINT ( 'NONE', #3640 ) ;
#2957 = CARTESIAN_POINT ( 'NONE',  ( -5.899999999999998579, -0.1499999999999935274, 3.350000000000006306 ) ) ;
#2958 = CARTESIAN_POINT ( 'NONE',  ( -6.099999999999999645, 0.05000000000000669187, 3.800000000000005596 ) ) ;
#2959 = EDGE_CURVE ( 'NONE', #3466, #2153, #5286, .T. ) ;
#2960 = ORIENTED_EDGE ( 'NONE', *, *, #4272, .F. ) ;
#2961 = AXIS2_PLACEMENT_3D ( 'NONE', #4331, #2588, #2267 ) ;
#2962 = FACE_OUTER_BOUND ( 'NONE', #5195, .T. ) ;
#2963 = LINE ( 'NONE', #2204, #4703 ) ;
#2964 = LINE ( 'NONE', #3422, #3323 ) ;
#2965 = AXIS2_PLACEMENT_3D ( 'NONE', #3782, #3026, #4671 ) ;
#2966 = DIRECTION ( 'NONE',  ( -0.000000000000000000, -0.000000000000000000, 1.000000000000000000 ) ) ;
#2967 = EDGE_CURVE ( 'NONE', #4972, #2755, #2315, .T. ) ;
#2968 = EDGE_CURVE ( 'NONE', #88, #1672, #3003, .T. ) ;
#2969 = ORIENTED_EDGE ( 'NONE', *, *, #1613, .T. ) ;
#2970 = LINE ( 'NONE', #3350, #5032 ) ;
#2971 = CARTESIAN_POINT ( 'NONE',  ( -9.249999999999998224, 3.874999999999997335, 1.074999999999997957 ) ) ;
#2972 = CARTESIAN_POINT ( 'NONE',  ( -9.749999999999998224, 3.875000000000005329, 3.124999999999996003 ) ) ;
#2973 = EDGE_CURVE ( 'NONE', #861, #992, #3783, .T. ) ;
#2974 = AXIS2_PLACEMENT_3D ( 'NONE', #5236, #3150, #1476 ) ;
#2975 = ORIENTED_EDGE ( 'NONE', *, *, #3801, .F. ) ;
#2976 = DIRECTION ( 'NONE',  ( -0.000000000000000000, -3.491483361109382461E-15, -1.000000000000000000 ) ) ;
#2977 = ORIENTED_EDGE ( 'NONE', *, *, #3776, .F. ) ;
#2978 = CARTESIAN_POINT ( 'NONE',  ( -3.600000000000000977, 0.3250000000000033973, 2.775000000000004352 ) ) ;
#2979 = MECHANICAL_DESIGN_GEOMETRIC_PRESENTATION_REPRESENTATION (  '', ( #4623 ), #2380 ) ;
#2980 = LINE ( 'NONE', #4908, #1978 ) ;
#2981 = ORIENTED_EDGE ( 'NONE', *, *, #3662, .T. ) ;
#2982 = DIRECTION ( 'NONE',  ( 0.000000000000000000, 1.000000000000000000, -3.274642926612281180E-15 ) ) ;
#2983 = EDGE_CURVE ( 'NONE', #64, #3593, #446, .T. ) ;
#2984 = ORIENTED_EDGE ( 'NONE', *, *, #2400, .F. ) ;
#2985 = PLANE ( 'NONE',  #2988 ) ;
#2986 = AXIS2_PLACEMENT_3D ( 'NONE', #2168, #3041, #535 ) ;
#2987 = ORIENTED_EDGE ( 'NONE', *, *, #1070, .F. ) ;
#2988 = AXIS2_PLACEMENT_3D ( 'NONE', #1287, #4156, #38 ) ;
#2989 = CARTESIAN_POINT ( 'NONE',  ( -0.5000000000000000000, -0.1749999999999932998, 3.725000000000006306 ) ) ;
#2990 = PLANE ( 'NONE',  #3607 ) ;
#2991 = CARTESIAN_POINT ( 'NONE',  ( -10.44999999999999929, -0.3250000000000081157, -0.5249999999999911404 ) ) ;
#2992 = ORIENTED_EDGE ( 'NONE', *, *, #3143, .F. ) ;
#2993 = DIRECTION ( 'NONE',  ( 1.000000000000000000, 2.710505431213777355E-16, -8.624045791263589697E-31 ) ) ;
#2994 = CARTESIAN_POINT ( 'NONE',  ( -10.24999999999999822, -0.1749999999999932998, 3.725000000000006306 ) ) ;
#2995 = AXIS2_PLACEMENT_3D ( 'NONE', #1960, #1177, #3309 ) ;
#2996 = UNCERTAINTY_MEASURE_WITH_UNIT (LENGTH_MEASURE( 1.000000000000000082E-05 ), #3997, 'distance_accuracy_value', 'NONE');
#2997 = EDGE_CURVE ( 'NONE', #3205, #4232, #2040, .T. ) ;
#2998 = DIRECTION ( 'NONE',  ( -2.710505431213730517E-16, 3.274642926612281180E-15, 1.000000000000000000 ) ) ;
#2999 = LINE ( 'NONE', #2119, #2828 ) ;
#3000 = CIRCLE ( 'NONE', #1692, 0.1499999999999999667 ) ;
#3001 = VERTEX_POINT ( 'NONE', #876 ) ;
#3002 = EDGE_CURVE ( 'NONE', #4105, #113, #847, .T. ) ;
#3003 = CIRCLE ( 'NONE', #1105, 0.07499999999999998335 ) ;
#3004 = CARTESIAN_POINT ( 'NONE',  ( -1.499999999999999778, 3.874999999999998224, 1.074999999999993516 ) ) ;
#3005 = FILL_AREA_STYLE_COLOUR ( '', #2117 ) ;
#3006 = LINE ( 'NONE', #3792, #1300 ) ;
#3007 = COLOUR_RGB ( '',0.9607843137254902244, 0.9607843137254902244, 0.9607843137254902244 ) ;
#3008 = VERTEX_POINT ( 'NONE', #5067 ) ;
#3009 = CYLINDRICAL_SURFACE ( 'NONE', #336, 0.07499999999999998335 ) ;
#3010 = ORIENTED_EDGE ( 'NONE', *, *, #1005, .F. ) ;
#3011 = CARTESIAN_POINT ( 'NONE',  ( -4.650000000000001243, 0.05000000000000674738, 3.800000000000005596 ) ) ;
#3012 = STYLED_ITEM ( 'NONE', ( #1297 ), #3972 ) ;
#3013 = CARTESIAN_POINT ( 'NONE',  ( -5.899999999999998579, -0.1499999999999933054, 3.425000000000006040 ) ) ;
#3014 = LINE ( 'NONE', #1309, #3348 ) ;
#3015 = EDGE_LOOP ( 'NONE', ( #1534, #4420, #300, #249, #1401, #1391, #2984, #1763, #4772, #400, #1697, #5225, #3216 ) ) ;
#3016 = MECHANICAL_DESIGN_GEOMETRIC_PRESENTATION_REPRESENTATION (  '', ( #1888 ), #3532 ) ;
#3017 = FACE_OUTER_BOUND ( 'NONE', #1580, .T. ) ;
#3018 = VECTOR ( 'NONE', #331, 1000.000000000000000 ) ;
#3019 = ORIENTED_EDGE ( 'NONE', *, *, #906, .F. ) ;
#3020 = EDGE_CURVE ( 'NONE', #2508, #1979, #4897, .T. ) ;
#3021 = CARTESIAN_POINT ( 'NONE',  ( -4.850000000000001421, -0.1499999999999933054, 3.425000000000006040 ) ) ;
#3022 = STYLED_ITEM ( 'NONE', ( #1545 ), #4454 ) ;
#3023 = DIRECTION ( 'NONE',  ( 0.000000000000000000, -3.491483361109382461E-15, -1.000000000000000000 ) ) ;
#3024 = PLANE ( 'NONE',  #993 ) ;
#3025 = ORIENTED_EDGE ( 'NONE', *, *, #2636, .F. ) ;
#3026 = DIRECTION ( 'NONE',  ( 1.000000000000000000, 0.000000000000000000, 0.000000000000000000 ) ) ;
#3027 = CIRCLE ( 'NONE', #4577, 0.07499999999999998335 ) ;
#3028 = CARTESIAN_POINT ( 'NONE',  ( -5.899999999999998579, 0.1750000000000062061, 3.575000000000005063 ) ) ;
#3029 = FACE_OUTER_BOUND ( 'NONE', #710, .T. ) ;
#3030 = VECTOR ( 'NONE', #74, 1000.000000000000000 ) ;
#3031 = EDGE_LOOP ( 'NONE', ( #1793, #2194, #1013, #2098 ) ) ;
#3032 = ORIENTED_EDGE ( 'NONE', *, *, #721, .F. ) ;
#3033 = ORIENTED_EDGE ( 'NONE', *, *, #3055, .T. ) ;
#3034 = EDGE_CURVE ( 'NONE', #3651, #2307, #2123, .T. ) ;
#3035 = CARTESIAN_POINT ( 'NONE',  ( -3.600000000000000533, -0.02499999999999356209, 3.800000000000006040 ) ) ;
#3036 = CARTESIAN_POINT ( 'NONE',  ( -2.049999999999999822, -0.1750000000000018763, 1.275000000000006573 ) ) ;
#3037 = ORIENTED_EDGE ( 'NONE', *, *, #2775, .T. ) ;
#3038 = DIRECTION ( 'NONE',  ( 0.000000000000000000, 1.000000000000000000, 0.000000000000000000 ) ) ;
#3039 = ORIENTED_EDGE ( 'NONE', *, *, #1695, .T. ) ;
#3040 = ORIENTED_EDGE ( 'NONE', *, *, #3691, .F. ) ;
#3041 = DIRECTION ( 'NONE',  ( -1.000000000000000000, -0.000000000000000000, -0.000000000000000000 ) ) ;
#3042 = DIRECTION ( 'NONE',  ( 0.000000000000000000, -3.241282859766573260E-15, -1.000000000000000000 ) ) ;
#3043 = ADVANCED_FACE ( 'NONE', ( #1791 ), #2169, .F. ) ;
#3044 = ORIENTED_EDGE ( 'NONE', *, *, #5111, .T. ) ;
#3045 =( NAMED_UNIT ( * ) SI_UNIT ( $, .STERADIAN. ) SOLID_ANGLE_UNIT ( ) );
#3046 = UNCERTAINTY_MEASURE_WITH_UNIT (LENGTH_MEASURE( 1.000000000000000082E-05 ), #4507, 'distance_accuracy_value', 'NONE');
#3047 = DIRECTION ( 'NONE',  ( 0.000000000000000000, 1.000000000000000000, -0.000000000000000000 ) ) ;
#3048 = CARTESIAN_POINT ( 'NONE',  ( -3.600000000000000533, 0.05000000000000647676, 3.725000000000004974 ) ) ;
#3049 = CARTESIAN_POINT ( 'NONE',  ( -10.75000000000000000, 0.4249999999999996558, 1.725000000000004308 ) ) ;
#3050 = ORIENTED_EDGE ( 'NONE', *, *, #2695, .F. ) ;
#3051 = DIRECTION ( 'NONE',  ( 1.000000000000000000, 0.000000000000000000, 0.000000000000000000 ) ) ;
#3052 = PRESENTATION_LAYER_ASSIGNMENT (  '', '', ( #4774 ) ) ;
#3053 = DIRECTION ( 'NONE',  ( 0.000000000000000000, 3.346923071444648273E-15, 1.000000000000000000 ) ) ;
#3054 = CARTESIAN_POINT ( 'NONE',  ( -0.5000000000000000000, 0.4249999999999941602, 0.1250000000000041911 ) ) ;
#3055 = EDGE_CURVE ( 'NONE', #3682, #2707, #2198, .T. ) ;
#3056 = DIRECTION ( 'NONE',  ( -1.000000000000000000, 0.000000000000000000, 0.000000000000000000 ) ) ;
#3057 = ORIENTED_EDGE ( 'NONE', *, *, #950, .F. ) ;
#3058 = DIRECTION ( 'NONE',  ( -0.000000000000000000, -1.000000000000000000, 0.000000000000000000 ) ) ;
#3059 = AXIS2_PLACEMENT_3D ( 'NONE', #3192, #1054, #1882 ) ;
#3060 = ORIENTED_EDGE ( 'NONE', *, *, #1227, .T. ) ;
#3061 = CARTESIAN_POINT ( 'NONE',  ( -3.399999999999999467, -0.07499999999999354405, 3.350000000000005418 ) ) ;
#3062 = ORIENTED_EDGE ( 'NONE', *, *, #936, .F. ) ;
#3063 = AXIS2_PLACEMENT_3D ( 'NONE', #3970, #2716, #2260 ) ;
#3064 = EDGE_CURVE ( 'NONE', #4855, #1077, #118, .T. ) ;
#3065 = EDGE_CURVE ( 'NONE', #3008, #109, #1393, .T. ) ;
#3066 = DIRECTION ( 'NONE',  ( 0.000000000000000000, 0.000000000000000000, 1.000000000000000000 ) ) ;
#3067 = CARTESIAN_POINT ( 'NONE',  ( -3.400000000000001243, -0.02499999999999353434, 3.725000000000005862 ) ) ;
#3068 = PRESENTATION_LAYER_ASSIGNMENT (  '', '', ( #600 ) ) ;
#3069 = VERTEX_POINT ( 'NONE', #144 ) ;
#3070 = DIRECTION ( 'NONE',  ( 1.000000000000000000, -0.000000000000000000, 0.000000000000000000 ) ) ;
#3071 = FACE_OUTER_BOUND ( 'NONE', #960, .T. ) ;
#3072 = DIRECTION ( 'NONE',  ( 3.693145214938325869E-31, 1.000000000000000000, -3.906454697893247310E-47 ) ) ;
#3073 = AXIS2_PLACEMENT_3D ( 'NONE', #1099, #4093, #2461 ) ;
#3074 = CARTESIAN_POINT ( 'NONE',  ( -0.5000000000000000000, 0.4249999999999996003, 1.725000000000003864 ) ) ;
#3075 = FILL_AREA_STYLE ('',( #5129 ) ) ;
#3076 = ORIENTED_EDGE ( 'NONE', *, *, #4954, .T. ) ;
#3077 =( GEOMETRIC_REPRESENTATION_CONTEXT ( 3 ) GLOBAL_UNCERTAINTY_ASSIGNED_CONTEXT ( ( #3865 ) ) GLOBAL_UNIT_ASSIGNED_CONTEXT ( ( #4060, #3756, #4996 ) ) REPRESENTATION_CONTEXT ( 'NONE', 'WORKASPACE' ) );
#3078 = VERTEX_POINT ( 'NONE', #1735 ) ;
#3079 = CARTESIAN_POINT ( 'NONE',  ( -3.600000000000001421, -0.07499999999999329425, 3.425000000000005151 ) ) ;
#3080 = CARTESIAN_POINT ( 'NONE',  ( -4.649999999999999467, 0.3250000000000033418, 2.775000000000004796 ) ) ;
#3081 = ADVANCED_FACE ( 'NONE', ( #1292 ), #4669, .T. ) ;
#3082 = DIRECTION ( 'NONE',  ( -1.000000000000000000, 0.000000000000000000, 0.000000000000000000 ) ) ;
#3083 = VECTOR ( 'NONE', #473, 1000.000000000000000 ) ;
#3084 = SURFACE_STYLE_USAGE ( .BOTH. , #5085 ) ;
#3085 =( LENGTH_UNIT ( ) NAMED_UNIT ( * ) SI_UNIT ( .MILLI., .METRE. ) );
#3086 = CIRCLE ( 'NONE', #781, 0.07499999999999998335 ) ;
#3087 = FACE_OUTER_BOUND ( 'NONE', #3443, .T. ) ;
#3088 = CARTESIAN_POINT ( 'NONE',  ( 0.000000000000000000, 1.724999999999991651, -0.5250000000000001332 ) ) ;
#3089 = DIRECTION ( 'NONE',  ( -0.000000000000000000, -0.000000000000000000, 1.000000000000000000 ) ) ;
#3090 = ORIENTED_EDGE ( 'NONE', *, *, #2072, .F. ) ;
#3091 = CARTESIAN_POINT ( 'NONE',  ( -3.400000000000001243, -0.02499999999999120634, 4.425000000000005151 ) ) ;
#3092 = VERTEX_POINT ( 'NONE', #3858 ) ;
#3093 = FACE_OUTER_BOUND ( 'NONE', #4816, .T. ) ;
#3094 = ORIENTED_EDGE ( 'NONE', *, *, #3631, .T. ) ;
#3095 = VECTOR ( 'NONE', #3247, 1000.000000000000000 ) ;
#3096 = DIRECTION ( 'NONE',  ( 2.710505431213777355E-16, -1.000000000000000000, 3.324683026880842862E-15 ) ) ;
#3097 = AXIS2_PLACEMENT_3D ( 'NONE', #2679, #1782, #2570 ) ;
#3098 = EDGE_LOOP ( 'NONE', ( #659, #4763, #491, #448 ) ) ;
#3099 = EDGE_CURVE ( 'NONE', #4561, #1165, #503, .T. ) ;
#3100 = EDGE_CURVE ( 'NONE', #3236, #2345, #2521, .T. ) ;
#3101 = VECTOR ( 'NONE', #3401, 1000.000000000000000 ) ;
#3102 =( LENGTH_UNIT ( ) NAMED_UNIT ( * ) SI_UNIT ( .MILLI., .METRE. ) );
#3103 = DIRECTION ( 'NONE',  ( 0.000000000000000000, 1.000000000000000000, -0.000000000000000000 ) ) ;
#3104 = VERTEX_POINT ( 'NONE', #3808 ) ;
#3105 = EDGE_CURVE ( 'NONE', #5199, #2107, #4986, .T. ) ;
#3106 = MECHANICAL_DESIGN_GEOMETRIC_PRESENTATION_REPRESENTATION (  '', ( #363 ), #1208 ) ;
#3107 = ORIENTED_EDGE ( 'NONE', *, *, #4971, .T. ) ;
#3108 = DIRECTION ( 'NONE',  ( 1.000000000000000000, 0.000000000000000000, 0.000000000000000000 ) ) ;
#3109 = DIRECTION ( 'NONE',  ( 1.000000000000000000, 0.000000000000000000, 0.000000000000000000 ) ) ;
#3110 = CARTESIAN_POINT ( 'NONE',  ( -10.75000000000000000, 3.224999999999999645, 3.724999999999993427 ) ) ;
#3111 = COLOUR_RGB ( '',0.9607843137254902244, 0.9607843137254902244, 0.9607843137254902244 ) ;
#3112 = CARTESIAN_POINT ( 'NONE',  ( -7.149999999999999467, -0.1749999999999944933, 3.425000000000006040 ) ) ;
#3113 =( NAMED_UNIT ( * ) PLANE_ANGLE_UNIT ( ) SI_UNIT ( $, .RADIAN. ) );
#3114 = EDGE_CURVE ( 'NONE', #2575, #2393, #2111, .T. ) ;
#3115 = FILL_AREA_STYLE_COLOUR ( '', #1065 ) ;
#3116 =( LENGTH_UNIT ( ) NAMED_UNIT ( * ) SI_UNIT ( .MILLI., .METRE. ) );
#3117 = LINE ( 'NONE', #2621, #188 ) ;
#3118 = EDGE_LOOP ( 'NONE', ( #5208, #4676, #4931, #488, #3386, #724 ) ) ;
#3119 = VERTEX_POINT ( 'NONE', #5015 ) ;
#3120 = PLANE ( 'NONE',  #1345 ) ;
#3121 = ORIENTED_EDGE ( 'NONE', *, *, #1655, .T. ) ;
#3122 = CARTESIAN_POINT ( 'NONE',  ( -6.099999999999999645, -0.1499999999999935274, 3.350000000000006306 ) ) ;
#3123 = FACE_OUTER_BOUND ( 'NONE', #1427, .T. ) ;
#3124 = ORIENTED_EDGE ( 'NONE', *, *, #2367, .T. ) ;
#3125 = SURFACE_SIDE_STYLE ('',( #4405 ) ) ;
#3126 = DIRECTION ( 'NONE',  ( -1.000000000000000000, 0.000000000000000000, 0.000000000000000000 ) ) ;
#3127 = EDGE_CURVE ( 'NONE', #4425, #3682, #4611, .T. ) ;
#3128 = LINE ( 'NONE', #2349, #2467 ) ;
#3129 = ORIENTED_EDGE ( 'NONE', *, *, #3203, .F. ) ;
#3130 = ORIENTED_EDGE ( 'NONE', *, *, #4045, .T. ) ;
#3131 = CARTESIAN_POINT ( 'NONE',  ( -0.5000000000000000000, 0.4249999999999996558, 1.725000000000003864 ) ) ;
#3132 = DIRECTION ( 'NONE',  ( -0.000000000000000000, -0.000000000000000000, 1.000000000000000000 ) ) ;
#3133 = DIRECTION ( 'NONE',  ( 0.000000000000000000, 1.000000000000000000, -0.000000000000000000 ) ) ;
#3134 = SURFACE_STYLE_FILL_AREA ( #3569 ) ;
#3135 = VERTEX_POINT ( 'NONE', #4690 ) ;
#3136 = DIRECTION ( 'NONE',  ( 0.000000000000000000, 1.000000000000000000, -3.346923071444648273E-15 ) ) ;
#3137 = DIRECTION ( 'NONE',  ( 0.000000000000000000, -3.491483361109382461E-15, -1.000000000000000000 ) ) ;
#3138 = EDGE_LOOP ( 'NONE', ( #23, #4282, #773, #2613 ) ) ;
#3139 = CARTESIAN_POINT ( 'NONE',  ( -0.5000000000000000000, -0.1750000000000002942, 1.725000000000005640 ) ) ;
#3140 = EDGE_LOOP ( 'NONE', ( #3399, #376, #4565, #2498 ) ) ;
#3141 = CARTESIAN_POINT ( 'NONE',  ( -3.149999999999999023, -0.1750000000000018763, 1.275000000000006573 ) ) ;
#3142 = VERTEX_POINT ( 'NONE', #4264 ) ;
#3143 = EDGE_CURVE ( 'NONE', #183, #2519, #1367, .T. ) ;
#3144 = VECTOR ( 'NONE', #4657, 1000.000000000000000 ) ;
#3145 = CARTESIAN_POINT ( 'NONE',  ( -2.149999999999999023, 0.3250000000000060063, 3.525000000000004796 ) ) ;
#3146 = FACE_OUTER_BOUND ( 'NONE', #2644, .T. ) ;
#3147 = ORIENTED_EDGE ( 'NONE', *, *, #5073, .T. ) ;
#3148 = FILL_AREA_STYLE_COLOUR ( '', #313 ) ;
#3149 =( GEOMETRIC_REPRESENTATION_CONTEXT ( 3 ) GLOBAL_UNCERTAINTY_ASSIGNED_CONTEXT ( ( #2996 ) ) GLOBAL_UNIT_ASSIGNED_CONTEXT ( ( #3997, #3531, #304 ) ) REPRESENTATION_CONTEXT ( 'NONE', 'WORKASPACE' ) );
#3150 = DIRECTION ( 'NONE',  ( -0.000000000000000000, 3.491483361109382461E-15, 1.000000000000000000 ) ) ;
#3151 = UNCERTAINTY_MEASURE_WITH_UNIT (LENGTH_MEASURE( 1.000000000000000082E-05 ), #2003, 'distance_accuracy_value', 'NONE');
#3152 =( NAMED_UNIT ( * ) PLANE_ANGLE_UNIT ( ) SI_UNIT ( $, .RADIAN. ) );
#3153 = DIRECTION ( 'NONE',  ( -1.000000000000000000, -0.000000000000000000, -0.000000000000000000 ) ) ;
#3154 = VECTOR ( 'NONE', #4059, 1000.000000000000000 ) ;
#3155 = ORIENTED_EDGE ( 'NONE', *, *, #3300, .T. ) ;
#3156 = ORIENTED_EDGE ( 'NONE', *, *, #1317, .F. ) ;
#3157 = ADVANCED_FACE ( 'NONE', ( #2604 ), #563, .F. ) ;
#3158 = CARTESIAN_POINT ( 'NONE',  ( -4.649999999999999467, -0.1499999999999935274, 3.350000000000005862 ) ) ;
#3159 = STYLED_ITEM ( 'NONE', ( #1071 ), #2178 ) ;
#3160 = VECTOR ( 'NONE', #2511, 1000.000000000000000 ) ;
#3161 = PLANE ( 'NONE',  #787 ) ;
#3162 = LINE ( 'NONE', #2786, #5264 ) ;
#3163 = DIRECTION ( 'NONE',  ( 0.000000000000000000, 3.274642926612281180E-15, 1.000000000000000000 ) ) ;
#3164 = AXIS2_PLACEMENT_3D ( 'NONE', #3196, #3544, #3163 ) ;
#3165 = ADVANCED_FACE ( 'NONE', ( #1339 ), #2990, .F. ) ;
#3166 = EDGE_CURVE ( 'NONE', #469, #624, #4237, .T. ) ;
#3167 = ORIENTED_EDGE ( 'NONE', *, *, #873, .T. ) ;
#3168 = CARTESIAN_POINT ( 'NONE',  ( -7.149999999999999467, 0.1750000000000062061, 3.575000000000005507 ) ) ;
#3169 = VECTOR ( 'NONE', #2071, 1000.000000000000000 ) ;
#3170 = LINE ( 'NONE', #4818, #2143 ) ;
#3171 = CARTESIAN_POINT ( 'NONE',  ( 0.000000000000000000, 3.874999999999998224, 1.274999999999992362 ) ) ;
#3172 = SURFACE_SIDE_STYLE ('',( #2338 ) ) ;
#3173 = VECTOR ( 'NONE', #1236, 1000.000000000000000 ) ;
#3174 = ORIENTED_EDGE ( 'NONE', *, *, #1390, .F. ) ;
#3175 = ORIENTED_EDGE ( 'NONE', *, *, #4088, .T. ) ;
#3176 =( NAMED_UNIT ( * ) PLANE_ANGLE_UNIT ( ) SI_UNIT ( $, .RADIAN. ) );
#3177 = PLANE ( 'NONE',  #2057 ) ;
#3178 = AXIS2_PLACEMENT_3D ( 'NONE', #4154, #1678, #3038 ) ;
#3179 = LINE ( 'NONE', #408, #514 ) ;
#3180 = DIRECTION ( 'NONE',  ( -0.000000000000000000, 3.181711311827809596E-15, 1.000000000000000000 ) ) ;
#3181 = VERTEX_POINT ( 'NONE', #3913 ) ;
#3182 = EDGE_LOOP ( 'NONE', ( #4157, #515, #5157, #1750 ) ) ;
#3183 = FILL_AREA_STYLE_COLOUR ( '', #2526 ) ;
#3184 = EDGE_CURVE ( 'NONE', #553, #2456, #3993, .T. ) ;
#3185 = STYLED_ITEM ( 'NONE', ( #424 ), #3928 ) ;
#3186 = DIRECTION ( 'NONE',  ( -0.000000000000000000, -0.000000000000000000, -1.000000000000000000 ) ) ;
#3187 = CARTESIAN_POINT ( 'NONE',  ( -3.399999999999999467, -0.02499999999999117511, 4.425000000000004263 ) ) ;
#3188 = VECTOR ( 'NONE', #3072, 1000.000000000000000 ) ;
#3189 = CARTESIAN_POINT ( 'NONE',  ( 0.000000000000000000, 3.875000000000007105, 1.774999999999994582 ) ) ;
#3190 = ORIENTED_EDGE ( 'NONE', *, *, #4971, .F. ) ;
#3191 = ORIENTED_EDGE ( 'NONE', *, *, #4144, .T. ) ;
#3192 = CARTESIAN_POINT ( 'NONE',  ( -2.349999999999999645, 0.05000000000000669187, 3.800000000000005151 ) ) ;
#3193 = AXIS2_PLACEMENT_3D ( 'NONE', #1332, #2653, #4279 ) ;
#3194 = LINE ( 'NONE', #1430, #4400 ) ;
#3195 = PLANE ( 'NONE',  #455 ) ;
#3196 = CARTESIAN_POINT ( 'NONE',  ( -6.099999999999999645, -0.3249999999999911848, 4.425000000000006928 ) ) ;
#3197 = VECTOR ( 'NONE', #1038, 1000.000000000000000 ) ;
#3198 = ORIENTED_EDGE ( 'NONE', *, *, #1061, .T. ) ;
#3199 = AXIS2_PLACEMENT_3D ( 'NONE', #2452, #3648, #431 ) ;
#3200 = LINE ( 'NONE', #4417, #2487 ) ;
#3201 = DIRECTION ( 'NONE',  ( 0.000000000000000000, -3.241282859766573260E-15, -1.000000000000000000 ) ) ;
#3202 = EDGE_CURVE ( 'NONE', #3684, #4352, #3000, .T. ) ;
#3203 = EDGE_CURVE ( 'NONE', #1682, #59, #2343, .T. ) ;
#3204 = CARTESIAN_POINT ( 'NONE',  ( -3.399999999999999467, 0.3250000000000066169, 3.575000000000004619 ) ) ;
#3205 = VERTEX_POINT ( 'NONE', #5231 ) ;
#3206 = SURFACE_SIDE_STYLE ('',( #1921 ) ) ;
#3207 = EDGE_LOOP ( 'NONE', ( #3667, #2073, #5261, #3823 ) ) ;
#3208 = LINE ( 'NONE', #1398, #4993 ) ;
#3209 = CARTESIAN_POINT ( 'NONE',  ( -10.75000000000000000, 0.3250000000000059508, 3.525000000000004796 ) ) ;
#3210 = ADVANCED_FACE ( 'NONE', ( #2661 ), #4019, .F. ) ;
#3211 = DIRECTION ( 'NONE',  ( -0.000000000000000000, 1.000000000000000000, -3.491483361109382461E-15 ) ) ;
#3212 = ORIENTED_EDGE ( 'NONE', *, *, #569, .F. ) ;
#3213 = SURFACE_STYLE_FILL_AREA ( #5305 ) ;
#3214 = DIRECTION ( 'NONE',  ( -1.000000000000000000, 0.000000000000000000, 0.000000000000000000 ) ) ;
#3215 = FACE_OUTER_BOUND ( 'NONE', #4943, .T. ) ;
#3216 = ORIENTED_EDGE ( 'NONE', *, *, #4262, .T. ) ;
#3217 = PRESENTATION_STYLE_ASSIGNMENT (( #1565 ) ) ;
#3218 = CARTESIAN_POINT ( 'NONE',  ( -4.649999999999999467, -0.07499999999999329425, 3.425000000000005151 ) ) ;
#3219 = VECTOR ( 'NONE', #3268, 1000.000000000000000 ) ;
#3220 = DIRECTION ( 'NONE',  ( 0.000000000000000000, 1.000000000000000000, -0.000000000000000000 ) ) ;
#3221 =( LENGTH_UNIT ( ) NAMED_UNIT ( * ) SI_UNIT ( .MILLI., .METRE. ) );
#3222 = DIRECTION ( 'NONE',  ( 1.000000000000000000, -4.275692708279659796E-31, -1.224606353822377258E-16 ) ) ;
#3223 = VECTOR ( 'NONE', #4968, 1000.000000000000000 ) ;
#3224 = EDGE_LOOP ( 'NONE', ( #4946, #3642, #2814, #4713 ) ) ;
#3225 = FACE_OUTER_BOUND ( 'NONE', #644, .T. ) ;
#3226 = EDGE_CURVE ( 'NONE', #4252, #498, #4403, .T. ) ;
#3227 = CARTESIAN_POINT ( 'NONE',  ( 0.000000000000000000, 3.225000000000000977, 1.774999999999994582 ) ) ;
#3228 =( GEOMETRIC_REPRESENTATION_CONTEXT ( 3 ) GLOBAL_UNCERTAINTY_ASSIGNED_CONTEXT ( ( #43 ) ) GLOBAL_UNIT_ASSIGNED_CONTEXT ( ( #3311, #1294, #3343 ) ) REPRESENTATION_CONTEXT ( 'NONE', 'WORKASPACE' ) );
#3229 = DIRECTION ( 'NONE',  ( -1.000000000000000000, 0.000000000000000000, 0.000000000000000000 ) ) ;
#3230 = SURFACE_STYLE_FILL_AREA ( #15 ) ;
#3231 = ORIENTED_EDGE ( 'NONE', *, *, #2800, .T. ) ;
#3232 = CARTESIAN_POINT ( 'NONE',  ( -7.349999999999999645, 0.1750000000000067057, 3.725000000000005862 ) ) ;
#3233 = DIRECTION ( 'NONE',  ( 1.000000000000000000, -0.000000000000000000, 0.000000000000000000 ) ) ;
#3234 = SURFACE_STYLE_FILL_AREA ( #40 ) ;
#3235 = VECTOR ( 'NONE', #2635, 1000.000000000000000 ) ;
#3236 = VERTEX_POINT ( 'NONE', #1526 ) ;
#3237 = CARTESIAN_POINT ( 'NONE',  ( -8.599999999999999645, 0.3250000000000059508, 3.575000000000005063 ) ) ;
#3238 = CARTESIAN_POINT ( 'NONE',  ( -2.049999999999998934, -0.1750000000000018763, -0.1249999999999931721 ) ) ;
#3239 = DIRECTION ( 'NONE',  ( 0.000000000000000000, -3.491483361109382461E-15, -1.000000000000000000 ) ) ;
#3240 = VECTOR ( 'NONE', #2197, 1000.000000000000000 ) ;
#3241 =( GEOMETRIC_REPRESENTATION_CONTEXT ( 3 ) GLOBAL_UNCERTAINTY_ASSIGNED_CONTEXT ( ( #1320 ) ) GLOBAL_UNIT_ASSIGNED_CONTEXT ( ( #2062, #4560, #5063 ) ) REPRESENTATION_CONTEXT ( 'NONE', 'WORKASPACE' ) );
#3242 = ADVANCED_FACE ( 'NONE', ( #247 ), #1100, .F. ) ;
#3243 = ORIENTED_EDGE ( 'NONE', *, *, #1491, .T. ) ;
#3244 = LINE ( 'NONE', #4063, #905 ) ;
#3245 = VECTOR ( 'NONE', #4506, 1000.000000000000000 ) ;
#3246 = CARTESIAN_POINT ( 'NONE',  ( -4.850000000000002309, -0.07499999999999329425, 3.425000000000005151 ) ) ;
#3247 = DIRECTION ( 'NONE',  ( 1.000000000000000000, 2.710505431213777355E-16, -8.624045791263589697E-31 ) ) ;
#3248 = DIRECTION ( 'NONE',  ( 1.000000000000000000, 9.463684613279350699E-31, 2.710505431213730517E-16 ) ) ;
#3249 = ORIENTED_EDGE ( 'NONE', *, *, #885, .T. ) ;
#3250 = CARTESIAN_POINT ( 'NONE',  ( -2.149999999999999023, -0.07499999999999544531, 2.775000000000004796 ) ) ;
#3251 = VECTOR ( 'NONE', #152, 1000.000000000000000 ) ;
#3252 = ORIENTED_EDGE ( 'NONE', *, *, #4945, .T. ) ;
#3253 = MECHANICAL_DESIGN_GEOMETRIC_PRESENTATION_REPRESENTATION (  '', ( #84 ), #4558 ) ;
#3254 = LINE ( 'NONE', #4907, #3245 ) ;
#3255 = DIRECTION ( 'NONE',  ( 0.000000000000000000, -3.491483361109382461E-15, -1.000000000000000000 ) ) ;
#3256 = CARTESIAN_POINT ( 'NONE',  ( -10.75000000000000000, 3.874999999999992006, -0.5250000000000054623 ) ) ;
#3257 = ADVANCED_FACE ( 'NONE', ( #4321 ), #1819, .F. ) ;
#3258 = EDGE_CURVE ( 'NONE', #4246, #1777, #3498, .T. ) ;
#3259 = EDGE_LOOP ( 'NONE', ( #4926, #3411, #1063, #3336 ) ) ;
#3260 = CARTESIAN_POINT ( 'NONE',  ( -0.3000000000000004885, 0.4249999999999943823, 1.675000000000008482 ) ) ;
#3261 = CARTESIAN_POINT ( 'NONE',  ( -8.599999999999999645, 0.05000000000000647676, 3.725000000000005418 ) ) ;
#3262 = VECTOR ( 'NONE', #5290, 1000.000000000000000 ) ;
#3263 = CARTESIAN_POINT ( 'NONE',  ( -7.149999999999999467, 0.1750000000000067057, 3.725000000000005862 ) ) ;
#3264 = CYLINDRICAL_SURFACE ( 'NONE', #252, 0.1499999999999999667 ) ;
#3265 = ADVANCED_FACE ( 'NONE', ( #1924 ), #643, .T. ) ;
#3266 = AXIS2_PLACEMENT_3D ( 'NONE', #3611, #2774, #618 ) ;
#3267 = ORIENTED_EDGE ( 'NONE', *, *, #344, .F. ) ;
#3268 = DIRECTION ( 'NONE',  ( 1.000000000000000000, 0.000000000000000000, 0.000000000000000000 ) ) ;
#3269 = CARTESIAN_POINT ( 'NONE',  ( -4.850000000000001421, 0.05000000000000669187, 3.800000000000005596 ) ) ;
#3270 =( GEOMETRIC_REPRESENTATION_CONTEXT ( 3 ) GLOBAL_UNCERTAINTY_ASSIGNED_CONTEXT ( ( #428 ) ) GLOBAL_UNIT_ASSIGNED_CONTEXT ( ( #3116, #1119, #4363 ) ) REPRESENTATION_CONTEXT ( 'NONE', 'WORKASPACE' ) );
#3271 = EDGE_CURVE ( 'NONE', #4258, #3181, #4424, .T. ) ;
#3272 = ORIENTED_EDGE ( 'NONE', *, *, #1902, .F. ) ;
#3273 = ORIENTED_EDGE ( 'NONE', *, *, #241, .T. ) ;
#3274 = CARTESIAN_POINT ( 'NONE',  ( -3.149999999999999023, 2.074999999999996625, 1.275000000000006573 ) ) ;
#3275 = VECTOR ( 'NONE', #3382, 1000.000000000000000 ) ;
#3276 = ORIENTED_EDGE ( 'NONE', *, *, #1178, .F. ) ;
#3277 = FILL_AREA_STYLE ('',( #1630 ) ) ;
#3278 = CARTESIAN_POINT ( 'NONE',  ( -7.149999999999999467, -0.02499999999999117511, 4.425000000000004263 ) ) ;
#3279 = PRESENTATION_LAYER_ASSIGNMENT (  '', '', ( #1041 ) ) ;
#3280 = DIRECTION ( 'NONE',  ( 0.000000000000000000, -3.324683026880842862E-15, -1.000000000000000000 ) ) ;
#3281 = ORIENTED_EDGE ( 'NONE', *, *, #3166, .T. ) ;
#3282 = FACE_OUTER_BOUND ( 'NONE', #1018, .T. ) ;
#3283 = ORIENTED_EDGE ( 'NONE', *, *, #2161, .F. ) ;
#3284 = DIRECTION ( 'NONE',  ( 0.000000000000000000, 1.000000000000000000, -3.491483361109382461E-15 ) ) ;
#3285 = CARTESIAN_POINT ( 'NONE',  ( -4.850000000000001421, 0.1750000000000062061, 3.575000000000005063 ) ) ;
#3286 = ORIENTED_EDGE ( 'NONE', *, *, #1680, .F. ) ;
#3287 = LINE ( 'NONE', #1271, #501 ) ;
#3288 = ADVANCED_FACE ( 'NONE', ( #4830 ), #1130, .F. ) ;
#3289 = PLANE ( 'NONE',  #1878 ) ;
#3290 = DIRECTION ( 'NONE',  ( 3.097720492815727659E-16, 0.000000000000000000, -1.000000000000000000 ) ) ;
#3291 = SURFACE_STYLE_FILL_AREA ( #823 ) ;
#3292 = ORIENTED_EDGE ( 'NONE', *, *, #4095, .F. ) ;
#3293 = FILL_AREA_STYLE_COLOUR ( '', #3886 ) ;
#3294 = CARTESIAN_POINT ( 'NONE',  ( -6.099999999999999645, 0.3250000000000090039, 3.425000000000006484 ) ) ;
#3295 = PRESENTATION_STYLE_ASSIGNMENT (( #2612 ) ) ;
#3296 = ORIENTED_EDGE ( 'NONE', *, *, #4823, .T. ) ;
#3297 = FACE_OUTER_BOUND ( 'NONE', #3118, .T. ) ;
#3298 = ORIENTED_EDGE ( 'NONE', *, *, #2444, .T. ) ;
#3299 = DIRECTION ( 'NONE',  ( 0.000000000000000000, 0.000000000000000000, 1.000000000000000000 ) ) ;
#3300 = EDGE_CURVE ( 'NONE', #3181, #565, #3468, .T. ) ;
#3301 = CARTESIAN_POINT ( 'NONE',  ( -10.75000000000000000, 0.3250000000000058398, 3.525000000000004796 ) ) ;
#3302 =( NAMED_UNIT ( * ) PLANE_ANGLE_UNIT ( ) SI_UNIT ( $, .RADIAN. ) );
#3303 = LINE ( 'NONE', #4930, #5071 ) ;
#3304 = VERTEX_POINT ( 'NONE', #1017 ) ;
#3305 = CARTESIAN_POINT ( 'NONE',  ( -5.900000000000000355, -0.02499999999999353434, 3.725000000000005862 ) ) ;
#3306 = ORIENTED_EDGE ( 'NONE', *, *, #3020, .F. ) ;
#3307 = EDGE_CURVE ( 'NONE', #64, #3821, #2740, .T. ) ;
#3308 = DIRECTION ( 'NONE',  ( 1.000000000000000000, 0.000000000000000000, 0.000000000000000000 ) ) ;
#3309 = DIRECTION ( 'NONE',  ( 0.000000000000000000, 0.000000000000000000, -1.000000000000000000 ) ) ;
#3310 = ORIENTED_EDGE ( 'NONE', *, *, #1317, .T. ) ;
#3311 =( LENGTH_UNIT ( ) NAMED_UNIT ( * ) SI_UNIT ( .MILLI., .METRE. ) );
#3312 = CARTESIAN_POINT ( 'NONE',  ( -10.24999999999999822, 0.4249999999999941602, 0.1250000000000040246 ) ) ;
#3313 = UNCERTAINTY_MEASURE_WITH_UNIT (LENGTH_MEASURE( 1.000000000000000082E-05 ), #1725, 'distance_accuracy_value', 'NONE');
#3314 =( LENGTH_UNIT ( ) NAMED_UNIT ( * ) SI_UNIT ( .MILLI., .METRE. ) );
#3315 = PLANE ( 'NONE',  #4465 ) ;
#3316 = VECTOR ( 'NONE', #2068, 1000.000000000000000 ) ;
#3317 = ADVANCED_FACE ( 'NONE', ( #3123 ), #690, .T. ) ;
#3318 = ORIENTED_EDGE ( 'NONE', *, *, #2414, .T. ) ;
#3319 = CIRCLE ( 'NONE', #4022, 0.1499999999999999667 ) ;
#3320 = DIRECTION ( 'NONE',  ( -0.000000000000000000, -1.000000000000000000, 3.310782999028464529E-15 ) ) ;
#3321 = DIRECTION ( 'NONE',  ( -0.000000000000000000, 1.000000000000000000, -3.491483361109382461E-15 ) ) ;
#3322 = SURFACE_STYLE_FILL_AREA ( #5051 ) ;
#3323 = VECTOR ( 'NONE', #544, 1000.000000000000000 ) ;
#3324 = VECTOR ( 'NONE', #2361, 1000.000000000000000 ) ;
#3325 = EDGE_CURVE ( 'NONE', #1567, #37, #3086, .T. ) ;
#3326 = FILL_AREA_STYLE_COLOUR ( '', #3742 ) ;
#3327 = ADVANCED_FACE ( 'NONE', ( #3146 ), #3688, .T. ) ;
#3328 = ORIENTED_EDGE ( 'NONE', *, *, #4208, .T. ) ;
#3329 =( LENGTH_UNIT ( ) NAMED_UNIT ( * ) SI_UNIT ( .MILLI., .METRE. ) );
#3330 = ORIENTED_EDGE ( 'NONE', *, *, #1005, .T. ) ;
#3331 = COLOUR_RGB ( '',0.7529411764705882248, 0.7529411764705882248, 0.7529411764705882248 ) ;
#3332 = CARTESIAN_POINT ( 'NONE',  ( -0.5000000000000000000, -0.1750000000000004052, 1.675000000000008038 ) ) ;
#3333 = DIRECTION ( 'NONE',  ( -1.355252715606877091E-16, 1.000000000000000000, -3.274642926612281180E-15 ) ) ;
#3334 = CARTESIAN_POINT ( 'NONE',  ( -2.149999999999999023, -0.1749999999999966027, 2.775000000000006573 ) ) ;
#3335 = PRESENTATION_LAYER_ASSIGNMENT (  '', '', ( #339 ) ) ;
#3336 = ORIENTED_EDGE ( 'NONE', *, *, #3341, .T. ) ;
#3337 = ORIENTED_EDGE ( 'NONE', *, *, #3307, .T. ) ;
#3338 = MECHANICAL_DESIGN_GEOMETRIC_PRESENTATION_REPRESENTATION (  '', ( #5061 ), #1774 ) ;
#3339 = PLANE ( 'NONE',  #3769 ) ;
#3340 = DIRECTION ( 'NONE',  ( 1.000000000000000000, -8.451290445347238300E-31, -2.420544385083917231E-16 ) ) ;
#3341 = EDGE_CURVE ( 'NONE', #1306, #4533, #4126, .T. ) ;
#3342 = ORIENTED_EDGE ( 'NONE', *, *, #3271, .T. ) ;
#3343 =( NAMED_UNIT ( * ) SI_UNIT ( $, .STERADIAN. ) SOLID_ANGLE_UNIT ( ) );
#3344 = AXIS2_PLACEMENT_3D ( 'NONE', #1473, #2257, #5176 ) ;
#3345 = PLANE ( 'NONE',  #2974 ) ;
#3346 = CARTESIAN_POINT ( 'NONE',  ( -8.400000000000000355, -0.07499999999999329425, 3.425000000000006040 ) ) ;
#3347 = FACE_OUTER_BOUND ( 'NONE', #3015, .T. ) ;
#3348 = VECTOR ( 'NONE', #4230, 1000.000000000000000 ) ;
#3349 = VECTOR ( 'NONE', #3630, 1000.000000000000000 ) ;
#3350 = CARTESIAN_POINT ( 'NONE',  ( -1.499999999999999778, 1.274999999999997247, 1.075000000000002620 ) ) ;
#3351 = LINE ( 'NONE', #4086, #3356 ) ;
#3352 = DIRECTION ( 'NONE',  ( 0.000000000000000000, 1.000000000000000000, -3.274642926612281180E-15 ) ) ;
#3353 = VERTEX_POINT ( 'NONE', #4530 ) ;
#3354 = DIRECTION ( 'NONE',  ( 1.000000000000000000, 1.081563955803366952E-30, 3.097720492815727659E-16 ) ) ;
#3355 = ORIENTED_EDGE ( 'NONE', *, *, #1103, .F. ) ;
#3356 = VECTOR ( 'NONE', #1221, 1000.000000000000000 ) ;
#3357 = LINE ( 'NONE', #2538, #2922 ) ;
#3358 = ADVANCED_FACE ( 'NONE', ( #840 ), #2827, .F. ) ;
#3359 = EDGE_CURVE ( 'NONE', #1814, #3942, #3658, .T. ) ;
#3360 = LINE ( 'NONE', #2422, #1637 ) ;
#3361 = DIRECTION ( 'NONE',  ( -0.000000000000000000, -0.000000000000000000, 1.000000000000000000 ) ) ;
#3362 = VECTOR ( 'NONE', #918, 1000.000000000000000 ) ;
#3363 = EDGE_LOOP ( 'NONE', ( #410, #4365, #2325, #462 ) ) ;
#3364 = ORIENTED_EDGE ( 'NONE', *, *, #2072, .T. ) ;
#3365 = ADVANCED_FACE ( 'NONE', ( #1149 ), #4476, .F. ) ;
#3366 =( GEOMETRIC_REPRESENTATION_CONTEXT ( 3 ) GLOBAL_UNCERTAINTY_ASSIGNED_CONTEXT ( ( #3817 ) ) GLOBAL_UNIT_ASSIGNED_CONTEXT ( ( #887, #1326, #551 ) ) REPRESENTATION_CONTEXT ( 'NONE', 'WORKASPACE' ) );
#3367 = FACE_OUTER_BOUND ( 'NONE', #3138, .T. ) ;
#3368 = CARTESIAN_POINT ( 'NONE',  ( -10.75000000000000000, 0.3250000000000033973, 2.775000000000004796 ) ) ;
#3369 = ORIENTED_EDGE ( 'NONE', *, *, #2983, .F. ) ;
#3370 = CARTESIAN_POINT ( 'NONE',  ( -3.600000000000000533, -0.02499999999999356209, 4.425000000000004263 ) ) ;
#3371 = UNCERTAINTY_MEASURE_WITH_UNIT (LENGTH_MEASURE( 1.000000000000000082E-05 ), #2779, 'distance_accuracy_value', 'NONE');
#3372 = LINE ( 'NONE', #66, #4313 ) ;
#3373 = EDGE_CURVE ( 'NONE', #4477, #3135, #3303, .T. ) ;
#3374 = CYLINDRICAL_SURFACE ( 'NONE', #329, 0.1499999999999999667 ) ;
#3375 = PRESENTATION_STYLE_ASSIGNMENT (( #1719 ) ) ;
#3376 = ORIENTED_EDGE ( 'NONE', *, *, #3020, .T. ) ;
#3377 = LINE ( 'NONE', #1277, #638 ) ;
#3378 = ORIENTED_EDGE ( 'NONE', *, *, #1089, .F. ) ;
#3379 = FILL_AREA_STYLE ('',( #4526 ) ) ;
#3380 = ORIENTED_EDGE ( 'NONE', *, *, #2968, .T. ) ;
#3381 =( NAMED_UNIT ( * ) SI_UNIT ( $, .STERADIAN. ) SOLID_ANGLE_UNIT ( ) );
#3382 = DIRECTION ( 'NONE',  ( 0.000000000000000000, 0.000000000000000000, 1.000000000000000000 ) ) ;
#3383 = LINE ( 'NONE', #971, #2656 ) ;
#3384 = ORIENTED_EDGE ( 'NONE', *, *, #1680, .T. ) ;
#3385 = PRODUCT_DEFINITION ( 'UNKNOWN', '', #4226, #5047 ) ;
#3386 = ORIENTED_EDGE ( 'NONE', *, *, #1079, .T. ) ;
#3387 = VECTOR ( 'NONE', #2248, 1000.000000000000000 ) ;
#3388 = DIRECTION ( 'NONE',  ( -0.000000000000000000, -0.000000000000000000, -1.000000000000000000 ) ) ;
#3389 = CARTESIAN_POINT ( 'NONE',  ( 1.436567818949015379E-31, 3.874999999999991562, -0.5250000000000076827 ) ) ;
#3390 = ORIENTED_EDGE ( 'NONE', *, *, #557, .T. ) ;
#3391 =( GEOMETRIC_REPRESENTATION_CONTEXT ( 3 ) GLOBAL_UNCERTAINTY_ASSIGNED_CONTEXT ( ( #4721 ) ) GLOBAL_UNIT_ASSIGNED_CONTEXT ( ( #1544, #2790, #4868 ) ) REPRESENTATION_CONTEXT ( 'NONE', 'WORKASPACE' ) );
#3392 = EDGE_CURVE ( 'NONE', #561, #2944, #5280, .T. ) ;
#3393 = EDGE_CURVE ( 'NONE', #1438, #1078, #1230, .T. ) ;
#3394 = DIRECTION ( 'NONE',  ( 0.000000000000000000, 1.000000000000000000, 0.000000000000000000 ) ) ;
#3395 = DIRECTION ( 'NONE',  ( 0.000000000000000000, -1.000000000000000000, -0.000000000000000000 ) ) ;
#3396 = SURFACE_STYLE_FILL_AREA ( #509 ) ;
#3397 = FILL_AREA_STYLE ('',( #1717 ) ) ;
#3398 = PRESENTATION_LAYER_ASSIGNMENT (  '', '', ( #395 ) ) ;
#3399 = ORIENTED_EDGE ( 'NONE', *, *, #1268, .T. ) ;
#3400 = CARTESIAN_POINT ( 'NONE',  ( 0.000000000000000000, 0.3250000000000059508, 3.525000000000004796 ) ) ;
#3401 = DIRECTION ( 'NONE',  ( 0.000000000000000000, 1.000000000000000000, -0.000000000000000000 ) ) ;
#3402 = FILL_AREA_STYLE_COLOUR ( '', #883 ) ;
#3403 = ADVANCED_FACE ( 'NONE', ( #867 ), #4096, .F. ) ;
#3404 = VECTOR ( 'NONE', #96, 1000.000000000000000 ) ;
#3405 = ORIENTED_EDGE ( 'NONE', *, *, #3184, .T. ) ;
#3406 = CARTESIAN_POINT ( 'NONE',  ( -5.899999999999998579, 0.3250000000000090039, 3.725000000000005862 ) ) ;
#3407 = ORIENTED_EDGE ( 'NONE', *, *, #1050, .T. ) ;
#3408 =( LENGTH_UNIT ( ) NAMED_UNIT ( * ) SI_UNIT ( .MILLI., .METRE. ) );
#3409 = AXIS2_PLACEMENT_3D ( 'NONE', #3703, #2070, #2837 ) ;
#3410 = DIRECTION ( 'NONE',  ( -1.000000000000000000, 0.000000000000000000, -0.000000000000000000 ) ) ;
#3411 = ORIENTED_EDGE ( 'NONE', *, *, #2427, .F. ) ;
#3412 = VECTOR ( 'NONE', #3229, 1000.000000000000000 ) ;
#3413 = EDGE_LOOP ( 'NONE', ( #611, #3425, #2012, #1674 ) ) ;
#3414 = LINE ( 'NONE', #4641, #2638 ) ;
#3415 = DIRECTION ( 'NONE',  ( -1.000000000000000000, 0.000000000000000000, -0.000000000000000000 ) ) ;
#3416 = ORIENTED_EDGE ( 'NONE', *, *, #2785, .F. ) ;
#3417 = CARTESIAN_POINT ( 'NONE',  ( -9.249999999999998224, 1.274999999999997247, 1.075000000000002620 ) ) ;
#3418 = CARTESIAN_POINT ( 'NONE',  ( -8.400000000000000355, 0.05000000000000652534, 3.725000000000005862 ) ) ;
#3419 = PRESENTATION_LAYER_ASSIGNMENT (  '', '', ( #524 ) ) ;
#3420 = UNCERTAINTY_MEASURE_WITH_UNIT (LENGTH_MEASURE( 1.000000000000000082E-05 ), #2342, 'distance_accuracy_value', 'NONE');
#3421 = FACE_OUTER_BOUND ( 'NONE', #3140, .T. ) ;
#3422 = CARTESIAN_POINT ( 'NONE',  ( -7.349999999999999645, -0.3249999999999911848, 4.425000000000006928 ) ) ;
#3423 = EDGE_CURVE ( 'NONE', #5199, #1052, #1172, .T. ) ;
#3424 = CARTESIAN_POINT ( 'NONE',  ( 0.000000000000000000, 3.874999999999991562, -0.5250000000000076827 ) ) ;
#3425 = ORIENTED_EDGE ( 'NONE', *, *, #557, .F. ) ;
#3426 = VERTEX_POINT ( 'NONE', #794 ) ;
#3427 = CARTESIAN_POINT ( 'NONE',  ( -2.149999999999999023, 0.3250000000000090039, 3.425000000000004707 ) ) ;
#3428 = COLOUR_RGB ( '',0.9607843137254902244, 0.9607843137254902244, 0.9607843137254902244 ) ;
#3429 = DIRECTION ( 'NONE',  ( 0.000000000000000000, 1.000000000000000000, -3.491483361109382461E-15 ) ) ;
#3430 = ADVANCED_FACE ( 'NONE', ( #4854 ), #333, .F. ) ;
#3431 = FACE_OUTER_BOUND ( 'NONE', #4128, .T. ) ;
#3432 =( LENGTH_UNIT ( ) NAMED_UNIT ( * ) SI_UNIT ( .MILLI., .METRE. ) );
#3433 = VECTOR ( 'NONE', #5102, 1000.000000000000000 ) ;
#3434 = LINE ( 'NONE', #4840, #3144 ) ;
#3435 = SURFACE_STYLE_USAGE ( .BOTH. , #2873 ) ;
#3436 = MECHANICAL_DESIGN_GEOMETRIC_PRESENTATION_REPRESENTATION (  '', ( #2228 ), #267 ) ;
#3437 = DIRECTION ( 'NONE',  ( -1.000000000000000000, -0.000000000000000000, -0.000000000000000000 ) ) ;
#3438 = ORIENTED_EDGE ( 'NONE', *, *, #987, .F. ) ;
#3439 = DIRECTION ( 'NONE',  ( -0.000000000000000000, -3.346923071444648273E-15, -1.000000000000000000 ) ) ;
#3440 = ORIENTED_EDGE ( 'NONE', *, *, #587, .F. ) ;
#3441 = DIRECTION ( 'NONE',  ( -0.000000000000000000, -1.000000000000000000, 3.274642926612281180E-15 ) ) ;
#3442 = MECHANICAL_DESIGN_GEOMETRIC_PRESENTATION_REPRESENTATION (  '', ( #1463 ), #3799 ) ;
#3443 = EDGE_LOOP ( 'NONE', ( #2279, #1336, #1475, #3887 ) ) ;
#3444 = DIRECTION ( 'NONE',  ( 6.781698177820811488E-32, -1.000000000000000000, 3.241282859766573260E-15 ) ) ;
#3445 = CARTESIAN_POINT ( 'NONE',  ( -2.149999999999999023, -0.07499999999999329425, 3.425000000000004707 ) ) ;
#3446 = VERTEX_POINT ( 'NONE', #989 ) ;
#3447 = DIRECTION ( 'NONE',  ( 1.000000000000000000, -0.000000000000000000, -0.000000000000000000 ) ) ;
#3448 = STYLED_ITEM ( 'NONE', ( #1610 ), #4909 ) ;
#3449 = DIRECTION ( 'NONE',  ( 0.000000000000000000, -1.000000000000000000, 3.274642926612281180E-15 ) ) ;
#3450 =( NAMED_UNIT ( * ) PLANE_ANGLE_UNIT ( ) SI_UNIT ( $, .RADIAN. ) );
#3451 = CARTESIAN_POINT ( 'NONE',  ( -10.75000000000000000, -0.07499999999999541755, 2.775000000000006128 ) ) ;
#3452 = ORIENTED_EDGE ( 'NONE', *, *, #622, .F. ) ;
#3453 = ORIENTED_EDGE ( 'NONE', *, *, #3624, .T. ) ;
#3454 = EDGE_CURVE ( 'NONE', #2153, #5096, #3802, .T. ) ;
#3455 = CARTESIAN_POINT ( 'NONE',  ( -8.599999999999999645, 0.3250000000000059508, 3.525000000000004796 ) ) ;
#3456 = CARTESIAN_POINT ( 'NONE',  ( -7.349999999999999645, 0.3250000000000090039, 3.725000000000005418 ) ) ;
#3457 = ORIENTED_EDGE ( 'NONE', *, *, #4568, .T. ) ;
#3458 = ADVANCED_FACE ( 'NONE', ( #114 ), #4979, .F. ) ;
#3459 = CARTESIAN_POINT ( 'NONE',  ( -0.5000000000000002220, -0.1750000000000042910, -0.5249999999999936939 ) ) ;
#3460 = LINE ( 'NONE', #3054, #4057 ) ;
#3461 = CARTESIAN_POINT ( 'NONE',  ( -7.349999999999999645, 0.3250000000000090039, 3.425000000000006484 ) ) ;
#3462 = ORIENTED_EDGE ( 'NONE', *, *, #5248, .T. ) ;
#3463 = CARTESIAN_POINT ( 'NONE',  ( -3.600000000000000977, -0.07499999999999434896, 2.775000000000005240 ) ) ;
#3464 = ORIENTED_EDGE ( 'NONE', *, *, #2373, .T. ) ;
#3465 = CARTESIAN_POINT ( 'NONE',  ( -4.850000000000001421, -0.1749999999999966027, 2.775000000000006573 ) ) ;
#3466 = VERTEX_POINT ( 'NONE', #2104 ) ;
#3467 = LINE ( 'NONE', #5120, #1344 ) ;
#3468 = LINE ( 'NONE', #3527, #2472 ) ;
#3469 = ORIENTED_EDGE ( 'NONE', *, *, #2145, .T. ) ;
#3470 = CARTESIAN_POINT ( 'NONE',  ( 0.000000000000000000, 3.875000000000000000, 1.774999999999992584 ) ) ;
#3471 = EDGE_CURVE ( 'NONE', #5062, #1814, #3383, .T. ) ;
#3472 = PRODUCT_DEFINITION_SHAPE ( 'NONE', 'NONE',  #3385 ) ;
#3473 = MECHANICAL_DESIGN_GEOMETRIC_PRESENTATION_REPRESENTATION (  '', ( #4261 ), #2005 ) ;
#3474 = UNCERTAINTY_MEASURE_WITH_UNIT (LENGTH_MEASURE( 1.000000000000000082E-05 ), #2781, 'distance_accuracy_value', 'NONE');
#3475 = CARTESIAN_POINT ( 'NONE',  ( -0.5000000000000000000, 3.224999999999999645, 1.774999999999994138 ) ) ;
#3476 = FACE_OUTER_BOUND ( 'NONE', #2492, .T. ) ;
#3477 = FACE_OUTER_BOUND ( 'NONE', #639, .T. ) ;
#3478 = AXIS2_PLACEMENT_3D ( 'NONE', #5112, #215, #4682 ) ;
#3479 = EDGE_LOOP ( 'NONE', ( #3609, #3677, #5281, #4485 ) ) ;
#3480 = EDGE_LOOP ( 'NONE', ( #1286, #3489, #4523, #3777 ) ) ;
#3481 = FACE_OUTER_BOUND ( 'NONE', #319, .T. ) ;
#3482 = LINE ( 'NONE', #1745, #3101 ) ;
#3483 = DIRECTION ( 'NONE',  ( -1.000000000000000000, -1.355252715606885966E-16, -2.710505431213726079E-16 ) ) ;
#3484 = VECTOR ( 'NONE', #725, 1000.000000000000000 ) ;
#3485 = CARTESIAN_POINT ( 'NONE',  ( -3.600000000000000533, 0.1750000000000062061, 3.575000000000005063 ) ) ;
#3486 = CARTESIAN_POINT ( 'NONE',  ( -2.149999999999999023, 0.1750000000000067057, 3.725000000000005862 ) ) ;
#3487 = CARTESIAN_POINT ( 'NONE',  ( -8.400000000000000355, 0.3250000000000066169, 3.575000000000005063 ) ) ;
#3488 = LINE ( 'NONE', #3036, #3889 ) ;
#3489 = ORIENTED_EDGE ( 'NONE', *, *, #3373, .F. ) ;
#3490 = EDGE_CURVE ( 'NONE', #4161, #4302, #2599, .T. ) ;
#3491 = CARTESIAN_POINT ( 'NONE',  ( -2.149999999999999023, -0.3249999999999933498, 3.575000000000005507 ) ) ;
#3492 = VECTOR ( 'NONE', #5088, 1000.000000000000000 ) ;
#3493 = ORIENTED_EDGE ( 'NONE', *, *, #3801, .T. ) ;
#3494 = CARTESIAN_POINT ( 'NONE',  ( -8.400000000000000355, 0.3250000000000090039, 4.425000000000005151 ) ) ;
#3495 = ORIENTED_EDGE ( 'NONE', *, *, #246, .T. ) ;
#3496 = VECTOR ( 'NONE', #4913, 1000.000000000000000 ) ;
#3497 = EDGE_CURVE ( 'NONE', #5002, #4698, #1285, .T. ) ;
#3498 = LINE ( 'NONE', #298, #4469 ) ;
#3499 =( GEOMETRIC_REPRESENTATION_CONTEXT ( 3 ) GLOBAL_UNCERTAINTY_ASSIGNED_CONTEXT ( ( #4242 ) ) GLOBAL_UNIT_ASSIGNED_CONTEXT ( ( #1157, #3450, #2525 ) ) REPRESENTATION_CONTEXT ( 'NONE', 'WORKASPACE' ) );
#3500 = AXIS2_PLACEMENT_3D ( 'NONE', #10, #4419, #4899 ) ;
#3501 = ORIENTED_EDGE ( 'NONE', *, *, #440, .F. ) ;
#3502 = LINE ( 'NONE', #1874, #1327 ) ;
#3503 = CARTESIAN_POINT ( 'NONE',  ( -2.150000000000000799, -0.02499999999999353434, 3.725000000000005862 ) ) ;
#3504 = CIRCLE ( 'NONE', #934, 0.07499999999999998335 ) ;
#3505 = PLANE ( 'NONE',  #1854 ) ;
#3506 = EDGE_CURVE ( 'NONE', #5293, #2080, #3853, .T. ) ;
#3507 = CARTESIAN_POINT ( 'NONE',  ( 0.000000000000000000, 3.875000000000007105, 3.125000000000000000 ) ) ;
#3508 = ORIENTED_EDGE ( 'NONE', *, *, #2127, .F. ) ;
#3509 = EDGE_LOOP ( 'NONE', ( #4539, #2024, #3969, #4117 ) ) ;
#3510 = LINE ( 'NONE', #5189, #4310 ) ;
#3511 = CARTESIAN_POINT ( 'NONE',  ( -2.049999999999999378, -0.1750000000000018763, 1.274999999999999467 ) ) ;
#3512 = VECTOR ( 'NONE', #4697, 1000.000000000000000 ) ;
#3513 = CARTESIAN_POINT ( 'NONE',  ( -7.349999999999999645, -0.02499999999999356209, 4.425000000000004263 ) ) ;
#3514 = DIRECTION ( 'NONE',  ( 0.000000000000000000, -1.000000000000000000, 3.491483361109382461E-15 ) ) ;
#3515 = AXIS2_PLACEMENT_3D ( 'NONE', #2006, #2418, #4557 ) ;
#3516 =( NAMED_UNIT ( * ) PLANE_ANGLE_UNIT ( ) SI_UNIT ( $, .RADIAN. ) );
#3517 = LINE ( 'NONE', #266, #451 ) ;
#3518 = DIRECTION ( 'NONE',  ( -0.000000000000000000, 1.000000000000000000, 0.000000000000000000 ) ) ;
#3519 = EDGE_LOOP ( 'NONE', ( #2646, #1820, #1217, #2129 ) ) ;
#3520 = MECHANICAL_DESIGN_GEOMETRIC_PRESENTATION_REPRESENTATION (  '', ( #1278 ), #706 ) ;
#3521 = VERTEX_POINT ( 'NONE', #1387 ) ;
#3522 = LINE ( 'NONE', #3465, #1087 ) ;
#3523 = ORIENTED_EDGE ( 'NONE', *, *, #3698, .T. ) ;
#3524 = EDGE_CURVE ( 'NONE', #3752, #4207, #1362, .T. ) ;
#3525 = MECHANICAL_DESIGN_GEOMETRIC_PRESENTATION_REPRESENTATION (  '', ( #2836 ), #1701 ) ;
#3526 = CARTESIAN_POINT ( 'NONE',  ( 0.000000000000000000, -0.1750000000000018763, 1.275000000000006573 ) ) ;
#3527 = CARTESIAN_POINT ( 'NONE',  ( -0.3000000000000004885, -0.3250000000000001776, 1.675000000000008482 ) ) ;
#3528 = STYLED_ITEM ( 'NONE', ( #4339 ), #4309 ) ;
#3529 = ORIENTED_EDGE ( 'NONE', *, *, #3393, .T. ) ;
#3530 = DIRECTION ( 'NONE',  ( 0.000000000000000000, 1.000000000000000000, -3.346923071444648273E-15 ) ) ;
#3531 =( NAMED_UNIT ( * ) PLANE_ANGLE_UNIT ( ) SI_UNIT ( $, .RADIAN. ) );
#3532 =( GEOMETRIC_REPRESENTATION_CONTEXT ( 3 ) GLOBAL_UNCERTAINTY_ASSIGNED_CONTEXT ( ( #4940 ) ) GLOBAL_UNIT_ASSIGNED_CONTEXT ( ( #4865, #3673, #2811 ) ) REPRESENTATION_CONTEXT ( 'NONE', 'WORKASPACE' ) );
#3533 = VECTOR ( 'NONE', #4869, 1000.000000000000000 ) ;
#3534 = DIRECTION ( 'NONE',  ( -0.000000000000000000, 3.324683026880842862E-15, 1.000000000000000000 ) ) ;
#3535 = DIRECTION ( 'NONE',  ( 0.000000000000000000, 0.000000000000000000, -1.000000000000000000 ) ) ;
#3536 = VERTEX_POINT ( 'NONE', #4257 ) ;
#3537 = COLOUR_RGB ( '',0.9607843137254902244, 0.9607843137254902244, 0.9607843137254902244 ) ;
#3538 = ORIENTED_EDGE ( 'NONE', *, *, #2249, .F. ) ;
#3539 = DIRECTION ( 'NONE',  ( 0.000000000000000000, -1.000000000000000000, -0.000000000000000000 ) ) ;
#3540 = EDGE_CURVE ( 'NONE', #5034, #1979, #4586, .T. ) ;
#3541 = CARTESIAN_POINT ( 'NONE',  ( -1.499999999999999778, 1.274999999999997247, 1.075000000000000400 ) ) ;
#3542 = DIRECTION ( 'NONE',  ( 0.000000000000000000, 3.274642926612281180E-15, 1.000000000000000000 ) ) ;
#3543 = VECTOR ( 'NONE', #3352, 1000.000000000000000 ) ;
#3544 = DIRECTION ( 'NONE',  ( -1.355252715606877091E-16, 1.000000000000000000, -3.274642926612281180E-15 ) ) ;
#3545 = SURFACE_STYLE_FILL_AREA ( #1831 ) ;
#3546 = EDGE_CURVE ( 'NONE', #4252, #183, #3014, .T. ) ;
#3547 = PLANE ( 'NONE',  #4143 ) ;
#3548 = DIRECTION ( 'NONE',  ( 0.000000000000000000, -1.000000000000000000, -0.000000000000000000 ) ) ;
#3549 = ORIENTED_EDGE ( 'NONE', *, *, #1444, .T. ) ;
#3550 =( LENGTH_UNIT ( ) NAMED_UNIT ( * ) SI_UNIT ( .MILLI., .METRE. ) );
#3551 = ORIENTED_EDGE ( 'NONE', *, *, #4427, .F. ) ;
#3552 = LINE ( 'NONE', #220, #2031 ) ;
#3553 = ORIENTED_EDGE ( 'NONE', *, *, #3471, .T. ) ;
#3554 = DIRECTION ( 'NONE',  ( 0.000000000000000000, 0.000000000000000000, -1.000000000000000000 ) ) ;
#3555 = CARTESIAN_POINT ( 'NONE',  ( -7.349999999999999645, -0.1499999999999935274, 3.350000000000006750 ) ) ;
#3556 = EDGE_CURVE ( 'NONE', #2146, #3752, #497, .T. ) ;
#3557 = ORIENTED_EDGE ( 'NONE', *, *, #2670, .F. ) ;
#3558 = SURFACE_STYLE_FILL_AREA ( #2287 ) ;
#3559 = DIRECTION ( 'NONE',  ( 1.000000000000000000, 0.000000000000000000, 0.000000000000000000 ) ) ;
#3560 =( LENGTH_UNIT ( ) NAMED_UNIT ( * ) SI_UNIT ( .MILLI., .METRE. ) );
#3561 = CARTESIAN_POINT ( 'NONE',  ( -7.349999999999999645, 0.3250000000000060618, 3.575000000000005063 ) ) ;
#3562 = ADVANCED_FACE ( 'NONE', ( #4635 ), #2953, .T. ) ;
#3563 = EDGE_CURVE ( 'NONE', #3881, #3922, #2542, .T. ) ;
#3564 = ORIENTED_EDGE ( 'NONE', *, *, #4254, .T. ) ;
#3565 = ORIENTED_EDGE ( 'NONE', *, *, #2776, .F. ) ;
#3566 = DIRECTION ( 'NONE',  ( 0.000000000000000000, 0.000000000000000000, -1.000000000000000000 ) ) ;
#3567 = CARTESIAN_POINT ( 'NONE',  ( -3.399999999999999467, -0.3249999999999917399, 4.425000000000006040 ) ) ;
#3568 = DIRECTION ( 'NONE',  ( -0.000000000000000000, -0.000000000000000000, 1.000000000000000000 ) ) ;
#3569 = FILL_AREA_STYLE ('',( #316 ) ) ;
#3570 = PRESENTATION_LAYER_ASSIGNMENT (  '', '', ( #2274 ) ) ;
#3571 = VERTEX_POINT ( 'NONE', #945 ) ;
#3572 = FACE_OUTER_BOUND ( 'NONE', #4504, .T. ) ;
#3573 = CARTESIAN_POINT ( 'NONE',  ( 0.000000000000000000, 0.4249999999999941047, 0.1250000000000030254 ) ) ;
#3574 = VECTOR ( 'NONE', #2172, 1000.000000000000000 ) ;
#3575 = CARTESIAN_POINT ( 'NONE',  ( -6.099999999999999645, -0.02499999999999356209, 3.800000000000006040 ) ) ;
#3576 = ADVANCED_FACE ( 'NONE', ( #2163 ), #1335, .F. ) ;
#3577 = LINE ( 'NONE', #2026, #161 ) ;
#3578 = VERTEX_POINT ( 'NONE', #3491 ) ;
#3579 = CARTESIAN_POINT ( 'NONE',  ( -7.149999999999999467, 0.3250000000000046740, 2.775000000000004796 ) ) ;
#3580 = VECTOR ( 'NONE', #5243, 1000.000000000000000 ) ;
#3581 = LINE ( 'NONE', #198, #1600 ) ;
#3582 = DIRECTION ( 'NONE',  ( 1.000000000000000000, -0.000000000000000000, -0.000000000000000000 ) ) ;
#3583 = ORIENTED_EDGE ( 'NONE', *, *, #4777, .F. ) ;
#3584 = VERTEX_POINT ( 'NONE', #3139 ) ;
#3585 = VECTOR ( 'NONE', #4106, 1000.000000000000000 ) ;
#3586 = CARTESIAN_POINT ( 'NONE',  ( -10.75000000000000000, 0.3250000000000033418, 2.775000000000004796 ) ) ;
#3587 = UNCERTAINTY_MEASURE_WITH_UNIT (LENGTH_MEASURE( 1.000000000000000082E-05 ), #1705, 'distance_accuracy_value', 'NONE');
#3588 = SURFACE_STYLE_FILL_AREA ( #1849 ) ;
#3589 = PLANE ( 'NONE',  #170 ) ;
#3590 = STYLED_ITEM ( 'NONE', ( #3217 ), #1639 ) ;
#3591 =( GEOMETRIC_REPRESENTATION_CONTEXT ( 3 ) GLOBAL_UNCERTAINTY_ASSIGNED_CONTEXT ( ( #4615 ) ) GLOBAL_UNIT_ASSIGNED_CONTEXT ( ( #948, #2518, #4129 ) ) REPRESENTATION_CONTEXT ( 'NONE', 'WORKASPACE' ) );
#3592 = ORIENTED_EDGE ( 'NONE', *, *, #1283, .T. ) ;
#3593 = VERTEX_POINT ( 'NONE', #5143 ) ;
#3594 = LINE ( 'NONE', #4355, #4101 ) ;
#3595 = VECTOR ( 'NONE', #874, 1000.000000000000000 ) ;
#3596 = EDGE_CURVE ( 'NONE', #1249, #4317, #2682, .T. ) ;
#3597 = FACE_OUTER_BOUND ( 'NONE', #5146, .T. ) ;
#3598 = DIRECTION ( 'NONE',  ( -0.000000000000000000, -3.491483361109382461E-15, -1.000000000000000000 ) ) ;
#3599 = CARTESIAN_POINT ( 'NONE',  ( -0.5000000000000000000, 1.724999999999994094, 0.1249999999999996808 ) ) ;
#3600 = AXIS2_PLACEMENT_3D ( 'NONE', #3218, #1887, #235 ) ;
#3601 = VERTEX_POINT ( 'NONE', #3463 ) ;
#3602 = DIRECTION ( 'NONE',  ( -0.000000000000000000, 3.491483361109382461E-15, 1.000000000000000000 ) ) ;
#3603 = EDGE_CURVE ( 'NONE', #4444, #2340, #293, .T. ) ;
#3604 = DIRECTION ( 'NONE',  ( 1.000000000000000000, 1.355252715606877091E-16, -4.437968718934145511E-31 ) ) ;
#3605 = CARTESIAN_POINT ( 'NONE',  ( -7.149999999999999467, -0.1499999999999935274, 3.350000000000006750 ) ) ;
#3606 = LINE ( 'NONE', #1123, #4480 ) ;
#3607 = AXIS2_PLACEMENT_3D ( 'NONE', #4642, #952, #2578 ) ;
#3608 = SURFACE_STYLE_USAGE ( .BOTH. , #3206 ) ;
#3609 = ORIENTED_EDGE ( 'NONE', *, *, #912, .F. ) ;
#3610 = ADVANCED_FACE ( 'NONE', ( #2623 ), #607, .T. ) ;
#3611 = CARTESIAN_POINT ( 'NONE',  ( -4.649999999999999467, -0.1749999999999939659, 3.575000000000005507 ) ) ;
#3612 = VECTOR ( 'NONE', #3211, 1000.000000000000000 ) ;
#3613 = LINE ( 'NONE', #4929, #1434 ) ;
#3614 = SURFACE_SIDE_STYLE ('',( #2853 ) ) ;
#3615 = ORIENTED_EDGE ( 'NONE', *, *, #2127, .T. ) ;
#3616 = DIRECTION ( 'NONE',  ( 0.000000000000000000, -3.241282859766573260E-15, -1.000000000000000000 ) ) ;
#3617 = CARTESIAN_POINT ( 'NONE',  ( 0.000000000000000000, 0.4750000000000059175, 3.525000000000004796 ) ) ;
#3618 = CARTESIAN_POINT ( 'NONE',  ( -5.899999999999998579, -0.07499999999999354405, 3.350000000000005862 ) ) ;
#3619 = VERTEX_POINT ( 'NONE', #1836 ) ;
#3620 = SURFACE_SIDE_STYLE ('',( #1240 ) ) ;
#3621 = FACE_OUTER_BOUND ( 'NONE', #1956, .T. ) ;
#3622 = CARTESIAN_POINT ( 'NONE',  ( -7.350000000000001421, -0.07499999999999329425, 3.425000000000006040 ) ) ;
#3623 =( GEOMETRIC_REPRESENTATION_CONTEXT ( 3 ) GLOBAL_UNCERTAINTY_ASSIGNED_CONTEXT ( ( #4356 ) ) GLOBAL_UNIT_ASSIGNED_CONTEXT ( ( #1783, #82, #1702 ) ) REPRESENTATION_CONTEXT ( 'NONE', 'WORKASPACE' ) );
#3624 = EDGE_CURVE ( 'NONE', #4246, #3078, #5222, .T. ) ;
#3625 = ORIENTED_EDGE ( 'NONE', *, *, #2754, .F. ) ;
#3626 = DIRECTION ( 'NONE',  ( 0.000000000000000000, -8.854317741964954981E-15, 1.000000000000000000 ) ) ;
#3627 = VECTOR ( 'NONE', #2507, 1000.000000000000000 ) ;
#3628 = CARTESIAN_POINT ( 'NONE',  ( -8.599999999999999645, 0.3250000000000090039, 4.425000000000006040 ) ) ;
#3629 = LINE ( 'NONE', #785, #2839 ) ;
#3630 = DIRECTION ( 'NONE',  ( -0.000000000000000000, 1.000000000000000000, -3.491483361109382461E-15 ) ) ;
#3631 = EDGE_CURVE ( 'NONE', #3716, #1634, #1895, .T. ) ;
#3632 = CARTESIAN_POINT ( 'NONE',  ( -10.75000000000000000, 3.875000000000007105, 3.724999999999993427 ) ) ;
#3633 = ORIENTED_EDGE ( 'NONE', *, *, #1328, .F. ) ;
#3634 = DIRECTION ( 'NONE',  ( -1.000000000000000000, -1.355252715606885966E-16, -2.710505431213726079E-16 ) ) ;
#3635 = DIRECTION ( 'NONE',  ( 0.000000000000000000, -9.035018104045872913E-16, 1.000000000000000000 ) ) ;
#3636 = DIRECTION ( 'NONE',  ( 0.000000000000000000, 0.000000000000000000, 1.000000000000000000 ) ) ;
#3637 = ORIENTED_EDGE ( 'NONE', *, *, #2767, .T. ) ;
#3638 = ORIENTED_EDGE ( 'NONE', *, *, #2592, .F. ) ;
#3639 = FACE_OUTER_BOUND ( 'NONE', #4688, .T. ) ;
#3640 = CARTESIAN_POINT ( 'NONE',  ( -7.349999999999999645, -0.1749999999999944933, 3.425000000000006484 ) ) ;
#3641 = EDGE_CURVE ( 'NONE', #5201, #4212, #13, .T. ) ;
#3642 = ORIENTED_EDGE ( 'NONE', *, *, #3603, .T. ) ;
#3643 = LINE ( 'NONE', #4961, #4956 ) ;
#3644 = FACE_BOUND ( 'NONE', #2087, .T. ) ;
#3645 = CARTESIAN_POINT ( 'NONE',  ( 0.000000000000000000, 3.225000000000004974, 3.124999999999996447 ) ) ;
#3646 = ORIENTED_EDGE ( 'NONE', *, *, #936, .T. ) ;
#3647 = CARTESIAN_POINT ( 'NONE',  ( -4.850000000000001421, -0.3249999999999939604, 3.575000000000005951 ) ) ;
#3648 = DIRECTION ( 'NONE',  ( 2.710505431213777355E-16, -1.000000000000000000, 3.324683026880842862E-15 ) ) ;
#3649 = CARTESIAN_POINT ( 'NONE',  ( -10.75000000000000000, -0.1749999999999964639, 2.775000000000005684 ) ) ;
#3650 = VECTOR ( 'NONE', #2614, 1000.000000000000000 ) ;
#3651 = VERTEX_POINT ( 'NONE', #3575 ) ;
#3652 = CARTESIAN_POINT ( 'NONE',  ( -8.599999999999999645, -0.07499999999999330813, 3.350000000000006306 ) ) ;
#3653 = ORIENTED_EDGE ( 'NONE', *, *, #3912, .F. ) ;
#3654 = CARTESIAN_POINT ( 'NONE',  ( -2.149999999999999023, 0.05000000000000652534, 3.725000000000005862 ) ) ;
#3655 = EDGE_CURVE ( 'NONE', #2707, #2080, #2410, .T. ) ;
#3656 = EDGE_CURVE ( 'NONE', #1330, #3446, #5276, .T. ) ;
#3657 = DIRECTION ( 'NONE',  ( -0.000000000000000000, -3.491483361109382461E-15, -1.000000000000000000 ) ) ;
#3658 = LINE ( 'NONE', #1632, #783 ) ;
#3659 = ORIENTED_EDGE ( 'NONE', *, *, #2288, .T. ) ;
#3660 = ORIENTED_EDGE ( 'NONE', *, *, #4498, .T. ) ;
#3661 = PLANE ( 'NONE',  #3675 ) ;
#3662 = EDGE_CURVE ( 'NONE', #1342, #3008, #323, .T. ) ;
#3663 = LINE ( 'NONE', #5306, #3674 ) ;
#3664 = SURFACE_STYLE_USAGE ( .BOTH. , #970 ) ;
#3665 = CARTESIAN_POINT ( 'NONE',  ( -0.5000000000000000000, 0.4249999999999994893, 1.675000000000006484 ) ) ;
#3666 = AXIS2_PLACEMENT_3D ( 'NONE', #1980, #3634, #1574 ) ;
#3667 = ORIENTED_EDGE ( 'NONE', *, *, #1885, .T. ) ;
#3668 = DIRECTION ( 'NONE',  ( -0.000000000000000000, -0.000000000000000000, 1.000000000000000000 ) ) ;
#3669 = EDGE_CURVE ( 'NONE', #3746, #1599, #1947, .T. ) ;
#3670 = VECTOR ( 'NONE', #4052, 1000.000000000000000 ) ;
#3671 = FILL_AREA_STYLE_COLOUR ( '', #510 ) ;
#3672 = FACE_OUTER_BOUND ( 'NONE', #1027, .T. ) ;
#3673 =( NAMED_UNIT ( * ) PLANE_ANGLE_UNIT ( ) SI_UNIT ( $, .RADIAN. ) );
#3674 = VECTOR ( 'NONE', #1609, 1000.000000000000000 ) ;
#3675 = AXIS2_PLACEMENT_3D ( 'NONE', #1607, #4833, #3616 ) ;
#3676 = VERTEX_POINT ( 'NONE', #373 ) ;
#3677 = ORIENTED_EDGE ( 'NONE', *, *, #4455, .T. ) ;
#3678 = CARTESIAN_POINT ( 'NONE',  ( 0.000000000000000000, 3.875000000000000000, 1.774999999999992584 ) ) ;
#3679 = VECTOR ( 'NONE', #5191, 1000.000000000000000 ) ;
#3680 = SURFACE_SIDE_STYLE ('',( #829 ) ) ;
#3681 = ORIENTED_EDGE ( 'NONE', *, *, #3641, .T. ) ;
#3682 = VERTEX_POINT ( 'NONE', #3649 ) ;
#3683 = CARTESIAN_POINT ( 'NONE',  ( -7.150000000000000355, 0.3250000000000060063, 3.525000000000004796 ) ) ;
#3684 = VERTEX_POINT ( 'NONE', #3204 ) ;
#3685 = CARTESIAN_POINT ( 'NONE',  ( -7.149999999999999467, -0.3249999999999933498, 4.425000000000004263 ) ) ;
#3686 = DIRECTION ( 'NONE',  ( 1.000000000000000000, 0.000000000000000000, 0.000000000000000000 ) ) ;
#3687 = DIRECTION ( 'NONE',  ( 1.000000000000000000, 0.000000000000000000, 0.000000000000000000 ) ) ;
#3688 = CYLINDRICAL_SURFACE ( 'NONE', #3515, 0.1499999999999999667 ) ;
#3689 = AXIS2_PLACEMENT_3D ( 'NONE', #666, #3180, #1046 ) ;
#3690 = ORIENTED_EDGE ( 'NONE', *, *, #4436, .T. ) ;
#3691 = EDGE_CURVE ( 'NONE', #4232, #4552, #4896, .T. ) ;
#3692 = DIRECTION ( 'NONE',  ( 0.000000000000000000, 0.000000000000000000, -1.000000000000000000 ) ) ;
#3693 = VERTEX_POINT ( 'NONE', #5253 ) ;
#3694 = CARTESIAN_POINT ( 'NONE',  ( -2.350000000000001421, -0.07499999999999354405, 3.350000000000004974 ) ) ;
#3695 = CARTESIAN_POINT ( 'NONE',  ( -10.75000000000000000, 0.4750000000000059175, 3.525000000000004352 ) ) ;
#3696 = VECTOR ( 'NONE', #4396, 1000.000000000000000 ) ;
#3697 = ORIENTED_EDGE ( 'NONE', *, *, #885, .F. ) ;
#3698 = EDGE_CURVE ( 'NONE', #1066, #4639, #3606, .T. ) ;
#3699 = CARTESIAN_POINT ( 'NONE',  ( -7.150000000000001243, 0.1750000000000062061, 3.575000000000005507 ) ) ;
#3700 = UNCERTAINTY_MEASURE_WITH_UNIT (LENGTH_MEASURE( 1.000000000000000082E-05 ), #2369, 'distance_accuracy_value', 'NONE');
#3701 = SURFACE_STYLE_FILL_AREA ( #801 ) ;
#3702 = VECTOR ( 'NONE', #2242, 1000.000000000000000 ) ;
#3703 = CARTESIAN_POINT ( 'NONE',  ( -3.400000000000001243, 0.05000000000000674738, 3.800000000000005596 ) ) ;
#3704 = FILL_AREA_STYLE_COLOUR ( '', #1603 ) ;
#3705 = EDGE_CURVE ( 'NONE', #1772, #3584, #1548, .T. ) ;
#3706 = VECTOR ( 'NONE', #2488, 1000.000000000000000 ) ;
#3707 = ORIENTED_EDGE ( 'NONE', *, *, #4426, .F. ) ;
#3708 = PLANE ( 'NONE',  #4227 ) ;
#3709 = VECTOR ( 'NONE', #1805, 1000.000000000000000 ) ;
#3710 = CARTESIAN_POINT ( 'NONE',  ( -0.5000000000000000000, 3.874999999999999556, 1.774999999999992584 ) ) ;
#3711 = EDGE_LOOP ( 'NONE', ( #3529, #4217, #2166, #2121 ) ) ;
#3712 = EDGE_CURVE ( 'NONE', #4807, #1906, #4871, .T. ) ;
#3713 = ORIENTED_EDGE ( 'NONE', *, *, #4634, .F. ) ;
#3714 = SURFACE_STYLE_USAGE ( .BOTH. , #2054 ) ;
#3715 = AXIS2_PLACEMENT_3D ( 'NONE', #1114, #4414, #346 ) ;
#3716 = VERTEX_POINT ( 'NONE', #4847 ) ;
#3717 = CARTESIAN_POINT ( 'NONE',  ( -2.350000000000000089, -0.3249999999999911848, 4.425000000000005151 ) ) ;
#3718 = CARTESIAN_POINT ( 'NONE',  ( -10.44999999999999929, 0.4249999999999943823, 0.1250000000000057454 ) ) ;
#3719 = DIRECTION ( 'NONE',  ( 0.000000000000000000, -1.000000000000000000, -0.000000000000000000 ) ) ;
#3720 = COLOUR_RGB ( '',0.9607843137254902244, 0.9607843137254902244, 0.9607843137254902244 ) ;
#3721 = ORIENTED_EDGE ( 'NONE', *, *, #3127, .F. ) ;
#3722 = ORIENTED_EDGE ( 'NONE', *, *, #1902, .T. ) ;
#3723 = LINE ( 'NONE', #2908, #926 ) ;
#3724 = EDGE_CURVE ( 'NONE', #2191, #5293, #4441, .T. ) ;
#3725 =( NAMED_UNIT ( * ) SI_UNIT ( $, .STERADIAN. ) SOLID_ANGLE_UNIT ( ) );
#3726 = VERTEX_POINT ( 'NONE', #742 ) ;
#3727 = PLANE ( 'NONE',  #4273 ) ;
#3728 = CARTESIAN_POINT ( 'NONE',  ( -5.899999999999998579, -0.07499999999999544531, 2.775000000000005684 ) ) ;
#3729 = LINE ( 'NONE', #4512, #3154 ) ;
#3730 = EDGE_CURVE ( 'NONE', #5173, #1650, #2385, .T. ) ;
#3731 = EDGE_CURVE ( 'NONE', #4083, #4077, #356, .T. ) ;
#3732 = LINE ( 'NONE', #1618, #608 ) ;
#3733 = ORIENTED_EDGE ( 'NONE', *, *, #2322, .T. ) ;
#3734 = SURFACE_SIDE_STYLE ('',( #2531 ) ) ;
#3735 = VERTEX_POINT ( 'NONE', #1163 ) ;
#3736 =( NAMED_UNIT ( * ) PLANE_ANGLE_UNIT ( ) SI_UNIT ( $, .RADIAN. ) );
#3737 = EDGE_LOOP ( 'NONE', ( #2405, #672, #3342, #3155, #4224 ) ) ;
#3738 = LINE ( 'NONE', #2537, #1238 ) ;
#3739 = CARTESIAN_POINT ( 'NONE',  ( -10.44999999999999929, 1.724999999999993427, 0.1250000000000009714 ) ) ;
#3740 = EDGE_CURVE ( 'NONE', #37, #1868, #786, .T. ) ;
#3741 = DIRECTION ( 'NONE',  ( 1.000000000000000000, 0.000000000000000000, 0.000000000000000000 ) ) ;
#3742 = COLOUR_RGB ( '',0.9607843137254902244, 0.9607843137254902244, 0.9607843137254902244 ) ;
#3743 = CARTESIAN_POINT ( 'NONE',  ( 0.000000000000000000, 0.3250000000000033418, 2.775000000000004796 ) ) ;
#3744 = ORIENTED_EDGE ( 'NONE', *, *, #3202, .T. ) ;
#3745 = FILL_AREA_STYLE_COLOUR ( '', #1941 ) ;
#3746 = VERTEX_POINT ( 'NONE', #4809 ) ;
#3747 = CIRCLE ( 'NONE', #4521, 0.07499999999999998335 ) ;
#3748 = LINE ( 'NONE', #502, #3240 ) ;
#3749 = CARTESIAN_POINT ( 'NONE',  ( -6.099999999999999645, 0.1750000000000062061, 3.575000000000005063 ) ) ;
#3750 = COLOUR_RGB ( '',0.9607843137254902244, 0.9607843137254902244, 0.9607843137254902244 ) ;
#3751 = SURFACE_STYLE_FILL_AREA ( #2579 ) ;
#3752 = VERTEX_POINT ( 'NONE', #1137 ) ;
#3753 = LINE ( 'NONE', #3370, #1667 ) ;
#3754 = LINE ( 'NONE', #2524, #2715 ) ;
#3755 = SURFACE_SIDE_STYLE ('',( #4164 ) ) ;
#3756 =( NAMED_UNIT ( * ) PLANE_ANGLE_UNIT ( ) SI_UNIT ( $, .RADIAN. ) );
#3757 = VECTOR ( 'NONE', #5187, 1000.000000000000000 ) ;
#3758 = ADVANCED_FACE ( 'NONE', ( #3481 ), #2759, .T. ) ;
#3759 = VECTOR ( 'NONE', #2095, 1000.000000000000000 ) ;
#3760 = CARTESIAN_POINT ( 'NONE',  ( -10.75000000000000000, 0.3250000000000033418, 2.775000000000004796 ) ) ;
#3761 = DIRECTION ( 'NONE',  ( -1.000000000000000000, -0.000000000000000000, -0.000000000000000000 ) ) ;
#3762 = PRESENTATION_LAYER_ASSIGNMENT (  '', '', ( #67 ) ) ;
#3763 = CIRCLE ( 'NONE', #3500, 0.07499999999999998335 ) ;
#3764 = ORIENTED_EDGE ( 'NONE', *, *, #1760, .F. ) ;
#3765 = ORIENTED_EDGE ( 'NONE', *, *, #3793, .T. ) ;
#3766 = EDGE_CURVE ( 'NONE', #884, #810, #2225, .T. ) ;
#3767 = ORIENTED_EDGE ( 'NONE', *, *, #5111, .F. ) ;
#3768 = LINE ( 'NONE', #1307, #303 ) ;
#3769 = AXIS2_PLACEMENT_3D ( 'NONE', #4985, #1291, #2937 ) ;
#3770 = DIRECTION ( 'NONE',  ( 0.000000000000000000, 1.000000000000000000, 0.000000000000000000 ) ) ;
#3771 = CARTESIAN_POINT ( 'NONE',  ( -3.399999999999999467, -0.1499999999999935274, 3.350000000000005862 ) ) ;
#3772 =( NAMED_UNIT ( * ) PLANE_ANGLE_UNIT ( ) SI_UNIT ( $, .RADIAN. ) );
#3773 = AXIS2_PLACEMENT_3D ( 'NONE', #2838, #4964, #2863 ) ;
#3774 = EDGE_LOOP ( 'NONE', ( #2504, #3298, #3495, #3551 ) ) ;
#3775 = DIRECTION ( 'NONE',  ( -0.000000000000000000, 3.491483361109382461E-15, 1.000000000000000000 ) ) ;
#3776 = EDGE_CURVE ( 'NONE', #5118, #2239, #705, .T. ) ;
#3777 = ORIENTED_EDGE ( 'NONE', *, *, #2775, .F. ) ;
#3778 = VECTOR ( 'NONE', #2966, 1000.000000000000000 ) ;
#3779 = CARTESIAN_POINT ( 'NONE',  ( -10.24999999999999822, -0.1750000000000004052, 1.725000000000006084 ) ) ;
#3780 = DIRECTION ( 'NONE',  ( -0.000000000000000000, 1.000000000000000000, -3.491483361109382461E-15 ) ) ;
#3781 = ORIENTED_EDGE ( 'NONE', *, *, #5220, .T. ) ;
#3782 = CARTESIAN_POINT ( 'NONE',  ( -10.24999999999999822, 0.4249999999999943823, 0.1250000000000057454 ) ) ;
#3783 = CIRCLE ( 'NONE', #946, 0.1499999999999999667 ) ;
#3784 = CARTESIAN_POINT ( 'NONE',  ( -10.24999999999999822, -0.3250000000000061173, -0.5249999999999909184 ) ) ;
#3785 =( LENGTH_UNIT ( ) NAMED_UNIT ( * ) SI_UNIT ( .MILLI., .METRE. ) );
#3786 = SURFACE_STYLE_USAGE ( .BOTH. , #4189 ) ;
#3787 = PRESENTATION_LAYER_ASSIGNMENT (  '', '', ( #261 ) ) ;
#3788 = FILL_AREA_STYLE ('',( #596 ) ) ;
#3789 = CIRCLE ( 'NONE', #2323, 0.1499999999999999667 ) ;
#3790 = DIRECTION ( 'NONE',  ( 0.000000000000000000, 3.491483361109382461E-15, 1.000000000000000000 ) ) ;
#3791 = DIRECTION ( 'NONE',  ( -0.000000000000000000, -1.000000000000000000, 3.274642926612281180E-15 ) ) ;
#3792 = CARTESIAN_POINT ( 'NONE',  ( 0.000000000000000000, -0.1749999999999932998, 3.725000000000006306 ) ) ;
#3793 = EDGE_CURVE ( 'NONE', #3898, #2721, #652, .T. ) ;
#3794 = STYLED_ITEM ( 'NONE', ( #3825 ), #4286 ) ;
#3795 = VERTEX_POINT ( 'NONE', #676 ) ;
#3796 = CARTESIAN_POINT ( 'NONE',  ( -0.5000000000000000000, -0.1749999999999932998, 3.725000000000006306 ) ) ;
#3797 = VERTEX_POINT ( 'NONE', #3541 ) ;
#3798 = CARTESIAN_POINT ( 'NONE',  ( -8.599999999999999645, -0.02499999999999356209, 4.425000000000005151 ) ) ;
#3799 =( GEOMETRIC_REPRESENTATION_CONTEXT ( 3 ) GLOBAL_UNCERTAINTY_ASSIGNED_CONTEXT ( ( #1742 ) ) GLOBAL_UNIT_ASSIGNED_CONTEXT ( ( #2843, #4549, #458 ) ) REPRESENTATION_CONTEXT ( 'NONE', 'WORKASPACE' ) );
#3800 = CARTESIAN_POINT ( 'NONE',  ( -8.599999999999999645, -0.1749999999999944933, 3.425000000000006928 ) ) ;
#3801 = EDGE_CURVE ( 'NONE', #788, #3921, #233, .T. ) ;
#3802 = LINE ( 'NONE', #4179, #3961 ) ;
#3803 = ORIENTED_EDGE ( 'NONE', *, *, #2509, .F. ) ;
#3804 = PRESENTATION_STYLE_ASSIGNMENT (( #2139 ) ) ;
#3805 = EDGE_LOOP ( 'NONE', ( #4613, #443, #988, #2517 ) ) ;
#3806 = VECTOR ( 'NONE', #5086, 1000.000000000000000 ) ;
#3807 = DIRECTION ( 'NONE',  ( 1.000000000000000000, -0.000000000000000000, 0.000000000000000000 ) ) ;
#3808 = CARTESIAN_POINT ( 'NONE',  ( -2.149999999999999023, -0.3249999999999917399, 4.425000000000006040 ) ) ;
#3809 = ORIENTED_EDGE ( 'NONE', *, *, #1869, .F. ) ;
#3810 = LINE ( 'NONE', #5072, #5137 ) ;
#3811 = UNCERTAINTY_MEASURE_WITH_UNIT (LENGTH_MEASURE( 1.000000000000000082E-05 ), #1794, 'distance_accuracy_value', 'NONE');
#3812 = CARTESIAN_POINT ( 'NONE',  ( -9.249999999999998224, 1.274999999999997247, 1.075000000000002620 ) ) ;
#3813 = DIRECTION ( 'NONE',  ( 1.000000000000000000, -0.000000000000000000, -0.000000000000000000 ) ) ;
#3814 = EDGE_CURVE ( 'NONE', #1650, #1066, #2268, .T. ) ;
#3815 = CARTESIAN_POINT ( 'NONE',  ( -7.150000000000000355, 0.3250000000000061728, 3.575000000000005063 ) ) ;
#3816 = ORIENTED_EDGE ( 'NONE', *, *, #1268, .F. ) ;
#3817 = UNCERTAINTY_MEASURE_WITH_UNIT (LENGTH_MEASURE( 1.000000000000000082E-05 ), #887, 'distance_accuracy_value', 'NONE');
#3818 = CARTESIAN_POINT ( 'NONE',  ( -10.44999999999999929, 0.4249999999999983791, 1.675000000000005818 ) ) ;
#3819 = CARTESIAN_POINT ( 'NONE',  ( -6.099999999999999645, -0.1749999999999966027, 2.775000000000006573 ) ) ;
#3820 = CARTESIAN_POINT ( 'NONE',  ( -10.75000000000000000, 3.225000000000003197, 3.124999999999995115 ) ) ;
#3821 = VERTEX_POINT ( 'NONE', #1536 ) ;
#3822 = DIRECTION ( 'NONE',  ( 3.097720492815727659E-16, 0.000000000000000000, -1.000000000000000000 ) ) ;
#3823 = ORIENTED_EDGE ( 'NONE', *, *, #2645, .F. ) ;
#3824 = CARTESIAN_POINT ( 'NONE',  ( -4.649999999999999467, -0.3249999999999933498, 3.575000000000005951 ) ) ;
#3825 = PRESENTATION_STYLE_ASSIGNMENT (( #3435 ) ) ;
#3826 = FACE_OUTER_BOUND ( 'NONE', #11, .T. ) ;
#3827 = ORIENTED_EDGE ( 'NONE', *, *, #4939, .T. ) ;
#3828 = ORIENTED_EDGE ( 'NONE', *, *, #4618, .T. ) ;
#3829 = ORIENTED_EDGE ( 'NONE', *, *, #4515, .T. ) ;
#3830 = ADVANCED_FACE ( 'NONE', ( #733 ), #1884, .F. ) ;
#3831 = EDGE_CURVE ( 'NONE', #2307, #1068, #3510, .T. ) ;
#3832 = CARTESIAN_POINT ( 'NONE',  ( -0.5000000000000000000, -0.3250000000000001776, 1.675000000000008482 ) ) ;
#3833 = DIRECTION ( 'NONE',  ( 1.000000000000000000, 0.000000000000000000, 0.000000000000000000 ) ) ;
#3834 = DIRECTION ( 'NONE',  ( 0.000000000000000000, 3.614688153437280656E-15, 1.000000000000000000 ) ) ;
#3835 = ORIENTED_EDGE ( 'NONE', *, *, #792, .F. ) ;
#3836 = AXIS2_PLACEMENT_3D ( 'NONE', #2122, #1721, #3790 ) ;
#3837 = CARTESIAN_POINT ( 'NONE',  ( -4.649999999999999467, -0.02499999999999117511, 4.425000000000004263 ) ) ;
#3838 = PRESENTATION_STYLE_ASSIGNMENT (( #476 ) ) ;
#3839 = EDGE_CURVE ( 'NONE', #4343, #3601, #3194, .T. ) ;
#3840 = DIRECTION ( 'NONE',  ( 1.000000000000000000, -3.693145214938325869E-31, -1.057758217059028854E-16 ) ) ;
#3841 = AXIS2_PLACEMENT_3D ( 'NONE', #3417, #4213, #507 ) ;
#3842 = EDGE_LOOP ( 'NONE', ( #990, #1042, #4370, #1784 ) ) ;
#3843 = ADVANCED_FACE ( 'NONE', ( #1935 ), #4003, .T. ) ;
#3844 = PRESENTATION_LAYER_ASSIGNMENT (  '', '', ( #1267 ) ) ;
#3845 = CARTESIAN_POINT ( 'NONE',  ( -3.399999999999999467, -0.3249999999999933498, 3.575000000000005951 ) ) ;
#3846 = AXIS2_PLACEMENT_3D ( 'NONE', #1591, #2915, #478 ) ;
#3847 = LINE ( 'NONE', #3406, #1671 ) ;
#3848 = DIRECTION ( 'NONE',  ( 0.000000000000000000, 3.346923071444648273E-15, 1.000000000000000000 ) ) ;
#3849 = VECTOR ( 'NONE', #1740, 1000.000000000000000 ) ;
#3850 = CARTESIAN_POINT ( 'NONE',  ( -7.349999999999999645, -0.1749999999999939937, 3.575000000000006395 ) ) ;
#3851 = VERTEX_POINT ( 'NONE', #2727 ) ;
#3852 = COLOUR_RGB ( '',0.9607843137254902244, 0.9607843137254902244, 0.9607843137254902244 ) ;
#3853 = LINE ( 'NONE', #3743, #350 ) ;
#3854 = ORIENTED_EDGE ( 'NONE', *, *, #1316, .F. ) ;
#3855 = VERTEX_POINT ( 'NONE', #2696 ) ;
#3856 = STYLED_ITEM ( 'NONE', ( #490 ), #1019 ) ;
#3857 = FACE_OUTER_BOUND ( 'NONE', #3182, .T. ) ;
#3858 = CARTESIAN_POINT ( 'NONE',  ( -3.399999999999999467, -0.07499999999999544531, 2.775000000000004796 ) ) ;
#3859 = VECTOR ( 'NONE', #5161, 1000.000000000000000 ) ;
#3860 = EDGE_CURVE ( 'NONE', #498, #284, #4358, .T. ) ;
#3861 = VERTEX_POINT ( 'NONE', #4776 ) ;
#3862 = LINE ( 'NONE', #178, #825 ) ;
#3863 = FILL_AREA_STYLE_COLOUR ( '', #2534 ) ;
#3864 = VECTOR ( 'NONE', #699, 1000.000000000000000 ) ;
#3865 = UNCERTAINTY_MEASURE_WITH_UNIT (LENGTH_MEASURE( 1.000000000000000082E-05 ), #4060, 'distance_accuracy_value', 'NONE');
#3866 =( NAMED_UNIT ( * ) PLANE_ANGLE_UNIT ( ) SI_UNIT ( $, .RADIAN. ) );
#3867 = PLANE ( 'NONE',  #843 ) ;
#3868 = DIRECTION ( 'NONE',  ( 2.420544385083917231E-16, 3.491483361109382461E-15, 1.000000000000000000 ) ) ;
#3869 = ADVANCED_FACE ( 'NONE', ( #3597 ), #3161, .T. ) ;
#3870 = VECTOR ( 'NONE', #3415, 1000.000000000000000 ) ;
#3871 = ORIENTED_EDGE ( 'NONE', *, *, #2355, .T. ) ;
#3872 = ORIENTED_EDGE ( 'NONE', *, *, #1146, .T. ) ;
#3873 = ORIENTED_EDGE ( 'NONE', *, *, #1070, .T. ) ;
#3874 = LINE ( 'NONE', #4699, #4351 ) ;
#3875 = PLANE ( 'NONE',  #2463 ) ;
#3876 = CARTESIAN_POINT ( 'NONE',  ( -3.600000000000000533, 0.3250000000000090039, 4.425000000000004263 ) ) ;
#3877 = EDGE_CURVE ( 'NONE', #1293, #427, #627, .T. ) ;
#3878 = VECTOR ( 'NONE', #2819, 1000.000000000000000 ) ;
#3879 = SURFACE_SIDE_STYLE ('',( #216 ) ) ;
#3880 = DIRECTION ( 'NONE',  ( 1.000000000000000000, 0.000000000000000000, 0.000000000000000000 ) ) ;
#3881 = VERTEX_POINT ( 'NONE', #4385 ) ;
#3882 = SURFACE_STYLE_USAGE ( .BOTH. , #1411 ) ;
#3883 = EDGE_CURVE ( 'NONE', #3855, #3881, #2329, .T. ) ;
#3884 = VERTEX_POINT ( 'NONE', #3567 ) ;
#3885 = CARTESIAN_POINT ( 'NONE',  ( -10.44999999999999929, -0.3250000000000001776, 1.675000000000008482 ) ) ;
#3886 = COLOUR_RGB ( '',0.9607843137254902244, 0.9607843137254902244, 0.9607843137254902244 ) ;
#3887 = ORIENTED_EDGE ( 'NONE', *, *, #3524, .T. ) ;
#3888 = DIRECTION ( 'NONE',  ( -1.000000000000000000, 0.000000000000000000, -0.000000000000000000 ) ) ;
#3889 = VECTOR ( 'NONE', #658, 1000.000000000000000 ) ;
#3890 = DIRECTION ( 'NONE',  ( 1.000000000000000000, -0.000000000000000000, 0.000000000000000000 ) ) ;
#3891 = ORIENTED_EDGE ( 'NONE', *, *, #4408, .T. ) ;
#3892 = CARTESIAN_POINT ( 'NONE',  ( -0.3000000000000004885, 0.4249999999999994893, 1.675000000000006706 ) ) ;
#3893 = LINE ( 'NONE', #4719, #597 ) ;
#3894 = AXIS2_PLACEMENT_3D ( 'NONE', #2480, #2591, #2184 ) ;
#3895 = LINE ( 'NONE', #380, #3188 ) ;
#3896 = SURFACE_SIDE_STYLE ('',( #3588 ) ) ;
#3897 = CARTESIAN_POINT ( 'NONE',  ( -10.75000000000000000, 3.224999999999999645, 1.774999999999994138 ) ) ;
#3898 = VERTEX_POINT ( 'NONE', #4727 ) ;
#3899 = ORIENTED_EDGE ( 'NONE', *, *, #2597, .T. ) ;
#3900 = EDGE_CURVE ( 'NONE', #4983, #4967, #1032, .T. ) ;
#3901 = CARTESIAN_POINT ( 'NONE',  ( -2.049999999999998934, 3.874999999999993783, -0.1249999999999931721 ) ) ;
#3902 = EDGE_CURVE ( 'NONE', #3985, #2510, #3789, .T. ) ;
#3903 = CARTESIAN_POINT ( 'NONE',  ( -4.650000000000001243, 0.05000000000000652534, 3.725000000000005862 ) ) ;
#3904 = CARTESIAN_POINT ( 'NONE',  ( -2.149999999999999023, -0.1749999999999944378, 3.425000000000005151 ) ) ;
#3905 =( NAMED_UNIT ( * ) PLANE_ANGLE_UNIT ( ) SI_UNIT ( $, .RADIAN. ) );
#3906 = FACE_OUTER_BOUND ( 'NONE', #219, .T. ) ;
#3907 = CARTESIAN_POINT ( 'NONE',  ( -5.899999999999998579, -0.1749999999999944378, 3.425000000000006040 ) ) ;
#3908 = ORIENTED_EDGE ( 'NONE', *, *, #3740, .F. ) ;
#3909 = ORIENTED_EDGE ( 'NONE', *, *, #4686, .F. ) ;
#3910 = DIRECTION ( 'NONE',  ( -1.000000000000000000, -9.463684613279350699E-31, -2.710505431213730517E-16 ) ) ;
#3911 = ORIENTED_EDGE ( 'NONE', *, *, #3099, .F. ) ;
#3912 = EDGE_CURVE ( 'NONE', #351, #33, #4511, .T. ) ;
#3913 = CARTESIAN_POINT ( 'NONE',  ( -0.5000000000000003331, -0.3250000000000041744, 1.675000000000008482 ) ) ;
#3914 = VERTEX_POINT ( 'NONE', #3261 ) ;
#3915 =( LENGTH_UNIT ( ) NAMED_UNIT ( * ) SI_UNIT ( .MILLI., .METRE. ) );
#3916 = VECTOR ( 'NONE', #2842, 1000.000000000000000 ) ;
#3917 = LINE ( 'NONE', #1876, #5223 ) ;
#3918 = DIRECTION ( 'NONE',  ( 0.000000000000000000, -1.000000000000000000, 3.274642926612281180E-15 ) ) ;
#3919 = PLANE ( 'NONE',  #154 ) ;
#3920 =( NAMED_UNIT ( * ) PLANE_ANGLE_UNIT ( ) SI_UNIT ( $, .RADIAN. ) );
#3921 = VERTEX_POINT ( 'NONE', #452 ) ;
#3922 = VERTEX_POINT ( 'NONE', #3728 ) ;
#3923 = VECTOR ( 'NONE', #2465, 1000.000000000000000 ) ;
#3924 = CARTESIAN_POINT ( 'NONE',  ( -7.149999999999999467, -0.1499999999999933054, 3.425000000000006484 ) ) ;
#3925 = DIRECTION ( 'NONE',  ( 0.000000000000000000, -1.000000000000000000, 3.181711311827809596E-15 ) ) ;
#3926 =( LENGTH_UNIT ( ) NAMED_UNIT ( * ) SI_UNIT ( .MILLI., .METRE. ) );
#3927 = CARTESIAN_POINT ( 'NONE',  ( -8.699999999999999289, -0.1750000000000018763, 1.275000000000006573 ) ) ;
#3928 = ADVANCED_FACE ( 'NONE', ( #45, #3644, #1616 ), #3289, .T. ) ;
#3929 = SURFACE_SIDE_STYLE ('',( #1466 ) ) ;
#3930 =( NAMED_UNIT ( * ) SI_UNIT ( $, .STERADIAN. ) SOLID_ANGLE_UNIT ( ) );
#3931 = ORIENTED_EDGE ( 'NONE', *, *, #754, .T. ) ;
#3932 = STYLED_ITEM ( 'NONE', ( #1847 ), #1480 ) ;
#3933 = ADVANCED_FACE ( 'NONE', ( #2861 ), #4079, .T. ) ;
#3934 = EDGE_CURVE ( 'NONE', #4410, #1970, #4058, .T. ) ;
#3935 = ORIENTED_EDGE ( 'NONE', *, *, #839, .T. ) ;
#3936 = CARTESIAN_POINT ( 'NONE',  ( -10.75000000000000000, 0.3250000000000033973, 2.775000000000004796 ) ) ;
#3937 = ORIENTED_EDGE ( 'NONE', *, *, #374, .T. ) ;
#3938 = CIRCLE ( 'NONE', #679, 0.07499999999999998335 ) ;
#3939 = DIRECTION ( 'NONE',  ( -1.000000000000000000, 0.000000000000000000, 0.000000000000000000 ) ) ;
#3940 = VECTOR ( 'NONE', #642, 1000.000000000000000 ) ;
#3941 = VECTOR ( 'NONE', #640, 1000.000000000000000 ) ;
#3942 = VERTEX_POINT ( 'NONE', #4886 ) ;
#3943 = CARTESIAN_POINT ( 'NONE',  ( -10.75000000000000000, 0.3250000000000033418, 2.775000000000004796 ) ) ;
#3944 = CARTESIAN_POINT ( 'NONE',  ( -10.24999999999999822, 0.4249999999999994893, 1.675000000000005818 ) ) ;
#3945 = CARTESIAN_POINT ( 'NONE',  ( -4.649999999999999467, -0.1749999999999944378, 3.425000000000005596 ) ) ;
#3946 = DIRECTION ( 'NONE',  ( 0.000000000000000000, -1.000000000000000000, 3.491483361109382461E-15 ) ) ;
#3947 = ORIENTED_EDGE ( 'NONE', *, *, #569, .T. ) ;
#3948 = VECTOR ( 'NONE', #1432, 1000.000000000000000 ) ;
#3949 = ORIENTED_EDGE ( 'NONE', *, *, #2499, .T. ) ;
#3950 = CARTESIAN_POINT ( 'NONE',  ( -2.349999999999999645, -0.1749999999999966027, 2.775000000000006573 ) ) ;
#3951 = VERTEX_POINT ( 'NONE', #1183 ) ;
#3952 = CARTESIAN_POINT ( 'NONE',  ( -10.24999999999999822, 3.875000000000007105, 3.724999999999992095 ) ) ;
#3953 = PLANE ( 'NONE',  #550 ) ;
#3954 = AXIS2_PLACEMENT_3D ( 'NONE', #1479, #2291, #3946 ) ;
#3955 = CARTESIAN_POINT ( 'NONE',  ( -4.850000000000002309, -0.07499999999999354405, 3.350000000000005418 ) ) ;
#3956 = LINE ( 'NONE', #2729, #3806 ) ;
#3957 = DIRECTION ( 'NONE',  ( -0.000000000000000000, -3.491483361109382461E-15, -1.000000000000000000 ) ) ;
#3958 = EDGE_CURVE ( 'NONE', #4579, #4118, #151, .T. ) ;
#3959 = DIRECTION ( 'NONE',  ( 0.000000000000000000, -1.000000000000000000, 3.324683026880842862E-15 ) ) ;
#3960 = VERTEX_POINT ( 'NONE', #1766 ) ;
#3961 = VECTOR ( 'NONE', #558, 1000.000000000000000 ) ;
#3962 = ORIENTED_EDGE ( 'NONE', *, *, #4334, .T. ) ;
#3963 = LINE ( 'NONE', #3141, #4453 ) ;
#3964 = ORIENTED_EDGE ( 'NONE', *, *, #4862, .T. ) ;
#3965 = ADVANCED_FACE ( 'NONE', ( #3421 ), #1739, .F. ) ;
#3966 = CARTESIAN_POINT ( 'NONE',  ( -0.9999999999999997780, 3.875000000000007105, 3.724999999999992095 ) ) ;
#3967 = CARTESIAN_POINT ( 'NONE',  ( 0.000000000000000000, -0.1750000000000067613, -0.1249999999999936023 ) ) ;
#3968 = PRESENTATION_LAYER_ASSIGNMENT (  '', '', ( #2228 ) ) ;
#3969 = ORIENTED_EDGE ( 'NONE', *, *, #4488, .T. ) ;
#3970 = CARTESIAN_POINT ( 'NONE',  ( -3.400000000000001243, 0.1750000000000062061, 3.575000000000005063 ) ) ;
#3971 = UNCERTAINTY_MEASURE_WITH_UNIT (LENGTH_MEASURE( 1.000000000000000082E-05 ), #3785, 'distance_accuracy_value', 'NONE');
#3972 = ADVANCED_FACE ( 'NONE', ( #5074 ), #2942, .F. ) ;
#3973 = VECTOR ( 'NONE', #4519, 1000.000000000000000 ) ;
#3974 = CARTESIAN_POINT ( 'NONE',  ( -8.699999999999999289, -0.1750000000000067613, -0.1249999999999936023 ) ) ;
#3975 = VERTEX_POINT ( 'NONE', #4673 ) ;
#3976 = VECTOR ( 'NONE', #4359, 1000.000000000000000 ) ;
#3977 = VERTEX_POINT ( 'NONE', #477 ) ;
#3978 = DIRECTION ( 'NONE',  ( -1.000000000000000000, -9.463684613279350699E-31, -2.710505431213730517E-16 ) ) ;
#3979 = CARTESIAN_POINT ( 'NONE',  ( -6.100000000000001421, -0.07499999999999329425, 3.425000000000005596 ) ) ;
#3980 = EDGE_CURVE ( 'NONE', #1481, #3651, #595, .T. ) ;
#3981 = DIRECTION ( 'NONE',  ( -0.000000000000000000, -0.000000000000000000, 1.000000000000000000 ) ) ;
#3982 = STYLED_ITEM ( 'NONE', ( #1085 ), #5300 ) ;
#3983 = DIRECTION ( 'NONE',  ( -1.000000000000000000, 0.000000000000000000, 0.000000000000000000 ) ) ;
#3984 = PRODUCT_CONTEXT ( 'NONE', #2196, 'mechanical' ) ;
#3985 = VERTEX_POINT ( 'NONE', #1688 ) ;
#3986 =( NAMED_UNIT ( * ) PLANE_ANGLE_UNIT ( ) SI_UNIT ( $, .RADIAN. ) );
#3987 = LINE ( 'NONE', #4845, #187 ) ;
#3988 = PRESENTATION_STYLE_ASSIGNMENT (( #217 ) ) ;
#3989 = SURFACE_STYLE_USAGE ( .BOTH. , #3172 ) ;
#3990 = CARTESIAN_POINT ( 'NONE',  ( -2.349999999999999645, -0.1749999999999939937, 3.575000000000005063 ) ) ;
#3991 = ORIENTED_EDGE ( 'NONE', *, *, #1619, .F. ) ;
#3992 = LINE ( 'NONE', #4796, #3940 ) ;
#3993 = LINE ( 'NONE', #3967, #1275 ) ;
#3994 = ORIENTED_EDGE ( 'NONE', *, *, #3563, .F. ) ;
#3995 = ORIENTED_EDGE ( 'NONE', *, *, #1360, .T. ) ;
#3996 = ADVANCED_FACE ( 'NONE', ( #2094 ), #1797, .F. ) ;
#3997 =( LENGTH_UNIT ( ) NAMED_UNIT ( * ) SI_UNIT ( .MILLI., .METRE. ) );
#3998 = CARTESIAN_POINT ( 'NONE',  ( -10.24999999999999822, -0.3250000000000001776, 1.675000000000008482 ) ) ;
#3999 = PLANE ( 'NONE',  #2392 ) ;
#4000 = EDGE_LOOP ( 'NONE', ( #3549, #4197, #3094, #716 ) ) ;
#4001 = ORIENTED_EDGE ( 'NONE', *, *, #2322, .F. ) ;
#4002 = DIRECTION ( 'NONE',  ( -0.000000000000000000, -0.000000000000000000, 1.000000000000000000 ) ) ;
#4003 = PLANE ( 'NONE',  #2749 ) ;
#4004 = CARTESIAN_POINT ( 'NONE',  ( -0.3000000000000004885, 0.4249999999999943823, 0.1250000000000040246 ) ) ;
#4005 = VECTOR ( 'NONE', #4176, 1000.000000000000000 ) ;
#4006 = CARTESIAN_POINT ( 'NONE',  ( -8.599999999999999645, 0.1750000000000067057, 3.725000000000005418 ) ) ;
#4007 = EDGE_CURVE ( 'NONE', #94, #1412, #3372, .T. ) ;
#4008 = PRESENTATION_LAYER_ASSIGNMENT (  '', '', ( #5207 ) ) ;
#4009 = ORIENTED_EDGE ( 'NONE', *, *, #5140, .T. ) ;
#4010 = SURFACE_STYLE_USAGE ( .BOTH. , #1622 ) ;
#4011 = CARTESIAN_POINT ( 'NONE',  ( -10.24999999999999822, 1.625000000000004441, 3.125000000000000000 ) ) ;
#4012 =( NAMED_UNIT ( * ) SI_UNIT ( $, .STERADIAN. ) SOLID_ANGLE_UNIT ( ) );
#4013 = AXIS2_PLACEMENT_3D ( 'NONE', #3485, #4540, #4960 ) ;
#4014 = CARTESIAN_POINT ( 'NONE',  ( 0.000000000000000000, 3.875000000000007105, 2.775000000000006573 ) ) ;
#4015 = ORIENTED_EDGE ( 'NONE', *, *, #2916, .F. ) ;
#4016 = DIRECTION ( 'NONE',  ( 0.000000000000000000, 0.000000000000000000, -1.000000000000000000 ) ) ;
#4017 = ORIENTED_EDGE ( 'NONE', *, *, #4160, .T. ) ;
#4018 = DIRECTION ( 'NONE',  ( 1.000000000000000000, -0.000000000000000000, -0.000000000000000000 ) ) ;
#4019 = PLANE ( 'NONE',  #5246 ) ;
#4020 = ORIENTED_EDGE ( 'NONE', *, *, #1832, .F. ) ;
#4021 = SURFACE_STYLE_USAGE ( .BOTH. , #4479 ) ;
#4022 = AXIS2_PLACEMENT_3D ( 'NONE', #4141, #46, #4887 ) ;
#4023 = PLANE ( 'NONE',  #2540 ) ;
#4024 = EDGE_CURVE ( 'NONE', #4353, #4559, #3895, .T. ) ;
#4025 = CARTESIAN_POINT ( 'NONE',  ( 0.000000000000000000, 3.875000000000007105, 1.725000000000003864 ) ) ;
#4026 = VECTOR ( 'NONE', #2668, 1000.000000000000000 ) ;
#4027 = MECHANICAL_DESIGN_GEOMETRIC_PRESENTATION_REPRESENTATION (  '', ( #4543 ), #4709 ) ;
#4028 = ORIENTED_EDGE ( 'NONE', *, *, #516, .F. ) ;
#4029 = CARTESIAN_POINT ( 'NONE',  ( -7.350000000000000533, -0.3249999999999911848, 4.425000000000006928 ) ) ;
#4030 = CARTESIAN_POINT ( 'NONE',  ( -10.24999999999999822, 1.625000000000004441, 3.125000000000000000 ) ) ;
#4031 = CARTESIAN_POINT ( 'NONE',  ( -2.149999999999999023, -0.07499999999999552858, 3.350000000000004974 ) ) ;
#4032 = ADVANCED_FACE ( 'NONE', ( #791 ), #3177, .T. ) ;
#4033 = CARTESIAN_POINT ( 'NONE',  ( -4.850000000000002309, -0.3249999999999911848, 4.425000000000006040 ) ) ;
#4034 = AXIS2_PLACEMENT_3D ( 'NONE', #1148, #4447, #3635 ) ;
#4035 = DIRECTION ( 'NONE',  ( 0.000000000000000000, -3.241282859766573260E-15, -1.000000000000000000 ) ) ;
#4036 = MECHANICAL_DESIGN_GEOMETRIC_PRESENTATION_REPRESENTATION (  '', ( #524 ), #1353 ) ;
#4037 = CARTESIAN_POINT ( 'NONE',  ( -8.599999999999999645, 0.3250000000000059508, 4.425000000000005151 ) ) ;
#4038 = LINE ( 'NONE', #2359, #4667 ) ;
#4039 = CARTESIAN_POINT ( 'NONE',  ( -7.150000000000001243, 0.05000000000000652534, 3.725000000000005862 ) ) ;
#4040 = VECTOR ( 'NONE', #2144, 1000.000000000000000 ) ;
#4041 = DIRECTION ( 'NONE',  ( 0.000000000000000000, 3.274642926612281180E-15, 1.000000000000000000 ) ) ;
#4042 = EDGE_LOOP ( 'NONE', ( #4301, #3405, #5277, #5240 ) ) ;
#4043 = DIRECTION ( 'NONE',  ( -1.000000000000000000, 0.000000000000000000, 0.000000000000000000 ) ) ;
#4044 = LINE ( 'NONE', #2637, #2052 ) ;
#4045 = EDGE_CURVE ( 'NONE', #3735, #788, #1554, .T. ) ;
#4046 = VECTOR ( 'NONE', #2875, 1000.000000000000000 ) ;
#4047 = CARTESIAN_POINT ( 'NONE',  ( -10.75000000000000000, 3.875000000000007105, 0.1250000000000040246 ) ) ;
#4048 = SURFACE_STYLE_USAGE ( .BOTH. , #4501 ) ;
#4049 = ORIENTED_EDGE ( 'NONE', *, *, #3506, .T. ) ;
#4050 =( NAMED_UNIT ( * ) SI_UNIT ( $, .STERADIAN. ) SOLID_ANGLE_UNIT ( ) );
#4051 = VECTOR ( 'NONE', #4066, 1000.000000000000000 ) ;
#4052 = DIRECTION ( 'NONE',  ( 0.000000000000000000, 0.000000000000000000, 1.000000000000000000 ) ) ;
#4053 = AXIS2_PLACEMENT_3D ( 'NONE', #4499, #1675, #3770 ) ;
#4054 = DIRECTION ( 'NONE',  ( -1.000000000000000000, -2.710505431213777355E-16, 9.011571401424784806E-31 ) ) ;
#4055 = VERTEX_POINT ( 'NONE', #3579 ) ;
#4056 = DIRECTION ( 'NONE',  ( 0.000000000000000000, 0.000000000000000000, -1.000000000000000000 ) ) ;
#4057 = VECTOR ( 'NONE', #4312, 1000.000000000000000 ) ;
#4058 = LINE ( 'NONE', #367, #3262 ) ;
#4059 = DIRECTION ( 'NONE',  ( -0.000000000000000000, -1.000000000000000000, 0.000000000000000000 ) ) ;
#4060 =( LENGTH_UNIT ( ) NAMED_UNIT ( * ) SI_UNIT ( .MILLI., .METRE. ) );
#4061 = PRESENTATION_LAYER_ASSIGNMENT (  '', '', ( #363 ) ) ;
#4062 = EDGE_CURVE ( 'NONE', #4603, #1814, #1421, .T. ) ;
#4063 = CARTESIAN_POINT ( 'NONE',  ( -4.850000000000001421, -0.02499999999999356209, 4.425000000000004263 ) ) ;
#4064 = PRESENTATION_LAYER_ASSIGNMENT (  '', '', ( #3982 ) ) ;
#4065 = DIRECTION ( 'NONE',  ( 0.000000000000000000, -1.000000000000000000, 3.491483361109382461E-15 ) ) ;
#4066 = DIRECTION ( 'NONE',  ( 0.000000000000000000, -1.000000000000000000, -0.000000000000000000 ) ) ;
#4067 = DIRECTION ( 'NONE',  ( 0.000000000000000000, 0.000000000000000000, 1.000000000000000000 ) ) ;
#4068 = EDGE_LOOP ( 'NONE', ( #922, #3050, #4171, #474 ) ) ;
#4069 = DIRECTION ( 'NONE',  ( 0.000000000000000000, 0.000000000000000000, 1.000000000000000000 ) ) ;
#4070 = LINE ( 'NONE', #1952, #2663 ) ;
#4071 =( LENGTH_UNIT ( ) NAMED_UNIT ( * ) SI_UNIT ( .MILLI., .METRE. ) );
#4072 = FILL_AREA_STYLE_COLOUR ( '', #3428 ) ;
#4073 = ORIENTED_EDGE ( 'NONE', *, *, #2308, .F. ) ;
#4074 = EDGE_CURVE ( 'NONE', #3676, #3426, #4044, .T. ) ;
#4075 = DIRECTION ( 'NONE',  ( -0.000000000000000000, -0.000000000000000000, -1.000000000000000000 ) ) ;
#4076 = FACE_OUTER_BOUND ( 'NONE', #5021, .T. ) ;
#4077 = VERTEX_POINT ( 'NONE', #3475 ) ;
#4078 = CARTESIAN_POINT ( 'NONE',  ( -2.149999999999999023, 0.05000000000000674738, 3.800000000000005151 ) ) ;
#4079 = PLANE ( 'NONE',  #4135 ) ;
#4080 = PLANE ( 'NONE',  #5226 ) ;
#4081 = FILL_AREA_STYLE ('',( #3704 ) ) ;
#4082 = SURFACE_STYLE_FILL_AREA ( #4514 ) ;
#4083 = VERTEX_POINT ( 'NONE', #3227 ) ;
#4084 = PRESENTATION_STYLE_ASSIGNMENT (( #4437 ) ) ;
#4085 = AXIS2_PLACEMENT_3D ( 'NONE', #2595, #80, #863 ) ;
#4086 = CARTESIAN_POINT ( 'NONE',  ( -10.44999999999999929, -0.3250000000000081157, -0.5249999999999911404 ) ) ;
#4087 = CARTESIAN_POINT ( 'NONE',  ( -4.649999999999999467, 0.1750000000000062061, 3.575000000000005063 ) ) ;
#4088 = EDGE_CURVE ( 'NONE', #1254, #1736, #2666, .T. ) ;
#4089 = VECTOR ( 'NONE', #3320, 1000.000000000000000 ) ;
#4090 = ORIENTED_EDGE ( 'NONE', *, *, #4294, .T. ) ;
#4091 = DIRECTION ( 'NONE',  ( 0.000000000000000000, 0.000000000000000000, 1.000000000000000000 ) ) ;
#4092 = VECTOR ( 'NONE', #3447, 1000.000000000000000 ) ;
#4093 = DIRECTION ( 'NONE',  ( 1.000000000000000000, -0.000000000000000000, -0.000000000000000000 ) ) ;
#4094 = ADVANCED_FACE ( 'NONE', ( #2261 ), #1170, .F. ) ;
#4095 = EDGE_CURVE ( 'NONE', #34, #5271, #2752, .T. ) ;
#4096 = PLANE ( 'NONE',  #4305 ) ;
#4097 = EDGE_LOOP ( 'NONE', ( #2560, #525, #3025, #520, #744, #2466, #914, #1685, #1894, #3653, #4265, #4891, #3380 ) ) ;
#4098 = ORIENTED_EDGE ( 'NONE', *, *, #5185, .F. ) ;
#4099 = DIRECTION ( 'NONE',  ( -1.000000000000000000, 0.000000000000000000, 0.000000000000000000 ) ) ;
#4100 = ORIENTED_EDGE ( 'NONE', *, *, #286, .F. ) ;
#4101 = VECTOR ( 'NONE', #3539, 1000.000000000000000 ) ;
#4102 = CARTESIAN_POINT ( 'NONE',  ( -9.749999999999998224, 3.874999999999997335, 1.074999999999993516 ) ) ;
#4103 = CARTESIAN_POINT ( 'NONE',  ( -8.400000000000000355, 0.3250000000000090039, 3.425000000000006040 ) ) ;
#4104 = AXIS2_PLACEMENT_3D ( 'NONE', #3503, #4745, #228 ) ;
#4105 = VERTEX_POINT ( 'NONE', #3654 ) ;
#4106 = DIRECTION ( 'NONE',  ( -0.000000000000000000, -0.000000000000000000, 1.000000000000000000 ) ) ;
#4107 = FILL_AREA_STYLE_COLOUR ( '', #2478 ) ;
#4108 = PRESENTATION_LAYER_ASSIGNMENT (  '', '', ( #4623 ) ) ;
#4109 = MECHANICAL_DESIGN_GEOMETRIC_PRESENTATION_REPRESENTATION (  '', ( #420 ), #684 ) ;
#4110 = LINE ( 'NONE', #3238, #325 ) ;
#4111 = EDGE_CURVE ( 'NONE', #2622, #2191, #3208, .T. ) ;
#4112 = ORIENTED_EDGE ( 'NONE', *, *, #3731, .F. ) ;
#4113 = FILL_AREA_STYLE ('',( #827 ) ) ;
#4114 = DIRECTION ( 'NONE',  ( 0.000000000000000000, 1.000000000000000000, -3.346923071444648273E-15 ) ) ;
#4115 = VECTOR ( 'NONE', #1577, 1000.000000000000000 ) ;
#4116 = SURFACE_STYLE_USAGE ( .BOTH. , #3680 ) ;
#4117 = ORIENTED_EDGE ( 'NONE', *, *, #275, .F. ) ;
#4118 = VERTEX_POINT ( 'NONE', #745 ) ;
#4119 = SURFACE_STYLE_FILL_AREA ( #3379 ) ;
#4120 = AXIS2_PLACEMENT_3D ( 'NONE', #1560, #3153, #2719 ) ;
#4121 = ORIENTED_EDGE ( 'NONE', *, *, #4653, .T. ) ;
#4122 = SURFACE_SIDE_STYLE ('',( #2028 ) ) ;
#4123 = EDGE_CURVE ( 'NONE', #1224, #3684, #4851, .T. ) ;
#4124 = PLANE ( 'NONE',  #1116 ) ;
#4125 = CARTESIAN_POINT ( 'NONE',  ( -4.850000000000001421, 0.1750000000000067057, 3.725000000000005418 ) ) ;
#4126 = LINE ( 'NONE', #2462, #1779 ) ;
#4127 = VECTOR ( 'NONE', #3780, 1000.000000000000000 ) ;
#4128 = EDGE_LOOP ( 'NONE', ( #3462, #4150, #1467, #1657 ) ) ;
#4129 =( NAMED_UNIT ( * ) SI_UNIT ( $, .STERADIAN. ) SOLID_ANGLE_UNIT ( ) );
#4130 = ORIENTED_EDGE ( 'NONE', *, *, #1843, .F. ) ;
#4131 = EDGE_CURVE ( 'NONE', #3536, #1438, #2825, .T. ) ;
#4132 = EDGE_CURVE ( 'NONE', #4207, #1047, #4070, .T. ) ;
#4133 = LINE ( 'NONE', #4451, #236 ) ;
#4134 = SURFACE_SIDE_STYLE ('',( #3234 ) ) ;
#4135 = AXIS2_PLACEMENT_3D ( 'NONE', #4030, #2808, #2401 ) ;
#4136 = CARTESIAN_POINT ( 'NONE',  ( -7.149999999999999467, 0.3250000000000090039, 4.425000000000004263 ) ) ;
#4137 = VERTEX_POINT ( 'NONE', #1308 ) ;
#4138 = CARTESIAN_POINT ( 'NONE',  ( -1.499999999999999556, 1.274999999999998135, 1.575000000000002620 ) ) ;
#4139 =( NAMED_UNIT ( * ) PLANE_ANGLE_UNIT ( ) SI_UNIT ( $, .RADIAN. ) );
#4140 = COLOUR_RGB ( '',0.9607843137254902244, 0.9607843137254902244, 0.9607843137254902244 ) ;
#4141 = CARTESIAN_POINT ( 'NONE',  ( -3.399999999999999467, -0.1749999999999939659, 3.575000000000005507 ) ) ;
#4142 = DIRECTION ( 'NONE',  ( 0.000000000000000000, 1.000000000000000000, -0.000000000000000000 ) ) ;
#4143 = AXIS2_PLACEMENT_3D ( 'NONE', #4785, #2735, #1514 ) ;
#4144 = EDGE_CURVE ( 'NONE', #1304, #4161, #1201, .T. ) ;
#4145 = PRESENTATION_LAYER_ASSIGNMENT (  '', '', ( #3448 ) ) ;
#4146 = DIRECTION ( 'NONE',  ( -0.000000000000000000, 1.000000000000000000, 0.000000000000000000 ) ) ;
#4147 = ORIENTED_EDGE ( 'NONE', *, *, #4327, .T. ) ;
#4148 = EDGE_LOOP ( 'NONE', ( #3355, #5311, #4397, #3062, #271, #4256 ) ) ;
#4149 = VECTOR ( 'NONE', #3201, 1000.000000000000000 ) ;
#4150 = ORIENTED_EDGE ( 'NONE', *, *, #75, .T. ) ;
#4151 = SURFACE_STYLE_FILL_AREA ( #4947 ) ;
#4152 = FACE_OUTER_BOUND ( 'NONE', #1226, .T. ) ;
#4153 = PLANE ( 'NONE',  #938 ) ;
#4154 = CARTESIAN_POINT ( 'NONE',  ( -7.150000000000001243, 0.05000000000000674738, 3.800000000000006040 ) ) ;
#4155 = ORIENTED_EDGE ( 'NONE', *, *, #4879, .T. ) ;
#4156 = DIRECTION ( 'NONE',  ( 0.000000000000000000, -1.000000000000000000, 3.491483361109382461E-15 ) ) ;
#4157 = ORIENTED_EDGE ( 'NONE', *, *, #657, .T. ) ;
#4158 = CARTESIAN_POINT ( 'NONE',  ( -10.24999999999999822, 3.224999999999999645, 1.774999999999994582 ) ) ;
#4159 = CARTESIAN_POINT ( 'NONE',  ( 0.000000000000000000, -0.1750000000000002942, 1.725000000000006084 ) ) ;
#4160 = EDGE_CURVE ( 'NONE', #2107, #1039, #2459, .T. ) ;
#4161 = VERTEX_POINT ( 'NONE', #3250 ) ;
#4162 = CARTESIAN_POINT ( 'NONE',  ( -10.24999999999999822, 0.4249999999999943823, 1.675000000000008038 ) ) ;
#4163 = DIRECTION ( 'NONE',  ( 0.000000000000000000, 1.000000000000000000, -3.346923071444648273E-15 ) ) ;
#4164 = SURFACE_STYLE_FILL_AREA ( #2447 ) ;
#4165 = EDGE_CURVE ( 'NONE', #4639, #4376, #4202, .T. ) ;
#4166 = EDGE_CURVE ( 'NONE', #4967, #2755, #3357, .T. ) ;
#4167 = ORIENTED_EDGE ( 'NONE', *, *, #3980, .F. ) ;
#4168 = DIRECTION ( 'NONE',  ( 1.000000000000000000, 1.355252715606877091E-16, -4.437968718934145511E-31 ) ) ;
#4169 = CARTESIAN_POINT ( 'NONE',  ( -9.749999999999998224, 1.274999999999997247, 1.075000000000000400 ) ) ;
#4170 = EDGE_CURVE ( 'NONE', #4425, #2689, #56, .T. ) ;
#4171 = ORIENTED_EDGE ( 'NONE', *, *, #2967, .F. ) ;
#4172 = ORIENTED_EDGE ( 'NONE', *, *, #1968, .F. ) ;
#4173 = AXIS2_PLACEMENT_3D ( 'NONE', #1488, #3136, #3848 ) ;
#4174 = SURFACE_STYLE_USAGE ( .BOTH. , #941 ) ;
#4175 = ORIENTED_EDGE ( 'NONE', *, *, #1703, .F. ) ;
#4176 = DIRECTION ( 'NONE',  ( -0.000000000000000000, -0.000000000000000000, -1.000000000000000000 ) ) ;
#4177 = DIRECTION ( 'NONE',  ( -0.000000000000000000, -0.000000000000000000, 1.000000000000000000 ) ) ;
#4178 = CARTESIAN_POINT ( 'NONE',  ( -8.599999999999999645, 0.3250000000000060618, 3.525000000000004796 ) ) ;
#4179 = CARTESIAN_POINT ( 'NONE',  ( -6.099999999999999645, 0.3250000000000090039, 4.425000000000005151 ) ) ;
#4180 = ORIENTED_EDGE ( 'NONE', *, *, #139, .T. ) ;
#4181 = ORIENTED_EDGE ( 'NONE', *, *, #4408, .F. ) ;
#4182 = DIRECTION ( 'NONE',  ( 0.000000000000000000, -3.241282859766573260E-15, -1.000000000000000000 ) ) ;
#4183 = CARTESIAN_POINT ( 'NONE',  ( -10.24999999999999822, 1.625000000000004441, 3.125000000000000000 ) ) ;
#4184 = ORIENTED_EDGE ( 'NONE', *, *, #3471, .F. ) ;
#4185 = PLANE ( 'NONE',  #3841 ) ;
#4186 = CARTESIAN_POINT ( 'NONE',  ( -4.650000000000001243, -0.02499999999999328107, 3.800000000000006040 ) ) ;
#4187 = UNCERTAINTY_MEASURE_WITH_UNIT (LENGTH_MEASURE( 1.000000000000000082E-05 ), #447, 'distance_accuracy_value', 'NONE');
#4188 = ADVANCED_FACE ( 'NONE', ( #836 ), #5301, .F. ) ;
#4189 = SURFACE_SIDE_STYLE ('',( #5075 ) ) ;
#4190 = LINE ( 'NONE', #5104, #3512 ) ;
#4191 = VECTOR ( 'NONE', #4056, 1000.000000000000000 ) ;
#4192 = FACE_OUTER_BOUND ( 'NONE', #4761, .T. ) ;
#4193 = DIRECTION ( 'NONE',  ( 0.000000000000000000, 1.000000000000000000, -0.000000000000000000 ) ) ;
#4194 = SURFACE_SIDE_STYLE ('',( #2533 ) ) ;
#4195 = COLOUR_RGB ( '',0.9607843137254902244, 0.9607843137254902244, 0.9607843137254902244 ) ;
#4196 = MECHANICAL_DESIGN_GEOMETRIC_PRESENTATION_REPRESENTATION (  '', ( #239 ), #3241 ) ;
#4197 = ORIENTED_EDGE ( 'NONE', *, *, #4634, .T. ) ;
#4198 =( NAMED_UNIT ( * ) SI_UNIT ( $, .STERADIAN. ) SOLID_ANGLE_UNIT ( ) );
#4199 = ORIENTED_EDGE ( 'NONE', *, *, #622, .T. ) ;
#4200 = PLANE ( 'NONE',  #4085 ) ;
#4201 = AXIS2_PLACEMENT_3D ( 'NONE', #2957, #2110, #924 ) ;
#4202 = LINE ( 'NONE', #2102, #2328 ) ;
#4203 = CARTESIAN_POINT ( 'NONE',  ( -4.649999999999999467, -0.07499999999999552858, 4.425000000000004263 ) ) ;
#4204 = VECTOR ( 'NONE', #1058, 1000.000000000000000 ) ;
#4205 = ORIENTED_EDGE ( 'NONE', *, *, #3698, .F. ) ;
#4206 = PLANE ( 'NONE',  #4627 ) ;
#4207 = VERTEX_POINT ( 'NONE', #811 ) ;
#4208 = EDGE_CURVE ( 'NONE', #4430, #1659, #1602, .T. ) ;
#4209 = VECTOR ( 'NONE', #4620, 1000.000000000000000 ) ;
#4210 = LINE ( 'NONE', #2989, #931 ) ;
#4211 = CARTESIAN_POINT ( 'NONE',  ( -10.75000000000000000, 1.724999999999991873, -0.5250000000000006883 ) ) ;
#4212 = VERTEX_POINT ( 'NONE', #865 ) ;
#4213 = DIRECTION ( 'NONE',  ( 1.000000000000000000, 1.211351630499770987E-29, 3.469446951953614978E-15 ) ) ;
#4214 = AXIS2_PLACEMENT_3D ( 'NONE', #3445, #2631, #3042 ) ;
#4215 = DIRECTION ( 'NONE',  ( 0.000000000000000000, 1.000000000000000000, -0.000000000000000000 ) ) ;
#4216 = PRESENTATION_STYLE_ASSIGNMENT (( #957 ) ) ;
#4217 = ORIENTED_EDGE ( 'NONE', *, *, #906, .T. ) ;
#4218 = VECTOR ( 'NONE', #287, 1000.000000000000000 ) ;
#4219 = LINE ( 'NONE', #3400, #4089 ) ;
#4220 = LINE ( 'NONE', #2183, #3709 ) ;
#4221 = MECHANICAL_DESIGN_GEOMETRIC_PRESENTATION_REPRESENTATION (  '', ( #3528 ), #2762 ) ;
#4222 = ADVANCED_FACE ( 'NONE', ( #4584 ), #1654, .F. ) ;
#4223 = ORIENTED_EDGE ( 'NONE', *, *, #3540, .T. ) ;
#4224 = ORIENTED_EDGE ( 'NONE', *, *, #1298, .T. ) ;
#4225 =( NAMED_UNIT ( * ) PLANE_ANGLE_UNIT ( ) SI_UNIT ( $, .RADIAN. ) );
#4226 = PRODUCT_DEFINITION_FORMATION_WITH_SPECIFIED_SOURCE ( 'ANY', '', #1875, .NOT_KNOWN. ) ;
#4227 = AXIS2_PLACEMENT_3D ( 'NONE', #372, #2407, #4065 ) ;
#4228 = DIRECTION ( 'NONE',  ( 0.000000000000000000, 3.274642926612281180E-15, 1.000000000000000000 ) ) ;
#4229 = CARTESIAN_POINT ( 'NONE',  ( -2.149999999999999023, -0.1499999999999933054, 3.425000000000005151 ) ) ;
#4230 = DIRECTION ( 'NONE',  ( -1.000000000000000000, -0.000000000000000000, -0.000000000000000000 ) ) ;
#4231 = AXIS2_PLACEMENT_3D ( 'NONE', #3771, #894, #2010 ) ;
#4232 = VERTEX_POINT ( 'NONE', #3301 ) ;
#4233 = SURFACE_STYLE_FILL_AREA ( #4589 ) ;
#4234 = ORIENTED_EDGE ( 'NONE', *, *, #1837, .T. ) ;
#4235 = VECTOR ( 'NONE', #399, 1000.000000000000000 ) ;
#4236 = CARTESIAN_POINT ( 'NONE',  ( -10.75000000000000000, 0.3250000000000058398, 3.525000000000004796 ) ) ;
#4237 = LINE ( 'NONE', #4765, #5 ) ;
#4238 = ADVANCED_FACE ( 'NONE', ( #4152 ), #4124, .F. ) ;
#4239 = DIRECTION ( 'NONE',  ( -1.000000000000000000, 0.000000000000000000, 0.000000000000000000 ) ) ;
#4240 = ORIENTED_EDGE ( 'NONE', *, *, #1613, .F. ) ;
#4241 = PLANE ( 'NONE',  #2965 ) ;
#4242 = UNCERTAINTY_MEASURE_WITH_UNIT (LENGTH_MEASURE( 1.000000000000000082E-05 ), #1157, 'distance_accuracy_value', 'NONE');
#4243 = FILL_AREA_STYLE_COLOUR ( '', #5080 ) ;
#4244 =( NAMED_UNIT ( * ) SI_UNIT ( $, .STERADIAN. ) SOLID_ANGLE_UNIT ( ) );
#4245 = DIRECTION ( 'NONE',  ( -0.000000000000000000, 3.324683026880842862E-15, 1.000000000000000000 ) ) ;
#4246 = VERTEX_POINT ( 'NONE', #4529 ) ;
#4247 = DIRECTION ( 'NONE',  ( 1.000000000000000000, -0.000000000000000000, -0.000000000000000000 ) ) ;
#4248 = LINE ( 'NONE', #3903, #1376 ) ;
#4249 = LINE ( 'NONE', #1775, #1861 ) ;
#4250 = LINE ( 'NONE', #575, #3627 ) ;
#4251 = CARTESIAN_POINT ( 'NONE',  ( -3.600000000000000533, -0.1499999999999933054, 3.425000000000006040 ) ) ;
#4252 = VERTEX_POINT ( 'NONE', #3739 ) ;
#4253 = SURFACE_STYLE_USAGE ( .BOTH. , #3879 ) ;
#4254 = EDGE_CURVE ( 'NONE', #4055, #927, #4948, .T. ) ;
#4255 = CARTESIAN_POINT ( 'NONE',  ( -4.649999999999999467, 0.3250000000000066169, 3.575000000000004619 ) ) ;
#4256 = ORIENTED_EDGE ( 'NONE', *, *, #4165, .F. ) ;
#4257 = CARTESIAN_POINT ( 'NONE',  ( -3.399999999999999467, -0.1749999999999944933, 3.425000000000005151 ) ) ;
#4258 = VERTEX_POINT ( 'NONE', #3332 ) ;
#4259 = DIRECTION ( 'NONE',  ( -0.000000000000000000, -0.000000000000000000, -1.000000000000000000 ) ) ;
#4260 = EDGE_LOOP ( 'NONE', ( #2664, #4608, #1364, #2871, #1984, #3767, #2085, #2294, #4959, #5188, #5016, #1880, #131, #730, #974, #2772 ) ) ;
#4261 = STYLED_ITEM ( 'NONE', ( #2701 ), #128 ) ;
#4262 = EDGE_CURVE ( 'NONE', #4302, #2191, #1256, .T. ) ;
#4263 = FACE_OUTER_BOUND ( 'NONE', #1003, .T. ) ;
#4264 = CARTESIAN_POINT ( 'NONE',  ( -4.850000000000001421, 0.3250000000000033973, 2.775000000000004796 ) ) ;
#4265 = ORIENTED_EDGE ( 'NONE', *, *, #2202, .F. ) ;
#4266 = AXIS2_PLACEMENT_3D ( 'NONE', #2991, #4643, #3834 ) ;
#4267 = LINE ( 'NONE', #2523, #142 ) ;
#4268 = ADVANCED_FACE ( 'NONE', ( #893 ), #2082, .T. ) ;
#4269 = PRESENTATION_LAYER_ASSIGNMENT (  '', '', ( #225 ) ) ;
#4270 = DIRECTION ( 'NONE',  ( -1.000000000000000000, -9.463684613279350699E-31, -2.710505431213730517E-16 ) ) ;
#4271 = ORIENTED_EDGE ( 'NONE', *, *, #1283, .F. ) ;
#4272 = EDGE_CURVE ( 'NONE', #3069, #1237, #2951, .T. ) ;
#4273 = AXIS2_PLACEMENT_3D ( 'NONE', #422, #1962, #4937 ) ;
#4274 = FACE_OUTER_BOUND ( 'NONE', #877, .T. ) ;
#4275 = PLANE ( 'NONE',  #4494 ) ;
#4276 = VECTOR ( 'NONE', #508, 1000.000000000000000 ) ;
#4277 = EDGE_LOOP ( 'NONE', ( #3781, #4531, #2856, #795 ) ) ;
#4278 = CARTESIAN_POINT ( 'NONE',  ( -8.699999999999999289, -0.1750000000000067613, -0.1249999999999936023 ) ) ;
#4279 = DIRECTION ( 'NONE',  ( 0.000000000000000000, 0.000000000000000000, -1.000000000000000000 ) ) ;
#4280 =( GEOMETRIC_REPRESENTATION_CONTEXT ( 3 ) GLOBAL_UNCERTAINTY_ASSIGNED_CONTEXT ( ( #2608 ) ) GLOBAL_UNIT_ASSIGNED_CONTEXT ( ( #2610, #2206, #4244 ) ) REPRESENTATION_CONTEXT ( 'NONE', 'WORKASPACE' ) );
#4281 = LINE ( 'NONE', #1092, #2412 ) ;
#4282 = ORIENTED_EDGE ( 'NONE', *, *, #286, .T. ) ;
#4283 = VECTOR ( 'NONE', #5298, 1000.000000000000000 ) ;
#4284 =( NAMED_UNIT ( * ) SI_UNIT ( $, .STERADIAN. ) SOLID_ANGLE_UNIT ( ) );
#4285 = ORIENTED_EDGE ( 'NONE', *, *, #4822, .F. ) ;
#4286 = ADVANCED_FACE ( 'NONE', ( #2032 ), #12, .F. ) ;
#4287 = VECTOR ( 'NONE', #898, 1000.000000000000000 ) ;
#4288 = ORIENTED_EDGE ( 'NONE', *, *, #4074, .T. ) ;
#4289 =( GEOMETRIC_REPRESENTATION_CONTEXT ( 3 ) GLOBAL_UNCERTAINTY_ASSIGNED_CONTEXT ( ( #2555 ) ) GLOBAL_UNIT_ASSIGNED_CONTEXT ( ( #5224, #4443, #4470 ) ) REPRESENTATION_CONTEXT ( 'NONE', 'WORKASPACE' ) );
#4290 = CARTESIAN_POINT ( 'NONE',  ( -2.349999999999999645, 0.3250000000000090039, 4.425000000000004263 ) ) ;
#4291 = CARTESIAN_POINT ( 'NONE',  ( 0.000000000000000000, 3.874999999999999556, 1.574999999999993516 ) ) ;
#4292 = CIRCLE ( 'NONE', #4969, 0.07499999999999998335 ) ;
#4293 = VERTEX_POINT ( 'NONE', #3800 ) ;
#4294 = EDGE_CURVE ( 'NONE', #2433, #1249, #790, .T. ) ;
#4295 = ADVANCED_FACE ( 'NONE', ( #189 ), #580, .F. ) ;
#4296 = CARTESIAN_POINT ( 'NONE',  ( -8.400000000000000355, 0.3250000000000033418, 2.775000000000004796 ) ) ;
#4297 =( GEOMETRIC_REPRESENTATION_CONTEXT ( 3 ) GLOBAL_UNCERTAINTY_ASSIGNED_CONTEXT ( ( #5101 ) ) GLOBAL_UNIT_ASSIGNED_CONTEXT ( ( #4675, #2207, #2586 ) ) REPRESENTATION_CONTEXT ( 'NONE', 'WORKASPACE' ) );
#4298 = DIRECTION ( 'NONE',  ( 0.000000000000000000, -3.274642926612281180E-15, -1.000000000000000000 ) ) ;
#4299 = CARTESIAN_POINT ( 'NONE',  ( -1.499999999999999778, 3.874999999999999112, 1.575000000000002620 ) ) ;
#4300 = VECTOR ( 'NONE', #1661, 1000.000000000000000 ) ;
#4301 = ORIENTED_EDGE ( 'NONE', *, *, #753, .F. ) ;
#4302 = VERTEX_POINT ( 'NONE', #556 ) ;
#4303 = UNCERTAINTY_MEASURE_WITH_UNIT (LENGTH_MEASURE( 1.000000000000000082E-05 ), #3432, 'distance_accuracy_value', 'NONE');
#4304 = EDGE_LOOP ( 'NONE', ( #907, #4734, #968, #173 ) ) ;
#4305 = AXIS2_PLACEMENT_3D ( 'NONE', #2490, #5303, #4448 ) ;
#4306 = DIRECTION ( 'NONE',  ( 1.000000000000000000, 0.000000000000000000, 0.000000000000000000 ) ) ;
#4307 = CARTESIAN_POINT ( 'NONE',  ( -0.5000000000000000000, 1.625000000000004441, 3.124999999999999112 ) ) ;
#4308 = DIRECTION ( 'NONE',  ( 0.000000000000000000, 3.346923071444648273E-15, 1.000000000000000000 ) ) ;
#4309 = ADVANCED_FACE ( 'NONE', ( #4705 ), #2620, .F. ) ;
#4310 = VECTOR ( 'NONE', #1827, 1000.000000000000000 ) ;
#4311 =( LENGTH_UNIT ( ) NAMED_UNIT ( * ) SI_UNIT ( .MILLI., .METRE. ) );
#4312 = DIRECTION ( 'NONE',  ( 1.000000000000000000, 0.000000000000000000, 0.000000000000000000 ) ) ;
#4313 = VECTOR ( 'NONE', #1321, 1000.000000000000000 ) ;
#4314 = SURFACE_SIDE_STYLE ('',( #4341 ) ) ;
#4315 = ORIENTED_EDGE ( 'NONE', *, *, #1316, .T. ) ;
#4316 = FILL_AREA_STYLE ('',( #5115 ) ) ;
#4317 = VERTEX_POINT ( 'NONE', #3487 ) ;
#4318 = ORIENTED_EDGE ( 'NONE', *, *, #900, .T. ) ;
#4319 = SURFACE_SIDE_STYLE ('',( #276 ) ) ;
#4320 = AXIS2_PLACEMENT_3D ( 'NONE', #3850, #3437, #2704 ) ;
#4321 = FACE_OUTER_BOUND ( 'NONE', #2314, .T. ) ;
#4322 = ORIENTED_EDGE ( 'NONE', *, *, #3540, .F. ) ;
#4323 = CARTESIAN_POINT ( 'NONE',  ( -5.899999999999999467, 0.3250000000000061728, 3.575000000000004619 ) ) ;
#4324 = DIRECTION ( 'NONE',  ( 0.000000000000000000, 3.346923071444648273E-15, 1.000000000000000000 ) ) ;
#4325 = CIRCLE ( 'NONE', #727, 0.1499999999999999667 ) ;
#4326 = FILL_AREA_STYLE_COLOUR ( '', #4794 ) ;
#4327 = EDGE_CURVE ( 'NONE', #4232, #1132, #166, .T. ) ;
#4328 = LINE ( 'NONE', #3507, #1181 ) ;
#4329 = ORIENTED_EDGE ( 'NONE', *, *, #2710, .F. ) ;
#4330 = EDGE_LOOP ( 'NONE', ( #1780, #1388, #606, #3191 ) ) ;
#4331 = CARTESIAN_POINT ( 'NONE',  ( -4.649999999999999467, -0.07499999999999329425, 3.425000000000005151 ) ) ;
#4332 = CARTESIAN_POINT ( 'NONE',  ( -8.400000000000000355, 0.05000000000000674738, 3.800000000000006040 ) ) ;
#4333 = DIRECTION ( 'NONE',  ( -0.000000000000000000, 3.181711311827809596E-15, 1.000000000000000000 ) ) ;
#4334 = EDGE_CURVE ( 'NONE', #1812, #4981, #3460, .T. ) ;
#4335 = CARTESIAN_POINT ( 'NONE',  ( -10.44999999999999929, -0.3250000000000001776, 1.675000000000007816 ) ) ;
#4336 = PLANE ( 'NONE',  #4921 ) ;
#4337 = ORIENTED_EDGE ( 'NONE', *, *, #4024, .T. ) ;
#4338 = SURFACE_STYLE_FILL_AREA ( #604 ) ;
#4339 = PRESENTATION_STYLE_ASSIGNMENT (( #4253 ) ) ;
#4340 = EDGE_CURVE ( 'NONE', #2519, #5002, #5139, .T. ) ;
#4341 = SURFACE_STYLE_FILL_AREA ( #682 ) ;
#4342 = VERTEX_POINT ( 'NONE', #4731 ) ;
#4343 = VERTEX_POINT ( 'NONE', #2978 ) ;
#4344 = EDGE_LOOP ( 'NONE', ( #2318, #1456, #2375, #1482 ) ) ;
#4345 = PLANE ( 'NONE',  #1860 ) ;
#4346 = DIRECTION ( 'NONE',  ( -2.710505431213730517E-16, 3.274642926612281180E-15, 1.000000000000000000 ) ) ;
#4347 = ORIENTED_EDGE ( 'NONE', *, *, #2145, .F. ) ;
#4348 =( GEOMETRIC_REPRESENTATION_CONTEXT ( 3 ) GLOBAL_UNCERTAINTY_ASSIGNED_CONTEXT ( ( #2231 ) ) GLOBAL_UNIT_ASSIGNED_CONTEXT ( ( #4311, #1406, #5164 ) ) REPRESENTATION_CONTEXT ( 'NONE', 'WORKASPACE' ) );
#4349 = LINE ( 'NONE', #3944, #1082 ) ;
#4350 = CARTESIAN_POINT ( 'NONE',  ( -9.749999999999998224, 3.875000000000007105, 3.724999999999992095 ) ) ;
#4351 = VECTOR ( 'NONE', #2647, 1000.000000000000000 ) ;
#4352 = VERTEX_POINT ( 'NONE', #4633 ) ;
#4353 = VERTEX_POINT ( 'NONE', #944 ) ;
#4354 = EDGE_CURVE ( 'NONE', #4552, #1249, #2336, .T. ) ;
#4355 = CARTESIAN_POINT ( 'NONE',  ( -10.75000000000000000, 3.875000000000007105, 3.124999999999995115 ) ) ;
#4356 = UNCERTAINTY_MEASURE_WITH_UNIT (LENGTH_MEASURE( 1.000000000000000082E-05 ), #1783, 'distance_accuracy_value', 'NONE');
#4357 = VECTOR ( 'NONE', #979, 1000.000000000000000 ) ;
#4358 = LINE ( 'NONE', #5132, #5163 ) ;
#4359 = DIRECTION ( 'NONE',  ( 1.000000000000000000, 0.000000000000000000, 0.000000000000000000 ) ) ;
#4360 = CARTESIAN_POINT ( 'NONE',  ( -3.399999999999999467, -0.07499999999999552858, 3.350000000000005418 ) ) ;
#4361 = PRESENTATION_STYLE_ASSIGNMENT (( #519 ) ) ;
#4362 = EDGE_CURVE ( 'NONE', #34, #4497, #3517, .T. ) ;
#4363 =( NAMED_UNIT ( * ) SI_UNIT ( $, .STERADIAN. ) SOLID_ANGLE_UNIT ( ) );
#4364 = FACE_OUTER_BOUND ( 'NONE', #2940, .T. ) ;
#4365 = ORIENTED_EDGE ( 'NONE', *, *, #4883, .T. ) ;
#4366 = DIRECTION ( 'NONE',  ( 0.000000000000000000, 1.000000000000000000, -3.491483361109382461E-15 ) ) ;
#4367 = VECTOR ( 'NONE', #4509, 1000.000000000000000 ) ;
#4368 = ORIENTED_EDGE ( 'NONE', *, *, #4165, .T. ) ;
#4369 = DIRECTION ( 'NONE',  ( 0.000000000000000000, 1.000000000000000000, -3.491483361109382461E-15 ) ) ;
#4370 = ORIENTED_EDGE ( 'NONE', *, *, #3359, .T. ) ;
#4371 = VECTOR ( 'NONE', #2175, 1000.000000000000000 ) ;
#4372 = FACE_OUTER_BOUND ( 'NONE', #177, .T. ) ;
#4373 = CARTESIAN_POINT ( 'NONE',  ( -0.5000000000000000000, -0.3250000000000001776, 1.675000000000008482 ) ) ;
#4374 = PRESENTATION_LAYER_ASSIGNMENT (  '', '', ( #3159 ) ) ;
#4375 = AXIS2_PLACEMENT_3D ( 'NONE', #2658, #991, #172 ) ;
#4376 = VERTEX_POINT ( 'NONE', #1161 ) ;
#4377 = PLANE ( 'NONE',  #2280 ) ;
#4378 = EDGE_CURVE ( 'NONE', #3181, #4691, #2305, .T. ) ;
#4379 = LINE ( 'NONE', #695, #4538 ) ;
#4380 =( NAMED_UNIT ( * ) SI_UNIT ( $, .STERADIAN. ) SOLID_ANGLE_UNIT ( ) );
#4381 = EDGE_LOOP ( 'NONE', ( #4877, #4442, #1441, #1824 ) ) ;
#4382 = AXIS2_PLACEMENT_3D ( 'NONE', #1666, #1993, #1647 ) ;
#4383 = ORIENTED_EDGE ( 'NONE', *, *, #2372, .T. ) ;
#4384 = CARTESIAN_POINT ( 'NONE',  ( -5.899999999999998579, 0.3250000000000046740, 2.775000000000004796 ) ) ;
#4385 = CARTESIAN_POINT ( 'NONE',  ( -6.099999999999999645, -0.07499999999999434896, 2.775000000000005684 ) ) ;
#4386 = CARTESIAN_POINT ( 'NONE',  ( -2.349999999999999645, 0.1750000000000062061, 3.575000000000004619 ) ) ;
#4387 = VECTOR ( 'NONE', #4054, 1000.000000000000000 ) ;
#4388 = LINE ( 'NONE', #4779, #3859 ) ;
#4389 = DIRECTION ( 'NONE',  ( 0.000000000000000000, -1.000000000000000000, 3.324683026880842862E-15 ) ) ;
#4390 = AXIS2_PLACEMENT_3D ( 'NONE', #1656, #361, #4951 ) ;
#4391 = VERTEX_POINT ( 'NONE', #711 ) ;
#4392 = FILL_AREA_STYLE ('',( #5193 ) ) ;
#4393 = DIRECTION ( 'NONE',  ( 0.000000000000000000, 1.000000000000000000, -3.491483361109382461E-15 ) ) ;
#4394 = ORIENTED_EDGE ( 'NONE', *, *, #5140, .F. ) ;
#4395 = EDGE_CURVE ( 'NONE', #5091, #64, #3987, .T. ) ;
#4396 = DIRECTION ( 'NONE',  ( -1.000000000000000000, 4.275692708279659796E-31, 1.224606353822377258E-16 ) ) ;
#4397 = ORIENTED_EDGE ( 'NONE', *, *, #3603, .F. ) ;
#4398 = FILL_AREA_STYLE ('',( #2821 ) ) ;
#4399 = ORIENTED_EDGE ( 'NONE', *, *, #3359, .F. ) ;
#4400 = VECTOR ( 'NONE', #2353, 1000.000000000000000 ) ;
#4401 = SURFACE_STYLE_USAGE ( .BOTH. , #4319 ) ;
#4402 = EDGE_CURVE ( 'NONE', #1709, #1342, #291, .T. ) ;
#4403 = LINE ( 'NONE', #2746, #696 ) ;
#4404 = VERTEX_POINT ( 'NONE', #1892 ) ;
#4405 = SURFACE_STYLE_FILL_AREA ( #1449 ) ;
#4406 = SURFACE_STYLE_FILL_AREA ( #5204 ) ;
#4407 = VECTOR ( 'NONE', #1431, 1000.000000000000000 ) ;
#4408 = EDGE_CURVE ( 'NONE', #3466, #1481, #3200, .T. ) ;
#4409 = DIRECTION ( 'NONE',  ( 0.000000000000000000, -1.000000000000000000, 3.274642926612281180E-15 ) ) ;
#4410 = VERTEX_POINT ( 'NONE', #740 ) ;
#4411 = ORIENTED_EDGE ( 'NONE', *, *, #3877, .T. ) ;
#4412 = LINE ( 'NONE', #2352, #149 ) ;
#4413 = DIRECTION ( 'NONE',  ( -0.000000000000000000, 3.324683026880842862E-15, 1.000000000000000000 ) ) ;
#4414 = DIRECTION ( 'NONE',  ( 1.000000000000000000, 0.000000000000000000, 0.000000000000000000 ) ) ;
#4415 = LINE ( 'NONE', #3622, #3679 ) ;
#4416 = FACE_OUTER_BOUND ( 'NONE', #3479, .T. ) ;
#4417 = CARTESIAN_POINT ( 'NONE',  ( -5.899999999999998579, -0.02499999999999117511, 4.425000000000004263 ) ) ;
#4418 = CARTESIAN_POINT ( 'NONE',  ( -10.75000000000000000, 0.3250000000000058398, 3.525000000000004796 ) ) ;
#4419 = DIRECTION ( 'NONE',  ( -1.000000000000000000, 0.000000000000000000, 0.000000000000000000 ) ) ;
#4420 = ORIENTED_EDGE ( 'NONE', *, *, #2192, .T. ) ;
#4421 = EDGE_CURVE ( 'NONE', #5094, #5199, #354, .T. ) ;
#4422 = CARTESIAN_POINT ( 'NONE',  ( -9.250000000000000000, 1.274999999999999023, 1.575000000000002620 ) ) ;
#4423 = DIRECTION ( 'NONE',  ( -0.000000000000000000, -0.000000000000000000, -1.000000000000000000 ) ) ;
#4424 = LINE ( 'NONE', #4373, #1958 ) ;
#4425 = VERTEX_POINT ( 'NONE', #321 ) ;
#4426 = EDGE_CURVE ( 'NONE', #3921, #3304, #4757, .T. ) ;
#4427 = EDGE_CURVE ( 'NONE', #5096, #1994, #5165, .T. ) ;
#4428 = CARTESIAN_POINT ( 'NONE',  ( -8.599999999999999645, 0.3250000000000090039, 3.725000000000005418 ) ) ;
#4429 = DIRECTION ( 'NONE',  ( -0.000000000000000000, 3.181711311827809596E-15, 1.000000000000000000 ) ) ;
#4430 = VERTEX_POINT ( 'NONE', #1943 ) ;
#4431 = CARTESIAN_POINT ( 'NONE',  ( -0.5000000000000000000, 3.874999999999999556, 3.725000000000000533 ) ) ;
#4432 = CARTESIAN_POINT ( 'NONE',  ( -8.400000000000000355, -0.07499999999999329425, 3.425000000000006040 ) ) ;
#4433 = PRESENTATION_LAYER_ASSIGNMENT (  '', '', ( #2177 ) ) ;
#4434 = LINE ( 'NONE', #1912, #2034 ) ;
#4435 = CIRCLE ( 'NONE', #393, 0.1499999999999999667 ) ;
#4436 = EDGE_CURVE ( 'NONE', #4924, #4912, #1916, .T. ) ;
#4437 = SURFACE_STYLE_USAGE ( .BOTH. , #4492 ) ;
#4438 = SURFACE_STYLE_USAGE ( .BOTH. , #3929 ) ;
#4439 = LINE ( 'NONE', #2893, #4746 ) ;
#4440 = AXIS2_PLACEMENT_3D ( 'NONE', #2500, #2993, #3394 ) ;
#4441 = LINE ( 'NONE', #4418, #3878 ) ;
#4442 = ORIENTED_EDGE ( 'NONE', *, *, #3506, .F. ) ;
#4443 =( NAMED_UNIT ( * ) PLANE_ANGLE_UNIT ( ) SI_UNIT ( $, .RADIAN. ) );
#4444 = VERTEX_POINT ( 'NONE', #2703 ) ;
#4445 = DIRECTION ( 'NONE',  ( 0.000000000000000000, -3.491483361109382461E-15, -1.000000000000000000 ) ) ;
#4446 = MECHANICAL_DESIGN_GEOMETRIC_PRESENTATION_REPRESENTATION (  '', ( #3856 ), #2624 ) ;
#4447 = DIRECTION ( 'NONE',  ( 1.000000000000000000, -0.000000000000000000, -0.000000000000000000 ) ) ;
#4448 = DIRECTION ( 'NONE',  ( 0.000000000000000000, -3.274642926612281180E-15, -1.000000000000000000 ) ) ;
#4449 = ORIENTED_EDGE ( 'NONE', *, *, #805, .T. ) ;
#4450 =( GEOMETRIC_REPRESENTATION_CONTEXT ( 3 ) GLOBAL_UNCERTAINTY_ASSIGNED_CONTEXT ( ( #3811 ) ) GLOBAL_UNIT_ASSIGNED_CONTEXT ( ( #1794, #1319, #1295 ) ) REPRESENTATION_CONTEXT ( 'NONE', 'WORKASPACE' ) );
#4451 = CARTESIAN_POINT ( 'NONE',  ( -2.149999999999999911, 0.3250000000000061728, 3.575000000000004174 ) ) ;
#4452 = CARTESIAN_POINT ( 'NONE',  ( -4.850000000000001421, -0.02499999999999181349, 4.425000000000005151 ) ) ;
#4453 = VECTOR ( 'NONE', #2223, 1000.000000000000000 ) ;
#4454 = ADVANCED_FACE ( 'NONE', ( #5251 ), #3547, .F. ) ;
#4455 = EDGE_CURVE ( 'NONE', #4603, #2134, #3170, .T. ) ;
#4456 = ORIENTED_EDGE ( 'NONE', *, *, #4685, .T. ) ;
#4457 = CARTESIAN_POINT ( 'NONE',  ( -4.850000000000001421, 0.3250000000000034528, 4.425000000000004263 ) ) ;
#4458 = AXIS2_PLACEMENT_3D ( 'NONE', #4290, #1871, #613 ) ;
#4459 = FILL_AREA_STYLE ('',( #4107 ) ) ;
#4460 = FACE_OUTER_BOUND ( 'NONE', #3480, .T. ) ;
#4461 = SURFACE_STYLE_USAGE ( .BOTH. , #348 ) ;
#4462 = ADVANCED_FACE ( 'NONE', ( #859 ), #4576, .F. ) ;
#4463 = VECTOR ( 'NONE', #3741, 1000.000000000000000 ) ;
#4464 = ORIENTED_EDGE ( 'NONE', *, *, #2934, .T. ) ;
#4465 = AXIS2_PLACEMENT_3D ( 'NONE', #882, #4888, #3239 ) ;
#4466 = PLANE ( 'NONE',  #3199 ) ;
#4467 = CARTESIAN_POINT ( 'NONE',  ( 0.000000000000000000, 1.625000000000006661, 3.725000000000000089 ) ) ;
#4468 = ADVANCED_FACE ( 'NONE', ( #4922 ), #3708, .T. ) ;
#4469 = VECTOR ( 'NONE', #4741, 1000.000000000000000 ) ;
#4470 =( NAMED_UNIT ( * ) SI_UNIT ( $, .STERADIAN. ) SOLID_ANGLE_UNIT ( ) );
#4471 = ORIENTED_EDGE ( 'NONE', *, *, #5159, .T. ) ;
#4472 = DIRECTION ( 'NONE',  ( 0.000000000000000000, 0.000000000000000000, 1.000000000000000000 ) ) ;
#4473 = SURFACE_SIDE_STYLE ('',( #1147 ) ) ;
#4474 = STYLED_ITEM ( 'NONE', ( #2135 ), #3430 ) ;
#4475 = LINE ( 'NONE', #4125, #3412 ) ;
#4476 = PLANE ( 'NONE',  #701 ) ;
#4477 = VERTEX_POINT ( 'NONE', #4169 ) ;
#4478 = ORIENTED_EDGE ( 'NONE', *, *, #5263, .T. ) ;
#4479 = SURFACE_SIDE_STYLE ('',( #3213 ) ) ;
#4480 = VECTOR ( 'NONE', #1143, 1000.000000000000000 ) ;
#4481 = DIRECTION ( 'NONE',  ( -2.710505431213730517E-16, 3.274642926612281180E-15, 1.000000000000000000 ) ) ;
#4482 = DIRECTION ( 'NONE',  ( 0.000000000000000000, 1.000000000000000000, -0.000000000000000000 ) ) ;
#4483 = AXIS2_PLACEMENT_3D ( 'NONE', #969, #2160, #4228 ) ;
#4484 = LINE ( 'NONE', #2803, #4300 ) ;
#4485 = ORIENTED_EDGE ( 'NONE', *, *, #777, .T. ) ;
#4486 = LINE ( 'NONE', #450, #2804 ) ;
#4487 = VECTOR ( 'NONE', #4495, 1000.000000000000000 ) ;
#4488 = EDGE_CURVE ( 'NONE', #3001, #3735, #485, .T. ) ;
#4489 = CARTESIAN_POINT ( 'NONE',  ( -7.149999999999999467, -0.1749999999999939659, 3.575000000000006395 ) ) ;
#4490 = CARTESIAN_POINT ( 'NONE',  ( -7.349999999999999645, 0.3250000000000090039, 4.425000000000004263 ) ) ;
#4491 = FACE_OUTER_BOUND ( 'NONE', #3363, .T. ) ;
#4492 = SURFACE_SIDE_STYLE ('',( #352 ) ) ;
#4493 = EDGE_CURVE ( 'NONE', #1967, #34, #1995, .T. ) ;
#4494 = AXIS2_PLACEMENT_3D ( 'NONE', #3876, #1487, #4389 ) ;
#4495 = DIRECTION ( 'NONE',  ( 0.000000000000000000, 0.000000000000000000, 1.000000000000000000 ) ) ;
#4496 = DIRECTION ( 'NONE',  ( 0.000000000000000000, 0.000000000000000000, 1.000000000000000000 ) ) ;
#4497 = VERTEX_POINT ( 'NONE', #2075 ) ;
#4498 = EDGE_CURVE ( 'NONE', #3205, #259, #398, .T. ) ;
#4499 = CARTESIAN_POINT ( 'NONE',  ( -2.150000000000000799, 0.05000000000000674738, 3.800000000000005151 ) ) ;
#4500 = LINE ( 'NONE', #1631, #2724 ) ;
#4501 = SURFACE_SIDE_STYLE ('',( #3230 ) ) ;
#4502 = EDGE_LOOP ( 'NONE', ( #5254, #3283, #1180, #1581 ) ) ;
#4503 = CARTESIAN_POINT ( 'NONE',  ( -6.099999999999999645, 0.1750000000000067057, 3.725000000000004974 ) ) ;
#4504 = EDGE_LOOP ( 'NONE', ( #955, #5106, #349, #1533 ) ) ;
#4505 = EDGE_CURVE ( 'NONE', #5144, #2464, #4914, .T. ) ;
#4506 = DIRECTION ( 'NONE',  ( 1.000000000000000000, -8.451290445347238300E-31, -2.420544385083917231E-16 ) ) ;
#4507 =( LENGTH_UNIT ( ) NAMED_UNIT ( * ) SI_UNIT ( .MILLI., .METRE. ) );
#4508 = ORIENTED_EDGE ( 'NONE', *, *, #4601, .T. ) ;
#4509 = DIRECTION ( 'NONE',  ( 0.000000000000000000, -1.000000000000000000, -0.000000000000000000 ) ) ;
#4510 = UNCERTAINTY_MEASURE_WITH_UNIT (LENGTH_MEASURE( 1.000000000000000082E-05 ), #2450, 'distance_accuracy_value', 'NONE');
#4511 = LINE ( 'NONE', #391, #1284 ) ;
#4512 = CARTESIAN_POINT ( 'NONE',  ( -10.24999999999999822, 1.724999999999991873, 1.675000000000005818 ) ) ;
#4513 = CARTESIAN_POINT ( 'NONE',  ( -5.899999999999998579, -0.1749999999999939659, 3.575000000000005951 ) ) ;
#4514 = FILL_AREA_STYLE ('',( #317 ) ) ;
#4515 = EDGE_CURVE ( 'NONE', #1342, #4698, #3351, .T. ) ;
#4516 = ORIENTED_EDGE ( 'NONE', *, *, #2493, .F. ) ;
#4517 = PLANE ( 'NONE',  #2961 ) ;
#4518 = AXIS2_PLACEMENT_3D ( 'NONE', #4278, #1464, #1060 ) ;
#4519 = DIRECTION ( 'NONE',  ( 1.000000000000000000, 0.000000000000000000, 0.000000000000000000 ) ) ;
#4520 = LINE ( 'NONE', #3246, #4149 ) ;
#4521 = AXIS2_PLACEMENT_3D ( 'NONE', #4726, #1856, #1031 ) ;
#4522 = EDGE_CURVE ( 'NONE', #106, #1650, #2022, .T. ) ;
#4523 = ORIENTED_EDGE ( 'NONE', *, *, #4954, .F. ) ;
#4524 = ADVANCED_FACE ( 'NONE', ( #2867 ), #828, .F. ) ;
#4525 = EDGE_LOOP ( 'NONE', ( #163, #1948, #5079, #4271, #4850, #1189 ) ) ;
#4526 = FILL_AREA_STYLE_COLOUR ( '', #1159 ) ;
#4527 = ORIENTED_EDGE ( 'NONE', *, *, #240, .T. ) ;
#4528 = SURFACE_STYLE_USAGE ( .BOTH. , #4122 ) ;
#4529 = CARTESIAN_POINT ( 'NONE',  ( -1.024129194243450485E-32, 0.4750000000000064726, 3.725000000000004530 ) ) ;
#4530 = CARTESIAN_POINT ( 'NONE',  ( -7.350000000000000533, -0.07499999999999434896, 2.775000000000005684 ) ) ;
#4531 = ORIENTED_EDGE ( 'NONE', *, *, #4928, .T. ) ;
#4532 = FILL_AREA_STYLE_COLOUR ( '', #5310 ) ;
#4533 = VERTEX_POINT ( 'NONE', #1649 ) ;
#4534 = VECTOR ( 'NONE', #4496, 1000.000000000000000 ) ;
#4535 = DIRECTION ( 'NONE',  ( -0.000000000000000000, -1.000000000000000000, 0.000000000000000000 ) ) ;
#4536 = FILL_AREA_STYLE_COLOUR ( '', #9 ) ;
#4537 = EDGE_CURVE ( 'NONE', #3797, #4652, #2892, .T. ) ;
#4538 = VECTOR ( 'NONE', #1530, 1000.000000000000000 ) ;
#4539 = ORIENTED_EDGE ( 'NONE', *, *, #1668, .T. ) ;
#4540 = DIRECTION ( 'NONE',  ( -1.000000000000000000, -0.000000000000000000, -0.000000000000000000 ) ) ;
#4541 = LINE ( 'NONE', #2446, #3585 ) ;
#4542 = SURFACE_STYLE_USAGE ( .BOTH. , #3620 ) ;
#4543 = STYLED_ITEM ( 'NONE', ( #3804 ), #712 ) ;
#4544 = CARTESIAN_POINT ( 'NONE',  ( 0.000000000000000000, 3.875000000000007105, 3.724999999999992095 ) ) ;
#4545 = SURFACE_STYLE_FILL_AREA ( #4081 ) ;
#4546 = VECTOR ( 'NONE', #3807, 1000.000000000000000 ) ;
#4547 = COLOUR_RGB ( '',0.9607843137254902244, 0.9607843137254902244, 0.9607843137254902244 ) ;
#4548 = ORIENTED_EDGE ( 'NONE', *, *, #2182, .F. ) ;
#4549 =( NAMED_UNIT ( * ) PLANE_ANGLE_UNIT ( ) SI_UNIT ( $, .RADIAN. ) );
#4550 = ORIENTED_EDGE ( 'NONE', *, *, #3100, .F. ) ;
#4551 = COLOUR_RGB ( '',0.9607843137254902244, 0.9607843137254902244, 0.9607843137254902244 ) ;
#4552 = VERTEX_POINT ( 'NONE', #3455 ) ;
#4553 = DIRECTION ( 'NONE',  ( 1.000000000000000000, 1.355252715606885966E-16, 2.710505431213726079E-16 ) ) ;
#4554 = DIRECTION ( 'NONE',  ( -0.000000000000000000, 1.000000000000000000, 0.000000000000000000 ) ) ;
#4555 = EDGE_CURVE ( 'NONE', #1641, #5062, #4220, .T. ) ;
#4556 = SURFACE_STYLE_FILL_AREA ( #1258 ) ;
#4557 = DIRECTION ( 'NONE',  ( 0.000000000000000000, 0.000000000000000000, -1.000000000000000000 ) ) ;
#4558 =( GEOMETRIC_REPRESENTATION_CONTEXT ( 3 ) GLOBAL_UNCERTAINTY_ASSIGNED_CONTEXT ( ( #3046 ) ) GLOBAL_UNIT_ASSIGNED_CONTEXT ( ( #4507, #2396, #3725 ) ) REPRESENTATION_CONTEXT ( 'NONE', 'WORKASPACE' ) );
#4559 = VERTEX_POINT ( 'NONE', #1403 ) ;
#4560 =( NAMED_UNIT ( * ) PLANE_ANGLE_UNIT ( ) SI_UNIT ( $, .RADIAN. ) );
#4561 = VERTEX_POINT ( 'NONE', #2564 ) ;
#4562 = AXIS2_PLACEMENT_3D ( 'NONE', #685, #4366, #270 ) ;
#4563 = CARTESIAN_POINT ( 'NONE',  ( -8.599999999999999645, -0.3249999999999911848, 3.575000000000006839 ) ) ;
#4564 = DIRECTION ( 'NONE',  ( 1.000000000000000000, 0.000000000000000000, 0.000000000000000000 ) ) ;
#4565 = ORIENTED_EDGE ( 'NONE', *, *, #2983, .T. ) ;
#4566 = CARTESIAN_POINT ( 'NONE',  ( -7.349999999999999645, -0.1749999999999966027, 2.775000000000006573 ) ) ;
#4567 = DIRECTION ( 'NONE',  ( 0.000000000000000000, 4.033584447352134283E-15, 1.000000000000000000 ) ) ;
#4568 = EDGE_CURVE ( 'NONE', #4293, #1823, #4997, .T. ) ;
#4569 = VECTOR ( 'NONE', #981, 1000.000000000000000 ) ;
#4570 = CARTESIAN_POINT ( 'NONE',  ( -5.899999999999998579, -0.1749999999999966027, 2.775000000000006573 ) ) ;
#4571 = SURFACE_STYLE_USAGE ( .BOTH. , #394 ) ;
#4572 = VECTOR ( 'NONE', #6, 1000.000000000000000 ) ;
#4573 = ORIENTED_EDGE ( 'NONE', *, *, #1837, .F. ) ;
#4574 = UNCERTAINTY_MEASURE_WITH_UNIT (LENGTH_MEASURE( 1.000000000000000082E-05 ), #3221, 'distance_accuracy_value', 'NONE');
#4575 = DIRECTION ( 'NONE',  ( 0.000000000000000000, 0.000000000000000000, 1.000000000000000000 ) ) ;
#4576 = PLANE ( 'NONE',  #1204 ) ;
#4577 = AXIS2_PLACEMENT_3D ( 'NONE', #1508, #3082, #735 ) ;
#4578 = LINE ( 'NONE', #5025, #3543 ) ;
#4579 = VERTEX_POINT ( 'NONE', #2971 ) ;
#4580 = ORIENTED_EDGE ( 'NONE', *, *, #1227, .F. ) ;
#4581 = LINE ( 'NONE', #3796, #2889 ) ;
#4582 = EDGE_LOOP ( 'NONE', ( #3835, #3744, #2454, #1386, #489, #3713, #3452, #153, #688, #4456, #896, #2025, #3871 ) ) ;
#4583 = CARTESIAN_POINT ( 'NONE',  ( -3.600000000000000533, -0.3249999999999911848, 3.575000000000005951 ) ) ;
#4584 = FACE_OUTER_BOUND ( 'NONE', #4525, .T. ) ;
#4585 = DIRECTION ( 'NONE',  ( -1.000000000000000000, 8.451290445347238300E-31, 2.420544385083917231E-16 ) ) ;
#4586 = LINE ( 'NONE', #5059, #2397 ) ;
#4587 = EDGE_LOOP ( 'NONE', ( #856, #3508, #2692, #2063 ) ) ;
#4588 = EDGE_CURVE ( 'NONE', #2464, #4924, #4248, .T. ) ;
#4589 = FILL_AREA_STYLE ('',( #3745 ) ) ;
#4590 = ORIENTED_EDGE ( 'NONE', *, *, #324, .T. ) ;
#4591 = DIRECTION ( 'NONE',  ( 0.000000000000000000, -1.000000000000000000, 3.491483361109382461E-15 ) ) ;
#4592 = DIRECTION ( 'NONE',  ( 1.000000000000000000, 0.000000000000000000, 0.000000000000000000 ) ) ;
#4593 = VERTEX_POINT ( 'NONE', #961 ) ;
#4594 = CARTESIAN_POINT ( 'NONE',  ( -10.44999999999999929, 0.4249999999999943268, 0.1250000000000034694 ) ) ;
#4595 =( NAMED_UNIT ( * ) SI_UNIT ( $, .STERADIAN. ) SOLID_ANGLE_UNIT ( ) );
#4596 = CARTESIAN_POINT ( 'NONE',  ( -2.149999999999999023, 0.3250000000000090039, 4.425000000000004263 ) ) ;
#4597 = VERTEX_POINT ( 'NONE', #3845 ) ;
#4598 = CARTESIAN_POINT ( 'NONE',  ( -7.149999999999999467, -0.1749999999999944378, 3.425000000000006484 ) ) ;
#4599 = LINE ( 'NONE', #910, #2060 ) ;
#4600 = FILL_AREA_STYLE_COLOUR ( '', #3111 ) ;
#4601 = EDGE_CURVE ( 'NONE', #861, #2464, #549, .T. ) ;
#4602 = ORIENTED_EDGE ( 'NONE', *, *, #3793, .F. ) ;
#4603 = VERTEX_POINT ( 'NONE', #5134 ) ;
#4604 = DIRECTION ( 'NONE',  ( -0.000000000000000000, -0.000000000000000000, 1.000000000000000000 ) ) ;
#4605 = DIRECTION ( 'NONE',  ( 0.000000000000000000, 3.346923071444648273E-15, 1.000000000000000000 ) ) ;
#4606 = CARTESIAN_POINT ( 'NONE',  ( -2.149999999999999023, 0.3250000000000090039, 4.425000000000006040 ) ) ;
#4607 = VECTOR ( 'NONE', #2505, 1000.000000000000000 ) ;
#4608 = ORIENTED_EDGE ( 'NONE', *, *, #4327, .F. ) ;
#4609 = ORIENTED_EDGE ( 'NONE', *, *, #1382, .F. ) ;
#4610 = DIRECTION ( 'NONE',  ( 0.000000000000000000, 1.000000000000000000, -0.000000000000000000 ) ) ;
#4611 = LINE ( 'NONE', #925, #4646 ) ;
#4612 = SURFACE_SIDE_STYLE ('',( #3751 ) ) ;
#4613 = ORIENTED_EDGE ( 'NONE', *, *, #2592, .T. ) ;
#4614 = DIRECTION ( 'NONE',  ( 0.000000000000000000, -3.614688153437280656E-15, -1.000000000000000000 ) ) ;
#4615 = UNCERTAINTY_MEASURE_WITH_UNIT (LENGTH_MEASURE( 1.000000000000000082E-05 ), #948, 'distance_accuracy_value', 'NONE');
#4616 = SURFACE_SIDE_STYLE ('',( #3396 ) ) ;
#4617 = CARTESIAN_POINT ( 'NONE',  ( -8.599999999999999645, -0.1749999999999940214, 3.575000000000006395 ) ) ;
#4618 = EDGE_CURVE ( 'NONE', #4652, #4559, #4599, .T. ) ;
#4619 = ADVANCED_FACE ( 'NONE', ( #103 ), #2648, .T. ) ;
#4620 = DIRECTION ( 'NONE',  ( -1.000000000000000000, -2.710505431213777355E-16, 9.011571401424784806E-31 ) ) ;
#4621 = VECTOR ( 'NONE', #3186, 1000.000000000000000 ) ;
#4622 = VERTEX_POINT ( 'NONE', #573 ) ;
#4623 = STYLED_ITEM ( 'NONE', ( #670 ), #1770 ) ;
#4624 = LINE ( 'NONE', #2074, #1069 ) ;
#4625 = EDGE_CURVE ( 'NONE', #3571, #3881, #1325, .T. ) ;
#4626 = VECTOR ( 'NONE', #3233, 1000.000000000000000 ) ;
#4627 = AXIS2_PLACEMENT_3D ( 'NONE', #4762, #1897, #2313 ) ;
#4628 = ORIENTED_EDGE ( 'NONE', *, *, #2016, .T. ) ;
#4629 = PRESENTATION_STYLE_ASSIGNMENT (( #3714 ) ) ;
#4630 = VERTEX_POINT ( 'NONE', #937 ) ;
#4631 =( NAMED_UNIT ( * ) SI_UNIT ( $, .STERADIAN. ) SOLID_ANGLE_UNIT ( ) );
#4632 = VECTOR ( 'NONE', #2301, 1000.000000000000000 ) ;
#4633 = CARTESIAN_POINT ( 'NONE',  ( -3.399999999999999467, 0.1750000000000067057, 3.725000000000005862 ) ) ;
#4634 = EDGE_CURVE ( 'NONE', #3884, #3716, #3482, .T. ) ;
#4635 = FACE_OUTER_BOUND ( 'NONE', #2229, .T. ) ;
#4636 = AXIS2_PLACEMENT_3D ( 'NONE', #1026, #671, #4835 ) ;
#4637 = ORIENTED_EDGE ( 'NONE', *, *, #599, .T. ) ;
#4638 = FACE_OUTER_BOUND ( 'NONE', #3805, .T. ) ;
#4639 = VERTEX_POINT ( 'NONE', #1352 ) ;
#4640 = PRESENTATION_LAYER_ASSIGNMENT (  '', '', ( #5061 ) ) ;
#4641 = CARTESIAN_POINT ( 'NONE',  ( -4.850000000000001421, -0.3249999999999911848, 4.425000000000006928 ) ) ;
#4642 = CARTESIAN_POINT ( 'NONE',  ( -3.600000000000000533, 0.3250000000000090039, 4.425000000000004263 ) ) ;
#4643 = DIRECTION ( 'NONE',  ( 0.000000000000000000, 1.000000000000000000, -3.614688153437280656E-15 ) ) ;
#4644 = ORIENTED_EDGE ( 'NONE', *, *, #2308, .T. ) ;
#4645 = LINE ( 'NONE', #3837, #2799 ) ;
#4646 = VECTOR ( 'NONE', #2548, 1000.000000000000000 ) ;
#4647 = LINE ( 'NONE', #4186, #1676 ) ;
#4648 = CARTESIAN_POINT ( 'NONE',  ( -5.900000000000000355, -0.02499999999999328107, 3.800000000000006040 ) ) ;
#4649 = DIRECTION ( 'NONE',  ( -1.000000000000000000, 0.000000000000000000, 0.000000000000000000 ) ) ;
#4650 = VECTOR ( 'NONE', #717, 1000.000000000000000 ) ;
#4651 = DIRECTION ( 'NONE',  ( -0.000000000000000000, -0.000000000000000000, -1.000000000000000000 ) ) ;
#4652 = VERTEX_POINT ( 'NONE', #3004 ) ;
#4653 = EDGE_CURVE ( 'NONE', #4317, #4983, #2532, .T. ) ;
#4654 = VECTOR ( 'NONE', #2784, 1000.000000000000000 ) ;
#4655 = DIRECTION ( 'NONE',  ( 1.000000000000000000, 2.710505431213777355E-16, -8.624045791263589697E-31 ) ) ;
#4656 = SURFACE_SIDE_STYLE ('',( #3322 ) ) ;
#4657 = DIRECTION ( 'NONE',  ( 0.000000000000000000, 1.000000000000000000, -3.491483361109382461E-15 ) ) ;
#4658 = ORIENTED_EDGE ( 'NONE', *, *, #4493, .F. ) ;
#4659 = PLANE ( 'NONE',  #484 ) ;
#4660 = VECTOR ( 'NONE', #3429, 1000.000000000000000 ) ;
#4661 = DIRECTION ( 'NONE',  ( 1.000000000000000000, 0.000000000000000000, 0.000000000000000000 ) ) ;
#4662 = DIRECTION ( 'NONE',  ( 0.000000000000000000, 1.000000000000000000, -3.423720725329038039E-15 ) ) ;
#4663 = VECTOR ( 'NONE', #385, 1000.000000000000000 ) ;
#4664 = EDGE_LOOP ( 'NONE', ( #651, #4090, #2237, #2356, #1160, #4766, #4925, #3816, #3457, #205, #3707, #5282, #4234 ) ) ;
#4665 = FILL_AREA_STYLE ('',( #532 ) ) ;
#4666 = ORIENTED_EDGE ( 'NONE', *, *, #552, .F. ) ;
#4667 = VECTOR ( 'NONE', #322, 1000.000000000000000 ) ;
#4668 = CARTESIAN_POINT ( 'NONE',  ( -4.850000000000001421, 0.3250000000000090039, 4.425000000000004263 ) ) ;
#4669 = PLANE ( 'NONE',  #4214 ) ;
#4670 = ORIENTED_EDGE ( 'NONE', *, *, #4395, .F. ) ;
#4671 = DIRECTION ( 'NONE',  ( 0.000000000000000000, 0.000000000000000000, -1.000000000000000000 ) ) ;
#4672 = EDGE_CURVE ( 'NONE', #4497, #3960, #2243, .T. ) ;
#4673 = CARTESIAN_POINT ( 'NONE',  ( -8.400000000000000355, 0.1750000000000067057, 3.725000000000005862 ) ) ;
#4674 = CARTESIAN_POINT ( 'NONE',  ( -7.349999999999999645, -0.02499999999999356209, 3.800000000000006484 ) ) ;
#4675 =( LENGTH_UNIT ( ) NAMED_UNIT ( * ) SI_UNIT ( .MILLI., .METRE. ) );
#4676 = ORIENTED_EDGE ( 'NONE', *, *, #2037, .F. ) ;
#4677 = VERTEX_POINT ( 'NONE', #3511 ) ;
#4678 = DIRECTION ( 'NONE',  ( 0.000000000000000000, -3.614007241618349165E-15, -1.000000000000000000 ) ) ;
#4679 = CARTESIAN_POINT ( 'NONE',  ( -8.400000000000000355, -0.02499999999999117511, 4.425000000000005151 ) ) ;
#4680 =( NAMED_UNIT ( * ) SI_UNIT ( $, .STERADIAN. ) SOLID_ANGLE_UNIT ( ) );
#4681 = ADVANCED_FACE ( 'NONE', ( #2300 ), #3195, .T. ) ;
#4682 = DIRECTION ( 'NONE',  ( 0.000000000000000000, 0.000000000000000000, 1.000000000000000000 ) ) ;
#4683 =( LENGTH_UNIT ( ) NAMED_UNIT ( * ) SI_UNIT ( .MILLI., .METRE. ) );
#4684 = VERTEX_POINT ( 'NONE', #654 ) ;
#4685 = EDGE_CURVE ( 'NONE', #1756, #2438, #3027, .T. ) ;
#4686 = EDGE_CURVE ( 'NONE', #1377, #2393, #5190, .T. ) ;
#4687 = ORIENTED_EDGE ( 'NONE', *, *, #516, .T. ) ;
#4688 = EDGE_LOOP ( 'NONE', ( #3107, #79, #833, #4527 ) ) ;
#4689 = CARTESIAN_POINT ( 'NONE',  ( -0.9999999999999997780, 1.275000000000004352, 1.075000000000002620 ) ) ;
#4690 = CARTESIAN_POINT ( 'NONE',  ( -9.749999999999998224, 1.275000000000002798, 3.125000000000002665 ) ) ;
#4691 = VERTEX_POINT ( 'NONE', #234 ) ;
#4692 = FACE_OUTER_BOUND ( 'NONE', #5299, .T. ) ;
#4693 = CARTESIAN_POINT ( 'NONE',  ( -2.049999999999998934, 2.074999999999996625, 0.8749999999999978906 ) ) ;
#4694 = DIRECTION ( 'NONE',  ( 0.000000000000000000, -8.854317741964954981E-15, 1.000000000000000000 ) ) ;
#4695 = MECHANICAL_DESIGN_GEOMETRIC_PRESENTATION_REPRESENTATION (  '', ( #4774 ), #5211 ) ;
#4696 = ADVANCED_FACE ( 'NONE', ( #3621 ), #3953, .F. ) ;
#4697 = DIRECTION ( 'NONE',  ( 1.000000000000000000, -0.000000000000000000, 0.000000000000000000 ) ) ;
#4698 = VERTEX_POINT ( 'NONE', #1538 ) ;
#4699 = CARTESIAN_POINT ( 'NONE',  ( -10.24999999999999822, 3.224999999999999645, 1.774999999999994582 ) ) ;
#4700 = AXIS2_PLACEMENT_3D ( 'NONE', #2484, #2327, #3566 ) ;
#4701 = FILL_AREA_STYLE ('',( #2589 ) ) ;
#4702 = DIRECTION ( 'NONE',  ( 0.000000000000000000, -3.491483361109382461E-15, -1.000000000000000000 ) ) ;
#4703 = VECTOR ( 'NONE', #4215, 1000.000000000000000 ) ;
#4704 = LINE ( 'NONE', #631, #3387 ) ;
#4705 = FACE_OUTER_BOUND ( 'NONE', #2137, .T. ) ;
#4706 = VECTOR ( 'NONE', #5238, 1000.000000000000000 ) ;
#4707 = DIRECTION ( 'NONE',  ( -0.000000000000000000, 3.324683026880842862E-15, 1.000000000000000000 ) ) ;
#4708 = ORIENTED_EDGE ( 'NONE', *, *, #3341, .F. ) ;
#4709 =( GEOMETRIC_REPRESENTATION_CONTEXT ( 3 ) GLOBAL_UNCERTAINTY_ASSIGNED_CONTEXT ( ( #2665 ) ) GLOBAL_UNIT_ASSIGNED_CONTEXT ( ( #1815, #1389, #5198 ) ) REPRESENTATION_CONTEXT ( 'NONE', 'WORKASPACE' ) );
#4710 = ORIENTED_EDGE ( 'NONE', *, *, #4852, .F. ) ;
#4711 = DIRECTION ( 'NONE',  ( 1.000000000000000000, -0.000000000000000000, 0.000000000000000000 ) ) ;
#4712 = CIRCLE ( 'NONE', #70, 0.07499999999999998335 ) ;
#4713 = ORIENTED_EDGE ( 'NONE', *, *, #2776, .T. ) ;
#4714 = ADVANCED_FACE ( 'NONE', ( #2728 ), #1057, .F. ) ;
#4715 = DIRECTION ( 'NONE',  ( -1.000000000000000000, 0.000000000000000000, 0.000000000000000000 ) ) ;
#4716 = DIRECTION ( 'NONE',  ( -1.000000000000000000, -9.463684613279350699E-31, -2.710505431213730517E-16 ) ) ;
#4717 = ORIENTED_EDGE ( 'NONE', *, *, #2870, .F. ) ;
#4718 = FACE_OUTER_BOUND ( 'NONE', #2931, .T. ) ;
#4719 = CARTESIAN_POINT ( 'NONE',  ( -2.349999999999999645, 0.1750000000000067057, 3.725000000000004974 ) ) ;
#4720 = EDGE_CURVE ( 'NONE', #1812, #1409, #5245, .T. ) ;
#4721 = UNCERTAINTY_MEASURE_WITH_UNIT (LENGTH_MEASURE( 1.000000000000000082E-05 ), #1544, 'distance_accuracy_value', 'NONE');
#4722 = CARTESIAN_POINT ( 'NONE',  ( -9.250000000000000000, 1.274999999999999023, 1.575000000000000400 ) ) ;
#4723 = VECTOR ( 'NONE', #5149, 1000.000000000000000 ) ;
#4724 = ORIENTED_EDGE ( 'NONE', *, *, #1244, .F. ) ;
#4725 = ORIENTED_EDGE ( 'NONE', *, *, #4354, .T. ) ;
#4726 = CARTESIAN_POINT ( 'NONE',  ( -4.649999999999999467, 0.05000000000000674738, 3.800000000000005596 ) ) ;
#4727 = CARTESIAN_POINT ( 'NONE',  ( -2.049999999999998934, 3.874999999999993783, -0.1250000000000003886 ) ) ;
#4728 = CARTESIAN_POINT ( 'NONE',  ( -3.400000000000001243, 0.3250000000000066169, 3.725000000000004974 ) ) ;
#4729 = MECHANICAL_DESIGN_GEOMETRIC_PRESENTATION_REPRESENTATION (  '', ( #3012 ), #2919 ) ;
#4730 = CARTESIAN_POINT ( 'NONE',  ( -3.399999999999999467, 0.3250000000000060063, 3.525000000000004796 ) ) ;
#4731 = CARTESIAN_POINT ( 'NONE',  ( -5.899999999999998579, -0.1499999999999933054, 3.425000000000005596 ) ) ;
#4732 = MECHANICAL_DESIGN_GEOMETRIC_PRESENTATION_REPRESENTATION (  '', ( #3794 ), #1459 ) ;
#4733 = LINE ( 'NONE', #4786, #104 ) ;
#4734 = ORIENTED_EDGE ( 'NONE', *, *, #344, .T. ) ;
#4735 = PRESENTATION_STYLE_ASSIGNMENT (( #3989 ) ) ;
#4736 = EDGE_LOOP ( 'NONE', ( #4708, #3697, #908, #616 ) ) ;
#4737 = DIRECTION ( 'NONE',  ( -1.000000000000000000, 0.000000000000000000, 0.000000000000000000 ) ) ;
#4738 = ORIENTED_EDGE ( 'NONE', *, *, #2275, .T. ) ;
#4739 = DIRECTION ( 'NONE',  ( -1.000000000000000000, 0.000000000000000000, 0.000000000000000000 ) ) ;
#4740 = VECTOR ( 'NONE', #581, 1000.000000000000000 ) ;
#4741 = DIRECTION ( 'NONE',  ( -0.000000000000000000, -4.033584447352134283E-15, -1.000000000000000000 ) ) ;
#4742 = ADVANCED_FACE ( 'NONE', ( #5213 ), #5269, .T. ) ;
#4743 = ORIENTED_EDGE ( 'NONE', *, *, #3002, .T. ) ;
#4744 =( LENGTH_UNIT ( ) NAMED_UNIT ( * ) SI_UNIT ( .MILLI., .METRE. ) );
#4745 = DIRECTION ( 'NONE',  ( 2.710505431213777355E-16, -1.000000000000000000, 3.324683026880842862E-15 ) ) ;
#4746 = VECTOR ( 'NONE', #2125, 1000.000000000000000 ) ;
#4747 = PLANE ( 'NONE',  #2199 ) ;
#4748 = PRESENTATION_STYLE_ASSIGNMENT (( #1850 ) ) ;
#4749 = EDGE_CURVE ( 'NONE', #460, #1047, #1801, .T. ) ;
#4750 = ADVANCED_FACE ( 'NONE', ( #4755 ), #2354, .T. ) ;
#4751 = ORIENTED_EDGE ( 'NONE', *, *, #2662, .F. ) ;
#4752 = ORIENTED_EDGE ( 'NONE', *, *, #3325, .F. ) ;
#4753 = CARTESIAN_POINT ( 'NONE',  ( -10.75000000000000000, 1.625000000000006217, 3.725000000000000977 ) ) ;
#4754 = DIRECTION ( 'NONE',  ( 0.000000000000000000, -3.274642926612281180E-15, -1.000000000000000000 ) ) ;
#4755 = FACE_OUTER_BOUND ( 'NONE', #1816, .T. ) ;
#4756 = SURFACE_STYLE_FILL_AREA ( #1436 ) ;
#4757 = LINE ( 'NONE', #3628, #1120 ) ;
#4758 =( LENGTH_UNIT ( ) NAMED_UNIT ( * ) SI_UNIT ( .MILLI., .METRE. ) );
#4759 = ORIENTED_EDGE ( 'NONE', *, *, #1061, .F. ) ;
#4760 = ADVANCED_FACE ( 'NONE', ( #707 ), #2330, .T. ) ;
#4761 = EDGE_LOOP ( 'NONE', ( #3296, #4155, #4771, #1504 ) ) ;
#4762 = CARTESIAN_POINT ( 'NONE',  ( -0.5000000000000000000, 3.225000000000004974, 3.124999999999995115 ) ) ;
#4763 = ORIENTED_EDGE ( 'NONE', *, *, #2894, .T. ) ;
#4764 = DIRECTION ( 'NONE',  ( 1.000000000000000000, 0.000000000000000000, 0.000000000000000000 ) ) ;
#4765 = CARTESIAN_POINT ( 'NONE',  ( -6.099999999999999645, 0.1750000000000067057, 3.725000000000005418 ) ) ;
#4766 = ORIENTED_EDGE ( 'NONE', *, *, #2244, .F. ) ;
#4767 = DIRECTION ( 'NONE',  ( 0.000000000000000000, 1.000000000000000000, -3.346923071444648273E-15 ) ) ;
#4768 = UNCERTAINTY_MEASURE_WITH_UNIT (LENGTH_MEASURE( 1.000000000000000082E-05 ), #3314, 'distance_accuracy_value', 'NONE');
#4769 = FILL_AREA_STYLE ('',( #4326 ) ) ;
#4770 = DIRECTION ( 'NONE',  ( 0.000000000000000000, -3.274642926612281180E-15, -1.000000000000000000 ) ) ;
#4771 = ORIENTED_EDGE ( 'NONE', *, *, #5097, .T. ) ;
#4772 = ORIENTED_EDGE ( 'NONE', *, *, #308, .F. ) ;
#4773 = DIRECTION ( 'NONE',  ( 1.000000000000000000, -0.000000000000000000, 0.000000000000000000 ) ) ;
#4774 = STYLED_ITEM ( 'NONE', ( #645 ), #523 ) ;
#4775 = EDGE_CURVE ( 'NONE', #2732, #5186, #1461, .T. ) ;
#4776 = CARTESIAN_POINT ( 'NONE',  ( -5.899999999999998579, 0.3250000000000066169, 3.575000000000004619 ) ) ;
#4777 = EDGE_CURVE ( 'NONE', #2035, #761, #288, .T. ) ;
#4778 = DIRECTION ( 'NONE',  ( 0.000000000000000000, 3.274642926612281180E-15, 1.000000000000000000 ) ) ;
#4779 = CARTESIAN_POINT ( 'NONE',  ( -1.499999999999999778, 1.274999999999997247, 1.075000000000002620 ) ) ;
#4780 = CARTESIAN_POINT ( 'NONE',  ( 0.000000000000000000, 0.3250000000000052292, 3.525000000000004796 ) ) ;
#4781 = ORIENTED_EDGE ( 'NONE', *, *, #369, .T. ) ;
#4782 = VECTOR ( 'NONE', #5210, 1000.000000000000000 ) ;
#4783 = CARTESIAN_POINT ( 'NONE',  ( -10.75000000000000000, 3.874999999999997780, 1.774999999999992584 ) ) ;
#4784 = EDGE_CURVE ( 'NONE', #5002, #4252, #677, .T. ) ;
#4785 = CARTESIAN_POINT ( 'NONE',  ( -10.75000000000000000, -0.1749999999999966027, 2.775000000000006573 ) ) ;
#4786 = CARTESIAN_POINT ( 'NONE',  ( -4.650000000000001243, -0.02499999999999120634, 4.425000000000005151 ) ) ;
#4787 = ORIENTED_EDGE ( 'NONE', *, *, #1347, .F. ) ;
#4788 = SURFACE_STYLE_FILL_AREA ( #4316 ) ;
#4789 = COLOUR_RGB ( '',0.9607843137254902244, 0.9607843137254902244, 0.9607843137254902244 ) ;
#4790 = ORIENTED_EDGE ( 'NONE', *, *, #3563, .T. ) ;
#4791 = CARTESIAN_POINT ( 'NONE',  ( -8.400000000000000355, -0.02499999999999118205, 4.425000000000006928 ) ) ;
#4792 = ORIENTED_EDGE ( 'NONE', *, *, #972, .T. ) ;
#4793 = EDGE_CURVE ( 'NONE', #3521, #4855, #3162, .T. ) ;
#4794 = COLOUR_RGB ( '',0.9607843137254902244, 0.9607843137254902244, 0.9607843137254902244 ) ;
#4795 = AXIS2_PLACEMENT_3D ( 'NONE', #3494, #4737, #2685 ) ;
#4796 = CARTESIAN_POINT ( 'NONE',  ( -2.350000000000001421, -0.07499999999999329425, 3.425000000000004707 ) ) ;
#4797 = CARTESIAN_POINT ( 'NONE',  ( -3.399999999999999467, 0.1750000000000062061, 3.575000000000005063 ) ) ;
#4798 = VECTOR ( 'NONE', #4423, 1000.000000000000000 ) ;
#4799 = VECTOR ( 'NONE', #5312, 1000.000000000000000 ) ;
#4800 = ORIENTED_EDGE ( 'NONE', *, *, #5082, .F. ) ;
#4801 = DIRECTION ( 'NONE',  ( 0.000000000000000000, 3.346923071444648273E-15, 1.000000000000000000 ) ) ;
#4802 = CARTESIAN_POINT ( 'NONE',  ( -3.600000000000000977, 0.3250000000000060063, 3.525000000000004796 ) ) ;
#4803 =( NAMED_UNIT ( * ) PLANE_ANGLE_UNIT ( ) SI_UNIT ( $, .RADIAN. ) );
#4804 = LINE ( 'NONE', #3618, #3864 ) ;
#4805 = EDGE_LOOP ( 'NONE', ( #3175, #2896, #3273, #2210, #206, #3615, #3243, #3949 ) ) ;
#4806 = VECTOR ( 'NONE', #2611, 1000.000000000000000 ) ;
#4807 = VERTEX_POINT ( 'NONE', #4031 ) ;
#4808 = DIRECTION ( 'NONE',  ( 0.000000000000000000, 0.000000000000000000, 1.000000000000000000 ) ) ;
#4809 = CARTESIAN_POINT ( 'NONE',  ( -7.349999999999999645, 0.05000000000000647676, 3.725000000000005418 ) ) ;
#4810 = DIRECTION ( 'NONE',  ( -1.000000000000000000, -2.710505431213777355E-16, 9.011571401424784806E-31 ) ) ;
#4811 = COLOUR_RGB ( '',0.9607843137254902244, 0.9607843137254902244, 0.9607843137254902244 ) ;
#4812 = DIRECTION ( 'NONE',  ( -1.000000000000000000, 0.000000000000000000, 0.000000000000000000 ) ) ;
#4813 = SURFACE_STYLE_USAGE ( .BOTH. , #5216 ) ;
#4814 = ADVANCED_FACE ( 'NONE', ( #757 ), #2378, .T. ) ;
#4815 = COLOUR_RGB ( '',0.9607843137254902244, 0.9607843137254902244, 0.9607843137254902244 ) ;
#4816 = EDGE_LOOP ( 'NONE', ( #1932, #2253, #2725, #1126 ) ) ;
#4817 = DIRECTION ( 'NONE',  ( 0.000000000000000000, -1.000000000000000000, 3.491483361109382461E-15 ) ) ;
#4818 = CARTESIAN_POINT ( 'NONE',  ( -3.149999999999999023, 3.074999999999996625, 0.8749999999999942268 ) ) ;
#4819 = CARTESIAN_POINT ( 'NONE',  ( -4.850000000000001421, -0.02499999999999356209, 3.800000000000006040 ) ) ;
#4820 = DIRECTION ( 'NONE',  ( 0.000000000000000000, -3.491483361109382461E-15, -1.000000000000000000 ) ) ;
#4821 = MECHANICAL_DESIGN_GEOMETRIC_PRESENTATION_REPRESENTATION (  '', ( #3185 ), #1025 ) ;
#4822 = EDGE_CURVE ( 'NONE', #4552, #4983, #5090, .T. ) ;
#4823 = EDGE_CURVE ( 'NONE', #761, #4622, #1385, .T. ) ;
#4824 = ORIENTED_EDGE ( 'NONE', *, *, #4493, .T. ) ;
#4825 = CARTESIAN_POINT ( 'NONE',  ( -2.150000000000000799, -0.02499999999999328107, 3.800000000000005596 ) ) ;
#4826 = ORIENTED_EDGE ( 'NONE', *, *, #2831, .T. ) ;
#4827 = VECTOR ( 'NONE', #4901, 1000.000000000000000 ) ;
#4828 = PRESENTATION_STYLE_ASSIGNMENT (( #5257 ) ) ;
#4829 = SURFACE_STYLE_USAGE ( .BOTH. , #746 ) ;
#4830 = FACE_OUTER_BOUND ( 'NONE', #439, .T. ) ;
#4831 = STYLED_ITEM ( 'NONE', ( #157 ), #4619 ) ;
#4832 = EDGE_LOOP ( 'NONE', ( #2333, #1571, #5177, #4602 ) ) ;
#4833 = DIRECTION ( 'NONE',  ( 6.781698177820811488E-32, -1.000000000000000000, 3.241282859766573260E-15 ) ) ;
#4834 = LINE ( 'NONE', #726, #4621 ) ;
#4835 = DIRECTION ( 'NONE',  ( 0.000000000000000000, 1.000000000000000000, 0.000000000000000000 ) ) ;
#4836 = EDGE_CURVE ( 'NONE', #4630, #3521, #2596, .T. ) ;
#4837 = ORIENTED_EDGE ( 'NONE', *, *, #4977, .F. ) ;
#4838 = AXIS2_PLACEMENT_3D ( 'NONE', #2306, #3137, #4393 ) ;
#4839 = ORIENTED_EDGE ( 'NONE', *, *, #4672, .T. ) ;
#4840 = CARTESIAN_POINT ( 'NONE',  ( -10.24999999999999822, 3.875000000000007105, 3.724999999999993427 ) ) ;
#4841 = DIRECTION ( 'NONE',  ( 0.000000000000000000, -1.000000000000000000, 3.324683026880842862E-15 ) ) ;
#4842 = DIRECTION ( 'NONE',  ( -1.000000000000000000, -0.000000000000000000, -0.000000000000000000 ) ) ;
#4843 = CARTESIAN_POINT ( 'NONE',  ( -5.899999999999998579, 0.05000000000000674738, 3.800000000000005596 ) ) ;
#4844 = CARTESIAN_POINT ( 'NONE',  ( 0.000000000000000000, 0.000000000000000000, 0.000000000000000000 ) ) ;
#4845 = CARTESIAN_POINT ( 'NONE',  ( -8.400000000000000355, -0.1499999999999933054, 3.425000000000006484 ) ) ;
#4846 = DIRECTION ( 'NONE',  ( -1.000000000000000000, 0.000000000000000000, 0.000000000000000000 ) ) ;
#4847 = CARTESIAN_POINT ( 'NONE',  ( -3.399999999999999911, -0.02499999999999118205, 4.425000000000005151 ) ) ;
#4848 = EDGE_LOOP ( 'NONE', ( #3995, #4882, #3872, #3281 ) ) ;
#4849 = PRESENTATION_STYLE_ASSIGNMENT (( #3608 ) ) ;
#4850 = ORIENTED_EDGE ( 'NONE', *, *, #2851, .F. ) ;
#4851 = LINE ( 'NONE', #2363, #1541 ) ;
#4852 = EDGE_CURVE ( 'NONE', #171, #718, #135, .T. ) ;
#4853 = DIRECTION ( 'NONE',  ( 0.000000000000000000, -3.310782999028464529E-15, -1.000000000000000000 ) ) ;
#4854 = FACE_OUTER_BOUND ( 'NONE', #5241, .T. ) ;
#4855 = VERTEX_POINT ( 'NONE', #2928 ) ;
#4856 = CARTESIAN_POINT ( 'NONE',  ( -7.599999999999998757, 2.074999999999997069, 0.8749999999999977796 ) ) ;
#4857 = CARTESIAN_POINT ( 'NONE',  ( -5.900000000000000355, -0.02499999999999120634, 4.425000000000005151 ) ) ;
#4858 = ORIENTED_EDGE ( 'NONE', *, *, #4340, .T. ) ;
#4859 = AXIS2_PLACEMENT_3D ( 'NONE', #3011, #526, #2056 ) ;
#4860 = DIRECTION ( 'NONE',  ( 1.000000000000000000, 0.000000000000000000, 0.000000000000000000 ) ) ;
#4861 =( NAMED_UNIT ( * ) SI_UNIT ( $, .STERADIAN. ) SOLID_ANGLE_UNIT ( ) );
#4862 = EDGE_CURVE ( 'NONE', #2393, #2954, #3360, .T. ) ;
#4863 = COLOUR_RGB ( '',0.9607843137254902244, 0.9607843137254902244, 0.9607843137254902244 ) ;
#4864 = FACE_OUTER_BOUND ( 'NONE', #2141, .T. ) ;
#4865 =( LENGTH_UNIT ( ) NAMED_UNIT ( * ) SI_UNIT ( .MILLI., .METRE. ) );
#4866 = AXIS2_PLACEMENT_3D ( 'NONE', #5283, #1206, #3692 ) ;
#4867 = ORIENTED_EDGE ( 'NONE', *, *, #4123, .F. ) ;
#4868 =( NAMED_UNIT ( * ) SI_UNIT ( $, .STERADIAN. ) SOLID_ANGLE_UNIT ( ) );
#4869 = DIRECTION ( 'NONE',  ( 0.000000000000000000, 0.000000000000000000, -1.000000000000000000 ) ) ;
#4870 = DIRECTION ( 'NONE',  ( 0.000000000000000000, 0.000000000000000000, 1.000000000000000000 ) ) ;
#4871 = LINE ( 'NONE', #2769, #4906 ) ;
#4872 = LINE ( 'NONE', #5255, #511 ) ;
#4873 = VERTEX_POINT ( 'NONE', #4255 ) ;
#4874 = CARTESIAN_POINT ( 'NONE',  ( -7.149999999999999467, -0.1499999999999935274, 3.350000000000006750 ) ) ;
#4875 = DIRECTION ( 'NONE',  ( -1.000000000000000000, -0.000000000000000000, -0.000000000000000000 ) ) ;
#4876 = FACE_OUTER_BOUND ( 'NONE', #4848, .T. ) ;
#4877 = ORIENTED_EDGE ( 'NONE', *, *, #815, .T. ) ;
#4878 = EDGE_CURVE ( 'NONE', #5009, #3584, #2980, .T. ) ;
#4879 = EDGE_CURVE ( 'NONE', #4622, #2508, #2133, .T. ) ;
#4880 = DIRECTION ( 'NONE',  ( 1.000000000000000000, 1.355252715606877091E-16, -4.437968718934145511E-31 ) ) ;
#4881 = VECTOR ( 'NONE', #4075, 1000.000000000000000 ) ;
#4882 = ORIENTED_EDGE ( 'NONE', *, *, #3831, .T. ) ;
#4883 = EDGE_CURVE ( 'NONE', #3104, #4410, #5008, .T. ) ;
#4884 = DIRECTION ( 'NONE',  ( -0.000000000000000000, -0.000000000000000000, 1.000000000000000000 ) ) ;
#4885 = CIRCLE ( 'NONE', #2986, 0.1499999999999999667 ) ;
#4886 = CARTESIAN_POINT ( 'NONE',  ( -7.599999999999998757, 3.074999999999996625, 0.8749999999999960032 ) ) ;
#4887 = DIRECTION ( 'NONE',  ( 0.000000000000000000, -9.035018104045872913E-16, 1.000000000000000000 ) ) ;
#4888 = DIRECTION ( 'NONE',  ( 0.000000000000000000, -1.000000000000000000, 3.491483361109382461E-15 ) ) ;
#4889 = VECTOR ( 'NONE', #2677, 1000.000000000000000 ) ;
#4890 = ADVANCED_FACE ( 'NONE', ( #3826 ), #2103, .F. ) ;
#4891 = ORIENTED_EDGE ( 'NONE', *, *, #416, .F. ) ;
#4892 = PLANE ( 'NONE',  #1578 ) ;
#4893 = VECTOR ( 'NONE', #3103, 1000.000000000000000 ) ;
#4894 = FILL_AREA_STYLE ('',( #3293 ) ) ;
#4895 = CARTESIAN_POINT ( 'NONE',  ( -10.75000000000000000, 0.3250000000000059508, 3.525000000000004796 ) ) ;
#4896 = LINE ( 'NONE', #1193, #2049 ) ;
#4897 = CIRCLE ( 'NONE', #255, 0.07499999999999998335 ) ;
#4898 = ORIENTED_EDGE ( 'NONE', *, *, #1290, .F. ) ;
#4899 = DIRECTION ( 'NONE',  ( 0.000000000000000000, 0.000000000000000000, 1.000000000000000000 ) ) ;
#4900 = EDGE_LOOP ( 'NONE', ( #1334, #3947, #826, #3147 ) ) ;
#4901 = DIRECTION ( 'NONE',  ( -1.000000000000000000, -2.710505431213777355E-16, 8.624045791263589697E-31 ) ) ;
#4902 = VECTOR ( 'NONE', #3361, 1000.000000000000000 ) ;
#4903 = LINE ( 'NONE', #1202, #2303 ) ;
#4904 = CARTESIAN_POINT ( 'NONE',  ( -0.5000000000000000000, 0.4249999999999994893, 1.675000000000006262 ) ) ;
#4905 = ORIENTED_EDGE ( 'NONE', *, *, #2367, .F. ) ;
#4906 = VECTOR ( 'NONE', #763, 1000.000000000000000 ) ;
#4907 = CARTESIAN_POINT ( 'NONE',  ( 0.000000000000000000, 1.724999999999991651, -0.5250000000000001332 ) ) ;
#4908 = CARTESIAN_POINT ( 'NONE',  ( 0.000000000000000000, -0.1750000000000002942, 1.725000000000006084 ) ) ;
#4909 = ADVANCED_FACE ( 'NONE', ( #4076 ), #2952, .F. ) ;
#4910 = COLOUR_RGB ( '',0.9607843137254902244, 0.9607843137254902244, 0.9607843137254902244 ) ;
#4911 = DIRECTION ( 'NONE',  ( -1.000000000000000000, -0.000000000000000000, -0.000000000000000000 ) ) ;
#4912 = VERTEX_POINT ( 'NONE', #1333 ) ;
#4913 = DIRECTION ( 'NONE',  ( 0.000000000000000000, 1.000000000000000000, -0.000000000000000000 ) ) ;
#4914 = CIRCLE ( 'NONE', #2577, 0.07499999999999998335 ) ;
#4915 = DIRECTION ( 'NONE',  ( 0.000000000000000000, 1.000000000000000000, -3.491483361109382461E-15 ) ) ;
#4916 = CARTESIAN_POINT ( 'NONE',  ( 0.000000000000000000, 3.874999999999993339, -0.1250000000000079103 ) ) ;
#4917 = EDGE_CURVE ( 'NONE', #3977, #5184, #1728, .T. ) ;
#4918 = DIRECTION ( 'NONE',  ( 0.000000000000000000, 0.000000000000000000, 1.000000000000000000 ) ) ;
#4919 = VECTOR ( 'NONE', #3598, 1000.000000000000000 ) ;
#4920 = ORIENTED_EDGE ( 'NONE', *, *, #3202, .F. ) ;
#4921 = AXIS2_PLACEMENT_3D ( 'NONE', #3927, #5110, #3514 ) ;
#4922 = FACE_OUTER_BOUND ( 'NONE', #3737, .T. ) ;
#4923 = DIRECTION ( 'NONE',  ( -0.000000000000000000, -0.000000000000000000, 1.000000000000000000 ) ) ;
#4924 = VERTEX_POINT ( 'NONE', #2572 ) ;
#4925 = ORIENTED_EDGE ( 'NONE', *, *, #1704, .T. ) ;
#4926 = ORIENTED_EDGE ( 'NONE', *, *, #1452, .T. ) ;
#4927 = CARTESIAN_POINT ( 'NONE',  ( -7.149999999999999467, 0.3250000000000033418, 2.775000000000004796 ) ) ;
#4928 = EDGE_CURVE ( 'NONE', #18, #4342, #2162, .T. ) ;
#4929 = CARTESIAN_POINT ( 'NONE',  ( -3.600000000000000533, 0.3250000000000090039, 4.425000000000005151 ) ) ;
#4930 = CARTESIAN_POINT ( 'NONE',  ( -9.749999999999998224, 1.274999999999997247, 1.075000000000002620 ) ) ;
#4931 = ORIENTED_EDGE ( 'NONE', *, *, #3423, .F. ) ;
#4932 = DIRECTION ( 'NONE',  ( 0.000000000000000000, 0.000000000000000000, -1.000000000000000000 ) ) ;
#4933 = ORIENTED_EDGE ( 'NONE', *, *, #4402, .F. ) ;
#4934 = DIRECTION ( 'NONE',  ( 0.000000000000000000, 3.491483361109382461E-15, 1.000000000000000000 ) ) ;
#4935 = CARTESIAN_POINT ( 'NONE',  ( -10.75000000000000000, 0.3250000000000033418, 2.775000000000004796 ) ) ;
#4936 = ORIENTED_EDGE ( 'NONE', *, *, #2235, .T. ) ;
#4937 = DIRECTION ( 'NONE',  ( 0.000000000000000000, 0.000000000000000000, 1.000000000000000000 ) ) ;
#4938 =( NAMED_UNIT ( * ) SI_UNIT ( $, .STERADIAN. ) SOLID_ANGLE_UNIT ( ) );
#4939 = EDGE_CURVE ( 'NONE', #2956, #3693, #5093, .T. ) ;
#4940 = UNCERTAINTY_MEASURE_WITH_UNIT (LENGTH_MEASURE( 1.000000000000000082E-05 ), #4865, 'distance_accuracy_value', 'NONE');
#4941 = DIRECTION ( 'NONE',  ( -1.000000000000000000, -9.463684613279350699E-31, -2.710505431213730517E-16 ) ) ;
#4942 = CARTESIAN_POINT ( 'NONE',  ( -6.099999999999999645, -0.1749999999999944933, 3.425000000000006484 ) ) ;
#4943 = EDGE_LOOP ( 'NONE', ( #686, #4167, #4516, #1310 ) ) ;
#4944 = DIRECTION ( 'NONE',  ( 0.000000000000000000, 1.000000000000000000, -3.346923071444648273E-15 ) ) ;
#4945 = EDGE_CURVE ( 'NONE', #3571, #2483, #1917, .T. ) ;
#4946 = ORIENTED_EDGE ( 'NONE', *, *, #1088, .T. ) ;
#4947 = FILL_AREA_STYLE ('',( #1751 ) ) ;
#4948 = LINE ( 'NONE', #4927, #3706 ) ;
#4949 = AXIS2_PLACEMENT_3D ( 'NONE', #902, #5017, #4614 ) ;
#4950 = CARTESIAN_POINT ( 'NONE',  ( -7.349999999999999645, 0.3250000000000033973, 2.775000000000004796 ) ) ;
#4951 = DIRECTION ( 'NONE',  ( 0.000000000000000000, 3.491483361109382461E-15, 1.000000000000000000 ) ) ;
#4952 = ORIENTED_EDGE ( 'NONE', *, *, #2731, .T. ) ;
#4953 = DIRECTION ( 'NONE',  ( 0.000000000000000000, -3.324683026880842862E-15, -1.000000000000000000 ) ) ;
#4954 = EDGE_CURVE ( 'NONE', #382, #4477, #4281, .T. ) ;
#4955 = ORIENTED_EDGE ( 'NONE', *, *, #1194, .F. ) ;
#4956 = VECTOR ( 'NONE', #1155, 1000.000000000000000 ) ;
#4957 = CARTESIAN_POINT ( 'NONE',  ( -10.24999999999999822, 0.4249999999999941602, 0.1250000000000040246 ) ) ;
#4958 = DIRECTION ( 'NONE',  ( -1.000000000000000000, 0.000000000000000000, 0.000000000000000000 ) ) ;
#4959 = ORIENTED_EDGE ( 'NONE', *, *, #2662, .T. ) ;
#4960 = DIRECTION ( 'NONE',  ( 0.000000000000000000, 0.000000000000000000, -1.000000000000000000 ) ) ;
#4961 = CARTESIAN_POINT ( 'NONE',  ( -0.5000000000000000000, 1.724999999999994094, 0.1249999999999996808 ) ) ;
#4962 = DIRECTION ( 'NONE',  ( 0.000000000000000000, 3.491483361109382461E-15, 1.000000000000000000 ) ) ;
#4963 = AXIS2_PLACEMENT_3D ( 'NONE', #3305, #1707, #4953 ) ;
#4964 = DIRECTION ( 'NONE',  ( 0.000000000000000000, -3.491483361109382461E-15, -1.000000000000000000 ) ) ;
#4965 = AXIS2_PLACEMENT_3D ( 'NONE', #4668, #975, #175 ) ;
#4966 =( GEOMETRIC_REPRESENTATION_CONTEXT ( 3 ) GLOBAL_UNCERTAINTY_ASSIGNED_CONTEXT ( ( #3313 ) ) GLOBAL_UNIT_ASSIGNED_CONTEXT ( ( #1725, #3736, #4198 ) ) REPRESENTATION_CONTEXT ( 'NONE', 'WORKASPACE' ) );
#4967 = VERTEX_POINT ( 'NONE', #191 ) ;
#4968 = DIRECTION ( 'NONE',  ( -1.000000000000000000, -1.355252715606885966E-16, -2.710505431213726079E-16 ) ) ;
#4969 = AXIS2_PLACEMENT_3D ( 'NONE', #2379, #4812, #2761 ) ;
#4970 = PLANE ( 'NONE',  #3894 ) ;
#4971 = EDGE_CURVE ( 'NONE', #2956, #37, #2219, .T. ) ;
#4972 = VERTEX_POINT ( 'NONE', #2680 ) ;
#4973 = ORIENTED_EDGE ( 'NONE', *, *, #1088, .F. ) ;
#4974 = DIRECTION ( 'NONE',  ( 0.000000000000000000, -1.000000000000000000, -0.000000000000000000 ) ) ;
#4975 = ORIENTED_EDGE ( 'NONE', *, *, #2878, .F. ) ;
#4976 = CARTESIAN_POINT ( 'NONE',  ( -6.099999999999999645, 0.3250000000000090039, 4.425000000000004263 ) ) ;
#4977 = EDGE_CURVE ( 'NONE', #3960, #2910, #4733, .T. ) ;
#4978 = EDGE_CURVE ( 'NONE', #1293, #4343, #3117, .T. ) ;
#4979 = CYLINDRICAL_SURFACE ( 'NONE', #3178, 0.07499999999999998335 ) ;
#4980 = AXIS2_PLACEMENT_3D ( 'NONE', #2317, #278, #1900 ) ;
#4981 = VERTEX_POINT ( 'NONE', #3573 ) ;
#4982 = PRESENTATION_STYLE_ASSIGNMENT (( #2086 ) ) ;
#4983 = VERTEX_POINT ( 'NONE', #1893 ) ;
#4984 = VECTOR ( 'NONE', #2929, 1000.000000000000000 ) ;
#4985 = CARTESIAN_POINT ( 'NONE',  ( -0.3000000000000004885, 0.4249999999999943823, 0.1250000000000057454 ) ) ;
#4986 = LINE ( 'NONE', #4183, #3870 ) ;
#4987 = AXIS2_PLACEMENT_3D ( 'NONE', #260, #3109, #1910 ) ;
#4988 = SURFACE_STYLE_USAGE ( .BOTH. , #4612 ) ;
#4989 = EDGE_LOOP ( 'NONE', ( #1933, #1073, #4175, #4394 ) ) ;
#4990 = CARTESIAN_POINT ( 'NONE',  ( -3.600000000000000533, 0.3250000000000034528, 4.425000000000004263 ) ) ;
#4991 = UNCERTAINTY_MEASURE_WITH_UNIT (LENGTH_MEASURE( 1.000000000000000082E-05 ), #1727, 'distance_accuracy_value', 'NONE');
#4992 =( NAMED_UNIT ( * ) SI_UNIT ( $, .STERADIAN. ) SOLID_ANGLE_UNIT ( ) );
#4993 = VECTOR ( 'NONE', #1848, 1000.000000000000000 ) ;
#4994 = PLANE ( 'NONE',  #2813 ) ;
#4995 = EDGE_CURVE ( 'NONE', #1350, #5201, #5221, .T. ) ;
#4996 =( NAMED_UNIT ( * ) SI_UNIT ( $, .STERADIAN. ) SOLID_ANGLE_UNIT ( ) );
#4997 = CIRCLE ( 'NONE', #1798, 0.1499999999999999667 ) ;
#4998 = ORIENTED_EDGE ( 'NONE', *, *, #4945, .F. ) ;
#4999 = LINE ( 'NONE', #102, #2700 ) ;
#5000 = VECTOR ( 'NONE', #496, 1000.000000000000000 ) ;
#5001 = CARTESIAN_POINT ( 'NONE',  ( -4.649999999999999467, -0.1749999999999944933, 3.425000000000005151 ) ) ;
#5002 = VERTEX_POINT ( 'NONE', #1811 ) ;
#5003 = LINE ( 'NONE', #890, #1076 ) ;
#5004 = PRESENTATION_LAYER_ASSIGNMENT (  '', '', ( #1806 ) ) ;
#5005 = ORIENTED_EDGE ( 'NONE', *, *, #3839, .F. ) ;
#5006 = CYLINDRICAL_SURFACE ( 'NONE', #4859, 0.07499999999999998335 ) ;
#5007 = DIRECTION ( 'NONE',  ( -1.000000000000000000, -1.355252715606885966E-16, -2.710505431213726079E-16 ) ) ;
#5008 = LINE ( 'NONE', #4606, #3362 ) ;
#5009 = VERTEX_POINT ( 'NONE', #1408 ) ;
#5010 = FILL_AREA_STYLE_COLOUR ( '', #1263 ) ;
#5011 = ORIENTED_EDGE ( 'NONE', *, *, #4685, .F. ) ;
#5012 = EDGE_CURVE ( 'NONE', #4677, #2721, #3488, .T. ) ;
#5013 = EDGE_CURVE ( 'NONE', #1245, #146, #2672, .T. ) ;
#5014 = CARTESIAN_POINT ( 'NONE',  ( -3.600000000000000533, 0.1750000000000067057, 3.725000000000005418 ) ) ;
#5015 = CARTESIAN_POINT ( 'NONE',  ( -2.349999999999999645, -0.02499999999999356209, 3.800000000000005596 ) ) ;
#5016 = ORIENTED_EDGE ( 'NONE', *, *, #2048, .T. ) ;
#5017 = DIRECTION ( 'NONE',  ( 0.000000000000000000, -1.000000000000000000, 3.614688153437280656E-15 ) ) ;
#5018 = EDGE_CURVE ( 'NONE', #1499, #1672, #2654, .T. ) ;
#5019 = FILL_AREA_STYLE_COLOUR ( '', #1113 ) ;
#5020 = CARTESIAN_POINT ( 'NONE',  ( -8.599999999999999645, -0.3249999999999911848, 4.425000000000005151 ) ) ;
#5021 = EDGE_LOOP ( 'NONE', ( #1961, #2820, #1853, #2686 ) ) ;
#5022 = ADVANCED_FACE ( 'NONE', ( #4364 ), #5113, .T. ) ;
#5023 = DIRECTION ( 'NONE',  ( -1.000000000000000000, 0.000000000000000000, -0.000000000000000000 ) ) ;
#5024 = DIRECTION ( 'NONE',  ( -1.000000000000000000, -0.000000000000000000, -0.000000000000000000 ) ) ;
#5025 = CARTESIAN_POINT ( 'NONE',  ( -4.649999999999999467, -0.1749999999999966027, 2.775000000000006573 ) ) ;
#5026 = ORIENTED_EDGE ( 'NONE', *, *, #873, .F. ) ;
#5027 = PRESENTATION_LAYER_ASSIGNMENT (  '', '', ( #5288 ) ) ;
#5028 =( NAMED_UNIT ( * ) SI_UNIT ( $, .STERADIAN. ) SOLID_ANGLE_UNIT ( ) );
#5029 = ORIENTED_EDGE ( 'NONE', *, *, #449, .F. ) ;
#5030 = DIRECTION ( 'NONE',  ( 0.000000000000000000, 0.000000000000000000, -1.000000000000000000 ) ) ;
#5031 = CARTESIAN_POINT ( 'NONE',  ( 0.000000000000000000, 3.875000000000004885, 3.124999999999993339 ) ) ;
#5032 = VECTOR ( 'NONE', #5023, 1000.000000000000000 ) ;
#5033 = DIRECTION ( 'NONE',  ( 1.000000000000000000, 0.000000000000000000, 0.000000000000000000 ) ) ;
#5034 = VERTEX_POINT ( 'NONE', #1010 ) ;
#5035 = EDGE_LOOP ( 'NONE', ( #2350, #1457, #1015, #3469 ) ) ;
#5036 =( GEOMETRIC_REPRESENTATION_CONTEXT ( 3 ) GLOBAL_UNCERTAINTY_ASSIGNED_CONTEXT ( ( #423 ) ) GLOBAL_UNIT_ASSIGNED_CONTEXT ( ( #4744, #2690, #1395 ) ) REPRESENTATION_CONTEXT ( 'NONE', 'WORKASPACE' ) );
#5037 = CARTESIAN_POINT ( 'NONE',  ( -7.149999999999999467, -0.07499999999999329425, 3.425000000000006040 ) ) ;
#5038 = CARTESIAN_POINT ( 'NONE',  ( -5.899999999999998579, -0.07499999999999329425, 3.425000000000005596 ) ) ;
#5039 = ADVANCED_FACE ( 'NONE', ( #2250 ), #1062, .F. ) ;
#5040 = ORIENTED_EDGE ( 'NONE', *, *, #2997, .F. ) ;
#5041 = LINE ( 'NONE', #2941, #494 ) ;
#5042 = DIRECTION ( 'NONE',  ( 1.000000000000000000, -1.297876746964040080E-31, -3.717264591378872697E-17 ) ) ;
#5043 = DIRECTION ( 'NONE',  ( -1.000000000000000000, 0.000000000000000000, 0.000000000000000000 ) ) ;
#5044 = LINE ( 'NONE', #2641, #2907 ) ;
#5045 = VECTOR ( 'NONE', #2320, 1000.000000000000000 ) ;
#5046 = ORIENTED_EDGE ( 'NONE', *, *, #369, .F. ) ;
#5047 = PRODUCT_DEFINITION_CONTEXT ( 'detailed design', #2273, 'design' ) ;
#5048 = VECTOR ( 'NONE', #1877, 1000.000000000000000 ) ;
#5049 = CARTESIAN_POINT ( 'NONE',  ( -8.599999999999999645, 0.3250000000000033418, 2.775000000000005240 ) ) ;
#5050 = CARTESIAN_POINT ( 'NONE',  ( -3.399999999999999467, 0.3250000000000033418, 2.775000000000004796 ) ) ;
#5051 = FILL_AREA_STYLE ('',( #3402 ) ) ;
#5052 = EDGE_CURVE ( 'NONE', #3008, #3851, #7, .T. ) ;
#5053 = VECTOR ( 'NONE', #1366, 1000.000000000000000 ) ;
#5054 = VECTOR ( 'NONE', #3910, 1000.000000000000000 ) ;
#5055 = CARTESIAN_POINT ( 'NONE',  ( -4.649999999999999467, -0.1499999999999933054, 3.425000000000005151 ) ) ;
#5056 = ORIENTED_EDGE ( 'NONE', *, *, #353, .T. ) ;
#5057 = PRESENTATION_LAYER_ASSIGNMENT (  '', '', ( #1176 ) ) ;
#5058 = ORIENTED_EDGE ( 'NONE', *, *, #3596, .F. ) ;
#5059 = CARTESIAN_POINT ( 'NONE',  ( -4.850000000000001421, 0.3250000000000090039, 3.425000000000006040 ) ) ;
#5060 = ADVANCED_FACE ( 'NONE', ( #2792 ), #4466, .F. ) ;
#5061 = STYLED_ITEM ( 'NONE', ( #1243 ), #2598 ) ;
#5062 = VERTEX_POINT ( 'NONE', #2384 ) ;
#5063 =( NAMED_UNIT ( * ) SI_UNIT ( $, .STERADIAN. ) SOLID_ANGLE_UNIT ( ) );
#5064 = ORIENTED_EDGE ( 'NONE', *, *, #3034, .T. ) ;
#5065 = VECTOR ( 'NONE', #1712, 1000.000000000000000 ) ;
#5066 = PLANE ( 'NONE',  #2383 ) ;
#5067 = CARTESIAN_POINT ( 'NONE',  ( -10.24999999999999822, -0.1750000000000081213, -0.5249999999999918066 ) ) ;
#5068 = CARTESIAN_POINT ( 'NONE',  ( -10.24999999999999822, 1.724999999999991873, -0.5250000000000006883 ) ) ;
#5069 = ORIENTED_EDGE ( 'NONE', *, *, #147, .F. ) ;
#5070 = CARTESIAN_POINT ( 'NONE',  ( -2.349999999999999645, 0.1750000000000067057, 3.725000000000004530 ) ) ;
#5071 = VECTOR ( 'NONE', #3636, 1000.000000000000000 ) ;
#5072 = CARTESIAN_POINT ( 'NONE',  ( -6.099999999999999645, 0.3250000000000090039, 3.725000000000004974 ) ) ;
#5073 = EDGE_CURVE ( 'NONE', #3951, #2483, #4038, .T. ) ;
#5074 = FACE_OUTER_BOUND ( 'NONE', #2220, .T. ) ;
#5075 = SURFACE_STYLE_FILL_AREA ( #3397 ) ;
#5076 = VECTOR ( 'NONE', #5296, 1000.000000000000000 ) ;
#5077 = CARTESIAN_POINT ( 'NONE',  ( 0.000000000000000000, -0.1749999999999976297, 2.775000000000006573 ) ) ;
#5078 = VERTEX_POINT ( 'NONE', #1192 ) ;
#5079 = ORIENTED_EDGE ( 'NONE', *, *, #3497, .T. ) ;
#5080 = COLOUR_RGB ( '',0.9607843137254902244, 0.9607843137254902244, 0.9607843137254902244 ) ;
#5081 = LINE ( 'NONE', #3079, #3650 ) ;
#5082 = EDGE_CURVE ( 'NONE', #2483, #4137, #1624, .T. ) ;
#5083 = ADVANCED_FACE ( 'NONE', ( #2768 ), #2845, .F. ) ;
#5084 = CARTESIAN_POINT ( 'NONE',  ( -8.599999999999999645, -0.1749999999999940214, 3.575000000000006395 ) ) ;
#5085 = SURFACE_SIDE_STYLE ('',( #4556 ) ) ;
#5086 = DIRECTION ( 'NONE',  ( 0.000000000000000000, 1.000000000000000000, -0.000000000000000000 ) ) ;
#5087 = VECTOR ( 'NONE', #3047, 1000.000000000000000 ) ;
#5088 = DIRECTION ( 'NONE',  ( -0.000000000000000000, -1.000000000000000000, 3.274642926612281180E-15 ) ) ;
#5089 = COLOUR_RGB ( '',0.9607843137254902244, 0.9607843137254902244, 0.9607843137254902244 ) ;
#5090 = LINE ( 'NONE', #4178, #5175 ) ;
#5091 = VERTEX_POINT ( 'NONE', #5295 ) ;
#5092 = DIRECTION ( 'NONE',  ( -1.000000000000000000, -1.355252715606885966E-16, -2.710505431213726079E-16 ) ) ;
#5093 = CIRCLE ( 'NONE', #4320, 0.1499999999999999667 ) ;
#5094 = VERTEX_POINT ( 'NONE', #1547 ) ;
#5095 = DIRECTION ( 'NONE',  ( 0.000000000000000000, -3.491483361109382461E-15, -1.000000000000000000 ) ) ;
#5096 = VERTEX_POINT ( 'NONE', #741 ) ;
#5097 = EDGE_CURVE ( 'NONE', #2508, #2035, #4520, .T. ) ;
#5098 = DIRECTION ( 'NONE',  ( 1.000000000000000000, 1.355252715606877091E-16, -4.437968718934145511E-31 ) ) ;
#5099 = DIRECTION ( 'NONE',  ( 0.000000000000000000, 0.000000000000000000, -1.000000000000000000 ) ) ;
#5100 = ORIENTED_EDGE ( 'NONE', *, *, #3454, .F. ) ;
#5101 = UNCERTAINTY_MEASURE_WITH_UNIT (LENGTH_MEASURE( 1.000000000000000082E-05 ), #4675, 'distance_accuracy_value', 'NONE');
#5102 = DIRECTION ( 'NONE',  ( -0.000000000000000000, -1.000000000000000000, 3.491483361109382461E-15 ) ) ;
#5103 = CARTESIAN_POINT ( 'NONE',  ( -0.9999999999999997780, 1.274999999999997247, 1.075000000000002620 ) ) ;
#5104 = CARTESIAN_POINT ( 'NONE',  ( -10.75000000000000000, 0.3250000000000058398, 3.525000000000004796 ) ) ;
#5105 = ORIENTED_EDGE ( 'NONE', *, *, #2831, .F. ) ;
#5106 = ORIENTED_EDGE ( 'NONE', *, *, #3705, .F. ) ;
#5107 = ORIENTED_EDGE ( 'NONE', *, *, #2038, .F. ) ;
#5108 = LINE ( 'NONE', #3427, #664 ) ;
#5109 = CARTESIAN_POINT ( 'NONE',  ( -1.499999999999999778, 1.274999999999997247, 1.075000000000002620 ) ) ;
#5110 = DIRECTION ( 'NONE',  ( -0.000000000000000000, 3.491483361109382461E-15, 1.000000000000000000 ) ) ;
#5111 = EDGE_CURVE ( 'NONE', #927, #4967, #355, .T. ) ;
#5112 = CARTESIAN_POINT ( 'NONE',  ( -4.649999999999999467, -0.1749999999999939659, 3.575000000000005507 ) ) ;
#5113 = PLANE ( 'NONE',  #1296 ) ;
#5114 = ORIENTED_EDGE ( 'NONE', *, *, #2800, .F. ) ;
#5115 = FILL_AREA_STYLE_COLOUR ( '', #3007 ) ;
#5116 = ORIENTED_EDGE ( 'NONE', *, *, #4588, .T. ) ;
#5117 = LINE ( 'NONE', #1867, #3941 ) ;
#5118 = VERTEX_POINT ( 'NONE', #1516 ) ;
#5119 =( GEOMETRIC_REPRESENTATION_CONTEXT ( 3 ) GLOBAL_UNCERTAINTY_ASSIGNED_CONTEXT ( ( #4991 ) ) GLOBAL_UNIT_ASSIGNED_CONTEXT ( ( #1727, #1331, #4631 ) ) REPRESENTATION_CONTEXT ( 'NONE', 'WORKASPACE' ) );
#5120 = CARTESIAN_POINT ( 'NONE',  ( -8.599999999999999645, 0.1750000000000067057, 3.725000000000005862 ) ) ;
#5121 = DIRECTION ( 'NONE',  ( 1.000000000000000000, 0.000000000000000000, 0.000000000000000000 ) ) ;
#5122 = ORIENTED_EDGE ( 'NONE', *, *, #1540, .F. ) ;
#5123 =( GEOMETRIC_REPRESENTATION_CONTEXT ( 3 ) GLOBAL_UNCERTAINTY_ASSIGNED_CONTEXT ( ( #4510 ) ) GLOBAL_UNIT_ASSIGNED_CONTEXT ( ( #2450, #2479, #483 ) ) REPRESENTATION_CONTEXT ( 'NONE', 'WORKASPACE' ) );
#5124 = FACE_OUTER_BOUND ( 'NONE', #4805, .T. ) ;
#5125 = CYLINDRICAL_SURFACE ( 'NONE', #3063, 0.1499999999999999667 ) ;
#5126 = DIRECTION ( 'NONE',  ( 0.000000000000000000, 1.000000000000000000, -3.491483361109382461E-15 ) ) ;
#5127 = LINE ( 'NONE', #4428, #1681 ) ;
#5128 = MECHANICAL_DESIGN_GEOMETRIC_PRESENTATION_REPRESENTATION (  '', ( #225 ), #3228 ) ;
#5129 = FILL_AREA_STYLE_COLOUR ( '', #1691 ) ;
#5130 = ORIENTED_EDGE ( 'NONE', *, *, #805, .F. ) ;
#5131 = ORIENTED_EDGE ( 'NONE', *, *, #615, .T. ) ;
#5132 = CARTESIAN_POINT ( 'NONE',  ( -10.44999999999999929, 0.4249999999999943823, 0.1250000000000057454 ) ) ;
#5133 = CIRCLE ( 'NONE', #3059, 0.07499999999999998335 ) ;
#5134 = CARTESIAN_POINT ( 'NONE',  ( -3.149999999999999023, 2.074999999999996181, 0.8749999999999968914 ) ) ;
#5135 = LINE ( 'NONE', #1677, #4889 ) ;
#5136 = SURFACE_SIDE_STYLE ('',( #3545 ) ) ;
#5137 = VECTOR ( 'NONE', #3395, 1000.000000000000000 ) ;
#5138 = PLANE ( 'NONE',  #4518 ) ;
#5139 = LINE ( 'NONE', #3088, #25 ) ;
#5140 = EDGE_CURVE ( 'NONE', #2721, #4593, #1996, .T. ) ;
#5141 = STYLED_ITEM ( 'NONE', ( #982 ), #1645 ) ;
#5142 = ORIENTED_EDGE ( 'NONE', *, *, #4823, .F. ) ;
#5143 = CARTESIAN_POINT ( 'NONE',  ( -8.400000000000000355, -0.1749999999999944933, 3.425000000000006040 ) ) ;
#5144 = VERTEX_POINT ( 'NONE', #4819 ) ;
#5145 = VECTOR ( 'NONE', #5174, 1000.000000000000000 ) ;
#5146 = EDGE_LOOP ( 'NONE', ( #824, #1289, #1748, #784 ) ) ;
#5147 = EDGE_CURVE ( 'NONE', #1823, #3001, #3629, .T. ) ;
#5148 =( NAMED_UNIT ( * ) SI_UNIT ( $, .STERADIAN. ) SOLID_ANGLE_UNIT ( ) );
#5149 = DIRECTION ( 'NONE',  ( 0.000000000000000000, -1.000000000000000000, -0.000000000000000000 ) ) ;
#5150 =( GEOMETRIC_REPRESENTATION_CONTEXT ( 3 ) GLOBAL_UNCERTAINTY_ASSIGNED_CONTEXT ( ( #1372 ) ) GLOBAL_UNIT_ASSIGNED_CONTEXT ( ( #3926, #3302, #2213 ) ) REPRESENTATION_CONTEXT ( 'NONE', 'WORKASPACE' ) );
#5151 = EDGE_LOOP ( 'NONE', ( #819, #1323, #200, #2969 ) ) ;
#5152 = SURFACE_STYLE_USAGE ( .BOTH. , #2347 ) ;
#5153 = SURFACE_SIDE_STYLE ('',( #648 ) ) ;
#5154 = CYLINDRICAL_SURFACE ( 'NONE', #4636, 0.07499999999999998335 ) ;
#5155 = VECTOR ( 'NONE', #3023, 1000.000000000000000 ) ;
#5156 = ORIENTED_EDGE ( 'NONE', *, *, #1248, .F. ) ;
#5157 = ORIENTED_EDGE ( 'NONE', *, *, #440, .T. ) ;
#5158 = DIRECTION ( 'NONE',  ( -3.097720492815727659E-16, -0.000000000000000000, 1.000000000000000000 ) ) ;
#5159 = EDGE_CURVE ( 'NONE', #4873, #4912, #4325, .T. ) ;
#5160 = CARTESIAN_POINT ( 'NONE',  ( -7.349999999999999645, -0.3249999999999911848, 4.425000000000006928 ) ) ;
#5161 = DIRECTION ( 'NONE',  ( 0.000000000000000000, 3.491483361109382461E-15, 1.000000000000000000 ) ) ;
#5162 =( LENGTH_UNIT ( ) NAMED_UNIT ( * ) SI_UNIT ( .MILLI., .METRE. ) );
#5163 = VECTOR ( 'NONE', #3132, 1000.000000000000000 ) ;
#5164 =( NAMED_UNIT ( * ) SI_UNIT ( $, .STERADIAN. ) SOLID_ANGLE_UNIT ( ) );
#5165 = LINE ( 'NONE', #2277, #273 ) ;
#5166 =( GEOMETRIC_REPRESENTATION_CONTEXT ( 3 ) GLOBAL_UNCERTAINTY_ASSIGNED_CONTEXT ( ( #4574 ) ) GLOBAL_UNIT_ASSIGNED_CONTEXT ( ( #3221, #1222, #4012 ) ) REPRESENTATION_CONTEXT ( 'NONE', 'WORKASPACE' ) );
#5167 = VECTOR ( 'NONE', #647, 1000.000000000000000 ) ;
#5168 = ORIENTED_EDGE ( 'NONE', *, *, #1997, .F. ) ;
#5169 = ORIENTED_EDGE ( 'NONE', *, *, #4144, .F. ) ;
#5170 =( GEOMETRIC_REPRESENTATION_CONTEXT ( 3 ) GLOBAL_UNCERTAINTY_ASSIGNED_CONTEXT ( ( #101 ) ) GLOBAL_UNIT_ASSIGNED_CONTEXT ( ( #5162, #3113, #4680 ) ) REPRESENTATION_CONTEXT ( 'NONE', 'WORKASPACE' ) );
#5171 = FACE_OUTER_BOUND ( 'NONE', #1594, .T. ) ;
#5172 = VECTOR ( 'NONE', #1090, 1000.000000000000000 ) ;
#5173 = VERTEX_POINT ( 'NONE', #1121 ) ;
#5174 = DIRECTION ( 'NONE',  ( 0.000000000000000000, 0.000000000000000000, -1.000000000000000000 ) ) ;
#5175 = VECTOR ( 'NONE', #4661, 1000.000000000000000 ) ;
#5176 = DIRECTION ( 'NONE',  ( 0.000000000000000000, 0.000000000000000000, 1.000000000000000000 ) ) ;
#5177 = ORIENTED_EDGE ( 'NONE', *, *, #5012, .T. ) ;
#5178 = EDGE_CURVE ( 'NONE', #1868, #2239, #1720, .T. ) ;
#5179 = EDGE_CURVE ( 'NONE', #3092, #2438, #4439, .T. ) ;
#5180 = DIRECTION ( 'NONE',  ( 0.000000000000000000, 3.346923071444648273E-15, 1.000000000000000000 ) ) ;
#5181 = CARTESIAN_POINT ( 'NONE',  ( -3.600000000000000533, -0.1749999999999944933, 3.425000000000006040 ) ) ;
#5182 = STYLED_ITEM ( 'NONE', ( #1569 ), #5083 ) ;
#5183 = CARTESIAN_POINT ( 'NONE',  ( -3.399999999999999467, -0.1499999999999933054, 3.425000000000005151 ) ) ;
#5184 = VERTEX_POINT ( 'NONE', #2972 ) ;
#5185 = EDGE_CURVE ( 'NONE', #3578, #1145, #1982, .T. ) ;
#5186 = VERTEX_POINT ( 'NONE', #3820 ) ;
#5187 = DIRECTION ( 'NONE',  ( 0.000000000000000000, 3.423720725329038039E-15, 1.000000000000000000 ) ) ;
#5188 = ORIENTED_EDGE ( 'NONE', *, *, #5215, .F. ) ;
#5189 = CARTESIAN_POINT ( 'NONE',  ( -5.900000000000000355, 0.05000000000000652534, 3.725000000000005862 ) ) ;
#5190 = LINE ( 'NONE', #1886, #4919 ) ;
#5191 = DIRECTION ( 'NONE',  ( 0.000000000000000000, -3.241282859766573260E-15, -1.000000000000000000 ) ) ;
#5192 = EDGE_CURVE ( 'NONE', #4981, #2471, #4250, .T. ) ;
#5193 = FILL_AREA_STYLE_COLOUR ( '', #445 ) ;
#5194 = CARTESIAN_POINT ( 'NONE',  ( -6.099999999999999645, 0.3250000000000034528, 4.425000000000004263 ) ) ;
#5195 = EDGE_LOOP ( 'NONE', ( #1053, #3538, #1989, #5029 ) ) ;
#5196 = CARTESIAN_POINT ( 'NONE',  ( -2.049999999999998934, 3.074999999999997957, 1.274999999999994360 ) ) ;
#5197 = ORIENTED_EDGE ( 'NONE', *, *, #1605, .F. ) ;
#5198 =( NAMED_UNIT ( * ) SI_UNIT ( $, .STERADIAN. ) SOLID_ANGLE_UNIT ( ) );
#5199 = VERTEX_POINT ( 'NONE', #130 ) ;
#5200 = DIRECTION ( 'NONE',  ( 1.000000000000000000, 0.000000000000000000, 0.000000000000000000 ) ) ;
#5201 = VERTEX_POINT ( 'NONE', #4942 ) ;
#5202 = LINE ( 'NONE', #2634, #3484 ) ;
#5203 =( GEOMETRIC_REPRESENTATION_CONTEXT ( 3 ) GLOBAL_UNCERTAINTY_ASSIGNED_CONTEXT ( ( #2290 ) ) GLOBAL_UNIT_ASSIGNED_CONTEXT ( ( #2208, #4225, #1653 ) ) REPRESENTATION_CONTEXT ( 'NONE', 'WORKASPACE' ) );
#5204 = FILL_AREA_STYLE ('',( #2750 ) ) ;
#5205 = UNCERTAINTY_MEASURE_WITH_UNIT (LENGTH_MEASURE( 1.000000000000000082E-05 ), #3550, 'distance_accuracy_value', 'NONE');
#5206 = EDGE_CURVE ( 'NONE', #2707, #5009, #3006, .T. ) ;
#5207 = STYLED_ITEM ( 'NONE', ( #2470 ), #387 ) ;
#5208 = ORIENTED_EDGE ( 'NONE', *, *, #3730, .F. ) ;
#5209 = ORIENTED_EDGE ( 'NONE', *, *, #2215, .T. ) ;
#5210 = DIRECTION ( 'NONE',  ( -0.000000000000000000, -1.000000000000000000, 0.000000000000000000 ) ) ;
#5211 =( GEOMETRIC_REPRESENTATION_CONTEXT ( 3 ) GLOBAL_UNCERTAINTY_ASSIGNED_CONTEXT ( ( #1272 ) ) GLOBAL_UNIT_ASSIGNED_CONTEXT ( ( #3915, #201, #3045 ) ) REPRESENTATION_CONTEXT ( 'NONE', 'WORKASPACE' ) );
#5212 = DIRECTION ( 'NONE',  ( 0.000000000000000000, 0.000000000000000000, 1.000000000000000000 ) ) ;
#5213 = FACE_OUTER_BOUND ( 'NONE', #1503, .T. ) ;
#5214 = ADVANCED_FACE ( 'NONE', ( #105 ), #4970, .T. ) ;
#5215 = EDGE_CURVE ( 'NONE', #427, #1174, #3377, .T. ) ;
#5216 = SURFACE_SIDE_STYLE ('',( #4082 ) ) ;
#5217 = VECTOR ( 'NONE', #1949, 1000.000000000000000 ) ;
#5218 = ORIENTED_EDGE ( 'NONE', *, *, #1944, .T. ) ;
#5219 = FILL_AREA_STYLE ('',( #2334 ) ) ;
#5220 = EDGE_CURVE ( 'NONE', #5201, #18, #939, .T. ) ;
#5221 = LINE ( 'NONE', #3907, #3197 ) ;
#5222 = LINE ( 'NONE', #1439, #3696 ) ;
#5223 = VECTOR ( 'NONE', #1501, 1000.000000000000000 ) ;
#5224 =( LENGTH_UNIT ( ) NAMED_UNIT ( * ) SI_UNIT ( .MILLI., .METRE. ) );
#5225 = ORIENTED_EDGE ( 'NONE', *, *, #3490, .T. ) ;
#5226 = AXIS2_PLACEMENT_3D ( 'NONE', #4490, #2809, #802 ) ;
#5227 = PRESENTATION_LAYER_ASSIGNMENT (  '', '', ( #420 ) ) ;
#5228 = CARTESIAN_POINT ( 'NONE',  ( -3.399999999999999467, -0.1749999999999944378, 3.425000000000005596 ) ) ;
#5229 = EDGE_CURVE ( 'NONE', #33, #4597, #459, .T. ) ;
#5230 = CARTESIAN_POINT ( 'NONE',  ( -4.850000000000001421, -0.3249999999999911848, 4.425000000000004263 ) ) ;
#5231 = CARTESIAN_POINT ( 'NONE',  ( -10.75000000000000000, 0.3250000000000040079, 2.775000000000004796 ) ) ;
#5232 = VECTOR ( 'NONE', #3308, 1000.000000000000000 ) ;
#5233 = PRESENTATION_LAYER_ASSIGNMENT (  '', '', ( #1768 ) ) ;
#5234 = ORIENTED_EDGE ( 'NONE', *, *, #749, .F. ) ;
#5235 =( NAMED_UNIT ( * ) SI_UNIT ( $, .STERADIAN. ) SOLID_ANGLE_UNIT ( ) );
#5236 = CARTESIAN_POINT ( 'NONE',  ( -10.24999999999999822, 3.874999999999999556, 1.774999999999992584 ) ) ;
#5237 = CIRCLE ( 'NONE', #4034, 0.1499999999999999667 ) ;
#5238 = DIRECTION ( 'NONE',  ( 0.000000000000000000, 1.000000000000000000, -3.274642926612281180E-15 ) ) ;
#5239 = DIRECTION ( 'NONE',  ( 0.000000000000000000, -1.000000000000000000, -0.000000000000000000 ) ) ;
#5240 = ORIENTED_EDGE ( 'NONE', *, *, #1561, .F. ) ;
#5241 = EDGE_LOOP ( 'NONE', ( #141, #623, #3962, #2823, #3378, #2987 ) ) ;
#5242 = EDGE_CURVE ( 'NONE', #3069, #1951, #2076, .T. ) ;
#5243 = DIRECTION ( 'NONE',  ( -1.000000000000000000, -1.355252715606885966E-16, -2.710505431213726079E-16 ) ) ;
#5244 = CARTESIAN_POINT ( 'NONE',  ( -8.599999999999999645, -0.02499999999999117511, 4.425000000000006040 ) ) ;
#5245 = LINE ( 'NONE', #4004, #277 ) ;
#5246 = AXIS2_PLACEMENT_3D ( 'NONE', #1416, #4346, #2777 ) ;
#5247 = DIRECTION ( 'NONE',  ( -0.000000000000000000, 3.491483361109382461E-15, 1.000000000000000000 ) ) ;
#5248 = EDGE_CURVE ( 'NONE', #59, #1131, #1669, .T. ) ;
#5249 = MECHANICAL_DESIGN_GEOMETRIC_PRESENTATION_REPRESENTATION (  '', ( #4474 ), #2744 ) ;
#5250 = ORIENTED_EDGE ( 'NONE', *, *, #872, .F. ) ;
#5251 = FACE_OUTER_BOUND ( 'NONE', #702, .T. ) ;
#5252 = FILL_AREA_STYLE_COLOUR ( '', #2138 ) ;
#5253 = CARTESIAN_POINT ( 'NONE',  ( -7.349999999999999645, -0.3249999999999911848, 3.575000000000006839 ) ) ;
#5254 = ORIENTED_EDGE ( 'NONE', *, *, #930, .T. ) ;
#5255 = CARTESIAN_POINT ( 'NONE',  ( -2.149999999999999023, -0.07499999999999552858, 4.425000000000004263 ) ) ;
#5256 = ORIENTED_EDGE ( 'NONE', *, *, #977, .F. ) ;
#5257 = SURFACE_STYLE_USAGE ( .BOTH. , #4473 ) ;
#5258 = PLANE ( 'NONE',  #1097 ) ;
#5259 =( NAMED_UNIT ( * ) SI_UNIT ( $, .STERADIAN. ) SOLID_ANGLE_UNIT ( ) );
#5260 = VECTOR ( 'NONE', #1623, 1000.000000000000000 ) ;
#5261 = ORIENTED_EDGE ( 'NONE', *, *, #1220, .F. ) ;
#5262 = PLANE ( 'NONE',  #1428 ) ;
#5263 = EDGE_CURVE ( 'NONE', #761, #1293, #4578, .T. ) ;
#5264 = VECTOR ( 'NONE', #4810, 1000.000000000000000 ) ;
#5265 = CARTESIAN_POINT ( 'NONE',  ( -8.699999999999999289, 3.874999999999998224, -0.1249999999999936023 ) ) ;
#5266 = ORIENTED_EDGE ( 'NONE', *, *, #4132, .F. ) ;
#5267 = VECTOR ( 'NONE', #4308, 1000.000000000000000 ) ;
#5268 = DIRECTION ( 'NONE',  ( -1.000000000000000000, 0.000000000000000000, 0.000000000000000000 ) ) ;
#5269 = PLANE ( 'NONE',  #1125 ) ;
#5270 =( LENGTH_UNIT ( ) NAMED_UNIT ( * ) SI_UNIT ( .MILLI., .METRE. ) );
#5271 = VERTEX_POINT ( 'NONE', #5001 ) ;
#5272 = DIRECTION ( 'NONE',  ( 0.000000000000000000, -1.000000000000000000, -0.000000000000000000 ) ) ;
#5273 = DIRECTION ( 'NONE',  ( 1.000000000000000000, -0.000000000000000000, -0.000000000000000000 ) ) ;
#5274 = ADVANCED_FACE ( 'NONE', ( #1303 ), #2947, .F. ) ;
#5275 = EDGE_CURVE ( 'NONE', #1994, #3466, #3956, .T. ) ;
#5276 = LINE ( 'NONE', #4467, #953 ) ;
#5277 = ORIENTED_EDGE ( 'NONE', *, *, #1738, .F. ) ;
#5278 = PRESENTATION_STYLE_ASSIGNMENT (( #4829 ) ) ;
#5279 = EDGE_CURVE ( 'NONE', #1167, #3951, #264, .T. ) ;
#5280 = LINE ( 'NONE', #4904, #4046 ) ;
#5281 = ORIENTED_EDGE ( 'NONE', *, *, #1452, .F. ) ;
#5282 = ORIENTED_EDGE ( 'NONE', *, *, #76, .F. ) ;
#5283 = CARTESIAN_POINT ( 'NONE',  ( -2.349999999999999645, -0.1499999999999935274, 3.350000000000005418 ) ) ;
#5284 = PLANE ( 'NONE',  #1091 ) ;
#5285 = ADVANCED_FACE ( 'NONE', ( #2214 ), #4275, .T. ) ;
#5286 = LINE ( 'NONE', #4857, #4387 ) ;
#5287 = ORIENTED_EDGE ( 'NONE', *, *, #3143, .T. ) ;
#5288 = STYLED_ITEM ( 'NONE', ( #55 ), #85 ) ;
#5289 = DIRECTION ( 'NONE',  ( -1.000000000000000000, -0.000000000000000000, -0.000000000000000000 ) ) ;
#5290 = DIRECTION ( 'NONE',  ( -0.000000000000000000, -0.000000000000000000, -1.000000000000000000 ) ) ;
#5291 = DIRECTION ( 'NONE',  ( 2.710505431213777355E-16, -1.000000000000000000, 3.324683026880842862E-15 ) ) ;
#5292 = AXIS2_PLACEMENT_3D ( 'NONE', #5068, #4239, #564 ) ;
#5293 = VERTEX_POINT ( 'NONE', #4780 ) ;
#5294 = PLANE ( 'NONE',  #1324 ) ;
#5295 = CARTESIAN_POINT ( 'NONE',  ( -8.599999999999999645, -0.1499999999999933054, 3.425000000000006928 ) ) ;
#5296 = DIRECTION ( 'NONE',  ( -0.000000000000000000, 1.000000000000000000, 0.000000000000000000 ) ) ;
#5297 = ORIENTED_EDGE ( 'NONE', *, *, #4074, .F. ) ;
#5298 = DIRECTION ( 'NONE',  ( 0.000000000000000000, -1.000000000000000000, -0.000000000000000000 ) ) ;
#5299 = EDGE_LOOP ( 'NONE', ( #269, #1901, #2933, #3267 ) ) ;
#5300 = ADVANCED_FACE ( 'NONE', ( #212, #2247 ), #4336, .F. ) ;
#5301 = CYLINDRICAL_SURFACE ( 'NONE', #4053, 0.07499999999999998335 ) ;
#5302 = PRESENTATION_LAYER_ASSIGNMENT (  '', '', ( #1002 ) ) ;
#5303 = DIRECTION ( 'NONE',  ( 0.000000000000000000, -1.000000000000000000, 3.274642926612281180E-15 ) ) ;
#5304 = ORIENTED_EDGE ( 'NONE', *, *, #4045, .F. ) ;
#5305 = FILL_AREA_STYLE ('',( #3183 ) ) ;
#5306 = CARTESIAN_POINT ( 'NONE',  ( -0.3000000000000004885, 0.4249999999999994893, 0.1250000000000057454 ) ) ;
#5307 = FILL_AREA_STYLE_COLOUR ( '', #2335 ) ;
#5308 = DIRECTION ( 'NONE',  ( 0.000000000000000000, -1.000000000000000000, 3.423720725329038039E-15 ) ) ;
#5309 = VECTOR ( 'NONE', #1923, 1000.000000000000000 ) ;
#5310 = COLOUR_RGB ( '',0.9607843137254902244, 0.9607843137254902244, 0.9607843137254902244 ) ;
#5311 = ORIENTED_EDGE ( 'NONE', *, *, #61, .F. ) ;
#5312 = DIRECTION ( 'NONE',  ( -0.000000000000000000, 1.000000000000000000, 0.000000000000000000 ) ) ;
#5313 =( NAMED_UNIT ( * ) PLANE_ANGLE_UNIT ( ) SI_UNIT ( $, .RADIAN. ) );
#5314 = DIRECTION ( 'NONE',  ( -1.000000000000000000, -1.355252715606885966E-16, -2.710505431213726079E-16 ) ) ;
ENDSEC;
END-ISO-10303-21;
