ISO-10303-21;
HEADER;
FILE_DESCRIPTION((''),'2;1');
FILE_NAME('QFN_ASM','2018-05-21T14:21:33',('a0412086'),(''),
'CREO PARAMETRIC BY PTC INC, 2017260','CREO PARAMETRIC BY PTC INC, 2017260','');
FILE_SCHEMA(('AUTOMOTIVE_DESIGN { 1 0 10303 214 1 1 1 1 }'));
ENDSEC;
DATA;
#28=DIRECTION('',(0.E0,0.E0,-1.E0));
#29=VECTOR('',#28,2.4E-1);
#30=CARTESIAN_POINT('',(-1.75E0,0.E0,-2.88E0));
#31=LINE('',#30,#29);
#32=DRAUGHTING_PRE_DEFINED_CURVE_FONT('continuous');
#33=CURVE_STYLE('',#32,POSITIVE_LENGTH_MEASURE(2.E-2),#19);
#34=PRESENTATION_STYLE_ASSIGNMENT((#33));
#35=STYLED_ITEM('',(#34),#31);
#36=DIRECTION('',(1.E0,0.E0,0.E0));
#37=VECTOR('',#36,2.81E-1);
#38=CARTESIAN_POINT('',(-1.75E0,0.E0,-2.88E0));
#39=LINE('',#38,#37);
#40=CURVE_STYLE('',#32,POSITIVE_LENGTH_MEASURE(2.E-2),#19);
#41=PRESENTATION_STYLE_ASSIGNMENT((#40));
#42=STYLED_ITEM('',(#41),#39);
#43=CARTESIAN_POINT('',(-1.469E0,0.E0,-2.999E0));
#44=DIRECTION('',(0.E0,1.E0,0.E0));
#45=DIRECTION('',(0.E0,0.E0,1.E0));
#46=AXIS2_PLACEMENT_3D('',#43,#44,#45);
#48=CURVE_STYLE('',#32,POSITIVE_LENGTH_MEASURE(2.E-2),#19);
#49=PRESENTATION_STYLE_ASSIGNMENT((#48));
#50=STYLED_ITEM('',(#49),#47);
#51=DIRECTION('',(0.E0,0.E0,-1.E0));
#52=VECTOR('',#51,2.000000000001E-3);
#53=CARTESIAN_POINT('',(-1.35E0,0.E0,-2.999E0));
#54=LINE('',#53,#52);
#55=CURVE_STYLE('',#32,POSITIVE_LENGTH_MEASURE(2.E-2),#19);
#56=PRESENTATION_STYLE_ASSIGNMENT((#55));
#57=STYLED_ITEM('',(#56),#54);
#58=CARTESIAN_POINT('',(-1.469E0,0.E0,-3.001E0));
#59=DIRECTION('',(0.E0,1.E0,0.E0));
#60=DIRECTION('',(1.E0,0.E0,0.E0));
#61=AXIS2_PLACEMENT_3D('',#58,#59,#60);
#63=CURVE_STYLE('',#32,POSITIVE_LENGTH_MEASURE(2.E-2),#19);
#64=PRESENTATION_STYLE_ASSIGNMENT((#63));
#65=STYLED_ITEM('',(#64),#62);
#66=DIRECTION('',(-1.E0,0.E0,0.E0));
#67=VECTOR('',#66,2.81E-1);
#68=CARTESIAN_POINT('',(-1.469E0,0.E0,-3.12E0));
#69=LINE('',#68,#67);
#70=CURVE_STYLE('',#32,POSITIVE_LENGTH_MEASURE(2.E-2),#19);
#71=PRESENTATION_STYLE_ASSIGNMENT((#70));
#72=STYLED_ITEM('',(#71),#69);
#73=DIRECTION('',(0.E0,1.E0,0.E0));
#74=VECTOR('',#73,2.E-1);
#75=CARTESIAN_POINT('',(-1.75E0,0.E0,-3.12E0));
#76=LINE('',#75,#74);
#77=CURVE_STYLE('',#32,POSITIVE_LENGTH_MEASURE(2.E-2),#19);
#78=PRESENTATION_STYLE_ASSIGNMENT((#77));
#79=STYLED_ITEM('',(#78),#76);
#80=DIRECTION('',(0.E0,1.E0,0.E0));
#81=VECTOR('',#80,2.E-1);
#82=CARTESIAN_POINT('',(-1.469E0,0.E0,-3.12E0));
#83=LINE('',#82,#81);
#84=CURVE_STYLE('',#32,POSITIVE_LENGTH_MEASURE(2.E-2),#19);
#85=PRESENTATION_STYLE_ASSIGNMENT((#84));
#86=STYLED_ITEM('',(#85),#83);
#87=DIRECTION('',(0.E0,1.E0,0.E0));
#88=VECTOR('',#87,2.E-1);
#89=CARTESIAN_POINT('',(-1.35E0,0.E0,-3.001E0));
#90=LINE('',#89,#88);
#91=CURVE_STYLE('',#32,POSITIVE_LENGTH_MEASURE(2.E-2),#19);
#92=PRESENTATION_STYLE_ASSIGNMENT((#91));
#93=STYLED_ITEM('',(#92),#90);
#94=DIRECTION('',(0.E0,1.E0,0.E0));
#95=VECTOR('',#94,2.E-1);
#96=CARTESIAN_POINT('',(-1.35E0,0.E0,-2.999E0));
#97=LINE('',#96,#95);
#98=CURVE_STYLE('',#32,POSITIVE_LENGTH_MEASURE(2.E-2),#19);
#99=PRESENTATION_STYLE_ASSIGNMENT((#98));
#100=STYLED_ITEM('',(#99),#97);
#101=DIRECTION('',(0.E0,1.E0,0.E0));
#102=VECTOR('',#101,2.E-1);
#103=CARTESIAN_POINT('',(-1.469E0,0.E0,-2.88E0));
#104=LINE('',#103,#102);
#105=CURVE_STYLE('',#32,POSITIVE_LENGTH_MEASURE(2.E-2),#19);
#106=PRESENTATION_STYLE_ASSIGNMENT((#105));
#107=STYLED_ITEM('',(#106),#104);
#108=DIRECTION('',(0.E0,1.E0,0.E0));
#109=VECTOR('',#108,2.E-1);
#110=CARTESIAN_POINT('',(-1.75E0,0.E0,-2.88E0));
#111=LINE('',#110,#109);
#112=CURVE_STYLE('',#32,POSITIVE_LENGTH_MEASURE(2.E-2),#19);
#113=PRESENTATION_STYLE_ASSIGNMENT((#112));
#114=STYLED_ITEM('',(#113),#111);
#115=DIRECTION('',(0.E0,0.E0,-1.E0));
#116=VECTOR('',#115,2.4E-1);
#117=CARTESIAN_POINT('',(-1.75E0,2.E-1,-2.88E0));
#118=LINE('',#117,#116);
#119=CURVE_STYLE('',#32,POSITIVE_LENGTH_MEASURE(2.E-2),#19);
#120=PRESENTATION_STYLE_ASSIGNMENT((#119));
#121=STYLED_ITEM('',(#120),#118);
#122=DIRECTION('',(-1.E0,0.E0,0.E0));
#123=VECTOR('',#122,2.81E-1);
#124=CARTESIAN_POINT('',(-1.469E0,2.E-1,-3.12E0));
#125=LINE('',#124,#123);
#126=CURVE_STYLE('',#32,POSITIVE_LENGTH_MEASURE(2.E-2),#19);
#127=PRESENTATION_STYLE_ASSIGNMENT((#126));
#128=STYLED_ITEM('',(#127),#125);
#129=CARTESIAN_POINT('',(-1.469E0,2.E-1,-3.001E0));
#130=DIRECTION('',(0.E0,1.E0,0.E0));
#131=DIRECTION('',(1.E0,0.E0,0.E0));
#132=AXIS2_PLACEMENT_3D('',#129,#130,#131);
#134=CURVE_STYLE('',#32,POSITIVE_LENGTH_MEASURE(2.E-2),#19);
#135=PRESENTATION_STYLE_ASSIGNMENT((#134));
#136=STYLED_ITEM('',(#135),#133);
#137=DIRECTION('',(0.E0,0.E0,-1.E0));
#138=VECTOR('',#137,2.000000000001E-3);
#139=CARTESIAN_POINT('',(-1.35E0,2.E-1,-2.999E0));
#140=LINE('',#139,#138);
#141=CURVE_STYLE('',#32,POSITIVE_LENGTH_MEASURE(2.E-2),#19);
#142=PRESENTATION_STYLE_ASSIGNMENT((#141));
#143=STYLED_ITEM('',(#142),#140);
#144=CARTESIAN_POINT('',(-1.469E0,2.E-1,-2.999E0));
#145=DIRECTION('',(0.E0,1.E0,0.E0));
#146=DIRECTION('',(0.E0,0.E0,1.E0));
#147=AXIS2_PLACEMENT_3D('',#144,#145,#146);
#149=CURVE_STYLE('',#32,POSITIVE_LENGTH_MEASURE(2.E-2),#19);
#150=PRESENTATION_STYLE_ASSIGNMENT((#149));
#151=STYLED_ITEM('',(#150),#148);
#152=DIRECTION('',(1.E0,0.E0,0.E0));
#153=VECTOR('',#152,2.81E-1);
#154=CARTESIAN_POINT('',(-1.75E0,2.E-1,-2.88E0));
#155=LINE('',#154,#153);
#156=CURVE_STYLE('',#32,POSITIVE_LENGTH_MEASURE(2.E-2),#19);
#157=PRESENTATION_STYLE_ASSIGNMENT((#156));
#158=STYLED_ITEM('',(#157),#155);
#159=CARTESIAN_POINT('',(-1.469E0,0.E0,-2.88E0));
#160=CARTESIAN_POINT('',(-1.35E0,0.E0,-2.999E0));
#161=VERTEX_POINT('',#159);
#162=VERTEX_POINT('',#160);
#163=CARTESIAN_POINT('',(-1.35E0,0.E0,-3.001E0));
#164=VERTEX_POINT('',#163);
#165=CARTESIAN_POINT('',(-1.469E0,0.E0,-3.12E0));
#166=VERTEX_POINT('',#165);
#167=CARTESIAN_POINT('',(-1.469E0,2.E-1,-2.88E0));
#168=CARTESIAN_POINT('',(-1.35E0,2.E-1,-2.999E0));
#169=VERTEX_POINT('',#167);
#170=VERTEX_POINT('',#168);
#171=CARTESIAN_POINT('',(-1.35E0,2.E-1,-3.001E0));
#172=VERTEX_POINT('',#171);
#173=CARTESIAN_POINT('',(-1.469E0,2.E-1,-3.12E0));
#174=VERTEX_POINT('',#173);
#175=CARTESIAN_POINT('',(-1.75E0,0.E0,-2.88E0));
#176=CARTESIAN_POINT('',(-1.75E0,0.E0,-3.12E0));
#177=VERTEX_POINT('',#175);
#178=VERTEX_POINT('',#176);
#179=CARTESIAN_POINT('',(-1.75E0,2.E-1,-2.88E0));
#180=CARTESIAN_POINT('',(-1.75E0,2.E-1,-3.12E0));
#181=VERTEX_POINT('',#179);
#182=VERTEX_POINT('',#180);
#183=CARTESIAN_POINT('',(0.E0,0.E0,0.E0));
#184=DIRECTION('',(0.E0,1.E0,0.E0));
#185=DIRECTION('',(1.E0,0.E0,0.E0));
#186=AXIS2_PLACEMENT_3D('',#183,#184,#185);
#187=PLANE('',#186);
#189=ORIENTED_EDGE('',*,*,#188,.F.);
#191=ORIENTED_EDGE('',*,*,#190,.T.);
#193=ORIENTED_EDGE('',*,*,#192,.T.);
#195=ORIENTED_EDGE('',*,*,#194,.T.);
#197=ORIENTED_EDGE('',*,*,#196,.T.);
#199=ORIENTED_EDGE('',*,*,#198,.T.);
#200=EDGE_LOOP('',(#189,#191,#193,#195,#197,#199));
#201=FACE_OUTER_BOUND('',#200,.F.);
#203=CARTESIAN_POINT('',(-1.75E0,0.E0,3.5E0));
#204=DIRECTION('',(1.E0,0.E0,0.E0));
#205=DIRECTION('',(0.E0,0.E0,-1.E0));
#206=AXIS2_PLACEMENT_3D('',#203,#204,#205);
#207=PLANE('',#206);
#208=ORIENTED_EDGE('',*,*,#188,.T.);
#210=ORIENTED_EDGE('',*,*,#209,.T.);
#212=ORIENTED_EDGE('',*,*,#211,.F.);
#214=ORIENTED_EDGE('',*,*,#213,.F.);
#215=EDGE_LOOP('',(#208,#210,#212,#214));
#216=FACE_OUTER_BOUND('',#215,.F.);
#218=FILL_AREA_STYLE_COLOUR('',#25);
#219=FILL_AREA_STYLE('',(#218));
#220=SURFACE_STYLE_FILL_AREA(#219);
#221=SURFACE_SIDE_STYLE('',(#220));
#222=SURFACE_STYLE_USAGE(.POSITIVE.,#221);
#223=FILL_AREA_STYLE_COLOUR('',#19);
#224=FILL_AREA_STYLE('',(#223));
#225=SURFACE_STYLE_FILL_AREA(#224);
#226=SURFACE_SIDE_STYLE('',(#225));
#227=SURFACE_STYLE_USAGE(.NEGATIVE.,#226);
#228=PRESENTATION_STYLE_ASSIGNMENT((#222,#227));
#229=OVER_RIDING_STYLED_ITEM('',(#228),#217,#27);
#230=CARTESIAN_POINT('',(-1.469E0,0.E0,-3.12E0));
#231=DIRECTION('',(0.E0,0.E0,-1.E0));
#232=DIRECTION('',(-1.E0,0.E0,0.E0));
#233=AXIS2_PLACEMENT_3D('',#230,#231,#232);
#234=PLANE('',#233);
#235=ORIENTED_EDGE('',*,*,#209,.F.);
#236=ORIENTED_EDGE('',*,*,#198,.F.);
#238=ORIENTED_EDGE('',*,*,#237,.T.);
#240=ORIENTED_EDGE('',*,*,#239,.T.);
#241=EDGE_LOOP('',(#235,#236,#238,#240));
#242=FACE_OUTER_BOUND('',#241,.F.);
#244=CARTESIAN_POINT('',(-1.469E0,0.E0,-3.001E0));
#245=DIRECTION('',(0.E0,1.E0,0.E0));
#246=DIRECTION('',(1.E0,0.E0,0.E0));
#247=AXIS2_PLACEMENT_3D('',#244,#245,#246);
#248=CYLINDRICAL_SURFACE('',#247,1.19E-1);
#249=ORIENTED_EDGE('',*,*,#196,.F.);
#251=ORIENTED_EDGE('',*,*,#250,.T.);
#253=ORIENTED_EDGE('',*,*,#252,.T.);
#254=ORIENTED_EDGE('',*,*,#237,.F.);
#255=EDGE_LOOP('',(#249,#251,#253,#254));
#256=FACE_OUTER_BOUND('',#255,.F.);
#258=CARTESIAN_POINT('',(-1.35E0,0.E0,-2.999E0));
#259=DIRECTION('',(1.E0,0.E0,0.E0));
#260=DIRECTION('',(0.E0,0.E0,-1.E0));
#261=AXIS2_PLACEMENT_3D('',#258,#259,#260);
#262=PLANE('',#261);
#263=ORIENTED_EDGE('',*,*,#194,.F.);
#265=ORIENTED_EDGE('',*,*,#264,.T.);
#267=ORIENTED_EDGE('',*,*,#266,.T.);
#268=ORIENTED_EDGE('',*,*,#250,.F.);
#269=EDGE_LOOP('',(#263,#265,#267,#268));
#270=FACE_OUTER_BOUND('',#269,.F.);
#272=CARTESIAN_POINT('',(-1.469E0,0.E0,-2.999E0));
#273=DIRECTION('',(0.E0,1.E0,0.E0));
#274=DIRECTION('',(1.E0,0.E0,0.E0));
#275=AXIS2_PLACEMENT_3D('',#272,#273,#274);
#276=CYLINDRICAL_SURFACE('',#275,1.19E-1);
#277=ORIENTED_EDGE('',*,*,#192,.F.);
#279=ORIENTED_EDGE('',*,*,#278,.T.);
#281=ORIENTED_EDGE('',*,*,#280,.T.);
#282=ORIENTED_EDGE('',*,*,#264,.F.);
#283=EDGE_LOOP('',(#277,#279,#281,#282));
#284=FACE_OUTER_BOUND('',#283,.F.);
#286=CARTESIAN_POINT('',(-1.85E0,0.E0,-2.88E0));
#287=DIRECTION('',(0.E0,0.E0,1.E0));
#288=DIRECTION('',(1.E0,0.E0,0.E0));
#289=AXIS2_PLACEMENT_3D('',#286,#287,#288);
#290=PLANE('',#289);
#291=ORIENTED_EDGE('',*,*,#213,.T.);
#293=ORIENTED_EDGE('',*,*,#292,.T.);
#294=ORIENTED_EDGE('',*,*,#278,.F.);
#295=ORIENTED_EDGE('',*,*,#190,.F.);
#296=EDGE_LOOP('',(#291,#293,#294,#295));
#297=FACE_OUTER_BOUND('',#296,.F.);
#299=CARTESIAN_POINT('',(0.E0,2.E-1,0.E0));
#300=DIRECTION('',(0.E0,1.E0,0.E0));
#301=DIRECTION('',(1.E0,0.E0,0.E0));
#302=AXIS2_PLACEMENT_3D('',#299,#300,#301);
#303=PLANE('',#302);
#304=ORIENTED_EDGE('',*,*,#211,.T.);
#305=ORIENTED_EDGE('',*,*,#239,.F.);
#306=ORIENTED_EDGE('',*,*,#252,.F.);
#307=ORIENTED_EDGE('',*,*,#266,.F.);
#308=ORIENTED_EDGE('',*,*,#280,.F.);
#309=ORIENTED_EDGE('',*,*,#292,.F.);
#310=EDGE_LOOP('',(#304,#305,#306,#307,#308,#309));
#311=FACE_OUTER_BOUND('',#310,.F.);
#313=CLOSED_SHELL('',(#202,#217,#243,#257,#271,#285,#298,#312));
#314=MANIFOLD_SOLID_BREP('',#313);
#315=FILL_AREA_STYLE_COLOUR('',#19);
#316=FILL_AREA_STYLE('',(#315));
#317=SURFACE_STYLE_FILL_AREA(#316);
#318=SURFACE_SIDE_STYLE('',(#317));
#319=SURFACE_STYLE_USAGE(.BOTH.,#318);
#320=PRESENTATION_STYLE_ASSIGNMENT((#319));
#27=STYLED_ITEM('',(#320),#314);
#322=DIRECTION('',(0.E0,0.E0,-1.E0));
#323=VECTOR('',#322,2.4E-1);
#324=CARTESIAN_POINT('',(-1.75E0,0.E0,-2.38E0));
#325=LINE('',#324,#323);
#326=CURVE_STYLE('',#32,POSITIVE_LENGTH_MEASURE(2.E-2),#19);
#327=PRESENTATION_STYLE_ASSIGNMENT((#326));
#328=STYLED_ITEM('',(#327),#325);
#329=DIRECTION('',(1.E0,0.E0,0.E0));
#330=VECTOR('',#329,2.81E-1);
#331=CARTESIAN_POINT('',(-1.75E0,0.E0,-2.38E0));
#332=LINE('',#331,#330);
#333=CURVE_STYLE('',#32,POSITIVE_LENGTH_MEASURE(2.E-2),#19);
#334=PRESENTATION_STYLE_ASSIGNMENT((#333));
#335=STYLED_ITEM('',(#334),#332);
#336=CARTESIAN_POINT('',(-1.469E0,0.E0,-2.499E0));
#337=DIRECTION('',(0.E0,1.E0,0.E0));
#338=DIRECTION('',(0.E0,0.E0,1.E0));
#339=AXIS2_PLACEMENT_3D('',#336,#337,#338);
#341=CURVE_STYLE('',#32,POSITIVE_LENGTH_MEASURE(2.E-2),#19);
#342=PRESENTATION_STYLE_ASSIGNMENT((#341));
#343=STYLED_ITEM('',(#342),#340);
#344=DIRECTION('',(0.E0,0.E0,-1.E0));
#345=VECTOR('',#344,2.000000000001E-3);
#346=CARTESIAN_POINT('',(-1.35E0,0.E0,-2.499E0));
#347=LINE('',#346,#345);
#348=CURVE_STYLE('',#32,POSITIVE_LENGTH_MEASURE(2.E-2),#19);
#349=PRESENTATION_STYLE_ASSIGNMENT((#348));
#350=STYLED_ITEM('',(#349),#347);
#351=CARTESIAN_POINT('',(-1.469E0,0.E0,-2.501E0));
#352=DIRECTION('',(0.E0,1.E0,0.E0));
#353=DIRECTION('',(1.E0,0.E0,0.E0));
#354=AXIS2_PLACEMENT_3D('',#351,#352,#353);
#356=CURVE_STYLE('',#32,POSITIVE_LENGTH_MEASURE(2.E-2),#19);
#357=PRESENTATION_STYLE_ASSIGNMENT((#356));
#358=STYLED_ITEM('',(#357),#355);
#359=DIRECTION('',(-1.E0,0.E0,0.E0));
#360=VECTOR('',#359,2.81E-1);
#361=CARTESIAN_POINT('',(-1.469E0,0.E0,-2.62E0));
#362=LINE('',#361,#360);
#363=CURVE_STYLE('',#32,POSITIVE_LENGTH_MEASURE(2.E-2),#19);
#364=PRESENTATION_STYLE_ASSIGNMENT((#363));
#365=STYLED_ITEM('',(#364),#362);
#366=DIRECTION('',(0.E0,1.E0,0.E0));
#367=VECTOR('',#366,2.E-1);
#368=CARTESIAN_POINT('',(-1.75E0,0.E0,-2.62E0));
#369=LINE('',#368,#367);
#370=CURVE_STYLE('',#32,POSITIVE_LENGTH_MEASURE(2.E-2),#19);
#371=PRESENTATION_STYLE_ASSIGNMENT((#370));
#372=STYLED_ITEM('',(#371),#369);
#373=DIRECTION('',(0.E0,1.E0,0.E0));
#374=VECTOR('',#373,2.E-1);
#375=CARTESIAN_POINT('',(-1.469E0,0.E0,-2.62E0));
#376=LINE('',#375,#374);
#377=CURVE_STYLE('',#32,POSITIVE_LENGTH_MEASURE(2.E-2),#19);
#378=PRESENTATION_STYLE_ASSIGNMENT((#377));
#379=STYLED_ITEM('',(#378),#376);
#380=DIRECTION('',(0.E0,1.E0,0.E0));
#381=VECTOR('',#380,2.E-1);
#382=CARTESIAN_POINT('',(-1.35E0,0.E0,-2.501E0));
#383=LINE('',#382,#381);
#384=CURVE_STYLE('',#32,POSITIVE_LENGTH_MEASURE(2.E-2),#19);
#385=PRESENTATION_STYLE_ASSIGNMENT((#384));
#386=STYLED_ITEM('',(#385),#383);
#387=DIRECTION('',(0.E0,1.E0,0.E0));
#388=VECTOR('',#387,2.E-1);
#389=CARTESIAN_POINT('',(-1.35E0,0.E0,-2.499E0));
#390=LINE('',#389,#388);
#391=CURVE_STYLE('',#32,POSITIVE_LENGTH_MEASURE(2.E-2),#19);
#392=PRESENTATION_STYLE_ASSIGNMENT((#391));
#393=STYLED_ITEM('',(#392),#390);
#394=DIRECTION('',(0.E0,1.E0,0.E0));
#395=VECTOR('',#394,2.E-1);
#396=CARTESIAN_POINT('',(-1.469E0,0.E0,-2.38E0));
#397=LINE('',#396,#395);
#398=CURVE_STYLE('',#32,POSITIVE_LENGTH_MEASURE(2.E-2),#19);
#399=PRESENTATION_STYLE_ASSIGNMENT((#398));
#400=STYLED_ITEM('',(#399),#397);
#401=DIRECTION('',(0.E0,1.E0,0.E0));
#402=VECTOR('',#401,2.E-1);
#403=CARTESIAN_POINT('',(-1.75E0,0.E0,-2.38E0));
#404=LINE('',#403,#402);
#405=CURVE_STYLE('',#32,POSITIVE_LENGTH_MEASURE(2.E-2),#19);
#406=PRESENTATION_STYLE_ASSIGNMENT((#405));
#407=STYLED_ITEM('',(#406),#404);
#408=DIRECTION('',(0.E0,0.E0,-1.E0));
#409=VECTOR('',#408,2.4E-1);
#410=CARTESIAN_POINT('',(-1.75E0,2.E-1,-2.38E0));
#411=LINE('',#410,#409);
#412=CURVE_STYLE('',#32,POSITIVE_LENGTH_MEASURE(2.E-2),#19);
#413=PRESENTATION_STYLE_ASSIGNMENT((#412));
#414=STYLED_ITEM('',(#413),#411);
#415=DIRECTION('',(-1.E0,0.E0,0.E0));
#416=VECTOR('',#415,2.81E-1);
#417=CARTESIAN_POINT('',(-1.469E0,2.E-1,-2.62E0));
#418=LINE('',#417,#416);
#419=CURVE_STYLE('',#32,POSITIVE_LENGTH_MEASURE(2.E-2),#19);
#420=PRESENTATION_STYLE_ASSIGNMENT((#419));
#421=STYLED_ITEM('',(#420),#418);
#422=CARTESIAN_POINT('',(-1.469E0,2.E-1,-2.501E0));
#423=DIRECTION('',(0.E0,1.E0,0.E0));
#424=DIRECTION('',(1.E0,0.E0,0.E0));
#425=AXIS2_PLACEMENT_3D('',#422,#423,#424);
#427=CURVE_STYLE('',#32,POSITIVE_LENGTH_MEASURE(2.E-2),#19);
#428=PRESENTATION_STYLE_ASSIGNMENT((#427));
#429=STYLED_ITEM('',(#428),#426);
#430=DIRECTION('',(0.E0,0.E0,-1.E0));
#431=VECTOR('',#430,2.000000000001E-3);
#432=CARTESIAN_POINT('',(-1.35E0,2.E-1,-2.499E0));
#433=LINE('',#432,#431);
#434=CURVE_STYLE('',#32,POSITIVE_LENGTH_MEASURE(2.E-2),#19);
#435=PRESENTATION_STYLE_ASSIGNMENT((#434));
#436=STYLED_ITEM('',(#435),#433);
#437=CARTESIAN_POINT('',(-1.469E0,2.E-1,-2.499E0));
#438=DIRECTION('',(0.E0,1.E0,0.E0));
#439=DIRECTION('',(0.E0,0.E0,1.E0));
#440=AXIS2_PLACEMENT_3D('',#437,#438,#439);
#442=CURVE_STYLE('',#32,POSITIVE_LENGTH_MEASURE(2.E-2),#19);
#443=PRESENTATION_STYLE_ASSIGNMENT((#442));
#444=STYLED_ITEM('',(#443),#441);
#445=DIRECTION('',(1.E0,0.E0,0.E0));
#446=VECTOR('',#445,2.81E-1);
#447=CARTESIAN_POINT('',(-1.75E0,2.E-1,-2.38E0));
#448=LINE('',#447,#446);
#449=CURVE_STYLE('',#32,POSITIVE_LENGTH_MEASURE(2.E-2),#19);
#450=PRESENTATION_STYLE_ASSIGNMENT((#449));
#451=STYLED_ITEM('',(#450),#448);
#452=CARTESIAN_POINT('',(-1.469E0,0.E0,-2.38E0));
#453=CARTESIAN_POINT('',(-1.35E0,0.E0,-2.499E0));
#454=VERTEX_POINT('',#452);
#455=VERTEX_POINT('',#453);
#456=CARTESIAN_POINT('',(-1.35E0,0.E0,-2.501E0));
#457=VERTEX_POINT('',#456);
#458=CARTESIAN_POINT('',(-1.469E0,0.E0,-2.62E0));
#459=VERTEX_POINT('',#458);
#460=CARTESIAN_POINT('',(-1.469E0,2.E-1,-2.38E0));
#461=CARTESIAN_POINT('',(-1.35E0,2.E-1,-2.499E0));
#462=VERTEX_POINT('',#460);
#463=VERTEX_POINT('',#461);
#464=CARTESIAN_POINT('',(-1.35E0,2.E-1,-2.501E0));
#465=VERTEX_POINT('',#464);
#466=CARTESIAN_POINT('',(-1.469E0,2.E-1,-2.62E0));
#467=VERTEX_POINT('',#466);
#468=CARTESIAN_POINT('',(-1.75E0,0.E0,-2.38E0));
#469=CARTESIAN_POINT('',(-1.75E0,0.E0,-2.62E0));
#470=VERTEX_POINT('',#468);
#471=VERTEX_POINT('',#469);
#472=CARTESIAN_POINT('',(-1.75E0,2.E-1,-2.38E0));
#473=CARTESIAN_POINT('',(-1.75E0,2.E-1,-2.62E0));
#474=VERTEX_POINT('',#472);
#475=VERTEX_POINT('',#473);
#476=CARTESIAN_POINT('',(0.E0,0.E0,0.E0));
#477=DIRECTION('',(0.E0,1.E0,0.E0));
#478=DIRECTION('',(1.E0,0.E0,0.E0));
#479=AXIS2_PLACEMENT_3D('',#476,#477,#478);
#480=PLANE('',#479);
#482=ORIENTED_EDGE('',*,*,#481,.F.);
#484=ORIENTED_EDGE('',*,*,#483,.T.);
#486=ORIENTED_EDGE('',*,*,#485,.T.);
#488=ORIENTED_EDGE('',*,*,#487,.T.);
#490=ORIENTED_EDGE('',*,*,#489,.T.);
#492=ORIENTED_EDGE('',*,*,#491,.T.);
#493=EDGE_LOOP('',(#482,#484,#486,#488,#490,#492));
#494=FACE_OUTER_BOUND('',#493,.F.);
#496=CARTESIAN_POINT('',(-1.75E0,0.E0,3.5E0));
#497=DIRECTION('',(1.E0,0.E0,0.E0));
#498=DIRECTION('',(0.E0,0.E0,-1.E0));
#499=AXIS2_PLACEMENT_3D('',#496,#497,#498);
#500=PLANE('',#499);
#501=ORIENTED_EDGE('',*,*,#481,.T.);
#503=ORIENTED_EDGE('',*,*,#502,.T.);
#505=ORIENTED_EDGE('',*,*,#504,.F.);
#507=ORIENTED_EDGE('',*,*,#506,.F.);
#508=EDGE_LOOP('',(#501,#503,#505,#507));
#509=FACE_OUTER_BOUND('',#508,.F.);
#511=FILL_AREA_STYLE_COLOUR('',#25);
#512=FILL_AREA_STYLE('',(#511));
#513=SURFACE_STYLE_FILL_AREA(#512);
#514=SURFACE_SIDE_STYLE('',(#513));
#515=SURFACE_STYLE_USAGE(.POSITIVE.,#514);
#516=PRESENTATION_STYLE_ASSIGNMENT((#515));
#517=OVER_RIDING_STYLED_ITEM('',(#516),#510,#321);
#518=CARTESIAN_POINT('',(-1.469E0,0.E0,-2.62E0));
#519=DIRECTION('',(0.E0,0.E0,-1.E0));
#520=DIRECTION('',(-1.E0,0.E0,0.E0));
#521=AXIS2_PLACEMENT_3D('',#518,#519,#520);
#522=PLANE('',#521);
#523=ORIENTED_EDGE('',*,*,#502,.F.);
#524=ORIENTED_EDGE('',*,*,#491,.F.);
#526=ORIENTED_EDGE('',*,*,#525,.T.);
#528=ORIENTED_EDGE('',*,*,#527,.T.);
#529=EDGE_LOOP('',(#523,#524,#526,#528));
#530=FACE_OUTER_BOUND('',#529,.F.);
#532=CARTESIAN_POINT('',(-1.469E0,0.E0,-2.501E0));
#533=DIRECTION('',(0.E0,1.E0,0.E0));
#534=DIRECTION('',(1.E0,0.E0,0.E0));
#535=AXIS2_PLACEMENT_3D('',#532,#533,#534);
#536=CYLINDRICAL_SURFACE('',#535,1.19E-1);
#537=ORIENTED_EDGE('',*,*,#489,.F.);
#539=ORIENTED_EDGE('',*,*,#538,.T.);
#541=ORIENTED_EDGE('',*,*,#540,.T.);
#542=ORIENTED_EDGE('',*,*,#525,.F.);
#543=EDGE_LOOP('',(#537,#539,#541,#542));
#544=FACE_OUTER_BOUND('',#543,.F.);
#546=CARTESIAN_POINT('',(-1.35E0,0.E0,-2.499E0));
#547=DIRECTION('',(1.E0,0.E0,0.E0));
#548=DIRECTION('',(0.E0,0.E0,-1.E0));
#549=AXIS2_PLACEMENT_3D('',#546,#547,#548);
#550=PLANE('',#549);
#551=ORIENTED_EDGE('',*,*,#487,.F.);
#553=ORIENTED_EDGE('',*,*,#552,.T.);
#555=ORIENTED_EDGE('',*,*,#554,.T.);
#556=ORIENTED_EDGE('',*,*,#538,.F.);
#557=EDGE_LOOP('',(#551,#553,#555,#556));
#558=FACE_OUTER_BOUND('',#557,.F.);
#560=CARTESIAN_POINT('',(-1.469E0,0.E0,-2.499E0));
#561=DIRECTION('',(0.E0,1.E0,0.E0));
#562=DIRECTION('',(1.E0,0.E0,0.E0));
#563=AXIS2_PLACEMENT_3D('',#560,#561,#562);
#564=CYLINDRICAL_SURFACE('',#563,1.19E-1);
#565=ORIENTED_EDGE('',*,*,#485,.F.);
#567=ORIENTED_EDGE('',*,*,#566,.T.);
#569=ORIENTED_EDGE('',*,*,#568,.T.);
#570=ORIENTED_EDGE('',*,*,#552,.F.);
#571=EDGE_LOOP('',(#565,#567,#569,#570));
#572=FACE_OUTER_BOUND('',#571,.F.);
#574=CARTESIAN_POINT('',(-1.85E0,0.E0,-2.38E0));
#575=DIRECTION('',(0.E0,0.E0,1.E0));
#576=DIRECTION('',(1.E0,0.E0,0.E0));
#577=AXIS2_PLACEMENT_3D('',#574,#575,#576);
#578=PLANE('',#577);
#579=ORIENTED_EDGE('',*,*,#506,.T.);
#581=ORIENTED_EDGE('',*,*,#580,.T.);
#582=ORIENTED_EDGE('',*,*,#566,.F.);
#583=ORIENTED_EDGE('',*,*,#483,.F.);
#584=EDGE_LOOP('',(#579,#581,#582,#583));
#585=FACE_OUTER_BOUND('',#584,.F.);
#587=CARTESIAN_POINT('',(0.E0,2.E-1,0.E0));
#588=DIRECTION('',(0.E0,1.E0,0.E0));
#589=DIRECTION('',(1.E0,0.E0,0.E0));
#590=AXIS2_PLACEMENT_3D('',#587,#588,#589);
#591=PLANE('',#590);
#592=ORIENTED_EDGE('',*,*,#504,.T.);
#593=ORIENTED_EDGE('',*,*,#527,.F.);
#594=ORIENTED_EDGE('',*,*,#540,.F.);
#595=ORIENTED_EDGE('',*,*,#554,.F.);
#596=ORIENTED_EDGE('',*,*,#568,.F.);
#597=ORIENTED_EDGE('',*,*,#580,.F.);
#598=EDGE_LOOP('',(#592,#593,#594,#595,#596,#597));
#599=FACE_OUTER_BOUND('',#598,.F.);
#601=CLOSED_SHELL('',(#495,#510,#531,#545,#559,#573,#586,#600));
#602=MANIFOLD_SOLID_BREP('',#601);
#603=FILL_AREA_STYLE_COLOUR('',#19);
#604=FILL_AREA_STYLE('',(#603));
#605=SURFACE_STYLE_FILL_AREA(#604);
#606=SURFACE_SIDE_STYLE('',(#605));
#607=SURFACE_STYLE_USAGE(.POSITIVE.,#606);
#608=PRESENTATION_STYLE_ASSIGNMENT((#607));
#321=STYLED_ITEM('',(#608),#602);
#610=DIRECTION('',(0.E0,0.E0,-1.E0));
#611=VECTOR('',#610,2.4E-1);
#612=CARTESIAN_POINT('',(-1.75E0,0.E0,-1.88E0));
#613=LINE('',#612,#611);
#614=CURVE_STYLE('',#32,POSITIVE_LENGTH_MEASURE(2.E-2),#19);
#615=PRESENTATION_STYLE_ASSIGNMENT((#614));
#616=STYLED_ITEM('',(#615),#613);
#617=DIRECTION('',(1.E0,0.E0,0.E0));
#618=VECTOR('',#617,2.81E-1);
#619=CARTESIAN_POINT('',(-1.75E0,0.E0,-1.88E0));
#620=LINE('',#619,#618);
#621=CURVE_STYLE('',#32,POSITIVE_LENGTH_MEASURE(2.E-2),#19);
#622=PRESENTATION_STYLE_ASSIGNMENT((#621));
#623=STYLED_ITEM('',(#622),#620);
#624=CARTESIAN_POINT('',(-1.469E0,0.E0,-1.999E0));
#625=DIRECTION('',(0.E0,1.E0,0.E0));
#626=DIRECTION('',(0.E0,0.E0,1.E0));
#627=AXIS2_PLACEMENT_3D('',#624,#625,#626);
#629=CURVE_STYLE('',#32,POSITIVE_LENGTH_MEASURE(2.E-2),#19);
#630=PRESENTATION_STYLE_ASSIGNMENT((#629));
#631=STYLED_ITEM('',(#630),#628);
#632=DIRECTION('',(0.E0,0.E0,-1.E0));
#633=VECTOR('',#632,2.E-3);
#634=CARTESIAN_POINT('',(-1.35E0,0.E0,-1.999E0));
#635=LINE('',#634,#633);
#636=CURVE_STYLE('',#32,POSITIVE_LENGTH_MEASURE(2.E-2),#19);
#637=PRESENTATION_STYLE_ASSIGNMENT((#636));
#638=STYLED_ITEM('',(#637),#635);
#639=CARTESIAN_POINT('',(-1.469E0,0.E0,-2.001E0));
#640=DIRECTION('',(0.E0,1.E0,0.E0));
#641=DIRECTION('',(1.E0,0.E0,0.E0));
#642=AXIS2_PLACEMENT_3D('',#639,#640,#641);
#644=CURVE_STYLE('',#32,POSITIVE_LENGTH_MEASURE(2.E-2),#19);
#645=PRESENTATION_STYLE_ASSIGNMENT((#644));
#646=STYLED_ITEM('',(#645),#643);
#647=DIRECTION('',(-1.E0,0.E0,0.E0));
#648=VECTOR('',#647,2.81E-1);
#649=CARTESIAN_POINT('',(-1.469E0,0.E0,-2.12E0));
#650=LINE('',#649,#648);
#651=CURVE_STYLE('',#32,POSITIVE_LENGTH_MEASURE(2.E-2),#19);
#652=PRESENTATION_STYLE_ASSIGNMENT((#651));
#653=STYLED_ITEM('',(#652),#650);
#654=DIRECTION('',(0.E0,1.E0,0.E0));
#655=VECTOR('',#654,2.E-1);
#656=CARTESIAN_POINT('',(-1.75E0,0.E0,-2.12E0));
#657=LINE('',#656,#655);
#658=CURVE_STYLE('',#32,POSITIVE_LENGTH_MEASURE(2.E-2),#19);
#659=PRESENTATION_STYLE_ASSIGNMENT((#658));
#660=STYLED_ITEM('',(#659),#657);
#661=DIRECTION('',(0.E0,1.E0,0.E0));
#662=VECTOR('',#661,2.E-1);
#663=CARTESIAN_POINT('',(-1.469E0,0.E0,-2.12E0));
#664=LINE('',#663,#662);
#665=CURVE_STYLE('',#32,POSITIVE_LENGTH_MEASURE(2.E-2),#19);
#666=PRESENTATION_STYLE_ASSIGNMENT((#665));
#667=STYLED_ITEM('',(#666),#664);
#668=DIRECTION('',(0.E0,1.E0,0.E0));
#669=VECTOR('',#668,2.E-1);
#670=CARTESIAN_POINT('',(-1.35E0,0.E0,-2.001E0));
#671=LINE('',#670,#669);
#672=CURVE_STYLE('',#32,POSITIVE_LENGTH_MEASURE(2.E-2),#19);
#673=PRESENTATION_STYLE_ASSIGNMENT((#672));
#674=STYLED_ITEM('',(#673),#671);
#675=DIRECTION('',(0.E0,1.E0,0.E0));
#676=VECTOR('',#675,2.E-1);
#677=CARTESIAN_POINT('',(-1.35E0,0.E0,-1.999E0));
#678=LINE('',#677,#676);
#679=CURVE_STYLE('',#32,POSITIVE_LENGTH_MEASURE(2.E-2),#19);
#680=PRESENTATION_STYLE_ASSIGNMENT((#679));
#681=STYLED_ITEM('',(#680),#678);
#682=DIRECTION('',(0.E0,1.E0,0.E0));
#683=VECTOR('',#682,2.E-1);
#684=CARTESIAN_POINT('',(-1.469E0,0.E0,-1.88E0));
#685=LINE('',#684,#683);
#686=CURVE_STYLE('',#32,POSITIVE_LENGTH_MEASURE(2.E-2),#19);
#687=PRESENTATION_STYLE_ASSIGNMENT((#686));
#688=STYLED_ITEM('',(#687),#685);
#689=DIRECTION('',(0.E0,1.E0,0.E0));
#690=VECTOR('',#689,2.E-1);
#691=CARTESIAN_POINT('',(-1.75E0,0.E0,-1.88E0));
#692=LINE('',#691,#690);
#693=CURVE_STYLE('',#32,POSITIVE_LENGTH_MEASURE(2.E-2),#19);
#694=PRESENTATION_STYLE_ASSIGNMENT((#693));
#695=STYLED_ITEM('',(#694),#692);
#696=DIRECTION('',(0.E0,0.E0,-1.E0));
#697=VECTOR('',#696,2.4E-1);
#698=CARTESIAN_POINT('',(-1.75E0,2.E-1,-1.88E0));
#699=LINE('',#698,#697);
#700=CURVE_STYLE('',#32,POSITIVE_LENGTH_MEASURE(2.E-2),#19);
#701=PRESENTATION_STYLE_ASSIGNMENT((#700));
#702=STYLED_ITEM('',(#701),#699);
#703=DIRECTION('',(-1.E0,0.E0,0.E0));
#704=VECTOR('',#703,2.81E-1);
#705=CARTESIAN_POINT('',(-1.469E0,2.E-1,-2.12E0));
#706=LINE('',#705,#704);
#707=CURVE_STYLE('',#32,POSITIVE_LENGTH_MEASURE(2.E-2),#19);
#708=PRESENTATION_STYLE_ASSIGNMENT((#707));
#709=STYLED_ITEM('',(#708),#706);
#710=CARTESIAN_POINT('',(-1.469E0,2.E-1,-2.001E0));
#711=DIRECTION('',(0.E0,1.E0,0.E0));
#712=DIRECTION('',(1.E0,0.E0,0.E0));
#713=AXIS2_PLACEMENT_3D('',#710,#711,#712);
#715=CURVE_STYLE('',#32,POSITIVE_LENGTH_MEASURE(2.E-2),#19);
#716=PRESENTATION_STYLE_ASSIGNMENT((#715));
#717=STYLED_ITEM('',(#716),#714);
#718=DIRECTION('',(0.E0,0.E0,-1.E0));
#719=VECTOR('',#718,2.E-3);
#720=CARTESIAN_POINT('',(-1.35E0,2.E-1,-1.999E0));
#721=LINE('',#720,#719);
#722=CURVE_STYLE('',#32,POSITIVE_LENGTH_MEASURE(2.E-2),#19);
#723=PRESENTATION_STYLE_ASSIGNMENT((#722));
#724=STYLED_ITEM('',(#723),#721);
#725=CARTESIAN_POINT('',(-1.469E0,2.E-1,-1.999E0));
#726=DIRECTION('',(0.E0,1.E0,0.E0));
#727=DIRECTION('',(0.E0,0.E0,1.E0));
#728=AXIS2_PLACEMENT_3D('',#725,#726,#727);
#730=CURVE_STYLE('',#32,POSITIVE_LENGTH_MEASURE(2.E-2),#19);
#731=PRESENTATION_STYLE_ASSIGNMENT((#730));
#732=STYLED_ITEM('',(#731),#729);
#733=DIRECTION('',(1.E0,0.E0,0.E0));
#734=VECTOR('',#733,2.81E-1);
#735=CARTESIAN_POINT('',(-1.75E0,2.E-1,-1.88E0));
#736=LINE('',#735,#734);
#737=CURVE_STYLE('',#32,POSITIVE_LENGTH_MEASURE(2.E-2),#19);
#738=PRESENTATION_STYLE_ASSIGNMENT((#737));
#739=STYLED_ITEM('',(#738),#736);
#740=CARTESIAN_POINT('',(-1.469E0,0.E0,-1.88E0));
#741=CARTESIAN_POINT('',(-1.35E0,0.E0,-1.999E0));
#742=VERTEX_POINT('',#740);
#743=VERTEX_POINT('',#741);
#744=CARTESIAN_POINT('',(-1.35E0,0.E0,-2.001E0));
#745=VERTEX_POINT('',#744);
#746=CARTESIAN_POINT('',(-1.469E0,0.E0,-2.12E0));
#747=VERTEX_POINT('',#746);
#748=CARTESIAN_POINT('',(-1.469E0,2.E-1,-1.88E0));
#749=CARTESIAN_POINT('',(-1.35E0,2.E-1,-1.999E0));
#750=VERTEX_POINT('',#748);
#751=VERTEX_POINT('',#749);
#752=CARTESIAN_POINT('',(-1.35E0,2.E-1,-2.001E0));
#753=VERTEX_POINT('',#752);
#754=CARTESIAN_POINT('',(-1.469E0,2.E-1,-2.12E0));
#755=VERTEX_POINT('',#754);
#756=CARTESIAN_POINT('',(-1.75E0,0.E0,-1.88E0));
#757=CARTESIAN_POINT('',(-1.75E0,0.E0,-2.12E0));
#758=VERTEX_POINT('',#756);
#759=VERTEX_POINT('',#757);
#760=CARTESIAN_POINT('',(-1.75E0,2.E-1,-1.88E0));
#761=CARTESIAN_POINT('',(-1.75E0,2.E-1,-2.12E0));
#762=VERTEX_POINT('',#760);
#763=VERTEX_POINT('',#761);
#764=CARTESIAN_POINT('',(0.E0,0.E0,0.E0));
#765=DIRECTION('',(0.E0,1.E0,0.E0));
#766=DIRECTION('',(1.E0,0.E0,0.E0));
#767=AXIS2_PLACEMENT_3D('',#764,#765,#766);
#768=PLANE('',#767);
#770=ORIENTED_EDGE('',*,*,#769,.F.);
#772=ORIENTED_EDGE('',*,*,#771,.T.);
#774=ORIENTED_EDGE('',*,*,#773,.T.);
#776=ORIENTED_EDGE('',*,*,#775,.T.);
#778=ORIENTED_EDGE('',*,*,#777,.T.);
#780=ORIENTED_EDGE('',*,*,#779,.T.);
#781=EDGE_LOOP('',(#770,#772,#774,#776,#778,#780));
#782=FACE_OUTER_BOUND('',#781,.F.);
#784=CARTESIAN_POINT('',(-1.75E0,0.E0,3.5E0));
#785=DIRECTION('',(1.E0,0.E0,0.E0));
#786=DIRECTION('',(0.E0,0.E0,-1.E0));
#787=AXIS2_PLACEMENT_3D('',#784,#785,#786);
#788=PLANE('',#787);
#789=ORIENTED_EDGE('',*,*,#769,.T.);
#791=ORIENTED_EDGE('',*,*,#790,.T.);
#793=ORIENTED_EDGE('',*,*,#792,.F.);
#795=ORIENTED_EDGE('',*,*,#794,.F.);
#796=EDGE_LOOP('',(#789,#791,#793,#795));
#797=FACE_OUTER_BOUND('',#796,.F.);
#799=FILL_AREA_STYLE_COLOUR('',#25);
#800=FILL_AREA_STYLE('',(#799));
#801=SURFACE_STYLE_FILL_AREA(#800);
#802=SURFACE_SIDE_STYLE('',(#801));
#803=SURFACE_STYLE_USAGE(.POSITIVE.,#802);
#804=PRESENTATION_STYLE_ASSIGNMENT((#803));
#805=OVER_RIDING_STYLED_ITEM('',(#804),#798,#609);
#806=CARTESIAN_POINT('',(-1.469E0,0.E0,-2.12E0));
#807=DIRECTION('',(0.E0,0.E0,-1.E0));
#808=DIRECTION('',(-1.E0,0.E0,0.E0));
#809=AXIS2_PLACEMENT_3D('',#806,#807,#808);
#810=PLANE('',#809);
#811=ORIENTED_EDGE('',*,*,#790,.F.);
#812=ORIENTED_EDGE('',*,*,#779,.F.);
#814=ORIENTED_EDGE('',*,*,#813,.T.);
#816=ORIENTED_EDGE('',*,*,#815,.T.);
#817=EDGE_LOOP('',(#811,#812,#814,#816));
#818=FACE_OUTER_BOUND('',#817,.F.);
#820=CARTESIAN_POINT('',(-1.469E0,0.E0,-2.001E0));
#821=DIRECTION('',(0.E0,1.E0,0.E0));
#822=DIRECTION('',(1.E0,0.E0,0.E0));
#823=AXIS2_PLACEMENT_3D('',#820,#821,#822);
#824=CYLINDRICAL_SURFACE('',#823,1.19E-1);
#825=ORIENTED_EDGE('',*,*,#777,.F.);
#827=ORIENTED_EDGE('',*,*,#826,.T.);
#829=ORIENTED_EDGE('',*,*,#828,.T.);
#830=ORIENTED_EDGE('',*,*,#813,.F.);
#831=EDGE_LOOP('',(#825,#827,#829,#830));
#832=FACE_OUTER_BOUND('',#831,.F.);
#834=CARTESIAN_POINT('',(-1.35E0,0.E0,-1.999E0));
#835=DIRECTION('',(1.E0,0.E0,0.E0));
#836=DIRECTION('',(0.E0,0.E0,-1.E0));
#837=AXIS2_PLACEMENT_3D('',#834,#835,#836);
#838=PLANE('',#837);
#839=ORIENTED_EDGE('',*,*,#775,.F.);
#841=ORIENTED_EDGE('',*,*,#840,.T.);
#843=ORIENTED_EDGE('',*,*,#842,.T.);
#844=ORIENTED_EDGE('',*,*,#826,.F.);
#845=EDGE_LOOP('',(#839,#841,#843,#844));
#846=FACE_OUTER_BOUND('',#845,.F.);
#848=CARTESIAN_POINT('',(-1.469E0,0.E0,-1.999E0));
#849=DIRECTION('',(0.E0,1.E0,0.E0));
#850=DIRECTION('',(1.E0,0.E0,0.E0));
#851=AXIS2_PLACEMENT_3D('',#848,#849,#850);
#852=CYLINDRICAL_SURFACE('',#851,1.19E-1);
#853=ORIENTED_EDGE('',*,*,#773,.F.);
#855=ORIENTED_EDGE('',*,*,#854,.T.);
#857=ORIENTED_EDGE('',*,*,#856,.T.);
#858=ORIENTED_EDGE('',*,*,#840,.F.);
#859=EDGE_LOOP('',(#853,#855,#857,#858));
#860=FACE_OUTER_BOUND('',#859,.F.);
#862=CARTESIAN_POINT('',(-1.85E0,0.E0,-1.88E0));
#863=DIRECTION('',(0.E0,0.E0,1.E0));
#864=DIRECTION('',(1.E0,0.E0,0.E0));
#865=AXIS2_PLACEMENT_3D('',#862,#863,#864);
#866=PLANE('',#865);
#867=ORIENTED_EDGE('',*,*,#794,.T.);
#869=ORIENTED_EDGE('',*,*,#868,.T.);
#870=ORIENTED_EDGE('',*,*,#854,.F.);
#871=ORIENTED_EDGE('',*,*,#771,.F.);
#872=EDGE_LOOP('',(#867,#869,#870,#871));
#873=FACE_OUTER_BOUND('',#872,.F.);
#875=CARTESIAN_POINT('',(0.E0,2.E-1,0.E0));
#876=DIRECTION('',(0.E0,1.E0,0.E0));
#877=DIRECTION('',(1.E0,0.E0,0.E0));
#878=AXIS2_PLACEMENT_3D('',#875,#876,#877);
#879=PLANE('',#878);
#880=ORIENTED_EDGE('',*,*,#792,.T.);
#881=ORIENTED_EDGE('',*,*,#815,.F.);
#882=ORIENTED_EDGE('',*,*,#828,.F.);
#883=ORIENTED_EDGE('',*,*,#842,.F.);
#884=ORIENTED_EDGE('',*,*,#856,.F.);
#885=ORIENTED_EDGE('',*,*,#868,.F.);
#886=EDGE_LOOP('',(#880,#881,#882,#883,#884,#885));
#887=FACE_OUTER_BOUND('',#886,.F.);
#889=CLOSED_SHELL('',(#783,#798,#819,#833,#847,#861,#874,#888));
#890=MANIFOLD_SOLID_BREP('',#889);
#891=FILL_AREA_STYLE_COLOUR('',#19);
#892=FILL_AREA_STYLE('',(#891));
#893=SURFACE_STYLE_FILL_AREA(#892);
#894=SURFACE_SIDE_STYLE('',(#893));
#895=SURFACE_STYLE_USAGE(.POSITIVE.,#894);
#896=PRESENTATION_STYLE_ASSIGNMENT((#895));
#609=STYLED_ITEM('',(#896),#890);
#898=DIRECTION('',(0.E0,0.E0,-1.E0));
#899=VECTOR('',#898,2.4E-1);
#900=CARTESIAN_POINT('',(-1.75E0,0.E0,-1.38E0));
#901=LINE('',#900,#899);
#902=CURVE_STYLE('',#32,POSITIVE_LENGTH_MEASURE(2.E-2),#19);
#903=PRESENTATION_STYLE_ASSIGNMENT((#902));
#904=STYLED_ITEM('',(#903),#901);
#905=DIRECTION('',(1.E0,0.E0,0.E0));
#906=VECTOR('',#905,2.81E-1);
#907=CARTESIAN_POINT('',(-1.75E0,0.E0,-1.38E0));
#908=LINE('',#907,#906);
#909=CURVE_STYLE('',#32,POSITIVE_LENGTH_MEASURE(2.E-2),#19);
#910=PRESENTATION_STYLE_ASSIGNMENT((#909));
#911=STYLED_ITEM('',(#910),#908);
#912=CARTESIAN_POINT('',(-1.469E0,0.E0,-1.499E0));
#913=DIRECTION('',(0.E0,1.E0,0.E0));
#914=DIRECTION('',(0.E0,0.E0,1.E0));
#915=AXIS2_PLACEMENT_3D('',#912,#913,#914);
#917=CURVE_STYLE('',#32,POSITIVE_LENGTH_MEASURE(2.E-2),#19);
#918=PRESENTATION_STYLE_ASSIGNMENT((#917));
#919=STYLED_ITEM('',(#918),#916);
#920=DIRECTION('',(0.E0,0.E0,-1.E0));
#921=VECTOR('',#920,2.E-3);
#922=CARTESIAN_POINT('',(-1.35E0,0.E0,-1.499E0));
#923=LINE('',#922,#921);
#924=CURVE_STYLE('',#32,POSITIVE_LENGTH_MEASURE(2.E-2),#19);
#925=PRESENTATION_STYLE_ASSIGNMENT((#924));
#926=STYLED_ITEM('',(#925),#923);
#927=CARTESIAN_POINT('',(-1.469E0,0.E0,-1.501E0));
#928=DIRECTION('',(0.E0,1.E0,0.E0));
#929=DIRECTION('',(1.E0,0.E0,0.E0));
#930=AXIS2_PLACEMENT_3D('',#927,#928,#929);
#932=CURVE_STYLE('',#32,POSITIVE_LENGTH_MEASURE(2.E-2),#19);
#933=PRESENTATION_STYLE_ASSIGNMENT((#932));
#934=STYLED_ITEM('',(#933),#931);
#935=DIRECTION('',(-1.E0,0.E0,0.E0));
#936=VECTOR('',#935,2.81E-1);
#937=CARTESIAN_POINT('',(-1.469E0,0.E0,-1.62E0));
#938=LINE('',#937,#936);
#939=CURVE_STYLE('',#32,POSITIVE_LENGTH_MEASURE(2.E-2),#19);
#940=PRESENTATION_STYLE_ASSIGNMENT((#939));
#941=STYLED_ITEM('',(#940),#938);
#942=DIRECTION('',(0.E0,1.E0,0.E0));
#943=VECTOR('',#942,2.E-1);
#944=CARTESIAN_POINT('',(-1.75E0,0.E0,-1.62E0));
#945=LINE('',#944,#943);
#946=CURVE_STYLE('',#32,POSITIVE_LENGTH_MEASURE(2.E-2),#19);
#947=PRESENTATION_STYLE_ASSIGNMENT((#946));
#948=STYLED_ITEM('',(#947),#945);
#949=DIRECTION('',(0.E0,1.E0,0.E0));
#950=VECTOR('',#949,2.E-1);
#951=CARTESIAN_POINT('',(-1.469E0,0.E0,-1.62E0));
#952=LINE('',#951,#950);
#953=CURVE_STYLE('',#32,POSITIVE_LENGTH_MEASURE(2.E-2),#19);
#954=PRESENTATION_STYLE_ASSIGNMENT((#953));
#955=STYLED_ITEM('',(#954),#952);
#956=DIRECTION('',(0.E0,1.E0,0.E0));
#957=VECTOR('',#956,2.E-1);
#958=CARTESIAN_POINT('',(-1.35E0,0.E0,-1.501E0));
#959=LINE('',#958,#957);
#960=CURVE_STYLE('',#32,POSITIVE_LENGTH_MEASURE(2.E-2),#19);
#961=PRESENTATION_STYLE_ASSIGNMENT((#960));
#962=STYLED_ITEM('',(#961),#959);
#963=DIRECTION('',(0.E0,1.E0,0.E0));
#964=VECTOR('',#963,2.E-1);
#965=CARTESIAN_POINT('',(-1.35E0,0.E0,-1.499E0));
#966=LINE('',#965,#964);
#967=CURVE_STYLE('',#32,POSITIVE_LENGTH_MEASURE(2.E-2),#19);
#968=PRESENTATION_STYLE_ASSIGNMENT((#967));
#969=STYLED_ITEM('',(#968),#966);
#970=DIRECTION('',(0.E0,1.E0,0.E0));
#971=VECTOR('',#970,2.E-1);
#972=CARTESIAN_POINT('',(-1.469E0,0.E0,-1.38E0));
#973=LINE('',#972,#971);
#974=CURVE_STYLE('',#32,POSITIVE_LENGTH_MEASURE(2.E-2),#19);
#975=PRESENTATION_STYLE_ASSIGNMENT((#974));
#976=STYLED_ITEM('',(#975),#973);
#977=DIRECTION('',(0.E0,1.E0,0.E0));
#978=VECTOR('',#977,2.E-1);
#979=CARTESIAN_POINT('',(-1.75E0,0.E0,-1.38E0));
#980=LINE('',#979,#978);
#981=CURVE_STYLE('',#32,POSITIVE_LENGTH_MEASURE(2.E-2),#19);
#982=PRESENTATION_STYLE_ASSIGNMENT((#981));
#983=STYLED_ITEM('',(#982),#980);
#984=DIRECTION('',(0.E0,0.E0,-1.E0));
#985=VECTOR('',#984,2.4E-1);
#986=CARTESIAN_POINT('',(-1.75E0,2.E-1,-1.38E0));
#987=LINE('',#986,#985);
#988=CURVE_STYLE('',#32,POSITIVE_LENGTH_MEASURE(2.E-2),#19);
#989=PRESENTATION_STYLE_ASSIGNMENT((#988));
#990=STYLED_ITEM('',(#989),#987);
#991=DIRECTION('',(-1.E0,0.E0,0.E0));
#992=VECTOR('',#991,2.81E-1);
#993=CARTESIAN_POINT('',(-1.469E0,2.E-1,-1.62E0));
#994=LINE('',#993,#992);
#995=CURVE_STYLE('',#32,POSITIVE_LENGTH_MEASURE(2.E-2),#19);
#996=PRESENTATION_STYLE_ASSIGNMENT((#995));
#997=STYLED_ITEM('',(#996),#994);
#998=CARTESIAN_POINT('',(-1.469E0,2.E-1,-1.501E0));
#999=DIRECTION('',(0.E0,1.E0,0.E0));
#1000=DIRECTION('',(1.E0,0.E0,0.E0));
#1001=AXIS2_PLACEMENT_3D('',#998,#999,#1000);
#1003=CURVE_STYLE('',#32,POSITIVE_LENGTH_MEASURE(2.E-2),#19);
#1004=PRESENTATION_STYLE_ASSIGNMENT((#1003));
#1005=STYLED_ITEM('',(#1004),#1002);
#1006=DIRECTION('',(0.E0,0.E0,-1.E0));
#1007=VECTOR('',#1006,2.E-3);
#1008=CARTESIAN_POINT('',(-1.35E0,2.E-1,-1.499E0));
#1009=LINE('',#1008,#1007);
#1010=CURVE_STYLE('',#32,POSITIVE_LENGTH_MEASURE(2.E-2),#19);
#1011=PRESENTATION_STYLE_ASSIGNMENT((#1010));
#1012=STYLED_ITEM('',(#1011),#1009);
#1013=CARTESIAN_POINT('',(-1.469E0,2.E-1,-1.499E0));
#1014=DIRECTION('',(0.E0,1.E0,0.E0));
#1015=DIRECTION('',(0.E0,0.E0,1.E0));
#1016=AXIS2_PLACEMENT_3D('',#1013,#1014,#1015);
#1018=CURVE_STYLE('',#32,POSITIVE_LENGTH_MEASURE(2.E-2),#19);
#1019=PRESENTATION_STYLE_ASSIGNMENT((#1018));
#1020=STYLED_ITEM('',(#1019),#1017);
#1021=DIRECTION('',(1.E0,0.E0,0.E0));
#1022=VECTOR('',#1021,2.81E-1);
#1023=CARTESIAN_POINT('',(-1.75E0,2.E-1,-1.38E0));
#1024=LINE('',#1023,#1022);
#1025=CURVE_STYLE('',#32,POSITIVE_LENGTH_MEASURE(2.E-2),#19);
#1026=PRESENTATION_STYLE_ASSIGNMENT((#1025));
#1027=STYLED_ITEM('',(#1026),#1024);
#1028=CARTESIAN_POINT('',(-1.469E0,0.E0,-1.38E0));
#1029=CARTESIAN_POINT('',(-1.35E0,0.E0,-1.499E0));
#1030=VERTEX_POINT('',#1028);
#1031=VERTEX_POINT('',#1029);
#1032=CARTESIAN_POINT('',(-1.35E0,0.E0,-1.501E0));
#1033=VERTEX_POINT('',#1032);
#1034=CARTESIAN_POINT('',(-1.469E0,0.E0,-1.62E0));
#1035=VERTEX_POINT('',#1034);
#1036=CARTESIAN_POINT('',(-1.469E0,2.E-1,-1.38E0));
#1037=CARTESIAN_POINT('',(-1.35E0,2.E-1,-1.499E0));
#1038=VERTEX_POINT('',#1036);
#1039=VERTEX_POINT('',#1037);
#1040=CARTESIAN_POINT('',(-1.35E0,2.E-1,-1.501E0));
#1041=VERTEX_POINT('',#1040);
#1042=CARTESIAN_POINT('',(-1.469E0,2.E-1,-1.62E0));
#1043=VERTEX_POINT('',#1042);
#1044=CARTESIAN_POINT('',(-1.75E0,0.E0,-1.38E0));
#1045=CARTESIAN_POINT('',(-1.75E0,0.E0,-1.62E0));
#1046=VERTEX_POINT('',#1044);
#1047=VERTEX_POINT('',#1045);
#1048=CARTESIAN_POINT('',(-1.75E0,2.E-1,-1.38E0));
#1049=CARTESIAN_POINT('',(-1.75E0,2.E-1,-1.62E0));
#1050=VERTEX_POINT('',#1048);
#1051=VERTEX_POINT('',#1049);
#1052=CARTESIAN_POINT('',(0.E0,0.E0,0.E0));
#1053=DIRECTION('',(0.E0,1.E0,0.E0));
#1054=DIRECTION('',(1.E0,0.E0,0.E0));
#1055=AXIS2_PLACEMENT_3D('',#1052,#1053,#1054);
#1056=PLANE('',#1055);
#1058=ORIENTED_EDGE('',*,*,#1057,.F.);
#1060=ORIENTED_EDGE('',*,*,#1059,.T.);
#1062=ORIENTED_EDGE('',*,*,#1061,.T.);
#1064=ORIENTED_EDGE('',*,*,#1063,.T.);
#1066=ORIENTED_EDGE('',*,*,#1065,.T.);
#1068=ORIENTED_EDGE('',*,*,#1067,.T.);
#1069=EDGE_LOOP('',(#1058,#1060,#1062,#1064,#1066,#1068));
#1070=FACE_OUTER_BOUND('',#1069,.F.);
#1072=CARTESIAN_POINT('',(-1.75E0,0.E0,3.5E0));
#1073=DIRECTION('',(1.E0,0.E0,0.E0));
#1074=DIRECTION('',(0.E0,0.E0,-1.E0));
#1075=AXIS2_PLACEMENT_3D('',#1072,#1073,#1074);
#1076=PLANE('',#1075);
#1077=ORIENTED_EDGE('',*,*,#1057,.T.);
#1079=ORIENTED_EDGE('',*,*,#1078,.T.);
#1081=ORIENTED_EDGE('',*,*,#1080,.F.);
#1083=ORIENTED_EDGE('',*,*,#1082,.F.);
#1084=EDGE_LOOP('',(#1077,#1079,#1081,#1083));
#1085=FACE_OUTER_BOUND('',#1084,.F.);
#1087=FILL_AREA_STYLE_COLOUR('',#25);
#1088=FILL_AREA_STYLE('',(#1087));
#1089=SURFACE_STYLE_FILL_AREA(#1088);
#1090=SURFACE_SIDE_STYLE('',(#1089));
#1091=SURFACE_STYLE_USAGE(.POSITIVE.,#1090);
#1092=PRESENTATION_STYLE_ASSIGNMENT((#1091));
#1093=OVER_RIDING_STYLED_ITEM('',(#1092),#1086,#897);
#1094=CARTESIAN_POINT('',(-1.469E0,0.E0,-1.62E0));
#1095=DIRECTION('',(0.E0,0.E0,-1.E0));
#1096=DIRECTION('',(-1.E0,0.E0,0.E0));
#1097=AXIS2_PLACEMENT_3D('',#1094,#1095,#1096);
#1098=PLANE('',#1097);
#1099=ORIENTED_EDGE('',*,*,#1078,.F.);
#1100=ORIENTED_EDGE('',*,*,#1067,.F.);
#1102=ORIENTED_EDGE('',*,*,#1101,.T.);
#1104=ORIENTED_EDGE('',*,*,#1103,.T.);
#1105=EDGE_LOOP('',(#1099,#1100,#1102,#1104));
#1106=FACE_OUTER_BOUND('',#1105,.F.);
#1108=CARTESIAN_POINT('',(-1.469E0,0.E0,-1.501E0));
#1109=DIRECTION('',(0.E0,1.E0,0.E0));
#1110=DIRECTION('',(1.E0,0.E0,0.E0));
#1111=AXIS2_PLACEMENT_3D('',#1108,#1109,#1110);
#1112=CYLINDRICAL_SURFACE('',#1111,1.19E-1);
#1113=ORIENTED_EDGE('',*,*,#1065,.F.);
#1115=ORIENTED_EDGE('',*,*,#1114,.T.);
#1117=ORIENTED_EDGE('',*,*,#1116,.T.);
#1118=ORIENTED_EDGE('',*,*,#1101,.F.);
#1119=EDGE_LOOP('',(#1113,#1115,#1117,#1118));
#1120=FACE_OUTER_BOUND('',#1119,.F.);
#1122=CARTESIAN_POINT('',(-1.35E0,0.E0,-1.499E0));
#1123=DIRECTION('',(1.E0,0.E0,0.E0));
#1124=DIRECTION('',(0.E0,0.E0,-1.E0));
#1125=AXIS2_PLACEMENT_3D('',#1122,#1123,#1124);
#1126=PLANE('',#1125);
#1127=ORIENTED_EDGE('',*,*,#1063,.F.);
#1129=ORIENTED_EDGE('',*,*,#1128,.T.);
#1131=ORIENTED_EDGE('',*,*,#1130,.T.);
#1132=ORIENTED_EDGE('',*,*,#1114,.F.);
#1133=EDGE_LOOP('',(#1127,#1129,#1131,#1132));
#1134=FACE_OUTER_BOUND('',#1133,.F.);
#1136=CARTESIAN_POINT('',(-1.469E0,0.E0,-1.499E0));
#1137=DIRECTION('',(0.E0,1.E0,0.E0));
#1138=DIRECTION('',(1.E0,0.E0,0.E0));
#1139=AXIS2_PLACEMENT_3D('',#1136,#1137,#1138);
#1140=CYLINDRICAL_SURFACE('',#1139,1.19E-1);
#1141=ORIENTED_EDGE('',*,*,#1061,.F.);
#1143=ORIENTED_EDGE('',*,*,#1142,.T.);
#1145=ORIENTED_EDGE('',*,*,#1144,.T.);
#1146=ORIENTED_EDGE('',*,*,#1128,.F.);
#1147=EDGE_LOOP('',(#1141,#1143,#1145,#1146));
#1148=FACE_OUTER_BOUND('',#1147,.F.);
#1150=CARTESIAN_POINT('',(-1.85E0,0.E0,-1.38E0));
#1151=DIRECTION('',(0.E0,0.E0,1.E0));
#1152=DIRECTION('',(1.E0,0.E0,0.E0));
#1153=AXIS2_PLACEMENT_3D('',#1150,#1151,#1152);
#1154=PLANE('',#1153);
#1155=ORIENTED_EDGE('',*,*,#1082,.T.);
#1157=ORIENTED_EDGE('',*,*,#1156,.T.);
#1158=ORIENTED_EDGE('',*,*,#1142,.F.);
#1159=ORIENTED_EDGE('',*,*,#1059,.F.);
#1160=EDGE_LOOP('',(#1155,#1157,#1158,#1159));
#1161=FACE_OUTER_BOUND('',#1160,.F.);
#1163=CARTESIAN_POINT('',(0.E0,2.E-1,0.E0));
#1164=DIRECTION('',(0.E0,1.E0,0.E0));
#1165=DIRECTION('',(1.E0,0.E0,0.E0));
#1166=AXIS2_PLACEMENT_3D('',#1163,#1164,#1165);
#1167=PLANE('',#1166);
#1168=ORIENTED_EDGE('',*,*,#1080,.T.);
#1169=ORIENTED_EDGE('',*,*,#1103,.F.);
#1170=ORIENTED_EDGE('',*,*,#1116,.F.);
#1171=ORIENTED_EDGE('',*,*,#1130,.F.);
#1172=ORIENTED_EDGE('',*,*,#1144,.F.);
#1173=ORIENTED_EDGE('',*,*,#1156,.F.);
#1174=EDGE_LOOP('',(#1168,#1169,#1170,#1171,#1172,#1173));
#1175=FACE_OUTER_BOUND('',#1174,.F.);
#1177=CLOSED_SHELL('',(#1071,#1086,#1107,#1121,#1135,#1149,#1162,#1176));
#1178=MANIFOLD_SOLID_BREP('',#1177);
#1179=FILL_AREA_STYLE_COLOUR('',#19);
#1180=FILL_AREA_STYLE('',(#1179));
#1181=SURFACE_STYLE_FILL_AREA(#1180);
#1182=SURFACE_SIDE_STYLE('',(#1181));
#1183=SURFACE_STYLE_USAGE(.POSITIVE.,#1182);
#1184=PRESENTATION_STYLE_ASSIGNMENT((#1183));
#897=STYLED_ITEM('',(#1184),#1178);
#1186=DIRECTION('',(0.E0,0.E0,-1.E0));
#1187=VECTOR('',#1186,2.4E-1);
#1188=CARTESIAN_POINT('',(-1.75E0,0.E0,-8.8E-1));
#1189=LINE('',#1188,#1187);
#1190=CURVE_STYLE('',#32,POSITIVE_LENGTH_MEASURE(2.E-2),#19);
#1191=PRESENTATION_STYLE_ASSIGNMENT((#1190));
#1192=STYLED_ITEM('',(#1191),#1189);
#1193=DIRECTION('',(1.E0,0.E0,0.E0));
#1194=VECTOR('',#1193,2.81E-1);
#1195=CARTESIAN_POINT('',(-1.75E0,0.E0,-8.8E-1));
#1196=LINE('',#1195,#1194);
#1197=CURVE_STYLE('',#32,POSITIVE_LENGTH_MEASURE(2.E-2),#19);
#1198=PRESENTATION_STYLE_ASSIGNMENT((#1197));
#1199=STYLED_ITEM('',(#1198),#1196);
#1200=CARTESIAN_POINT('',(-1.469E0,0.E0,-9.99E-1));
#1201=DIRECTION('',(0.E0,1.E0,0.E0));
#1202=DIRECTION('',(0.E0,0.E0,1.E0));
#1203=AXIS2_PLACEMENT_3D('',#1200,#1201,#1202);
#1205=CURVE_STYLE('',#32,POSITIVE_LENGTH_MEASURE(2.E-2),#19);
#1206=PRESENTATION_STYLE_ASSIGNMENT((#1205));
#1207=STYLED_ITEM('',(#1206),#1204);
#1208=DIRECTION('',(0.E0,0.E0,-1.E0));
#1209=VECTOR('',#1208,2.E-3);
#1210=CARTESIAN_POINT('',(-1.35E0,0.E0,-9.99E-1));
#1211=LINE('',#1210,#1209);
#1212=CURVE_STYLE('',#32,POSITIVE_LENGTH_MEASURE(2.E-2),#19);
#1213=PRESENTATION_STYLE_ASSIGNMENT((#1212));
#1214=STYLED_ITEM('',(#1213),#1211);
#1215=CARTESIAN_POINT('',(-1.469E0,0.E0,-1.001E0));
#1216=DIRECTION('',(0.E0,1.E0,0.E0));
#1217=DIRECTION('',(1.E0,0.E0,0.E0));
#1218=AXIS2_PLACEMENT_3D('',#1215,#1216,#1217);
#1220=CURVE_STYLE('',#32,POSITIVE_LENGTH_MEASURE(2.E-2),#19);
#1221=PRESENTATION_STYLE_ASSIGNMENT((#1220));
#1222=STYLED_ITEM('',(#1221),#1219);
#1223=DIRECTION('',(-1.E0,0.E0,0.E0));
#1224=VECTOR('',#1223,2.81E-1);
#1225=CARTESIAN_POINT('',(-1.469E0,0.E0,-1.12E0));
#1226=LINE('',#1225,#1224);
#1227=CURVE_STYLE('',#32,POSITIVE_LENGTH_MEASURE(2.E-2),#19);
#1228=PRESENTATION_STYLE_ASSIGNMENT((#1227));
#1229=STYLED_ITEM('',(#1228),#1226);
#1230=DIRECTION('',(0.E0,1.E0,0.E0));
#1231=VECTOR('',#1230,2.E-1);
#1232=CARTESIAN_POINT('',(-1.75E0,0.E0,-1.12E0));
#1233=LINE('',#1232,#1231);
#1234=CURVE_STYLE('',#32,POSITIVE_LENGTH_MEASURE(2.E-2),#19);
#1235=PRESENTATION_STYLE_ASSIGNMENT((#1234));
#1236=STYLED_ITEM('',(#1235),#1233);
#1237=DIRECTION('',(0.E0,1.E0,0.E0));
#1238=VECTOR('',#1237,2.E-1);
#1239=CARTESIAN_POINT('',(-1.469E0,0.E0,-1.12E0));
#1240=LINE('',#1239,#1238);
#1241=CURVE_STYLE('',#32,POSITIVE_LENGTH_MEASURE(2.E-2),#19);
#1242=PRESENTATION_STYLE_ASSIGNMENT((#1241));
#1243=STYLED_ITEM('',(#1242),#1240);
#1244=DIRECTION('',(0.E0,1.E0,0.E0));
#1245=VECTOR('',#1244,2.E-1);
#1246=CARTESIAN_POINT('',(-1.35E0,0.E0,-1.001E0));
#1247=LINE('',#1246,#1245);
#1248=CURVE_STYLE('',#32,POSITIVE_LENGTH_MEASURE(2.E-2),#19);
#1249=PRESENTATION_STYLE_ASSIGNMENT((#1248));
#1250=STYLED_ITEM('',(#1249),#1247);
#1251=DIRECTION('',(0.E0,1.E0,0.E0));
#1252=VECTOR('',#1251,2.E-1);
#1253=CARTESIAN_POINT('',(-1.35E0,0.E0,-9.99E-1));
#1254=LINE('',#1253,#1252);
#1255=CURVE_STYLE('',#32,POSITIVE_LENGTH_MEASURE(2.E-2),#19);
#1256=PRESENTATION_STYLE_ASSIGNMENT((#1255));
#1257=STYLED_ITEM('',(#1256),#1254);
#1258=DIRECTION('',(0.E0,1.E0,0.E0));
#1259=VECTOR('',#1258,2.E-1);
#1260=CARTESIAN_POINT('',(-1.469E0,0.E0,-8.8E-1));
#1261=LINE('',#1260,#1259);
#1262=CURVE_STYLE('',#32,POSITIVE_LENGTH_MEASURE(2.E-2),#19);
#1263=PRESENTATION_STYLE_ASSIGNMENT((#1262));
#1264=STYLED_ITEM('',(#1263),#1261);
#1265=DIRECTION('',(0.E0,1.E0,0.E0));
#1266=VECTOR('',#1265,2.E-1);
#1267=CARTESIAN_POINT('',(-1.75E0,0.E0,-8.8E-1));
#1268=LINE('',#1267,#1266);
#1269=CURVE_STYLE('',#32,POSITIVE_LENGTH_MEASURE(2.E-2),#19);
#1270=PRESENTATION_STYLE_ASSIGNMENT((#1269));
#1271=STYLED_ITEM('',(#1270),#1268);
#1272=DIRECTION('',(0.E0,0.E0,-1.E0));
#1273=VECTOR('',#1272,2.4E-1);
#1274=CARTESIAN_POINT('',(-1.75E0,2.E-1,-8.8E-1));
#1275=LINE('',#1274,#1273);
#1276=CURVE_STYLE('',#32,POSITIVE_LENGTH_MEASURE(2.E-2),#19);
#1277=PRESENTATION_STYLE_ASSIGNMENT((#1276));
#1278=STYLED_ITEM('',(#1277),#1275);
#1279=DIRECTION('',(-1.E0,0.E0,0.E0));
#1280=VECTOR('',#1279,2.81E-1);
#1281=CARTESIAN_POINT('',(-1.469E0,2.E-1,-1.12E0));
#1282=LINE('',#1281,#1280);
#1283=CURVE_STYLE('',#32,POSITIVE_LENGTH_MEASURE(2.E-2),#19);
#1284=PRESENTATION_STYLE_ASSIGNMENT((#1283));
#1285=STYLED_ITEM('',(#1284),#1282);
#1286=CARTESIAN_POINT('',(-1.469E0,2.E-1,-1.001E0));
#1287=DIRECTION('',(0.E0,1.E0,0.E0));
#1288=DIRECTION('',(1.E0,0.E0,0.E0));
#1289=AXIS2_PLACEMENT_3D('',#1286,#1287,#1288);
#1291=CURVE_STYLE('',#32,POSITIVE_LENGTH_MEASURE(2.E-2),#19);
#1292=PRESENTATION_STYLE_ASSIGNMENT((#1291));
#1293=STYLED_ITEM('',(#1292),#1290);
#1294=DIRECTION('',(0.E0,0.E0,-1.E0));
#1295=VECTOR('',#1294,2.E-3);
#1296=CARTESIAN_POINT('',(-1.35E0,2.E-1,-9.99E-1));
#1297=LINE('',#1296,#1295);
#1298=CURVE_STYLE('',#32,POSITIVE_LENGTH_MEASURE(2.E-2),#19);
#1299=PRESENTATION_STYLE_ASSIGNMENT((#1298));
#1300=STYLED_ITEM('',(#1299),#1297);
#1301=CARTESIAN_POINT('',(-1.469E0,2.E-1,-9.99E-1));
#1302=DIRECTION('',(0.E0,1.E0,0.E0));
#1303=DIRECTION('',(0.E0,0.E0,1.E0));
#1304=AXIS2_PLACEMENT_3D('',#1301,#1302,#1303);
#1306=CURVE_STYLE('',#32,POSITIVE_LENGTH_MEASURE(2.E-2),#19);
#1307=PRESENTATION_STYLE_ASSIGNMENT((#1306));
#1308=STYLED_ITEM('',(#1307),#1305);
#1309=DIRECTION('',(1.E0,0.E0,0.E0));
#1310=VECTOR('',#1309,2.81E-1);
#1311=CARTESIAN_POINT('',(-1.75E0,2.E-1,-8.8E-1));
#1312=LINE('',#1311,#1310);
#1313=CURVE_STYLE('',#32,POSITIVE_LENGTH_MEASURE(2.E-2),#19);
#1314=PRESENTATION_STYLE_ASSIGNMENT((#1313));
#1315=STYLED_ITEM('',(#1314),#1312);
#1316=CARTESIAN_POINT('',(-1.469E0,0.E0,-8.8E-1));
#1317=CARTESIAN_POINT('',(-1.35E0,0.E0,-9.99E-1));
#1318=VERTEX_POINT('',#1316);
#1319=VERTEX_POINT('',#1317);
#1320=CARTESIAN_POINT('',(-1.35E0,0.E0,-1.001E0));
#1321=VERTEX_POINT('',#1320);
#1322=CARTESIAN_POINT('',(-1.469E0,0.E0,-1.12E0));
#1323=VERTEX_POINT('',#1322);
#1324=CARTESIAN_POINT('',(-1.469E0,2.E-1,-8.8E-1));
#1325=CARTESIAN_POINT('',(-1.35E0,2.E-1,-9.99E-1));
#1326=VERTEX_POINT('',#1324);
#1327=VERTEX_POINT('',#1325);
#1328=CARTESIAN_POINT('',(-1.35E0,2.E-1,-1.001E0));
#1329=VERTEX_POINT('',#1328);
#1330=CARTESIAN_POINT('',(-1.469E0,2.E-1,-1.12E0));
#1331=VERTEX_POINT('',#1330);
#1332=CARTESIAN_POINT('',(-1.75E0,0.E0,-8.8E-1));
#1333=CARTESIAN_POINT('',(-1.75E0,0.E0,-1.12E0));
#1334=VERTEX_POINT('',#1332);
#1335=VERTEX_POINT('',#1333);
#1336=CARTESIAN_POINT('',(-1.75E0,2.E-1,-8.8E-1));
#1337=CARTESIAN_POINT('',(-1.75E0,2.E-1,-1.12E0));
#1338=VERTEX_POINT('',#1336);
#1339=VERTEX_POINT('',#1337);
#1340=CARTESIAN_POINT('',(0.E0,0.E0,0.E0));
#1341=DIRECTION('',(0.E0,1.E0,0.E0));
#1342=DIRECTION('',(1.E0,0.E0,0.E0));
#1343=AXIS2_PLACEMENT_3D('',#1340,#1341,#1342);
#1344=PLANE('',#1343);
#1346=ORIENTED_EDGE('',*,*,#1345,.F.);
#1348=ORIENTED_EDGE('',*,*,#1347,.T.);
#1350=ORIENTED_EDGE('',*,*,#1349,.T.);
#1352=ORIENTED_EDGE('',*,*,#1351,.T.);
#1354=ORIENTED_EDGE('',*,*,#1353,.T.);
#1356=ORIENTED_EDGE('',*,*,#1355,.T.);
#1357=EDGE_LOOP('',(#1346,#1348,#1350,#1352,#1354,#1356));
#1358=FACE_OUTER_BOUND('',#1357,.F.);
#1360=CARTESIAN_POINT('',(-1.75E0,0.E0,3.5E0));
#1361=DIRECTION('',(1.E0,0.E0,0.E0));
#1362=DIRECTION('',(0.E0,0.E0,-1.E0));
#1363=AXIS2_PLACEMENT_3D('',#1360,#1361,#1362);
#1364=PLANE('',#1363);
#1365=ORIENTED_EDGE('',*,*,#1345,.T.);
#1367=ORIENTED_EDGE('',*,*,#1366,.T.);
#1369=ORIENTED_EDGE('',*,*,#1368,.F.);
#1371=ORIENTED_EDGE('',*,*,#1370,.F.);
#1372=EDGE_LOOP('',(#1365,#1367,#1369,#1371));
#1373=FACE_OUTER_BOUND('',#1372,.F.);
#1375=FILL_AREA_STYLE_COLOUR('',#25);
#1376=FILL_AREA_STYLE('',(#1375));
#1377=SURFACE_STYLE_FILL_AREA(#1376);
#1378=SURFACE_SIDE_STYLE('',(#1377));
#1379=SURFACE_STYLE_USAGE(.POSITIVE.,#1378);
#1380=PRESENTATION_STYLE_ASSIGNMENT((#1379));
#1381=OVER_RIDING_STYLED_ITEM('',(#1380),#1374,#1185);
#1382=CARTESIAN_POINT('',(-1.469E0,0.E0,-1.12E0));
#1383=DIRECTION('',(0.E0,0.E0,-1.E0));
#1384=DIRECTION('',(-1.E0,0.E0,0.E0));
#1385=AXIS2_PLACEMENT_3D('',#1382,#1383,#1384);
#1386=PLANE('',#1385);
#1387=ORIENTED_EDGE('',*,*,#1366,.F.);
#1388=ORIENTED_EDGE('',*,*,#1355,.F.);
#1390=ORIENTED_EDGE('',*,*,#1389,.T.);
#1392=ORIENTED_EDGE('',*,*,#1391,.T.);
#1393=EDGE_LOOP('',(#1387,#1388,#1390,#1392));
#1394=FACE_OUTER_BOUND('',#1393,.F.);
#1396=CARTESIAN_POINT('',(-1.469E0,0.E0,-1.001E0));
#1397=DIRECTION('',(0.E0,1.E0,0.E0));
#1398=DIRECTION('',(1.E0,0.E0,0.E0));
#1399=AXIS2_PLACEMENT_3D('',#1396,#1397,#1398);
#1400=CYLINDRICAL_SURFACE('',#1399,1.19E-1);
#1401=ORIENTED_EDGE('',*,*,#1353,.F.);
#1403=ORIENTED_EDGE('',*,*,#1402,.T.);
#1405=ORIENTED_EDGE('',*,*,#1404,.T.);
#1406=ORIENTED_EDGE('',*,*,#1389,.F.);
#1407=EDGE_LOOP('',(#1401,#1403,#1405,#1406));
#1408=FACE_OUTER_BOUND('',#1407,.F.);
#1410=CARTESIAN_POINT('',(-1.35E0,0.E0,-9.99E-1));
#1411=DIRECTION('',(1.E0,0.E0,0.E0));
#1412=DIRECTION('',(0.E0,0.E0,-1.E0));
#1413=AXIS2_PLACEMENT_3D('',#1410,#1411,#1412);
#1414=PLANE('',#1413);
#1415=ORIENTED_EDGE('',*,*,#1351,.F.);
#1417=ORIENTED_EDGE('',*,*,#1416,.T.);
#1419=ORIENTED_EDGE('',*,*,#1418,.T.);
#1420=ORIENTED_EDGE('',*,*,#1402,.F.);
#1421=EDGE_LOOP('',(#1415,#1417,#1419,#1420));
#1422=FACE_OUTER_BOUND('',#1421,.F.);
#1424=CARTESIAN_POINT('',(-1.469E0,0.E0,-9.99E-1));
#1425=DIRECTION('',(0.E0,1.E0,0.E0));
#1426=DIRECTION('',(1.E0,0.E0,0.E0));
#1427=AXIS2_PLACEMENT_3D('',#1424,#1425,#1426);
#1428=CYLINDRICAL_SURFACE('',#1427,1.19E-1);
#1429=ORIENTED_EDGE('',*,*,#1349,.F.);
#1431=ORIENTED_EDGE('',*,*,#1430,.T.);
#1433=ORIENTED_EDGE('',*,*,#1432,.T.);
#1434=ORIENTED_EDGE('',*,*,#1416,.F.);
#1435=EDGE_LOOP('',(#1429,#1431,#1433,#1434));
#1436=FACE_OUTER_BOUND('',#1435,.F.);
#1438=CARTESIAN_POINT('',(-1.85E0,0.E0,-8.8E-1));
#1439=DIRECTION('',(0.E0,0.E0,1.E0));
#1440=DIRECTION('',(1.E0,0.E0,0.E0));
#1441=AXIS2_PLACEMENT_3D('',#1438,#1439,#1440);
#1442=PLANE('',#1441);
#1443=ORIENTED_EDGE('',*,*,#1370,.T.);
#1445=ORIENTED_EDGE('',*,*,#1444,.T.);
#1446=ORIENTED_EDGE('',*,*,#1430,.F.);
#1447=ORIENTED_EDGE('',*,*,#1347,.F.);
#1448=EDGE_LOOP('',(#1443,#1445,#1446,#1447));
#1449=FACE_OUTER_BOUND('',#1448,.F.);
#1451=CARTESIAN_POINT('',(0.E0,2.E-1,0.E0));
#1452=DIRECTION('',(0.E0,1.E0,0.E0));
#1453=DIRECTION('',(1.E0,0.E0,0.E0));
#1454=AXIS2_PLACEMENT_3D('',#1451,#1452,#1453);
#1455=PLANE('',#1454);
#1456=ORIENTED_EDGE('',*,*,#1368,.T.);
#1457=ORIENTED_EDGE('',*,*,#1391,.F.);
#1458=ORIENTED_EDGE('',*,*,#1404,.F.);
#1459=ORIENTED_EDGE('',*,*,#1418,.F.);
#1460=ORIENTED_EDGE('',*,*,#1432,.F.);
#1461=ORIENTED_EDGE('',*,*,#1444,.F.);
#1462=EDGE_LOOP('',(#1456,#1457,#1458,#1459,#1460,#1461));
#1463=FACE_OUTER_BOUND('',#1462,.F.);
#1465=CLOSED_SHELL('',(#1359,#1374,#1395,#1409,#1423,#1437,#1450,#1464));
#1466=MANIFOLD_SOLID_BREP('',#1465);
#1467=FILL_AREA_STYLE_COLOUR('',#19);
#1468=FILL_AREA_STYLE('',(#1467));
#1469=SURFACE_STYLE_FILL_AREA(#1468);
#1470=SURFACE_SIDE_STYLE('',(#1469));
#1471=SURFACE_STYLE_USAGE(.POSITIVE.,#1470);
#1472=PRESENTATION_STYLE_ASSIGNMENT((#1471));
#1185=STYLED_ITEM('',(#1472),#1466);
#1474=DIRECTION('',(0.E0,0.E0,-1.E0));
#1475=VECTOR('',#1474,2.4E-1);
#1476=CARTESIAN_POINT('',(1.75E0,0.E0,-2.88E0));
#1477=LINE('',#1476,#1475);
#1478=CURVE_STYLE('',#32,POSITIVE_LENGTH_MEASURE(2.E-2),#19);
#1479=PRESENTATION_STYLE_ASSIGNMENT((#1478));
#1480=STYLED_ITEM('',(#1479),#1477);
#1481=DIRECTION('',(1.E0,0.E0,0.E0));
#1482=VECTOR('',#1481,2.81E-1);
#1483=CARTESIAN_POINT('',(1.469E0,0.E0,-3.12E0));
#1484=LINE('',#1483,#1482);
#1485=CURVE_STYLE('',#32,POSITIVE_LENGTH_MEASURE(2.E-2),#19);
#1486=PRESENTATION_STYLE_ASSIGNMENT((#1485));
#1487=STYLED_ITEM('',(#1486),#1484);
#1488=CARTESIAN_POINT('',(1.469E0,0.E0,-3.001E0));
#1489=DIRECTION('',(0.E0,-1.E0,0.E0));
#1490=DIRECTION('',(-1.E0,0.E0,0.E0));
#1491=AXIS2_PLACEMENT_3D('',#1488,#1489,#1490);
#1493=CURVE_STYLE('',#32,POSITIVE_LENGTH_MEASURE(2.E-2),#19);
#1494=PRESENTATION_STYLE_ASSIGNMENT((#1493));
#1495=STYLED_ITEM('',(#1494),#1492);
#1496=DIRECTION('',(0.E0,0.E0,-1.E0));
#1497=VECTOR('',#1496,2.000000000001E-3);
#1498=CARTESIAN_POINT('',(1.35E0,0.E0,-2.999E0));
#1499=LINE('',#1498,#1497);
#1500=CURVE_STYLE('',#32,POSITIVE_LENGTH_MEASURE(2.E-2),#19);
#1501=PRESENTATION_STYLE_ASSIGNMENT((#1500));
#1502=STYLED_ITEM('',(#1501),#1499);
#1503=CARTESIAN_POINT('',(1.469E0,0.E0,-2.999E0));
#1504=DIRECTION('',(0.E0,-1.E0,0.E0));
#1505=DIRECTION('',(0.E0,0.E0,1.E0));
#1506=AXIS2_PLACEMENT_3D('',#1503,#1504,#1505);
#1508=CURVE_STYLE('',#32,POSITIVE_LENGTH_MEASURE(2.E-2),#19);
#1509=PRESENTATION_STYLE_ASSIGNMENT((#1508));
#1510=STYLED_ITEM('',(#1509),#1507);
#1511=DIRECTION('',(-1.E0,0.E0,0.E0));
#1512=VECTOR('',#1511,2.81E-1);
#1513=CARTESIAN_POINT('',(1.75E0,0.E0,-2.88E0));
#1514=LINE('',#1513,#1512);
#1515=CURVE_STYLE('',#32,POSITIVE_LENGTH_MEASURE(2.E-2),#19);
#1516=PRESENTATION_STYLE_ASSIGNMENT((#1515));
#1517=STYLED_ITEM('',(#1516),#1514);
#1518=DIRECTION('',(0.E0,1.E0,0.E0));
#1519=VECTOR('',#1518,2.E-1);
#1520=CARTESIAN_POINT('',(1.75E0,0.E0,-2.88E0));
#1521=LINE('',#1520,#1519);
#1522=CURVE_STYLE('',#32,POSITIVE_LENGTH_MEASURE(2.E-2),#19);
#1523=PRESENTATION_STYLE_ASSIGNMENT((#1522));
#1524=STYLED_ITEM('',(#1523),#1521);
#1525=DIRECTION('',(0.E0,1.E0,0.E0));
#1526=VECTOR('',#1525,2.E-1);
#1527=CARTESIAN_POINT('',(1.469E0,0.E0,-2.88E0));
#1528=LINE('',#1527,#1526);
#1529=CURVE_STYLE('',#32,POSITIVE_LENGTH_MEASURE(2.E-2),#19);
#1530=PRESENTATION_STYLE_ASSIGNMENT((#1529));
#1531=STYLED_ITEM('',(#1530),#1528);
#1532=DIRECTION('',(0.E0,1.E0,0.E0));
#1533=VECTOR('',#1532,2.E-1);
#1534=CARTESIAN_POINT('',(1.35E0,0.E0,-2.999E0));
#1535=LINE('',#1534,#1533);
#1536=CURVE_STYLE('',#32,POSITIVE_LENGTH_MEASURE(2.E-2),#19);
#1537=PRESENTATION_STYLE_ASSIGNMENT((#1536));
#1538=STYLED_ITEM('',(#1537),#1535);
#1539=DIRECTION('',(0.E0,1.E0,0.E0));
#1540=VECTOR('',#1539,2.E-1);
#1541=CARTESIAN_POINT('',(1.35E0,0.E0,-3.001E0));
#1542=LINE('',#1541,#1540);
#1543=CURVE_STYLE('',#32,POSITIVE_LENGTH_MEASURE(2.E-2),#19);
#1544=PRESENTATION_STYLE_ASSIGNMENT((#1543));
#1545=STYLED_ITEM('',(#1544),#1542);
#1546=DIRECTION('',(0.E0,1.E0,0.E0));
#1547=VECTOR('',#1546,2.E-1);
#1548=CARTESIAN_POINT('',(1.75E0,0.E0,-3.12E0));
#1549=LINE('',#1548,#1547);
#1550=CURVE_STYLE('',#32,POSITIVE_LENGTH_MEASURE(2.E-2),#19);
#1551=PRESENTATION_STYLE_ASSIGNMENT((#1550));
#1552=STYLED_ITEM('',(#1551),#1549);
#1553=DIRECTION('',(0.E0,1.E0,0.E0));
#1554=VECTOR('',#1553,2.E-1);
#1555=CARTESIAN_POINT('',(1.469E0,0.E0,-3.12E0));
#1556=LINE('',#1555,#1554);
#1557=CURVE_STYLE('',#32,POSITIVE_LENGTH_MEASURE(2.E-2),#19);
#1558=PRESENTATION_STYLE_ASSIGNMENT((#1557));
#1559=STYLED_ITEM('',(#1558),#1556);
#1560=DIRECTION('',(0.E0,0.E0,-1.E0));
#1561=VECTOR('',#1560,2.4E-1);
#1562=CARTESIAN_POINT('',(1.75E0,2.E-1,-2.88E0));
#1563=LINE('',#1562,#1561);
#1564=CURVE_STYLE('',#32,POSITIVE_LENGTH_MEASURE(2.E-2),#19);
#1565=PRESENTATION_STYLE_ASSIGNMENT((#1564));
#1566=STYLED_ITEM('',(#1565),#1563);
#1567=DIRECTION('',(-1.E0,0.E0,0.E0));
#1568=VECTOR('',#1567,2.81E-1);
#1569=CARTESIAN_POINT('',(1.75E0,2.E-1,-2.88E0));
#1570=LINE('',#1569,#1568);
#1571=CURVE_STYLE('',#32,POSITIVE_LENGTH_MEASURE(2.E-2),#19);
#1572=PRESENTATION_STYLE_ASSIGNMENT((#1571));
#1573=STYLED_ITEM('',(#1572),#1570);
#1574=CARTESIAN_POINT('',(1.469E0,2.E-1,-2.999E0));
#1575=DIRECTION('',(0.E0,-1.E0,0.E0));
#1576=DIRECTION('',(0.E0,0.E0,1.E0));
#1577=AXIS2_PLACEMENT_3D('',#1574,#1575,#1576);
#1579=CURVE_STYLE('',#32,POSITIVE_LENGTH_MEASURE(2.E-2),#19);
#1580=PRESENTATION_STYLE_ASSIGNMENT((#1579));
#1581=STYLED_ITEM('',(#1580),#1578);
#1582=DIRECTION('',(0.E0,0.E0,-1.E0));
#1583=VECTOR('',#1582,2.000000000001E-3);
#1584=CARTESIAN_POINT('',(1.35E0,2.E-1,-2.999E0));
#1585=LINE('',#1584,#1583);
#1586=CURVE_STYLE('',#32,POSITIVE_LENGTH_MEASURE(2.E-2),#19);
#1587=PRESENTATION_STYLE_ASSIGNMENT((#1586));
#1588=STYLED_ITEM('',(#1587),#1585);
#1589=CARTESIAN_POINT('',(1.469E0,2.E-1,-3.001E0));
#1590=DIRECTION('',(0.E0,-1.E0,0.E0));
#1591=DIRECTION('',(-1.E0,0.E0,0.E0));
#1592=AXIS2_PLACEMENT_3D('',#1589,#1590,#1591);
#1594=CURVE_STYLE('',#32,POSITIVE_LENGTH_MEASURE(2.E-2),#19);
#1595=PRESENTATION_STYLE_ASSIGNMENT((#1594));
#1596=STYLED_ITEM('',(#1595),#1593);
#1597=DIRECTION('',(1.E0,0.E0,0.E0));
#1598=VECTOR('',#1597,2.81E-1);
#1599=CARTESIAN_POINT('',(1.469E0,2.E-1,-3.12E0));
#1600=LINE('',#1599,#1598);
#1601=CURVE_STYLE('',#32,POSITIVE_LENGTH_MEASURE(2.E-2),#19);
#1602=PRESENTATION_STYLE_ASSIGNMENT((#1601));
#1603=STYLED_ITEM('',(#1602),#1600);
#1604=CARTESIAN_POINT('',(1.469E0,0.E0,-2.88E0));
#1605=CARTESIAN_POINT('',(1.35E0,0.E0,-2.999E0));
#1606=VERTEX_POINT('',#1604);
#1607=VERTEX_POINT('',#1605);
#1608=CARTESIAN_POINT('',(1.35E0,0.E0,-3.001E0));
#1609=VERTEX_POINT('',#1608);
#1610=CARTESIAN_POINT('',(1.469E0,0.E0,-3.12E0));
#1611=VERTEX_POINT('',#1610);
#1612=CARTESIAN_POINT('',(1.469E0,2.E-1,-2.88E0));
#1613=CARTESIAN_POINT('',(1.35E0,2.E-1,-2.999E0));
#1614=VERTEX_POINT('',#1612);
#1615=VERTEX_POINT('',#1613);
#1616=CARTESIAN_POINT('',(1.35E0,2.E-1,-3.001E0));
#1617=VERTEX_POINT('',#1616);
#1618=CARTESIAN_POINT('',(1.469E0,2.E-1,-3.12E0));
#1619=VERTEX_POINT('',#1618);
#1620=CARTESIAN_POINT('',(1.75E0,0.E0,-2.88E0));
#1621=CARTESIAN_POINT('',(1.75E0,0.E0,-3.12E0));
#1622=VERTEX_POINT('',#1620);
#1623=VERTEX_POINT('',#1621);
#1624=CARTESIAN_POINT('',(1.75E0,2.E-1,-2.88E0));
#1625=CARTESIAN_POINT('',(1.75E0,2.E-1,-3.12E0));
#1626=VERTEX_POINT('',#1624);
#1627=VERTEX_POINT('',#1625);
#1628=CARTESIAN_POINT('',(0.E0,0.E0,0.E0));
#1629=DIRECTION('',(0.E0,-1.E0,0.E0));
#1630=DIRECTION('',(-1.E0,0.E0,0.E0));
#1631=AXIS2_PLACEMENT_3D('',#1628,#1629,#1630);
#1632=PLANE('',#1631);
#1634=ORIENTED_EDGE('',*,*,#1633,.T.);
#1636=ORIENTED_EDGE('',*,*,#1635,.F.);
#1638=ORIENTED_EDGE('',*,*,#1637,.F.);
#1640=ORIENTED_EDGE('',*,*,#1639,.F.);
#1642=ORIENTED_EDGE('',*,*,#1641,.F.);
#1644=ORIENTED_EDGE('',*,*,#1643,.F.);
#1645=EDGE_LOOP('',(#1634,#1636,#1638,#1640,#1642,#1644));
#1646=FACE_OUTER_BOUND('',#1645,.F.);
#1648=CARTESIAN_POINT('',(1.75E0,0.E0,-3.5E0));
#1649=DIRECTION('',(-1.E0,0.E0,0.E0));
#1650=DIRECTION('',(0.E0,0.E0,1.E0));
#1651=AXIS2_PLACEMENT_3D('',#1648,#1649,#1650);
#1652=PLANE('',#1651);
#1653=ORIENTED_EDGE('',*,*,#1633,.F.);
#1655=ORIENTED_EDGE('',*,*,#1654,.T.);
#1657=ORIENTED_EDGE('',*,*,#1656,.T.);
#1659=ORIENTED_EDGE('',*,*,#1658,.F.);
#1660=EDGE_LOOP('',(#1653,#1655,#1657,#1659));
#1661=FACE_OUTER_BOUND('',#1660,.F.);
#1663=FILL_AREA_STYLE_COLOUR('',#25);
#1664=FILL_AREA_STYLE('',(#1663));
#1665=SURFACE_STYLE_FILL_AREA(#1664);
#1666=SURFACE_SIDE_STYLE('',(#1665));
#1667=SURFACE_STYLE_USAGE(.POSITIVE.,#1666);
#1668=PRESENTATION_STYLE_ASSIGNMENT((#1667));
#1669=OVER_RIDING_STYLED_ITEM('',(#1668),#1662,#1473);
#1670=CARTESIAN_POINT('',(1.85E0,0.E0,-2.88E0));
#1671=DIRECTION('',(0.E0,0.E0,-1.E0));
#1672=DIRECTION('',(-1.E0,0.E0,0.E0));
#1673=AXIS2_PLACEMENT_3D('',#1670,#1671,#1672);
#1674=PLANE('',#1673);
#1675=ORIENTED_EDGE('',*,*,#1654,.F.);
#1676=ORIENTED_EDGE('',*,*,#1643,.T.);
#1678=ORIENTED_EDGE('',*,*,#1677,.T.);
#1680=ORIENTED_EDGE('',*,*,#1679,.F.);
#1681=EDGE_LOOP('',(#1675,#1676,#1678,#1680));
#1682=FACE_OUTER_BOUND('',#1681,.F.);
#1684=CARTESIAN_POINT('',(1.469E0,0.E0,-2.999E0));
#1685=DIRECTION('',(0.E0,-1.E0,0.E0));
#1686=DIRECTION('',(-1.E0,0.E0,0.E0));
#1687=AXIS2_PLACEMENT_3D('',#1684,#1685,#1686);
#1688=CYLINDRICAL_SURFACE('',#1687,1.19E-1);
#1689=ORIENTED_EDGE('',*,*,#1641,.T.);
#1691=ORIENTED_EDGE('',*,*,#1690,.T.);
#1693=ORIENTED_EDGE('',*,*,#1692,.F.);
#1694=ORIENTED_EDGE('',*,*,#1677,.F.);
#1695=EDGE_LOOP('',(#1689,#1691,#1693,#1694));
#1696=FACE_OUTER_BOUND('',#1695,.F.);
#1698=CARTESIAN_POINT('',(1.35E0,0.E0,-2.999E0));
#1699=DIRECTION('',(1.E0,0.E0,0.E0));
#1700=DIRECTION('',(0.E0,0.E0,-1.E0));
#1701=AXIS2_PLACEMENT_3D('',#1698,#1699,#1700);
#1702=PLANE('',#1701);
#1703=ORIENTED_EDGE('',*,*,#1639,.T.);
#1705=ORIENTED_EDGE('',*,*,#1704,.T.);
#1707=ORIENTED_EDGE('',*,*,#1706,.F.);
#1708=ORIENTED_EDGE('',*,*,#1690,.F.);
#1709=EDGE_LOOP('',(#1703,#1705,#1707,#1708));
#1710=FACE_OUTER_BOUND('',#1709,.F.);
#1712=CARTESIAN_POINT('',(1.469E0,0.E0,-3.001E0));
#1713=DIRECTION('',(0.E0,-1.E0,0.E0));
#1714=DIRECTION('',(-1.E0,0.E0,0.E0));
#1715=AXIS2_PLACEMENT_3D('',#1712,#1713,#1714);
#1716=CYLINDRICAL_SURFACE('',#1715,1.19E-1);
#1717=ORIENTED_EDGE('',*,*,#1637,.T.);
#1719=ORIENTED_EDGE('',*,*,#1718,.T.);
#1721=ORIENTED_EDGE('',*,*,#1720,.F.);
#1722=ORIENTED_EDGE('',*,*,#1704,.F.);
#1723=EDGE_LOOP('',(#1717,#1719,#1721,#1722));
#1724=FACE_OUTER_BOUND('',#1723,.F.);
#1726=CARTESIAN_POINT('',(1.469E0,0.E0,-3.12E0));
#1727=DIRECTION('',(0.E0,0.E0,1.E0));
#1728=DIRECTION('',(1.E0,0.E0,0.E0));
#1729=AXIS2_PLACEMENT_3D('',#1726,#1727,#1728);
#1730=PLANE('',#1729);
#1731=ORIENTED_EDGE('',*,*,#1658,.T.);
#1733=ORIENTED_EDGE('',*,*,#1732,.F.);
#1734=ORIENTED_EDGE('',*,*,#1718,.F.);
#1735=ORIENTED_EDGE('',*,*,#1635,.T.);
#1736=EDGE_LOOP('',(#1731,#1733,#1734,#1735));
#1737=FACE_OUTER_BOUND('',#1736,.F.);
#1739=CARTESIAN_POINT('',(0.E0,2.E-1,0.E0));
#1740=DIRECTION('',(0.E0,-1.E0,0.E0));
#1741=DIRECTION('',(-1.E0,0.E0,0.E0));
#1742=AXIS2_PLACEMENT_3D('',#1739,#1740,#1741);
#1743=PLANE('',#1742);
#1744=ORIENTED_EDGE('',*,*,#1656,.F.);
#1745=ORIENTED_EDGE('',*,*,#1679,.T.);
#1746=ORIENTED_EDGE('',*,*,#1692,.T.);
#1747=ORIENTED_EDGE('',*,*,#1706,.T.);
#1748=ORIENTED_EDGE('',*,*,#1720,.T.);
#1749=ORIENTED_EDGE('',*,*,#1732,.T.);
#1750=EDGE_LOOP('',(#1744,#1745,#1746,#1747,#1748,#1749));
#1751=FACE_OUTER_BOUND('',#1750,.F.);
#1753=CLOSED_SHELL('',(#1647,#1662,#1683,#1697,#1711,#1725,#1738,#1752));
#1754=MANIFOLD_SOLID_BREP('',#1753);
#1755=FILL_AREA_STYLE_COLOUR('',#19);
#1756=FILL_AREA_STYLE('',(#1755));
#1757=SURFACE_STYLE_FILL_AREA(#1756);
#1758=SURFACE_SIDE_STYLE('',(#1757));
#1759=SURFACE_STYLE_USAGE(.POSITIVE.,#1758);
#1760=PRESENTATION_STYLE_ASSIGNMENT((#1759));
#1473=STYLED_ITEM('',(#1760),#1754);
#1762=DIRECTION('',(0.E0,0.E0,-1.E0));
#1763=VECTOR('',#1762,2.4E-1);
#1764=CARTESIAN_POINT('',(1.75E0,0.E0,-2.38E0));
#1765=LINE('',#1764,#1763);
#1766=CURVE_STYLE('',#32,POSITIVE_LENGTH_MEASURE(2.E-2),#19);
#1767=PRESENTATION_STYLE_ASSIGNMENT((#1766));
#1768=STYLED_ITEM('',(#1767),#1765);
#1769=DIRECTION('',(1.E0,0.E0,0.E0));
#1770=VECTOR('',#1769,2.81E-1);
#1771=CARTESIAN_POINT('',(1.469E0,0.E0,-2.62E0));
#1772=LINE('',#1771,#1770);
#1773=CURVE_STYLE('',#32,POSITIVE_LENGTH_MEASURE(2.E-2),#19);
#1774=PRESENTATION_STYLE_ASSIGNMENT((#1773));
#1775=STYLED_ITEM('',(#1774),#1772);
#1776=CARTESIAN_POINT('',(1.469E0,0.E0,-2.501E0));
#1777=DIRECTION('',(0.E0,-1.E0,0.E0));
#1778=DIRECTION('',(-1.E0,0.E0,0.E0));
#1779=AXIS2_PLACEMENT_3D('',#1776,#1777,#1778);
#1781=CURVE_STYLE('',#32,POSITIVE_LENGTH_MEASURE(2.E-2),#19);
#1782=PRESENTATION_STYLE_ASSIGNMENT((#1781));
#1783=STYLED_ITEM('',(#1782),#1780);
#1784=DIRECTION('',(0.E0,0.E0,-1.E0));
#1785=VECTOR('',#1784,2.000000000001E-3);
#1786=CARTESIAN_POINT('',(1.35E0,0.E0,-2.499E0));
#1787=LINE('',#1786,#1785);
#1788=CURVE_STYLE('',#32,POSITIVE_LENGTH_MEASURE(2.E-2),#19);
#1789=PRESENTATION_STYLE_ASSIGNMENT((#1788));
#1790=STYLED_ITEM('',(#1789),#1787);
#1791=CARTESIAN_POINT('',(1.469E0,0.E0,-2.499E0));
#1792=DIRECTION('',(0.E0,-1.E0,0.E0));
#1793=DIRECTION('',(0.E0,0.E0,1.E0));
#1794=AXIS2_PLACEMENT_3D('',#1791,#1792,#1793);
#1796=CURVE_STYLE('',#32,POSITIVE_LENGTH_MEASURE(2.E-2),#19);
#1797=PRESENTATION_STYLE_ASSIGNMENT((#1796));
#1798=STYLED_ITEM('',(#1797),#1795);
#1799=DIRECTION('',(-1.E0,0.E0,0.E0));
#1800=VECTOR('',#1799,2.81E-1);
#1801=CARTESIAN_POINT('',(1.75E0,0.E0,-2.38E0));
#1802=LINE('',#1801,#1800);
#1803=CURVE_STYLE('',#32,POSITIVE_LENGTH_MEASURE(2.E-2),#19);
#1804=PRESENTATION_STYLE_ASSIGNMENT((#1803));
#1805=STYLED_ITEM('',(#1804),#1802);
#1806=DIRECTION('',(0.E0,1.E0,0.E0));
#1807=VECTOR('',#1806,2.E-1);
#1808=CARTESIAN_POINT('',(1.75E0,0.E0,-2.38E0));
#1809=LINE('',#1808,#1807);
#1810=CURVE_STYLE('',#32,POSITIVE_LENGTH_MEASURE(2.E-2),#19);
#1811=PRESENTATION_STYLE_ASSIGNMENT((#1810));
#1812=STYLED_ITEM('',(#1811),#1809);
#1813=DIRECTION('',(0.E0,1.E0,0.E0));
#1814=VECTOR('',#1813,2.E-1);
#1815=CARTESIAN_POINT('',(1.469E0,0.E0,-2.38E0));
#1816=LINE('',#1815,#1814);
#1817=CURVE_STYLE('',#32,POSITIVE_LENGTH_MEASURE(2.E-2),#19);
#1818=PRESENTATION_STYLE_ASSIGNMENT((#1817));
#1819=STYLED_ITEM('',(#1818),#1816);
#1820=DIRECTION('',(0.E0,1.E0,0.E0));
#1821=VECTOR('',#1820,2.E-1);
#1822=CARTESIAN_POINT('',(1.35E0,0.E0,-2.499E0));
#1823=LINE('',#1822,#1821);
#1824=CURVE_STYLE('',#32,POSITIVE_LENGTH_MEASURE(2.E-2),#19);
#1825=PRESENTATION_STYLE_ASSIGNMENT((#1824));
#1826=STYLED_ITEM('',(#1825),#1823);
#1827=DIRECTION('',(0.E0,1.E0,0.E0));
#1828=VECTOR('',#1827,2.E-1);
#1829=CARTESIAN_POINT('',(1.35E0,0.E0,-2.501E0));
#1830=LINE('',#1829,#1828);
#1831=CURVE_STYLE('',#32,POSITIVE_LENGTH_MEASURE(2.E-2),#19);
#1832=PRESENTATION_STYLE_ASSIGNMENT((#1831));
#1833=STYLED_ITEM('',(#1832),#1830);
#1834=DIRECTION('',(0.E0,1.E0,0.E0));
#1835=VECTOR('',#1834,2.E-1);
#1836=CARTESIAN_POINT('',(1.75E0,0.E0,-2.62E0));
#1837=LINE('',#1836,#1835);
#1838=CURVE_STYLE('',#32,POSITIVE_LENGTH_MEASURE(2.E-2),#19);
#1839=PRESENTATION_STYLE_ASSIGNMENT((#1838));
#1840=STYLED_ITEM('',(#1839),#1837);
#1841=DIRECTION('',(0.E0,1.E0,0.E0));
#1842=VECTOR('',#1841,2.E-1);
#1843=CARTESIAN_POINT('',(1.469E0,0.E0,-2.62E0));
#1844=LINE('',#1843,#1842);
#1845=CURVE_STYLE('',#32,POSITIVE_LENGTH_MEASURE(2.E-2),#19);
#1846=PRESENTATION_STYLE_ASSIGNMENT((#1845));
#1847=STYLED_ITEM('',(#1846),#1844);
#1848=DIRECTION('',(0.E0,0.E0,-1.E0));
#1849=VECTOR('',#1848,2.4E-1);
#1850=CARTESIAN_POINT('',(1.75E0,2.E-1,-2.38E0));
#1851=LINE('',#1850,#1849);
#1852=CURVE_STYLE('',#32,POSITIVE_LENGTH_MEASURE(2.E-2),#19);
#1853=PRESENTATION_STYLE_ASSIGNMENT((#1852));
#1854=STYLED_ITEM('',(#1853),#1851);
#1855=DIRECTION('',(-1.E0,0.E0,0.E0));
#1856=VECTOR('',#1855,2.81E-1);
#1857=CARTESIAN_POINT('',(1.75E0,2.E-1,-2.38E0));
#1858=LINE('',#1857,#1856);
#1859=CURVE_STYLE('',#32,POSITIVE_LENGTH_MEASURE(2.E-2),#19);
#1860=PRESENTATION_STYLE_ASSIGNMENT((#1859));
#1861=STYLED_ITEM('',(#1860),#1858);
#1862=CARTESIAN_POINT('',(1.469E0,2.E-1,-2.499E0));
#1863=DIRECTION('',(0.E0,-1.E0,0.E0));
#1864=DIRECTION('',(0.E0,0.E0,1.E0));
#1865=AXIS2_PLACEMENT_3D('',#1862,#1863,#1864);
#1867=CURVE_STYLE('',#32,POSITIVE_LENGTH_MEASURE(2.E-2),#19);
#1868=PRESENTATION_STYLE_ASSIGNMENT((#1867));
#1869=STYLED_ITEM('',(#1868),#1866);
#1870=DIRECTION('',(0.E0,0.E0,-1.E0));
#1871=VECTOR('',#1870,2.000000000001E-3);
#1872=CARTESIAN_POINT('',(1.35E0,2.E-1,-2.499E0));
#1873=LINE('',#1872,#1871);
#1874=CURVE_STYLE('',#32,POSITIVE_LENGTH_MEASURE(2.E-2),#19);
#1875=PRESENTATION_STYLE_ASSIGNMENT((#1874));
#1876=STYLED_ITEM('',(#1875),#1873);
#1877=CARTESIAN_POINT('',(1.469E0,2.E-1,-2.501E0));
#1878=DIRECTION('',(0.E0,-1.E0,0.E0));
#1879=DIRECTION('',(-1.E0,0.E0,0.E0));
#1880=AXIS2_PLACEMENT_3D('',#1877,#1878,#1879);
#1882=CURVE_STYLE('',#32,POSITIVE_LENGTH_MEASURE(2.E-2),#19);
#1883=PRESENTATION_STYLE_ASSIGNMENT((#1882));
#1884=STYLED_ITEM('',(#1883),#1881);
#1885=DIRECTION('',(1.E0,0.E0,0.E0));
#1886=VECTOR('',#1885,2.81E-1);
#1887=CARTESIAN_POINT('',(1.469E0,2.E-1,-2.62E0));
#1888=LINE('',#1887,#1886);
#1889=CURVE_STYLE('',#32,POSITIVE_LENGTH_MEASURE(2.E-2),#19);
#1890=PRESENTATION_STYLE_ASSIGNMENT((#1889));
#1891=STYLED_ITEM('',(#1890),#1888);
#1892=CARTESIAN_POINT('',(1.469E0,0.E0,-2.38E0));
#1893=CARTESIAN_POINT('',(1.35E0,0.E0,-2.499E0));
#1894=VERTEX_POINT('',#1892);
#1895=VERTEX_POINT('',#1893);
#1896=CARTESIAN_POINT('',(1.35E0,0.E0,-2.501E0));
#1897=VERTEX_POINT('',#1896);
#1898=CARTESIAN_POINT('',(1.469E0,0.E0,-2.62E0));
#1899=VERTEX_POINT('',#1898);
#1900=CARTESIAN_POINT('',(1.469E0,2.E-1,-2.38E0));
#1901=CARTESIAN_POINT('',(1.35E0,2.E-1,-2.499E0));
#1902=VERTEX_POINT('',#1900);
#1903=VERTEX_POINT('',#1901);
#1904=CARTESIAN_POINT('',(1.35E0,2.E-1,-2.501E0));
#1905=VERTEX_POINT('',#1904);
#1906=CARTESIAN_POINT('',(1.469E0,2.E-1,-2.62E0));
#1907=VERTEX_POINT('',#1906);
#1908=CARTESIAN_POINT('',(1.75E0,0.E0,-2.38E0));
#1909=CARTESIAN_POINT('',(1.75E0,0.E0,-2.62E0));
#1910=VERTEX_POINT('',#1908);
#1911=VERTEX_POINT('',#1909);
#1912=CARTESIAN_POINT('',(1.75E0,2.E-1,-2.38E0));
#1913=CARTESIAN_POINT('',(1.75E0,2.E-1,-2.62E0));
#1914=VERTEX_POINT('',#1912);
#1915=VERTEX_POINT('',#1913);
#1916=CARTESIAN_POINT('',(0.E0,0.E0,0.E0));
#1917=DIRECTION('',(0.E0,-1.E0,0.E0));
#1918=DIRECTION('',(-1.E0,0.E0,0.E0));
#1919=AXIS2_PLACEMENT_3D('',#1916,#1917,#1918);
#1920=PLANE('',#1919);
#1922=ORIENTED_EDGE('',*,*,#1921,.T.);
#1924=ORIENTED_EDGE('',*,*,#1923,.F.);
#1926=ORIENTED_EDGE('',*,*,#1925,.F.);
#1928=ORIENTED_EDGE('',*,*,#1927,.F.);
#1930=ORIENTED_EDGE('',*,*,#1929,.F.);
#1932=ORIENTED_EDGE('',*,*,#1931,.F.);
#1933=EDGE_LOOP('',(#1922,#1924,#1926,#1928,#1930,#1932));
#1934=FACE_OUTER_BOUND('',#1933,.F.);
#1936=CARTESIAN_POINT('',(1.75E0,0.E0,-3.5E0));
#1937=DIRECTION('',(-1.E0,0.E0,0.E0));
#1938=DIRECTION('',(0.E0,0.E0,1.E0));
#1939=AXIS2_PLACEMENT_3D('',#1936,#1937,#1938);
#1940=PLANE('',#1939);
#1941=ORIENTED_EDGE('',*,*,#1921,.F.);
#1943=ORIENTED_EDGE('',*,*,#1942,.T.);
#1945=ORIENTED_EDGE('',*,*,#1944,.T.);
#1947=ORIENTED_EDGE('',*,*,#1946,.F.);
#1948=EDGE_LOOP('',(#1941,#1943,#1945,#1947));
#1949=FACE_OUTER_BOUND('',#1948,.F.);
#1951=FILL_AREA_STYLE_COLOUR('',#25);
#1952=FILL_AREA_STYLE('',(#1951));
#1953=SURFACE_STYLE_FILL_AREA(#1952);
#1954=SURFACE_SIDE_STYLE('',(#1953));
#1955=SURFACE_STYLE_USAGE(.POSITIVE.,#1954);
#1956=PRESENTATION_STYLE_ASSIGNMENT((#1955));
#1957=OVER_RIDING_STYLED_ITEM('',(#1956),#1950,#1761);
#1958=CARTESIAN_POINT('',(1.85E0,0.E0,-2.38E0));
#1959=DIRECTION('',(0.E0,0.E0,-1.E0));
#1960=DIRECTION('',(-1.E0,0.E0,0.E0));
#1961=AXIS2_PLACEMENT_3D('',#1958,#1959,#1960);
#1962=PLANE('',#1961);
#1963=ORIENTED_EDGE('',*,*,#1942,.F.);
#1964=ORIENTED_EDGE('',*,*,#1931,.T.);
#1966=ORIENTED_EDGE('',*,*,#1965,.T.);
#1968=ORIENTED_EDGE('',*,*,#1967,.F.);
#1969=EDGE_LOOP('',(#1963,#1964,#1966,#1968));
#1970=FACE_OUTER_BOUND('',#1969,.F.);
#1972=CARTESIAN_POINT('',(1.469E0,0.E0,-2.499E0));
#1973=DIRECTION('',(0.E0,-1.E0,0.E0));
#1974=DIRECTION('',(-1.E0,0.E0,0.E0));
#1975=AXIS2_PLACEMENT_3D('',#1972,#1973,#1974);
#1976=CYLINDRICAL_SURFACE('',#1975,1.19E-1);
#1977=ORIENTED_EDGE('',*,*,#1929,.T.);
#1979=ORIENTED_EDGE('',*,*,#1978,.T.);
#1981=ORIENTED_EDGE('',*,*,#1980,.F.);
#1982=ORIENTED_EDGE('',*,*,#1965,.F.);
#1983=EDGE_LOOP('',(#1977,#1979,#1981,#1982));
#1984=FACE_OUTER_BOUND('',#1983,.F.);
#1986=CARTESIAN_POINT('',(1.35E0,0.E0,-2.499E0));
#1987=DIRECTION('',(1.E0,0.E0,0.E0));
#1988=DIRECTION('',(0.E0,0.E0,-1.E0));
#1989=AXIS2_PLACEMENT_3D('',#1986,#1987,#1988);
#1990=PLANE('',#1989);
#1991=ORIENTED_EDGE('',*,*,#1927,.T.);
#1993=ORIENTED_EDGE('',*,*,#1992,.T.);
#1995=ORIENTED_EDGE('',*,*,#1994,.F.);
#1996=ORIENTED_EDGE('',*,*,#1978,.F.);
#1997=EDGE_LOOP('',(#1991,#1993,#1995,#1996));
#1998=FACE_OUTER_BOUND('',#1997,.F.);
#2000=CARTESIAN_POINT('',(1.469E0,0.E0,-2.501E0));
#2001=DIRECTION('',(0.E0,-1.E0,0.E0));
#2002=DIRECTION('',(-1.E0,0.E0,0.E0));
#2003=AXIS2_PLACEMENT_3D('',#2000,#2001,#2002);
#2004=CYLINDRICAL_SURFACE('',#2003,1.19E-1);
#2005=ORIENTED_EDGE('',*,*,#1925,.T.);
#2007=ORIENTED_EDGE('',*,*,#2006,.T.);
#2009=ORIENTED_EDGE('',*,*,#2008,.F.);
#2010=ORIENTED_EDGE('',*,*,#1992,.F.);
#2011=EDGE_LOOP('',(#2005,#2007,#2009,#2010));
#2012=FACE_OUTER_BOUND('',#2011,.F.);
#2014=CARTESIAN_POINT('',(1.469E0,0.E0,-2.62E0));
#2015=DIRECTION('',(0.E0,0.E0,1.E0));
#2016=DIRECTION('',(1.E0,0.E0,0.E0));
#2017=AXIS2_PLACEMENT_3D('',#2014,#2015,#2016);
#2018=PLANE('',#2017);
#2019=ORIENTED_EDGE('',*,*,#1946,.T.);
#2021=ORIENTED_EDGE('',*,*,#2020,.F.);
#2022=ORIENTED_EDGE('',*,*,#2006,.F.);
#2023=ORIENTED_EDGE('',*,*,#1923,.T.);
#2024=EDGE_LOOP('',(#2019,#2021,#2022,#2023));
#2025=FACE_OUTER_BOUND('',#2024,.F.);
#2027=CARTESIAN_POINT('',(0.E0,2.E-1,0.E0));
#2028=DIRECTION('',(0.E0,-1.E0,0.E0));
#2029=DIRECTION('',(-1.E0,0.E0,0.E0));
#2030=AXIS2_PLACEMENT_3D('',#2027,#2028,#2029);
#2031=PLANE('',#2030);
#2032=ORIENTED_EDGE('',*,*,#1944,.F.);
#2033=ORIENTED_EDGE('',*,*,#1967,.T.);
#2034=ORIENTED_EDGE('',*,*,#1980,.T.);
#2035=ORIENTED_EDGE('',*,*,#1994,.T.);
#2036=ORIENTED_EDGE('',*,*,#2008,.T.);
#2037=ORIENTED_EDGE('',*,*,#2020,.T.);
#2038=EDGE_LOOP('',(#2032,#2033,#2034,#2035,#2036,#2037));
#2039=FACE_OUTER_BOUND('',#2038,.F.);
#2041=CLOSED_SHELL('',(#1935,#1950,#1971,#1985,#1999,#2013,#2026,#2040));
#2042=MANIFOLD_SOLID_BREP('',#2041);
#2043=FILL_AREA_STYLE_COLOUR('',#19);
#2044=FILL_AREA_STYLE('',(#2043));
#2045=SURFACE_STYLE_FILL_AREA(#2044);
#2046=SURFACE_SIDE_STYLE('',(#2045));
#2047=SURFACE_STYLE_USAGE(.POSITIVE.,#2046);
#2048=PRESENTATION_STYLE_ASSIGNMENT((#2047));
#1761=STYLED_ITEM('',(#2048),#2042);
#2050=DIRECTION('',(0.E0,0.E0,-1.E0));
#2051=VECTOR('',#2050,2.4E-1);
#2052=CARTESIAN_POINT('',(1.75E0,0.E0,-1.88E0));
#2053=LINE('',#2052,#2051);
#2054=CURVE_STYLE('',#32,POSITIVE_LENGTH_MEASURE(2.E-2),#19);
#2055=PRESENTATION_STYLE_ASSIGNMENT((#2054));
#2056=STYLED_ITEM('',(#2055),#2053);
#2057=DIRECTION('',(1.E0,0.E0,0.E0));
#2058=VECTOR('',#2057,2.81E-1);
#2059=CARTESIAN_POINT('',(1.469E0,0.E0,-2.12E0));
#2060=LINE('',#2059,#2058);
#2061=CURVE_STYLE('',#32,POSITIVE_LENGTH_MEASURE(2.E-2),#19);
#2062=PRESENTATION_STYLE_ASSIGNMENT((#2061));
#2063=STYLED_ITEM('',(#2062),#2060);
#2064=CARTESIAN_POINT('',(1.469E0,0.E0,-2.001E0));
#2065=DIRECTION('',(0.E0,-1.E0,0.E0));
#2066=DIRECTION('',(-1.E0,0.E0,0.E0));
#2067=AXIS2_PLACEMENT_3D('',#2064,#2065,#2066);
#2069=CURVE_STYLE('',#32,POSITIVE_LENGTH_MEASURE(2.E-2),#19);
#2070=PRESENTATION_STYLE_ASSIGNMENT((#2069));
#2071=STYLED_ITEM('',(#2070),#2068);
#2072=DIRECTION('',(0.E0,0.E0,-1.E0));
#2073=VECTOR('',#2072,2.E-3);
#2074=CARTESIAN_POINT('',(1.35E0,0.E0,-1.999E0));
#2075=LINE('',#2074,#2073);
#2076=CURVE_STYLE('',#32,POSITIVE_LENGTH_MEASURE(2.E-2),#19);
#2077=PRESENTATION_STYLE_ASSIGNMENT((#2076));
#2078=STYLED_ITEM('',(#2077),#2075);
#2079=CARTESIAN_POINT('',(1.469E0,0.E0,-1.999E0));
#2080=DIRECTION('',(0.E0,-1.E0,0.E0));
#2081=DIRECTION('',(0.E0,0.E0,1.E0));
#2082=AXIS2_PLACEMENT_3D('',#2079,#2080,#2081);
#2084=CURVE_STYLE('',#32,POSITIVE_LENGTH_MEASURE(2.E-2),#19);
#2085=PRESENTATION_STYLE_ASSIGNMENT((#2084));
#2086=STYLED_ITEM('',(#2085),#2083);
#2087=DIRECTION('',(-1.E0,0.E0,0.E0));
#2088=VECTOR('',#2087,2.81E-1);
#2089=CARTESIAN_POINT('',(1.75E0,0.E0,-1.88E0));
#2090=LINE('',#2089,#2088);
#2091=CURVE_STYLE('',#32,POSITIVE_LENGTH_MEASURE(2.E-2),#19);
#2092=PRESENTATION_STYLE_ASSIGNMENT((#2091));
#2093=STYLED_ITEM('',(#2092),#2090);
#2094=DIRECTION('',(0.E0,1.E0,0.E0));
#2095=VECTOR('',#2094,2.E-1);
#2096=CARTESIAN_POINT('',(1.75E0,0.E0,-1.88E0));
#2097=LINE('',#2096,#2095);
#2098=CURVE_STYLE('',#32,POSITIVE_LENGTH_MEASURE(2.E-2),#19);
#2099=PRESENTATION_STYLE_ASSIGNMENT((#2098));
#2100=STYLED_ITEM('',(#2099),#2097);
#2101=DIRECTION('',(0.E0,1.E0,0.E0));
#2102=VECTOR('',#2101,2.E-1);
#2103=CARTESIAN_POINT('',(1.469E0,0.E0,-1.88E0));
#2104=LINE('',#2103,#2102);
#2105=CURVE_STYLE('',#32,POSITIVE_LENGTH_MEASURE(2.E-2),#19);
#2106=PRESENTATION_STYLE_ASSIGNMENT((#2105));
#2107=STYLED_ITEM('',(#2106),#2104);
#2108=DIRECTION('',(0.E0,1.E0,0.E0));
#2109=VECTOR('',#2108,2.E-1);
#2110=CARTESIAN_POINT('',(1.35E0,0.E0,-1.999E0));
#2111=LINE('',#2110,#2109);
#2112=CURVE_STYLE('',#32,POSITIVE_LENGTH_MEASURE(2.E-2),#19);
#2113=PRESENTATION_STYLE_ASSIGNMENT((#2112));
#2114=STYLED_ITEM('',(#2113),#2111);
#2115=DIRECTION('',(0.E0,1.E0,0.E0));
#2116=VECTOR('',#2115,2.E-1);
#2117=CARTESIAN_POINT('',(1.35E0,0.E0,-2.001E0));
#2118=LINE('',#2117,#2116);
#2119=CURVE_STYLE('',#32,POSITIVE_LENGTH_MEASURE(2.E-2),#19);
#2120=PRESENTATION_STYLE_ASSIGNMENT((#2119));
#2121=STYLED_ITEM('',(#2120),#2118);
#2122=DIRECTION('',(0.E0,1.E0,0.E0));
#2123=VECTOR('',#2122,2.E-1);
#2124=CARTESIAN_POINT('',(1.75E0,0.E0,-2.12E0));
#2125=LINE('',#2124,#2123);
#2126=CURVE_STYLE('',#32,POSITIVE_LENGTH_MEASURE(2.E-2),#19);
#2127=PRESENTATION_STYLE_ASSIGNMENT((#2126));
#2128=STYLED_ITEM('',(#2127),#2125);
#2129=DIRECTION('',(0.E0,1.E0,0.E0));
#2130=VECTOR('',#2129,2.E-1);
#2131=CARTESIAN_POINT('',(1.469E0,0.E0,-2.12E0));
#2132=LINE('',#2131,#2130);
#2133=CURVE_STYLE('',#32,POSITIVE_LENGTH_MEASURE(2.E-2),#19);
#2134=PRESENTATION_STYLE_ASSIGNMENT((#2133));
#2135=STYLED_ITEM('',(#2134),#2132);
#2136=DIRECTION('',(0.E0,0.E0,-1.E0));
#2137=VECTOR('',#2136,2.4E-1);
#2138=CARTESIAN_POINT('',(1.75E0,2.E-1,-1.88E0));
#2139=LINE('',#2138,#2137);
#2140=CURVE_STYLE('',#32,POSITIVE_LENGTH_MEASURE(2.E-2),#19);
#2141=PRESENTATION_STYLE_ASSIGNMENT((#2140));
#2142=STYLED_ITEM('',(#2141),#2139);
#2143=DIRECTION('',(-1.E0,0.E0,0.E0));
#2144=VECTOR('',#2143,2.81E-1);
#2145=CARTESIAN_POINT('',(1.75E0,2.E-1,-1.88E0));
#2146=LINE('',#2145,#2144);
#2147=CURVE_STYLE('',#32,POSITIVE_LENGTH_MEASURE(2.E-2),#19);
#2148=PRESENTATION_STYLE_ASSIGNMENT((#2147));
#2149=STYLED_ITEM('',(#2148),#2146);
#2150=CARTESIAN_POINT('',(1.469E0,2.E-1,-1.999E0));
#2151=DIRECTION('',(0.E0,-1.E0,0.E0));
#2152=DIRECTION('',(0.E0,0.E0,1.E0));
#2153=AXIS2_PLACEMENT_3D('',#2150,#2151,#2152);
#2155=CURVE_STYLE('',#32,POSITIVE_LENGTH_MEASURE(2.E-2),#19);
#2156=PRESENTATION_STYLE_ASSIGNMENT((#2155));
#2157=STYLED_ITEM('',(#2156),#2154);
#2158=DIRECTION('',(0.E0,0.E0,-1.E0));
#2159=VECTOR('',#2158,2.E-3);
#2160=CARTESIAN_POINT('',(1.35E0,2.E-1,-1.999E0));
#2161=LINE('',#2160,#2159);
#2162=CURVE_STYLE('',#32,POSITIVE_LENGTH_MEASURE(2.E-2),#19);
#2163=PRESENTATION_STYLE_ASSIGNMENT((#2162));
#2164=STYLED_ITEM('',(#2163),#2161);
#2165=CARTESIAN_POINT('',(1.469E0,2.E-1,-2.001E0));
#2166=DIRECTION('',(0.E0,-1.E0,0.E0));
#2167=DIRECTION('',(-1.E0,0.E0,0.E0));
#2168=AXIS2_PLACEMENT_3D('',#2165,#2166,#2167);
#2170=CURVE_STYLE('',#32,POSITIVE_LENGTH_MEASURE(2.E-2),#19);
#2171=PRESENTATION_STYLE_ASSIGNMENT((#2170));
#2172=STYLED_ITEM('',(#2171),#2169);
#2173=DIRECTION('',(1.E0,0.E0,0.E0));
#2174=VECTOR('',#2173,2.81E-1);
#2175=CARTESIAN_POINT('',(1.469E0,2.E-1,-2.12E0));
#2176=LINE('',#2175,#2174);
#2177=CURVE_STYLE('',#32,POSITIVE_LENGTH_MEASURE(2.E-2),#19);
#2178=PRESENTATION_STYLE_ASSIGNMENT((#2177));
#2179=STYLED_ITEM('',(#2178),#2176);
#2180=CARTESIAN_POINT('',(1.469E0,0.E0,-1.88E0));
#2181=CARTESIAN_POINT('',(1.35E0,0.E0,-1.999E0));
#2182=VERTEX_POINT('',#2180);
#2183=VERTEX_POINT('',#2181);
#2184=CARTESIAN_POINT('',(1.35E0,0.E0,-2.001E0));
#2185=VERTEX_POINT('',#2184);
#2186=CARTESIAN_POINT('',(1.469E0,0.E0,-2.12E0));
#2187=VERTEX_POINT('',#2186);
#2188=CARTESIAN_POINT('',(1.469E0,2.E-1,-1.88E0));
#2189=CARTESIAN_POINT('',(1.35E0,2.E-1,-1.999E0));
#2190=VERTEX_POINT('',#2188);
#2191=VERTEX_POINT('',#2189);
#2192=CARTESIAN_POINT('',(1.35E0,2.E-1,-2.001E0));
#2193=VERTEX_POINT('',#2192);
#2194=CARTESIAN_POINT('',(1.469E0,2.E-1,-2.12E0));
#2195=VERTEX_POINT('',#2194);
#2196=CARTESIAN_POINT('',(1.75E0,0.E0,-1.88E0));
#2197=CARTESIAN_POINT('',(1.75E0,0.E0,-2.12E0));
#2198=VERTEX_POINT('',#2196);
#2199=VERTEX_POINT('',#2197);
#2200=CARTESIAN_POINT('',(1.75E0,2.E-1,-1.88E0));
#2201=CARTESIAN_POINT('',(1.75E0,2.E-1,-2.12E0));
#2202=VERTEX_POINT('',#2200);
#2203=VERTEX_POINT('',#2201);
#2204=CARTESIAN_POINT('',(0.E0,0.E0,0.E0));
#2205=DIRECTION('',(0.E0,-1.E0,0.E0));
#2206=DIRECTION('',(-1.E0,0.E0,0.E0));
#2207=AXIS2_PLACEMENT_3D('',#2204,#2205,#2206);
#2208=PLANE('',#2207);
#2210=ORIENTED_EDGE('',*,*,#2209,.T.);
#2212=ORIENTED_EDGE('',*,*,#2211,.F.);
#2214=ORIENTED_EDGE('',*,*,#2213,.F.);
#2216=ORIENTED_EDGE('',*,*,#2215,.F.);
#2218=ORIENTED_EDGE('',*,*,#2217,.F.);
#2220=ORIENTED_EDGE('',*,*,#2219,.F.);
#2221=EDGE_LOOP('',(#2210,#2212,#2214,#2216,#2218,#2220));
#2222=FACE_OUTER_BOUND('',#2221,.F.);
#2224=CARTESIAN_POINT('',(1.75E0,0.E0,-3.5E0));
#2225=DIRECTION('',(-1.E0,0.E0,0.E0));
#2226=DIRECTION('',(0.E0,0.E0,1.E0));
#2227=AXIS2_PLACEMENT_3D('',#2224,#2225,#2226);
#2228=PLANE('',#2227);
#2229=ORIENTED_EDGE('',*,*,#2209,.F.);
#2231=ORIENTED_EDGE('',*,*,#2230,.T.);
#2233=ORIENTED_EDGE('',*,*,#2232,.T.);
#2235=ORIENTED_EDGE('',*,*,#2234,.F.);
#2236=EDGE_LOOP('',(#2229,#2231,#2233,#2235));
#2237=FACE_OUTER_BOUND('',#2236,.F.);
#2239=FILL_AREA_STYLE_COLOUR('',#25);
#2240=FILL_AREA_STYLE('',(#2239));
#2241=SURFACE_STYLE_FILL_AREA(#2240);
#2242=SURFACE_SIDE_STYLE('',(#2241));
#2243=SURFACE_STYLE_USAGE(.POSITIVE.,#2242);
#2244=PRESENTATION_STYLE_ASSIGNMENT((#2243));
#2245=OVER_RIDING_STYLED_ITEM('',(#2244),#2238,#2049);
#2246=CARTESIAN_POINT('',(1.85E0,0.E0,-1.88E0));
#2247=DIRECTION('',(0.E0,0.E0,-1.E0));
#2248=DIRECTION('',(-1.E0,0.E0,0.E0));
#2249=AXIS2_PLACEMENT_3D('',#2246,#2247,#2248);
#2250=PLANE('',#2249);
#2251=ORIENTED_EDGE('',*,*,#2230,.F.);
#2252=ORIENTED_EDGE('',*,*,#2219,.T.);
#2254=ORIENTED_EDGE('',*,*,#2253,.T.);
#2256=ORIENTED_EDGE('',*,*,#2255,.F.);
#2257=EDGE_LOOP('',(#2251,#2252,#2254,#2256));
#2258=FACE_OUTER_BOUND('',#2257,.F.);
#2260=CARTESIAN_POINT('',(1.469E0,0.E0,-1.999E0));
#2261=DIRECTION('',(0.E0,-1.E0,0.E0));
#2262=DIRECTION('',(-1.E0,0.E0,0.E0));
#2263=AXIS2_PLACEMENT_3D('',#2260,#2261,#2262);
#2264=CYLINDRICAL_SURFACE('',#2263,1.19E-1);
#2265=ORIENTED_EDGE('',*,*,#2217,.T.);
#2267=ORIENTED_EDGE('',*,*,#2266,.T.);
#2269=ORIENTED_EDGE('',*,*,#2268,.F.);
#2270=ORIENTED_EDGE('',*,*,#2253,.F.);
#2271=EDGE_LOOP('',(#2265,#2267,#2269,#2270));
#2272=FACE_OUTER_BOUND('',#2271,.F.);
#2274=CARTESIAN_POINT('',(1.35E0,0.E0,-1.999E0));
#2275=DIRECTION('',(1.E0,0.E0,0.E0));
#2276=DIRECTION('',(0.E0,0.E0,-1.E0));
#2277=AXIS2_PLACEMENT_3D('',#2274,#2275,#2276);
#2278=PLANE('',#2277);
#2279=ORIENTED_EDGE('',*,*,#2215,.T.);
#2281=ORIENTED_EDGE('',*,*,#2280,.T.);
#2283=ORIENTED_EDGE('',*,*,#2282,.F.);
#2284=ORIENTED_EDGE('',*,*,#2266,.F.);
#2285=EDGE_LOOP('',(#2279,#2281,#2283,#2284));
#2286=FACE_OUTER_BOUND('',#2285,.F.);
#2288=CARTESIAN_POINT('',(1.469E0,0.E0,-2.001E0));
#2289=DIRECTION('',(0.E0,-1.E0,0.E0));
#2290=DIRECTION('',(-1.E0,0.E0,0.E0));
#2291=AXIS2_PLACEMENT_3D('',#2288,#2289,#2290);
#2292=CYLINDRICAL_SURFACE('',#2291,1.19E-1);
#2293=ORIENTED_EDGE('',*,*,#2213,.T.);
#2295=ORIENTED_EDGE('',*,*,#2294,.T.);
#2297=ORIENTED_EDGE('',*,*,#2296,.F.);
#2298=ORIENTED_EDGE('',*,*,#2280,.F.);
#2299=EDGE_LOOP('',(#2293,#2295,#2297,#2298));
#2300=FACE_OUTER_BOUND('',#2299,.F.);
#2302=CARTESIAN_POINT('',(1.469E0,0.E0,-2.12E0));
#2303=DIRECTION('',(0.E0,0.E0,1.E0));
#2304=DIRECTION('',(1.E0,0.E0,0.E0));
#2305=AXIS2_PLACEMENT_3D('',#2302,#2303,#2304);
#2306=PLANE('',#2305);
#2307=ORIENTED_EDGE('',*,*,#2234,.T.);
#2309=ORIENTED_EDGE('',*,*,#2308,.F.);
#2310=ORIENTED_EDGE('',*,*,#2294,.F.);
#2311=ORIENTED_EDGE('',*,*,#2211,.T.);
#2312=EDGE_LOOP('',(#2307,#2309,#2310,#2311));
#2313=FACE_OUTER_BOUND('',#2312,.F.);
#2315=CARTESIAN_POINT('',(0.E0,2.E-1,0.E0));
#2316=DIRECTION('',(0.E0,-1.E0,0.E0));
#2317=DIRECTION('',(-1.E0,0.E0,0.E0));
#2318=AXIS2_PLACEMENT_3D('',#2315,#2316,#2317);
#2319=PLANE('',#2318);
#2320=ORIENTED_EDGE('',*,*,#2232,.F.);
#2321=ORIENTED_EDGE('',*,*,#2255,.T.);
#2322=ORIENTED_EDGE('',*,*,#2268,.T.);
#2323=ORIENTED_EDGE('',*,*,#2282,.T.);
#2324=ORIENTED_EDGE('',*,*,#2296,.T.);
#2325=ORIENTED_EDGE('',*,*,#2308,.T.);
#2326=EDGE_LOOP('',(#2320,#2321,#2322,#2323,#2324,#2325));
#2327=FACE_OUTER_BOUND('',#2326,.F.);
#2329=CLOSED_SHELL('',(#2223,#2238,#2259,#2273,#2287,#2301,#2314,#2328));
#2330=MANIFOLD_SOLID_BREP('',#2329);
#2331=FILL_AREA_STYLE_COLOUR('',#19);
#2332=FILL_AREA_STYLE('',(#2331));
#2333=SURFACE_STYLE_FILL_AREA(#2332);
#2334=SURFACE_SIDE_STYLE('',(#2333));
#2335=SURFACE_STYLE_USAGE(.POSITIVE.,#2334);
#2336=PRESENTATION_STYLE_ASSIGNMENT((#2335));
#2049=STYLED_ITEM('',(#2336),#2330);
#2338=DIRECTION('',(0.E0,0.E0,-1.E0));
#2339=VECTOR('',#2338,2.4E-1);
#2340=CARTESIAN_POINT('',(1.75E0,0.E0,-1.38E0));
#2341=LINE('',#2340,#2339);
#2342=CURVE_STYLE('',#32,POSITIVE_LENGTH_MEASURE(2.E-2),#19);
#2343=PRESENTATION_STYLE_ASSIGNMENT((#2342));
#2344=STYLED_ITEM('',(#2343),#2341);
#2345=DIRECTION('',(1.E0,0.E0,0.E0));
#2346=VECTOR('',#2345,2.81E-1);
#2347=CARTESIAN_POINT('',(1.469E0,0.E0,-1.62E0));
#2348=LINE('',#2347,#2346);
#2349=CURVE_STYLE('',#32,POSITIVE_LENGTH_MEASURE(2.E-2),#19);
#2350=PRESENTATION_STYLE_ASSIGNMENT((#2349));
#2351=STYLED_ITEM('',(#2350),#2348);
#2352=CARTESIAN_POINT('',(1.469E0,0.E0,-1.501E0));
#2353=DIRECTION('',(0.E0,-1.E0,0.E0));
#2354=DIRECTION('',(-1.E0,0.E0,0.E0));
#2355=AXIS2_PLACEMENT_3D('',#2352,#2353,#2354);
#2357=CURVE_STYLE('',#32,POSITIVE_LENGTH_MEASURE(2.E-2),#19);
#2358=PRESENTATION_STYLE_ASSIGNMENT((#2357));
#2359=STYLED_ITEM('',(#2358),#2356);
#2360=DIRECTION('',(0.E0,0.E0,-1.E0));
#2361=VECTOR('',#2360,2.E-3);
#2362=CARTESIAN_POINT('',(1.35E0,0.E0,-1.499E0));
#2363=LINE('',#2362,#2361);
#2364=CURVE_STYLE('',#32,POSITIVE_LENGTH_MEASURE(2.E-2),#19);
#2365=PRESENTATION_STYLE_ASSIGNMENT((#2364));
#2366=STYLED_ITEM('',(#2365),#2363);
#2367=CARTESIAN_POINT('',(1.469E0,0.E0,-1.499E0));
#2368=DIRECTION('',(0.E0,-1.E0,0.E0));
#2369=DIRECTION('',(0.E0,0.E0,1.E0));
#2370=AXIS2_PLACEMENT_3D('',#2367,#2368,#2369);
#2372=CURVE_STYLE('',#32,POSITIVE_LENGTH_MEASURE(2.E-2),#19);
#2373=PRESENTATION_STYLE_ASSIGNMENT((#2372));
#2374=STYLED_ITEM('',(#2373),#2371);
#2375=DIRECTION('',(-1.E0,0.E0,0.E0));
#2376=VECTOR('',#2375,2.81E-1);
#2377=CARTESIAN_POINT('',(1.75E0,0.E0,-1.38E0));
#2378=LINE('',#2377,#2376);
#2379=CURVE_STYLE('',#32,POSITIVE_LENGTH_MEASURE(2.E-2),#19);
#2380=PRESENTATION_STYLE_ASSIGNMENT((#2379));
#2381=STYLED_ITEM('',(#2380),#2378);
#2382=DIRECTION('',(0.E0,1.E0,0.E0));
#2383=VECTOR('',#2382,2.E-1);
#2384=CARTESIAN_POINT('',(1.75E0,0.E0,-1.38E0));
#2385=LINE('',#2384,#2383);
#2386=CURVE_STYLE('',#32,POSITIVE_LENGTH_MEASURE(2.E-2),#19);
#2387=PRESENTATION_STYLE_ASSIGNMENT((#2386));
#2388=STYLED_ITEM('',(#2387),#2385);
#2389=DIRECTION('',(0.E0,1.E0,0.E0));
#2390=VECTOR('',#2389,2.E-1);
#2391=CARTESIAN_POINT('',(1.469E0,0.E0,-1.38E0));
#2392=LINE('',#2391,#2390);
#2393=CURVE_STYLE('',#32,POSITIVE_LENGTH_MEASURE(2.E-2),#19);
#2394=PRESENTATION_STYLE_ASSIGNMENT((#2393));
#2395=STYLED_ITEM('',(#2394),#2392);
#2396=DIRECTION('',(0.E0,1.E0,0.E0));
#2397=VECTOR('',#2396,2.E-1);
#2398=CARTESIAN_POINT('',(1.35E0,0.E0,-1.499E0));
#2399=LINE('',#2398,#2397);
#2400=CURVE_STYLE('',#32,POSITIVE_LENGTH_MEASURE(2.E-2),#19);
#2401=PRESENTATION_STYLE_ASSIGNMENT((#2400));
#2402=STYLED_ITEM('',(#2401),#2399);
#2403=DIRECTION('',(0.E0,1.E0,0.E0));
#2404=VECTOR('',#2403,2.E-1);
#2405=CARTESIAN_POINT('',(1.35E0,0.E0,-1.501E0));
#2406=LINE('',#2405,#2404);
#2407=CURVE_STYLE('',#32,POSITIVE_LENGTH_MEASURE(2.E-2),#19);
#2408=PRESENTATION_STYLE_ASSIGNMENT((#2407));
#2409=STYLED_ITEM('',(#2408),#2406);
#2410=DIRECTION('',(0.E0,1.E0,0.E0));
#2411=VECTOR('',#2410,2.E-1);
#2412=CARTESIAN_POINT('',(1.75E0,0.E0,-1.62E0));
#2413=LINE('',#2412,#2411);
#2414=CURVE_STYLE('',#32,POSITIVE_LENGTH_MEASURE(2.E-2),#19);
#2415=PRESENTATION_STYLE_ASSIGNMENT((#2414));
#2416=STYLED_ITEM('',(#2415),#2413);
#2417=DIRECTION('',(0.E0,1.E0,0.E0));
#2418=VECTOR('',#2417,2.E-1);
#2419=CARTESIAN_POINT('',(1.469E0,0.E0,-1.62E0));
#2420=LINE('',#2419,#2418);
#2421=CURVE_STYLE('',#32,POSITIVE_LENGTH_MEASURE(2.E-2),#19);
#2422=PRESENTATION_STYLE_ASSIGNMENT((#2421));
#2423=STYLED_ITEM('',(#2422),#2420);
#2424=DIRECTION('',(0.E0,0.E0,-1.E0));
#2425=VECTOR('',#2424,2.4E-1);
#2426=CARTESIAN_POINT('',(1.75E0,2.E-1,-1.38E0));
#2427=LINE('',#2426,#2425);
#2428=CURVE_STYLE('',#32,POSITIVE_LENGTH_MEASURE(2.E-2),#19);
#2429=PRESENTATION_STYLE_ASSIGNMENT((#2428));
#2430=STYLED_ITEM('',(#2429),#2427);
#2431=DIRECTION('',(-1.E0,0.E0,0.E0));
#2432=VECTOR('',#2431,2.81E-1);
#2433=CARTESIAN_POINT('',(1.75E0,2.E-1,-1.38E0));
#2434=LINE('',#2433,#2432);
#2435=CURVE_STYLE('',#32,POSITIVE_LENGTH_MEASURE(2.E-2),#19);
#2436=PRESENTATION_STYLE_ASSIGNMENT((#2435));
#2437=STYLED_ITEM('',(#2436),#2434);
#2438=CARTESIAN_POINT('',(1.469E0,2.E-1,-1.499E0));
#2439=DIRECTION('',(0.E0,-1.E0,0.E0));
#2440=DIRECTION('',(0.E0,0.E0,1.E0));
#2441=AXIS2_PLACEMENT_3D('',#2438,#2439,#2440);
#2443=CURVE_STYLE('',#32,POSITIVE_LENGTH_MEASURE(2.E-2),#19);
#2444=PRESENTATION_STYLE_ASSIGNMENT((#2443));
#2445=STYLED_ITEM('',(#2444),#2442);
#2446=DIRECTION('',(0.E0,0.E0,-1.E0));
#2447=VECTOR('',#2446,2.E-3);
#2448=CARTESIAN_POINT('',(1.35E0,2.E-1,-1.499E0));
#2449=LINE('',#2448,#2447);
#2450=CURVE_STYLE('',#32,POSITIVE_LENGTH_MEASURE(2.E-2),#19);
#2451=PRESENTATION_STYLE_ASSIGNMENT((#2450));
#2452=STYLED_ITEM('',(#2451),#2449);
#2453=CARTESIAN_POINT('',(1.469E0,2.E-1,-1.501E0));
#2454=DIRECTION('',(0.E0,-1.E0,0.E0));
#2455=DIRECTION('',(-1.E0,0.E0,0.E0));
#2456=AXIS2_PLACEMENT_3D('',#2453,#2454,#2455);
#2458=CURVE_STYLE('',#32,POSITIVE_LENGTH_MEASURE(2.E-2),#19);
#2459=PRESENTATION_STYLE_ASSIGNMENT((#2458));
#2460=STYLED_ITEM('',(#2459),#2457);
#2461=DIRECTION('',(1.E0,0.E0,0.E0));
#2462=VECTOR('',#2461,2.81E-1);
#2463=CARTESIAN_POINT('',(1.469E0,2.E-1,-1.62E0));
#2464=LINE('',#2463,#2462);
#2465=CURVE_STYLE('',#32,POSITIVE_LENGTH_MEASURE(2.E-2),#19);
#2466=PRESENTATION_STYLE_ASSIGNMENT((#2465));
#2467=STYLED_ITEM('',(#2466),#2464);
#2468=CARTESIAN_POINT('',(1.469E0,0.E0,-1.38E0));
#2469=CARTESIAN_POINT('',(1.35E0,0.E0,-1.499E0));
#2470=VERTEX_POINT('',#2468);
#2471=VERTEX_POINT('',#2469);
#2472=CARTESIAN_POINT('',(1.35E0,0.E0,-1.501E0));
#2473=VERTEX_POINT('',#2472);
#2474=CARTESIAN_POINT('',(1.469E0,0.E0,-1.62E0));
#2475=VERTEX_POINT('',#2474);
#2476=CARTESIAN_POINT('',(1.469E0,2.E-1,-1.38E0));
#2477=CARTESIAN_POINT('',(1.35E0,2.E-1,-1.499E0));
#2478=VERTEX_POINT('',#2476);
#2479=VERTEX_POINT('',#2477);
#2480=CARTESIAN_POINT('',(1.35E0,2.E-1,-1.501E0));
#2481=VERTEX_POINT('',#2480);
#2482=CARTESIAN_POINT('',(1.469E0,2.E-1,-1.62E0));
#2483=VERTEX_POINT('',#2482);
#2484=CARTESIAN_POINT('',(1.75E0,0.E0,-1.38E0));
#2485=CARTESIAN_POINT('',(1.75E0,0.E0,-1.62E0));
#2486=VERTEX_POINT('',#2484);
#2487=VERTEX_POINT('',#2485);
#2488=CARTESIAN_POINT('',(1.75E0,2.E-1,-1.38E0));
#2489=CARTESIAN_POINT('',(1.75E0,2.E-1,-1.62E0));
#2490=VERTEX_POINT('',#2488);
#2491=VERTEX_POINT('',#2489);
#2492=CARTESIAN_POINT('',(0.E0,0.E0,0.E0));
#2493=DIRECTION('',(0.E0,-1.E0,0.E0));
#2494=DIRECTION('',(-1.E0,0.E0,0.E0));
#2495=AXIS2_PLACEMENT_3D('',#2492,#2493,#2494);
#2496=PLANE('',#2495);
#2498=ORIENTED_EDGE('',*,*,#2497,.T.);
#2500=ORIENTED_EDGE('',*,*,#2499,.F.);
#2502=ORIENTED_EDGE('',*,*,#2501,.F.);
#2504=ORIENTED_EDGE('',*,*,#2503,.F.);
#2506=ORIENTED_EDGE('',*,*,#2505,.F.);
#2508=ORIENTED_EDGE('',*,*,#2507,.F.);
#2509=EDGE_LOOP('',(#2498,#2500,#2502,#2504,#2506,#2508));
#2510=FACE_OUTER_BOUND('',#2509,.F.);
#2512=CARTESIAN_POINT('',(1.75E0,0.E0,-3.5E0));
#2513=DIRECTION('',(-1.E0,0.E0,0.E0));
#2514=DIRECTION('',(0.E0,0.E0,1.E0));
#2515=AXIS2_PLACEMENT_3D('',#2512,#2513,#2514);
#2516=PLANE('',#2515);
#2517=ORIENTED_EDGE('',*,*,#2497,.F.);
#2519=ORIENTED_EDGE('',*,*,#2518,.T.);
#2521=ORIENTED_EDGE('',*,*,#2520,.T.);
#2523=ORIENTED_EDGE('',*,*,#2522,.F.);
#2524=EDGE_LOOP('',(#2517,#2519,#2521,#2523));
#2525=FACE_OUTER_BOUND('',#2524,.F.);
#2527=FILL_AREA_STYLE_COLOUR('',#25);
#2528=FILL_AREA_STYLE('',(#2527));
#2529=SURFACE_STYLE_FILL_AREA(#2528);
#2530=SURFACE_SIDE_STYLE('',(#2529));
#2531=SURFACE_STYLE_USAGE(.POSITIVE.,#2530);
#2532=PRESENTATION_STYLE_ASSIGNMENT((#2531));
#2533=OVER_RIDING_STYLED_ITEM('',(#2532),#2526,#2337);
#2534=CARTESIAN_POINT('',(1.85E0,0.E0,-1.38E0));
#2535=DIRECTION('',(0.E0,0.E0,-1.E0));
#2536=DIRECTION('',(-1.E0,0.E0,0.E0));
#2537=AXIS2_PLACEMENT_3D('',#2534,#2535,#2536);
#2538=PLANE('',#2537);
#2539=ORIENTED_EDGE('',*,*,#2518,.F.);
#2540=ORIENTED_EDGE('',*,*,#2507,.T.);
#2542=ORIENTED_EDGE('',*,*,#2541,.T.);
#2544=ORIENTED_EDGE('',*,*,#2543,.F.);
#2545=EDGE_LOOP('',(#2539,#2540,#2542,#2544));
#2546=FACE_OUTER_BOUND('',#2545,.F.);
#2548=CARTESIAN_POINT('',(1.469E0,0.E0,-1.499E0));
#2549=DIRECTION('',(0.E0,-1.E0,0.E0));
#2550=DIRECTION('',(-1.E0,0.E0,0.E0));
#2551=AXIS2_PLACEMENT_3D('',#2548,#2549,#2550);
#2552=CYLINDRICAL_SURFACE('',#2551,1.19E-1);
#2553=ORIENTED_EDGE('',*,*,#2505,.T.);
#2555=ORIENTED_EDGE('',*,*,#2554,.T.);
#2557=ORIENTED_EDGE('',*,*,#2556,.F.);
#2558=ORIENTED_EDGE('',*,*,#2541,.F.);
#2559=EDGE_LOOP('',(#2553,#2555,#2557,#2558));
#2560=FACE_OUTER_BOUND('',#2559,.F.);
#2562=CARTESIAN_POINT('',(1.35E0,0.E0,-1.499E0));
#2563=DIRECTION('',(1.E0,0.E0,0.E0));
#2564=DIRECTION('',(0.E0,0.E0,-1.E0));
#2565=AXIS2_PLACEMENT_3D('',#2562,#2563,#2564);
#2566=PLANE('',#2565);
#2567=ORIENTED_EDGE('',*,*,#2503,.T.);
#2569=ORIENTED_EDGE('',*,*,#2568,.T.);
#2571=ORIENTED_EDGE('',*,*,#2570,.F.);
#2572=ORIENTED_EDGE('',*,*,#2554,.F.);
#2573=EDGE_LOOP('',(#2567,#2569,#2571,#2572));
#2574=FACE_OUTER_BOUND('',#2573,.F.);
#2576=CARTESIAN_POINT('',(1.469E0,0.E0,-1.501E0));
#2577=DIRECTION('',(0.E0,-1.E0,0.E0));
#2578=DIRECTION('',(-1.E0,0.E0,0.E0));
#2579=AXIS2_PLACEMENT_3D('',#2576,#2577,#2578);
#2580=CYLINDRICAL_SURFACE('',#2579,1.19E-1);
#2581=ORIENTED_EDGE('',*,*,#2501,.T.);
#2583=ORIENTED_EDGE('',*,*,#2582,.T.);
#2585=ORIENTED_EDGE('',*,*,#2584,.F.);
#2586=ORIENTED_EDGE('',*,*,#2568,.F.);
#2587=EDGE_LOOP('',(#2581,#2583,#2585,#2586));
#2588=FACE_OUTER_BOUND('',#2587,.F.);
#2590=CARTESIAN_POINT('',(1.469E0,0.E0,-1.62E0));
#2591=DIRECTION('',(0.E0,0.E0,1.E0));
#2592=DIRECTION('',(1.E0,0.E0,0.E0));
#2593=AXIS2_PLACEMENT_3D('',#2590,#2591,#2592);
#2594=PLANE('',#2593);
#2595=ORIENTED_EDGE('',*,*,#2522,.T.);
#2597=ORIENTED_EDGE('',*,*,#2596,.F.);
#2598=ORIENTED_EDGE('',*,*,#2582,.F.);
#2599=ORIENTED_EDGE('',*,*,#2499,.T.);
#2600=EDGE_LOOP('',(#2595,#2597,#2598,#2599));
#2601=FACE_OUTER_BOUND('',#2600,.F.);
#2603=CARTESIAN_POINT('',(0.E0,2.E-1,0.E0));
#2604=DIRECTION('',(0.E0,-1.E0,0.E0));
#2605=DIRECTION('',(-1.E0,0.E0,0.E0));
#2606=AXIS2_PLACEMENT_3D('',#2603,#2604,#2605);
#2607=PLANE('',#2606);
#2608=ORIENTED_EDGE('',*,*,#2520,.F.);
#2609=ORIENTED_EDGE('',*,*,#2543,.T.);
#2610=ORIENTED_EDGE('',*,*,#2556,.T.);
#2611=ORIENTED_EDGE('',*,*,#2570,.T.);
#2612=ORIENTED_EDGE('',*,*,#2584,.T.);
#2613=ORIENTED_EDGE('',*,*,#2596,.T.);
#2614=EDGE_LOOP('',(#2608,#2609,#2610,#2611,#2612,#2613));
#2615=FACE_OUTER_BOUND('',#2614,.F.);
#2617=CLOSED_SHELL('',(#2511,#2526,#2547,#2561,#2575,#2589,#2602,#2616));
#2618=MANIFOLD_SOLID_BREP('',#2617);
#2619=FILL_AREA_STYLE_COLOUR('',#19);
#2620=FILL_AREA_STYLE('',(#2619));
#2621=SURFACE_STYLE_FILL_AREA(#2620);
#2622=SURFACE_SIDE_STYLE('',(#2621));
#2623=SURFACE_STYLE_USAGE(.POSITIVE.,#2622);
#2624=PRESENTATION_STYLE_ASSIGNMENT((#2623));
#2337=STYLED_ITEM('',(#2624),#2618);
#2626=DIRECTION('',(0.E0,0.E0,-1.E0));
#2627=VECTOR('',#2626,2.4E-1);
#2628=CARTESIAN_POINT('',(1.75E0,0.E0,-8.8E-1));
#2629=LINE('',#2628,#2627);
#2630=CURVE_STYLE('',#32,POSITIVE_LENGTH_MEASURE(2.E-2),#19);
#2631=PRESENTATION_STYLE_ASSIGNMENT((#2630));
#2632=STYLED_ITEM('',(#2631),#2629);
#2633=DIRECTION('',(1.E0,0.E0,0.E0));
#2634=VECTOR('',#2633,2.81E-1);
#2635=CARTESIAN_POINT('',(1.469E0,0.E0,-1.12E0));
#2636=LINE('',#2635,#2634);
#2637=CURVE_STYLE('',#32,POSITIVE_LENGTH_MEASURE(2.E-2),#19);
#2638=PRESENTATION_STYLE_ASSIGNMENT((#2637));
#2639=STYLED_ITEM('',(#2638),#2636);
#2640=CARTESIAN_POINT('',(1.469E0,0.E0,-1.001E0));
#2641=DIRECTION('',(0.E0,-1.E0,0.E0));
#2642=DIRECTION('',(-1.E0,0.E0,0.E0));
#2643=AXIS2_PLACEMENT_3D('',#2640,#2641,#2642);
#2645=CURVE_STYLE('',#32,POSITIVE_LENGTH_MEASURE(2.E-2),#19);
#2646=PRESENTATION_STYLE_ASSIGNMENT((#2645));
#2647=STYLED_ITEM('',(#2646),#2644);
#2648=DIRECTION('',(0.E0,0.E0,-1.E0));
#2649=VECTOR('',#2648,2.E-3);
#2650=CARTESIAN_POINT('',(1.35E0,0.E0,-9.99E-1));
#2651=LINE('',#2650,#2649);
#2652=CURVE_STYLE('',#32,POSITIVE_LENGTH_MEASURE(2.E-2),#19);
#2653=PRESENTATION_STYLE_ASSIGNMENT((#2652));
#2654=STYLED_ITEM('',(#2653),#2651);
#2655=CARTESIAN_POINT('',(1.469E0,0.E0,-9.99E-1));
#2656=DIRECTION('',(0.E0,-1.E0,0.E0));
#2657=DIRECTION('',(0.E0,0.E0,1.E0));
#2658=AXIS2_PLACEMENT_3D('',#2655,#2656,#2657);
#2660=CURVE_STYLE('',#32,POSITIVE_LENGTH_MEASURE(2.E-2),#19);
#2661=PRESENTATION_STYLE_ASSIGNMENT((#2660));
#2662=STYLED_ITEM('',(#2661),#2659);
#2663=DIRECTION('',(-1.E0,0.E0,0.E0));
#2664=VECTOR('',#2663,2.81E-1);
#2665=CARTESIAN_POINT('',(1.75E0,0.E0,-8.8E-1));
#2666=LINE('',#2665,#2664);
#2667=CURVE_STYLE('',#32,POSITIVE_LENGTH_MEASURE(2.E-2),#19);
#2668=PRESENTATION_STYLE_ASSIGNMENT((#2667));
#2669=STYLED_ITEM('',(#2668),#2666);
#2670=DIRECTION('',(0.E0,1.E0,0.E0));
#2671=VECTOR('',#2670,2.E-1);
#2672=CARTESIAN_POINT('',(1.75E0,0.E0,-8.8E-1));
#2673=LINE('',#2672,#2671);
#2674=CURVE_STYLE('',#32,POSITIVE_LENGTH_MEASURE(2.E-2),#19);
#2675=PRESENTATION_STYLE_ASSIGNMENT((#2674));
#2676=STYLED_ITEM('',(#2675),#2673);
#2677=DIRECTION('',(0.E0,1.E0,0.E0));
#2678=VECTOR('',#2677,2.E-1);
#2679=CARTESIAN_POINT('',(1.469E0,0.E0,-8.8E-1));
#2680=LINE('',#2679,#2678);
#2681=CURVE_STYLE('',#32,POSITIVE_LENGTH_MEASURE(2.E-2),#19);
#2682=PRESENTATION_STYLE_ASSIGNMENT((#2681));
#2683=STYLED_ITEM('',(#2682),#2680);
#2684=DIRECTION('',(0.E0,1.E0,0.E0));
#2685=VECTOR('',#2684,2.E-1);
#2686=CARTESIAN_POINT('',(1.35E0,0.E0,-9.99E-1));
#2687=LINE('',#2686,#2685);
#2688=CURVE_STYLE('',#32,POSITIVE_LENGTH_MEASURE(2.E-2),#19);
#2689=PRESENTATION_STYLE_ASSIGNMENT((#2688));
#2690=STYLED_ITEM('',(#2689),#2687);
#2691=DIRECTION('',(0.E0,1.E0,0.E0));
#2692=VECTOR('',#2691,2.E-1);
#2693=CARTESIAN_POINT('',(1.35E0,0.E0,-1.001E0));
#2694=LINE('',#2693,#2692);
#2695=CURVE_STYLE('',#32,POSITIVE_LENGTH_MEASURE(2.E-2),#19);
#2696=PRESENTATION_STYLE_ASSIGNMENT((#2695));
#2697=STYLED_ITEM('',(#2696),#2694);
#2698=DIRECTION('',(0.E0,1.E0,0.E0));
#2699=VECTOR('',#2698,2.E-1);
#2700=CARTESIAN_POINT('',(1.75E0,0.E0,-1.12E0));
#2701=LINE('',#2700,#2699);
#2702=CURVE_STYLE('',#32,POSITIVE_LENGTH_MEASURE(2.E-2),#19);
#2703=PRESENTATION_STYLE_ASSIGNMENT((#2702));
#2704=STYLED_ITEM('',(#2703),#2701);
#2705=DIRECTION('',(0.E0,1.E0,0.E0));
#2706=VECTOR('',#2705,2.E-1);
#2707=CARTESIAN_POINT('',(1.469E0,0.E0,-1.12E0));
#2708=LINE('',#2707,#2706);
#2709=CURVE_STYLE('',#32,POSITIVE_LENGTH_MEASURE(2.E-2),#19);
#2710=PRESENTATION_STYLE_ASSIGNMENT((#2709));
#2711=STYLED_ITEM('',(#2710),#2708);
#2712=DIRECTION('',(0.E0,0.E0,-1.E0));
#2713=VECTOR('',#2712,2.4E-1);
#2714=CARTESIAN_POINT('',(1.75E0,2.E-1,-8.8E-1));
#2715=LINE('',#2714,#2713);
#2716=CURVE_STYLE('',#32,POSITIVE_LENGTH_MEASURE(2.E-2),#19);
#2717=PRESENTATION_STYLE_ASSIGNMENT((#2716));
#2718=STYLED_ITEM('',(#2717),#2715);
#2719=DIRECTION('',(-1.E0,0.E0,0.E0));
#2720=VECTOR('',#2719,2.81E-1);
#2721=CARTESIAN_POINT('',(1.75E0,2.E-1,-8.8E-1));
#2722=LINE('',#2721,#2720);
#2723=CURVE_STYLE('',#32,POSITIVE_LENGTH_MEASURE(2.E-2),#19);
#2724=PRESENTATION_STYLE_ASSIGNMENT((#2723));
#2725=STYLED_ITEM('',(#2724),#2722);
#2726=CARTESIAN_POINT('',(1.469E0,2.E-1,-9.99E-1));
#2727=DIRECTION('',(0.E0,-1.E0,0.E0));
#2728=DIRECTION('',(0.E0,0.E0,1.E0));
#2729=AXIS2_PLACEMENT_3D('',#2726,#2727,#2728);
#2731=CURVE_STYLE('',#32,POSITIVE_LENGTH_MEASURE(2.E-2),#19);
#2732=PRESENTATION_STYLE_ASSIGNMENT((#2731));
#2733=STYLED_ITEM('',(#2732),#2730);
#2734=DIRECTION('',(0.E0,0.E0,-1.E0));
#2735=VECTOR('',#2734,2.E-3);
#2736=CARTESIAN_POINT('',(1.35E0,2.E-1,-9.99E-1));
#2737=LINE('',#2736,#2735);
#2738=CURVE_STYLE('',#32,POSITIVE_LENGTH_MEASURE(2.E-2),#19);
#2739=PRESENTATION_STYLE_ASSIGNMENT((#2738));
#2740=STYLED_ITEM('',(#2739),#2737);
#2741=CARTESIAN_POINT('',(1.469E0,2.E-1,-1.001E0));
#2742=DIRECTION('',(0.E0,-1.E0,0.E0));
#2743=DIRECTION('',(-1.E0,0.E0,0.E0));
#2744=AXIS2_PLACEMENT_3D('',#2741,#2742,#2743);
#2746=CURVE_STYLE('',#32,POSITIVE_LENGTH_MEASURE(2.E-2),#19);
#2747=PRESENTATION_STYLE_ASSIGNMENT((#2746));
#2748=STYLED_ITEM('',(#2747),#2745);
#2749=DIRECTION('',(1.E0,0.E0,0.E0));
#2750=VECTOR('',#2749,2.81E-1);
#2751=CARTESIAN_POINT('',(1.469E0,2.E-1,-1.12E0));
#2752=LINE('',#2751,#2750);
#2753=CURVE_STYLE('',#32,POSITIVE_LENGTH_MEASURE(2.E-2),#19);
#2754=PRESENTATION_STYLE_ASSIGNMENT((#2753));
#2755=STYLED_ITEM('',(#2754),#2752);
#2756=CARTESIAN_POINT('',(1.469E0,0.E0,-8.8E-1));
#2757=CARTESIAN_POINT('',(1.35E0,0.E0,-9.99E-1));
#2758=VERTEX_POINT('',#2756);
#2759=VERTEX_POINT('',#2757);
#2760=CARTESIAN_POINT('',(1.35E0,0.E0,-1.001E0));
#2761=VERTEX_POINT('',#2760);
#2762=CARTESIAN_POINT('',(1.469E0,0.E0,-1.12E0));
#2763=VERTEX_POINT('',#2762);
#2764=CARTESIAN_POINT('',(1.469E0,2.E-1,-8.8E-1));
#2765=CARTESIAN_POINT('',(1.35E0,2.E-1,-9.99E-1));
#2766=VERTEX_POINT('',#2764);
#2767=VERTEX_POINT('',#2765);
#2768=CARTESIAN_POINT('',(1.35E0,2.E-1,-1.001E0));
#2769=VERTEX_POINT('',#2768);
#2770=CARTESIAN_POINT('',(1.469E0,2.E-1,-1.12E0));
#2771=VERTEX_POINT('',#2770);
#2772=CARTESIAN_POINT('',(1.75E0,0.E0,-8.8E-1));
#2773=CARTESIAN_POINT('',(1.75E0,0.E0,-1.12E0));
#2774=VERTEX_POINT('',#2772);
#2775=VERTEX_POINT('',#2773);
#2776=CARTESIAN_POINT('',(1.75E0,2.E-1,-8.8E-1));
#2777=CARTESIAN_POINT('',(1.75E0,2.E-1,-1.12E0));
#2778=VERTEX_POINT('',#2776);
#2779=VERTEX_POINT('',#2777);
#2780=CARTESIAN_POINT('',(0.E0,0.E0,0.E0));
#2781=DIRECTION('',(0.E0,-1.E0,0.E0));
#2782=DIRECTION('',(-1.E0,0.E0,0.E0));
#2783=AXIS2_PLACEMENT_3D('',#2780,#2781,#2782);
#2784=PLANE('',#2783);
#2786=ORIENTED_EDGE('',*,*,#2785,.T.);
#2788=ORIENTED_EDGE('',*,*,#2787,.F.);
#2790=ORIENTED_EDGE('',*,*,#2789,.F.);
#2792=ORIENTED_EDGE('',*,*,#2791,.F.);
#2794=ORIENTED_EDGE('',*,*,#2793,.F.);
#2796=ORIENTED_EDGE('',*,*,#2795,.F.);
#2797=EDGE_LOOP('',(#2786,#2788,#2790,#2792,#2794,#2796));
#2798=FACE_OUTER_BOUND('',#2797,.F.);
#2800=CARTESIAN_POINT('',(1.75E0,0.E0,-3.5E0));
#2801=DIRECTION('',(-1.E0,0.E0,0.E0));
#2802=DIRECTION('',(0.E0,0.E0,1.E0));
#2803=AXIS2_PLACEMENT_3D('',#2800,#2801,#2802);
#2804=PLANE('',#2803);
#2805=ORIENTED_EDGE('',*,*,#2785,.F.);
#2807=ORIENTED_EDGE('',*,*,#2806,.T.);
#2809=ORIENTED_EDGE('',*,*,#2808,.T.);
#2811=ORIENTED_EDGE('',*,*,#2810,.F.);
#2812=EDGE_LOOP('',(#2805,#2807,#2809,#2811));
#2813=FACE_OUTER_BOUND('',#2812,.F.);
#2815=FILL_AREA_STYLE_COLOUR('',#25);
#2816=FILL_AREA_STYLE('',(#2815));
#2817=SURFACE_STYLE_FILL_AREA(#2816);
#2818=SURFACE_SIDE_STYLE('',(#2817));
#2819=SURFACE_STYLE_USAGE(.POSITIVE.,#2818);
#2820=PRESENTATION_STYLE_ASSIGNMENT((#2819));
#2821=OVER_RIDING_STYLED_ITEM('',(#2820),#2814,#2625);
#2822=CARTESIAN_POINT('',(1.85E0,0.E0,-8.8E-1));
#2823=DIRECTION('',(0.E0,0.E0,-1.E0));
#2824=DIRECTION('',(-1.E0,0.E0,0.E0));
#2825=AXIS2_PLACEMENT_3D('',#2822,#2823,#2824);
#2826=PLANE('',#2825);
#2827=ORIENTED_EDGE('',*,*,#2806,.F.);
#2828=ORIENTED_EDGE('',*,*,#2795,.T.);
#2830=ORIENTED_EDGE('',*,*,#2829,.T.);
#2832=ORIENTED_EDGE('',*,*,#2831,.F.);
#2833=EDGE_LOOP('',(#2827,#2828,#2830,#2832));
#2834=FACE_OUTER_BOUND('',#2833,.F.);
#2836=CARTESIAN_POINT('',(1.469E0,0.E0,-9.99E-1));
#2837=DIRECTION('',(0.E0,-1.E0,0.E0));
#2838=DIRECTION('',(-1.E0,0.E0,0.E0));
#2839=AXIS2_PLACEMENT_3D('',#2836,#2837,#2838);
#2840=CYLINDRICAL_SURFACE('',#2839,1.19E-1);
#2841=ORIENTED_EDGE('',*,*,#2793,.T.);
#2843=ORIENTED_EDGE('',*,*,#2842,.T.);
#2845=ORIENTED_EDGE('',*,*,#2844,.F.);
#2846=ORIENTED_EDGE('',*,*,#2829,.F.);
#2847=EDGE_LOOP('',(#2841,#2843,#2845,#2846));
#2848=FACE_OUTER_BOUND('',#2847,.F.);
#2850=CARTESIAN_POINT('',(1.35E0,0.E0,-9.99E-1));
#2851=DIRECTION('',(1.E0,0.E0,0.E0));
#2852=DIRECTION('',(0.E0,0.E0,-1.E0));
#2853=AXIS2_PLACEMENT_3D('',#2850,#2851,#2852);
#2854=PLANE('',#2853);
#2855=ORIENTED_EDGE('',*,*,#2791,.T.);
#2857=ORIENTED_EDGE('',*,*,#2856,.T.);
#2859=ORIENTED_EDGE('',*,*,#2858,.F.);
#2860=ORIENTED_EDGE('',*,*,#2842,.F.);
#2861=EDGE_LOOP('',(#2855,#2857,#2859,#2860));
#2862=FACE_OUTER_BOUND('',#2861,.F.);
#2864=CARTESIAN_POINT('',(1.469E0,0.E0,-1.001E0));
#2865=DIRECTION('',(0.E0,-1.E0,0.E0));
#2866=DIRECTION('',(-1.E0,0.E0,0.E0));
#2867=AXIS2_PLACEMENT_3D('',#2864,#2865,#2866);
#2868=CYLINDRICAL_SURFACE('',#2867,1.19E-1);
#2869=ORIENTED_EDGE('',*,*,#2789,.T.);
#2871=ORIENTED_EDGE('',*,*,#2870,.T.);
#2873=ORIENTED_EDGE('',*,*,#2872,.F.);
#2874=ORIENTED_EDGE('',*,*,#2856,.F.);
#2875=EDGE_LOOP('',(#2869,#2871,#2873,#2874));
#2876=FACE_OUTER_BOUND('',#2875,.F.);
#2878=CARTESIAN_POINT('',(1.469E0,0.E0,-1.12E0));
#2879=DIRECTION('',(0.E0,0.E0,1.E0));
#2880=DIRECTION('',(1.E0,0.E0,0.E0));
#2881=AXIS2_PLACEMENT_3D('',#2878,#2879,#2880);
#2882=PLANE('',#2881);
#2883=ORIENTED_EDGE('',*,*,#2810,.T.);
#2885=ORIENTED_EDGE('',*,*,#2884,.F.);
#2886=ORIENTED_EDGE('',*,*,#2870,.F.);
#2887=ORIENTED_EDGE('',*,*,#2787,.T.);
#2888=EDGE_LOOP('',(#2883,#2885,#2886,#2887));
#2889=FACE_OUTER_BOUND('',#2888,.F.);
#2891=CARTESIAN_POINT('',(0.E0,2.E-1,0.E0));
#2892=DIRECTION('',(0.E0,-1.E0,0.E0));
#2893=DIRECTION('',(-1.E0,0.E0,0.E0));
#2894=AXIS2_PLACEMENT_3D('',#2891,#2892,#2893);
#2895=PLANE('',#2894);
#2896=ORIENTED_EDGE('',*,*,#2808,.F.);
#2897=ORIENTED_EDGE('',*,*,#2831,.T.);
#2898=ORIENTED_EDGE('',*,*,#2844,.T.);
#2899=ORIENTED_EDGE('',*,*,#2858,.T.);
#2900=ORIENTED_EDGE('',*,*,#2872,.T.);
#2901=ORIENTED_EDGE('',*,*,#2884,.T.);
#2902=EDGE_LOOP('',(#2896,#2897,#2898,#2899,#2900,#2901));
#2903=FACE_OUTER_BOUND('',#2902,.F.);
#2905=CLOSED_SHELL('',(#2799,#2814,#2835,#2849,#2863,#2877,#2890,#2904));
#2906=MANIFOLD_SOLID_BREP('',#2905);
#2907=FILL_AREA_STYLE_COLOUR('',#19);
#2908=FILL_AREA_STYLE('',(#2907));
#2909=SURFACE_STYLE_FILL_AREA(#2908);
#2910=SURFACE_SIDE_STYLE('',(#2909));
#2911=SURFACE_STYLE_USAGE(.POSITIVE.,#2910);
#2912=PRESENTATION_STYLE_ASSIGNMENT((#2911));
#2625=STYLED_ITEM('',(#2912),#2906);
#2914=DIRECTION('',(1.E0,0.E0,0.E0));
#2915=VECTOR('',#2914,2.4E-1);
#2916=CARTESIAN_POINT('',(-1.12E0,0.E0,-3.5E0));
#2917=LINE('',#2916,#2915);
#2918=CURVE_STYLE('',#32,POSITIVE_LENGTH_MEASURE(2.E-2),#19);
#2919=PRESENTATION_STYLE_ASSIGNMENT((#2918));
#2920=STYLED_ITEM('',(#2919),#2917);
#2921=DIRECTION('',(0.E0,0.E0,1.E0));
#2922=VECTOR('',#2921,2.81E-1);
#2923=CARTESIAN_POINT('',(-1.12E0,0.E0,-3.5E0));
#2924=LINE('',#2923,#2922);
#2925=CURVE_STYLE('',#32,POSITIVE_LENGTH_MEASURE(2.E-2),#19);
#2926=PRESENTATION_STYLE_ASSIGNMENT((#2925));
#2927=STYLED_ITEM('',(#2926),#2924);
#2928=CARTESIAN_POINT('',(-1.001E0,0.E0,-3.219E0));
#2929=DIRECTION('',(0.E0,1.E0,0.E0));
#2930=DIRECTION('',(-1.E0,0.E0,0.E0));
#2931=AXIS2_PLACEMENT_3D('',#2928,#2929,#2930);
#2933=CURVE_STYLE('',#32,POSITIVE_LENGTH_MEASURE(2.E-2),#19);
#2934=PRESENTATION_STYLE_ASSIGNMENT((#2933));
#2935=STYLED_ITEM('',(#2934),#2932);
#2936=DIRECTION('',(1.E0,0.E0,-2.220446049254E-13));
#2937=VECTOR('',#2936,1.999999999997E-3);
#2938=CARTESIAN_POINT('',(-1.001E0,0.E0,-3.1E0));
#2939=LINE('',#2938,#2937);
#2940=CURVE_STYLE('',#32,POSITIVE_LENGTH_MEASURE(2.E-2),#19);
#2941=PRESENTATION_STYLE_ASSIGNMENT((#2940));
#2942=STYLED_ITEM('',(#2941),#2939);
#2943=CARTESIAN_POINT('',(-9.99E-1,0.E0,-3.219E0));
#2944=DIRECTION('',(0.E0,1.E0,0.E0));
#2945=DIRECTION('',(-3.825138152070E-14,0.E0,1.E0));
#2946=AXIS2_PLACEMENT_3D('',#2943,#2944,#2945);
#2948=CURVE_STYLE('',#32,POSITIVE_LENGTH_MEASURE(2.E-2),#19);
#2949=PRESENTATION_STYLE_ASSIGNMENT((#2948));
#2950=STYLED_ITEM('',(#2949),#2947);
#2951=DIRECTION('',(0.E0,0.E0,-1.E0));
#2952=VECTOR('',#2951,2.81E-1);
#2953=CARTESIAN_POINT('',(-8.8E-1,0.E0,-3.219E0));
#2954=LINE('',#2953,#2952);
#2955=CURVE_STYLE('',#32,POSITIVE_LENGTH_MEASURE(2.E-2),#19);
#2956=PRESENTATION_STYLE_ASSIGNMENT((#2955));
#2957=STYLED_ITEM('',(#2956),#2954);
#2958=DIRECTION('',(0.E0,1.E0,0.E0));
#2959=VECTOR('',#2958,2.E-1);
#2960=CARTESIAN_POINT('',(-8.8E-1,0.E0,-3.5E0));
#2961=LINE('',#2960,#2959);
#2962=CURVE_STYLE('',#32,POSITIVE_LENGTH_MEASURE(2.E-2),#19);
#2963=PRESENTATION_STYLE_ASSIGNMENT((#2962));
#2964=STYLED_ITEM('',(#2963),#2961);
#2965=DIRECTION('',(0.E0,1.E0,0.E0));
#2966=VECTOR('',#2965,2.E-1);
#2967=CARTESIAN_POINT('',(-8.8E-1,0.E0,-3.219E0));
#2968=LINE('',#2967,#2966);
#2969=CURVE_STYLE('',#32,POSITIVE_LENGTH_MEASURE(2.E-2),#19);
#2970=PRESENTATION_STYLE_ASSIGNMENT((#2969));
#2971=STYLED_ITEM('',(#2970),#2968);
#2972=DIRECTION('',(0.E0,1.E0,0.E0));
#2973=VECTOR('',#2972,2.E-1);
#2974=CARTESIAN_POINT('',(-9.99E-1,0.E0,-3.1E0));
#2975=LINE('',#2974,#2973);
#2976=CURVE_STYLE('',#32,POSITIVE_LENGTH_MEASURE(2.E-2),#19);
#2977=PRESENTATION_STYLE_ASSIGNMENT((#2976));
#2978=STYLED_ITEM('',(#2977),#2975);
#2979=DIRECTION('',(0.E0,1.E0,0.E0));
#2980=VECTOR('',#2979,2.E-1);
#2981=CARTESIAN_POINT('',(-1.001E0,0.E0,-3.1E0));
#2982=LINE('',#2981,#2980);
#2983=CURVE_STYLE('',#32,POSITIVE_LENGTH_MEASURE(2.E-2),#19);
#2984=PRESENTATION_STYLE_ASSIGNMENT((#2983));
#2985=STYLED_ITEM('',(#2984),#2982);
#2986=DIRECTION('',(0.E0,1.E0,0.E0));
#2987=VECTOR('',#2986,2.E-1);
#2988=CARTESIAN_POINT('',(-1.12E0,0.E0,-3.219E0));
#2989=LINE('',#2988,#2987);
#2990=CURVE_STYLE('',#32,POSITIVE_LENGTH_MEASURE(2.E-2),#19);
#2991=PRESENTATION_STYLE_ASSIGNMENT((#2990));
#2992=STYLED_ITEM('',(#2991),#2989);
#2993=DIRECTION('',(0.E0,1.E0,0.E0));
#2994=VECTOR('',#2993,2.E-1);
#2995=CARTESIAN_POINT('',(-1.12E0,0.E0,-3.5E0));
#2996=LINE('',#2995,#2994);
#2997=CURVE_STYLE('',#32,POSITIVE_LENGTH_MEASURE(2.E-2),#19);
#2998=PRESENTATION_STYLE_ASSIGNMENT((#2997));
#2999=STYLED_ITEM('',(#2998),#2996);
#3000=DIRECTION('',(1.E0,0.E0,0.E0));
#3001=VECTOR('',#3000,2.4E-1);
#3002=CARTESIAN_POINT('',(-1.12E0,2.E-1,-3.5E0));
#3003=LINE('',#3002,#3001);
#3004=CURVE_STYLE('',#32,POSITIVE_LENGTH_MEASURE(2.E-2),#19);
#3005=PRESENTATION_STYLE_ASSIGNMENT((#3004));
#3006=STYLED_ITEM('',(#3005),#3003);
#3007=DIRECTION('',(0.E0,0.E0,-1.E0));
#3008=VECTOR('',#3007,2.81E-1);
#3009=CARTESIAN_POINT('',(-8.8E-1,2.E-1,-3.219E0));
#3010=LINE('',#3009,#3008);
#3011=CURVE_STYLE('',#32,POSITIVE_LENGTH_MEASURE(2.E-2),#19);
#3012=PRESENTATION_STYLE_ASSIGNMENT((#3011));
#3013=STYLED_ITEM('',(#3012),#3010);
#3014=CARTESIAN_POINT('',(-9.99E-1,2.E-1,-3.219E0));
#3015=DIRECTION('',(0.E0,1.E0,0.E0));
#3016=DIRECTION('',(0.E0,0.E0,1.E0));
#3017=AXIS2_PLACEMENT_3D('',#3014,#3015,#3016);
#3019=CURVE_STYLE('',#32,POSITIVE_LENGTH_MEASURE(2.E-2),#19);
#3020=PRESENTATION_STYLE_ASSIGNMENT((#3019));
#3021=STYLED_ITEM('',(#3020),#3018);
#3022=DIRECTION('',(1.E0,0.E0,0.E0));
#3023=VECTOR('',#3022,2.E-3);
#3024=CARTESIAN_POINT('',(-1.001E0,2.E-1,-3.1E0));
#3025=LINE('',#3024,#3023);
#3026=CURVE_STYLE('',#32,POSITIVE_LENGTH_MEASURE(2.E-2),#19);
#3027=PRESENTATION_STYLE_ASSIGNMENT((#3026));
#3028=STYLED_ITEM('',(#3027),#3025);
#3029=CARTESIAN_POINT('',(-1.001E0,2.E-1,-3.219E0));
#3030=DIRECTION('',(0.E0,1.E0,0.E0));
#3031=DIRECTION('',(-1.E0,0.E0,0.E0));
#3032=AXIS2_PLACEMENT_3D('',#3029,#3030,#3031);
#3034=CURVE_STYLE('',#32,POSITIVE_LENGTH_MEASURE(2.E-2),#19);
#3035=PRESENTATION_STYLE_ASSIGNMENT((#3034));
#3036=STYLED_ITEM('',(#3035),#3033);
#3037=DIRECTION('',(0.E0,0.E0,1.E0));
#3038=VECTOR('',#3037,2.81E-1);
#3039=CARTESIAN_POINT('',(-1.12E0,2.E-1,-3.5E0));
#3040=LINE('',#3039,#3038);
#3041=CURVE_STYLE('',#32,POSITIVE_LENGTH_MEASURE(2.E-2),#19);
#3042=PRESENTATION_STYLE_ASSIGNMENT((#3041));
#3043=STYLED_ITEM('',(#3042),#3040);
#3044=CARTESIAN_POINT('',(-1.12E0,0.E0,-3.219E0));
#3045=CARTESIAN_POINT('',(-1.001E0,0.E0,-3.1E0));
#3046=VERTEX_POINT('',#3044);
#3047=VERTEX_POINT('',#3045);
#3048=CARTESIAN_POINT('',(-9.99E-1,0.E0,-3.1E0));
#3049=VERTEX_POINT('',#3048);
#3050=CARTESIAN_POINT('',(-8.8E-1,0.E0,-3.219E0));
#3051=VERTEX_POINT('',#3050);
#3052=CARTESIAN_POINT('',(-1.12E0,2.E-1,-3.219E0));
#3053=CARTESIAN_POINT('',(-1.001E0,2.E-1,-3.1E0));
#3054=VERTEX_POINT('',#3052);
#3055=VERTEX_POINT('',#3053);
#3056=CARTESIAN_POINT('',(-9.99E-1,2.E-1,-3.1E0));
#3057=VERTEX_POINT('',#3056);
#3058=CARTESIAN_POINT('',(-8.8E-1,2.E-1,-3.219E0));
#3059=VERTEX_POINT('',#3058);
#3060=CARTESIAN_POINT('',(-1.12E0,0.E0,-3.5E0));
#3061=CARTESIAN_POINT('',(-8.8E-1,0.E0,-3.5E0));
#3062=VERTEX_POINT('',#3060);
#3063=VERTEX_POINT('',#3061);
#3064=CARTESIAN_POINT('',(-1.12E0,2.E-1,-3.5E0));
#3065=VERTEX_POINT('',#3064);
#3066=CARTESIAN_POINT('',(-8.8E-1,2.E-1,-3.5E0));
#3067=VERTEX_POINT('',#3066);
#3068=CARTESIAN_POINT('',(0.E0,0.E0,0.E0));
#3069=DIRECTION('',(0.E0,1.E0,0.E0));
#3070=DIRECTION('',(1.E0,0.E0,0.E0));
#3071=AXIS2_PLACEMENT_3D('',#3068,#3069,#3070);
#3072=PLANE('',#3071);
#3074=ORIENTED_EDGE('',*,*,#3073,.F.);
#3076=ORIENTED_EDGE('',*,*,#3075,.T.);
#3078=ORIENTED_EDGE('',*,*,#3077,.T.);
#3080=ORIENTED_EDGE('',*,*,#3079,.T.);
#3082=ORIENTED_EDGE('',*,*,#3081,.T.);
#3084=ORIENTED_EDGE('',*,*,#3083,.T.);
#3085=EDGE_LOOP('',(#3074,#3076,#3078,#3080,#3082,#3084));
#3086=FACE_OUTER_BOUND('',#3085,.F.);
#3088=CARTESIAN_POINT('',(-1.75E0,0.E0,-3.5E0));
#3089=DIRECTION('',(0.E0,0.E0,1.E0));
#3090=DIRECTION('',(1.E0,0.E0,0.E0));
#3091=AXIS2_PLACEMENT_3D('',#3088,#3089,#3090);
#3092=PLANE('',#3091);
#3093=ORIENTED_EDGE('',*,*,#3073,.T.);
#3095=ORIENTED_EDGE('',*,*,#3094,.T.);
#3097=ORIENTED_EDGE('',*,*,#3096,.F.);
#3099=ORIENTED_EDGE('',*,*,#3098,.F.);
#3100=EDGE_LOOP('',(#3093,#3095,#3097,#3099));
#3101=FACE_OUTER_BOUND('',#3100,.F.);
#3103=FILL_AREA_STYLE_COLOUR('',#25);
#3104=FILL_AREA_STYLE('',(#3103));
#3105=SURFACE_STYLE_FILL_AREA(#3104);
#3106=SURFACE_SIDE_STYLE('',(#3105));
#3107=SURFACE_STYLE_USAGE(.POSITIVE.,#3106);
#3108=PRESENTATION_STYLE_ASSIGNMENT((#3107));
#3109=OVER_RIDING_STYLED_ITEM('',(#3108),#3102,#2913);
#3110=CARTESIAN_POINT('',(-8.8E-1,0.E0,-3.219E0));
#3111=DIRECTION('',(1.E0,0.E0,0.E0));
#3112=DIRECTION('',(0.E0,0.E0,-1.E0));
#3113=AXIS2_PLACEMENT_3D('',#3110,#3111,#3112);
#3114=PLANE('',#3113);
#3115=ORIENTED_EDGE('',*,*,#3094,.F.);
#3116=ORIENTED_EDGE('',*,*,#3083,.F.);
#3118=ORIENTED_EDGE('',*,*,#3117,.T.);
#3120=ORIENTED_EDGE('',*,*,#3119,.T.);
#3121=EDGE_LOOP('',(#3115,#3116,#3118,#3120));
#3122=FACE_OUTER_BOUND('',#3121,.F.);
#3124=CARTESIAN_POINT('',(-9.99E-1,0.E0,-3.219E0));
#3125=DIRECTION('',(0.E0,1.E0,0.E0));
#3126=DIRECTION('',(1.E0,0.E0,0.E0));
#3127=AXIS2_PLACEMENT_3D('',#3124,#3125,#3126);
#3128=CYLINDRICAL_SURFACE('',#3127,1.19E-1);
#3129=ORIENTED_EDGE('',*,*,#3081,.F.);
#3131=ORIENTED_EDGE('',*,*,#3130,.T.);
#3133=ORIENTED_EDGE('',*,*,#3132,.T.);
#3134=ORIENTED_EDGE('',*,*,#3117,.F.);
#3135=EDGE_LOOP('',(#3129,#3131,#3133,#3134));
#3136=FACE_OUTER_BOUND('',#3135,.F.);
#3138=CARTESIAN_POINT('',(-1.001E0,0.E0,-3.1E0));
#3139=DIRECTION('',(0.E0,0.E0,1.E0));
#3140=DIRECTION('',(1.E0,0.E0,0.E0));
#3141=AXIS2_PLACEMENT_3D('',#3138,#3139,#3140);
#3142=PLANE('',#3141);
#3143=ORIENTED_EDGE('',*,*,#3079,.F.);
#3145=ORIENTED_EDGE('',*,*,#3144,.T.);
#3147=ORIENTED_EDGE('',*,*,#3146,.T.);
#3148=ORIENTED_EDGE('',*,*,#3130,.F.);
#3149=EDGE_LOOP('',(#3143,#3145,#3147,#3148));
#3150=FACE_OUTER_BOUND('',#3149,.F.);
#3152=CARTESIAN_POINT('',(-1.001E0,0.E0,-3.219E0));
#3153=DIRECTION('',(0.E0,1.E0,0.E0));
#3154=DIRECTION('',(1.E0,0.E0,0.E0));
#3155=AXIS2_PLACEMENT_3D('',#3152,#3153,#3154);
#3156=CYLINDRICAL_SURFACE('',#3155,1.19E-1);
#3157=ORIENTED_EDGE('',*,*,#3077,.F.);
#3159=ORIENTED_EDGE('',*,*,#3158,.T.);
#3161=ORIENTED_EDGE('',*,*,#3160,.T.);
#3162=ORIENTED_EDGE('',*,*,#3144,.F.);
#3163=EDGE_LOOP('',(#3157,#3159,#3161,#3162));
#3164=FACE_OUTER_BOUND('',#3163,.F.);
#3166=CARTESIAN_POINT('',(-1.12E0,0.E0,-3.6E0));
#3167=DIRECTION('',(-1.E0,0.E0,0.E0));
#3168=DIRECTION('',(0.E0,0.E0,1.E0));
#3169=AXIS2_PLACEMENT_3D('',#3166,#3167,#3168);
#3170=PLANE('',#3169);
#3171=ORIENTED_EDGE('',*,*,#3098,.T.);
#3173=ORIENTED_EDGE('',*,*,#3172,.T.);
#3174=ORIENTED_EDGE('',*,*,#3158,.F.);
#3175=ORIENTED_EDGE('',*,*,#3075,.F.);
#3176=EDGE_LOOP('',(#3171,#3173,#3174,#3175));
#3177=FACE_OUTER_BOUND('',#3176,.F.);
#3179=CARTESIAN_POINT('',(0.E0,2.E-1,0.E0));
#3180=DIRECTION('',(0.E0,1.E0,0.E0));
#3181=DIRECTION('',(1.E0,0.E0,0.E0));
#3182=AXIS2_PLACEMENT_3D('',#3179,#3180,#3181);
#3183=PLANE('',#3182);
#3184=ORIENTED_EDGE('',*,*,#3096,.T.);
#3185=ORIENTED_EDGE('',*,*,#3119,.F.);
#3186=ORIENTED_EDGE('',*,*,#3132,.F.);
#3187=ORIENTED_EDGE('',*,*,#3146,.F.);
#3188=ORIENTED_EDGE('',*,*,#3160,.F.);
#3189=ORIENTED_EDGE('',*,*,#3172,.F.);
#3190=EDGE_LOOP('',(#3184,#3185,#3186,#3187,#3188,#3189));
#3191=FACE_OUTER_BOUND('',#3190,.F.);
#3193=CLOSED_SHELL('',(#3087,#3102,#3123,#3137,#3151,#3165,#3178,#3192));
#3194=MANIFOLD_SOLID_BREP('',#3193);
#3195=FILL_AREA_STYLE_COLOUR('',#19);
#3196=FILL_AREA_STYLE('',(#3195));
#3197=SURFACE_STYLE_FILL_AREA(#3196);
#3198=SURFACE_SIDE_STYLE('',(#3197));
#3199=SURFACE_STYLE_USAGE(.POSITIVE.,#3198);
#3200=PRESENTATION_STYLE_ASSIGNMENT((#3199));
#2913=STYLED_ITEM('',(#3200),#3194);
#3202=DIRECTION('',(1.E0,0.E0,0.E0));
#3203=VECTOR('',#3202,2.4E-1);
#3204=CARTESIAN_POINT('',(-6.2E-1,0.E0,-3.5E0));
#3205=LINE('',#3204,#3203);
#3206=CURVE_STYLE('',#32,POSITIVE_LENGTH_MEASURE(2.E-2),#19);
#3207=PRESENTATION_STYLE_ASSIGNMENT((#3206));
#3208=STYLED_ITEM('',(#3207),#3205);
#3209=DIRECTION('',(0.E0,0.E0,1.E0));
#3210=VECTOR('',#3209,2.81E-1);
#3211=CARTESIAN_POINT('',(-6.2E-1,0.E0,-3.5E0));
#3212=LINE('',#3211,#3210);
#3213=CURVE_STYLE('',#32,POSITIVE_LENGTH_MEASURE(2.E-2),#19);
#3214=PRESENTATION_STYLE_ASSIGNMENT((#3213));
#3215=STYLED_ITEM('',(#3214),#3212);
#3216=CARTESIAN_POINT('',(-5.01E-1,0.E0,-3.219E0));
#3217=DIRECTION('',(0.E0,1.E0,0.E0));
#3218=DIRECTION('',(-1.E0,0.E0,0.E0));
#3219=AXIS2_PLACEMENT_3D('',#3216,#3217,#3218);
#3221=CURVE_STYLE('',#32,POSITIVE_LENGTH_MEASURE(2.E-2),#19);
#3222=PRESENTATION_STYLE_ASSIGNMENT((#3221));
#3223=STYLED_ITEM('',(#3222),#3220);
#3224=DIRECTION('',(1.E0,0.E0,-2.220446049254E-13));
#3225=VECTOR('',#3224,1.999999999997E-3);
#3226=CARTESIAN_POINT('',(-5.01E-1,0.E0,-3.1E0));
#3227=LINE('',#3226,#3225);
#3228=CURVE_STYLE('',#32,POSITIVE_LENGTH_MEASURE(2.E-2),#19);
#3229=PRESENTATION_STYLE_ASSIGNMENT((#3228));
#3230=STYLED_ITEM('',(#3229),#3227);
#3231=CARTESIAN_POINT('',(-4.99E-1,0.E0,-3.219E0));
#3232=DIRECTION('',(0.E0,1.E0,0.E0));
#3233=DIRECTION('',(-3.778490125825E-14,0.E0,1.E0));
#3234=AXIS2_PLACEMENT_3D('',#3231,#3232,#3233);
#3236=CURVE_STYLE('',#32,POSITIVE_LENGTH_MEASURE(2.E-2),#19);
#3237=PRESENTATION_STYLE_ASSIGNMENT((#3236));
#3238=STYLED_ITEM('',(#3237),#3235);
#3239=DIRECTION('',(0.E0,0.E0,-1.E0));
#3240=VECTOR('',#3239,2.81E-1);
#3241=CARTESIAN_POINT('',(-3.8E-1,0.E0,-3.219E0));
#3242=LINE('',#3241,#3240);
#3243=CURVE_STYLE('',#32,POSITIVE_LENGTH_MEASURE(2.E-2),#19);
#3244=PRESENTATION_STYLE_ASSIGNMENT((#3243));
#3245=STYLED_ITEM('',(#3244),#3242);
#3246=DIRECTION('',(0.E0,1.E0,0.E0));
#3247=VECTOR('',#3246,2.E-1);
#3248=CARTESIAN_POINT('',(-3.8E-1,0.E0,-3.5E0));
#3249=LINE('',#3248,#3247);
#3250=CURVE_STYLE('',#32,POSITIVE_LENGTH_MEASURE(2.E-2),#19);
#3251=PRESENTATION_STYLE_ASSIGNMENT((#3250));
#3252=STYLED_ITEM('',(#3251),#3249);
#3253=DIRECTION('',(0.E0,1.E0,0.E0));
#3254=VECTOR('',#3253,2.E-1);
#3255=CARTESIAN_POINT('',(-3.8E-1,0.E0,-3.219E0));
#3256=LINE('',#3255,#3254);
#3257=CURVE_STYLE('',#32,POSITIVE_LENGTH_MEASURE(2.E-2),#19);
#3258=PRESENTATION_STYLE_ASSIGNMENT((#3257));
#3259=STYLED_ITEM('',(#3258),#3256);
#3260=DIRECTION('',(0.E0,1.E0,0.E0));
#3261=VECTOR('',#3260,2.E-1);
#3262=CARTESIAN_POINT('',(-4.99E-1,0.E0,-3.1E0));
#3263=LINE('',#3262,#3261);
#3264=CURVE_STYLE('',#32,POSITIVE_LENGTH_MEASURE(2.E-2),#19);
#3265=PRESENTATION_STYLE_ASSIGNMENT((#3264));
#3266=STYLED_ITEM('',(#3265),#3263);
#3267=DIRECTION('',(0.E0,1.E0,0.E0));
#3268=VECTOR('',#3267,2.E-1);
#3269=CARTESIAN_POINT('',(-5.01E-1,0.E0,-3.1E0));
#3270=LINE('',#3269,#3268);
#3271=CURVE_STYLE('',#32,POSITIVE_LENGTH_MEASURE(2.E-2),#19);
#3272=PRESENTATION_STYLE_ASSIGNMENT((#3271));
#3273=STYLED_ITEM('',(#3272),#3270);
#3274=DIRECTION('',(0.E0,1.E0,0.E0));
#3275=VECTOR('',#3274,2.E-1);
#3276=CARTESIAN_POINT('',(-6.2E-1,0.E0,-3.219E0));
#3277=LINE('',#3276,#3275);
#3278=CURVE_STYLE('',#32,POSITIVE_LENGTH_MEASURE(2.E-2),#19);
#3279=PRESENTATION_STYLE_ASSIGNMENT((#3278));
#3280=STYLED_ITEM('',(#3279),#3277);
#3281=DIRECTION('',(0.E0,1.E0,0.E0));
#3282=VECTOR('',#3281,2.E-1);
#3283=CARTESIAN_POINT('',(-6.2E-1,0.E0,-3.5E0));
#3284=LINE('',#3283,#3282);
#3285=CURVE_STYLE('',#32,POSITIVE_LENGTH_MEASURE(2.E-2),#19);
#3286=PRESENTATION_STYLE_ASSIGNMENT((#3285));
#3287=STYLED_ITEM('',(#3286),#3284);
#3288=DIRECTION('',(1.E0,0.E0,0.E0));
#3289=VECTOR('',#3288,2.4E-1);
#3290=CARTESIAN_POINT('',(-6.2E-1,2.E-1,-3.5E0));
#3291=LINE('',#3290,#3289);
#3292=CURVE_STYLE('',#32,POSITIVE_LENGTH_MEASURE(2.E-2),#19);
#3293=PRESENTATION_STYLE_ASSIGNMENT((#3292));
#3294=STYLED_ITEM('',(#3293),#3291);
#3295=DIRECTION('',(0.E0,0.E0,-1.E0));
#3296=VECTOR('',#3295,2.81E-1);
#3297=CARTESIAN_POINT('',(-3.8E-1,2.E-1,-3.219E0));
#3298=LINE('',#3297,#3296);
#3299=CURVE_STYLE('',#32,POSITIVE_LENGTH_MEASURE(2.E-2),#19);
#3300=PRESENTATION_STYLE_ASSIGNMENT((#3299));
#3301=STYLED_ITEM('',(#3300),#3298);
#3302=CARTESIAN_POINT('',(-4.99E-1,2.E-1,-3.219E0));
#3303=DIRECTION('',(0.E0,1.E0,0.E0));
#3304=DIRECTION('',(0.E0,0.E0,1.E0));
#3305=AXIS2_PLACEMENT_3D('',#3302,#3303,#3304);
#3307=CURVE_STYLE('',#32,POSITIVE_LENGTH_MEASURE(2.E-2),#19);
#3308=PRESENTATION_STYLE_ASSIGNMENT((#3307));
#3309=STYLED_ITEM('',(#3308),#3306);
#3310=DIRECTION('',(1.E0,0.E0,0.E0));
#3311=VECTOR('',#3310,2.E-3);
#3312=CARTESIAN_POINT('',(-5.01E-1,2.E-1,-3.1E0));
#3313=LINE('',#3312,#3311);
#3314=CURVE_STYLE('',#32,POSITIVE_LENGTH_MEASURE(2.E-2),#19);
#3315=PRESENTATION_STYLE_ASSIGNMENT((#3314));
#3316=STYLED_ITEM('',(#3315),#3313);
#3317=CARTESIAN_POINT('',(-5.01E-1,2.E-1,-3.219E0));
#3318=DIRECTION('',(0.E0,1.E0,0.E0));
#3319=DIRECTION('',(-1.E0,0.E0,0.E0));
#3320=AXIS2_PLACEMENT_3D('',#3317,#3318,#3319);
#3322=CURVE_STYLE('',#32,POSITIVE_LENGTH_MEASURE(2.E-2),#19);
#3323=PRESENTATION_STYLE_ASSIGNMENT((#3322));
#3324=STYLED_ITEM('',(#3323),#3321);
#3325=DIRECTION('',(0.E0,0.E0,1.E0));
#3326=VECTOR('',#3325,2.81E-1);
#3327=CARTESIAN_POINT('',(-6.2E-1,2.E-1,-3.5E0));
#3328=LINE('',#3327,#3326);
#3329=CURVE_STYLE('',#32,POSITIVE_LENGTH_MEASURE(2.E-2),#19);
#3330=PRESENTATION_STYLE_ASSIGNMENT((#3329));
#3331=STYLED_ITEM('',(#3330),#3328);
#3332=CARTESIAN_POINT('',(-6.2E-1,0.E0,-3.219E0));
#3333=CARTESIAN_POINT('',(-5.01E-1,0.E0,-3.1E0));
#3334=VERTEX_POINT('',#3332);
#3335=VERTEX_POINT('',#3333);
#3336=CARTESIAN_POINT('',(-4.99E-1,0.E0,-3.1E0));
#3337=VERTEX_POINT('',#3336);
#3338=CARTESIAN_POINT('',(-3.8E-1,0.E0,-3.219E0));
#3339=VERTEX_POINT('',#3338);
#3340=CARTESIAN_POINT('',(-6.2E-1,2.E-1,-3.219E0));
#3341=CARTESIAN_POINT('',(-5.01E-1,2.E-1,-3.1E0));
#3342=VERTEX_POINT('',#3340);
#3343=VERTEX_POINT('',#3341);
#3344=CARTESIAN_POINT('',(-4.99E-1,2.E-1,-3.1E0));
#3345=VERTEX_POINT('',#3344);
#3346=CARTESIAN_POINT('',(-3.8E-1,2.E-1,-3.219E0));
#3347=VERTEX_POINT('',#3346);
#3348=CARTESIAN_POINT('',(-6.2E-1,0.E0,-3.5E0));
#3349=CARTESIAN_POINT('',(-3.8E-1,0.E0,-3.5E0));
#3350=VERTEX_POINT('',#3348);
#3351=VERTEX_POINT('',#3349);
#3352=CARTESIAN_POINT('',(-6.2E-1,2.E-1,-3.5E0));
#3353=VERTEX_POINT('',#3352);
#3354=CARTESIAN_POINT('',(-3.8E-1,2.E-1,-3.5E0));
#3355=VERTEX_POINT('',#3354);
#3356=CARTESIAN_POINT('',(0.E0,0.E0,0.E0));
#3357=DIRECTION('',(0.E0,1.E0,0.E0));
#3358=DIRECTION('',(1.E0,0.E0,0.E0));
#3359=AXIS2_PLACEMENT_3D('',#3356,#3357,#3358);
#3360=PLANE('',#3359);
#3362=ORIENTED_EDGE('',*,*,#3361,.F.);
#3364=ORIENTED_EDGE('',*,*,#3363,.T.);
#3366=ORIENTED_EDGE('',*,*,#3365,.T.);
#3368=ORIENTED_EDGE('',*,*,#3367,.T.);
#3370=ORIENTED_EDGE('',*,*,#3369,.T.);
#3372=ORIENTED_EDGE('',*,*,#3371,.T.);
#3373=EDGE_LOOP('',(#3362,#3364,#3366,#3368,#3370,#3372));
#3374=FACE_OUTER_BOUND('',#3373,.F.);
#3376=CARTESIAN_POINT('',(-1.75E0,0.E0,-3.5E0));
#3377=DIRECTION('',(0.E0,0.E0,1.E0));
#3378=DIRECTION('',(1.E0,0.E0,0.E0));
#3379=AXIS2_PLACEMENT_3D('',#3376,#3377,#3378);
#3380=PLANE('',#3379);
#3381=ORIENTED_EDGE('',*,*,#3361,.T.);
#3383=ORIENTED_EDGE('',*,*,#3382,.T.);
#3385=ORIENTED_EDGE('',*,*,#3384,.F.);
#3387=ORIENTED_EDGE('',*,*,#3386,.F.);
#3388=EDGE_LOOP('',(#3381,#3383,#3385,#3387));
#3389=FACE_OUTER_BOUND('',#3388,.F.);
#3391=FILL_AREA_STYLE_COLOUR('',#25);
#3392=FILL_AREA_STYLE('',(#3391));
#3393=SURFACE_STYLE_FILL_AREA(#3392);
#3394=SURFACE_SIDE_STYLE('',(#3393));
#3395=SURFACE_STYLE_USAGE(.POSITIVE.,#3394);
#3396=PRESENTATION_STYLE_ASSIGNMENT((#3395));
#3397=OVER_RIDING_STYLED_ITEM('',(#3396),#3390,#3201);
#3398=CARTESIAN_POINT('',(-3.8E-1,0.E0,-3.219E0));
#3399=DIRECTION('',(1.E0,0.E0,0.E0));
#3400=DIRECTION('',(0.E0,0.E0,-1.E0));
#3401=AXIS2_PLACEMENT_3D('',#3398,#3399,#3400);
#3402=PLANE('',#3401);
#3403=ORIENTED_EDGE('',*,*,#3382,.F.);
#3404=ORIENTED_EDGE('',*,*,#3371,.F.);
#3406=ORIENTED_EDGE('',*,*,#3405,.T.);
#3408=ORIENTED_EDGE('',*,*,#3407,.T.);
#3409=EDGE_LOOP('',(#3403,#3404,#3406,#3408));
#3410=FACE_OUTER_BOUND('',#3409,.F.);
#3412=CARTESIAN_POINT('',(-4.99E-1,0.E0,-3.219E0));
#3413=DIRECTION('',(0.E0,1.E0,0.E0));
#3414=DIRECTION('',(1.E0,0.E0,0.E0));
#3415=AXIS2_PLACEMENT_3D('',#3412,#3413,#3414);
#3416=CYLINDRICAL_SURFACE('',#3415,1.19E-1);
#3417=ORIENTED_EDGE('',*,*,#3369,.F.);
#3419=ORIENTED_EDGE('',*,*,#3418,.T.);
#3421=ORIENTED_EDGE('',*,*,#3420,.T.);
#3422=ORIENTED_EDGE('',*,*,#3405,.F.);
#3423=EDGE_LOOP('',(#3417,#3419,#3421,#3422));
#3424=FACE_OUTER_BOUND('',#3423,.F.);
#3426=CARTESIAN_POINT('',(-5.01E-1,0.E0,-3.1E0));
#3427=DIRECTION('',(0.E0,0.E0,1.E0));
#3428=DIRECTION('',(1.E0,0.E0,0.E0));
#3429=AXIS2_PLACEMENT_3D('',#3426,#3427,#3428);
#3430=PLANE('',#3429);
#3431=ORIENTED_EDGE('',*,*,#3367,.F.);
#3433=ORIENTED_EDGE('',*,*,#3432,.T.);
#3435=ORIENTED_EDGE('',*,*,#3434,.T.);
#3436=ORIENTED_EDGE('',*,*,#3418,.F.);
#3437=EDGE_LOOP('',(#3431,#3433,#3435,#3436));
#3438=FACE_OUTER_BOUND('',#3437,.F.);
#3440=CARTESIAN_POINT('',(-5.01E-1,0.E0,-3.219E0));
#3441=DIRECTION('',(0.E0,1.E0,0.E0));
#3442=DIRECTION('',(1.E0,0.E0,0.E0));
#3443=AXIS2_PLACEMENT_3D('',#3440,#3441,#3442);
#3444=CYLINDRICAL_SURFACE('',#3443,1.19E-1);
#3445=ORIENTED_EDGE('',*,*,#3365,.F.);
#3447=ORIENTED_EDGE('',*,*,#3446,.T.);
#3449=ORIENTED_EDGE('',*,*,#3448,.T.);
#3450=ORIENTED_EDGE('',*,*,#3432,.F.);
#3451=EDGE_LOOP('',(#3445,#3447,#3449,#3450));
#3452=FACE_OUTER_BOUND('',#3451,.F.);
#3454=CARTESIAN_POINT('',(-6.2E-1,0.E0,-3.6E0));
#3455=DIRECTION('',(-1.E0,0.E0,0.E0));
#3456=DIRECTION('',(0.E0,0.E0,1.E0));
#3457=AXIS2_PLACEMENT_3D('',#3454,#3455,#3456);
#3458=PLANE('',#3457);
#3459=ORIENTED_EDGE('',*,*,#3386,.T.);
#3461=ORIENTED_EDGE('',*,*,#3460,.T.);
#3462=ORIENTED_EDGE('',*,*,#3446,.F.);
#3463=ORIENTED_EDGE('',*,*,#3363,.F.);
#3464=EDGE_LOOP('',(#3459,#3461,#3462,#3463));
#3465=FACE_OUTER_BOUND('',#3464,.F.);
#3467=CARTESIAN_POINT('',(0.E0,2.E-1,0.E0));
#3468=DIRECTION('',(0.E0,1.E0,0.E0));
#3469=DIRECTION('',(1.E0,0.E0,0.E0));
#3470=AXIS2_PLACEMENT_3D('',#3467,#3468,#3469);
#3471=PLANE('',#3470);
#3472=ORIENTED_EDGE('',*,*,#3384,.T.);
#3473=ORIENTED_EDGE('',*,*,#3407,.F.);
#3474=ORIENTED_EDGE('',*,*,#3420,.F.);
#3475=ORIENTED_EDGE('',*,*,#3434,.F.);
#3476=ORIENTED_EDGE('',*,*,#3448,.F.);
#3477=ORIENTED_EDGE('',*,*,#3460,.F.);
#3478=EDGE_LOOP('',(#3472,#3473,#3474,#3475,#3476,#3477));
#3479=FACE_OUTER_BOUND('',#3478,.F.);
#3481=CLOSED_SHELL('',(#3375,#3390,#3411,#3425,#3439,#3453,#3466,#3480));
#3482=MANIFOLD_SOLID_BREP('',#3481);
#3483=FILL_AREA_STYLE_COLOUR('',#19);
#3484=FILL_AREA_STYLE('',(#3483));
#3485=SURFACE_STYLE_FILL_AREA(#3484);
#3486=SURFACE_SIDE_STYLE('',(#3485));
#3487=SURFACE_STYLE_USAGE(.POSITIVE.,#3486);
#3488=PRESENTATION_STYLE_ASSIGNMENT((#3487));
#3201=STYLED_ITEM('',(#3488),#3482);
#3490=DIRECTION('',(1.E0,0.E0,0.E0));
#3491=VECTOR('',#3490,2.4E-1);
#3492=CARTESIAN_POINT('',(-1.2E-1,0.E0,-3.5E0));
#3493=LINE('',#3492,#3491);
#3494=CURVE_STYLE('',#32,POSITIVE_LENGTH_MEASURE(2.E-2),#19);
#3495=PRESENTATION_STYLE_ASSIGNMENT((#3494));
#3496=STYLED_ITEM('',(#3495),#3493);
#3497=DIRECTION('',(0.E0,0.E0,1.E0));
#3498=VECTOR('',#3497,2.81E-1);
#3499=CARTESIAN_POINT('',(-1.2E-1,0.E0,-3.5E0));
#3500=LINE('',#3499,#3498);
#3501=CURVE_STYLE('',#32,POSITIVE_LENGTH_MEASURE(2.E-2),#19);
#3502=PRESENTATION_STYLE_ASSIGNMENT((#3501));
#3503=STYLED_ITEM('',(#3502),#3500);
#3504=CARTESIAN_POINT('',(-1.E-3,0.E0,-3.219E0));
#3505=DIRECTION('',(0.E0,1.E0,0.E0));
#3506=DIRECTION('',(-1.E0,0.E0,0.E0));
#3507=AXIS2_PLACEMENT_3D('',#3504,#3505,#3506);
#3509=CURVE_STYLE('',#32,POSITIVE_LENGTH_MEASURE(2.E-2),#19);
#3510=PRESENTATION_STYLE_ASSIGNMENT((#3509));
#3511=STYLED_ITEM('',(#3510),#3508);
#3512=DIRECTION('',(1.E0,0.E0,-2.220446049254E-13));
#3513=VECTOR('',#3512,1.999999999997E-3);
#3514=CARTESIAN_POINT('',(-9.999999999985E-4,0.E0,-3.1E0));
#3515=LINE('',#3514,#3513);
#3516=CURVE_STYLE('',#32,POSITIVE_LENGTH_MEASURE(2.E-2),#19);
#3517=PRESENTATION_STYLE_ASSIGNMENT((#3516));
#3518=STYLED_ITEM('',(#3517),#3515);
#3519=CARTESIAN_POINT('',(1.E-3,0.E0,-3.219E0));
#3520=DIRECTION('',(0.E0,1.E0,0.E0));
#3521=DIRECTION('',(-3.807462923376E-14,0.E0,1.E0));
#3522=AXIS2_PLACEMENT_3D('',#3519,#3520,#3521);
#3524=CURVE_STYLE('',#32,POSITIVE_LENGTH_MEASURE(2.E-2),#19);
#3525=PRESENTATION_STYLE_ASSIGNMENT((#3524));
#3526=STYLED_ITEM('',(#3525),#3523);
#3527=DIRECTION('',(0.E0,0.E0,-1.E0));
#3528=VECTOR('',#3527,2.81E-1);
#3529=CARTESIAN_POINT('',(1.2E-1,0.E0,-3.219E0));
#3530=LINE('',#3529,#3528);
#3531=CURVE_STYLE('',#32,POSITIVE_LENGTH_MEASURE(2.E-2),#19);
#3532=PRESENTATION_STYLE_ASSIGNMENT((#3531));
#3533=STYLED_ITEM('',(#3532),#3530);
#3534=DIRECTION('',(0.E0,1.E0,0.E0));
#3535=VECTOR('',#3534,2.E-1);
#3536=CARTESIAN_POINT('',(1.2E-1,0.E0,-3.5E0));
#3537=LINE('',#3536,#3535);
#3538=CURVE_STYLE('',#32,POSITIVE_LENGTH_MEASURE(2.E-2),#19);
#3539=PRESENTATION_STYLE_ASSIGNMENT((#3538));
#3540=STYLED_ITEM('',(#3539),#3537);
#3541=DIRECTION('',(0.E0,1.E0,0.E0));
#3542=VECTOR('',#3541,2.E-1);
#3543=CARTESIAN_POINT('',(1.2E-1,0.E0,-3.219E0));
#3544=LINE('',#3543,#3542);
#3545=CURVE_STYLE('',#32,POSITIVE_LENGTH_MEASURE(2.E-2),#19);
#3546=PRESENTATION_STYLE_ASSIGNMENT((#3545));
#3547=STYLED_ITEM('',(#3546),#3544);
#3548=DIRECTION('',(0.E0,1.E0,0.E0));
#3549=VECTOR('',#3548,2.E-1);
#3550=CARTESIAN_POINT('',(9.999999999985E-4,0.E0,-3.1E0));
#3551=LINE('',#3550,#3549);
#3552=CURVE_STYLE('',#32,POSITIVE_LENGTH_MEASURE(2.E-2),#19);
#3553=PRESENTATION_STYLE_ASSIGNMENT((#3552));
#3554=STYLED_ITEM('',(#3553),#3551);
#3555=DIRECTION('',(0.E0,1.E0,0.E0));
#3556=VECTOR('',#3555,2.E-1);
#3557=CARTESIAN_POINT('',(-9.999999999985E-4,0.E0,-3.1E0));
#3558=LINE('',#3557,#3556);
#3559=CURVE_STYLE('',#32,POSITIVE_LENGTH_MEASURE(2.E-2),#19);
#3560=PRESENTATION_STYLE_ASSIGNMENT((#3559));
#3561=STYLED_ITEM('',(#3560),#3558);
#3562=DIRECTION('',(0.E0,1.E0,0.E0));
#3563=VECTOR('',#3562,2.E-1);
#3564=CARTESIAN_POINT('',(-1.2E-1,0.E0,-3.219E0));
#3565=LINE('',#3564,#3563);
#3566=CURVE_STYLE('',#32,POSITIVE_LENGTH_MEASURE(2.E-2),#19);
#3567=PRESENTATION_STYLE_ASSIGNMENT((#3566));
#3568=STYLED_ITEM('',(#3567),#3565);
#3569=DIRECTION('',(0.E0,1.E0,0.E0));
#3570=VECTOR('',#3569,2.E-1);
#3571=CARTESIAN_POINT('',(-1.2E-1,0.E0,-3.5E0));
#3572=LINE('',#3571,#3570);
#3573=CURVE_STYLE('',#32,POSITIVE_LENGTH_MEASURE(2.E-2),#19);
#3574=PRESENTATION_STYLE_ASSIGNMENT((#3573));
#3575=STYLED_ITEM('',(#3574),#3572);
#3576=DIRECTION('',(1.E0,0.E0,0.E0));
#3577=VECTOR('',#3576,2.4E-1);
#3578=CARTESIAN_POINT('',(-1.2E-1,2.E-1,-3.5E0));
#3579=LINE('',#3578,#3577);
#3580=CURVE_STYLE('',#32,POSITIVE_LENGTH_MEASURE(2.E-2),#19);
#3581=PRESENTATION_STYLE_ASSIGNMENT((#3580));
#3582=STYLED_ITEM('',(#3581),#3579);
#3583=DIRECTION('',(0.E0,0.E0,-1.E0));
#3584=VECTOR('',#3583,2.81E-1);
#3585=CARTESIAN_POINT('',(1.2E-1,2.E-1,-3.219E0));
#3586=LINE('',#3585,#3584);
#3587=CURVE_STYLE('',#32,POSITIVE_LENGTH_MEASURE(2.E-2),#19);
#3588=PRESENTATION_STYLE_ASSIGNMENT((#3587));
#3589=STYLED_ITEM('',(#3588),#3586);
#3590=CARTESIAN_POINT('',(1.E-3,2.E-1,-3.219E0));
#3591=DIRECTION('',(0.E0,1.E0,0.E0));
#3592=DIRECTION('',(0.E0,0.E0,1.E0));
#3593=AXIS2_PLACEMENT_3D('',#3590,#3591,#3592);
#3595=CURVE_STYLE('',#32,POSITIVE_LENGTH_MEASURE(2.E-2),#19);
#3596=PRESENTATION_STYLE_ASSIGNMENT((#3595));
#3597=STYLED_ITEM('',(#3596),#3594);
#3598=DIRECTION('',(1.E0,0.E0,0.E0));
#3599=VECTOR('',#3598,2.E-3);
#3600=CARTESIAN_POINT('',(-1.E-3,2.E-1,-3.1E0));
#3601=LINE('',#3600,#3599);
#3602=CURVE_STYLE('',#32,POSITIVE_LENGTH_MEASURE(2.E-2),#19);
#3603=PRESENTATION_STYLE_ASSIGNMENT((#3602));
#3604=STYLED_ITEM('',(#3603),#3601);
#3605=CARTESIAN_POINT('',(-1.E-3,2.E-1,-3.219E0));
#3606=DIRECTION('',(0.E0,1.E0,0.E0));
#3607=DIRECTION('',(-1.E0,0.E0,0.E0));
#3608=AXIS2_PLACEMENT_3D('',#3605,#3606,#3607);
#3610=CURVE_STYLE('',#32,POSITIVE_LENGTH_MEASURE(2.E-2),#19);
#3611=PRESENTATION_STYLE_ASSIGNMENT((#3610));
#3612=STYLED_ITEM('',(#3611),#3609);
#3613=DIRECTION('',(0.E0,0.E0,1.E0));
#3614=VECTOR('',#3613,2.81E-1);
#3615=CARTESIAN_POINT('',(-1.2E-1,2.E-1,-3.5E0));
#3616=LINE('',#3615,#3614);
#3617=CURVE_STYLE('',#32,POSITIVE_LENGTH_MEASURE(2.E-2),#19);
#3618=PRESENTATION_STYLE_ASSIGNMENT((#3617));
#3619=STYLED_ITEM('',(#3618),#3616);
#3620=CARTESIAN_POINT('',(-1.2E-1,0.E0,-3.219E0));
#3621=CARTESIAN_POINT('',(-9.999999999955E-4,0.E0,-3.1E0));
#3622=VERTEX_POINT('',#3620);
#3623=VERTEX_POINT('',#3621);
#3624=CARTESIAN_POINT('',(9.999999999985E-4,0.E0,-3.1E0));
#3625=VERTEX_POINT('',#3624);
#3626=CARTESIAN_POINT('',(1.2E-1,0.E0,-3.219E0));
#3627=VERTEX_POINT('',#3626);
#3628=CARTESIAN_POINT('',(-1.2E-1,2.E-1,-3.219E0));
#3629=CARTESIAN_POINT('',(-1.E-3,2.E-1,-3.1E0));
#3630=VERTEX_POINT('',#3628);
#3631=VERTEX_POINT('',#3629);
#3632=CARTESIAN_POINT('',(1.E-3,2.E-1,-3.1E0));
#3633=VERTEX_POINT('',#3632);
#3634=CARTESIAN_POINT('',(1.2E-1,2.E-1,-3.219E0));
#3635=VERTEX_POINT('',#3634);
#3636=CARTESIAN_POINT('',(-1.2E-1,0.E0,-3.5E0));
#3637=CARTESIAN_POINT('',(1.2E-1,0.E0,-3.5E0));
#3638=VERTEX_POINT('',#3636);
#3639=VERTEX_POINT('',#3637);
#3640=CARTESIAN_POINT('',(-1.2E-1,2.E-1,-3.5E0));
#3641=VERTEX_POINT('',#3640);
#3642=CARTESIAN_POINT('',(1.2E-1,2.E-1,-3.5E0));
#3643=VERTEX_POINT('',#3642);
#3644=CARTESIAN_POINT('',(0.E0,0.E0,0.E0));
#3645=DIRECTION('',(0.E0,1.E0,0.E0));
#3646=DIRECTION('',(1.E0,0.E0,0.E0));
#3647=AXIS2_PLACEMENT_3D('',#3644,#3645,#3646);
#3648=PLANE('',#3647);
#3650=ORIENTED_EDGE('',*,*,#3649,.F.);
#3652=ORIENTED_EDGE('',*,*,#3651,.T.);
#3654=ORIENTED_EDGE('',*,*,#3653,.T.);
#3656=ORIENTED_EDGE('',*,*,#3655,.T.);
#3658=ORIENTED_EDGE('',*,*,#3657,.T.);
#3660=ORIENTED_EDGE('',*,*,#3659,.T.);
#3661=EDGE_LOOP('',(#3650,#3652,#3654,#3656,#3658,#3660));
#3662=FACE_OUTER_BOUND('',#3661,.F.);
#3664=CARTESIAN_POINT('',(-1.75E0,0.E0,-3.5E0));
#3665=DIRECTION('',(0.E0,0.E0,1.E0));
#3666=DIRECTION('',(1.E0,0.E0,0.E0));
#3667=AXIS2_PLACEMENT_3D('',#3664,#3665,#3666);
#3668=PLANE('',#3667);
#3669=ORIENTED_EDGE('',*,*,#3649,.T.);
#3671=ORIENTED_EDGE('',*,*,#3670,.T.);
#3673=ORIENTED_EDGE('',*,*,#3672,.F.);
#3675=ORIENTED_EDGE('',*,*,#3674,.F.);
#3676=EDGE_LOOP('',(#3669,#3671,#3673,#3675));
#3677=FACE_OUTER_BOUND('',#3676,.F.);
#3679=FILL_AREA_STYLE_COLOUR('',#25);
#3680=FILL_AREA_STYLE('',(#3679));
#3681=SURFACE_STYLE_FILL_AREA(#3680);
#3682=SURFACE_SIDE_STYLE('',(#3681));
#3683=SURFACE_STYLE_USAGE(.POSITIVE.,#3682);
#3684=PRESENTATION_STYLE_ASSIGNMENT((#3683));
#3685=OVER_RIDING_STYLED_ITEM('',(#3684),#3678,#3489);
#3686=CARTESIAN_POINT('',(1.2E-1,0.E0,-3.219E0));
#3687=DIRECTION('',(1.E0,0.E0,0.E0));
#3688=DIRECTION('',(0.E0,0.E0,-1.E0));
#3689=AXIS2_PLACEMENT_3D('',#3686,#3687,#3688);
#3690=PLANE('',#3689);
#3691=ORIENTED_EDGE('',*,*,#3670,.F.);
#3692=ORIENTED_EDGE('',*,*,#3659,.F.);
#3694=ORIENTED_EDGE('',*,*,#3693,.T.);
#3696=ORIENTED_EDGE('',*,*,#3695,.T.);
#3697=EDGE_LOOP('',(#3691,#3692,#3694,#3696));
#3698=FACE_OUTER_BOUND('',#3697,.F.);
#3700=CARTESIAN_POINT('',(1.E-3,0.E0,-3.219E0));
#3701=DIRECTION('',(0.E0,1.E0,0.E0));
#3702=DIRECTION('',(1.E0,0.E0,0.E0));
#3703=AXIS2_PLACEMENT_3D('',#3700,#3701,#3702);
#3704=CYLINDRICAL_SURFACE('',#3703,1.19E-1);
#3705=ORIENTED_EDGE('',*,*,#3657,.F.);
#3707=ORIENTED_EDGE('',*,*,#3706,.T.);
#3709=ORIENTED_EDGE('',*,*,#3708,.T.);
#3710=ORIENTED_EDGE('',*,*,#3693,.F.);
#3711=EDGE_LOOP('',(#3705,#3707,#3709,#3710));
#3712=FACE_OUTER_BOUND('',#3711,.F.);
#3714=CARTESIAN_POINT('',(-1.E-3,0.E0,-3.1E0));
#3715=DIRECTION('',(0.E0,0.E0,1.E0));
#3716=DIRECTION('',(1.E0,0.E0,0.E0));
#3717=AXIS2_PLACEMENT_3D('',#3714,#3715,#3716);
#3718=PLANE('',#3717);
#3719=ORIENTED_EDGE('',*,*,#3655,.F.);
#3721=ORIENTED_EDGE('',*,*,#3720,.T.);
#3723=ORIENTED_EDGE('',*,*,#3722,.T.);
#3724=ORIENTED_EDGE('',*,*,#3706,.F.);
#3725=EDGE_LOOP('',(#3719,#3721,#3723,#3724));
#3726=FACE_OUTER_BOUND('',#3725,.F.);
#3728=CARTESIAN_POINT('',(-1.E-3,0.E0,-3.219E0));
#3729=DIRECTION('',(0.E0,1.E0,0.E0));
#3730=DIRECTION('',(1.E0,0.E0,0.E0));
#3731=AXIS2_PLACEMENT_3D('',#3728,#3729,#3730);
#3732=CYLINDRICAL_SURFACE('',#3731,1.19E-1);
#3733=ORIENTED_EDGE('',*,*,#3653,.F.);
#3735=ORIENTED_EDGE('',*,*,#3734,.T.);
#3737=ORIENTED_EDGE('',*,*,#3736,.T.);
#3738=ORIENTED_EDGE('',*,*,#3720,.F.);
#3739=EDGE_LOOP('',(#3733,#3735,#3737,#3738));
#3740=FACE_OUTER_BOUND('',#3739,.F.);
#3742=CARTESIAN_POINT('',(-1.2E-1,0.E0,-3.6E0));
#3743=DIRECTION('',(-1.E0,0.E0,0.E0));
#3744=DIRECTION('',(0.E0,0.E0,1.E0));
#3745=AXIS2_PLACEMENT_3D('',#3742,#3743,#3744);
#3746=PLANE('',#3745);
#3747=ORIENTED_EDGE('',*,*,#3674,.T.);
#3749=ORIENTED_EDGE('',*,*,#3748,.T.);
#3750=ORIENTED_EDGE('',*,*,#3734,.F.);
#3751=ORIENTED_EDGE('',*,*,#3651,.F.);
#3752=EDGE_LOOP('',(#3747,#3749,#3750,#3751));
#3753=FACE_OUTER_BOUND('',#3752,.F.);
#3755=CARTESIAN_POINT('',(0.E0,2.E-1,0.E0));
#3756=DIRECTION('',(0.E0,1.E0,0.E0));
#3757=DIRECTION('',(1.E0,0.E0,0.E0));
#3758=AXIS2_PLACEMENT_3D('',#3755,#3756,#3757);
#3759=PLANE('',#3758);
#3760=ORIENTED_EDGE('',*,*,#3672,.T.);
#3761=ORIENTED_EDGE('',*,*,#3695,.F.);
#3762=ORIENTED_EDGE('',*,*,#3708,.F.);
#3763=ORIENTED_EDGE('',*,*,#3722,.F.);
#3764=ORIENTED_EDGE('',*,*,#3736,.F.);
#3765=ORIENTED_EDGE('',*,*,#3748,.F.);
#3766=EDGE_LOOP('',(#3760,#3761,#3762,#3763,#3764,#3765));
#3767=FACE_OUTER_BOUND('',#3766,.F.);
#3769=CLOSED_SHELL('',(#3663,#3678,#3699,#3713,#3727,#3741,#3754,#3768));
#3770=MANIFOLD_SOLID_BREP('',#3769);
#3771=FILL_AREA_STYLE_COLOUR('',#19);
#3772=FILL_AREA_STYLE('',(#3771));
#3773=SURFACE_STYLE_FILL_AREA(#3772);
#3774=SURFACE_SIDE_STYLE('',(#3773));
#3775=SURFACE_STYLE_USAGE(.POSITIVE.,#3774);
#3776=PRESENTATION_STYLE_ASSIGNMENT((#3775));
#3489=STYLED_ITEM('',(#3776),#3770);
#3778=DIRECTION('',(1.E0,0.E0,0.E0));
#3779=VECTOR('',#3778,2.4E-1);
#3780=CARTESIAN_POINT('',(3.8E-1,0.E0,-3.5E0));
#3781=LINE('',#3780,#3779);
#3782=CURVE_STYLE('',#32,POSITIVE_LENGTH_MEASURE(2.E-2),#19);
#3783=PRESENTATION_STYLE_ASSIGNMENT((#3782));
#3784=STYLED_ITEM('',(#3783),#3781);
#3785=DIRECTION('',(0.E0,0.E0,1.E0));
#3786=VECTOR('',#3785,2.81E-1);
#3787=CARTESIAN_POINT('',(3.8E-1,0.E0,-3.5E0));
#3788=LINE('',#3787,#3786);
#3789=CURVE_STYLE('',#32,POSITIVE_LENGTH_MEASURE(2.E-2),#19);
#3790=PRESENTATION_STYLE_ASSIGNMENT((#3789));
#3791=STYLED_ITEM('',(#3790),#3788);
#3792=CARTESIAN_POINT('',(4.99E-1,0.E0,-3.219E0));
#3793=DIRECTION('',(0.E0,1.E0,0.E0));
#3794=DIRECTION('',(-1.E0,0.E0,0.E0));
#3795=AXIS2_PLACEMENT_3D('',#3792,#3793,#3794);
#3797=CURVE_STYLE('',#32,POSITIVE_LENGTH_MEASURE(2.E-2),#19);
#3798=PRESENTATION_STYLE_ASSIGNMENT((#3797));
#3799=STYLED_ITEM('',(#3798),#3796);
#3800=DIRECTION('',(1.E0,0.E0,-2.220446049254E-13));
#3801=VECTOR('',#3800,1.999999999997E-3);
#3802=CARTESIAN_POINT('',(4.99E-1,0.E0,-3.1E0));
#3803=LINE('',#3802,#3801);
#3804=CURVE_STYLE('',#32,POSITIVE_LENGTH_MEASURE(2.E-2),#19);
#3805=PRESENTATION_STYLE_ASSIGNMENT((#3804));
#3806=STYLED_ITEM('',(#3805),#3803);
#3807=CARTESIAN_POINT('',(5.01E-1,0.E0,-3.219E0));
#3808=DIRECTION('',(0.E0,1.E0,0.E0));
#3809=DIRECTION('',(-3.825138152070E-14,0.E0,1.E0));
#3810=AXIS2_PLACEMENT_3D('',#3807,#3808,#3809);
#3812=CURVE_STYLE('',#32,POSITIVE_LENGTH_MEASURE(2.E-2),#19);
#3813=PRESENTATION_STYLE_ASSIGNMENT((#3812));
#3814=STYLED_ITEM('',(#3813),#3811);
#3815=DIRECTION('',(0.E0,0.E0,-1.E0));
#3816=VECTOR('',#3815,2.81E-1);
#3817=CARTESIAN_POINT('',(6.2E-1,0.E0,-3.219E0));
#3818=LINE('',#3817,#3816);
#3819=CURVE_STYLE('',#32,POSITIVE_LENGTH_MEASURE(2.E-2),#19);
#3820=PRESENTATION_STYLE_ASSIGNMENT((#3819));
#3821=STYLED_ITEM('',(#3820),#3818);
#3822=DIRECTION('',(0.E0,1.E0,0.E0));
#3823=VECTOR('',#3822,2.E-1);
#3824=CARTESIAN_POINT('',(6.2E-1,0.E0,-3.5E0));
#3825=LINE('',#3824,#3823);
#3826=CURVE_STYLE('',#32,POSITIVE_LENGTH_MEASURE(2.E-2),#19);
#3827=PRESENTATION_STYLE_ASSIGNMENT((#3826));
#3828=STYLED_ITEM('',(#3827),#3825);
#3829=DIRECTION('',(0.E0,1.E0,0.E0));
#3830=VECTOR('',#3829,2.E-1);
#3831=CARTESIAN_POINT('',(6.2E-1,0.E0,-3.219E0));
#3832=LINE('',#3831,#3830);
#3833=CURVE_STYLE('',#32,POSITIVE_LENGTH_MEASURE(2.E-2),#19);
#3834=PRESENTATION_STYLE_ASSIGNMENT((#3833));
#3835=STYLED_ITEM('',(#3834),#3832);
#3836=DIRECTION('',(0.E0,1.E0,0.E0));
#3837=VECTOR('',#3836,2.E-1);
#3838=CARTESIAN_POINT('',(5.01E-1,0.E0,-3.1E0));
#3839=LINE('',#3838,#3837);
#3840=CURVE_STYLE('',#32,POSITIVE_LENGTH_MEASURE(2.E-2),#19);
#3841=PRESENTATION_STYLE_ASSIGNMENT((#3840));
#3842=STYLED_ITEM('',(#3841),#3839);
#3843=DIRECTION('',(0.E0,1.E0,0.E0));
#3844=VECTOR('',#3843,2.E-1);
#3845=CARTESIAN_POINT('',(4.99E-1,0.E0,-3.1E0));
#3846=LINE('',#3845,#3844);
#3847=CURVE_STYLE('',#32,POSITIVE_LENGTH_MEASURE(2.E-2),#19);
#3848=PRESENTATION_STYLE_ASSIGNMENT((#3847));
#3849=STYLED_ITEM('',(#3848),#3846);
#3850=DIRECTION('',(0.E0,1.E0,0.E0));
#3851=VECTOR('',#3850,2.E-1);
#3852=CARTESIAN_POINT('',(3.8E-1,0.E0,-3.219E0));
#3853=LINE('',#3852,#3851);
#3854=CURVE_STYLE('',#32,POSITIVE_LENGTH_MEASURE(2.E-2),#19);
#3855=PRESENTATION_STYLE_ASSIGNMENT((#3854));
#3856=STYLED_ITEM('',(#3855),#3853);
#3857=DIRECTION('',(0.E0,1.E0,0.E0));
#3858=VECTOR('',#3857,2.E-1);
#3859=CARTESIAN_POINT('',(3.8E-1,0.E0,-3.5E0));
#3860=LINE('',#3859,#3858);
#3861=CURVE_STYLE('',#32,POSITIVE_LENGTH_MEASURE(2.E-2),#19);
#3862=PRESENTATION_STYLE_ASSIGNMENT((#3861));
#3863=STYLED_ITEM('',(#3862),#3860);
#3864=DIRECTION('',(1.E0,0.E0,0.E0));
#3865=VECTOR('',#3864,2.4E-1);
#3866=CARTESIAN_POINT('',(3.8E-1,2.E-1,-3.5E0));
#3867=LINE('',#3866,#3865);
#3868=CURVE_STYLE('',#32,POSITIVE_LENGTH_MEASURE(2.E-2),#19);
#3869=PRESENTATION_STYLE_ASSIGNMENT((#3868));
#3870=STYLED_ITEM('',(#3869),#3867);
#3871=DIRECTION('',(0.E0,0.E0,-1.E0));
#3872=VECTOR('',#3871,2.81E-1);
#3873=CARTESIAN_POINT('',(6.2E-1,2.E-1,-3.219E0));
#3874=LINE('',#3873,#3872);
#3875=CURVE_STYLE('',#32,POSITIVE_LENGTH_MEASURE(2.E-2),#19);
#3876=PRESENTATION_STYLE_ASSIGNMENT((#3875));
#3877=STYLED_ITEM('',(#3876),#3874);
#3878=CARTESIAN_POINT('',(5.01E-1,2.E-1,-3.219E0));
#3879=DIRECTION('',(0.E0,1.E0,0.E0));
#3880=DIRECTION('',(0.E0,0.E0,1.E0));
#3881=AXIS2_PLACEMENT_3D('',#3878,#3879,#3880);
#3883=CURVE_STYLE('',#32,POSITIVE_LENGTH_MEASURE(2.E-2),#19);
#3884=PRESENTATION_STYLE_ASSIGNMENT((#3883));
#3885=STYLED_ITEM('',(#3884),#3882);
#3886=DIRECTION('',(1.E0,0.E0,0.E0));
#3887=VECTOR('',#3886,2.E-3);
#3888=CARTESIAN_POINT('',(4.99E-1,2.E-1,-3.1E0));
#3889=LINE('',#3888,#3887);
#3890=CURVE_STYLE('',#32,POSITIVE_LENGTH_MEASURE(2.E-2),#19);
#3891=PRESENTATION_STYLE_ASSIGNMENT((#3890));
#3892=STYLED_ITEM('',(#3891),#3889);
#3893=CARTESIAN_POINT('',(4.99E-1,2.E-1,-3.219E0));
#3894=DIRECTION('',(0.E0,1.E0,0.E0));
#3895=DIRECTION('',(-1.E0,0.E0,0.E0));
#3896=AXIS2_PLACEMENT_3D('',#3893,#3894,#3895);
#3898=CURVE_STYLE('',#32,POSITIVE_LENGTH_MEASURE(2.E-2),#19);
#3899=PRESENTATION_STYLE_ASSIGNMENT((#3898));
#3900=STYLED_ITEM('',(#3899),#3897);
#3901=DIRECTION('',(0.E0,0.E0,1.E0));
#3902=VECTOR('',#3901,2.81E-1);
#3903=CARTESIAN_POINT('',(3.8E-1,2.E-1,-3.5E0));
#3904=LINE('',#3903,#3902);
#3905=CURVE_STYLE('',#32,POSITIVE_LENGTH_MEASURE(2.E-2),#19);
#3906=PRESENTATION_STYLE_ASSIGNMENT((#3905));
#3907=STYLED_ITEM('',(#3906),#3904);
#3908=CARTESIAN_POINT('',(3.8E-1,0.E0,-3.219E0));
#3909=CARTESIAN_POINT('',(4.99E-1,0.E0,-3.1E0));
#3910=VERTEX_POINT('',#3908);
#3911=VERTEX_POINT('',#3909);
#3912=CARTESIAN_POINT('',(5.01E-1,0.E0,-3.1E0));
#3913=VERTEX_POINT('',#3912);
#3914=CARTESIAN_POINT('',(6.2E-1,0.E0,-3.219E0));
#3915=VERTEX_POINT('',#3914);
#3916=CARTESIAN_POINT('',(3.8E-1,2.E-1,-3.219E0));
#3917=CARTESIAN_POINT('',(4.99E-1,2.E-1,-3.1E0));
#3918=VERTEX_POINT('',#3916);
#3919=VERTEX_POINT('',#3917);
#3920=CARTESIAN_POINT('',(5.01E-1,2.E-1,-3.1E0));
#3921=VERTEX_POINT('',#3920);
#3922=CARTESIAN_POINT('',(6.2E-1,2.E-1,-3.219E0));
#3923=VERTEX_POINT('',#3922);
#3924=CARTESIAN_POINT('',(3.8E-1,0.E0,-3.5E0));
#3925=CARTESIAN_POINT('',(6.2E-1,0.E0,-3.5E0));
#3926=VERTEX_POINT('',#3924);
#3927=VERTEX_POINT('',#3925);
#3928=CARTESIAN_POINT('',(3.8E-1,2.E-1,-3.5E0));
#3929=VERTEX_POINT('',#3928);
#3930=CARTESIAN_POINT('',(6.2E-1,2.E-1,-3.5E0));
#3931=VERTEX_POINT('',#3930);
#3932=CARTESIAN_POINT('',(0.E0,0.E0,0.E0));
#3933=DIRECTION('',(0.E0,1.E0,0.E0));
#3934=DIRECTION('',(1.E0,0.E0,0.E0));
#3935=AXIS2_PLACEMENT_3D('',#3932,#3933,#3934);
#3936=PLANE('',#3935);
#3938=ORIENTED_EDGE('',*,*,#3937,.F.);
#3940=ORIENTED_EDGE('',*,*,#3939,.T.);
#3942=ORIENTED_EDGE('',*,*,#3941,.T.);
#3944=ORIENTED_EDGE('',*,*,#3943,.T.);
#3946=ORIENTED_EDGE('',*,*,#3945,.T.);
#3948=ORIENTED_EDGE('',*,*,#3947,.T.);
#3949=EDGE_LOOP('',(#3938,#3940,#3942,#3944,#3946,#3948));
#3950=FACE_OUTER_BOUND('',#3949,.F.);
#3952=CARTESIAN_POINT('',(-1.75E0,0.E0,-3.5E0));
#3953=DIRECTION('',(0.E0,0.E0,1.E0));
#3954=DIRECTION('',(1.E0,0.E0,0.E0));
#3955=AXIS2_PLACEMENT_3D('',#3952,#3953,#3954);
#3956=PLANE('',#3955);
#3957=ORIENTED_EDGE('',*,*,#3937,.T.);
#3959=ORIENTED_EDGE('',*,*,#3958,.T.);
#3961=ORIENTED_EDGE('',*,*,#3960,.F.);
#3963=ORIENTED_EDGE('',*,*,#3962,.F.);
#3964=EDGE_LOOP('',(#3957,#3959,#3961,#3963));
#3965=FACE_OUTER_BOUND('',#3964,.F.);
#3967=FILL_AREA_STYLE_COLOUR('',#25);
#3968=FILL_AREA_STYLE('',(#3967));
#3969=SURFACE_STYLE_FILL_AREA(#3968);
#3970=SURFACE_SIDE_STYLE('',(#3969));
#3971=SURFACE_STYLE_USAGE(.POSITIVE.,#3970);
#3972=PRESENTATION_STYLE_ASSIGNMENT((#3971));
#3973=OVER_RIDING_STYLED_ITEM('',(#3972),#3966,#3777);
#3974=CARTESIAN_POINT('',(6.2E-1,0.E0,-3.219E0));
#3975=DIRECTION('',(1.E0,0.E0,0.E0));
#3976=DIRECTION('',(0.E0,0.E0,-1.E0));
#3977=AXIS2_PLACEMENT_3D('',#3974,#3975,#3976);
#3978=PLANE('',#3977);
#3979=ORIENTED_EDGE('',*,*,#3958,.F.);
#3980=ORIENTED_EDGE('',*,*,#3947,.F.);
#3982=ORIENTED_EDGE('',*,*,#3981,.T.);
#3984=ORIENTED_EDGE('',*,*,#3983,.T.);
#3985=EDGE_LOOP('',(#3979,#3980,#3982,#3984));
#3986=FACE_OUTER_BOUND('',#3985,.F.);
#3988=CARTESIAN_POINT('',(5.01E-1,0.E0,-3.219E0));
#3989=DIRECTION('',(0.E0,1.E0,0.E0));
#3990=DIRECTION('',(1.E0,0.E0,0.E0));
#3991=AXIS2_PLACEMENT_3D('',#3988,#3989,#3990);
#3992=CYLINDRICAL_SURFACE('',#3991,1.19E-1);
#3993=ORIENTED_EDGE('',*,*,#3945,.F.);
#3995=ORIENTED_EDGE('',*,*,#3994,.T.);
#3997=ORIENTED_EDGE('',*,*,#3996,.T.);
#3998=ORIENTED_EDGE('',*,*,#3981,.F.);
#3999=EDGE_LOOP('',(#3993,#3995,#3997,#3998));
#4000=FACE_OUTER_BOUND('',#3999,.F.);
#4002=CARTESIAN_POINT('',(4.99E-1,0.E0,-3.1E0));
#4003=DIRECTION('',(0.E0,0.E0,1.E0));
#4004=DIRECTION('',(1.E0,0.E0,0.E0));
#4005=AXIS2_PLACEMENT_3D('',#4002,#4003,#4004);
#4006=PLANE('',#4005);
#4007=ORIENTED_EDGE('',*,*,#3943,.F.);
#4009=ORIENTED_EDGE('',*,*,#4008,.T.);
#4011=ORIENTED_EDGE('',*,*,#4010,.T.);
#4012=ORIENTED_EDGE('',*,*,#3994,.F.);
#4013=EDGE_LOOP('',(#4007,#4009,#4011,#4012));
#4014=FACE_OUTER_BOUND('',#4013,.F.);
#4016=CARTESIAN_POINT('',(4.99E-1,0.E0,-3.219E0));
#4017=DIRECTION('',(0.E0,1.E0,0.E0));
#4018=DIRECTION('',(1.E0,0.E0,0.E0));
#4019=AXIS2_PLACEMENT_3D('',#4016,#4017,#4018);
#4020=CYLINDRICAL_SURFACE('',#4019,1.19E-1);
#4021=ORIENTED_EDGE('',*,*,#3941,.F.);
#4023=ORIENTED_EDGE('',*,*,#4022,.T.);
#4025=ORIENTED_EDGE('',*,*,#4024,.T.);
#4026=ORIENTED_EDGE('',*,*,#4008,.F.);
#4027=EDGE_LOOP('',(#4021,#4023,#4025,#4026));
#4028=FACE_OUTER_BOUND('',#4027,.F.);
#4030=CARTESIAN_POINT('',(3.8E-1,0.E0,-3.6E0));
#4031=DIRECTION('',(-1.E0,0.E0,0.E0));
#4032=DIRECTION('',(0.E0,0.E0,1.E0));
#4033=AXIS2_PLACEMENT_3D('',#4030,#4031,#4032);
#4034=PLANE('',#4033);
#4035=ORIENTED_EDGE('',*,*,#3962,.T.);
#4037=ORIENTED_EDGE('',*,*,#4036,.T.);
#4038=ORIENTED_EDGE('',*,*,#4022,.F.);
#4039=ORIENTED_EDGE('',*,*,#3939,.F.);
#4040=EDGE_LOOP('',(#4035,#4037,#4038,#4039));
#4041=FACE_OUTER_BOUND('',#4040,.F.);
#4043=CARTESIAN_POINT('',(0.E0,2.E-1,0.E0));
#4044=DIRECTION('',(0.E0,1.E0,0.E0));
#4045=DIRECTION('',(1.E0,0.E0,0.E0));
#4046=AXIS2_PLACEMENT_3D('',#4043,#4044,#4045);
#4047=PLANE('',#4046);
#4048=ORIENTED_EDGE('',*,*,#3960,.T.);
#4049=ORIENTED_EDGE('',*,*,#3983,.F.);
#4050=ORIENTED_EDGE('',*,*,#3996,.F.);
#4051=ORIENTED_EDGE('',*,*,#4010,.F.);
#4052=ORIENTED_EDGE('',*,*,#4024,.F.);
#4053=ORIENTED_EDGE('',*,*,#4036,.F.);
#4054=EDGE_LOOP('',(#4048,#4049,#4050,#4051,#4052,#4053));
#4055=FACE_OUTER_BOUND('',#4054,.F.);
#4057=CLOSED_SHELL('',(#3951,#3966,#3987,#4001,#4015,#4029,#4042,#4056));
#4058=MANIFOLD_SOLID_BREP('',#4057);
#4059=FILL_AREA_STYLE_COLOUR('',#19);
#4060=FILL_AREA_STYLE('',(#4059));
#4061=SURFACE_STYLE_FILL_AREA(#4060);
#4062=SURFACE_SIDE_STYLE('',(#4061));
#4063=SURFACE_STYLE_USAGE(.POSITIVE.,#4062);
#4064=PRESENTATION_STYLE_ASSIGNMENT((#4063));
#3777=STYLED_ITEM('',(#4064),#4058);
#4066=DIRECTION('',(1.E0,0.E0,0.E0));
#4067=VECTOR('',#4066,2.4E-1);
#4068=CARTESIAN_POINT('',(-1.12E0,0.E0,3.5E0));
#4069=LINE('',#4068,#4067);
#4070=CURVE_STYLE('',#32,POSITIVE_LENGTH_MEASURE(2.E-2),#19);
#4071=PRESENTATION_STYLE_ASSIGNMENT((#4070));
#4072=STYLED_ITEM('',(#4071),#4069);
#4073=DIRECTION('',(0.E0,0.E0,1.E0));
#4074=VECTOR('',#4073,2.81E-1);
#4075=CARTESIAN_POINT('',(-8.8E-1,0.E0,3.219E0));
#4076=LINE('',#4075,#4074);
#4077=CURVE_STYLE('',#32,POSITIVE_LENGTH_MEASURE(2.E-2),#19);
#4078=PRESENTATION_STYLE_ASSIGNMENT((#4077));
#4079=STYLED_ITEM('',(#4078),#4076);
#4080=CARTESIAN_POINT('',(-9.99E-1,0.E0,3.219E0));
#4081=DIRECTION('',(0.E0,-1.E0,0.E0));
#4082=DIRECTION('',(-3.825138152070E-14,0.E0,-1.E0));
#4083=AXIS2_PLACEMENT_3D('',#4080,#4081,#4082);
#4085=CURVE_STYLE('',#32,POSITIVE_LENGTH_MEASURE(2.E-2),#19);
#4086=PRESENTATION_STYLE_ASSIGNMENT((#4085));
#4087=STYLED_ITEM('',(#4086),#4084);
#4088=DIRECTION('',(1.E0,0.E0,0.E0));
#4089=VECTOR('',#4088,1.999999999997E-3);
#4090=CARTESIAN_POINT('',(-1.001E0,0.E0,3.1E0));
#4091=LINE('',#4090,#4089);
#4092=CURVE_STYLE('',#32,POSITIVE_LENGTH_MEASURE(2.E-2),#19);
#4093=PRESENTATION_STYLE_ASSIGNMENT((#4092));
#4094=STYLED_ITEM('',(#4093),#4091);
#4095=CARTESIAN_POINT('',(-1.001E0,0.E0,3.219E0));
#4096=DIRECTION('',(0.E0,-1.E0,0.E0));
#4097=DIRECTION('',(-1.E0,0.E0,0.E0));
#4098=AXIS2_PLACEMENT_3D('',#4095,#4096,#4097);
#4100=CURVE_STYLE('',#32,POSITIVE_LENGTH_MEASURE(2.E-2),#19);
#4101=PRESENTATION_STYLE_ASSIGNMENT((#4100));
#4102=STYLED_ITEM('',(#4101),#4099);
#4103=DIRECTION('',(0.E0,0.E0,-1.E0));
#4104=VECTOR('',#4103,2.81E-1);
#4105=CARTESIAN_POINT('',(-1.12E0,0.E0,3.5E0));
#4106=LINE('',#4105,#4104);
#4107=CURVE_STYLE('',#32,POSITIVE_LENGTH_MEASURE(2.E-2),#19);
#4108=PRESENTATION_STYLE_ASSIGNMENT((#4107));
#4109=STYLED_ITEM('',(#4108),#4106);
#4110=DIRECTION('',(0.E0,1.E0,0.E0));
#4111=VECTOR('',#4110,2.E-1);
#4112=CARTESIAN_POINT('',(-1.12E0,0.E0,3.5E0));
#4113=LINE('',#4112,#4111);
#4114=CURVE_STYLE('',#32,POSITIVE_LENGTH_MEASURE(2.E-2),#19);
#4115=PRESENTATION_STYLE_ASSIGNMENT((#4114));
#4116=STYLED_ITEM('',(#4115),#4113);
#4117=DIRECTION('',(0.E0,1.E0,0.E0));
#4118=VECTOR('',#4117,2.E-1);
#4119=CARTESIAN_POINT('',(-1.12E0,0.E0,3.219E0));
#4120=LINE('',#4119,#4118);
#4121=CURVE_STYLE('',#32,POSITIVE_LENGTH_MEASURE(2.E-2),#19);
#4122=PRESENTATION_STYLE_ASSIGNMENT((#4121));
#4123=STYLED_ITEM('',(#4122),#4120);
#4124=DIRECTION('',(0.E0,1.E0,0.E0));
#4125=VECTOR('',#4124,2.E-1);
#4126=CARTESIAN_POINT('',(-1.001E0,0.E0,3.1E0));
#4127=LINE('',#4126,#4125);
#4128=CURVE_STYLE('',#32,POSITIVE_LENGTH_MEASURE(2.E-2),#19);
#4129=PRESENTATION_STYLE_ASSIGNMENT((#4128));
#4130=STYLED_ITEM('',(#4129),#4127);
#4131=DIRECTION('',(0.E0,1.E0,0.E0));
#4132=VECTOR('',#4131,2.E-1);
#4133=CARTESIAN_POINT('',(-9.99E-1,0.E0,3.1E0));
#4134=LINE('',#4133,#4132);
#4135=CURVE_STYLE('',#32,POSITIVE_LENGTH_MEASURE(2.E-2),#19);
#4136=PRESENTATION_STYLE_ASSIGNMENT((#4135));
#4137=STYLED_ITEM('',(#4136),#4134);
#4138=DIRECTION('',(0.E0,1.E0,0.E0));
#4139=VECTOR('',#4138,2.E-1);
#4140=CARTESIAN_POINT('',(-8.8E-1,0.E0,3.5E0));
#4141=LINE('',#4140,#4139);
#4142=CURVE_STYLE('',#32,POSITIVE_LENGTH_MEASURE(2.E-2),#19);
#4143=PRESENTATION_STYLE_ASSIGNMENT((#4142));
#4144=STYLED_ITEM('',(#4143),#4141);
#4145=DIRECTION('',(0.E0,1.E0,0.E0));
#4146=VECTOR('',#4145,2.E-1);
#4147=CARTESIAN_POINT('',(-8.8E-1,0.E0,3.219E0));
#4148=LINE('',#4147,#4146);
#4149=CURVE_STYLE('',#32,POSITIVE_LENGTH_MEASURE(2.E-2),#19);
#4150=PRESENTATION_STYLE_ASSIGNMENT((#4149));
#4151=STYLED_ITEM('',(#4150),#4148);
#4152=DIRECTION('',(1.E0,0.E0,0.E0));
#4153=VECTOR('',#4152,2.4E-1);
#4154=CARTESIAN_POINT('',(-1.12E0,2.E-1,3.5E0));
#4155=LINE('',#4154,#4153);
#4156=CURVE_STYLE('',#32,POSITIVE_LENGTH_MEASURE(2.E-2),#19);
#4157=PRESENTATION_STYLE_ASSIGNMENT((#4156));
#4158=STYLED_ITEM('',(#4157),#4155);
#4159=DIRECTION('',(0.E0,0.E0,-1.E0));
#4160=VECTOR('',#4159,2.81E-1);
#4161=CARTESIAN_POINT('',(-1.12E0,2.E-1,3.5E0));
#4162=LINE('',#4161,#4160);
#4163=CURVE_STYLE('',#32,POSITIVE_LENGTH_MEASURE(2.E-2),#19);
#4164=PRESENTATION_STYLE_ASSIGNMENT((#4163));
#4165=STYLED_ITEM('',(#4164),#4162);
#4166=CARTESIAN_POINT('',(-1.001E0,2.E-1,3.219E0));
#4167=DIRECTION('',(0.E0,-1.E0,0.E0));
#4168=DIRECTION('',(-1.E0,0.E0,0.E0));
#4169=AXIS2_PLACEMENT_3D('',#4166,#4167,#4168);
#4171=CURVE_STYLE('',#32,POSITIVE_LENGTH_MEASURE(2.E-2),#19);
#4172=PRESENTATION_STYLE_ASSIGNMENT((#4171));
#4173=STYLED_ITEM('',(#4172),#4170);
#4174=DIRECTION('',(1.E0,0.E0,0.E0));
#4175=VECTOR('',#4174,2.E-3);
#4176=CARTESIAN_POINT('',(-1.001E0,2.E-1,3.1E0));
#4177=LINE('',#4176,#4175);
#4178=CURVE_STYLE('',#32,POSITIVE_LENGTH_MEASURE(2.E-2),#19);
#4179=PRESENTATION_STYLE_ASSIGNMENT((#4178));
#4180=STYLED_ITEM('',(#4179),#4177);
#4181=CARTESIAN_POINT('',(-9.99E-1,2.E-1,3.219E0));
#4182=DIRECTION('',(0.E0,-1.E0,0.E0));
#4183=DIRECTION('',(0.E0,0.E0,-1.E0));
#4184=AXIS2_PLACEMENT_3D('',#4181,#4182,#4183);
#4186=CURVE_STYLE('',#32,POSITIVE_LENGTH_MEASURE(2.E-2),#19);
#4187=PRESENTATION_STYLE_ASSIGNMENT((#4186));
#4188=STYLED_ITEM('',(#4187),#4185);
#4189=DIRECTION('',(0.E0,0.E0,1.E0));
#4190=VECTOR('',#4189,2.81E-1);
#4191=CARTESIAN_POINT('',(-8.8E-1,2.E-1,3.219E0));
#4192=LINE('',#4191,#4190);
#4193=CURVE_STYLE('',#32,POSITIVE_LENGTH_MEASURE(2.E-2),#19);
#4194=PRESENTATION_STYLE_ASSIGNMENT((#4193));
#4195=STYLED_ITEM('',(#4194),#4192);
#4196=CARTESIAN_POINT('',(-1.12E0,0.E0,3.219E0));
#4197=CARTESIAN_POINT('',(-1.001E0,0.E0,3.1E0));
#4198=VERTEX_POINT('',#4196);
#4199=VERTEX_POINT('',#4197);
#4200=CARTESIAN_POINT('',(-9.99E-1,0.E0,3.1E0));
#4201=VERTEX_POINT('',#4200);
#4202=CARTESIAN_POINT('',(-8.8E-1,0.E0,3.219E0));
#4203=VERTEX_POINT('',#4202);
#4204=CARTESIAN_POINT('',(-1.12E0,2.E-1,3.219E0));
#4205=CARTESIAN_POINT('',(-1.001E0,2.E-1,3.1E0));
#4206=VERTEX_POINT('',#4204);
#4207=VERTEX_POINT('',#4205);
#4208=CARTESIAN_POINT('',(-9.99E-1,2.E-1,3.1E0));
#4209=VERTEX_POINT('',#4208);
#4210=CARTESIAN_POINT('',(-8.8E-1,2.E-1,3.219E0));
#4211=VERTEX_POINT('',#4210);
#4212=CARTESIAN_POINT('',(-1.12E0,0.E0,3.5E0));
#4213=CARTESIAN_POINT('',(-8.8E-1,0.E0,3.5E0));
#4214=VERTEX_POINT('',#4212);
#4215=VERTEX_POINT('',#4213);
#4216=CARTESIAN_POINT('',(-1.12E0,2.E-1,3.5E0));
#4217=VERTEX_POINT('',#4216);
#4218=CARTESIAN_POINT('',(-8.8E-1,2.E-1,3.5E0));
#4219=VERTEX_POINT('',#4218);
#4220=CARTESIAN_POINT('',(0.E0,0.E0,0.E0));
#4221=DIRECTION('',(0.E0,-1.E0,0.E0));
#4222=DIRECTION('',(1.E0,0.E0,0.E0));
#4223=AXIS2_PLACEMENT_3D('',#4220,#4221,#4222);
#4224=PLANE('',#4223);
#4226=ORIENTED_EDGE('',*,*,#4225,.T.);
#4228=ORIENTED_EDGE('',*,*,#4227,.F.);
#4230=ORIENTED_EDGE('',*,*,#4229,.F.);
#4232=ORIENTED_EDGE('',*,*,#4231,.F.);
#4234=ORIENTED_EDGE('',*,*,#4233,.F.);
#4236=ORIENTED_EDGE('',*,*,#4235,.F.);
#4237=EDGE_LOOP('',(#4226,#4228,#4230,#4232,#4234,#4236));
#4238=FACE_OUTER_BOUND('',#4237,.F.);
#4240=CARTESIAN_POINT('',(1.75E0,0.E0,3.5E0));
#4241=DIRECTION('',(0.E0,0.E0,-1.E0));
#4242=DIRECTION('',(-1.E0,0.E0,0.E0));
#4243=AXIS2_PLACEMENT_3D('',#4240,#4241,#4242);
#4244=PLANE('',#4243);
#4245=ORIENTED_EDGE('',*,*,#4225,.F.);
#4247=ORIENTED_EDGE('',*,*,#4246,.T.);
#4249=ORIENTED_EDGE('',*,*,#4248,.T.);
#4251=ORIENTED_EDGE('',*,*,#4250,.F.);
#4252=EDGE_LOOP('',(#4245,#4247,#4249,#4251));
#4253=FACE_OUTER_BOUND('',#4252,.F.);
#4255=FILL_AREA_STYLE_COLOUR('',#25);
#4256=FILL_AREA_STYLE('',(#4255));
#4257=SURFACE_STYLE_FILL_AREA(#4256);
#4258=SURFACE_SIDE_STYLE('',(#4257));
#4259=SURFACE_STYLE_USAGE(.POSITIVE.,#4258);
#4260=PRESENTATION_STYLE_ASSIGNMENT((#4259));
#4261=OVER_RIDING_STYLED_ITEM('',(#4260),#4254,#4065);
#4262=CARTESIAN_POINT('',(-1.12E0,0.E0,3.6E0));
#4263=DIRECTION('',(1.E0,0.E0,0.E0));
#4264=DIRECTION('',(0.E0,0.E0,-1.E0));
#4265=AXIS2_PLACEMENT_3D('',#4262,#4263,#4264);
#4266=PLANE('',#4265);
#4267=ORIENTED_EDGE('',*,*,#4246,.F.);
#4268=ORIENTED_EDGE('',*,*,#4235,.T.);
#4270=ORIENTED_EDGE('',*,*,#4269,.T.);
#4272=ORIENTED_EDGE('',*,*,#4271,.F.);
#4273=EDGE_LOOP('',(#4267,#4268,#4270,#4272));
#4274=FACE_OUTER_BOUND('',#4273,.F.);
#4276=CARTESIAN_POINT('',(-1.001E0,0.E0,3.219E0));
#4277=DIRECTION('',(0.E0,-1.E0,0.E0));
#4278=DIRECTION('',(1.E0,0.E0,0.E0));
#4279=AXIS2_PLACEMENT_3D('',#4276,#4277,#4278);
#4280=CYLINDRICAL_SURFACE('',#4279,1.19E-1);
#4281=ORIENTED_EDGE('',*,*,#4233,.T.);
#4283=ORIENTED_EDGE('',*,*,#4282,.T.);
#4285=ORIENTED_EDGE('',*,*,#4284,.F.);
#4286=ORIENTED_EDGE('',*,*,#4269,.F.);
#4287=EDGE_LOOP('',(#4281,#4283,#4285,#4286));
#4288=FACE_OUTER_BOUND('',#4287,.F.);
#4290=CARTESIAN_POINT('',(-1.001E0,0.E0,3.1E0));
#4291=DIRECTION('',(0.E0,0.E0,1.E0));
#4292=DIRECTION('',(1.E0,0.E0,0.E0));
#4293=AXIS2_PLACEMENT_3D('',#4290,#4291,#4292);
#4294=PLANE('',#4293);
#4295=ORIENTED_EDGE('',*,*,#4231,.T.);
#4297=ORIENTED_EDGE('',*,*,#4296,.T.);
#4299=ORIENTED_EDGE('',*,*,#4298,.F.);
#4300=ORIENTED_EDGE('',*,*,#4282,.F.);
#4301=EDGE_LOOP('',(#4295,#4297,#4299,#4300));
#4302=FACE_OUTER_BOUND('',#4301,.F.);
#4304=CARTESIAN_POINT('',(-9.99E-1,0.E0,3.219E0));
#4305=DIRECTION('',(0.E0,-1.E0,0.E0));
#4306=DIRECTION('',(1.E0,0.E0,0.E0));
#4307=AXIS2_PLACEMENT_3D('',#4304,#4305,#4306);
#4308=CYLINDRICAL_SURFACE('',#4307,1.19E-1);
#4309=ORIENTED_EDGE('',*,*,#4229,.T.);
#4311=ORIENTED_EDGE('',*,*,#4310,.T.);
#4313=ORIENTED_EDGE('',*,*,#4312,.F.);
#4314=ORIENTED_EDGE('',*,*,#4296,.F.);
#4315=EDGE_LOOP('',(#4309,#4311,#4313,#4314));
#4316=FACE_OUTER_BOUND('',#4315,.F.);
#4318=CARTESIAN_POINT('',(-8.8E-1,0.E0,3.219E0));
#4319=DIRECTION('',(-1.E0,0.E0,0.E0));
#4320=DIRECTION('',(0.E0,0.E0,1.E0));
#4321=AXIS2_PLACEMENT_3D('',#4318,#4319,#4320);
#4322=PLANE('',#4321);
#4323=ORIENTED_EDGE('',*,*,#4250,.T.);
#4325=ORIENTED_EDGE('',*,*,#4324,.F.);
#4326=ORIENTED_EDGE('',*,*,#4310,.F.);
#4327=ORIENTED_EDGE('',*,*,#4227,.T.);
#4328=EDGE_LOOP('',(#4323,#4325,#4326,#4327));
#4329=FACE_OUTER_BOUND('',#4328,.F.);
#4331=CARTESIAN_POINT('',(0.E0,2.E-1,0.E0));
#4332=DIRECTION('',(0.E0,-1.E0,0.E0));
#4333=DIRECTION('',(1.E0,0.E0,0.E0));
#4334=AXIS2_PLACEMENT_3D('',#4331,#4332,#4333);
#4335=PLANE('',#4334);
#4336=ORIENTED_EDGE('',*,*,#4248,.F.);
#4337=ORIENTED_EDGE('',*,*,#4271,.T.);
#4338=ORIENTED_EDGE('',*,*,#4284,.T.);
#4339=ORIENTED_EDGE('',*,*,#4298,.T.);
#4340=ORIENTED_EDGE('',*,*,#4312,.T.);
#4341=ORIENTED_EDGE('',*,*,#4324,.T.);
#4342=EDGE_LOOP('',(#4336,#4337,#4338,#4339,#4340,#4341));
#4343=FACE_OUTER_BOUND('',#4342,.F.);
#4345=CLOSED_SHELL('',(#4239,#4254,#4275,#4289,#4303,#4317,#4330,#4344));
#4346=MANIFOLD_SOLID_BREP('',#4345);
#4347=FILL_AREA_STYLE_COLOUR('',#19);
#4348=FILL_AREA_STYLE('',(#4347));
#4349=SURFACE_STYLE_FILL_AREA(#4348);
#4350=SURFACE_SIDE_STYLE('',(#4349));
#4351=SURFACE_STYLE_USAGE(.POSITIVE.,#4350);
#4352=PRESENTATION_STYLE_ASSIGNMENT((#4351));
#4065=STYLED_ITEM('',(#4352),#4346);
#4354=DIRECTION('',(1.E0,0.E0,0.E0));
#4355=VECTOR('',#4354,2.4E-1);
#4356=CARTESIAN_POINT('',(-6.2E-1,0.E0,3.5E0));
#4357=LINE('',#4356,#4355);
#4358=CURVE_STYLE('',#32,POSITIVE_LENGTH_MEASURE(2.E-2),#19);
#4359=PRESENTATION_STYLE_ASSIGNMENT((#4358));
#4360=STYLED_ITEM('',(#4359),#4357);
#4361=DIRECTION('',(0.E0,0.E0,1.E0));
#4362=VECTOR('',#4361,2.81E-1);
#4363=CARTESIAN_POINT('',(-3.8E-1,0.E0,3.219E0));
#4364=LINE('',#4363,#4362);
#4365=CURVE_STYLE('',#32,POSITIVE_LENGTH_MEASURE(2.E-2),#19);
#4366=PRESENTATION_STYLE_ASSIGNMENT((#4365));
#4367=STYLED_ITEM('',(#4366),#4364);
#4368=CARTESIAN_POINT('',(-4.99E-1,0.E0,3.219E0));
#4369=DIRECTION('',(0.E0,-1.E0,0.E0));
#4370=DIRECTION('',(-3.312009863378E-14,0.E0,-1.E0));
#4371=AXIS2_PLACEMENT_3D('',#4368,#4369,#4370);
#4373=CURVE_STYLE('',#32,POSITIVE_LENGTH_MEASURE(2.E-2),#19);
#4374=PRESENTATION_STYLE_ASSIGNMENT((#4373));
#4375=STYLED_ITEM('',(#4374),#4372);
#4376=DIRECTION('',(1.E0,0.E0,0.E0));
#4377=VECTOR('',#4376,1.999999999997E-3);
#4378=CARTESIAN_POINT('',(-5.01E-1,0.E0,3.1E0));
#4379=LINE('',#4378,#4377);
#4380=CURVE_STYLE('',#32,POSITIVE_LENGTH_MEASURE(2.E-2),#19);
#4381=PRESENTATION_STYLE_ASSIGNMENT((#4380));
#4382=STYLED_ITEM('',(#4381),#4379);
#4383=CARTESIAN_POINT('',(-5.01E-1,0.E0,3.219E0));
#4384=DIRECTION('',(0.E0,-1.E0,0.E0));
#4385=DIRECTION('',(-1.E0,0.E0,0.E0));
#4386=AXIS2_PLACEMENT_3D('',#4383,#4384,#4385);
#4388=CURVE_STYLE('',#32,POSITIVE_LENGTH_MEASURE(2.E-2),#19);
#4389=PRESENTATION_STYLE_ASSIGNMENT((#4388));
#4390=STYLED_ITEM('',(#4389),#4387);
#4391=DIRECTION('',(0.E0,0.E0,-1.E0));
#4392=VECTOR('',#4391,2.81E-1);
#4393=CARTESIAN_POINT('',(-6.2E-1,0.E0,3.5E0));
#4394=LINE('',#4393,#4392);
#4395=CURVE_STYLE('',#32,POSITIVE_LENGTH_MEASURE(2.E-2),#19);
#4396=PRESENTATION_STYLE_ASSIGNMENT((#4395));
#4397=STYLED_ITEM('',(#4396),#4394);
#4398=DIRECTION('',(0.E0,1.E0,0.E0));
#4399=VECTOR('',#4398,2.E-1);
#4400=CARTESIAN_POINT('',(-6.2E-1,0.E0,3.5E0));
#4401=LINE('',#4400,#4399);
#4402=CURVE_STYLE('',#32,POSITIVE_LENGTH_MEASURE(2.E-2),#19);
#4403=PRESENTATION_STYLE_ASSIGNMENT((#4402));
#4404=STYLED_ITEM('',(#4403),#4401);
#4405=DIRECTION('',(0.E0,1.E0,0.E0));
#4406=VECTOR('',#4405,2.E-1);
#4407=CARTESIAN_POINT('',(-6.2E-1,0.E0,3.219E0));
#4408=LINE('',#4407,#4406);
#4409=CURVE_STYLE('',#32,POSITIVE_LENGTH_MEASURE(2.E-2),#19);
#4410=PRESENTATION_STYLE_ASSIGNMENT((#4409));
#4411=STYLED_ITEM('',(#4410),#4408);
#4412=DIRECTION('',(0.E0,1.E0,0.E0));
#4413=VECTOR('',#4412,2.E-1);
#4414=CARTESIAN_POINT('',(-5.01E-1,0.E0,3.1E0));
#4415=LINE('',#4414,#4413);
#4416=CURVE_STYLE('',#32,POSITIVE_LENGTH_MEASURE(2.E-2),#19);
#4417=PRESENTATION_STYLE_ASSIGNMENT((#4416));
#4418=STYLED_ITEM('',(#4417),#4415);
#4419=DIRECTION('',(0.E0,1.E0,0.E0));
#4420=VECTOR('',#4419,2.E-1);
#4421=CARTESIAN_POINT('',(-4.99E-1,0.E0,3.1E0));
#4422=LINE('',#4421,#4420);
#4423=CURVE_STYLE('',#32,POSITIVE_LENGTH_MEASURE(2.E-2),#19);
#4424=PRESENTATION_STYLE_ASSIGNMENT((#4423));
#4425=STYLED_ITEM('',(#4424),#4422);
#4426=DIRECTION('',(0.E0,1.E0,0.E0));
#4427=VECTOR('',#4426,2.E-1);
#4428=CARTESIAN_POINT('',(-3.8E-1,0.E0,3.5E0));
#4429=LINE('',#4428,#4427);
#4430=CURVE_STYLE('',#32,POSITIVE_LENGTH_MEASURE(2.E-2),#19);
#4431=PRESENTATION_STYLE_ASSIGNMENT((#4430));
#4432=STYLED_ITEM('',(#4431),#4429);
#4433=DIRECTION('',(0.E0,1.E0,0.E0));
#4434=VECTOR('',#4433,2.E-1);
#4435=CARTESIAN_POINT('',(-3.8E-1,0.E0,3.219E0));
#4436=LINE('',#4435,#4434);
#4437=CURVE_STYLE('',#32,POSITIVE_LENGTH_MEASURE(2.E-2),#19);
#4438=PRESENTATION_STYLE_ASSIGNMENT((#4437));
#4439=STYLED_ITEM('',(#4438),#4436);
#4440=DIRECTION('',(1.E0,0.E0,0.E0));
#4441=VECTOR('',#4440,2.4E-1);
#4442=CARTESIAN_POINT('',(-6.2E-1,2.E-1,3.5E0));
#4443=LINE('',#4442,#4441);
#4444=CURVE_STYLE('',#32,POSITIVE_LENGTH_MEASURE(2.E-2),#19);
#4445=PRESENTATION_STYLE_ASSIGNMENT((#4444));
#4446=STYLED_ITEM('',(#4445),#4443);
#4447=DIRECTION('',(0.E0,0.E0,-1.E0));
#4448=VECTOR('',#4447,2.81E-1);
#4449=CARTESIAN_POINT('',(-6.2E-1,2.E-1,3.5E0));
#4450=LINE('',#4449,#4448);
#4451=CURVE_STYLE('',#32,POSITIVE_LENGTH_MEASURE(2.E-2),#19);
#4452=PRESENTATION_STYLE_ASSIGNMENT((#4451));
#4453=STYLED_ITEM('',(#4452),#4450);
#4454=CARTESIAN_POINT('',(-5.01E-1,2.E-1,3.219E0));
#4455=DIRECTION('',(0.E0,-1.E0,0.E0));
#4456=DIRECTION('',(-1.E0,0.E0,0.E0));
#4457=AXIS2_PLACEMENT_3D('',#4454,#4455,#4456);
#4459=CURVE_STYLE('',#32,POSITIVE_LENGTH_MEASURE(2.E-2),#19);
#4460=PRESENTATION_STYLE_ASSIGNMENT((#4459));
#4461=STYLED_ITEM('',(#4460),#4458);
#4462=DIRECTION('',(1.E0,0.E0,0.E0));
#4463=VECTOR('',#4462,2.E-3);
#4464=CARTESIAN_POINT('',(-5.01E-1,2.E-1,3.1E0));
#4465=LINE('',#4464,#4463);
#4466=CURVE_STYLE('',#32,POSITIVE_LENGTH_MEASURE(2.E-2),#19);
#4467=PRESENTATION_STYLE_ASSIGNMENT((#4466));
#4468=STYLED_ITEM('',(#4467),#4465);
#4469=CARTESIAN_POINT('',(-4.99E-1,2.E-1,3.219E0));
#4470=DIRECTION('',(0.E0,-1.E0,0.E0));
#4471=DIRECTION('',(0.E0,0.E0,-1.E0));
#4472=AXIS2_PLACEMENT_3D('',#4469,#4470,#4471);
#4474=CURVE_STYLE('',#32,POSITIVE_LENGTH_MEASURE(2.E-2),#19);
#4475=PRESENTATION_STYLE_ASSIGNMENT((#4474));
#4476=STYLED_ITEM('',(#4475),#4473);
#4477=DIRECTION('',(0.E0,0.E0,1.E0));
#4478=VECTOR('',#4477,2.81E-1);
#4479=CARTESIAN_POINT('',(-3.8E-1,2.E-1,3.219E0));
#4480=LINE('',#4479,#4478);
#4481=CURVE_STYLE('',#32,POSITIVE_LENGTH_MEASURE(2.E-2),#19);
#4482=PRESENTATION_STYLE_ASSIGNMENT((#4481));
#4483=STYLED_ITEM('',(#4482),#4480);
#4484=CARTESIAN_POINT('',(-6.2E-1,0.E0,3.219E0));
#4485=CARTESIAN_POINT('',(-5.01E-1,0.E0,3.1E0));
#4486=VERTEX_POINT('',#4484);
#4487=VERTEX_POINT('',#4485);
#4488=CARTESIAN_POINT('',(-4.99E-1,0.E0,3.1E0));
#4489=VERTEX_POINT('',#4488);
#4490=CARTESIAN_POINT('',(-3.8E-1,0.E0,3.219E0));
#4491=VERTEX_POINT('',#4490);
#4492=CARTESIAN_POINT('',(-6.2E-1,2.E-1,3.219E0));
#4493=CARTESIAN_POINT('',(-5.01E-1,2.E-1,3.1E0));
#4494=VERTEX_POINT('',#4492);
#4495=VERTEX_POINT('',#4493);
#4496=CARTESIAN_POINT('',(-4.99E-1,2.E-1,3.1E0));
#4497=VERTEX_POINT('',#4496);
#4498=CARTESIAN_POINT('',(-3.8E-1,2.E-1,3.219E0));
#4499=VERTEX_POINT('',#4498);
#4500=CARTESIAN_POINT('',(-6.2E-1,0.E0,3.5E0));
#4501=CARTESIAN_POINT('',(-3.8E-1,0.E0,3.5E0));
#4502=VERTEX_POINT('',#4500);
#4503=VERTEX_POINT('',#4501);
#4504=CARTESIAN_POINT('',(-6.2E-1,2.E-1,3.5E0));
#4505=VERTEX_POINT('',#4504);
#4506=CARTESIAN_POINT('',(-3.8E-1,2.E-1,3.5E0));
#4507=VERTEX_POINT('',#4506);
#4508=CARTESIAN_POINT('',(0.E0,0.E0,0.E0));
#4509=DIRECTION('',(0.E0,-1.E0,0.E0));
#4510=DIRECTION('',(1.E0,0.E0,0.E0));
#4511=AXIS2_PLACEMENT_3D('',#4508,#4509,#4510);
#4512=PLANE('',#4511);
#4514=ORIENTED_EDGE('',*,*,#4513,.T.);
#4516=ORIENTED_EDGE('',*,*,#4515,.F.);
#4518=ORIENTED_EDGE('',*,*,#4517,.F.);
#4520=ORIENTED_EDGE('',*,*,#4519,.F.);
#4522=ORIENTED_EDGE('',*,*,#4521,.F.);
#4524=ORIENTED_EDGE('',*,*,#4523,.F.);
#4525=EDGE_LOOP('',(#4514,#4516,#4518,#4520,#4522,#4524));
#4526=FACE_OUTER_BOUND('',#4525,.F.);
#4528=CARTESIAN_POINT('',(1.75E0,0.E0,3.5E0));
#4529=DIRECTION('',(0.E0,0.E0,-1.E0));
#4530=DIRECTION('',(-1.E0,0.E0,0.E0));
#4531=AXIS2_PLACEMENT_3D('',#4528,#4529,#4530);
#4532=PLANE('',#4531);
#4533=ORIENTED_EDGE('',*,*,#4513,.F.);
#4535=ORIENTED_EDGE('',*,*,#4534,.T.);
#4537=ORIENTED_EDGE('',*,*,#4536,.T.);
#4539=ORIENTED_EDGE('',*,*,#4538,.F.);
#4540=EDGE_LOOP('',(#4533,#4535,#4537,#4539));
#4541=FACE_OUTER_BOUND('',#4540,.F.);
#4543=FILL_AREA_STYLE_COLOUR('',#25);
#4544=FILL_AREA_STYLE('',(#4543));
#4545=SURFACE_STYLE_FILL_AREA(#4544);
#4546=SURFACE_SIDE_STYLE('',(#4545));
#4547=SURFACE_STYLE_USAGE(.POSITIVE.,#4546);
#4548=PRESENTATION_STYLE_ASSIGNMENT((#4547));
#4549=OVER_RIDING_STYLED_ITEM('',(#4548),#4542,#4353);
#4550=CARTESIAN_POINT('',(-6.2E-1,0.E0,3.6E0));
#4551=DIRECTION('',(1.E0,0.E0,0.E0));
#4552=DIRECTION('',(0.E0,0.E0,-1.E0));
#4553=AXIS2_PLACEMENT_3D('',#4550,#4551,#4552);
#4554=PLANE('',#4553);
#4555=ORIENTED_EDGE('',*,*,#4534,.F.);
#4556=ORIENTED_EDGE('',*,*,#4523,.T.);
#4558=ORIENTED_EDGE('',*,*,#4557,.T.);
#4560=ORIENTED_EDGE('',*,*,#4559,.F.);
#4561=EDGE_LOOP('',(#4555,#4556,#4558,#4560));
#4562=FACE_OUTER_BOUND('',#4561,.F.);
#4564=CARTESIAN_POINT('',(-5.01E-1,0.E0,3.219E0));
#4565=DIRECTION('',(0.E0,-1.E0,0.E0));
#4566=DIRECTION('',(1.E0,0.E0,0.E0));
#4567=AXIS2_PLACEMENT_3D('',#4564,#4565,#4566);
#4568=CYLINDRICAL_SURFACE('',#4567,1.19E-1);
#4569=ORIENTED_EDGE('',*,*,#4521,.T.);
#4571=ORIENTED_EDGE('',*,*,#4570,.T.);
#4573=ORIENTED_EDGE('',*,*,#4572,.F.);
#4574=ORIENTED_EDGE('',*,*,#4557,.F.);
#4575=EDGE_LOOP('',(#4569,#4571,#4573,#4574));
#4576=FACE_OUTER_BOUND('',#4575,.F.);
#4578=CARTESIAN_POINT('',(-5.01E-1,0.E0,3.1E0));
#4579=DIRECTION('',(0.E0,0.E0,1.E0));
#4580=DIRECTION('',(1.E0,0.E0,0.E0));
#4581=AXIS2_PLACEMENT_3D('',#4578,#4579,#4580);
#4582=PLANE('',#4581);
#4583=ORIENTED_EDGE('',*,*,#4519,.T.);
#4585=ORIENTED_EDGE('',*,*,#4584,.T.);
#4587=ORIENTED_EDGE('',*,*,#4586,.F.);
#4588=ORIENTED_EDGE('',*,*,#4570,.F.);
#4589=EDGE_LOOP('',(#4583,#4585,#4587,#4588));
#4590=FACE_OUTER_BOUND('',#4589,.F.);
#4592=CARTESIAN_POINT('',(-4.99E-1,0.E0,3.219E0));
#4593=DIRECTION('',(0.E0,-1.E0,0.E0));
#4594=DIRECTION('',(1.E0,0.E0,0.E0));
#4595=AXIS2_PLACEMENT_3D('',#4592,#4593,#4594);
#4596=CYLINDRICAL_SURFACE('',#4595,1.19E-1);
#4597=ORIENTED_EDGE('',*,*,#4517,.T.);
#4599=ORIENTED_EDGE('',*,*,#4598,.T.);
#4601=ORIENTED_EDGE('',*,*,#4600,.F.);
#4602=ORIENTED_EDGE('',*,*,#4584,.F.);
#4603=EDGE_LOOP('',(#4597,#4599,#4601,#4602));
#4604=FACE_OUTER_BOUND('',#4603,.F.);
#4606=CARTESIAN_POINT('',(-3.8E-1,0.E0,3.219E0));
#4607=DIRECTION('',(-1.E0,0.E0,0.E0));
#4608=DIRECTION('',(0.E0,0.E0,1.E0));
#4609=AXIS2_PLACEMENT_3D('',#4606,#4607,#4608);
#4610=PLANE('',#4609);
#4611=ORIENTED_EDGE('',*,*,#4538,.T.);
#4613=ORIENTED_EDGE('',*,*,#4612,.F.);
#4614=ORIENTED_EDGE('',*,*,#4598,.F.);
#4615=ORIENTED_EDGE('',*,*,#4515,.T.);
#4616=EDGE_LOOP('',(#4611,#4613,#4614,#4615));
#4617=FACE_OUTER_BOUND('',#4616,.F.);
#4619=CARTESIAN_POINT('',(0.E0,2.E-1,0.E0));
#4620=DIRECTION('',(0.E0,-1.E0,0.E0));
#4621=DIRECTION('',(1.E0,0.E0,0.E0));
#4622=AXIS2_PLACEMENT_3D('',#4619,#4620,#4621);
#4623=PLANE('',#4622);
#4624=ORIENTED_EDGE('',*,*,#4536,.F.);
#4625=ORIENTED_EDGE('',*,*,#4559,.T.);
#4626=ORIENTED_EDGE('',*,*,#4572,.T.);
#4627=ORIENTED_EDGE('',*,*,#4586,.T.);
#4628=ORIENTED_EDGE('',*,*,#4600,.T.);
#4629=ORIENTED_EDGE('',*,*,#4612,.T.);
#4630=EDGE_LOOP('',(#4624,#4625,#4626,#4627,#4628,#4629));
#4631=FACE_OUTER_BOUND('',#4630,.F.);
#4633=CLOSED_SHELL('',(#4527,#4542,#4563,#4577,#4591,#4605,#4618,#4632));
#4634=MANIFOLD_SOLID_BREP('',#4633);
#4635=FILL_AREA_STYLE_COLOUR('',#19);
#4636=FILL_AREA_STYLE('',(#4635));
#4637=SURFACE_STYLE_FILL_AREA(#4636);
#4638=SURFACE_SIDE_STYLE('',(#4637));
#4639=SURFACE_STYLE_USAGE(.POSITIVE.,#4638);
#4640=PRESENTATION_STYLE_ASSIGNMENT((#4639));
#4353=STYLED_ITEM('',(#4640),#4634);
#4642=DIRECTION('',(1.E0,0.E0,0.E0));
#4643=VECTOR('',#4642,2.4E-1);
#4644=CARTESIAN_POINT('',(-1.2E-1,0.E0,3.5E0));
#4645=LINE('',#4644,#4643);
#4646=CURVE_STYLE('',#32,POSITIVE_LENGTH_MEASURE(2.E-2),#19);
#4647=PRESENTATION_STYLE_ASSIGNMENT((#4646));
#4648=STYLED_ITEM('',(#4647),#4645);
#4649=DIRECTION('',(0.E0,0.E0,1.E0));
#4650=VECTOR('',#4649,2.81E-1);
#4651=CARTESIAN_POINT('',(1.2E-1,0.E0,3.219E0));
#4652=LINE('',#4651,#4650);
#4653=CURVE_STYLE('',#32,POSITIVE_LENGTH_MEASURE(2.E-2),#19);
#4654=PRESENTATION_STYLE_ASSIGNMENT((#4653));
#4655=STYLED_ITEM('',(#4654),#4652);
#4656=CARTESIAN_POINT('',(1.E-3,0.E0,3.219E0));
#4657=DIRECTION('',(0.E0,-1.E0,0.E0));
#4658=DIRECTION('',(-3.330596186334E-14,0.E0,-1.E0));
#4659=AXIS2_PLACEMENT_3D('',#4656,#4657,#4658);
#4661=CURVE_STYLE('',#32,POSITIVE_LENGTH_MEASURE(2.E-2),#19);
#4662=PRESENTATION_STYLE_ASSIGNMENT((#4661));
#4663=STYLED_ITEM('',(#4662),#4660);
#4664=DIRECTION('',(1.E0,0.E0,0.E0));
#4665=VECTOR('',#4664,1.999999999997E-3);
#4666=CARTESIAN_POINT('',(-9.999999999987E-4,0.E0,3.1E0));
#4667=LINE('',#4666,#4665);
#4668=CURVE_STYLE('',#32,POSITIVE_LENGTH_MEASURE(2.E-2),#19);
#4669=PRESENTATION_STYLE_ASSIGNMENT((#4668));
#4670=STYLED_ITEM('',(#4669),#4667);
#4671=CARTESIAN_POINT('',(-1.E-3,0.E0,3.219E0));
#4672=DIRECTION('',(0.E0,-1.E0,0.E0));
#4673=DIRECTION('',(-1.E0,0.E0,0.E0));
#4674=AXIS2_PLACEMENT_3D('',#4671,#4672,#4673);
#4676=CURVE_STYLE('',#32,POSITIVE_LENGTH_MEASURE(2.E-2),#19);
#4677=PRESENTATION_STYLE_ASSIGNMENT((#4676));
#4678=STYLED_ITEM('',(#4677),#4675);
#4679=DIRECTION('',(0.E0,0.E0,-1.E0));
#4680=VECTOR('',#4679,2.81E-1);
#4681=CARTESIAN_POINT('',(-1.2E-1,0.E0,3.5E0));
#4682=LINE('',#4681,#4680);
#4683=CURVE_STYLE('',#32,POSITIVE_LENGTH_MEASURE(2.E-2),#19);
#4684=PRESENTATION_STYLE_ASSIGNMENT((#4683));
#4685=STYLED_ITEM('',(#4684),#4682);
#4686=DIRECTION('',(0.E0,1.E0,0.E0));
#4687=VECTOR('',#4686,2.E-1);
#4688=CARTESIAN_POINT('',(-1.2E-1,0.E0,3.5E0));
#4689=LINE('',#4688,#4687);
#4690=CURVE_STYLE('',#32,POSITIVE_LENGTH_MEASURE(2.E-2),#19);
#4691=PRESENTATION_STYLE_ASSIGNMENT((#4690));
#4692=STYLED_ITEM('',(#4691),#4689);
#4693=DIRECTION('',(0.E0,1.E0,0.E0));
#4694=VECTOR('',#4693,2.E-1);
#4695=CARTESIAN_POINT('',(-1.2E-1,0.E0,3.219E0));
#4696=LINE('',#4695,#4694);
#4697=CURVE_STYLE('',#32,POSITIVE_LENGTH_MEASURE(2.E-2),#19);
#4698=PRESENTATION_STYLE_ASSIGNMENT((#4697));
#4699=STYLED_ITEM('',(#4698),#4696);
#4700=DIRECTION('',(0.E0,1.E0,0.E0));
#4701=VECTOR('',#4700,2.E-1);
#4702=CARTESIAN_POINT('',(-9.999999999987E-4,0.E0,3.1E0));
#4703=LINE('',#4702,#4701);
#4704=CURVE_STYLE('',#32,POSITIVE_LENGTH_MEASURE(2.E-2),#19);
#4705=PRESENTATION_STYLE_ASSIGNMENT((#4704));
#4706=STYLED_ITEM('',(#4705),#4703);
#4707=DIRECTION('',(0.E0,1.E0,0.E0));
#4708=VECTOR('',#4707,2.E-1);
#4709=CARTESIAN_POINT('',(9.999999999987E-4,0.E0,3.1E0));
#4710=LINE('',#4709,#4708);
#4711=CURVE_STYLE('',#32,POSITIVE_LENGTH_MEASURE(2.E-2),#19);
#4712=PRESENTATION_STYLE_ASSIGNMENT((#4711));
#4713=STYLED_ITEM('',(#4712),#4710);
#4714=DIRECTION('',(0.E0,1.E0,0.E0));
#4715=VECTOR('',#4714,2.E-1);
#4716=CARTESIAN_POINT('',(1.2E-1,0.E0,3.5E0));
#4717=LINE('',#4716,#4715);
#4718=CURVE_STYLE('',#32,POSITIVE_LENGTH_MEASURE(2.E-2),#19);
#4719=PRESENTATION_STYLE_ASSIGNMENT((#4718));
#4720=STYLED_ITEM('',(#4719),#4717);
#4721=DIRECTION('',(0.E0,1.E0,0.E0));
#4722=VECTOR('',#4721,2.E-1);
#4723=CARTESIAN_POINT('',(1.2E-1,0.E0,3.219E0));
#4724=LINE('',#4723,#4722);
#4725=CURVE_STYLE('',#32,POSITIVE_LENGTH_MEASURE(2.E-2),#19);
#4726=PRESENTATION_STYLE_ASSIGNMENT((#4725));
#4727=STYLED_ITEM('',(#4726),#4724);
#4728=DIRECTION('',(1.E0,0.E0,0.E0));
#4729=VECTOR('',#4728,2.4E-1);
#4730=CARTESIAN_POINT('',(-1.2E-1,2.E-1,3.5E0));
#4731=LINE('',#4730,#4729);
#4732=CURVE_STYLE('',#32,POSITIVE_LENGTH_MEASURE(2.E-2),#19);
#4733=PRESENTATION_STYLE_ASSIGNMENT((#4732));
#4734=STYLED_ITEM('',(#4733),#4731);
#4735=DIRECTION('',(0.E0,0.E0,-1.E0));
#4736=VECTOR('',#4735,2.81E-1);
#4737=CARTESIAN_POINT('',(-1.2E-1,2.E-1,3.5E0));
#4738=LINE('',#4737,#4736);
#4739=CURVE_STYLE('',#32,POSITIVE_LENGTH_MEASURE(2.E-2),#19);
#4740=PRESENTATION_STYLE_ASSIGNMENT((#4739));
#4741=STYLED_ITEM('',(#4740),#4738);
#4742=CARTESIAN_POINT('',(-1.E-3,2.E-1,3.219E0));
#4743=DIRECTION('',(0.E0,-1.E0,0.E0));
#4744=DIRECTION('',(-1.E0,0.E0,0.E0));
#4745=AXIS2_PLACEMENT_3D('',#4742,#4743,#4744);
#4747=CURVE_STYLE('',#32,POSITIVE_LENGTH_MEASURE(2.E-2),#19);
#4748=PRESENTATION_STYLE_ASSIGNMENT((#4747));
#4749=STYLED_ITEM('',(#4748),#4746);
#4750=DIRECTION('',(1.E0,0.E0,0.E0));
#4751=VECTOR('',#4750,2.E-3);
#4752=CARTESIAN_POINT('',(-1.E-3,2.E-1,3.1E0));
#4753=LINE('',#4752,#4751);
#4754=CURVE_STYLE('',#32,POSITIVE_LENGTH_MEASURE(2.E-2),#19);
#4755=PRESENTATION_STYLE_ASSIGNMENT((#4754));
#4756=STYLED_ITEM('',(#4755),#4753);
#4757=CARTESIAN_POINT('',(1.E-3,2.E-1,3.219E0));
#4758=DIRECTION('',(0.E0,-1.E0,0.E0));
#4759=DIRECTION('',(0.E0,0.E0,-1.E0));
#4760=AXIS2_PLACEMENT_3D('',#4757,#4758,#4759);
#4762=CURVE_STYLE('',#32,POSITIVE_LENGTH_MEASURE(2.E-2),#19);
#4763=PRESENTATION_STYLE_ASSIGNMENT((#4762));
#4764=STYLED_ITEM('',(#4763),#4761);
#4765=DIRECTION('',(0.E0,0.E0,1.E0));
#4766=VECTOR('',#4765,2.81E-1);
#4767=CARTESIAN_POINT('',(1.2E-1,2.E-1,3.219E0));
#4768=LINE('',#4767,#4766);
#4769=CURVE_STYLE('',#32,POSITIVE_LENGTH_MEASURE(2.E-2),#19);
#4770=PRESENTATION_STYLE_ASSIGNMENT((#4769));
#4771=STYLED_ITEM('',(#4770),#4768);
#4772=CARTESIAN_POINT('',(-1.2E-1,0.E0,3.219E0));
#4773=CARTESIAN_POINT('',(-9.999999999961E-4,0.E0,3.1E0));
#4774=VERTEX_POINT('',#4772);
#4775=VERTEX_POINT('',#4773);
#4776=CARTESIAN_POINT('',(9.999999999987E-4,0.E0,3.1E0));
#4777=VERTEX_POINT('',#4776);
#4778=CARTESIAN_POINT('',(1.2E-1,0.E0,3.219E0));
#4779=VERTEX_POINT('',#4778);
#4780=CARTESIAN_POINT('',(-1.2E-1,2.E-1,3.219E0));
#4781=CARTESIAN_POINT('',(-1.E-3,2.E-1,3.1E0));
#4782=VERTEX_POINT('',#4780);
#4783=VERTEX_POINT('',#4781);
#4784=CARTESIAN_POINT('',(1.E-3,2.E-1,3.1E0));
#4785=VERTEX_POINT('',#4784);
#4786=CARTESIAN_POINT('',(1.2E-1,2.E-1,3.219E0));
#4787=VERTEX_POINT('',#4786);
#4788=CARTESIAN_POINT('',(-1.2E-1,0.E0,3.5E0));
#4789=CARTESIAN_POINT('',(1.2E-1,0.E0,3.5E0));
#4790=VERTEX_POINT('',#4788);
#4791=VERTEX_POINT('',#4789);
#4792=CARTESIAN_POINT('',(-1.2E-1,2.E-1,3.5E0));
#4793=VERTEX_POINT('',#4792);
#4794=CARTESIAN_POINT('',(1.2E-1,2.E-1,3.5E0));
#4795=VERTEX_POINT('',#4794);
#4796=CARTESIAN_POINT('',(0.E0,0.E0,0.E0));
#4797=DIRECTION('',(0.E0,-1.E0,0.E0));
#4798=DIRECTION('',(1.E0,0.E0,0.E0));
#4799=AXIS2_PLACEMENT_3D('',#4796,#4797,#4798);
#4800=PLANE('',#4799);
#4802=ORIENTED_EDGE('',*,*,#4801,.T.);
#4804=ORIENTED_EDGE('',*,*,#4803,.F.);
#4806=ORIENTED_EDGE('',*,*,#4805,.F.);
#4808=ORIENTED_EDGE('',*,*,#4807,.F.);
#4810=ORIENTED_EDGE('',*,*,#4809,.F.);
#4812=ORIENTED_EDGE('',*,*,#4811,.F.);
#4813=EDGE_LOOP('',(#4802,#4804,#4806,#4808,#4810,#4812));
#4814=FACE_OUTER_BOUND('',#4813,.F.);
#4816=CARTESIAN_POINT('',(1.75E0,0.E0,3.5E0));
#4817=DIRECTION('',(0.E0,0.E0,-1.E0));
#4818=DIRECTION('',(-1.E0,0.E0,0.E0));
#4819=AXIS2_PLACEMENT_3D('',#4816,#4817,#4818);
#4820=PLANE('',#4819);
#4821=ORIENTED_EDGE('',*,*,#4801,.F.);
#4823=ORIENTED_EDGE('',*,*,#4822,.T.);
#4825=ORIENTED_EDGE('',*,*,#4824,.T.);
#4827=ORIENTED_EDGE('',*,*,#4826,.F.);
#4828=EDGE_LOOP('',(#4821,#4823,#4825,#4827));
#4829=FACE_OUTER_BOUND('',#4828,.F.);
#4831=FILL_AREA_STYLE_COLOUR('',#25);
#4832=FILL_AREA_STYLE('',(#4831));
#4833=SURFACE_STYLE_FILL_AREA(#4832);
#4834=SURFACE_SIDE_STYLE('',(#4833));
#4835=SURFACE_STYLE_USAGE(.POSITIVE.,#4834);
#4836=PRESENTATION_STYLE_ASSIGNMENT((#4835));
#4837=OVER_RIDING_STYLED_ITEM('',(#4836),#4830,#4641);
#4838=CARTESIAN_POINT('',(-1.2E-1,0.E0,3.6E0));
#4839=DIRECTION('',(1.E0,0.E0,0.E0));
#4840=DIRECTION('',(0.E0,0.E0,-1.E0));
#4841=AXIS2_PLACEMENT_3D('',#4838,#4839,#4840);
#4842=PLANE('',#4841);
#4843=ORIENTED_EDGE('',*,*,#4822,.F.);
#4844=ORIENTED_EDGE('',*,*,#4811,.T.);
#4846=ORIENTED_EDGE('',*,*,#4845,.T.);
#4848=ORIENTED_EDGE('',*,*,#4847,.F.);
#4849=EDGE_LOOP('',(#4843,#4844,#4846,#4848));
#4850=FACE_OUTER_BOUND('',#4849,.F.);
#4852=CARTESIAN_POINT('',(-1.E-3,0.E0,3.219E0));
#4853=DIRECTION('',(0.E0,-1.E0,0.E0));
#4854=DIRECTION('',(1.E0,0.E0,0.E0));
#4855=AXIS2_PLACEMENT_3D('',#4852,#4853,#4854);
#4856=CYLINDRICAL_SURFACE('',#4855,1.19E-1);
#4857=ORIENTED_EDGE('',*,*,#4809,.T.);
#4859=ORIENTED_EDGE('',*,*,#4858,.T.);
#4861=ORIENTED_EDGE('',*,*,#4860,.F.);
#4862=ORIENTED_EDGE('',*,*,#4845,.F.);
#4863=EDGE_LOOP('',(#4857,#4859,#4861,#4862));
#4864=FACE_OUTER_BOUND('',#4863,.F.);
#4866=CARTESIAN_POINT('',(-1.E-3,0.E0,3.1E0));
#4867=DIRECTION('',(0.E0,0.E0,1.E0));
#4868=DIRECTION('',(1.E0,0.E0,0.E0));
#4869=AXIS2_PLACEMENT_3D('',#4866,#4867,#4868);
#4870=PLANE('',#4869);
#4871=ORIENTED_EDGE('',*,*,#4807,.T.);
#4873=ORIENTED_EDGE('',*,*,#4872,.T.);
#4875=ORIENTED_EDGE('',*,*,#4874,.F.);
#4876=ORIENTED_EDGE('',*,*,#4858,.F.);
#4877=EDGE_LOOP('',(#4871,#4873,#4875,#4876));
#4878=FACE_OUTER_BOUND('',#4877,.F.);
#4880=CARTESIAN_POINT('',(1.E-3,0.E0,3.219E0));
#4881=DIRECTION('',(0.E0,-1.E0,0.E0));
#4882=DIRECTION('',(1.E0,0.E0,0.E0));
#4883=AXIS2_PLACEMENT_3D('',#4880,#4881,#4882);
#4884=CYLINDRICAL_SURFACE('',#4883,1.19E-1);
#4885=ORIENTED_EDGE('',*,*,#4805,.T.);
#4887=ORIENTED_EDGE('',*,*,#4886,.T.);
#4889=ORIENTED_EDGE('',*,*,#4888,.F.);
#4890=ORIENTED_EDGE('',*,*,#4872,.F.);
#4891=EDGE_LOOP('',(#4885,#4887,#4889,#4890));
#4892=FACE_OUTER_BOUND('',#4891,.F.);
#4894=CARTESIAN_POINT('',(1.2E-1,0.E0,3.219E0));
#4895=DIRECTION('',(-1.E0,0.E0,0.E0));
#4896=DIRECTION('',(0.E0,0.E0,1.E0));
#4897=AXIS2_PLACEMENT_3D('',#4894,#4895,#4896);
#4898=PLANE('',#4897);
#4899=ORIENTED_EDGE('',*,*,#4826,.T.);
#4901=ORIENTED_EDGE('',*,*,#4900,.F.);
#4902=ORIENTED_EDGE('',*,*,#4886,.F.);
#4903=ORIENTED_EDGE('',*,*,#4803,.T.);
#4904=EDGE_LOOP('',(#4899,#4901,#4902,#4903));
#4905=FACE_OUTER_BOUND('',#4904,.F.);
#4907=CARTESIAN_POINT('',(0.E0,2.E-1,0.E0));
#4908=DIRECTION('',(0.E0,-1.E0,0.E0));
#4909=DIRECTION('',(1.E0,0.E0,0.E0));
#4910=AXIS2_PLACEMENT_3D('',#4907,#4908,#4909);
#4911=PLANE('',#4910);
#4912=ORIENTED_EDGE('',*,*,#4824,.F.);
#4913=ORIENTED_EDGE('',*,*,#4847,.T.);
#4914=ORIENTED_EDGE('',*,*,#4860,.T.);
#4915=ORIENTED_EDGE('',*,*,#4874,.T.);
#4916=ORIENTED_EDGE('',*,*,#4888,.T.);
#4917=ORIENTED_EDGE('',*,*,#4900,.T.);
#4918=EDGE_LOOP('',(#4912,#4913,#4914,#4915,#4916,#4917));
#4919=FACE_OUTER_BOUND('',#4918,.F.);
#4921=CLOSED_SHELL('',(#4815,#4830,#4851,#4865,#4879,#4893,#4906,#4920));
#4922=MANIFOLD_SOLID_BREP('',#4921);
#4923=FILL_AREA_STYLE_COLOUR('',#19);
#4924=FILL_AREA_STYLE('',(#4923));
#4925=SURFACE_STYLE_FILL_AREA(#4924);
#4926=SURFACE_SIDE_STYLE('',(#4925));
#4927=SURFACE_STYLE_USAGE(.POSITIVE.,#4926);
#4928=PRESENTATION_STYLE_ASSIGNMENT((#4927));
#4641=STYLED_ITEM('',(#4928),#4922);
#4930=DIRECTION('',(1.E0,0.E0,0.E0));
#4931=VECTOR('',#4930,2.4E-1);
#4932=CARTESIAN_POINT('',(3.8E-1,0.E0,3.5E0));
#4933=LINE('',#4932,#4931);
#4934=CURVE_STYLE('',#32,POSITIVE_LENGTH_MEASURE(2.E-2),#19);
#4935=PRESENTATION_STYLE_ASSIGNMENT((#4934));
#4936=STYLED_ITEM('',(#4935),#4933);
#4937=DIRECTION('',(0.E0,0.E0,1.E0));
#4938=VECTOR('',#4937,2.81E-1);
#4939=CARTESIAN_POINT('',(6.2E-1,0.E0,3.219E0));
#4940=LINE('',#4939,#4938);
#4941=CURVE_STYLE('',#32,POSITIVE_LENGTH_MEASURE(2.E-2),#19);
#4942=PRESENTATION_STYLE_ASSIGNMENT((#4941));
#4943=STYLED_ITEM('',(#4942),#4940);
#4944=CARTESIAN_POINT('',(5.01E-1,0.E0,3.219E0));
#4945=DIRECTION('',(0.E0,-1.E0,0.E0));
#4946=DIRECTION('',(-3.358657889622E-14,0.E0,-1.E0));
#4947=AXIS2_PLACEMENT_3D('',#4944,#4945,#4946);
#4949=CURVE_STYLE('',#32,POSITIVE_LENGTH_MEASURE(2.E-2),#19);
#4950=PRESENTATION_STYLE_ASSIGNMENT((#4949));
#4951=STYLED_ITEM('',(#4950),#4948);
#4952=DIRECTION('',(1.E0,0.E0,0.E0));
#4953=VECTOR('',#4952,1.999999999997E-3);
#4954=CARTESIAN_POINT('',(4.99E-1,0.E0,3.1E0));
#4955=LINE('',#4954,#4953);
#4956=CURVE_STYLE('',#32,POSITIVE_LENGTH_MEASURE(2.E-2),#19);
#4957=PRESENTATION_STYLE_ASSIGNMENT((#4956));
#4958=STYLED_ITEM('',(#4957),#4955);
#4959=CARTESIAN_POINT('',(4.99E-1,0.E0,3.219E0));
#4960=DIRECTION('',(0.E0,-1.E0,0.E0));
#4961=DIRECTION('',(-1.E0,0.E0,0.E0));
#4962=AXIS2_PLACEMENT_3D('',#4959,#4960,#4961);
#4964=CURVE_STYLE('',#32,POSITIVE_LENGTH_MEASURE(2.E-2),#19);
#4965=PRESENTATION_STYLE_ASSIGNMENT((#4964));
#4966=STYLED_ITEM('',(#4965),#4963);
#4967=DIRECTION('',(0.E0,0.E0,-1.E0));
#4968=VECTOR('',#4967,2.81E-1);
#4969=CARTESIAN_POINT('',(3.8E-1,0.E0,3.5E0));
#4970=LINE('',#4969,#4968);
#4971=CURVE_STYLE('',#32,POSITIVE_LENGTH_MEASURE(2.E-2),#19);
#4972=PRESENTATION_STYLE_ASSIGNMENT((#4971));
#4973=STYLED_ITEM('',(#4972),#4970);
#4974=DIRECTION('',(0.E0,1.E0,0.E0));
#4975=VECTOR('',#4974,2.E-1);
#4976=CARTESIAN_POINT('',(3.8E-1,0.E0,3.5E0));
#4977=LINE('',#4976,#4975);
#4978=CURVE_STYLE('',#32,POSITIVE_LENGTH_MEASURE(2.E-2),#19);
#4979=PRESENTATION_STYLE_ASSIGNMENT((#4978));
#4980=STYLED_ITEM('',(#4979),#4977);
#4981=DIRECTION('',(0.E0,1.E0,0.E0));
#4982=VECTOR('',#4981,2.E-1);
#4983=CARTESIAN_POINT('',(3.8E-1,0.E0,3.219E0));
#4984=LINE('',#4983,#4982);
#4985=CURVE_STYLE('',#32,POSITIVE_LENGTH_MEASURE(2.E-2),#19);
#4986=PRESENTATION_STYLE_ASSIGNMENT((#4985));
#4987=STYLED_ITEM('',(#4986),#4984);
#4988=DIRECTION('',(0.E0,1.E0,0.E0));
#4989=VECTOR('',#4988,2.E-1);
#4990=CARTESIAN_POINT('',(4.99E-1,0.E0,3.1E0));
#4991=LINE('',#4990,#4989);
#4992=CURVE_STYLE('',#32,POSITIVE_LENGTH_MEASURE(2.E-2),#19);
#4993=PRESENTATION_STYLE_ASSIGNMENT((#4992));
#4994=STYLED_ITEM('',(#4993),#4991);
#4995=DIRECTION('',(0.E0,1.E0,0.E0));
#4996=VECTOR('',#4995,2.E-1);
#4997=CARTESIAN_POINT('',(5.01E-1,0.E0,3.1E0));
#4998=LINE('',#4997,#4996);
#4999=CURVE_STYLE('',#32,POSITIVE_LENGTH_MEASURE(2.E-2),#19);
#5000=PRESENTATION_STYLE_ASSIGNMENT((#4999));
#5001=STYLED_ITEM('',(#5000),#4998);
#5002=DIRECTION('',(0.E0,1.E0,0.E0));
#5003=VECTOR('',#5002,2.E-1);
#5004=CARTESIAN_POINT('',(6.2E-1,0.E0,3.5E0));
#5005=LINE('',#5004,#5003);
#5006=CURVE_STYLE('',#32,POSITIVE_LENGTH_MEASURE(2.E-2),#19);
#5007=PRESENTATION_STYLE_ASSIGNMENT((#5006));
#5008=STYLED_ITEM('',(#5007),#5005);
#5009=DIRECTION('',(0.E0,1.E0,0.E0));
#5010=VECTOR('',#5009,2.E-1);
#5011=CARTESIAN_POINT('',(6.2E-1,0.E0,3.219E0));
#5012=LINE('',#5011,#5010);
#5013=CURVE_STYLE('',#32,POSITIVE_LENGTH_MEASURE(2.E-2),#19);
#5014=PRESENTATION_STYLE_ASSIGNMENT((#5013));
#5015=STYLED_ITEM('',(#5014),#5012);
#5016=DIRECTION('',(1.E0,0.E0,0.E0));
#5017=VECTOR('',#5016,2.4E-1);
#5018=CARTESIAN_POINT('',(3.8E-1,2.E-1,3.5E0));
#5019=LINE('',#5018,#5017);
#5020=CURVE_STYLE('',#32,POSITIVE_LENGTH_MEASURE(2.E-2),#19);
#5021=PRESENTATION_STYLE_ASSIGNMENT((#5020));
#5022=STYLED_ITEM('',(#5021),#5019);
#5023=DIRECTION('',(0.E0,0.E0,-1.E0));
#5024=VECTOR('',#5023,2.81E-1);
#5025=CARTESIAN_POINT('',(3.8E-1,2.E-1,3.5E0));
#5026=LINE('',#5025,#5024);
#5027=CURVE_STYLE('',#32,POSITIVE_LENGTH_MEASURE(2.E-2),#19);
#5028=PRESENTATION_STYLE_ASSIGNMENT((#5027));
#5029=STYLED_ITEM('',(#5028),#5026);
#5030=CARTESIAN_POINT('',(4.99E-1,2.E-1,3.219E0));
#5031=DIRECTION('',(0.E0,-1.E0,0.E0));
#5032=DIRECTION('',(-1.E0,0.E0,0.E0));
#5033=AXIS2_PLACEMENT_3D('',#5030,#5031,#5032);
#5035=CURVE_STYLE('',#32,POSITIVE_LENGTH_MEASURE(2.E-2),#19);
#5036=PRESENTATION_STYLE_ASSIGNMENT((#5035));
#5037=STYLED_ITEM('',(#5036),#5034);
#5038=DIRECTION('',(1.E0,0.E0,0.E0));
#5039=VECTOR('',#5038,2.E-3);
#5040=CARTESIAN_POINT('',(4.99E-1,2.E-1,3.1E0));
#5041=LINE('',#5040,#5039);
#5042=CURVE_STYLE('',#32,POSITIVE_LENGTH_MEASURE(2.E-2),#19);
#5043=PRESENTATION_STYLE_ASSIGNMENT((#5042));
#5044=STYLED_ITEM('',(#5043),#5041);
#5045=CARTESIAN_POINT('',(5.01E-1,2.E-1,3.219E0));
#5046=DIRECTION('',(0.E0,-1.E0,0.E0));
#5047=DIRECTION('',(0.E0,0.E0,-1.E0));
#5048=AXIS2_PLACEMENT_3D('',#5045,#5046,#5047);
#5050=CURVE_STYLE('',#32,POSITIVE_LENGTH_MEASURE(2.E-2),#19);
#5051=PRESENTATION_STYLE_ASSIGNMENT((#5050));
#5052=STYLED_ITEM('',(#5051),#5049);
#5053=DIRECTION('',(0.E0,0.E0,1.E0));
#5054=VECTOR('',#5053,2.81E-1);
#5055=CARTESIAN_POINT('',(6.2E-1,2.E-1,3.219E0));
#5056=LINE('',#5055,#5054);
#5057=CURVE_STYLE('',#32,POSITIVE_LENGTH_MEASURE(2.E-2),#19);
#5058=PRESENTATION_STYLE_ASSIGNMENT((#5057));
#5059=STYLED_ITEM('',(#5058),#5056);
#5060=CARTESIAN_POINT('',(3.8E-1,0.E0,3.219E0));
#5061=CARTESIAN_POINT('',(4.99E-1,0.E0,3.1E0));
#5062=VERTEX_POINT('',#5060);
#5063=VERTEX_POINT('',#5061);
#5064=CARTESIAN_POINT('',(5.01E-1,0.E0,3.1E0));
#5065=VERTEX_POINT('',#5064);
#5066=CARTESIAN_POINT('',(6.2E-1,0.E0,3.219E0));
#5067=VERTEX_POINT('',#5066);
#5068=CARTESIAN_POINT('',(3.8E-1,2.E-1,3.219E0));
#5069=CARTESIAN_POINT('',(4.99E-1,2.E-1,3.1E0));
#5070=VERTEX_POINT('',#5068);
#5071=VERTEX_POINT('',#5069);
#5072=CARTESIAN_POINT('',(5.01E-1,2.E-1,3.1E0));
#5073=VERTEX_POINT('',#5072);
#5074=CARTESIAN_POINT('',(6.2E-1,2.E-1,3.219E0));
#5075=VERTEX_POINT('',#5074);
#5076=CARTESIAN_POINT('',(3.8E-1,0.E0,3.5E0));
#5077=CARTESIAN_POINT('',(6.2E-1,0.E0,3.5E0));
#5078=VERTEX_POINT('',#5076);
#5079=VERTEX_POINT('',#5077);
#5080=CARTESIAN_POINT('',(3.8E-1,2.E-1,3.5E0));
#5081=VERTEX_POINT('',#5080);
#5082=CARTESIAN_POINT('',(6.2E-1,2.E-1,3.5E0));
#5083=VERTEX_POINT('',#5082);
#5084=CARTESIAN_POINT('',(0.E0,0.E0,0.E0));
#5085=DIRECTION('',(0.E0,-1.E0,0.E0));
#5086=DIRECTION('',(1.E0,0.E0,0.E0));
#5087=AXIS2_PLACEMENT_3D('',#5084,#5085,#5086);
#5088=PLANE('',#5087);
#5090=ORIENTED_EDGE('',*,*,#5089,.T.);
#5092=ORIENTED_EDGE('',*,*,#5091,.F.);
#5094=ORIENTED_EDGE('',*,*,#5093,.F.);
#5096=ORIENTED_EDGE('',*,*,#5095,.F.);
#5098=ORIENTED_EDGE('',*,*,#5097,.F.);
#5100=ORIENTED_EDGE('',*,*,#5099,.F.);
#5101=EDGE_LOOP('',(#5090,#5092,#5094,#5096,#5098,#5100));
#5102=FACE_OUTER_BOUND('',#5101,.F.);
#5104=CARTESIAN_POINT('',(1.75E0,0.E0,3.5E0));
#5105=DIRECTION('',(0.E0,0.E0,-1.E0));
#5106=DIRECTION('',(-1.E0,0.E0,0.E0));
#5107=AXIS2_PLACEMENT_3D('',#5104,#5105,#5106);
#5108=PLANE('',#5107);
#5109=ORIENTED_EDGE('',*,*,#5089,.F.);
#5111=ORIENTED_EDGE('',*,*,#5110,.T.);
#5113=ORIENTED_EDGE('',*,*,#5112,.T.);
#5115=ORIENTED_EDGE('',*,*,#5114,.F.);
#5116=EDGE_LOOP('',(#5109,#5111,#5113,#5115));
#5117=FACE_OUTER_BOUND('',#5116,.F.);
#5119=FILL_AREA_STYLE_COLOUR('',#25);
#5120=FILL_AREA_STYLE('',(#5119));
#5121=SURFACE_STYLE_FILL_AREA(#5120);
#5122=SURFACE_SIDE_STYLE('',(#5121));
#5123=SURFACE_STYLE_USAGE(.POSITIVE.,#5122);
#5124=PRESENTATION_STYLE_ASSIGNMENT((#5123));
#5125=OVER_RIDING_STYLED_ITEM('',(#5124),#5118,#4929);
#5126=CARTESIAN_POINT('',(3.8E-1,0.E0,3.6E0));
#5127=DIRECTION('',(1.E0,0.E0,0.E0));
#5128=DIRECTION('',(0.E0,0.E0,-1.E0));
#5129=AXIS2_PLACEMENT_3D('',#5126,#5127,#5128);
#5130=PLANE('',#5129);
#5131=ORIENTED_EDGE('',*,*,#5110,.F.);
#5132=ORIENTED_EDGE('',*,*,#5099,.T.);
#5134=ORIENTED_EDGE('',*,*,#5133,.T.);
#5136=ORIENTED_EDGE('',*,*,#5135,.F.);
#5137=EDGE_LOOP('',(#5131,#5132,#5134,#5136));
#5138=FACE_OUTER_BOUND('',#5137,.F.);
#5140=CARTESIAN_POINT('',(4.99E-1,0.E0,3.219E0));
#5141=DIRECTION('',(0.E0,-1.E0,0.E0));
#5142=DIRECTION('',(1.E0,0.E0,0.E0));
#5143=AXIS2_PLACEMENT_3D('',#5140,#5141,#5142);
#5144=CYLINDRICAL_SURFACE('',#5143,1.19E-1);
#5145=ORIENTED_EDGE('',*,*,#5097,.T.);
#5147=ORIENTED_EDGE('',*,*,#5146,.T.);
#5149=ORIENTED_EDGE('',*,*,#5148,.F.);
#5150=ORIENTED_EDGE('',*,*,#5133,.F.);
#5151=EDGE_LOOP('',(#5145,#5147,#5149,#5150));
#5152=FACE_OUTER_BOUND('',#5151,.F.);
#5154=CARTESIAN_POINT('',(4.99E-1,0.E0,3.1E0));
#5155=DIRECTION('',(0.E0,0.E0,1.E0));
#5156=DIRECTION('',(1.E0,0.E0,0.E0));
#5157=AXIS2_PLACEMENT_3D('',#5154,#5155,#5156);
#5158=PLANE('',#5157);
#5159=ORIENTED_EDGE('',*,*,#5095,.T.);
#5161=ORIENTED_EDGE('',*,*,#5160,.T.);
#5163=ORIENTED_EDGE('',*,*,#5162,.F.);
#5164=ORIENTED_EDGE('',*,*,#5146,.F.);
#5165=EDGE_LOOP('',(#5159,#5161,#5163,#5164));
#5166=FACE_OUTER_BOUND('',#5165,.F.);
#5168=CARTESIAN_POINT('',(5.01E-1,0.E0,3.219E0));
#5169=DIRECTION('',(0.E0,-1.E0,0.E0));
#5170=DIRECTION('',(1.E0,0.E0,0.E0));
#5171=AXIS2_PLACEMENT_3D('',#5168,#5169,#5170);
#5172=CYLINDRICAL_SURFACE('',#5171,1.19E-1);
#5173=ORIENTED_EDGE('',*,*,#5093,.T.);
#5175=ORIENTED_EDGE('',*,*,#5174,.T.);
#5177=ORIENTED_EDGE('',*,*,#5176,.F.);
#5178=ORIENTED_EDGE('',*,*,#5160,.F.);
#5179=EDGE_LOOP('',(#5173,#5175,#5177,#5178));
#5180=FACE_OUTER_BOUND('',#5179,.F.);
#5182=CARTESIAN_POINT('',(6.2E-1,0.E0,3.219E0));
#5183=DIRECTION('',(-1.E0,0.E0,0.E0));
#5184=DIRECTION('',(0.E0,0.E0,1.E0));
#5185=AXIS2_PLACEMENT_3D('',#5182,#5183,#5184);
#5186=PLANE('',#5185);
#5187=ORIENTED_EDGE('',*,*,#5114,.T.);
#5189=ORIENTED_EDGE('',*,*,#5188,.F.);
#5190=ORIENTED_EDGE('',*,*,#5174,.F.);
#5191=ORIENTED_EDGE('',*,*,#5091,.T.);
#5192=EDGE_LOOP('',(#5187,#5189,#5190,#5191));
#5193=FACE_OUTER_BOUND('',#5192,.F.);
#5195=CARTESIAN_POINT('',(0.E0,2.E-1,0.E0));
#5196=DIRECTION('',(0.E0,-1.E0,0.E0));
#5197=DIRECTION('',(1.E0,0.E0,0.E0));
#5198=AXIS2_PLACEMENT_3D('',#5195,#5196,#5197);
#5199=PLANE('',#5198);
#5200=ORIENTED_EDGE('',*,*,#5112,.F.);
#5201=ORIENTED_EDGE('',*,*,#5135,.T.);
#5202=ORIENTED_EDGE('',*,*,#5148,.T.);
#5203=ORIENTED_EDGE('',*,*,#5162,.T.);
#5204=ORIENTED_EDGE('',*,*,#5176,.T.);
#5205=ORIENTED_EDGE('',*,*,#5188,.T.);
#5206=EDGE_LOOP('',(#5200,#5201,#5202,#5203,#5204,#5205));
#5207=FACE_OUTER_BOUND('',#5206,.F.);
#5209=CLOSED_SHELL('',(#5103,#5118,#5139,#5153,#5167,#5181,#5194,#5208));
#5210=MANIFOLD_SOLID_BREP('',#5209);
#5211=FILL_AREA_STYLE_COLOUR('',#19);
#5212=FILL_AREA_STYLE('',(#5211));
#5213=SURFACE_STYLE_FILL_AREA(#5212);
#5214=SURFACE_SIDE_STYLE('',(#5213));
#5215=SURFACE_STYLE_USAGE(.POSITIVE.,#5214);
#5216=PRESENTATION_STYLE_ASSIGNMENT((#5215));
#4929=STYLED_ITEM('',(#5216),#5210);
#5218=DIRECTION('',(1.E0,0.E0,0.E0));
#5219=VECTOR('',#5218,2.25E0);
#5220=CARTESIAN_POINT('',(-1.125E0,0.E0,-9.61E-1));
#5221=LINE('',#5220,#5219);
#5222=CURVE_STYLE('',#32,POSITIVE_LENGTH_MEASURE(2.E-2),#19);
#5223=PRESENTATION_STYLE_ASSIGNMENT((#5222));
#5224=STYLED_ITEM('',(#5223),#5221);
#5225=DIRECTION('',(0.E0,0.E0,1.E0));
#5226=VECTOR('',#5225,3.836E0);
#5227=CARTESIAN_POINT('',(-1.125E0,0.E0,-9.61E-1));
#5228=LINE('',#5227,#5226);
#5229=CURVE_STYLE('',#32,POSITIVE_LENGTH_MEASURE(2.E-2),#19);
#5230=PRESENTATION_STYLE_ASSIGNMENT((#5229));
#5231=STYLED_ITEM('',(#5230),#5228);
#5232=DIRECTION('',(1.E0,0.E0,0.E0));
#5233=VECTOR('',#5232,2.25E0);
#5234=CARTESIAN_POINT('',(-1.125E0,0.E0,2.875E0));
#5235=LINE('',#5234,#5233);
#5236=CURVE_STYLE('',#32,POSITIVE_LENGTH_MEASURE(2.E-2),#19);
#5237=PRESENTATION_STYLE_ASSIGNMENT((#5236));
#5238=STYLED_ITEM('',(#5237),#5235);
#5239=DIRECTION('',(0.E0,0.E0,-1.E0));
#5240=VECTOR('',#5239,3.836E0);
#5241=CARTESIAN_POINT('',(1.125E0,0.E0,2.875E0));
#5242=LINE('',#5241,#5240);
#5243=CURVE_STYLE('',#32,POSITIVE_LENGTH_MEASURE(2.E-2),#19);
#5244=PRESENTATION_STYLE_ASSIGNMENT((#5243));
#5245=STYLED_ITEM('',(#5244),#5242);
#5246=DIRECTION('',(0.E0,1.E0,0.E0));
#5247=VECTOR('',#5246,2.E-1);
#5248=CARTESIAN_POINT('',(1.125E0,0.E0,-9.61E-1));
#5249=LINE('',#5248,#5247);
#5250=CURVE_STYLE('',#32,POSITIVE_LENGTH_MEASURE(2.E-2),#19);
#5251=PRESENTATION_STYLE_ASSIGNMENT((#5250));
#5252=STYLED_ITEM('',(#5251),#5249);
#5253=DIRECTION('',(0.E0,1.E0,0.E0));
#5254=VECTOR('',#5253,2.E-1);
#5255=CARTESIAN_POINT('',(1.125E0,0.E0,2.875E0));
#5256=LINE('',#5255,#5254);
#5257=CURVE_STYLE('',#32,POSITIVE_LENGTH_MEASURE(2.E-2),#19);
#5258=PRESENTATION_STYLE_ASSIGNMENT((#5257));
#5259=STYLED_ITEM('',(#5258),#5256);
#5260=DIRECTION('',(0.E0,1.E0,0.E0));
#5261=VECTOR('',#5260,2.E-1);
#5262=CARTESIAN_POINT('',(-1.125E0,0.E0,2.875E0));
#5263=LINE('',#5262,#5261);
#5264=CURVE_STYLE('',#32,POSITIVE_LENGTH_MEASURE(2.E-2),#19);
#5265=PRESENTATION_STYLE_ASSIGNMENT((#5264));
#5266=STYLED_ITEM('',(#5265),#5263);
#5267=DIRECTION('',(0.E0,1.E0,0.E0));
#5268=VECTOR('',#5267,2.E-1);
#5269=CARTESIAN_POINT('',(-1.125E0,0.E0,-9.61E-1));
#5270=LINE('',#5269,#5268);
#5271=CURVE_STYLE('',#32,POSITIVE_LENGTH_MEASURE(2.E-2),#19);
#5272=PRESENTATION_STYLE_ASSIGNMENT((#5271));
#5273=STYLED_ITEM('',(#5272),#5270);
#5274=DIRECTION('',(1.E0,0.E0,0.E0));
#5275=VECTOR('',#5274,2.25E0);
#5276=CARTESIAN_POINT('',(-1.125E0,2.E-1,-9.61E-1));
#5277=LINE('',#5276,#5275);
#5278=CURVE_STYLE('',#32,POSITIVE_LENGTH_MEASURE(2.E-2),#19);
#5279=PRESENTATION_STYLE_ASSIGNMENT((#5278));
#5280=STYLED_ITEM('',(#5279),#5277);
#5281=DIRECTION('',(0.E0,0.E0,-1.E0));
#5282=VECTOR('',#5281,3.836E0);
#5283=CARTESIAN_POINT('',(1.125E0,2.E-1,2.875E0));
#5284=LINE('',#5283,#5282);
#5285=CURVE_STYLE('',#32,POSITIVE_LENGTH_MEASURE(2.E-2),#19);
#5286=PRESENTATION_STYLE_ASSIGNMENT((#5285));
#5287=STYLED_ITEM('',(#5286),#5284);
#5288=DIRECTION('',(1.E0,0.E0,0.E0));
#5289=VECTOR('',#5288,2.25E0);
#5290=CARTESIAN_POINT('',(-1.125E0,2.E-1,2.875E0));
#5291=LINE('',#5290,#5289);
#5292=CURVE_STYLE('',#32,POSITIVE_LENGTH_MEASURE(2.E-2),#19);
#5293=PRESENTATION_STYLE_ASSIGNMENT((#5292));
#5294=STYLED_ITEM('',(#5293),#5291);
#5295=DIRECTION('',(0.E0,0.E0,1.E0));
#5296=VECTOR('',#5295,3.836E0);
#5297=CARTESIAN_POINT('',(-1.125E0,2.E-1,-9.61E-1));
#5298=LINE('',#5297,#5296);
#5299=CURVE_STYLE('',#32,POSITIVE_LENGTH_MEASURE(2.E-2),#19);
#5300=PRESENTATION_STYLE_ASSIGNMENT((#5299));
#5301=STYLED_ITEM('',(#5300),#5298);
#5302=CARTESIAN_POINT('',(-1.125E0,0.E0,2.875E0));
#5303=CARTESIAN_POINT('',(1.125E0,0.E0,2.875E0));
#5304=VERTEX_POINT('',#5302);
#5305=VERTEX_POINT('',#5303);
#5306=CARTESIAN_POINT('',(-1.125E0,2.E-1,2.875E0));
#5307=CARTESIAN_POINT('',(1.125E0,2.E-1,2.875E0));
#5308=VERTEX_POINT('',#5306);
#5309=VERTEX_POINT('',#5307);
#5310=CARTESIAN_POINT('',(-1.125E0,0.E0,-9.61E-1));
#5311=CARTESIAN_POINT('',(1.125E0,0.E0,-9.61E-1));
#5312=VERTEX_POINT('',#5310);
#5313=VERTEX_POINT('',#5311);
#5314=CARTESIAN_POINT('',(-1.125E0,2.E-1,-9.61E-1));
#5315=VERTEX_POINT('',#5314);
#5316=CARTESIAN_POINT('',(1.125E0,2.E-1,-9.61E-1));
#5317=VERTEX_POINT('',#5316);
#5318=CARTESIAN_POINT('',(0.E0,0.E0,0.E0));
#5319=DIRECTION('',(0.E0,1.E0,0.E0));
#5320=DIRECTION('',(1.E0,0.E0,0.E0));
#5321=AXIS2_PLACEMENT_3D('',#5318,#5319,#5320);
#5322=PLANE('',#5321);
#5324=ORIENTED_EDGE('',*,*,#5323,.F.);
#5326=ORIENTED_EDGE('',*,*,#5325,.T.);
#5328=ORIENTED_EDGE('',*,*,#5327,.T.);
#5330=ORIENTED_EDGE('',*,*,#5329,.T.);
#5331=EDGE_LOOP('',(#5324,#5326,#5328,#5330));
#5332=FACE_OUTER_BOUND('',#5331,.F.);
#5334=CARTESIAN_POINT('',(-1.125E0,2.E-1,-9.61E-1));
#5335=DIRECTION('',(0.E0,0.E0,1.E0));
#5336=DIRECTION('',(1.E0,0.E0,0.E0));
#5337=AXIS2_PLACEMENT_3D('',#5334,#5335,#5336);
#5338=PLANE('',#5337);
#5339=ORIENTED_EDGE('',*,*,#5323,.T.);
#5341=ORIENTED_EDGE('',*,*,#5340,.T.);
#5343=ORIENTED_EDGE('',*,*,#5342,.F.);
#5345=ORIENTED_EDGE('',*,*,#5344,.F.);
#5346=EDGE_LOOP('',(#5339,#5341,#5343,#5345));
#5347=FACE_OUTER_BOUND('',#5346,.F.);
#5349=CARTESIAN_POINT('',(1.125E0,0.E0,2.875E0));
#5350=DIRECTION('',(1.E0,0.E0,0.E0));
#5351=DIRECTION('',(0.E0,0.E0,-1.E0));
#5352=AXIS2_PLACEMENT_3D('',#5349,#5350,#5351);
#5353=PLANE('',#5352);
#5354=ORIENTED_EDGE('',*,*,#5340,.F.);
#5355=ORIENTED_EDGE('',*,*,#5329,.F.);
#5357=ORIENTED_EDGE('',*,*,#5356,.T.);
#5359=ORIENTED_EDGE('',*,*,#5358,.T.);
#5360=EDGE_LOOP('',(#5354,#5355,#5357,#5359));
#5361=FACE_OUTER_BOUND('',#5360,.F.);
#5363=CARTESIAN_POINT('',(-1.125E0,0.E0,2.875E0));
#5364=DIRECTION('',(0.E0,0.E0,1.E0));
#5365=DIRECTION('',(1.E0,0.E0,0.E0));
#5366=AXIS2_PLACEMENT_3D('',#5363,#5364,#5365);
#5367=PLANE('',#5366);
#5368=ORIENTED_EDGE('',*,*,#5327,.F.);
#5370=ORIENTED_EDGE('',*,*,#5369,.T.);
#5372=ORIENTED_EDGE('',*,*,#5371,.T.);
#5373=ORIENTED_EDGE('',*,*,#5356,.F.);
#5374=EDGE_LOOP('',(#5368,#5370,#5372,#5373));
#5375=FACE_OUTER_BOUND('',#5374,.F.);
#5377=CARTESIAN_POINT('',(-1.125E0,0.E0,-2.875E0));
#5378=DIRECTION('',(-1.E0,0.E0,0.E0));
#5379=DIRECTION('',(0.E0,0.E0,1.E0));
#5380=AXIS2_PLACEMENT_3D('',#5377,#5378,#5379);
#5381=PLANE('',#5380);
#5382=ORIENTED_EDGE('',*,*,#5344,.T.);
#5384=ORIENTED_EDGE('',*,*,#5383,.T.);
#5385=ORIENTED_EDGE('',*,*,#5369,.F.);
#5386=ORIENTED_EDGE('',*,*,#5325,.F.);
#5387=EDGE_LOOP('',(#5382,#5384,#5385,#5386));
#5388=FACE_OUTER_BOUND('',#5387,.F.);
#5390=CARTESIAN_POINT('',(0.E0,2.E-1,0.E0));
#5391=DIRECTION('',(0.E0,1.E0,0.E0));
#5392=DIRECTION('',(1.E0,0.E0,0.E0));
#5393=AXIS2_PLACEMENT_3D('',#5390,#5391,#5392);
#5394=PLANE('',#5393);
#5395=ORIENTED_EDGE('',*,*,#5342,.T.);
#5396=ORIENTED_EDGE('',*,*,#5358,.F.);
#5397=ORIENTED_EDGE('',*,*,#5371,.F.);
#5398=ORIENTED_EDGE('',*,*,#5383,.F.);
#5399=EDGE_LOOP('',(#5395,#5396,#5397,#5398));
#5400=FACE_OUTER_BOUND('',#5399,.F.);
#5402=CLOSED_SHELL('',(#5333,#5348,#5362,#5376,#5389,#5401));
#5403=MANIFOLD_SOLID_BREP('',#5402);
#5404=FILL_AREA_STYLE_COLOUR('',#19);
#5405=FILL_AREA_STYLE('',(#5404));
#5406=SURFACE_STYLE_FILL_AREA(#5405);
#5407=SURFACE_SIDE_STYLE('',(#5406));
#5408=SURFACE_STYLE_USAGE(.POSITIVE.,#5407);
#5409=PRESENTATION_STYLE_ASSIGNMENT((#5408));
#5217=STYLED_ITEM('',(#5409),#5403);
#5411=DIRECTION('',(1.E0,0.E0,0.E0));
#5412=VECTOR('',#5411,2.25E0);
#5413=CARTESIAN_POINT('',(-1.125E0,0.E0,-1.361E0));
#5414=LINE('',#5413,#5412);
#5415=CURVE_STYLE('',#32,POSITIVE_LENGTH_MEASURE(2.E-2),#19);
#5416=PRESENTATION_STYLE_ASSIGNMENT((#5415));
#5417=STYLED_ITEM('',(#5416),#5414);
#5418=DIRECTION('',(0.E0,0.E0,-1.E0));
#5419=VECTOR('',#5418,1.514E0);
#5420=CARTESIAN_POINT('',(1.125E0,0.E0,-1.361E0));
#5421=LINE('',#5420,#5419);
#5422=CURVE_STYLE('',#32,POSITIVE_LENGTH_MEASURE(2.E-2),#19);
#5423=PRESENTATION_STYLE_ASSIGNMENT((#5422));
#5424=STYLED_ITEM('',(#5423),#5421);
#5425=DIRECTION('',(-1.E0,0.E0,0.E0));
#5426=VECTOR('',#5425,1.95E0);
#5427=CARTESIAN_POINT('',(1.125E0,0.E0,-2.875E0));
#5428=LINE('',#5427,#5426);
#5429=CURVE_STYLE('',#32,POSITIVE_LENGTH_MEASURE(2.E-2),#19);
#5430=PRESENTATION_STYLE_ASSIGNMENT((#5429));
#5431=STYLED_ITEM('',(#5430),#5428);
#5432=DIRECTION('',(7.071067811865E-1,0.E0,-7.071067811865E-1));
#5433=VECTOR('',#5432,4.242640687119E-1);
#5434=CARTESIAN_POINT('',(-1.125E0,0.E0,-2.575E0));
#5435=LINE('',#5434,#5433);
#5436=CURVE_STYLE('',#32,POSITIVE_LENGTH_MEASURE(2.E-2),#19);
#5437=PRESENTATION_STYLE_ASSIGNMENT((#5436));
#5438=STYLED_ITEM('',(#5437),#5435);
#5439=DIRECTION('',(0.E0,0.E0,1.E0));
#5440=VECTOR('',#5439,1.214E0);
#5441=CARTESIAN_POINT('',(-1.125E0,0.E0,-2.575E0));
#5442=LINE('',#5441,#5440);
#5443=CURVE_STYLE('',#32,POSITIVE_LENGTH_MEASURE(2.E-2),#19);
#5444=PRESENTATION_STYLE_ASSIGNMENT((#5443));
#5445=STYLED_ITEM('',(#5444),#5442);
#5446=DIRECTION('',(0.E0,1.E0,0.E0));
#5447=VECTOR('',#5446,2.E-1);
#5448=CARTESIAN_POINT('',(-1.125E0,0.E0,-1.361E0));
#5449=LINE('',#5448,#5447);
#5450=CURVE_STYLE('',#32,POSITIVE_LENGTH_MEASURE(2.E-2),#19);
#5451=PRESENTATION_STYLE_ASSIGNMENT((#5450));
#5452=STYLED_ITEM('',(#5451),#5449);
#5453=DIRECTION('',(0.E0,-1.E0,0.E0));
#5454=VECTOR('',#5453,2.E-1);
#5455=CARTESIAN_POINT('',(-1.125E0,2.E-1,-2.575E0));
#5456=LINE('',#5455,#5454);
#5457=CURVE_STYLE('',#32,POSITIVE_LENGTH_MEASURE(2.E-2),#19);
#5458=PRESENTATION_STYLE_ASSIGNMENT((#5457));
#5459=STYLED_ITEM('',(#5458),#5456);
#5460=DIRECTION('',(0.E0,-1.E0,0.E0));
#5461=VECTOR('',#5460,2.E-1);
#5462=CARTESIAN_POINT('',(-8.25E-1,2.E-1,-2.875E0));
#5463=LINE('',#5462,#5461);
#5464=CURVE_STYLE('',#32,POSITIVE_LENGTH_MEASURE(2.E-2),#19);
#5465=PRESENTATION_STYLE_ASSIGNMENT((#5464));
#5466=STYLED_ITEM('',(#5465),#5463);
#5467=DIRECTION('',(0.E0,1.E0,0.E0));
#5468=VECTOR('',#5467,2.E-1);
#5469=CARTESIAN_POINT('',(1.125E0,0.E0,-2.875E0));
#5470=LINE('',#5469,#5468);
#5471=CURVE_STYLE('',#32,POSITIVE_LENGTH_MEASURE(2.E-2),#19);
#5472=PRESENTATION_STYLE_ASSIGNMENT((#5471));
#5473=STYLED_ITEM('',(#5472),#5470);
#5474=DIRECTION('',(0.E0,1.E0,0.E0));
#5475=VECTOR('',#5474,2.E-1);
#5476=CARTESIAN_POINT('',(1.125E0,0.E0,-1.361E0));
#5477=LINE('',#5476,#5475);
#5478=CURVE_STYLE('',#32,POSITIVE_LENGTH_MEASURE(2.E-2),#19);
#5479=PRESENTATION_STYLE_ASSIGNMENT((#5478));
#5480=STYLED_ITEM('',(#5479),#5477);
#5481=DIRECTION('',(1.E0,0.E0,0.E0));
#5482=VECTOR('',#5481,2.25E0);
#5483=CARTESIAN_POINT('',(-1.125E0,2.E-1,-1.361E0));
#5484=LINE('',#5483,#5482);
#5485=CURVE_STYLE('',#32,POSITIVE_LENGTH_MEASURE(2.E-2),#19);
#5486=PRESENTATION_STYLE_ASSIGNMENT((#5485));
#5487=STYLED_ITEM('',(#5486),#5484);
#5488=DIRECTION('',(0.E0,0.E0,1.E0));
#5489=VECTOR('',#5488,1.214E0);
#5490=CARTESIAN_POINT('',(-1.125E0,2.E-1,-2.575E0));
#5491=LINE('',#5490,#5489);
#5492=CURVE_STYLE('',#32,POSITIVE_LENGTH_MEASURE(2.E-2),#19);
#5493=PRESENTATION_STYLE_ASSIGNMENT((#5492));
#5494=STYLED_ITEM('',(#5493),#5491);
#5495=DIRECTION('',(-7.071067811865E-1,0.E0,7.071067811865E-1));
#5496=VECTOR('',#5495,4.242640687119E-1);
#5497=CARTESIAN_POINT('',(-8.25E-1,2.E-1,-2.875E0));
#5498=LINE('',#5497,#5496);
#5499=CURVE_STYLE('',#32,POSITIVE_LENGTH_MEASURE(2.E-2),#19);
#5500=PRESENTATION_STYLE_ASSIGNMENT((#5499));
#5501=STYLED_ITEM('',(#5500),#5498);
#5502=DIRECTION('',(-1.E0,0.E0,0.E0));
#5503=VECTOR('',#5502,1.95E0);
#5504=CARTESIAN_POINT('',(1.125E0,2.E-1,-2.875E0));
#5505=LINE('',#5504,#5503);
#5506=CURVE_STYLE('',#32,POSITIVE_LENGTH_MEASURE(2.E-2),#19);
#5507=PRESENTATION_STYLE_ASSIGNMENT((#5506));
#5508=STYLED_ITEM('',(#5507),#5505);
#5509=DIRECTION('',(0.E0,0.E0,-1.E0));
#5510=VECTOR('',#5509,1.514E0);
#5511=CARTESIAN_POINT('',(1.125E0,2.E-1,-1.361E0));
#5512=LINE('',#5511,#5510);
#5513=CURVE_STYLE('',#32,POSITIVE_LENGTH_MEASURE(2.E-2),#19);
#5514=PRESENTATION_STYLE_ASSIGNMENT((#5513));
#5515=STYLED_ITEM('',(#5514),#5512);
#5516=CARTESIAN_POINT('',(1.125E0,0.E0,-2.875E0));
#5517=CARTESIAN_POINT('',(1.125E0,2.E-1,-2.875E0));
#5518=VERTEX_POINT('',#5516);
#5519=VERTEX_POINT('',#5517);
#5520=CARTESIAN_POINT('',(-1.125E0,0.E0,-2.575E0));
#5521=CARTESIAN_POINT('',(-8.25E-1,0.E0,-2.875E0));
#5522=VERTEX_POINT('',#5520);
#5523=VERTEX_POINT('',#5521);
#5524=CARTESIAN_POINT('',(-8.25E-1,2.E-1,-2.875E0));
#5525=VERTEX_POINT('',#5524);
#5526=CARTESIAN_POINT('',(-1.125E0,2.E-1,-2.575E0));
#5527=VERTEX_POINT('',#5526);
#5528=CARTESIAN_POINT('',(-1.125E0,0.E0,-1.361E0));
#5529=CARTESIAN_POINT('',(1.125E0,0.E0,-1.361E0));
#5530=VERTEX_POINT('',#5528);
#5531=VERTEX_POINT('',#5529);
#5532=CARTESIAN_POINT('',(-1.125E0,2.E-1,-1.361E0));
#5533=VERTEX_POINT('',#5532);
#5534=CARTESIAN_POINT('',(1.125E0,2.E-1,-1.361E0));
#5535=VERTEX_POINT('',#5534);
#5536=CARTESIAN_POINT('',(0.E0,0.E0,0.E0));
#5537=DIRECTION('',(0.E0,1.E0,0.E0));
#5538=DIRECTION('',(1.E0,0.E0,0.E0));
#5539=AXIS2_PLACEMENT_3D('',#5536,#5537,#5538);
#5540=PLANE('',#5539);
#5542=ORIENTED_EDGE('',*,*,#5541,.T.);
#5544=ORIENTED_EDGE('',*,*,#5543,.T.);
#5546=ORIENTED_EDGE('',*,*,#5545,.T.);
#5548=ORIENTED_EDGE('',*,*,#5547,.F.);
#5550=ORIENTED_EDGE('',*,*,#5549,.T.);
#5551=EDGE_LOOP('',(#5542,#5544,#5546,#5548,#5550));
#5552=FACE_OUTER_BOUND('',#5551,.F.);
#5554=CARTESIAN_POINT('',(1.125E0,2.E-1,-1.361E0));
#5555=DIRECTION('',(0.E0,0.E0,-1.E0));
#5556=DIRECTION('',(-1.E0,0.E0,0.E0));
#5557=AXIS2_PLACEMENT_3D('',#5554,#5555,#5556);
#5558=PLANE('',#5557);
#5559=ORIENTED_EDGE('',*,*,#5541,.F.);
#5561=ORIENTED_EDGE('',*,*,#5560,.T.);
#5563=ORIENTED_EDGE('',*,*,#5562,.T.);
#5565=ORIENTED_EDGE('',*,*,#5564,.F.);
#5566=EDGE_LOOP('',(#5559,#5561,#5563,#5565));
#5567=FACE_OUTER_BOUND('',#5566,.F.);
#5569=CARTESIAN_POINT('',(-1.125E0,0.E0,-2.875E0));
#5570=DIRECTION('',(-1.E0,0.E0,0.E0));
#5571=DIRECTION('',(0.E0,0.E0,1.E0));
#5572=AXIS2_PLACEMENT_3D('',#5569,#5570,#5571);
#5573=PLANE('',#5572);
#5574=ORIENTED_EDGE('',*,*,#5560,.F.);
#5575=ORIENTED_EDGE('',*,*,#5549,.F.);
#5577=ORIENTED_EDGE('',*,*,#5576,.F.);
#5579=ORIENTED_EDGE('',*,*,#5578,.T.);
#5580=EDGE_LOOP('',(#5574,#5575,#5577,#5579));
#5581=FACE_OUTER_BOUND('',#5580,.F.);
#5583=CARTESIAN_POINT('',(-9.75E-1,1.E-1,-2.725E0));
#5584=DIRECTION('',(-7.071067811865E-1,0.E0,-7.071067811865E-1));
#5585=DIRECTION('',(7.071067811865E-1,0.E0,-7.071067811865E-1));
#5586=AXIS2_PLACEMENT_3D('',#5583,#5584,#5585);
#5587=PLANE('',#5586);
#5588=ORIENTED_EDGE('',*,*,#5547,.T.);
#5590=ORIENTED_EDGE('',*,*,#5589,.F.);
#5592=ORIENTED_EDGE('',*,*,#5591,.T.);
#5593=ORIENTED_EDGE('',*,*,#5576,.T.);
#5594=EDGE_LOOP('',(#5588,#5590,#5592,#5593));
#5595=FACE_OUTER_BOUND('',#5594,.F.);
#5597=CARTESIAN_POINT('',(1.125E0,0.E0,-2.875E0));
#5598=DIRECTION('',(0.E0,0.E0,-1.E0));
#5599=DIRECTION('',(-1.E0,0.E0,0.E0));
#5600=AXIS2_PLACEMENT_3D('',#5597,#5598,#5599);
#5601=PLANE('',#5600);
#5602=ORIENTED_EDGE('',*,*,#5589,.T.);
#5603=ORIENTED_EDGE('',*,*,#5545,.F.);
#5605=ORIENTED_EDGE('',*,*,#5604,.T.);
#5607=ORIENTED_EDGE('',*,*,#5606,.T.);
#5608=EDGE_LOOP('',(#5602,#5603,#5605,#5607));
#5609=FACE_OUTER_BOUND('',#5608,.F.);
#5611=CARTESIAN_POINT('',(1.125E0,0.E0,2.875E0));
#5612=DIRECTION('',(1.E0,0.E0,0.E0));
#5613=DIRECTION('',(0.E0,0.E0,-1.E0));
#5614=AXIS2_PLACEMENT_3D('',#5611,#5612,#5613);
#5615=PLANE('',#5614);
#5616=ORIENTED_EDGE('',*,*,#5564,.T.);
#5618=ORIENTED_EDGE('',*,*,#5617,.T.);
#5619=ORIENTED_EDGE('',*,*,#5604,.F.);
#5620=ORIENTED_EDGE('',*,*,#5543,.F.);
#5621=EDGE_LOOP('',(#5616,#5618,#5619,#5620));
#5622=FACE_OUTER_BOUND('',#5621,.F.);
#5624=CARTESIAN_POINT('',(0.E0,2.E-1,0.E0));
#5625=DIRECTION('',(0.E0,1.E0,0.E0));
#5626=DIRECTION('',(1.E0,0.E0,0.E0));
#5627=AXIS2_PLACEMENT_3D('',#5624,#5625,#5626);
#5628=PLANE('',#5627);
#5629=ORIENTED_EDGE('',*,*,#5562,.F.);
#5630=ORIENTED_EDGE('',*,*,#5578,.F.);
#5631=ORIENTED_EDGE('',*,*,#5591,.F.);
#5632=ORIENTED_EDGE('',*,*,#5606,.F.);
#5633=ORIENTED_EDGE('',*,*,#5617,.F.);
#5634=EDGE_LOOP('',(#5629,#5630,#5631,#5632,#5633));
#5635=FACE_OUTER_BOUND('',#5634,.F.);
#5637=CLOSED_SHELL('',(#5553,#5568,#5582,#5596,#5610,#5623,#5636));
#5638=MANIFOLD_SOLID_BREP('',#5637);
#5639=FILL_AREA_STYLE_COLOUR('',#19);
#5640=FILL_AREA_STYLE('',(#5639));
#5641=SURFACE_STYLE_FILL_AREA(#5640);
#5642=SURFACE_SIDE_STYLE('',(#5641));
#5643=SURFACE_STYLE_USAGE(.POSITIVE.,#5642);
#5644=PRESENTATION_STYLE_ASSIGNMENT((#5643));
#5410=STYLED_ITEM('',(#5644),#5638);
#5646=DIRECTION('',(0.E0,0.E0,-1.E0));
#5647=VECTOR('',#5646,2.4E-1);
#5648=CARTESIAN_POINT('',(-1.75E0,0.E0,-3.8E-1));
#5649=LINE('',#5648,#5647);
#5650=CURVE_STYLE('',#32,POSITIVE_LENGTH_MEASURE(2.E-2),#19);
#5651=PRESENTATION_STYLE_ASSIGNMENT((#5650));
#5652=STYLED_ITEM('',(#5651),#5649);
#5653=DIRECTION('',(1.E0,0.E0,0.E0));
#5654=VECTOR('',#5653,2.81E-1);
#5655=CARTESIAN_POINT('',(-1.75E0,0.E0,-3.8E-1));
#5656=LINE('',#5655,#5654);
#5657=CURVE_STYLE('',#32,POSITIVE_LENGTH_MEASURE(2.E-2),#19);
#5658=PRESENTATION_STYLE_ASSIGNMENT((#5657));
#5659=STYLED_ITEM('',(#5658),#5656);
#5660=CARTESIAN_POINT('',(-1.469E0,0.E0,-4.99E-1));
#5661=DIRECTION('',(0.E0,1.E0,0.E0));
#5662=DIRECTION('',(0.E0,0.E0,1.E0));
#5663=AXIS2_PLACEMENT_3D('',#5660,#5661,#5662);
#5665=CURVE_STYLE('',#32,POSITIVE_LENGTH_MEASURE(2.E-2),#19);
#5666=PRESENTATION_STYLE_ASSIGNMENT((#5665));
#5667=STYLED_ITEM('',(#5666),#5664);
#5668=DIRECTION('',(0.E0,0.E0,-1.E0));
#5669=VECTOR('',#5668,2.E-3);
#5670=CARTESIAN_POINT('',(-1.35E0,0.E0,-4.99E-1));
#5671=LINE('',#5670,#5669);
#5672=CURVE_STYLE('',#32,POSITIVE_LENGTH_MEASURE(2.E-2),#19);
#5673=PRESENTATION_STYLE_ASSIGNMENT((#5672));
#5674=STYLED_ITEM('',(#5673),#5671);
#5675=CARTESIAN_POINT('',(-1.469E0,0.E0,-5.01E-1));
#5676=DIRECTION('',(0.E0,1.E0,0.E0));
#5677=DIRECTION('',(1.E0,0.E0,0.E0));
#5678=AXIS2_PLACEMENT_3D('',#5675,#5676,#5677);
#5680=CURVE_STYLE('',#32,POSITIVE_LENGTH_MEASURE(2.E-2),#19);
#5681=PRESENTATION_STYLE_ASSIGNMENT((#5680));
#5682=STYLED_ITEM('',(#5681),#5679);
#5683=DIRECTION('',(-1.E0,0.E0,0.E0));
#5684=VECTOR('',#5683,2.81E-1);
#5685=CARTESIAN_POINT('',(-1.469E0,0.E0,-6.2E-1));
#5686=LINE('',#5685,#5684);
#5687=CURVE_STYLE('',#32,POSITIVE_LENGTH_MEASURE(2.E-2),#19);
#5688=PRESENTATION_STYLE_ASSIGNMENT((#5687));
#5689=STYLED_ITEM('',(#5688),#5686);
#5690=DIRECTION('',(0.E0,1.E0,0.E0));
#5691=VECTOR('',#5690,2.E-1);
#5692=CARTESIAN_POINT('',(-1.75E0,0.E0,-6.2E-1));
#5693=LINE('',#5692,#5691);
#5694=CURVE_STYLE('',#32,POSITIVE_LENGTH_MEASURE(2.E-2),#19);
#5695=PRESENTATION_STYLE_ASSIGNMENT((#5694));
#5696=STYLED_ITEM('',(#5695),#5693);
#5697=DIRECTION('',(0.E0,1.E0,0.E0));
#5698=VECTOR('',#5697,2.E-1);
#5699=CARTESIAN_POINT('',(-1.469E0,0.E0,-6.2E-1));
#5700=LINE('',#5699,#5698);
#5701=CURVE_STYLE('',#32,POSITIVE_LENGTH_MEASURE(2.E-2),#19);
#5702=PRESENTATION_STYLE_ASSIGNMENT((#5701));
#5703=STYLED_ITEM('',(#5702),#5700);
#5704=DIRECTION('',(0.E0,1.E0,0.E0));
#5705=VECTOR('',#5704,2.E-1);
#5706=CARTESIAN_POINT('',(-1.35E0,0.E0,-5.01E-1));
#5707=LINE('',#5706,#5705);
#5708=CURVE_STYLE('',#32,POSITIVE_LENGTH_MEASURE(2.E-2),#19);
#5709=PRESENTATION_STYLE_ASSIGNMENT((#5708));
#5710=STYLED_ITEM('',(#5709),#5707);
#5711=DIRECTION('',(0.E0,1.E0,0.E0));
#5712=VECTOR('',#5711,2.E-1);
#5713=CARTESIAN_POINT('',(-1.35E0,0.E0,-4.99E-1));
#5714=LINE('',#5713,#5712);
#5715=CURVE_STYLE('',#32,POSITIVE_LENGTH_MEASURE(2.E-2),#19);
#5716=PRESENTATION_STYLE_ASSIGNMENT((#5715));
#5717=STYLED_ITEM('',(#5716),#5714);
#5718=DIRECTION('',(0.E0,1.E0,0.E0));
#5719=VECTOR('',#5718,2.E-1);
#5720=CARTESIAN_POINT('',(-1.469E0,0.E0,-3.8E-1));
#5721=LINE('',#5720,#5719);
#5722=CURVE_STYLE('',#32,POSITIVE_LENGTH_MEASURE(2.E-2),#19);
#5723=PRESENTATION_STYLE_ASSIGNMENT((#5722));
#5724=STYLED_ITEM('',(#5723),#5721);
#5725=DIRECTION('',(0.E0,1.E0,0.E0));
#5726=VECTOR('',#5725,2.E-1);
#5727=CARTESIAN_POINT('',(-1.75E0,0.E0,-3.8E-1));
#5728=LINE('',#5727,#5726);
#5729=CURVE_STYLE('',#32,POSITIVE_LENGTH_MEASURE(2.E-2),#19);
#5730=PRESENTATION_STYLE_ASSIGNMENT((#5729));
#5731=STYLED_ITEM('',(#5730),#5728);
#5732=DIRECTION('',(0.E0,0.E0,-1.E0));
#5733=VECTOR('',#5732,2.4E-1);
#5734=CARTESIAN_POINT('',(-1.75E0,2.E-1,-3.8E-1));
#5735=LINE('',#5734,#5733);
#5736=CURVE_STYLE('',#32,POSITIVE_LENGTH_MEASURE(2.E-2),#19);
#5737=PRESENTATION_STYLE_ASSIGNMENT((#5736));
#5738=STYLED_ITEM('',(#5737),#5735);
#5739=DIRECTION('',(-1.E0,0.E0,0.E0));
#5740=VECTOR('',#5739,2.81E-1);
#5741=CARTESIAN_POINT('',(-1.469E0,2.E-1,-6.2E-1));
#5742=LINE('',#5741,#5740);
#5743=CURVE_STYLE('',#32,POSITIVE_LENGTH_MEASURE(2.E-2),#19);
#5744=PRESENTATION_STYLE_ASSIGNMENT((#5743));
#5745=STYLED_ITEM('',(#5744),#5742);
#5746=CARTESIAN_POINT('',(-1.469E0,2.E-1,-5.01E-1));
#5747=DIRECTION('',(0.E0,1.E0,0.E0));
#5748=DIRECTION('',(1.E0,0.E0,0.E0));
#5749=AXIS2_PLACEMENT_3D('',#5746,#5747,#5748);
#5751=CURVE_STYLE('',#32,POSITIVE_LENGTH_MEASURE(2.E-2),#19);
#5752=PRESENTATION_STYLE_ASSIGNMENT((#5751));
#5753=STYLED_ITEM('',(#5752),#5750);
#5754=DIRECTION('',(0.E0,0.E0,-1.E0));
#5755=VECTOR('',#5754,2.E-3);
#5756=CARTESIAN_POINT('',(-1.35E0,2.E-1,-4.99E-1));
#5757=LINE('',#5756,#5755);
#5758=CURVE_STYLE('',#32,POSITIVE_LENGTH_MEASURE(2.E-2),#19);
#5759=PRESENTATION_STYLE_ASSIGNMENT((#5758));
#5760=STYLED_ITEM('',(#5759),#5757);
#5761=CARTESIAN_POINT('',(-1.469E0,2.E-1,-4.99E-1));
#5762=DIRECTION('',(0.E0,1.E0,0.E0));
#5763=DIRECTION('',(0.E0,0.E0,1.E0));
#5764=AXIS2_PLACEMENT_3D('',#5761,#5762,#5763);
#5766=CURVE_STYLE('',#32,POSITIVE_LENGTH_MEASURE(2.E-2),#19);
#5767=PRESENTATION_STYLE_ASSIGNMENT((#5766));
#5768=STYLED_ITEM('',(#5767),#5765);
#5769=DIRECTION('',(1.E0,0.E0,0.E0));
#5770=VECTOR('',#5769,2.81E-1);
#5771=CARTESIAN_POINT('',(-1.75E0,2.E-1,-3.8E-1));
#5772=LINE('',#5771,#5770);
#5773=CURVE_STYLE('',#32,POSITIVE_LENGTH_MEASURE(2.E-2),#19);
#5774=PRESENTATION_STYLE_ASSIGNMENT((#5773));
#5775=STYLED_ITEM('',(#5774),#5772);
#5776=CARTESIAN_POINT('',(-1.469E0,0.E0,-3.8E-1));
#5777=CARTESIAN_POINT('',(-1.35E0,0.E0,-4.99E-1));
#5778=VERTEX_POINT('',#5776);
#5779=VERTEX_POINT('',#5777);
#5780=CARTESIAN_POINT('',(-1.35E0,0.E0,-5.01E-1));
#5781=VERTEX_POINT('',#5780);
#5782=CARTESIAN_POINT('',(-1.469E0,0.E0,-6.2E-1));
#5783=VERTEX_POINT('',#5782);
#5784=CARTESIAN_POINT('',(-1.469E0,2.E-1,-3.8E-1));
#5785=CARTESIAN_POINT('',(-1.35E0,2.E-1,-4.99E-1));
#5786=VERTEX_POINT('',#5784);
#5787=VERTEX_POINT('',#5785);
#5788=CARTESIAN_POINT('',(-1.35E0,2.E-1,-5.01E-1));
#5789=VERTEX_POINT('',#5788);
#5790=CARTESIAN_POINT('',(-1.469E0,2.E-1,-6.2E-1));
#5791=VERTEX_POINT('',#5790);
#5792=CARTESIAN_POINT('',(-1.75E0,0.E0,-3.8E-1));
#5793=CARTESIAN_POINT('',(-1.75E0,0.E0,-6.2E-1));
#5794=VERTEX_POINT('',#5792);
#5795=VERTEX_POINT('',#5793);
#5796=CARTESIAN_POINT('',(-1.75E0,2.E-1,-3.8E-1));
#5797=CARTESIAN_POINT('',(-1.75E0,2.E-1,-6.2E-1));
#5798=VERTEX_POINT('',#5796);
#5799=VERTEX_POINT('',#5797);
#5800=CARTESIAN_POINT('',(0.E0,0.E0,0.E0));
#5801=DIRECTION('',(0.E0,1.E0,0.E0));
#5802=DIRECTION('',(1.E0,0.E0,0.E0));
#5803=AXIS2_PLACEMENT_3D('',#5800,#5801,#5802);
#5804=PLANE('',#5803);
#5806=ORIENTED_EDGE('',*,*,#5805,.F.);
#5808=ORIENTED_EDGE('',*,*,#5807,.T.);
#5810=ORIENTED_EDGE('',*,*,#5809,.T.);
#5812=ORIENTED_EDGE('',*,*,#5811,.T.);
#5814=ORIENTED_EDGE('',*,*,#5813,.T.);
#5816=ORIENTED_EDGE('',*,*,#5815,.T.);
#5817=EDGE_LOOP('',(#5806,#5808,#5810,#5812,#5814,#5816));
#5818=FACE_OUTER_BOUND('',#5817,.F.);
#5820=CARTESIAN_POINT('',(-1.75E0,0.E0,3.5E0));
#5821=DIRECTION('',(1.E0,0.E0,0.E0));
#5822=DIRECTION('',(0.E0,0.E0,-1.E0));
#5823=AXIS2_PLACEMENT_3D('',#5820,#5821,#5822);
#5824=PLANE('',#5823);
#5825=ORIENTED_EDGE('',*,*,#5805,.T.);
#5827=ORIENTED_EDGE('',*,*,#5826,.T.);
#5829=ORIENTED_EDGE('',*,*,#5828,.F.);
#5831=ORIENTED_EDGE('',*,*,#5830,.F.);
#5832=EDGE_LOOP('',(#5825,#5827,#5829,#5831));
#5833=FACE_OUTER_BOUND('',#5832,.F.);
#5835=FILL_AREA_STYLE_COLOUR('',#25);
#5836=FILL_AREA_STYLE('',(#5835));
#5837=SURFACE_STYLE_FILL_AREA(#5836);
#5838=SURFACE_SIDE_STYLE('',(#5837));
#5839=SURFACE_STYLE_USAGE(.POSITIVE.,#5838);
#5840=PRESENTATION_STYLE_ASSIGNMENT((#5839));
#5841=OVER_RIDING_STYLED_ITEM('',(#5840),#5834,#5645);
#5842=CARTESIAN_POINT('',(-1.469E0,0.E0,-6.2E-1));
#5843=DIRECTION('',(0.E0,0.E0,-1.E0));
#5844=DIRECTION('',(-1.E0,0.E0,0.E0));
#5845=AXIS2_PLACEMENT_3D('',#5842,#5843,#5844);
#5846=PLANE('',#5845);
#5847=ORIENTED_EDGE('',*,*,#5826,.F.);
#5848=ORIENTED_EDGE('',*,*,#5815,.F.);
#5850=ORIENTED_EDGE('',*,*,#5849,.T.);
#5852=ORIENTED_EDGE('',*,*,#5851,.T.);
#5853=EDGE_LOOP('',(#5847,#5848,#5850,#5852));
#5854=FACE_OUTER_BOUND('',#5853,.F.);
#5856=CARTESIAN_POINT('',(-1.469E0,0.E0,-5.01E-1));
#5857=DIRECTION('',(0.E0,1.E0,0.E0));
#5858=DIRECTION('',(1.E0,0.E0,0.E0));
#5859=AXIS2_PLACEMENT_3D('',#5856,#5857,#5858);
#5860=CYLINDRICAL_SURFACE('',#5859,1.19E-1);
#5861=ORIENTED_EDGE('',*,*,#5813,.F.);
#5863=ORIENTED_EDGE('',*,*,#5862,.T.);
#5865=ORIENTED_EDGE('',*,*,#5864,.T.);
#5866=ORIENTED_EDGE('',*,*,#5849,.F.);
#5867=EDGE_LOOP('',(#5861,#5863,#5865,#5866));
#5868=FACE_OUTER_BOUND('',#5867,.F.);
#5870=CARTESIAN_POINT('',(-1.35E0,0.E0,-4.99E-1));
#5871=DIRECTION('',(1.E0,0.E0,0.E0));
#5872=DIRECTION('',(0.E0,0.E0,-1.E0));
#5873=AXIS2_PLACEMENT_3D('',#5870,#5871,#5872);
#5874=PLANE('',#5873);
#5875=ORIENTED_EDGE('',*,*,#5811,.F.);
#5877=ORIENTED_EDGE('',*,*,#5876,.T.);
#5879=ORIENTED_EDGE('',*,*,#5878,.T.);
#5880=ORIENTED_EDGE('',*,*,#5862,.F.);
#5881=EDGE_LOOP('',(#5875,#5877,#5879,#5880));
#5882=FACE_OUTER_BOUND('',#5881,.F.);
#5884=CARTESIAN_POINT('',(-1.469E0,0.E0,-4.99E-1));
#5885=DIRECTION('',(0.E0,1.E0,0.E0));
#5886=DIRECTION('',(1.E0,0.E0,0.E0));
#5887=AXIS2_PLACEMENT_3D('',#5884,#5885,#5886);
#5888=CYLINDRICAL_SURFACE('',#5887,1.19E-1);
#5889=ORIENTED_EDGE('',*,*,#5809,.F.);
#5891=ORIENTED_EDGE('',*,*,#5890,.T.);
#5893=ORIENTED_EDGE('',*,*,#5892,.T.);
#5894=ORIENTED_EDGE('',*,*,#5876,.F.);
#5895=EDGE_LOOP('',(#5889,#5891,#5893,#5894));
#5896=FACE_OUTER_BOUND('',#5895,.F.);
#5898=CARTESIAN_POINT('',(-1.85E0,0.E0,-3.8E-1));
#5899=DIRECTION('',(0.E0,0.E0,1.E0));
#5900=DIRECTION('',(1.E0,0.E0,0.E0));
#5901=AXIS2_PLACEMENT_3D('',#5898,#5899,#5900);
#5902=PLANE('',#5901);
#5903=ORIENTED_EDGE('',*,*,#5830,.T.);
#5905=ORIENTED_EDGE('',*,*,#5904,.T.);
#5906=ORIENTED_EDGE('',*,*,#5890,.F.);
#5907=ORIENTED_EDGE('',*,*,#5807,.F.);
#5908=EDGE_LOOP('',(#5903,#5905,#5906,#5907));
#5909=FACE_OUTER_BOUND('',#5908,.F.);
#5911=CARTESIAN_POINT('',(0.E0,2.E-1,0.E0));
#5912=DIRECTION('',(0.E0,1.E0,0.E0));
#5913=DIRECTION('',(1.E0,0.E0,0.E0));
#5914=AXIS2_PLACEMENT_3D('',#5911,#5912,#5913);
#5915=PLANE('',#5914);
#5916=ORIENTED_EDGE('',*,*,#5828,.T.);
#5917=ORIENTED_EDGE('',*,*,#5851,.F.);
#5918=ORIENTED_EDGE('',*,*,#5864,.F.);
#5919=ORIENTED_EDGE('',*,*,#5878,.F.);
#5920=ORIENTED_EDGE('',*,*,#5892,.F.);
#5921=ORIENTED_EDGE('',*,*,#5904,.F.);
#5922=EDGE_LOOP('',(#5916,#5917,#5918,#5919,#5920,#5921));
#5923=FACE_OUTER_BOUND('',#5922,.F.);
#5925=CLOSED_SHELL('',(#5819,#5834,#5855,#5869,#5883,#5897,#5910,#5924));
#5926=MANIFOLD_SOLID_BREP('',#5925);
#5927=FILL_AREA_STYLE_COLOUR('',#19);
#5928=FILL_AREA_STYLE('',(#5927));
#5929=SURFACE_STYLE_FILL_AREA(#5928);
#5930=SURFACE_SIDE_STYLE('',(#5929));
#5931=SURFACE_STYLE_USAGE(.POSITIVE.,#5930);
#5932=PRESENTATION_STYLE_ASSIGNMENT((#5931));
#5645=STYLED_ITEM('',(#5932),#5926);
#5934=DIRECTION('',(0.E0,0.E0,-1.E0));
#5935=VECTOR('',#5934,2.4E-1);
#5936=CARTESIAN_POINT('',(-1.75E0,0.E0,1.2E-1));
#5937=LINE('',#5936,#5935);
#5938=CURVE_STYLE('',#32,POSITIVE_LENGTH_MEASURE(2.E-2),#19);
#5939=PRESENTATION_STYLE_ASSIGNMENT((#5938));
#5940=STYLED_ITEM('',(#5939),#5937);
#5941=DIRECTION('',(1.E0,0.E0,0.E0));
#5942=VECTOR('',#5941,2.81E-1);
#5943=CARTESIAN_POINT('',(-1.75E0,0.E0,1.2E-1));
#5944=LINE('',#5943,#5942);
#5945=CURVE_STYLE('',#32,POSITIVE_LENGTH_MEASURE(2.E-2),#19);
#5946=PRESENTATION_STYLE_ASSIGNMENT((#5945));
#5947=STYLED_ITEM('',(#5946),#5944);
#5948=CARTESIAN_POINT('',(-1.469E0,0.E0,1.E-3));
#5949=DIRECTION('',(0.E0,1.E0,0.E0));
#5950=DIRECTION('',(0.E0,0.E0,1.E0));
#5951=AXIS2_PLACEMENT_3D('',#5948,#5949,#5950);
#5953=CURVE_STYLE('',#32,POSITIVE_LENGTH_MEASURE(2.E-2),#19);
#5954=PRESENTATION_STYLE_ASSIGNMENT((#5953));
#5955=STYLED_ITEM('',(#5954),#5952);
#5956=DIRECTION('',(0.E0,0.E0,-1.E0));
#5957=VECTOR('',#5956,2.E-3);
#5958=CARTESIAN_POINT('',(-1.35E0,0.E0,1.E-3));
#5959=LINE('',#5958,#5957);
#5960=CURVE_STYLE('',#32,POSITIVE_LENGTH_MEASURE(2.E-2),#19);
#5961=PRESENTATION_STYLE_ASSIGNMENT((#5960));
#5962=STYLED_ITEM('',(#5961),#5959);
#5963=CARTESIAN_POINT('',(-1.469E0,0.E0,-1.E-3));
#5964=DIRECTION('',(0.E0,1.E0,0.E0));
#5965=DIRECTION('',(1.E0,0.E0,0.E0));
#5966=AXIS2_PLACEMENT_3D('',#5963,#5964,#5965);
#5968=CURVE_STYLE('',#32,POSITIVE_LENGTH_MEASURE(2.E-2),#19);
#5969=PRESENTATION_STYLE_ASSIGNMENT((#5968));
#5970=STYLED_ITEM('',(#5969),#5967);
#5971=DIRECTION('',(-1.E0,0.E0,0.E0));
#5972=VECTOR('',#5971,2.81E-1);
#5973=CARTESIAN_POINT('',(-1.469E0,0.E0,-1.2E-1));
#5974=LINE('',#5973,#5972);
#5975=CURVE_STYLE('',#32,POSITIVE_LENGTH_MEASURE(2.E-2),#19);
#5976=PRESENTATION_STYLE_ASSIGNMENT((#5975));
#5977=STYLED_ITEM('',(#5976),#5974);
#5978=DIRECTION('',(0.E0,1.E0,0.E0));
#5979=VECTOR('',#5978,2.E-1);
#5980=CARTESIAN_POINT('',(-1.75E0,0.E0,-1.2E-1));
#5981=LINE('',#5980,#5979);
#5982=CURVE_STYLE('',#32,POSITIVE_LENGTH_MEASURE(2.E-2),#19);
#5983=PRESENTATION_STYLE_ASSIGNMENT((#5982));
#5984=STYLED_ITEM('',(#5983),#5981);
#5985=DIRECTION('',(0.E0,1.E0,0.E0));
#5986=VECTOR('',#5985,2.E-1);
#5987=CARTESIAN_POINT('',(-1.469E0,0.E0,-1.2E-1));
#5988=LINE('',#5987,#5986);
#5989=CURVE_STYLE('',#32,POSITIVE_LENGTH_MEASURE(2.E-2),#19);
#5990=PRESENTATION_STYLE_ASSIGNMENT((#5989));
#5991=STYLED_ITEM('',(#5990),#5988);
#5992=DIRECTION('',(0.E0,1.E0,0.E0));
#5993=VECTOR('',#5992,2.E-1);
#5994=CARTESIAN_POINT('',(-1.35E0,0.E0,-1.E-3));
#5995=LINE('',#5994,#5993);
#5996=CURVE_STYLE('',#32,POSITIVE_LENGTH_MEASURE(2.E-2),#19);
#5997=PRESENTATION_STYLE_ASSIGNMENT((#5996));
#5998=STYLED_ITEM('',(#5997),#5995);
#5999=DIRECTION('',(0.E0,1.E0,0.E0));
#6000=VECTOR('',#5999,2.E-1);
#6001=CARTESIAN_POINT('',(-1.35E0,0.E0,1.E-3));
#6002=LINE('',#6001,#6000);
#6003=CURVE_STYLE('',#32,POSITIVE_LENGTH_MEASURE(2.E-2),#19);
#6004=PRESENTATION_STYLE_ASSIGNMENT((#6003));
#6005=STYLED_ITEM('',(#6004),#6002);
#6006=DIRECTION('',(0.E0,1.E0,0.E0));
#6007=VECTOR('',#6006,2.E-1);
#6008=CARTESIAN_POINT('',(-1.469E0,0.E0,1.2E-1));
#6009=LINE('',#6008,#6007);
#6010=CURVE_STYLE('',#32,POSITIVE_LENGTH_MEASURE(2.E-2),#19);
#6011=PRESENTATION_STYLE_ASSIGNMENT((#6010));
#6012=STYLED_ITEM('',(#6011),#6009);
#6013=DIRECTION('',(0.E0,1.E0,0.E0));
#6014=VECTOR('',#6013,2.E-1);
#6015=CARTESIAN_POINT('',(-1.75E0,0.E0,1.2E-1));
#6016=LINE('',#6015,#6014);
#6017=CURVE_STYLE('',#32,POSITIVE_LENGTH_MEASURE(2.E-2),#19);
#6018=PRESENTATION_STYLE_ASSIGNMENT((#6017));
#6019=STYLED_ITEM('',(#6018),#6016);
#6020=DIRECTION('',(0.E0,0.E0,-1.E0));
#6021=VECTOR('',#6020,2.4E-1);
#6022=CARTESIAN_POINT('',(-1.75E0,2.E-1,1.2E-1));
#6023=LINE('',#6022,#6021);
#6024=CURVE_STYLE('',#32,POSITIVE_LENGTH_MEASURE(2.E-2),#19);
#6025=PRESENTATION_STYLE_ASSIGNMENT((#6024));
#6026=STYLED_ITEM('',(#6025),#6023);
#6027=DIRECTION('',(-1.E0,0.E0,0.E0));
#6028=VECTOR('',#6027,2.81E-1);
#6029=CARTESIAN_POINT('',(-1.469E0,2.E-1,-1.2E-1));
#6030=LINE('',#6029,#6028);
#6031=CURVE_STYLE('',#32,POSITIVE_LENGTH_MEASURE(2.E-2),#19);
#6032=PRESENTATION_STYLE_ASSIGNMENT((#6031));
#6033=STYLED_ITEM('',(#6032),#6030);
#6034=CARTESIAN_POINT('',(-1.469E0,2.E-1,-1.E-3));
#6035=DIRECTION('',(0.E0,1.E0,0.E0));
#6036=DIRECTION('',(1.E0,0.E0,0.E0));
#6037=AXIS2_PLACEMENT_3D('',#6034,#6035,#6036);
#6039=CURVE_STYLE('',#32,POSITIVE_LENGTH_MEASURE(2.E-2),#19);
#6040=PRESENTATION_STYLE_ASSIGNMENT((#6039));
#6041=STYLED_ITEM('',(#6040),#6038);
#6042=DIRECTION('',(0.E0,0.E0,-1.E0));
#6043=VECTOR('',#6042,2.E-3);
#6044=CARTESIAN_POINT('',(-1.35E0,2.E-1,1.E-3));
#6045=LINE('',#6044,#6043);
#6046=CURVE_STYLE('',#32,POSITIVE_LENGTH_MEASURE(2.E-2),#19);
#6047=PRESENTATION_STYLE_ASSIGNMENT((#6046));
#6048=STYLED_ITEM('',(#6047),#6045);
#6049=CARTESIAN_POINT('',(-1.469E0,2.E-1,1.E-3));
#6050=DIRECTION('',(0.E0,1.E0,0.E0));
#6051=DIRECTION('',(0.E0,0.E0,1.E0));
#6052=AXIS2_PLACEMENT_3D('',#6049,#6050,#6051);
#6054=CURVE_STYLE('',#32,POSITIVE_LENGTH_MEASURE(2.E-2),#19);
#6055=PRESENTATION_STYLE_ASSIGNMENT((#6054));
#6056=STYLED_ITEM('',(#6055),#6053);
#6057=DIRECTION('',(1.E0,0.E0,0.E0));
#6058=VECTOR('',#6057,2.81E-1);
#6059=CARTESIAN_POINT('',(-1.75E0,2.E-1,1.2E-1));
#6060=LINE('',#6059,#6058);
#6061=CURVE_STYLE('',#32,POSITIVE_LENGTH_MEASURE(2.E-2),#19);
#6062=PRESENTATION_STYLE_ASSIGNMENT((#6061));
#6063=STYLED_ITEM('',(#6062),#6060);
#6064=CARTESIAN_POINT('',(-1.469E0,0.E0,1.2E-1));
#6065=CARTESIAN_POINT('',(-1.35E0,0.E0,1.E-3));
#6066=VERTEX_POINT('',#6064);
#6067=VERTEX_POINT('',#6065);
#6068=CARTESIAN_POINT('',(-1.35E0,0.E0,-1.E-3));
#6069=VERTEX_POINT('',#6068);
#6070=CARTESIAN_POINT('',(-1.469E0,0.E0,-1.2E-1));
#6071=VERTEX_POINT('',#6070);
#6072=CARTESIAN_POINT('',(-1.469E0,2.E-1,1.2E-1));
#6073=CARTESIAN_POINT('',(-1.35E0,2.E-1,1.E-3));
#6074=VERTEX_POINT('',#6072);
#6075=VERTEX_POINT('',#6073);
#6076=CARTESIAN_POINT('',(-1.35E0,2.E-1,-1.E-3));
#6077=VERTEX_POINT('',#6076);
#6078=CARTESIAN_POINT('',(-1.469E0,2.E-1,-1.2E-1));
#6079=VERTEX_POINT('',#6078);
#6080=CARTESIAN_POINT('',(-1.75E0,0.E0,1.2E-1));
#6081=CARTESIAN_POINT('',(-1.75E0,0.E0,-1.2E-1));
#6082=VERTEX_POINT('',#6080);
#6083=VERTEX_POINT('',#6081);
#6084=CARTESIAN_POINT('',(-1.75E0,2.E-1,1.2E-1));
#6085=CARTESIAN_POINT('',(-1.75E0,2.E-1,-1.2E-1));
#6086=VERTEX_POINT('',#6084);
#6087=VERTEX_POINT('',#6085);
#6088=CARTESIAN_POINT('',(0.E0,0.E0,0.E0));
#6089=DIRECTION('',(0.E0,1.E0,0.E0));
#6090=DIRECTION('',(1.E0,0.E0,0.E0));
#6091=AXIS2_PLACEMENT_3D('',#6088,#6089,#6090);
#6092=PLANE('',#6091);
#6094=ORIENTED_EDGE('',*,*,#6093,.F.);
#6096=ORIENTED_EDGE('',*,*,#6095,.T.);
#6098=ORIENTED_EDGE('',*,*,#6097,.T.);
#6100=ORIENTED_EDGE('',*,*,#6099,.T.);
#6102=ORIENTED_EDGE('',*,*,#6101,.T.);
#6104=ORIENTED_EDGE('',*,*,#6103,.T.);
#6105=EDGE_LOOP('',(#6094,#6096,#6098,#6100,#6102,#6104));
#6106=FACE_OUTER_BOUND('',#6105,.F.);
#6108=CARTESIAN_POINT('',(-1.75E0,0.E0,3.5E0));
#6109=DIRECTION('',(1.E0,0.E0,0.E0));
#6110=DIRECTION('',(0.E0,0.E0,-1.E0));
#6111=AXIS2_PLACEMENT_3D('',#6108,#6109,#6110);
#6112=PLANE('',#6111);
#6113=ORIENTED_EDGE('',*,*,#6093,.T.);
#6115=ORIENTED_EDGE('',*,*,#6114,.T.);
#6117=ORIENTED_EDGE('',*,*,#6116,.F.);
#6119=ORIENTED_EDGE('',*,*,#6118,.F.);
#6120=EDGE_LOOP('',(#6113,#6115,#6117,#6119));
#6121=FACE_OUTER_BOUND('',#6120,.F.);
#6123=FILL_AREA_STYLE_COLOUR('',#25);
#6124=FILL_AREA_STYLE('',(#6123));
#6125=SURFACE_STYLE_FILL_AREA(#6124);
#6126=SURFACE_SIDE_STYLE('',(#6125));
#6127=SURFACE_STYLE_USAGE(.POSITIVE.,#6126);
#6128=PRESENTATION_STYLE_ASSIGNMENT((#6127));
#6129=OVER_RIDING_STYLED_ITEM('',(#6128),#6122,#5933);
#6130=CARTESIAN_POINT('',(-1.469E0,0.E0,-1.2E-1));
#6131=DIRECTION('',(0.E0,0.E0,-1.E0));
#6132=DIRECTION('',(-1.E0,0.E0,0.E0));
#6133=AXIS2_PLACEMENT_3D('',#6130,#6131,#6132);
#6134=PLANE('',#6133);
#6135=ORIENTED_EDGE('',*,*,#6114,.F.);
#6136=ORIENTED_EDGE('',*,*,#6103,.F.);
#6138=ORIENTED_EDGE('',*,*,#6137,.T.);
#6140=ORIENTED_EDGE('',*,*,#6139,.T.);
#6141=EDGE_LOOP('',(#6135,#6136,#6138,#6140));
#6142=FACE_OUTER_BOUND('',#6141,.F.);
#6144=CARTESIAN_POINT('',(-1.469E0,0.E0,-1.E-3));
#6145=DIRECTION('',(0.E0,1.E0,0.E0));
#6146=DIRECTION('',(1.E0,0.E0,0.E0));
#6147=AXIS2_PLACEMENT_3D('',#6144,#6145,#6146);
#6148=CYLINDRICAL_SURFACE('',#6147,1.19E-1);
#6149=ORIENTED_EDGE('',*,*,#6101,.F.);
#6151=ORIENTED_EDGE('',*,*,#6150,.T.);
#6153=ORIENTED_EDGE('',*,*,#6152,.T.);
#6154=ORIENTED_EDGE('',*,*,#6137,.F.);
#6155=EDGE_LOOP('',(#6149,#6151,#6153,#6154));
#6156=FACE_OUTER_BOUND('',#6155,.F.);
#6158=CARTESIAN_POINT('',(-1.35E0,0.E0,1.E-3));
#6159=DIRECTION('',(1.E0,0.E0,0.E0));
#6160=DIRECTION('',(0.E0,0.E0,-1.E0));
#6161=AXIS2_PLACEMENT_3D('',#6158,#6159,#6160);
#6162=PLANE('',#6161);
#6163=ORIENTED_EDGE('',*,*,#6099,.F.);
#6165=ORIENTED_EDGE('',*,*,#6164,.T.);
#6167=ORIENTED_EDGE('',*,*,#6166,.T.);
#6168=ORIENTED_EDGE('',*,*,#6150,.F.);
#6169=EDGE_LOOP('',(#6163,#6165,#6167,#6168));
#6170=FACE_OUTER_BOUND('',#6169,.F.);
#6172=CARTESIAN_POINT('',(-1.469E0,0.E0,1.E-3));
#6173=DIRECTION('',(0.E0,1.E0,0.E0));
#6174=DIRECTION('',(1.E0,0.E0,0.E0));
#6175=AXIS2_PLACEMENT_3D('',#6172,#6173,#6174);
#6176=CYLINDRICAL_SURFACE('',#6175,1.19E-1);
#6177=ORIENTED_EDGE('',*,*,#6097,.F.);
#6179=ORIENTED_EDGE('',*,*,#6178,.T.);
#6181=ORIENTED_EDGE('',*,*,#6180,.T.);
#6182=ORIENTED_EDGE('',*,*,#6164,.F.);
#6183=EDGE_LOOP('',(#6177,#6179,#6181,#6182));
#6184=FACE_OUTER_BOUND('',#6183,.F.);
#6186=CARTESIAN_POINT('',(-1.85E0,0.E0,1.2E-1));
#6187=DIRECTION('',(0.E0,0.E0,1.E0));
#6188=DIRECTION('',(1.E0,0.E0,0.E0));
#6189=AXIS2_PLACEMENT_3D('',#6186,#6187,#6188);
#6190=PLANE('',#6189);
#6191=ORIENTED_EDGE('',*,*,#6118,.T.);
#6193=ORIENTED_EDGE('',*,*,#6192,.T.);
#6194=ORIENTED_EDGE('',*,*,#6178,.F.);
#6195=ORIENTED_EDGE('',*,*,#6095,.F.);
#6196=EDGE_LOOP('',(#6191,#6193,#6194,#6195));
#6197=FACE_OUTER_BOUND('',#6196,.F.);
#6199=CARTESIAN_POINT('',(0.E0,2.E-1,0.E0));
#6200=DIRECTION('',(0.E0,1.E0,0.E0));
#6201=DIRECTION('',(1.E0,0.E0,0.E0));
#6202=AXIS2_PLACEMENT_3D('',#6199,#6200,#6201);
#6203=PLANE('',#6202);
#6204=ORIENTED_EDGE('',*,*,#6116,.T.);
#6205=ORIENTED_EDGE('',*,*,#6139,.F.);
#6206=ORIENTED_EDGE('',*,*,#6152,.F.);
#6207=ORIENTED_EDGE('',*,*,#6166,.F.);
#6208=ORIENTED_EDGE('',*,*,#6180,.F.);
#6209=ORIENTED_EDGE('',*,*,#6192,.F.);
#6210=EDGE_LOOP('',(#6204,#6205,#6206,#6207,#6208,#6209));
#6211=FACE_OUTER_BOUND('',#6210,.F.);
#6213=CLOSED_SHELL('',(#6107,#6122,#6143,#6157,#6171,#6185,#6198,#6212));
#6214=MANIFOLD_SOLID_BREP('',#6213);
#6215=FILL_AREA_STYLE_COLOUR('',#19);
#6216=FILL_AREA_STYLE('',(#6215));
#6217=SURFACE_STYLE_FILL_AREA(#6216);
#6218=SURFACE_SIDE_STYLE('',(#6217));
#6219=SURFACE_STYLE_USAGE(.POSITIVE.,#6218);
#6220=PRESENTATION_STYLE_ASSIGNMENT((#6219));
#5933=STYLED_ITEM('',(#6220),#6214);
#6222=DIRECTION('',(0.E0,0.E0,-1.E0));
#6223=VECTOR('',#6222,2.4E-1);
#6224=CARTESIAN_POINT('',(-1.75E0,0.E0,6.2E-1));
#6225=LINE('',#6224,#6223);
#6226=CURVE_STYLE('',#32,POSITIVE_LENGTH_MEASURE(2.E-2),#19);
#6227=PRESENTATION_STYLE_ASSIGNMENT((#6226));
#6228=STYLED_ITEM('',(#6227),#6225);
#6229=DIRECTION('',(1.E0,0.E0,0.E0));
#6230=VECTOR('',#6229,2.81E-1);
#6231=CARTESIAN_POINT('',(-1.75E0,0.E0,6.2E-1));
#6232=LINE('',#6231,#6230);
#6233=CURVE_STYLE('',#32,POSITIVE_LENGTH_MEASURE(2.E-2),#19);
#6234=PRESENTATION_STYLE_ASSIGNMENT((#6233));
#6235=STYLED_ITEM('',(#6234),#6232);
#6236=CARTESIAN_POINT('',(-1.469E0,0.E0,5.01E-1));
#6237=DIRECTION('',(0.E0,1.E0,0.E0));
#6238=DIRECTION('',(0.E0,0.E0,1.E0));
#6239=AXIS2_PLACEMENT_3D('',#6236,#6237,#6238);
#6241=CURVE_STYLE('',#32,POSITIVE_LENGTH_MEASURE(2.E-2),#19);
#6242=PRESENTATION_STYLE_ASSIGNMENT((#6241));
#6243=STYLED_ITEM('',(#6242),#6240);
#6244=DIRECTION('',(0.E0,0.E0,-1.E0));
#6245=VECTOR('',#6244,2.E-3);
#6246=CARTESIAN_POINT('',(-1.35E0,0.E0,5.01E-1));
#6247=LINE('',#6246,#6245);
#6248=CURVE_STYLE('',#32,POSITIVE_LENGTH_MEASURE(2.E-2),#19);
#6249=PRESENTATION_STYLE_ASSIGNMENT((#6248));
#6250=STYLED_ITEM('',(#6249),#6247);
#6251=CARTESIAN_POINT('',(-1.469E0,0.E0,4.99E-1));
#6252=DIRECTION('',(0.E0,1.E0,0.E0));
#6253=DIRECTION('',(1.E0,0.E0,0.E0));
#6254=AXIS2_PLACEMENT_3D('',#6251,#6252,#6253);
#6256=CURVE_STYLE('',#32,POSITIVE_LENGTH_MEASURE(2.E-2),#19);
#6257=PRESENTATION_STYLE_ASSIGNMENT((#6256));
#6258=STYLED_ITEM('',(#6257),#6255);
#6259=DIRECTION('',(-1.E0,0.E0,0.E0));
#6260=VECTOR('',#6259,2.81E-1);
#6261=CARTESIAN_POINT('',(-1.469E0,0.E0,3.8E-1));
#6262=LINE('',#6261,#6260);
#6263=CURVE_STYLE('',#32,POSITIVE_LENGTH_MEASURE(2.E-2),#19);
#6264=PRESENTATION_STYLE_ASSIGNMENT((#6263));
#6265=STYLED_ITEM('',(#6264),#6262);
#6266=DIRECTION('',(0.E0,1.E0,0.E0));
#6267=VECTOR('',#6266,2.E-1);
#6268=CARTESIAN_POINT('',(-1.75E0,0.E0,3.8E-1));
#6269=LINE('',#6268,#6267);
#6270=CURVE_STYLE('',#32,POSITIVE_LENGTH_MEASURE(2.E-2),#19);
#6271=PRESENTATION_STYLE_ASSIGNMENT((#6270));
#6272=STYLED_ITEM('',(#6271),#6269);
#6273=DIRECTION('',(0.E0,1.E0,0.E0));
#6274=VECTOR('',#6273,2.E-1);
#6275=CARTESIAN_POINT('',(-1.469E0,0.E0,3.8E-1));
#6276=LINE('',#6275,#6274);
#6277=CURVE_STYLE('',#32,POSITIVE_LENGTH_MEASURE(2.E-2),#19);
#6278=PRESENTATION_STYLE_ASSIGNMENT((#6277));
#6279=STYLED_ITEM('',(#6278),#6276);
#6280=DIRECTION('',(0.E0,1.E0,0.E0));
#6281=VECTOR('',#6280,2.E-1);
#6282=CARTESIAN_POINT('',(-1.35E0,0.E0,4.99E-1));
#6283=LINE('',#6282,#6281);
#6284=CURVE_STYLE('',#32,POSITIVE_LENGTH_MEASURE(2.E-2),#19);
#6285=PRESENTATION_STYLE_ASSIGNMENT((#6284));
#6286=STYLED_ITEM('',(#6285),#6283);
#6287=DIRECTION('',(0.E0,1.E0,0.E0));
#6288=VECTOR('',#6287,2.E-1);
#6289=CARTESIAN_POINT('',(-1.35E0,0.E0,5.01E-1));
#6290=LINE('',#6289,#6288);
#6291=CURVE_STYLE('',#32,POSITIVE_LENGTH_MEASURE(2.E-2),#19);
#6292=PRESENTATION_STYLE_ASSIGNMENT((#6291));
#6293=STYLED_ITEM('',(#6292),#6290);
#6294=DIRECTION('',(0.E0,1.E0,0.E0));
#6295=VECTOR('',#6294,2.E-1);
#6296=CARTESIAN_POINT('',(-1.469E0,0.E0,6.2E-1));
#6297=LINE('',#6296,#6295);
#6298=CURVE_STYLE('',#32,POSITIVE_LENGTH_MEASURE(2.E-2),#19);
#6299=PRESENTATION_STYLE_ASSIGNMENT((#6298));
#6300=STYLED_ITEM('',(#6299),#6297);
#6301=DIRECTION('',(0.E0,1.E0,0.E0));
#6302=VECTOR('',#6301,2.E-1);
#6303=CARTESIAN_POINT('',(-1.75E0,0.E0,6.2E-1));
#6304=LINE('',#6303,#6302);
#6305=CURVE_STYLE('',#32,POSITIVE_LENGTH_MEASURE(2.E-2),#19);
#6306=PRESENTATION_STYLE_ASSIGNMENT((#6305));
#6307=STYLED_ITEM('',(#6306),#6304);
#6308=DIRECTION('',(0.E0,0.E0,-1.E0));
#6309=VECTOR('',#6308,2.4E-1);
#6310=CARTESIAN_POINT('',(-1.75E0,2.E-1,6.2E-1));
#6311=LINE('',#6310,#6309);
#6312=CURVE_STYLE('',#32,POSITIVE_LENGTH_MEASURE(2.E-2),#19);
#6313=PRESENTATION_STYLE_ASSIGNMENT((#6312));
#6314=STYLED_ITEM('',(#6313),#6311);
#6315=DIRECTION('',(-1.E0,0.E0,0.E0));
#6316=VECTOR('',#6315,2.81E-1);
#6317=CARTESIAN_POINT('',(-1.469E0,2.E-1,3.8E-1));
#6318=LINE('',#6317,#6316);
#6319=CURVE_STYLE('',#32,POSITIVE_LENGTH_MEASURE(2.E-2),#19);
#6320=PRESENTATION_STYLE_ASSIGNMENT((#6319));
#6321=STYLED_ITEM('',(#6320),#6318);
#6322=CARTESIAN_POINT('',(-1.469E0,2.E-1,4.99E-1));
#6323=DIRECTION('',(0.E0,1.E0,0.E0));
#6324=DIRECTION('',(1.E0,0.E0,0.E0));
#6325=AXIS2_PLACEMENT_3D('',#6322,#6323,#6324);
#6327=CURVE_STYLE('',#32,POSITIVE_LENGTH_MEASURE(2.E-2),#19);
#6328=PRESENTATION_STYLE_ASSIGNMENT((#6327));
#6329=STYLED_ITEM('',(#6328),#6326);
#6330=DIRECTION('',(0.E0,0.E0,-1.E0));
#6331=VECTOR('',#6330,2.E-3);
#6332=CARTESIAN_POINT('',(-1.35E0,2.E-1,5.01E-1));
#6333=LINE('',#6332,#6331);
#6334=CURVE_STYLE('',#32,POSITIVE_LENGTH_MEASURE(2.E-2),#19);
#6335=PRESENTATION_STYLE_ASSIGNMENT((#6334));
#6336=STYLED_ITEM('',(#6335),#6333);
#6337=CARTESIAN_POINT('',(-1.469E0,2.E-1,5.01E-1));
#6338=DIRECTION('',(0.E0,1.E0,0.E0));
#6339=DIRECTION('',(0.E0,0.E0,1.E0));
#6340=AXIS2_PLACEMENT_3D('',#6337,#6338,#6339);
#6342=CURVE_STYLE('',#32,POSITIVE_LENGTH_MEASURE(2.E-2),#19);
#6343=PRESENTATION_STYLE_ASSIGNMENT((#6342));
#6344=STYLED_ITEM('',(#6343),#6341);
#6345=DIRECTION('',(1.E0,0.E0,0.E0));
#6346=VECTOR('',#6345,2.81E-1);
#6347=CARTESIAN_POINT('',(-1.75E0,2.E-1,6.2E-1));
#6348=LINE('',#6347,#6346);
#6349=CURVE_STYLE('',#32,POSITIVE_LENGTH_MEASURE(2.E-2),#19);
#6350=PRESENTATION_STYLE_ASSIGNMENT((#6349));
#6351=STYLED_ITEM('',(#6350),#6348);
#6352=CARTESIAN_POINT('',(-1.469E0,0.E0,6.2E-1));
#6353=CARTESIAN_POINT('',(-1.35E0,0.E0,5.01E-1));
#6354=VERTEX_POINT('',#6352);
#6355=VERTEX_POINT('',#6353);
#6356=CARTESIAN_POINT('',(-1.35E0,0.E0,4.99E-1));
#6357=VERTEX_POINT('',#6356);
#6358=CARTESIAN_POINT('',(-1.469E0,0.E0,3.8E-1));
#6359=VERTEX_POINT('',#6358);
#6360=CARTESIAN_POINT('',(-1.469E0,2.E-1,6.2E-1));
#6361=CARTESIAN_POINT('',(-1.35E0,2.E-1,5.01E-1));
#6362=VERTEX_POINT('',#6360);
#6363=VERTEX_POINT('',#6361);
#6364=CARTESIAN_POINT('',(-1.35E0,2.E-1,4.99E-1));
#6365=VERTEX_POINT('',#6364);
#6366=CARTESIAN_POINT('',(-1.469E0,2.E-1,3.8E-1));
#6367=VERTEX_POINT('',#6366);
#6368=CARTESIAN_POINT('',(-1.75E0,0.E0,6.2E-1));
#6369=CARTESIAN_POINT('',(-1.75E0,0.E0,3.8E-1));
#6370=VERTEX_POINT('',#6368);
#6371=VERTEX_POINT('',#6369);
#6372=CARTESIAN_POINT('',(-1.75E0,2.E-1,6.2E-1));
#6373=CARTESIAN_POINT('',(-1.75E0,2.E-1,3.8E-1));
#6374=VERTEX_POINT('',#6372);
#6375=VERTEX_POINT('',#6373);
#6376=CARTESIAN_POINT('',(0.E0,0.E0,0.E0));
#6377=DIRECTION('',(0.E0,1.E0,0.E0));
#6378=DIRECTION('',(1.E0,0.E0,0.E0));
#6379=AXIS2_PLACEMENT_3D('',#6376,#6377,#6378);
#6380=PLANE('',#6379);
#6382=ORIENTED_EDGE('',*,*,#6381,.F.);
#6384=ORIENTED_EDGE('',*,*,#6383,.T.);
#6386=ORIENTED_EDGE('',*,*,#6385,.T.);
#6388=ORIENTED_EDGE('',*,*,#6387,.T.);
#6390=ORIENTED_EDGE('',*,*,#6389,.T.);
#6392=ORIENTED_EDGE('',*,*,#6391,.T.);
#6393=EDGE_LOOP('',(#6382,#6384,#6386,#6388,#6390,#6392));
#6394=FACE_OUTER_BOUND('',#6393,.F.);
#6396=CARTESIAN_POINT('',(-1.75E0,0.E0,3.5E0));
#6397=DIRECTION('',(1.E0,0.E0,0.E0));
#6398=DIRECTION('',(0.E0,0.E0,-1.E0));
#6399=AXIS2_PLACEMENT_3D('',#6396,#6397,#6398);
#6400=PLANE('',#6399);
#6401=ORIENTED_EDGE('',*,*,#6381,.T.);
#6403=ORIENTED_EDGE('',*,*,#6402,.T.);
#6405=ORIENTED_EDGE('',*,*,#6404,.F.);
#6407=ORIENTED_EDGE('',*,*,#6406,.F.);
#6408=EDGE_LOOP('',(#6401,#6403,#6405,#6407));
#6409=FACE_OUTER_BOUND('',#6408,.F.);
#6411=FILL_AREA_STYLE_COLOUR('',#25);
#6412=FILL_AREA_STYLE('',(#6411));
#6413=SURFACE_STYLE_FILL_AREA(#6412);
#6414=SURFACE_SIDE_STYLE('',(#6413));
#6415=SURFACE_STYLE_USAGE(.POSITIVE.,#6414);
#6416=PRESENTATION_STYLE_ASSIGNMENT((#6415));
#6417=OVER_RIDING_STYLED_ITEM('',(#6416),#6410,#6221);
#6418=CARTESIAN_POINT('',(-1.469E0,0.E0,3.8E-1));
#6419=DIRECTION('',(0.E0,0.E0,-1.E0));
#6420=DIRECTION('',(-1.E0,0.E0,0.E0));
#6421=AXIS2_PLACEMENT_3D('',#6418,#6419,#6420);
#6422=PLANE('',#6421);
#6423=ORIENTED_EDGE('',*,*,#6402,.F.);
#6424=ORIENTED_EDGE('',*,*,#6391,.F.);
#6426=ORIENTED_EDGE('',*,*,#6425,.T.);
#6428=ORIENTED_EDGE('',*,*,#6427,.T.);
#6429=EDGE_LOOP('',(#6423,#6424,#6426,#6428));
#6430=FACE_OUTER_BOUND('',#6429,.F.);
#6432=CARTESIAN_POINT('',(-1.469E0,0.E0,4.99E-1));
#6433=DIRECTION('',(0.E0,1.E0,0.E0));
#6434=DIRECTION('',(1.E0,0.E0,0.E0));
#6435=AXIS2_PLACEMENT_3D('',#6432,#6433,#6434);
#6436=CYLINDRICAL_SURFACE('',#6435,1.19E-1);
#6437=ORIENTED_EDGE('',*,*,#6389,.F.);
#6439=ORIENTED_EDGE('',*,*,#6438,.T.);
#6441=ORIENTED_EDGE('',*,*,#6440,.T.);
#6442=ORIENTED_EDGE('',*,*,#6425,.F.);
#6443=EDGE_LOOP('',(#6437,#6439,#6441,#6442));
#6444=FACE_OUTER_BOUND('',#6443,.F.);
#6446=CARTESIAN_POINT('',(-1.35E0,0.E0,5.01E-1));
#6447=DIRECTION('',(1.E0,0.E0,0.E0));
#6448=DIRECTION('',(0.E0,0.E0,-1.E0));
#6449=AXIS2_PLACEMENT_3D('',#6446,#6447,#6448);
#6450=PLANE('',#6449);
#6451=ORIENTED_EDGE('',*,*,#6387,.F.);
#6453=ORIENTED_EDGE('',*,*,#6452,.T.);
#6455=ORIENTED_EDGE('',*,*,#6454,.T.);
#6456=ORIENTED_EDGE('',*,*,#6438,.F.);
#6457=EDGE_LOOP('',(#6451,#6453,#6455,#6456));
#6458=FACE_OUTER_BOUND('',#6457,.F.);
#6460=CARTESIAN_POINT('',(-1.469E0,0.E0,5.01E-1));
#6461=DIRECTION('',(0.E0,1.E0,0.E0));
#6462=DIRECTION('',(1.E0,0.E0,0.E0));
#6463=AXIS2_PLACEMENT_3D('',#6460,#6461,#6462);
#6464=CYLINDRICAL_SURFACE('',#6463,1.19E-1);
#6465=ORIENTED_EDGE('',*,*,#6385,.F.);
#6467=ORIENTED_EDGE('',*,*,#6466,.T.);
#6469=ORIENTED_EDGE('',*,*,#6468,.T.);
#6470=ORIENTED_EDGE('',*,*,#6452,.F.);
#6471=EDGE_LOOP('',(#6465,#6467,#6469,#6470));
#6472=FACE_OUTER_BOUND('',#6471,.F.);
#6474=CARTESIAN_POINT('',(-1.85E0,0.E0,6.2E-1));
#6475=DIRECTION('',(0.E0,0.E0,1.E0));
#6476=DIRECTION('',(1.E0,0.E0,0.E0));
#6477=AXIS2_PLACEMENT_3D('',#6474,#6475,#6476);
#6478=PLANE('',#6477);
#6479=ORIENTED_EDGE('',*,*,#6406,.T.);
#6481=ORIENTED_EDGE('',*,*,#6480,.T.);
#6482=ORIENTED_EDGE('',*,*,#6466,.F.);
#6483=ORIENTED_EDGE('',*,*,#6383,.F.);
#6484=EDGE_LOOP('',(#6479,#6481,#6482,#6483));
#6485=FACE_OUTER_BOUND('',#6484,.F.);
#6487=CARTESIAN_POINT('',(0.E0,2.E-1,0.E0));
#6488=DIRECTION('',(0.E0,1.E0,0.E0));
#6489=DIRECTION('',(1.E0,0.E0,0.E0));
#6490=AXIS2_PLACEMENT_3D('',#6487,#6488,#6489);
#6491=PLANE('',#6490);
#6492=ORIENTED_EDGE('',*,*,#6404,.T.);
#6493=ORIENTED_EDGE('',*,*,#6427,.F.);
#6494=ORIENTED_EDGE('',*,*,#6440,.F.);
#6495=ORIENTED_EDGE('',*,*,#6454,.F.);
#6496=ORIENTED_EDGE('',*,*,#6468,.F.);
#6497=ORIENTED_EDGE('',*,*,#6480,.F.);
#6498=EDGE_LOOP('',(#6492,#6493,#6494,#6495,#6496,#6497));
#6499=FACE_OUTER_BOUND('',#6498,.F.);
#6501=CLOSED_SHELL('',(#6395,#6410,#6431,#6445,#6459,#6473,#6486,#6500));
#6502=MANIFOLD_SOLID_BREP('',#6501);
#6503=FILL_AREA_STYLE_COLOUR('',#19);
#6504=FILL_AREA_STYLE('',(#6503));
#6505=SURFACE_STYLE_FILL_AREA(#6504);
#6506=SURFACE_SIDE_STYLE('',(#6505));
#6507=SURFACE_STYLE_USAGE(.POSITIVE.,#6506);
#6508=PRESENTATION_STYLE_ASSIGNMENT((#6507));
#6221=STYLED_ITEM('',(#6508),#6502);
#6510=DIRECTION('',(0.E0,0.E0,-1.E0));
#6511=VECTOR('',#6510,2.4E-1);
#6512=CARTESIAN_POINT('',(-1.75E0,0.E0,1.12E0));
#6513=LINE('',#6512,#6511);
#6514=CURVE_STYLE('',#32,POSITIVE_LENGTH_MEASURE(2.E-2),#19);
#6515=PRESENTATION_STYLE_ASSIGNMENT((#6514));
#6516=STYLED_ITEM('',(#6515),#6513);
#6517=DIRECTION('',(1.E0,0.E0,0.E0));
#6518=VECTOR('',#6517,2.81E-1);
#6519=CARTESIAN_POINT('',(-1.75E0,0.E0,1.12E0));
#6520=LINE('',#6519,#6518);
#6521=CURVE_STYLE('',#32,POSITIVE_LENGTH_MEASURE(2.E-2),#19);
#6522=PRESENTATION_STYLE_ASSIGNMENT((#6521));
#6523=STYLED_ITEM('',(#6522),#6520);
#6524=CARTESIAN_POINT('',(-1.469E0,0.E0,1.001E0));
#6525=DIRECTION('',(0.E0,1.E0,0.E0));
#6526=DIRECTION('',(0.E0,0.E0,1.E0));
#6527=AXIS2_PLACEMENT_3D('',#6524,#6525,#6526);
#6529=CURVE_STYLE('',#32,POSITIVE_LENGTH_MEASURE(2.E-2),#19);
#6530=PRESENTATION_STYLE_ASSIGNMENT((#6529));
#6531=STYLED_ITEM('',(#6530),#6528);
#6532=DIRECTION('',(0.E0,0.E0,-1.E0));
#6533=VECTOR('',#6532,2.E-3);
#6534=CARTESIAN_POINT('',(-1.35E0,0.E0,1.001E0));
#6535=LINE('',#6534,#6533);
#6536=CURVE_STYLE('',#32,POSITIVE_LENGTH_MEASURE(2.E-2),#19);
#6537=PRESENTATION_STYLE_ASSIGNMENT((#6536));
#6538=STYLED_ITEM('',(#6537),#6535);
#6539=CARTESIAN_POINT('',(-1.469E0,0.E0,9.99E-1));
#6540=DIRECTION('',(0.E0,1.E0,0.E0));
#6541=DIRECTION('',(1.E0,0.E0,0.E0));
#6542=AXIS2_PLACEMENT_3D('',#6539,#6540,#6541);
#6544=CURVE_STYLE('',#32,POSITIVE_LENGTH_MEASURE(2.E-2),#19);
#6545=PRESENTATION_STYLE_ASSIGNMENT((#6544));
#6546=STYLED_ITEM('',(#6545),#6543);
#6547=DIRECTION('',(-1.E0,0.E0,0.E0));
#6548=VECTOR('',#6547,2.81E-1);
#6549=CARTESIAN_POINT('',(-1.469E0,0.E0,8.8E-1));
#6550=LINE('',#6549,#6548);
#6551=CURVE_STYLE('',#32,POSITIVE_LENGTH_MEASURE(2.E-2),#19);
#6552=PRESENTATION_STYLE_ASSIGNMENT((#6551));
#6553=STYLED_ITEM('',(#6552),#6550);
#6554=DIRECTION('',(0.E0,1.E0,0.E0));
#6555=VECTOR('',#6554,2.E-1);
#6556=CARTESIAN_POINT('',(-1.75E0,0.E0,8.8E-1));
#6557=LINE('',#6556,#6555);
#6558=CURVE_STYLE('',#32,POSITIVE_LENGTH_MEASURE(2.E-2),#19);
#6559=PRESENTATION_STYLE_ASSIGNMENT((#6558));
#6560=STYLED_ITEM('',(#6559),#6557);
#6561=DIRECTION('',(0.E0,1.E0,0.E0));
#6562=VECTOR('',#6561,2.E-1);
#6563=CARTESIAN_POINT('',(-1.469E0,0.E0,8.8E-1));
#6564=LINE('',#6563,#6562);
#6565=CURVE_STYLE('',#32,POSITIVE_LENGTH_MEASURE(2.E-2),#19);
#6566=PRESENTATION_STYLE_ASSIGNMENT((#6565));
#6567=STYLED_ITEM('',(#6566),#6564);
#6568=DIRECTION('',(0.E0,1.E0,0.E0));
#6569=VECTOR('',#6568,2.E-1);
#6570=CARTESIAN_POINT('',(-1.35E0,0.E0,9.99E-1));
#6571=LINE('',#6570,#6569);
#6572=CURVE_STYLE('',#32,POSITIVE_LENGTH_MEASURE(2.E-2),#19);
#6573=PRESENTATION_STYLE_ASSIGNMENT((#6572));
#6574=STYLED_ITEM('',(#6573),#6571);
#6575=DIRECTION('',(0.E0,1.E0,0.E0));
#6576=VECTOR('',#6575,2.E-1);
#6577=CARTESIAN_POINT('',(-1.35E0,0.E0,1.001E0));
#6578=LINE('',#6577,#6576);
#6579=CURVE_STYLE('',#32,POSITIVE_LENGTH_MEASURE(2.E-2),#19);
#6580=PRESENTATION_STYLE_ASSIGNMENT((#6579));
#6581=STYLED_ITEM('',(#6580),#6578);
#6582=DIRECTION('',(0.E0,1.E0,0.E0));
#6583=VECTOR('',#6582,2.E-1);
#6584=CARTESIAN_POINT('',(-1.469E0,0.E0,1.12E0));
#6585=LINE('',#6584,#6583);
#6586=CURVE_STYLE('',#32,POSITIVE_LENGTH_MEASURE(2.E-2),#19);
#6587=PRESENTATION_STYLE_ASSIGNMENT((#6586));
#6588=STYLED_ITEM('',(#6587),#6585);
#6589=DIRECTION('',(0.E0,1.E0,0.E0));
#6590=VECTOR('',#6589,2.E-1);
#6591=CARTESIAN_POINT('',(-1.75E0,0.E0,1.12E0));
#6592=LINE('',#6591,#6590);
#6593=CURVE_STYLE('',#32,POSITIVE_LENGTH_MEASURE(2.E-2),#19);
#6594=PRESENTATION_STYLE_ASSIGNMENT((#6593));
#6595=STYLED_ITEM('',(#6594),#6592);
#6596=DIRECTION('',(0.E0,0.E0,-1.E0));
#6597=VECTOR('',#6596,2.4E-1);
#6598=CARTESIAN_POINT('',(-1.75E0,2.E-1,1.12E0));
#6599=LINE('',#6598,#6597);
#6600=CURVE_STYLE('',#32,POSITIVE_LENGTH_MEASURE(2.E-2),#19);
#6601=PRESENTATION_STYLE_ASSIGNMENT((#6600));
#6602=STYLED_ITEM('',(#6601),#6599);
#6603=DIRECTION('',(-1.E0,0.E0,0.E0));
#6604=VECTOR('',#6603,2.81E-1);
#6605=CARTESIAN_POINT('',(-1.469E0,2.E-1,8.8E-1));
#6606=LINE('',#6605,#6604);
#6607=CURVE_STYLE('',#32,POSITIVE_LENGTH_MEASURE(2.E-2),#19);
#6608=PRESENTATION_STYLE_ASSIGNMENT((#6607));
#6609=STYLED_ITEM('',(#6608),#6606);
#6610=CARTESIAN_POINT('',(-1.469E0,2.E-1,9.99E-1));
#6611=DIRECTION('',(0.E0,1.E0,0.E0));
#6612=DIRECTION('',(1.E0,0.E0,0.E0));
#6613=AXIS2_PLACEMENT_3D('',#6610,#6611,#6612);
#6615=CURVE_STYLE('',#32,POSITIVE_LENGTH_MEASURE(2.E-2),#19);
#6616=PRESENTATION_STYLE_ASSIGNMENT((#6615));
#6617=STYLED_ITEM('',(#6616),#6614);
#6618=DIRECTION('',(0.E0,0.E0,-1.E0));
#6619=VECTOR('',#6618,2.E-3);
#6620=CARTESIAN_POINT('',(-1.35E0,2.E-1,1.001E0));
#6621=LINE('',#6620,#6619);
#6622=CURVE_STYLE('',#32,POSITIVE_LENGTH_MEASURE(2.E-2),#19);
#6623=PRESENTATION_STYLE_ASSIGNMENT((#6622));
#6624=STYLED_ITEM('',(#6623),#6621);
#6625=CARTESIAN_POINT('',(-1.469E0,2.E-1,1.001E0));
#6626=DIRECTION('',(0.E0,1.E0,0.E0));
#6627=DIRECTION('',(0.E0,0.E0,1.E0));
#6628=AXIS2_PLACEMENT_3D('',#6625,#6626,#6627);
#6630=CURVE_STYLE('',#32,POSITIVE_LENGTH_MEASURE(2.E-2),#19);
#6631=PRESENTATION_STYLE_ASSIGNMENT((#6630));
#6632=STYLED_ITEM('',(#6631),#6629);
#6633=DIRECTION('',(1.E0,0.E0,0.E0));
#6634=VECTOR('',#6633,2.81E-1);
#6635=CARTESIAN_POINT('',(-1.75E0,2.E-1,1.12E0));
#6636=LINE('',#6635,#6634);
#6637=CURVE_STYLE('',#32,POSITIVE_LENGTH_MEASURE(2.E-2),#19);
#6638=PRESENTATION_STYLE_ASSIGNMENT((#6637));
#6639=STYLED_ITEM('',(#6638),#6636);
#6640=CARTESIAN_POINT('',(-1.469E0,0.E0,1.12E0));
#6641=CARTESIAN_POINT('',(-1.35E0,0.E0,1.001E0));
#6642=VERTEX_POINT('',#6640);
#6643=VERTEX_POINT('',#6641);
#6644=CARTESIAN_POINT('',(-1.35E0,0.E0,9.99E-1));
#6645=VERTEX_POINT('',#6644);
#6646=CARTESIAN_POINT('',(-1.469E0,0.E0,8.8E-1));
#6647=VERTEX_POINT('',#6646);
#6648=CARTESIAN_POINT('',(-1.469E0,2.E-1,1.12E0));
#6649=CARTESIAN_POINT('',(-1.35E0,2.E-1,1.001E0));
#6650=VERTEX_POINT('',#6648);
#6651=VERTEX_POINT('',#6649);
#6652=CARTESIAN_POINT('',(-1.35E0,2.E-1,9.99E-1));
#6653=VERTEX_POINT('',#6652);
#6654=CARTESIAN_POINT('',(-1.469E0,2.E-1,8.8E-1));
#6655=VERTEX_POINT('',#6654);
#6656=CARTESIAN_POINT('',(-1.75E0,0.E0,1.12E0));
#6657=CARTESIAN_POINT('',(-1.75E0,0.E0,8.8E-1));
#6658=VERTEX_POINT('',#6656);
#6659=VERTEX_POINT('',#6657);
#6660=CARTESIAN_POINT('',(-1.75E0,2.E-1,1.12E0));
#6661=CARTESIAN_POINT('',(-1.75E0,2.E-1,8.8E-1));
#6662=VERTEX_POINT('',#6660);
#6663=VERTEX_POINT('',#6661);
#6664=CARTESIAN_POINT('',(0.E0,0.E0,0.E0));
#6665=DIRECTION('',(0.E0,1.E0,0.E0));
#6666=DIRECTION('',(1.E0,0.E0,0.E0));
#6667=AXIS2_PLACEMENT_3D('',#6664,#6665,#6666);
#6668=PLANE('',#6667);
#6670=ORIENTED_EDGE('',*,*,#6669,.F.);
#6672=ORIENTED_EDGE('',*,*,#6671,.T.);
#6674=ORIENTED_EDGE('',*,*,#6673,.T.);
#6676=ORIENTED_EDGE('',*,*,#6675,.T.);
#6678=ORIENTED_EDGE('',*,*,#6677,.T.);
#6680=ORIENTED_EDGE('',*,*,#6679,.T.);
#6681=EDGE_LOOP('',(#6670,#6672,#6674,#6676,#6678,#6680));
#6682=FACE_OUTER_BOUND('',#6681,.F.);
#6684=CARTESIAN_POINT('',(-1.75E0,0.E0,3.5E0));
#6685=DIRECTION('',(1.E0,0.E0,0.E0));
#6686=DIRECTION('',(0.E0,0.E0,-1.E0));
#6687=AXIS2_PLACEMENT_3D('',#6684,#6685,#6686);
#6688=PLANE('',#6687);
#6689=ORIENTED_EDGE('',*,*,#6669,.T.);
#6691=ORIENTED_EDGE('',*,*,#6690,.T.);
#6693=ORIENTED_EDGE('',*,*,#6692,.F.);
#6695=ORIENTED_EDGE('',*,*,#6694,.F.);
#6696=EDGE_LOOP('',(#6689,#6691,#6693,#6695));
#6697=FACE_OUTER_BOUND('',#6696,.F.);
#6699=FILL_AREA_STYLE_COLOUR('',#25);
#6700=FILL_AREA_STYLE('',(#6699));
#6701=SURFACE_STYLE_FILL_AREA(#6700);
#6702=SURFACE_SIDE_STYLE('',(#6701));
#6703=SURFACE_STYLE_USAGE(.POSITIVE.,#6702);
#6704=PRESENTATION_STYLE_ASSIGNMENT((#6703));
#6705=OVER_RIDING_STYLED_ITEM('',(#6704),#6698,#6509);
#6706=CARTESIAN_POINT('',(-1.469E0,0.E0,8.8E-1));
#6707=DIRECTION('',(0.E0,0.E0,-1.E0));
#6708=DIRECTION('',(-1.E0,0.E0,0.E0));
#6709=AXIS2_PLACEMENT_3D('',#6706,#6707,#6708);
#6710=PLANE('',#6709);
#6711=ORIENTED_EDGE('',*,*,#6690,.F.);
#6712=ORIENTED_EDGE('',*,*,#6679,.F.);
#6714=ORIENTED_EDGE('',*,*,#6713,.T.);
#6716=ORIENTED_EDGE('',*,*,#6715,.T.);
#6717=EDGE_LOOP('',(#6711,#6712,#6714,#6716));
#6718=FACE_OUTER_BOUND('',#6717,.F.);
#6720=CARTESIAN_POINT('',(-1.469E0,0.E0,9.99E-1));
#6721=DIRECTION('',(0.E0,1.E0,0.E0));
#6722=DIRECTION('',(1.E0,0.E0,0.E0));
#6723=AXIS2_PLACEMENT_3D('',#6720,#6721,#6722);
#6724=CYLINDRICAL_SURFACE('',#6723,1.19E-1);
#6725=ORIENTED_EDGE('',*,*,#6677,.F.);
#6727=ORIENTED_EDGE('',*,*,#6726,.T.);
#6729=ORIENTED_EDGE('',*,*,#6728,.T.);
#6730=ORIENTED_EDGE('',*,*,#6713,.F.);
#6731=EDGE_LOOP('',(#6725,#6727,#6729,#6730));
#6732=FACE_OUTER_BOUND('',#6731,.F.);
#6734=CARTESIAN_POINT('',(-1.35E0,0.E0,1.001E0));
#6735=DIRECTION('',(1.E0,0.E0,0.E0));
#6736=DIRECTION('',(0.E0,0.E0,-1.E0));
#6737=AXIS2_PLACEMENT_3D('',#6734,#6735,#6736);
#6738=PLANE('',#6737);
#6739=ORIENTED_EDGE('',*,*,#6675,.F.);
#6741=ORIENTED_EDGE('',*,*,#6740,.T.);
#6743=ORIENTED_EDGE('',*,*,#6742,.T.);
#6744=ORIENTED_EDGE('',*,*,#6726,.F.);
#6745=EDGE_LOOP('',(#6739,#6741,#6743,#6744));
#6746=FACE_OUTER_BOUND('',#6745,.F.);
#6748=CARTESIAN_POINT('',(-1.469E0,0.E0,1.001E0));
#6749=DIRECTION('',(0.E0,1.E0,0.E0));
#6750=DIRECTION('',(1.E0,0.E0,0.E0));
#6751=AXIS2_PLACEMENT_3D('',#6748,#6749,#6750);
#6752=CYLINDRICAL_SURFACE('',#6751,1.19E-1);
#6753=ORIENTED_EDGE('',*,*,#6673,.F.);
#6755=ORIENTED_EDGE('',*,*,#6754,.T.);
#6757=ORIENTED_EDGE('',*,*,#6756,.T.);
#6758=ORIENTED_EDGE('',*,*,#6740,.F.);
#6759=EDGE_LOOP('',(#6753,#6755,#6757,#6758));
#6760=FACE_OUTER_BOUND('',#6759,.F.);
#6762=CARTESIAN_POINT('',(-1.85E0,0.E0,1.12E0));
#6763=DIRECTION('',(0.E0,0.E0,1.E0));
#6764=DIRECTION('',(1.E0,0.E0,0.E0));
#6765=AXIS2_PLACEMENT_3D('',#6762,#6763,#6764);
#6766=PLANE('',#6765);
#6767=ORIENTED_EDGE('',*,*,#6694,.T.);
#6769=ORIENTED_EDGE('',*,*,#6768,.T.);
#6770=ORIENTED_EDGE('',*,*,#6754,.F.);
#6771=ORIENTED_EDGE('',*,*,#6671,.F.);
#6772=EDGE_LOOP('',(#6767,#6769,#6770,#6771));
#6773=FACE_OUTER_BOUND('',#6772,.F.);
#6775=CARTESIAN_POINT('',(0.E0,2.E-1,0.E0));
#6776=DIRECTION('',(0.E0,1.E0,0.E0));
#6777=DIRECTION('',(1.E0,0.E0,0.E0));
#6778=AXIS2_PLACEMENT_3D('',#6775,#6776,#6777);
#6779=PLANE('',#6778);
#6780=ORIENTED_EDGE('',*,*,#6692,.T.);
#6781=ORIENTED_EDGE('',*,*,#6715,.F.);
#6782=ORIENTED_EDGE('',*,*,#6728,.F.);
#6783=ORIENTED_EDGE('',*,*,#6742,.F.);
#6784=ORIENTED_EDGE('',*,*,#6756,.F.);
#6785=ORIENTED_EDGE('',*,*,#6768,.F.);
#6786=EDGE_LOOP('',(#6780,#6781,#6782,#6783,#6784,#6785));
#6787=FACE_OUTER_BOUND('',#6786,.F.);
#6789=CLOSED_SHELL('',(#6683,#6698,#6719,#6733,#6747,#6761,#6774,#6788));
#6790=MANIFOLD_SOLID_BREP('',#6789);
#6791=FILL_AREA_STYLE_COLOUR('',#19);
#6792=FILL_AREA_STYLE('',(#6791));
#6793=SURFACE_STYLE_FILL_AREA(#6792);
#6794=SURFACE_SIDE_STYLE('',(#6793));
#6795=SURFACE_STYLE_USAGE(.POSITIVE.,#6794);
#6796=PRESENTATION_STYLE_ASSIGNMENT((#6795));
#6509=STYLED_ITEM('',(#6796),#6790);
#6798=DIRECTION('',(0.E0,0.E0,-1.E0));
#6799=VECTOR('',#6798,2.4E-1);
#6800=CARTESIAN_POINT('',(-1.75E0,0.E0,1.62E0));
#6801=LINE('',#6800,#6799);
#6802=CURVE_STYLE('',#32,POSITIVE_LENGTH_MEASURE(2.E-2),#19);
#6803=PRESENTATION_STYLE_ASSIGNMENT((#6802));
#6804=STYLED_ITEM('',(#6803),#6801);
#6805=DIRECTION('',(1.E0,0.E0,0.E0));
#6806=VECTOR('',#6805,2.81E-1);
#6807=CARTESIAN_POINT('',(-1.75E0,0.E0,1.62E0));
#6808=LINE('',#6807,#6806);
#6809=CURVE_STYLE('',#32,POSITIVE_LENGTH_MEASURE(2.E-2),#19);
#6810=PRESENTATION_STYLE_ASSIGNMENT((#6809));
#6811=STYLED_ITEM('',(#6810),#6808);
#6812=CARTESIAN_POINT('',(-1.469E0,0.E0,1.501E0));
#6813=DIRECTION('',(0.E0,1.E0,0.E0));
#6814=DIRECTION('',(0.E0,0.E0,1.E0));
#6815=AXIS2_PLACEMENT_3D('',#6812,#6813,#6814);
#6817=CURVE_STYLE('',#32,POSITIVE_LENGTH_MEASURE(2.E-2),#19);
#6818=PRESENTATION_STYLE_ASSIGNMENT((#6817));
#6819=STYLED_ITEM('',(#6818),#6816);
#6820=DIRECTION('',(0.E0,0.E0,-1.E0));
#6821=VECTOR('',#6820,2.E-3);
#6822=CARTESIAN_POINT('',(-1.35E0,0.E0,1.501E0));
#6823=LINE('',#6822,#6821);
#6824=CURVE_STYLE('',#32,POSITIVE_LENGTH_MEASURE(2.E-2),#19);
#6825=PRESENTATION_STYLE_ASSIGNMENT((#6824));
#6826=STYLED_ITEM('',(#6825),#6823);
#6827=CARTESIAN_POINT('',(-1.469E0,0.E0,1.499E0));
#6828=DIRECTION('',(0.E0,1.E0,0.E0));
#6829=DIRECTION('',(1.E0,0.E0,0.E0));
#6830=AXIS2_PLACEMENT_3D('',#6827,#6828,#6829);
#6832=CURVE_STYLE('',#32,POSITIVE_LENGTH_MEASURE(2.E-2),#19);
#6833=PRESENTATION_STYLE_ASSIGNMENT((#6832));
#6834=STYLED_ITEM('',(#6833),#6831);
#6835=DIRECTION('',(-1.E0,0.E0,0.E0));
#6836=VECTOR('',#6835,2.81E-1);
#6837=CARTESIAN_POINT('',(-1.469E0,0.E0,1.38E0));
#6838=LINE('',#6837,#6836);
#6839=CURVE_STYLE('',#32,POSITIVE_LENGTH_MEASURE(2.E-2),#19);
#6840=PRESENTATION_STYLE_ASSIGNMENT((#6839));
#6841=STYLED_ITEM('',(#6840),#6838);
#6842=DIRECTION('',(0.E0,1.E0,0.E0));
#6843=VECTOR('',#6842,2.E-1);
#6844=CARTESIAN_POINT('',(-1.75E0,0.E0,1.38E0));
#6845=LINE('',#6844,#6843);
#6846=CURVE_STYLE('',#32,POSITIVE_LENGTH_MEASURE(2.E-2),#19);
#6847=PRESENTATION_STYLE_ASSIGNMENT((#6846));
#6848=STYLED_ITEM('',(#6847),#6845);
#6849=DIRECTION('',(0.E0,1.E0,0.E0));
#6850=VECTOR('',#6849,2.E-1);
#6851=CARTESIAN_POINT('',(-1.469E0,0.E0,1.38E0));
#6852=LINE('',#6851,#6850);
#6853=CURVE_STYLE('',#32,POSITIVE_LENGTH_MEASURE(2.E-2),#19);
#6854=PRESENTATION_STYLE_ASSIGNMENT((#6853));
#6855=STYLED_ITEM('',(#6854),#6852);
#6856=DIRECTION('',(0.E0,1.E0,0.E0));
#6857=VECTOR('',#6856,2.E-1);
#6858=CARTESIAN_POINT('',(-1.35E0,0.E0,1.499E0));
#6859=LINE('',#6858,#6857);
#6860=CURVE_STYLE('',#32,POSITIVE_LENGTH_MEASURE(2.E-2),#19);
#6861=PRESENTATION_STYLE_ASSIGNMENT((#6860));
#6862=STYLED_ITEM('',(#6861),#6859);
#6863=DIRECTION('',(0.E0,1.E0,0.E0));
#6864=VECTOR('',#6863,2.E-1);
#6865=CARTESIAN_POINT('',(-1.35E0,0.E0,1.501E0));
#6866=LINE('',#6865,#6864);
#6867=CURVE_STYLE('',#32,POSITIVE_LENGTH_MEASURE(2.E-2),#19);
#6868=PRESENTATION_STYLE_ASSIGNMENT((#6867));
#6869=STYLED_ITEM('',(#6868),#6866);
#6870=DIRECTION('',(0.E0,1.E0,0.E0));
#6871=VECTOR('',#6870,2.E-1);
#6872=CARTESIAN_POINT('',(-1.469E0,0.E0,1.62E0));
#6873=LINE('',#6872,#6871);
#6874=CURVE_STYLE('',#32,POSITIVE_LENGTH_MEASURE(2.E-2),#19);
#6875=PRESENTATION_STYLE_ASSIGNMENT((#6874));
#6876=STYLED_ITEM('',(#6875),#6873);
#6877=DIRECTION('',(0.E0,1.E0,0.E0));
#6878=VECTOR('',#6877,2.E-1);
#6879=CARTESIAN_POINT('',(-1.75E0,0.E0,1.62E0));
#6880=LINE('',#6879,#6878);
#6881=CURVE_STYLE('',#32,POSITIVE_LENGTH_MEASURE(2.E-2),#19);
#6882=PRESENTATION_STYLE_ASSIGNMENT((#6881));
#6883=STYLED_ITEM('',(#6882),#6880);
#6884=DIRECTION('',(0.E0,0.E0,-1.E0));
#6885=VECTOR('',#6884,2.4E-1);
#6886=CARTESIAN_POINT('',(-1.75E0,2.E-1,1.62E0));
#6887=LINE('',#6886,#6885);
#6888=CURVE_STYLE('',#32,POSITIVE_LENGTH_MEASURE(2.E-2),#19);
#6889=PRESENTATION_STYLE_ASSIGNMENT((#6888));
#6890=STYLED_ITEM('',(#6889),#6887);
#6891=DIRECTION('',(-1.E0,0.E0,0.E0));
#6892=VECTOR('',#6891,2.81E-1);
#6893=CARTESIAN_POINT('',(-1.469E0,2.E-1,1.38E0));
#6894=LINE('',#6893,#6892);
#6895=CURVE_STYLE('',#32,POSITIVE_LENGTH_MEASURE(2.E-2),#19);
#6896=PRESENTATION_STYLE_ASSIGNMENT((#6895));
#6897=STYLED_ITEM('',(#6896),#6894);
#6898=CARTESIAN_POINT('',(-1.469E0,2.E-1,1.499E0));
#6899=DIRECTION('',(0.E0,1.E0,0.E0));
#6900=DIRECTION('',(1.E0,0.E0,0.E0));
#6901=AXIS2_PLACEMENT_3D('',#6898,#6899,#6900);
#6903=CURVE_STYLE('',#32,POSITIVE_LENGTH_MEASURE(2.E-2),#19);
#6904=PRESENTATION_STYLE_ASSIGNMENT((#6903));
#6905=STYLED_ITEM('',(#6904),#6902);
#6906=DIRECTION('',(0.E0,0.E0,-1.E0));
#6907=VECTOR('',#6906,2.E-3);
#6908=CARTESIAN_POINT('',(-1.35E0,2.E-1,1.501E0));
#6909=LINE('',#6908,#6907);
#6910=CURVE_STYLE('',#32,POSITIVE_LENGTH_MEASURE(2.E-2),#19);
#6911=PRESENTATION_STYLE_ASSIGNMENT((#6910));
#6912=STYLED_ITEM('',(#6911),#6909);
#6913=CARTESIAN_POINT('',(-1.469E0,2.E-1,1.501E0));
#6914=DIRECTION('',(0.E0,1.E0,0.E0));
#6915=DIRECTION('',(0.E0,0.E0,1.E0));
#6916=AXIS2_PLACEMENT_3D('',#6913,#6914,#6915);
#6918=CURVE_STYLE('',#32,POSITIVE_LENGTH_MEASURE(2.E-2),#19);
#6919=PRESENTATION_STYLE_ASSIGNMENT((#6918));
#6920=STYLED_ITEM('',(#6919),#6917);
#6921=DIRECTION('',(1.E0,0.E0,0.E0));
#6922=VECTOR('',#6921,2.81E-1);
#6923=CARTESIAN_POINT('',(-1.75E0,2.E-1,1.62E0));
#6924=LINE('',#6923,#6922);
#6925=CURVE_STYLE('',#32,POSITIVE_LENGTH_MEASURE(2.E-2),#19);
#6926=PRESENTATION_STYLE_ASSIGNMENT((#6925));
#6927=STYLED_ITEM('',(#6926),#6924);
#6928=CARTESIAN_POINT('',(-1.469E0,0.E0,1.62E0));
#6929=CARTESIAN_POINT('',(-1.35E0,0.E0,1.501E0));
#6930=VERTEX_POINT('',#6928);
#6931=VERTEX_POINT('',#6929);
#6932=CARTESIAN_POINT('',(-1.35E0,0.E0,1.499E0));
#6933=VERTEX_POINT('',#6932);
#6934=CARTESIAN_POINT('',(-1.469E0,0.E0,1.38E0));
#6935=VERTEX_POINT('',#6934);
#6936=CARTESIAN_POINT('',(-1.469E0,2.E-1,1.62E0));
#6937=CARTESIAN_POINT('',(-1.35E0,2.E-1,1.501E0));
#6938=VERTEX_POINT('',#6936);
#6939=VERTEX_POINT('',#6937);
#6940=CARTESIAN_POINT('',(-1.35E0,2.E-1,1.499E0));
#6941=VERTEX_POINT('',#6940);
#6942=CARTESIAN_POINT('',(-1.469E0,2.E-1,1.38E0));
#6943=VERTEX_POINT('',#6942);
#6944=CARTESIAN_POINT('',(-1.75E0,0.E0,1.62E0));
#6945=CARTESIAN_POINT('',(-1.75E0,0.E0,1.38E0));
#6946=VERTEX_POINT('',#6944);
#6947=VERTEX_POINT('',#6945);
#6948=CARTESIAN_POINT('',(-1.75E0,2.E-1,1.62E0));
#6949=CARTESIAN_POINT('',(-1.75E0,2.E-1,1.38E0));
#6950=VERTEX_POINT('',#6948);
#6951=VERTEX_POINT('',#6949);
#6952=CARTESIAN_POINT('',(0.E0,0.E0,0.E0));
#6953=DIRECTION('',(0.E0,1.E0,0.E0));
#6954=DIRECTION('',(1.E0,0.E0,0.E0));
#6955=AXIS2_PLACEMENT_3D('',#6952,#6953,#6954);
#6956=PLANE('',#6955);
#6958=ORIENTED_EDGE('',*,*,#6957,.F.);
#6960=ORIENTED_EDGE('',*,*,#6959,.T.);
#6962=ORIENTED_EDGE('',*,*,#6961,.T.);
#6964=ORIENTED_EDGE('',*,*,#6963,.T.);
#6966=ORIENTED_EDGE('',*,*,#6965,.T.);
#6968=ORIENTED_EDGE('',*,*,#6967,.T.);
#6969=EDGE_LOOP('',(#6958,#6960,#6962,#6964,#6966,#6968));
#6970=FACE_OUTER_BOUND('',#6969,.F.);
#6972=CARTESIAN_POINT('',(-1.75E0,0.E0,3.5E0));
#6973=DIRECTION('',(1.E0,0.E0,0.E0));
#6974=DIRECTION('',(0.E0,0.E0,-1.E0));
#6975=AXIS2_PLACEMENT_3D('',#6972,#6973,#6974);
#6976=PLANE('',#6975);
#6977=ORIENTED_EDGE('',*,*,#6957,.T.);
#6979=ORIENTED_EDGE('',*,*,#6978,.T.);
#6981=ORIENTED_EDGE('',*,*,#6980,.F.);
#6983=ORIENTED_EDGE('',*,*,#6982,.F.);
#6984=EDGE_LOOP('',(#6977,#6979,#6981,#6983));
#6985=FACE_OUTER_BOUND('',#6984,.F.);
#6987=FILL_AREA_STYLE_COLOUR('',#25);
#6988=FILL_AREA_STYLE('',(#6987));
#6989=SURFACE_STYLE_FILL_AREA(#6988);
#6990=SURFACE_SIDE_STYLE('',(#6989));
#6991=SURFACE_STYLE_USAGE(.POSITIVE.,#6990);
#6992=PRESENTATION_STYLE_ASSIGNMENT((#6991));
#6993=OVER_RIDING_STYLED_ITEM('',(#6992),#6986,#6797);
#6994=CARTESIAN_POINT('',(-1.469E0,0.E0,1.38E0));
#6995=DIRECTION('',(0.E0,0.E0,-1.E0));
#6996=DIRECTION('',(-1.E0,0.E0,0.E0));
#6997=AXIS2_PLACEMENT_3D('',#6994,#6995,#6996);
#6998=PLANE('',#6997);
#6999=ORIENTED_EDGE('',*,*,#6978,.F.);
#7000=ORIENTED_EDGE('',*,*,#6967,.F.);
#7002=ORIENTED_EDGE('',*,*,#7001,.T.);
#7004=ORIENTED_EDGE('',*,*,#7003,.T.);
#7005=EDGE_LOOP('',(#6999,#7000,#7002,#7004));
#7006=FACE_OUTER_BOUND('',#7005,.F.);
#7008=CARTESIAN_POINT('',(-1.469E0,0.E0,1.499E0));
#7009=DIRECTION('',(0.E0,1.E0,0.E0));
#7010=DIRECTION('',(1.E0,0.E0,0.E0));
#7011=AXIS2_PLACEMENT_3D('',#7008,#7009,#7010);
#7012=CYLINDRICAL_SURFACE('',#7011,1.19E-1);
#7013=ORIENTED_EDGE('',*,*,#6965,.F.);
#7015=ORIENTED_EDGE('',*,*,#7014,.T.);
#7017=ORIENTED_EDGE('',*,*,#7016,.T.);
#7018=ORIENTED_EDGE('',*,*,#7001,.F.);
#7019=EDGE_LOOP('',(#7013,#7015,#7017,#7018));
#7020=FACE_OUTER_BOUND('',#7019,.F.);
#7022=CARTESIAN_POINT('',(-1.35E0,0.E0,1.501E0));
#7023=DIRECTION('',(1.E0,0.E0,0.E0));
#7024=DIRECTION('',(0.E0,0.E0,-1.E0));
#7025=AXIS2_PLACEMENT_3D('',#7022,#7023,#7024);
#7026=PLANE('',#7025);
#7027=ORIENTED_EDGE('',*,*,#6963,.F.);
#7029=ORIENTED_EDGE('',*,*,#7028,.T.);
#7031=ORIENTED_EDGE('',*,*,#7030,.T.);
#7032=ORIENTED_EDGE('',*,*,#7014,.F.);
#7033=EDGE_LOOP('',(#7027,#7029,#7031,#7032));
#7034=FACE_OUTER_BOUND('',#7033,.F.);
#7036=CARTESIAN_POINT('',(-1.469E0,0.E0,1.501E0));
#7037=DIRECTION('',(0.E0,1.E0,0.E0));
#7038=DIRECTION('',(1.E0,0.E0,0.E0));
#7039=AXIS2_PLACEMENT_3D('',#7036,#7037,#7038);
#7040=CYLINDRICAL_SURFACE('',#7039,1.19E-1);
#7041=ORIENTED_EDGE('',*,*,#6961,.F.);
#7043=ORIENTED_EDGE('',*,*,#7042,.T.);
#7045=ORIENTED_EDGE('',*,*,#7044,.T.);
#7046=ORIENTED_EDGE('',*,*,#7028,.F.);
#7047=EDGE_LOOP('',(#7041,#7043,#7045,#7046));
#7048=FACE_OUTER_BOUND('',#7047,.F.);
#7050=CARTESIAN_POINT('',(-1.85E0,0.E0,1.62E0));
#7051=DIRECTION('',(0.E0,0.E0,1.E0));
#7052=DIRECTION('',(1.E0,0.E0,0.E0));
#7053=AXIS2_PLACEMENT_3D('',#7050,#7051,#7052);
#7054=PLANE('',#7053);
#7055=ORIENTED_EDGE('',*,*,#6982,.T.);
#7057=ORIENTED_EDGE('',*,*,#7056,.T.);
#7058=ORIENTED_EDGE('',*,*,#7042,.F.);
#7059=ORIENTED_EDGE('',*,*,#6959,.F.);
#7060=EDGE_LOOP('',(#7055,#7057,#7058,#7059));
#7061=FACE_OUTER_BOUND('',#7060,.F.);
#7063=CARTESIAN_POINT('',(0.E0,2.E-1,0.E0));
#7064=DIRECTION('',(0.E0,1.E0,0.E0));
#7065=DIRECTION('',(1.E0,0.E0,0.E0));
#7066=AXIS2_PLACEMENT_3D('',#7063,#7064,#7065);
#7067=PLANE('',#7066);
#7068=ORIENTED_EDGE('',*,*,#6980,.T.);
#7069=ORIENTED_EDGE('',*,*,#7003,.F.);
#7070=ORIENTED_EDGE('',*,*,#7016,.F.);
#7071=ORIENTED_EDGE('',*,*,#7030,.F.);
#7072=ORIENTED_EDGE('',*,*,#7044,.F.);
#7073=ORIENTED_EDGE('',*,*,#7056,.F.);
#7074=EDGE_LOOP('',(#7068,#7069,#7070,#7071,#7072,#7073));
#7075=FACE_OUTER_BOUND('',#7074,.F.);
#7077=CLOSED_SHELL('',(#6971,#6986,#7007,#7021,#7035,#7049,#7062,#7076));
#7078=MANIFOLD_SOLID_BREP('',#7077);
#7079=FILL_AREA_STYLE_COLOUR('',#19);
#7080=FILL_AREA_STYLE('',(#7079));
#7081=SURFACE_STYLE_FILL_AREA(#7080);
#7082=SURFACE_SIDE_STYLE('',(#7081));
#7083=SURFACE_STYLE_USAGE(.POSITIVE.,#7082);
#7084=PRESENTATION_STYLE_ASSIGNMENT((#7083));
#6797=STYLED_ITEM('',(#7084),#7078);
#7086=DIRECTION('',(0.E0,0.E0,-1.E0));
#7087=VECTOR('',#7086,2.4E-1);
#7088=CARTESIAN_POINT('',(1.75E0,0.E0,-3.8E-1));
#7089=LINE('',#7088,#7087);
#7090=CURVE_STYLE('',#32,POSITIVE_LENGTH_MEASURE(2.E-2),#19);
#7091=PRESENTATION_STYLE_ASSIGNMENT((#7090));
#7092=STYLED_ITEM('',(#7091),#7089);
#7093=DIRECTION('',(1.E0,0.E0,0.E0));
#7094=VECTOR('',#7093,2.81E-1);
#7095=CARTESIAN_POINT('',(1.469E0,0.E0,-6.2E-1));
#7096=LINE('',#7095,#7094);
#7097=CURVE_STYLE('',#32,POSITIVE_LENGTH_MEASURE(2.E-2),#19);
#7098=PRESENTATION_STYLE_ASSIGNMENT((#7097));
#7099=STYLED_ITEM('',(#7098),#7096);
#7100=CARTESIAN_POINT('',(1.469E0,0.E0,-5.01E-1));
#7101=DIRECTION('',(0.E0,-1.E0,0.E0));
#7102=DIRECTION('',(-1.E0,0.E0,0.E0));
#7103=AXIS2_PLACEMENT_3D('',#7100,#7101,#7102);
#7105=CURVE_STYLE('',#32,POSITIVE_LENGTH_MEASURE(2.E-2),#19);
#7106=PRESENTATION_STYLE_ASSIGNMENT((#7105));
#7107=STYLED_ITEM('',(#7106),#7104);
#7108=DIRECTION('',(0.E0,0.E0,-1.E0));
#7109=VECTOR('',#7108,2.E-3);
#7110=CARTESIAN_POINT('',(1.35E0,0.E0,-4.99E-1));
#7111=LINE('',#7110,#7109);
#7112=CURVE_STYLE('',#32,POSITIVE_LENGTH_MEASURE(2.E-2),#19);
#7113=PRESENTATION_STYLE_ASSIGNMENT((#7112));
#7114=STYLED_ITEM('',(#7113),#7111);
#7115=CARTESIAN_POINT('',(1.469E0,0.E0,-4.99E-1));
#7116=DIRECTION('',(0.E0,-1.E0,0.E0));
#7117=DIRECTION('',(0.E0,0.E0,1.E0));
#7118=AXIS2_PLACEMENT_3D('',#7115,#7116,#7117);
#7120=CURVE_STYLE('',#32,POSITIVE_LENGTH_MEASURE(2.E-2),#19);
#7121=PRESENTATION_STYLE_ASSIGNMENT((#7120));
#7122=STYLED_ITEM('',(#7121),#7119);
#7123=DIRECTION('',(-1.E0,0.E0,0.E0));
#7124=VECTOR('',#7123,2.81E-1);
#7125=CARTESIAN_POINT('',(1.75E0,0.E0,-3.8E-1));
#7126=LINE('',#7125,#7124);
#7127=CURVE_STYLE('',#32,POSITIVE_LENGTH_MEASURE(2.E-2),#19);
#7128=PRESENTATION_STYLE_ASSIGNMENT((#7127));
#7129=STYLED_ITEM('',(#7128),#7126);
#7130=DIRECTION('',(0.E0,1.E0,0.E0));
#7131=VECTOR('',#7130,2.E-1);
#7132=CARTESIAN_POINT('',(1.75E0,0.E0,-3.8E-1));
#7133=LINE('',#7132,#7131);
#7134=CURVE_STYLE('',#32,POSITIVE_LENGTH_MEASURE(2.E-2),#19);
#7135=PRESENTATION_STYLE_ASSIGNMENT((#7134));
#7136=STYLED_ITEM('',(#7135),#7133);
#7137=DIRECTION('',(0.E0,1.E0,0.E0));
#7138=VECTOR('',#7137,2.E-1);
#7139=CARTESIAN_POINT('',(1.469E0,0.E0,-3.8E-1));
#7140=LINE('',#7139,#7138);
#7141=CURVE_STYLE('',#32,POSITIVE_LENGTH_MEASURE(2.E-2),#19);
#7142=PRESENTATION_STYLE_ASSIGNMENT((#7141));
#7143=STYLED_ITEM('',(#7142),#7140);
#7144=DIRECTION('',(0.E0,1.E0,0.E0));
#7145=VECTOR('',#7144,2.E-1);
#7146=CARTESIAN_POINT('',(1.35E0,0.E0,-4.99E-1));
#7147=LINE('',#7146,#7145);
#7148=CURVE_STYLE('',#32,POSITIVE_LENGTH_MEASURE(2.E-2),#19);
#7149=PRESENTATION_STYLE_ASSIGNMENT((#7148));
#7150=STYLED_ITEM('',(#7149),#7147);
#7151=DIRECTION('',(0.E0,1.E0,0.E0));
#7152=VECTOR('',#7151,2.E-1);
#7153=CARTESIAN_POINT('',(1.35E0,0.E0,-5.01E-1));
#7154=LINE('',#7153,#7152);
#7155=CURVE_STYLE('',#32,POSITIVE_LENGTH_MEASURE(2.E-2),#19);
#7156=PRESENTATION_STYLE_ASSIGNMENT((#7155));
#7157=STYLED_ITEM('',(#7156),#7154);
#7158=DIRECTION('',(0.E0,1.E0,0.E0));
#7159=VECTOR('',#7158,2.E-1);
#7160=CARTESIAN_POINT('',(1.75E0,0.E0,-6.2E-1));
#7161=LINE('',#7160,#7159);
#7162=CURVE_STYLE('',#32,POSITIVE_LENGTH_MEASURE(2.E-2),#19);
#7163=PRESENTATION_STYLE_ASSIGNMENT((#7162));
#7164=STYLED_ITEM('',(#7163),#7161);
#7165=DIRECTION('',(0.E0,1.E0,0.E0));
#7166=VECTOR('',#7165,2.E-1);
#7167=CARTESIAN_POINT('',(1.469E0,0.E0,-6.2E-1));
#7168=LINE('',#7167,#7166);
#7169=CURVE_STYLE('',#32,POSITIVE_LENGTH_MEASURE(2.E-2),#19);
#7170=PRESENTATION_STYLE_ASSIGNMENT((#7169));
#7171=STYLED_ITEM('',(#7170),#7168);
#7172=DIRECTION('',(0.E0,0.E0,-1.E0));
#7173=VECTOR('',#7172,2.4E-1);
#7174=CARTESIAN_POINT('',(1.75E0,2.E-1,-3.8E-1));
#7175=LINE('',#7174,#7173);
#7176=CURVE_STYLE('',#32,POSITIVE_LENGTH_MEASURE(2.E-2),#19);
#7177=PRESENTATION_STYLE_ASSIGNMENT((#7176));
#7178=STYLED_ITEM('',(#7177),#7175);
#7179=DIRECTION('',(-1.E0,0.E0,0.E0));
#7180=VECTOR('',#7179,2.81E-1);
#7181=CARTESIAN_POINT('',(1.75E0,2.E-1,-3.8E-1));
#7182=LINE('',#7181,#7180);
#7183=CURVE_STYLE('',#32,POSITIVE_LENGTH_MEASURE(2.E-2),#19);
#7184=PRESENTATION_STYLE_ASSIGNMENT((#7183));
#7185=STYLED_ITEM('',(#7184),#7182);
#7186=CARTESIAN_POINT('',(1.469E0,2.E-1,-4.99E-1));
#7187=DIRECTION('',(0.E0,-1.E0,0.E0));
#7188=DIRECTION('',(0.E0,0.E0,1.E0));
#7189=AXIS2_PLACEMENT_3D('',#7186,#7187,#7188);
#7191=CURVE_STYLE('',#32,POSITIVE_LENGTH_MEASURE(2.E-2),#19);
#7192=PRESENTATION_STYLE_ASSIGNMENT((#7191));
#7193=STYLED_ITEM('',(#7192),#7190);
#7194=DIRECTION('',(0.E0,0.E0,-1.E0));
#7195=VECTOR('',#7194,2.E-3);
#7196=CARTESIAN_POINT('',(1.35E0,2.E-1,-4.99E-1));
#7197=LINE('',#7196,#7195);
#7198=CURVE_STYLE('',#32,POSITIVE_LENGTH_MEASURE(2.E-2),#19);
#7199=PRESENTATION_STYLE_ASSIGNMENT((#7198));
#7200=STYLED_ITEM('',(#7199),#7197);
#7201=CARTESIAN_POINT('',(1.469E0,2.E-1,-5.01E-1));
#7202=DIRECTION('',(0.E0,-1.E0,0.E0));
#7203=DIRECTION('',(-1.E0,0.E0,0.E0));
#7204=AXIS2_PLACEMENT_3D('',#7201,#7202,#7203);
#7206=CURVE_STYLE('',#32,POSITIVE_LENGTH_MEASURE(2.E-2),#19);
#7207=PRESENTATION_STYLE_ASSIGNMENT((#7206));
#7208=STYLED_ITEM('',(#7207),#7205);
#7209=DIRECTION('',(1.E0,0.E0,0.E0));
#7210=VECTOR('',#7209,2.81E-1);
#7211=CARTESIAN_POINT('',(1.469E0,2.E-1,-6.2E-1));
#7212=LINE('',#7211,#7210);
#7213=CURVE_STYLE('',#32,POSITIVE_LENGTH_MEASURE(2.E-2),#19);
#7214=PRESENTATION_STYLE_ASSIGNMENT((#7213));
#7215=STYLED_ITEM('',(#7214),#7212);
#7216=CARTESIAN_POINT('',(1.469E0,0.E0,-3.8E-1));
#7217=CARTESIAN_POINT('',(1.35E0,0.E0,-4.99E-1));
#7218=VERTEX_POINT('',#7216);
#7219=VERTEX_POINT('',#7217);
#7220=CARTESIAN_POINT('',(1.35E0,0.E0,-5.01E-1));
#7221=VERTEX_POINT('',#7220);
#7222=CARTESIAN_POINT('',(1.469E0,0.E0,-6.2E-1));
#7223=VERTEX_POINT('',#7222);
#7224=CARTESIAN_POINT('',(1.469E0,2.E-1,-3.8E-1));
#7225=CARTESIAN_POINT('',(1.35E0,2.E-1,-4.99E-1));
#7226=VERTEX_POINT('',#7224);
#7227=VERTEX_POINT('',#7225);
#7228=CARTESIAN_POINT('',(1.35E0,2.E-1,-5.01E-1));
#7229=VERTEX_POINT('',#7228);
#7230=CARTESIAN_POINT('',(1.469E0,2.E-1,-6.2E-1));
#7231=VERTEX_POINT('',#7230);
#7232=CARTESIAN_POINT('',(1.75E0,0.E0,-3.8E-1));
#7233=CARTESIAN_POINT('',(1.75E0,0.E0,-6.2E-1));
#7234=VERTEX_POINT('',#7232);
#7235=VERTEX_POINT('',#7233);
#7236=CARTESIAN_POINT('',(1.75E0,2.E-1,-3.8E-1));
#7237=CARTESIAN_POINT('',(1.75E0,2.E-1,-6.2E-1));
#7238=VERTEX_POINT('',#7236);
#7239=VERTEX_POINT('',#7237);
#7240=CARTESIAN_POINT('',(0.E0,0.E0,0.E0));
#7241=DIRECTION('',(0.E0,-1.E0,0.E0));
#7242=DIRECTION('',(-1.E0,0.E0,0.E0));
#7243=AXIS2_PLACEMENT_3D('',#7240,#7241,#7242);
#7244=PLANE('',#7243);
#7246=ORIENTED_EDGE('',*,*,#7245,.T.);
#7248=ORIENTED_EDGE('',*,*,#7247,.F.);
#7250=ORIENTED_EDGE('',*,*,#7249,.F.);
#7252=ORIENTED_EDGE('',*,*,#7251,.F.);
#7254=ORIENTED_EDGE('',*,*,#7253,.F.);
#7256=ORIENTED_EDGE('',*,*,#7255,.F.);
#7257=EDGE_LOOP('',(#7246,#7248,#7250,#7252,#7254,#7256));
#7258=FACE_OUTER_BOUND('',#7257,.F.);
#7260=CARTESIAN_POINT('',(1.75E0,0.E0,-3.5E0));
#7261=DIRECTION('',(-1.E0,0.E0,0.E0));
#7262=DIRECTION('',(0.E0,0.E0,1.E0));
#7263=AXIS2_PLACEMENT_3D('',#7260,#7261,#7262);
#7264=PLANE('',#7263);
#7265=ORIENTED_EDGE('',*,*,#7245,.F.);
#7267=ORIENTED_EDGE('',*,*,#7266,.T.);
#7269=ORIENTED_EDGE('',*,*,#7268,.T.);
#7271=ORIENTED_EDGE('',*,*,#7270,.F.);
#7272=EDGE_LOOP('',(#7265,#7267,#7269,#7271));
#7273=FACE_OUTER_BOUND('',#7272,.F.);
#7275=FILL_AREA_STYLE_COLOUR('',#25);
#7276=FILL_AREA_STYLE('',(#7275));
#7277=SURFACE_STYLE_FILL_AREA(#7276);
#7278=SURFACE_SIDE_STYLE('',(#7277));
#7279=SURFACE_STYLE_USAGE(.POSITIVE.,#7278);
#7280=PRESENTATION_STYLE_ASSIGNMENT((#7279));
#7281=OVER_RIDING_STYLED_ITEM('',(#7280),#7274,#7085);
#7282=CARTESIAN_POINT('',(1.85E0,0.E0,-3.8E-1));
#7283=DIRECTION('',(0.E0,0.E0,-1.E0));
#7284=DIRECTION('',(-1.E0,0.E0,0.E0));
#7285=AXIS2_PLACEMENT_3D('',#7282,#7283,#7284);
#7286=PLANE('',#7285);
#7287=ORIENTED_EDGE('',*,*,#7266,.F.);
#7288=ORIENTED_EDGE('',*,*,#7255,.T.);
#7290=ORIENTED_EDGE('',*,*,#7289,.T.);
#7292=ORIENTED_EDGE('',*,*,#7291,.F.);
#7293=EDGE_LOOP('',(#7287,#7288,#7290,#7292));
#7294=FACE_OUTER_BOUND('',#7293,.F.);
#7296=CARTESIAN_POINT('',(1.469E0,0.E0,-4.99E-1));
#7297=DIRECTION('',(0.E0,-1.E0,0.E0));
#7298=DIRECTION('',(-1.E0,0.E0,0.E0));
#7299=AXIS2_PLACEMENT_3D('',#7296,#7297,#7298);
#7300=CYLINDRICAL_SURFACE('',#7299,1.19E-1);
#7301=ORIENTED_EDGE('',*,*,#7253,.T.);
#7303=ORIENTED_EDGE('',*,*,#7302,.T.);
#7305=ORIENTED_EDGE('',*,*,#7304,.F.);
#7306=ORIENTED_EDGE('',*,*,#7289,.F.);
#7307=EDGE_LOOP('',(#7301,#7303,#7305,#7306));
#7308=FACE_OUTER_BOUND('',#7307,.F.);
#7310=CARTESIAN_POINT('',(1.35E0,0.E0,-4.99E-1));
#7311=DIRECTION('',(1.E0,0.E0,0.E0));
#7312=DIRECTION('',(0.E0,0.E0,-1.E0));
#7313=AXIS2_PLACEMENT_3D('',#7310,#7311,#7312);
#7314=PLANE('',#7313);
#7315=ORIENTED_EDGE('',*,*,#7251,.T.);
#7317=ORIENTED_EDGE('',*,*,#7316,.T.);
#7319=ORIENTED_EDGE('',*,*,#7318,.F.);
#7320=ORIENTED_EDGE('',*,*,#7302,.F.);
#7321=EDGE_LOOP('',(#7315,#7317,#7319,#7320));
#7322=FACE_OUTER_BOUND('',#7321,.F.);
#7324=CARTESIAN_POINT('',(1.469E0,0.E0,-5.01E-1));
#7325=DIRECTION('',(0.E0,-1.E0,0.E0));
#7326=DIRECTION('',(-1.E0,0.E0,0.E0));
#7327=AXIS2_PLACEMENT_3D('',#7324,#7325,#7326);
#7328=CYLINDRICAL_SURFACE('',#7327,1.19E-1);
#7329=ORIENTED_EDGE('',*,*,#7249,.T.);
#7331=ORIENTED_EDGE('',*,*,#7330,.T.);
#7333=ORIENTED_EDGE('',*,*,#7332,.F.);
#7334=ORIENTED_EDGE('',*,*,#7316,.F.);
#7335=EDGE_LOOP('',(#7329,#7331,#7333,#7334));
#7336=FACE_OUTER_BOUND('',#7335,.F.);
#7338=CARTESIAN_POINT('',(1.469E0,0.E0,-6.2E-1));
#7339=DIRECTION('',(0.E0,0.E0,1.E0));
#7340=DIRECTION('',(1.E0,0.E0,0.E0));
#7341=AXIS2_PLACEMENT_3D('',#7338,#7339,#7340);
#7342=PLANE('',#7341);
#7343=ORIENTED_EDGE('',*,*,#7270,.T.);
#7345=ORIENTED_EDGE('',*,*,#7344,.F.);
#7346=ORIENTED_EDGE('',*,*,#7330,.F.);
#7347=ORIENTED_EDGE('',*,*,#7247,.T.);
#7348=EDGE_LOOP('',(#7343,#7345,#7346,#7347));
#7349=FACE_OUTER_BOUND('',#7348,.F.);
#7351=CARTESIAN_POINT('',(0.E0,2.E-1,0.E0));
#7352=DIRECTION('',(0.E0,-1.E0,0.E0));
#7353=DIRECTION('',(-1.E0,0.E0,0.E0));
#7354=AXIS2_PLACEMENT_3D('',#7351,#7352,#7353);
#7355=PLANE('',#7354);
#7356=ORIENTED_EDGE('',*,*,#7268,.F.);
#7357=ORIENTED_EDGE('',*,*,#7291,.T.);
#7358=ORIENTED_EDGE('',*,*,#7304,.T.);
#7359=ORIENTED_EDGE('',*,*,#7318,.T.);
#7360=ORIENTED_EDGE('',*,*,#7332,.T.);
#7361=ORIENTED_EDGE('',*,*,#7344,.T.);
#7362=EDGE_LOOP('',(#7356,#7357,#7358,#7359,#7360,#7361));
#7363=FACE_OUTER_BOUND('',#7362,.F.);
#7365=CLOSED_SHELL('',(#7259,#7274,#7295,#7309,#7323,#7337,#7350,#7364));
#7366=MANIFOLD_SOLID_BREP('',#7365);
#7367=FILL_AREA_STYLE_COLOUR('',#19);
#7368=FILL_AREA_STYLE('',(#7367));
#7369=SURFACE_STYLE_FILL_AREA(#7368);
#7370=SURFACE_SIDE_STYLE('',(#7369));
#7371=SURFACE_STYLE_USAGE(.POSITIVE.,#7370);
#7372=PRESENTATION_STYLE_ASSIGNMENT((#7371));
#7085=STYLED_ITEM('',(#7372),#7366);
#7374=DIRECTION('',(0.E0,0.E0,-1.E0));
#7375=VECTOR('',#7374,2.4E-1);
#7376=CARTESIAN_POINT('',(1.75E0,0.E0,1.2E-1));
#7377=LINE('',#7376,#7375);
#7378=CURVE_STYLE('',#32,POSITIVE_LENGTH_MEASURE(2.E-2),#19);
#7379=PRESENTATION_STYLE_ASSIGNMENT((#7378));
#7380=STYLED_ITEM('',(#7379),#7377);
#7381=DIRECTION('',(1.E0,0.E0,0.E0));
#7382=VECTOR('',#7381,2.81E-1);
#7383=CARTESIAN_POINT('',(1.469E0,0.E0,-1.2E-1));
#7384=LINE('',#7383,#7382);
#7385=CURVE_STYLE('',#32,POSITIVE_LENGTH_MEASURE(2.E-2),#19);
#7386=PRESENTATION_STYLE_ASSIGNMENT((#7385));
#7387=STYLED_ITEM('',(#7386),#7384);
#7388=CARTESIAN_POINT('',(1.469E0,0.E0,-1.E-3));
#7389=DIRECTION('',(0.E0,-1.E0,0.E0));
#7390=DIRECTION('',(-1.E0,0.E0,0.E0));
#7391=AXIS2_PLACEMENT_3D('',#7388,#7389,#7390);
#7393=CURVE_STYLE('',#32,POSITIVE_LENGTH_MEASURE(2.E-2),#19);
#7394=PRESENTATION_STYLE_ASSIGNMENT((#7393));
#7395=STYLED_ITEM('',(#7394),#7392);
#7396=DIRECTION('',(0.E0,0.E0,-1.E0));
#7397=VECTOR('',#7396,2.E-3);
#7398=CARTESIAN_POINT('',(1.35E0,0.E0,1.E-3));
#7399=LINE('',#7398,#7397);
#7400=CURVE_STYLE('',#32,POSITIVE_LENGTH_MEASURE(2.E-2),#19);
#7401=PRESENTATION_STYLE_ASSIGNMENT((#7400));
#7402=STYLED_ITEM('',(#7401),#7399);
#7403=CARTESIAN_POINT('',(1.469E0,0.E0,1.E-3));
#7404=DIRECTION('',(0.E0,-1.E0,0.E0));
#7405=DIRECTION('',(0.E0,0.E0,1.E0));
#7406=AXIS2_PLACEMENT_3D('',#7403,#7404,#7405);
#7408=CURVE_STYLE('',#32,POSITIVE_LENGTH_MEASURE(2.E-2),#19);
#7409=PRESENTATION_STYLE_ASSIGNMENT((#7408));
#7410=STYLED_ITEM('',(#7409),#7407);
#7411=DIRECTION('',(-1.E0,0.E0,0.E0));
#7412=VECTOR('',#7411,2.81E-1);
#7413=CARTESIAN_POINT('',(1.75E0,0.E0,1.2E-1));
#7414=LINE('',#7413,#7412);
#7415=CURVE_STYLE('',#32,POSITIVE_LENGTH_MEASURE(2.E-2),#19);
#7416=PRESENTATION_STYLE_ASSIGNMENT((#7415));
#7417=STYLED_ITEM('',(#7416),#7414);
#7418=DIRECTION('',(0.E0,1.E0,0.E0));
#7419=VECTOR('',#7418,2.E-1);
#7420=CARTESIAN_POINT('',(1.75E0,0.E0,1.2E-1));
#7421=LINE('',#7420,#7419);
#7422=CURVE_STYLE('',#32,POSITIVE_LENGTH_MEASURE(2.E-2),#19);
#7423=PRESENTATION_STYLE_ASSIGNMENT((#7422));
#7424=STYLED_ITEM('',(#7423),#7421);
#7425=DIRECTION('',(0.E0,1.E0,0.E0));
#7426=VECTOR('',#7425,2.E-1);
#7427=CARTESIAN_POINT('',(1.469E0,0.E0,1.2E-1));
#7428=LINE('',#7427,#7426);
#7429=CURVE_STYLE('',#32,POSITIVE_LENGTH_MEASURE(2.E-2),#19);
#7430=PRESENTATION_STYLE_ASSIGNMENT((#7429));
#7431=STYLED_ITEM('',(#7430),#7428);
#7432=DIRECTION('',(0.E0,1.E0,0.E0));
#7433=VECTOR('',#7432,2.E-1);
#7434=CARTESIAN_POINT('',(1.35E0,0.E0,1.E-3));
#7435=LINE('',#7434,#7433);
#7436=CURVE_STYLE('',#32,POSITIVE_LENGTH_MEASURE(2.E-2),#19);
#7437=PRESENTATION_STYLE_ASSIGNMENT((#7436));
#7438=STYLED_ITEM('',(#7437),#7435);
#7439=DIRECTION('',(0.E0,1.E0,0.E0));
#7440=VECTOR('',#7439,2.E-1);
#7441=CARTESIAN_POINT('',(1.35E0,0.E0,-1.E-3));
#7442=LINE('',#7441,#7440);
#7443=CURVE_STYLE('',#32,POSITIVE_LENGTH_MEASURE(2.E-2),#19);
#7444=PRESENTATION_STYLE_ASSIGNMENT((#7443));
#7445=STYLED_ITEM('',(#7444),#7442);
#7446=DIRECTION('',(0.E0,1.E0,0.E0));
#7447=VECTOR('',#7446,2.E-1);
#7448=CARTESIAN_POINT('',(1.75E0,0.E0,-1.2E-1));
#7449=LINE('',#7448,#7447);
#7450=CURVE_STYLE('',#32,POSITIVE_LENGTH_MEASURE(2.E-2),#19);
#7451=PRESENTATION_STYLE_ASSIGNMENT((#7450));
#7452=STYLED_ITEM('',(#7451),#7449);
#7453=DIRECTION('',(0.E0,1.E0,0.E0));
#7454=VECTOR('',#7453,2.E-1);
#7455=CARTESIAN_POINT('',(1.469E0,0.E0,-1.2E-1));
#7456=LINE('',#7455,#7454);
#7457=CURVE_STYLE('',#32,POSITIVE_LENGTH_MEASURE(2.E-2),#19);
#7458=PRESENTATION_STYLE_ASSIGNMENT((#7457));
#7459=STYLED_ITEM('',(#7458),#7456);
#7460=DIRECTION('',(0.E0,0.E0,-1.E0));
#7461=VECTOR('',#7460,2.4E-1);
#7462=CARTESIAN_POINT('',(1.75E0,2.E-1,1.2E-1));
#7463=LINE('',#7462,#7461);
#7464=CURVE_STYLE('',#32,POSITIVE_LENGTH_MEASURE(2.E-2),#19);
#7465=PRESENTATION_STYLE_ASSIGNMENT((#7464));
#7466=STYLED_ITEM('',(#7465),#7463);
#7467=DIRECTION('',(-1.E0,0.E0,0.E0));
#7468=VECTOR('',#7467,2.81E-1);
#7469=CARTESIAN_POINT('',(1.75E0,2.E-1,1.2E-1));
#7470=LINE('',#7469,#7468);
#7471=CURVE_STYLE('',#32,POSITIVE_LENGTH_MEASURE(2.E-2),#19);
#7472=PRESENTATION_STYLE_ASSIGNMENT((#7471));
#7473=STYLED_ITEM('',(#7472),#7470);
#7474=CARTESIAN_POINT('',(1.469E0,2.E-1,1.E-3));
#7475=DIRECTION('',(0.E0,-1.E0,0.E0));
#7476=DIRECTION('',(0.E0,0.E0,1.E0));
#7477=AXIS2_PLACEMENT_3D('',#7474,#7475,#7476);
#7479=CURVE_STYLE('',#32,POSITIVE_LENGTH_MEASURE(2.E-2),#19);
#7480=PRESENTATION_STYLE_ASSIGNMENT((#7479));
#7481=STYLED_ITEM('',(#7480),#7478);
#7482=DIRECTION('',(0.E0,0.E0,-1.E0));
#7483=VECTOR('',#7482,2.E-3);
#7484=CARTESIAN_POINT('',(1.35E0,2.E-1,1.E-3));
#7485=LINE('',#7484,#7483);
#7486=CURVE_STYLE('',#32,POSITIVE_LENGTH_MEASURE(2.E-2),#19);
#7487=PRESENTATION_STYLE_ASSIGNMENT((#7486));
#7488=STYLED_ITEM('',(#7487),#7485);
#7489=CARTESIAN_POINT('',(1.469E0,2.E-1,-1.E-3));
#7490=DIRECTION('',(0.E0,-1.E0,0.E0));
#7491=DIRECTION('',(-1.E0,0.E0,0.E0));
#7492=AXIS2_PLACEMENT_3D('',#7489,#7490,#7491);
#7494=CURVE_STYLE('',#32,POSITIVE_LENGTH_MEASURE(2.E-2),#19);
#7495=PRESENTATION_STYLE_ASSIGNMENT((#7494));
#7496=STYLED_ITEM('',(#7495),#7493);
#7497=DIRECTION('',(1.E0,0.E0,0.E0));
#7498=VECTOR('',#7497,2.81E-1);
#7499=CARTESIAN_POINT('',(1.469E0,2.E-1,-1.2E-1));
#7500=LINE('',#7499,#7498);
#7501=CURVE_STYLE('',#32,POSITIVE_LENGTH_MEASURE(2.E-2),#19);
#7502=PRESENTATION_STYLE_ASSIGNMENT((#7501));
#7503=STYLED_ITEM('',(#7502),#7500);
#7504=CARTESIAN_POINT('',(1.469E0,0.E0,1.2E-1));
#7505=CARTESIAN_POINT('',(1.35E0,0.E0,1.E-3));
#7506=VERTEX_POINT('',#7504);
#7507=VERTEX_POINT('',#7505);
#7508=CARTESIAN_POINT('',(1.35E0,0.E0,-1.E-3));
#7509=VERTEX_POINT('',#7508);
#7510=CARTESIAN_POINT('',(1.469E0,0.E0,-1.2E-1));
#7511=VERTEX_POINT('',#7510);
#7512=CARTESIAN_POINT('',(1.469E0,2.E-1,1.2E-1));
#7513=CARTESIAN_POINT('',(1.35E0,2.E-1,1.E-3));
#7514=VERTEX_POINT('',#7512);
#7515=VERTEX_POINT('',#7513);
#7516=CARTESIAN_POINT('',(1.35E0,2.E-1,-1.E-3));
#7517=VERTEX_POINT('',#7516);
#7518=CARTESIAN_POINT('',(1.469E0,2.E-1,-1.2E-1));
#7519=VERTEX_POINT('',#7518);
#7520=CARTESIAN_POINT('',(1.75E0,0.E0,1.2E-1));
#7521=CARTESIAN_POINT('',(1.75E0,0.E0,-1.2E-1));
#7522=VERTEX_POINT('',#7520);
#7523=VERTEX_POINT('',#7521);
#7524=CARTESIAN_POINT('',(1.75E0,2.E-1,1.2E-1));
#7525=CARTESIAN_POINT('',(1.75E0,2.E-1,-1.2E-1));
#7526=VERTEX_POINT('',#7524);
#7527=VERTEX_POINT('',#7525);
#7528=CARTESIAN_POINT('',(0.E0,0.E0,0.E0));
#7529=DIRECTION('',(0.E0,-1.E0,0.E0));
#7530=DIRECTION('',(-1.E0,0.E0,0.E0));
#7531=AXIS2_PLACEMENT_3D('',#7528,#7529,#7530);
#7532=PLANE('',#7531);
#7534=ORIENTED_EDGE('',*,*,#7533,.T.);
#7536=ORIENTED_EDGE('',*,*,#7535,.F.);
#7538=ORIENTED_EDGE('',*,*,#7537,.F.);
#7540=ORIENTED_EDGE('',*,*,#7539,.F.);
#7542=ORIENTED_EDGE('',*,*,#7541,.F.);
#7544=ORIENTED_EDGE('',*,*,#7543,.F.);
#7545=EDGE_LOOP('',(#7534,#7536,#7538,#7540,#7542,#7544));
#7546=FACE_OUTER_BOUND('',#7545,.F.);
#7548=CARTESIAN_POINT('',(1.75E0,0.E0,-3.5E0));
#7549=DIRECTION('',(-1.E0,0.E0,0.E0));
#7550=DIRECTION('',(0.E0,0.E0,1.E0));
#7551=AXIS2_PLACEMENT_3D('',#7548,#7549,#7550);
#7552=PLANE('',#7551);
#7553=ORIENTED_EDGE('',*,*,#7533,.F.);
#7555=ORIENTED_EDGE('',*,*,#7554,.T.);
#7557=ORIENTED_EDGE('',*,*,#7556,.T.);
#7559=ORIENTED_EDGE('',*,*,#7558,.F.);
#7560=EDGE_LOOP('',(#7553,#7555,#7557,#7559));
#7561=FACE_OUTER_BOUND('',#7560,.F.);
#7563=FILL_AREA_STYLE_COLOUR('',#25);
#7564=FILL_AREA_STYLE('',(#7563));
#7565=SURFACE_STYLE_FILL_AREA(#7564);
#7566=SURFACE_SIDE_STYLE('',(#7565));
#7567=SURFACE_STYLE_USAGE(.POSITIVE.,#7566);
#7568=PRESENTATION_STYLE_ASSIGNMENT((#7567));
#7569=OVER_RIDING_STYLED_ITEM('',(#7568),#7562,#7373);
#7570=CARTESIAN_POINT('',(1.85E0,0.E0,1.2E-1));
#7571=DIRECTION('',(0.E0,0.E0,-1.E0));
#7572=DIRECTION('',(-1.E0,0.E0,0.E0));
#7573=AXIS2_PLACEMENT_3D('',#7570,#7571,#7572);
#7574=PLANE('',#7573);
#7575=ORIENTED_EDGE('',*,*,#7554,.F.);
#7576=ORIENTED_EDGE('',*,*,#7543,.T.);
#7578=ORIENTED_EDGE('',*,*,#7577,.T.);
#7580=ORIENTED_EDGE('',*,*,#7579,.F.);
#7581=EDGE_LOOP('',(#7575,#7576,#7578,#7580));
#7582=FACE_OUTER_BOUND('',#7581,.F.);
#7584=CARTESIAN_POINT('',(1.469E0,0.E0,1.E-3));
#7585=DIRECTION('',(0.E0,-1.E0,0.E0));
#7586=DIRECTION('',(-1.E0,0.E0,0.E0));
#7587=AXIS2_PLACEMENT_3D('',#7584,#7585,#7586);
#7588=CYLINDRICAL_SURFACE('',#7587,1.19E-1);
#7589=ORIENTED_EDGE('',*,*,#7541,.T.);
#7591=ORIENTED_EDGE('',*,*,#7590,.T.);
#7593=ORIENTED_EDGE('',*,*,#7592,.F.);
#7594=ORIENTED_EDGE('',*,*,#7577,.F.);
#7595=EDGE_LOOP('',(#7589,#7591,#7593,#7594));
#7596=FACE_OUTER_BOUND('',#7595,.F.);
#7598=CARTESIAN_POINT('',(1.35E0,0.E0,1.E-3));
#7599=DIRECTION('',(1.E0,0.E0,0.E0));
#7600=DIRECTION('',(0.E0,0.E0,-1.E0));
#7601=AXIS2_PLACEMENT_3D('',#7598,#7599,#7600);
#7602=PLANE('',#7601);
#7603=ORIENTED_EDGE('',*,*,#7539,.T.);
#7605=ORIENTED_EDGE('',*,*,#7604,.T.);
#7607=ORIENTED_EDGE('',*,*,#7606,.F.);
#7608=ORIENTED_EDGE('',*,*,#7590,.F.);
#7609=EDGE_LOOP('',(#7603,#7605,#7607,#7608));
#7610=FACE_OUTER_BOUND('',#7609,.F.);
#7612=CARTESIAN_POINT('',(1.469E0,0.E0,-1.E-3));
#7613=DIRECTION('',(0.E0,-1.E0,0.E0));
#7614=DIRECTION('',(-1.E0,0.E0,0.E0));
#7615=AXIS2_PLACEMENT_3D('',#7612,#7613,#7614);
#7616=CYLINDRICAL_SURFACE('',#7615,1.19E-1);
#7617=ORIENTED_EDGE('',*,*,#7537,.T.);
#7619=ORIENTED_EDGE('',*,*,#7618,.T.);
#7621=ORIENTED_EDGE('',*,*,#7620,.F.);
#7622=ORIENTED_EDGE('',*,*,#7604,.F.);
#7623=EDGE_LOOP('',(#7617,#7619,#7621,#7622));
#7624=FACE_OUTER_BOUND('',#7623,.F.);
#7626=CARTESIAN_POINT('',(1.469E0,0.E0,-1.2E-1));
#7627=DIRECTION('',(0.E0,0.E0,1.E0));
#7628=DIRECTION('',(1.E0,0.E0,0.E0));
#7629=AXIS2_PLACEMENT_3D('',#7626,#7627,#7628);
#7630=PLANE('',#7629);
#7631=ORIENTED_EDGE('',*,*,#7558,.T.);
#7633=ORIENTED_EDGE('',*,*,#7632,.F.);
#7634=ORIENTED_EDGE('',*,*,#7618,.F.);
#7635=ORIENTED_EDGE('',*,*,#7535,.T.);
#7636=EDGE_LOOP('',(#7631,#7633,#7634,#7635));
#7637=FACE_OUTER_BOUND('',#7636,.F.);
#7639=CARTESIAN_POINT('',(0.E0,2.E-1,0.E0));
#7640=DIRECTION('',(0.E0,-1.E0,0.E0));
#7641=DIRECTION('',(-1.E0,0.E0,0.E0));
#7642=AXIS2_PLACEMENT_3D('',#7639,#7640,#7641);
#7643=PLANE('',#7642);
#7644=ORIENTED_EDGE('',*,*,#7556,.F.);
#7645=ORIENTED_EDGE('',*,*,#7579,.T.);
#7646=ORIENTED_EDGE('',*,*,#7592,.T.);
#7647=ORIENTED_EDGE('',*,*,#7606,.T.);
#7648=ORIENTED_EDGE('',*,*,#7620,.T.);
#7649=ORIENTED_EDGE('',*,*,#7632,.T.);
#7650=EDGE_LOOP('',(#7644,#7645,#7646,#7647,#7648,#7649));
#7651=FACE_OUTER_BOUND('',#7650,.F.);
#7653=CLOSED_SHELL('',(#7547,#7562,#7583,#7597,#7611,#7625,#7638,#7652));
#7654=MANIFOLD_SOLID_BREP('',#7653);
#7655=FILL_AREA_STYLE_COLOUR('',#19);
#7656=FILL_AREA_STYLE('',(#7655));
#7657=SURFACE_STYLE_FILL_AREA(#7656);
#7658=SURFACE_SIDE_STYLE('',(#7657));
#7659=SURFACE_STYLE_USAGE(.POSITIVE.,#7658);
#7660=PRESENTATION_STYLE_ASSIGNMENT((#7659));
#7373=STYLED_ITEM('',(#7660),#7654);
#7662=DIRECTION('',(0.E0,0.E0,-1.E0));
#7663=VECTOR('',#7662,2.4E-1);
#7664=CARTESIAN_POINT('',(1.75E0,0.E0,6.2E-1));
#7665=LINE('',#7664,#7663);
#7666=CURVE_STYLE('',#32,POSITIVE_LENGTH_MEASURE(2.E-2),#19);
#7667=PRESENTATION_STYLE_ASSIGNMENT((#7666));
#7668=STYLED_ITEM('',(#7667),#7665);
#7669=DIRECTION('',(1.E0,0.E0,0.E0));
#7670=VECTOR('',#7669,2.81E-1);
#7671=CARTESIAN_POINT('',(1.469E0,0.E0,3.8E-1));
#7672=LINE('',#7671,#7670);
#7673=CURVE_STYLE('',#32,POSITIVE_LENGTH_MEASURE(2.E-2),#19);
#7674=PRESENTATION_STYLE_ASSIGNMENT((#7673));
#7675=STYLED_ITEM('',(#7674),#7672);
#7676=CARTESIAN_POINT('',(1.469E0,0.E0,4.99E-1));
#7677=DIRECTION('',(0.E0,-1.E0,0.E0));
#7678=DIRECTION('',(-1.E0,0.E0,0.E0));
#7679=AXIS2_PLACEMENT_3D('',#7676,#7677,#7678);
#7681=CURVE_STYLE('',#32,POSITIVE_LENGTH_MEASURE(2.E-2),#19);
#7682=PRESENTATION_STYLE_ASSIGNMENT((#7681));
#7683=STYLED_ITEM('',(#7682),#7680);
#7684=DIRECTION('',(0.E0,0.E0,-1.E0));
#7685=VECTOR('',#7684,2.E-3);
#7686=CARTESIAN_POINT('',(1.35E0,0.E0,5.01E-1));
#7687=LINE('',#7686,#7685);
#7688=CURVE_STYLE('',#32,POSITIVE_LENGTH_MEASURE(2.E-2),#19);
#7689=PRESENTATION_STYLE_ASSIGNMENT((#7688));
#7690=STYLED_ITEM('',(#7689),#7687);
#7691=CARTESIAN_POINT('',(1.469E0,0.E0,5.01E-1));
#7692=DIRECTION('',(0.E0,-1.E0,0.E0));
#7693=DIRECTION('',(0.E0,0.E0,1.E0));
#7694=AXIS2_PLACEMENT_3D('',#7691,#7692,#7693);
#7696=CURVE_STYLE('',#32,POSITIVE_LENGTH_MEASURE(2.E-2),#19);
#7697=PRESENTATION_STYLE_ASSIGNMENT((#7696));
#7698=STYLED_ITEM('',(#7697),#7695);
#7699=DIRECTION('',(-1.E0,0.E0,0.E0));
#7700=VECTOR('',#7699,2.81E-1);
#7701=CARTESIAN_POINT('',(1.75E0,0.E0,6.2E-1));
#7702=LINE('',#7701,#7700);
#7703=CURVE_STYLE('',#32,POSITIVE_LENGTH_MEASURE(2.E-2),#19);
#7704=PRESENTATION_STYLE_ASSIGNMENT((#7703));
#7705=STYLED_ITEM('',(#7704),#7702);
#7706=DIRECTION('',(0.E0,1.E0,0.E0));
#7707=VECTOR('',#7706,2.E-1);
#7708=CARTESIAN_POINT('',(1.75E0,0.E0,6.2E-1));
#7709=LINE('',#7708,#7707);
#7710=CURVE_STYLE('',#32,POSITIVE_LENGTH_MEASURE(2.E-2),#19);
#7711=PRESENTATION_STYLE_ASSIGNMENT((#7710));
#7712=STYLED_ITEM('',(#7711),#7709);
#7713=DIRECTION('',(0.E0,1.E0,0.E0));
#7714=VECTOR('',#7713,2.E-1);
#7715=CARTESIAN_POINT('',(1.469E0,0.E0,6.2E-1));
#7716=LINE('',#7715,#7714);
#7717=CURVE_STYLE('',#32,POSITIVE_LENGTH_MEASURE(2.E-2),#19);
#7718=PRESENTATION_STYLE_ASSIGNMENT((#7717));
#7719=STYLED_ITEM('',(#7718),#7716);
#7720=DIRECTION('',(0.E0,1.E0,0.E0));
#7721=VECTOR('',#7720,2.E-1);
#7722=CARTESIAN_POINT('',(1.35E0,0.E0,5.01E-1));
#7723=LINE('',#7722,#7721);
#7724=CURVE_STYLE('',#32,POSITIVE_LENGTH_MEASURE(2.E-2),#19);
#7725=PRESENTATION_STYLE_ASSIGNMENT((#7724));
#7726=STYLED_ITEM('',(#7725),#7723);
#7727=DIRECTION('',(0.E0,1.E0,0.E0));
#7728=VECTOR('',#7727,2.E-1);
#7729=CARTESIAN_POINT('',(1.35E0,0.E0,4.99E-1));
#7730=LINE('',#7729,#7728);
#7731=CURVE_STYLE('',#32,POSITIVE_LENGTH_MEASURE(2.E-2),#19);
#7732=PRESENTATION_STYLE_ASSIGNMENT((#7731));
#7733=STYLED_ITEM('',(#7732),#7730);
#7734=DIRECTION('',(0.E0,1.E0,0.E0));
#7735=VECTOR('',#7734,2.E-1);
#7736=CARTESIAN_POINT('',(1.75E0,0.E0,3.8E-1));
#7737=LINE('',#7736,#7735);
#7738=CURVE_STYLE('',#32,POSITIVE_LENGTH_MEASURE(2.E-2),#19);
#7739=PRESENTATION_STYLE_ASSIGNMENT((#7738));
#7740=STYLED_ITEM('',(#7739),#7737);
#7741=DIRECTION('',(0.E0,1.E0,0.E0));
#7742=VECTOR('',#7741,2.E-1);
#7743=CARTESIAN_POINT('',(1.469E0,0.E0,3.8E-1));
#7744=LINE('',#7743,#7742);
#7745=CURVE_STYLE('',#32,POSITIVE_LENGTH_MEASURE(2.E-2),#19);
#7746=PRESENTATION_STYLE_ASSIGNMENT((#7745));
#7747=STYLED_ITEM('',(#7746),#7744);
#7748=DIRECTION('',(0.E0,0.E0,-1.E0));
#7749=VECTOR('',#7748,2.4E-1);
#7750=CARTESIAN_POINT('',(1.75E0,2.E-1,6.2E-1));
#7751=LINE('',#7750,#7749);
#7752=CURVE_STYLE('',#32,POSITIVE_LENGTH_MEASURE(2.E-2),#19);
#7753=PRESENTATION_STYLE_ASSIGNMENT((#7752));
#7754=STYLED_ITEM('',(#7753),#7751);
#7755=DIRECTION('',(-1.E0,0.E0,0.E0));
#7756=VECTOR('',#7755,2.81E-1);
#7757=CARTESIAN_POINT('',(1.75E0,2.E-1,6.2E-1));
#7758=LINE('',#7757,#7756);
#7759=CURVE_STYLE('',#32,POSITIVE_LENGTH_MEASURE(2.E-2),#19);
#7760=PRESENTATION_STYLE_ASSIGNMENT((#7759));
#7761=STYLED_ITEM('',(#7760),#7758);
#7762=CARTESIAN_POINT('',(1.469E0,2.E-1,5.01E-1));
#7763=DIRECTION('',(0.E0,-1.E0,0.E0));
#7764=DIRECTION('',(0.E0,0.E0,1.E0));
#7765=AXIS2_PLACEMENT_3D('',#7762,#7763,#7764);
#7767=CURVE_STYLE('',#32,POSITIVE_LENGTH_MEASURE(2.E-2),#19);
#7768=PRESENTATION_STYLE_ASSIGNMENT((#7767));
#7769=STYLED_ITEM('',(#7768),#7766);
#7770=DIRECTION('',(0.E0,0.E0,-1.E0));
#7771=VECTOR('',#7770,2.E-3);
#7772=CARTESIAN_POINT('',(1.35E0,2.E-1,5.01E-1));
#7773=LINE('',#7772,#7771);
#7774=CURVE_STYLE('',#32,POSITIVE_LENGTH_MEASURE(2.E-2),#19);
#7775=PRESENTATION_STYLE_ASSIGNMENT((#7774));
#7776=STYLED_ITEM('',(#7775),#7773);
#7777=CARTESIAN_POINT('',(1.469E0,2.E-1,4.99E-1));
#7778=DIRECTION('',(0.E0,-1.E0,0.E0));
#7779=DIRECTION('',(-1.E0,0.E0,0.E0));
#7780=AXIS2_PLACEMENT_3D('',#7777,#7778,#7779);
#7782=CURVE_STYLE('',#32,POSITIVE_LENGTH_MEASURE(2.E-2),#19);
#7783=PRESENTATION_STYLE_ASSIGNMENT((#7782));
#7784=STYLED_ITEM('',(#7783),#7781);
#7785=DIRECTION('',(1.E0,0.E0,0.E0));
#7786=VECTOR('',#7785,2.81E-1);
#7787=CARTESIAN_POINT('',(1.469E0,2.E-1,3.8E-1));
#7788=LINE('',#7787,#7786);
#7789=CURVE_STYLE('',#32,POSITIVE_LENGTH_MEASURE(2.E-2),#19);
#7790=PRESENTATION_STYLE_ASSIGNMENT((#7789));
#7791=STYLED_ITEM('',(#7790),#7788);
#7792=CARTESIAN_POINT('',(1.469E0,0.E0,6.2E-1));
#7793=CARTESIAN_POINT('',(1.35E0,0.E0,5.01E-1));
#7794=VERTEX_POINT('',#7792);
#7795=VERTEX_POINT('',#7793);
#7796=CARTESIAN_POINT('',(1.35E0,0.E0,4.99E-1));
#7797=VERTEX_POINT('',#7796);
#7798=CARTESIAN_POINT('',(1.469E0,0.E0,3.8E-1));
#7799=VERTEX_POINT('',#7798);
#7800=CARTESIAN_POINT('',(1.469E0,2.E-1,6.2E-1));
#7801=CARTESIAN_POINT('',(1.35E0,2.E-1,5.01E-1));
#7802=VERTEX_POINT('',#7800);
#7803=VERTEX_POINT('',#7801);
#7804=CARTESIAN_POINT('',(1.35E0,2.E-1,4.99E-1));
#7805=VERTEX_POINT('',#7804);
#7806=CARTESIAN_POINT('',(1.469E0,2.E-1,3.8E-1));
#7807=VERTEX_POINT('',#7806);
#7808=CARTESIAN_POINT('',(1.75E0,0.E0,6.2E-1));
#7809=CARTESIAN_POINT('',(1.75E0,0.E0,3.8E-1));
#7810=VERTEX_POINT('',#7808);
#7811=VERTEX_POINT('',#7809);
#7812=CARTESIAN_POINT('',(1.75E0,2.E-1,6.2E-1));
#7813=CARTESIAN_POINT('',(1.75E0,2.E-1,3.8E-1));
#7814=VERTEX_POINT('',#7812);
#7815=VERTEX_POINT('',#7813);
#7816=CARTESIAN_POINT('',(0.E0,0.E0,0.E0));
#7817=DIRECTION('',(0.E0,-1.E0,0.E0));
#7818=DIRECTION('',(-1.E0,0.E0,0.E0));
#7819=AXIS2_PLACEMENT_3D('',#7816,#7817,#7818);
#7820=PLANE('',#7819);
#7822=ORIENTED_EDGE('',*,*,#7821,.T.);
#7824=ORIENTED_EDGE('',*,*,#7823,.F.);
#7826=ORIENTED_EDGE('',*,*,#7825,.F.);
#7828=ORIENTED_EDGE('',*,*,#7827,.F.);
#7830=ORIENTED_EDGE('',*,*,#7829,.F.);
#7832=ORIENTED_EDGE('',*,*,#7831,.F.);
#7833=EDGE_LOOP('',(#7822,#7824,#7826,#7828,#7830,#7832));
#7834=FACE_OUTER_BOUND('',#7833,.F.);
#7836=CARTESIAN_POINT('',(1.75E0,0.E0,-3.5E0));
#7837=DIRECTION('',(-1.E0,0.E0,0.E0));
#7838=DIRECTION('',(0.E0,0.E0,1.E0));
#7839=AXIS2_PLACEMENT_3D('',#7836,#7837,#7838);
#7840=PLANE('',#7839);
#7841=ORIENTED_EDGE('',*,*,#7821,.F.);
#7843=ORIENTED_EDGE('',*,*,#7842,.T.);
#7845=ORIENTED_EDGE('',*,*,#7844,.T.);
#7847=ORIENTED_EDGE('',*,*,#7846,.F.);
#7848=EDGE_LOOP('',(#7841,#7843,#7845,#7847));
#7849=FACE_OUTER_BOUND('',#7848,.F.);
#7851=FILL_AREA_STYLE_COLOUR('',#25);
#7852=FILL_AREA_STYLE('',(#7851));
#7853=SURFACE_STYLE_FILL_AREA(#7852);
#7854=SURFACE_SIDE_STYLE('',(#7853));
#7855=SURFACE_STYLE_USAGE(.POSITIVE.,#7854);
#7856=PRESENTATION_STYLE_ASSIGNMENT((#7855));
#7857=OVER_RIDING_STYLED_ITEM('',(#7856),#7850,#7661);
#7858=CARTESIAN_POINT('',(1.85E0,0.E0,6.2E-1));
#7859=DIRECTION('',(0.E0,0.E0,-1.E0));
#7860=DIRECTION('',(-1.E0,0.E0,0.E0));
#7861=AXIS2_PLACEMENT_3D('',#7858,#7859,#7860);
#7862=PLANE('',#7861);
#7863=ORIENTED_EDGE('',*,*,#7842,.F.);
#7864=ORIENTED_EDGE('',*,*,#7831,.T.);
#7866=ORIENTED_EDGE('',*,*,#7865,.T.);
#7868=ORIENTED_EDGE('',*,*,#7867,.F.);
#7869=EDGE_LOOP('',(#7863,#7864,#7866,#7868));
#7870=FACE_OUTER_BOUND('',#7869,.F.);
#7872=CARTESIAN_POINT('',(1.469E0,0.E0,5.01E-1));
#7873=DIRECTION('',(0.E0,-1.E0,0.E0));
#7874=DIRECTION('',(-1.E0,0.E0,0.E0));
#7875=AXIS2_PLACEMENT_3D('',#7872,#7873,#7874);
#7876=CYLINDRICAL_SURFACE('',#7875,1.19E-1);
#7877=ORIENTED_EDGE('',*,*,#7829,.T.);
#7879=ORIENTED_EDGE('',*,*,#7878,.T.);
#7881=ORIENTED_EDGE('',*,*,#7880,.F.);
#7882=ORIENTED_EDGE('',*,*,#7865,.F.);
#7883=EDGE_LOOP('',(#7877,#7879,#7881,#7882));
#7884=FACE_OUTER_BOUND('',#7883,.F.);
#7886=CARTESIAN_POINT('',(1.35E0,0.E0,5.01E-1));
#7887=DIRECTION('',(1.E0,0.E0,0.E0));
#7888=DIRECTION('',(0.E0,0.E0,-1.E0));
#7889=AXIS2_PLACEMENT_3D('',#7886,#7887,#7888);
#7890=PLANE('',#7889);
#7891=ORIENTED_EDGE('',*,*,#7827,.T.);
#7893=ORIENTED_EDGE('',*,*,#7892,.T.);
#7895=ORIENTED_EDGE('',*,*,#7894,.F.);
#7896=ORIENTED_EDGE('',*,*,#7878,.F.);
#7897=EDGE_LOOP('',(#7891,#7893,#7895,#7896));
#7898=FACE_OUTER_BOUND('',#7897,.F.);
#7900=CARTESIAN_POINT('',(1.469E0,0.E0,4.99E-1));
#7901=DIRECTION('',(0.E0,-1.E0,0.E0));
#7902=DIRECTION('',(-1.E0,0.E0,0.E0));
#7903=AXIS2_PLACEMENT_3D('',#7900,#7901,#7902);
#7904=CYLINDRICAL_SURFACE('',#7903,1.19E-1);
#7905=ORIENTED_EDGE('',*,*,#7825,.T.);
#7907=ORIENTED_EDGE('',*,*,#7906,.T.);
#7909=ORIENTED_EDGE('',*,*,#7908,.F.);
#7910=ORIENTED_EDGE('',*,*,#7892,.F.);
#7911=EDGE_LOOP('',(#7905,#7907,#7909,#7910));
#7912=FACE_OUTER_BOUND('',#7911,.F.);
#7914=CARTESIAN_POINT('',(1.469E0,0.E0,3.8E-1));
#7915=DIRECTION('',(0.E0,0.E0,1.E0));
#7916=DIRECTION('',(1.E0,0.E0,0.E0));
#7917=AXIS2_PLACEMENT_3D('',#7914,#7915,#7916);
#7918=PLANE('',#7917);
#7919=ORIENTED_EDGE('',*,*,#7846,.T.);
#7921=ORIENTED_EDGE('',*,*,#7920,.F.);
#7922=ORIENTED_EDGE('',*,*,#7906,.F.);
#7923=ORIENTED_EDGE('',*,*,#7823,.T.);
#7924=EDGE_LOOP('',(#7919,#7921,#7922,#7923));
#7925=FACE_OUTER_BOUND('',#7924,.F.);
#7927=CARTESIAN_POINT('',(0.E0,2.E-1,0.E0));
#7928=DIRECTION('',(0.E0,-1.E0,0.E0));
#7929=DIRECTION('',(-1.E0,0.E0,0.E0));
#7930=AXIS2_PLACEMENT_3D('',#7927,#7928,#7929);
#7931=PLANE('',#7930);
#7932=ORIENTED_EDGE('',*,*,#7844,.F.);
#7933=ORIENTED_EDGE('',*,*,#7867,.T.);
#7934=ORIENTED_EDGE('',*,*,#7880,.T.);
#7935=ORIENTED_EDGE('',*,*,#7894,.T.);
#7936=ORIENTED_EDGE('',*,*,#7908,.T.);
#7937=ORIENTED_EDGE('',*,*,#7920,.T.);
#7938=EDGE_LOOP('',(#7932,#7933,#7934,#7935,#7936,#7937));
#7939=FACE_OUTER_BOUND('',#7938,.F.);
#7941=CLOSED_SHELL('',(#7835,#7850,#7871,#7885,#7899,#7913,#7926,#7940));
#7942=MANIFOLD_SOLID_BREP('',#7941);
#7943=FILL_AREA_STYLE_COLOUR('',#19);
#7944=FILL_AREA_STYLE('',(#7943));
#7945=SURFACE_STYLE_FILL_AREA(#7944);
#7946=SURFACE_SIDE_STYLE('',(#7945));
#7947=SURFACE_STYLE_USAGE(.POSITIVE.,#7946);
#7948=PRESENTATION_STYLE_ASSIGNMENT((#7947));
#7661=STYLED_ITEM('',(#7948),#7942);
#7950=DIRECTION('',(0.E0,0.E0,-1.E0));
#7951=VECTOR('',#7950,2.4E-1);
#7952=CARTESIAN_POINT('',(1.75E0,0.E0,1.12E0));
#7953=LINE('',#7952,#7951);
#7954=CURVE_STYLE('',#32,POSITIVE_LENGTH_MEASURE(2.E-2),#19);
#7955=PRESENTATION_STYLE_ASSIGNMENT((#7954));
#7956=STYLED_ITEM('',(#7955),#7953);
#7957=DIRECTION('',(1.E0,0.E0,0.E0));
#7958=VECTOR('',#7957,2.81E-1);
#7959=CARTESIAN_POINT('',(1.469E0,0.E0,8.8E-1));
#7960=LINE('',#7959,#7958);
#7961=CURVE_STYLE('',#32,POSITIVE_LENGTH_MEASURE(2.E-2),#19);
#7962=PRESENTATION_STYLE_ASSIGNMENT((#7961));
#7963=STYLED_ITEM('',(#7962),#7960);
#7964=CARTESIAN_POINT('',(1.469E0,0.E0,9.99E-1));
#7965=DIRECTION('',(0.E0,-1.E0,0.E0));
#7966=DIRECTION('',(-1.E0,0.E0,0.E0));
#7967=AXIS2_PLACEMENT_3D('',#7964,#7965,#7966);
#7969=CURVE_STYLE('',#32,POSITIVE_LENGTH_MEASURE(2.E-2),#19);
#7970=PRESENTATION_STYLE_ASSIGNMENT((#7969));
#7971=STYLED_ITEM('',(#7970),#7968);
#7972=DIRECTION('',(0.E0,0.E0,-1.E0));
#7973=VECTOR('',#7972,2.E-3);
#7974=CARTESIAN_POINT('',(1.35E0,0.E0,1.001E0));
#7975=LINE('',#7974,#7973);
#7976=CURVE_STYLE('',#32,POSITIVE_LENGTH_MEASURE(2.E-2),#19);
#7977=PRESENTATION_STYLE_ASSIGNMENT((#7976));
#7978=STYLED_ITEM('',(#7977),#7975);
#7979=CARTESIAN_POINT('',(1.469E0,0.E0,1.001E0));
#7980=DIRECTION('',(0.E0,-1.E0,0.E0));
#7981=DIRECTION('',(0.E0,0.E0,1.E0));
#7982=AXIS2_PLACEMENT_3D('',#7979,#7980,#7981);
#7984=CURVE_STYLE('',#32,POSITIVE_LENGTH_MEASURE(2.E-2),#19);
#7985=PRESENTATION_STYLE_ASSIGNMENT((#7984));
#7986=STYLED_ITEM('',(#7985),#7983);
#7987=DIRECTION('',(-1.E0,0.E0,0.E0));
#7988=VECTOR('',#7987,2.81E-1);
#7989=CARTESIAN_POINT('',(1.75E0,0.E0,1.12E0));
#7990=LINE('',#7989,#7988);
#7991=CURVE_STYLE('',#32,POSITIVE_LENGTH_MEASURE(2.E-2),#19);
#7992=PRESENTATION_STYLE_ASSIGNMENT((#7991));
#7993=STYLED_ITEM('',(#7992),#7990);
#7994=DIRECTION('',(0.E0,1.E0,0.E0));
#7995=VECTOR('',#7994,2.E-1);
#7996=CARTESIAN_POINT('',(1.75E0,0.E0,1.12E0));
#7997=LINE('',#7996,#7995);
#7998=CURVE_STYLE('',#32,POSITIVE_LENGTH_MEASURE(2.E-2),#19);
#7999=PRESENTATION_STYLE_ASSIGNMENT((#7998));
#8000=STYLED_ITEM('',(#7999),#7997);
#8001=DIRECTION('',(0.E0,1.E0,0.E0));
#8002=VECTOR('',#8001,2.E-1);
#8003=CARTESIAN_POINT('',(1.469E0,0.E0,1.12E0));
#8004=LINE('',#8003,#8002);
#8005=CURVE_STYLE('',#32,POSITIVE_LENGTH_MEASURE(2.E-2),#19);
#8006=PRESENTATION_STYLE_ASSIGNMENT((#8005));
#8007=STYLED_ITEM('',(#8006),#8004);
#8008=DIRECTION('',(0.E0,1.E0,0.E0));
#8009=VECTOR('',#8008,2.E-1);
#8010=CARTESIAN_POINT('',(1.35E0,0.E0,1.001E0));
#8011=LINE('',#8010,#8009);
#8012=CURVE_STYLE('',#32,POSITIVE_LENGTH_MEASURE(2.E-2),#19);
#8013=PRESENTATION_STYLE_ASSIGNMENT((#8012));
#8014=STYLED_ITEM('',(#8013),#8011);
#8015=DIRECTION('',(0.E0,1.E0,0.E0));
#8016=VECTOR('',#8015,2.E-1);
#8017=CARTESIAN_POINT('',(1.35E0,0.E0,9.99E-1));
#8018=LINE('',#8017,#8016);
#8019=CURVE_STYLE('',#32,POSITIVE_LENGTH_MEASURE(2.E-2),#19);
#8020=PRESENTATION_STYLE_ASSIGNMENT((#8019));
#8021=STYLED_ITEM('',(#8020),#8018);
#8022=DIRECTION('',(0.E0,1.E0,0.E0));
#8023=VECTOR('',#8022,2.E-1);
#8024=CARTESIAN_POINT('',(1.75E0,0.E0,8.8E-1));
#8025=LINE('',#8024,#8023);
#8026=CURVE_STYLE('',#32,POSITIVE_LENGTH_MEASURE(2.E-2),#19);
#8027=PRESENTATION_STYLE_ASSIGNMENT((#8026));
#8028=STYLED_ITEM('',(#8027),#8025);
#8029=DIRECTION('',(0.E0,1.E0,0.E0));
#8030=VECTOR('',#8029,2.E-1);
#8031=CARTESIAN_POINT('',(1.469E0,0.E0,8.8E-1));
#8032=LINE('',#8031,#8030);
#8033=CURVE_STYLE('',#32,POSITIVE_LENGTH_MEASURE(2.E-2),#19);
#8034=PRESENTATION_STYLE_ASSIGNMENT((#8033));
#8035=STYLED_ITEM('',(#8034),#8032);
#8036=DIRECTION('',(0.E0,0.E0,-1.E0));
#8037=VECTOR('',#8036,2.4E-1);
#8038=CARTESIAN_POINT('',(1.75E0,2.E-1,1.12E0));
#8039=LINE('',#8038,#8037);
#8040=CURVE_STYLE('',#32,POSITIVE_LENGTH_MEASURE(2.E-2),#19);
#8041=PRESENTATION_STYLE_ASSIGNMENT((#8040));
#8042=STYLED_ITEM('',(#8041),#8039);
#8043=DIRECTION('',(-1.E0,0.E0,0.E0));
#8044=VECTOR('',#8043,2.81E-1);
#8045=CARTESIAN_POINT('',(1.75E0,2.E-1,1.12E0));
#8046=LINE('',#8045,#8044);
#8047=CURVE_STYLE('',#32,POSITIVE_LENGTH_MEASURE(2.E-2),#19);
#8048=PRESENTATION_STYLE_ASSIGNMENT((#8047));
#8049=STYLED_ITEM('',(#8048),#8046);
#8050=CARTESIAN_POINT('',(1.469E0,2.E-1,1.001E0));
#8051=DIRECTION('',(0.E0,-1.E0,0.E0));
#8052=DIRECTION('',(0.E0,0.E0,1.E0));
#8053=AXIS2_PLACEMENT_3D('',#8050,#8051,#8052);
#8055=CURVE_STYLE('',#32,POSITIVE_LENGTH_MEASURE(2.E-2),#19);
#8056=PRESENTATION_STYLE_ASSIGNMENT((#8055));
#8057=STYLED_ITEM('',(#8056),#8054);
#8058=DIRECTION('',(0.E0,0.E0,-1.E0));
#8059=VECTOR('',#8058,2.E-3);
#8060=CARTESIAN_POINT('',(1.35E0,2.E-1,1.001E0));
#8061=LINE('',#8060,#8059);
#8062=CURVE_STYLE('',#32,POSITIVE_LENGTH_MEASURE(2.E-2),#19);
#8063=PRESENTATION_STYLE_ASSIGNMENT((#8062));
#8064=STYLED_ITEM('',(#8063),#8061);
#8065=CARTESIAN_POINT('',(1.469E0,2.E-1,9.99E-1));
#8066=DIRECTION('',(0.E0,-1.E0,0.E0));
#8067=DIRECTION('',(-1.E0,0.E0,0.E0));
#8068=AXIS2_PLACEMENT_3D('',#8065,#8066,#8067);
#8070=CURVE_STYLE('',#32,POSITIVE_LENGTH_MEASURE(2.E-2),#19);
#8071=PRESENTATION_STYLE_ASSIGNMENT((#8070));
#8072=STYLED_ITEM('',(#8071),#8069);
#8073=DIRECTION('',(1.E0,0.E0,0.E0));
#8074=VECTOR('',#8073,2.81E-1);
#8075=CARTESIAN_POINT('',(1.469E0,2.E-1,8.8E-1));
#8076=LINE('',#8075,#8074);
#8077=CURVE_STYLE('',#32,POSITIVE_LENGTH_MEASURE(2.E-2),#19);
#8078=PRESENTATION_STYLE_ASSIGNMENT((#8077));
#8079=STYLED_ITEM('',(#8078),#8076);
#8080=CARTESIAN_POINT('',(1.469E0,0.E0,1.12E0));
#8081=CARTESIAN_POINT('',(1.35E0,0.E0,1.001E0));
#8082=VERTEX_POINT('',#8080);
#8083=VERTEX_POINT('',#8081);
#8084=CARTESIAN_POINT('',(1.35E0,0.E0,9.99E-1));
#8085=VERTEX_POINT('',#8084);
#8086=CARTESIAN_POINT('',(1.469E0,0.E0,8.8E-1));
#8087=VERTEX_POINT('',#8086);
#8088=CARTESIAN_POINT('',(1.469E0,2.E-1,1.12E0));
#8089=CARTESIAN_POINT('',(1.35E0,2.E-1,1.001E0));
#8090=VERTEX_POINT('',#8088);
#8091=VERTEX_POINT('',#8089);
#8092=CARTESIAN_POINT('',(1.35E0,2.E-1,9.99E-1));
#8093=VERTEX_POINT('',#8092);
#8094=CARTESIAN_POINT('',(1.469E0,2.E-1,8.8E-1));
#8095=VERTEX_POINT('',#8094);
#8096=CARTESIAN_POINT('',(1.75E0,0.E0,1.12E0));
#8097=CARTESIAN_POINT('',(1.75E0,0.E0,8.8E-1));
#8098=VERTEX_POINT('',#8096);
#8099=VERTEX_POINT('',#8097);
#8100=CARTESIAN_POINT('',(1.75E0,2.E-1,1.12E0));
#8101=CARTESIAN_POINT('',(1.75E0,2.E-1,8.8E-1));
#8102=VERTEX_POINT('',#8100);
#8103=VERTEX_POINT('',#8101);
#8104=CARTESIAN_POINT('',(0.E0,0.E0,0.E0));
#8105=DIRECTION('',(0.E0,-1.E0,0.E0));
#8106=DIRECTION('',(-1.E0,0.E0,0.E0));
#8107=AXIS2_PLACEMENT_3D('',#8104,#8105,#8106);
#8108=PLANE('',#8107);
#8110=ORIENTED_EDGE('',*,*,#8109,.T.);
#8112=ORIENTED_EDGE('',*,*,#8111,.F.);
#8114=ORIENTED_EDGE('',*,*,#8113,.F.);
#8116=ORIENTED_EDGE('',*,*,#8115,.F.);
#8118=ORIENTED_EDGE('',*,*,#8117,.F.);
#8120=ORIENTED_EDGE('',*,*,#8119,.F.);
#8121=EDGE_LOOP('',(#8110,#8112,#8114,#8116,#8118,#8120));
#8122=FACE_OUTER_BOUND('',#8121,.F.);
#8124=CARTESIAN_POINT('',(1.75E0,0.E0,-3.5E0));
#8125=DIRECTION('',(-1.E0,0.E0,0.E0));
#8126=DIRECTION('',(0.E0,0.E0,1.E0));
#8127=AXIS2_PLACEMENT_3D('',#8124,#8125,#8126);
#8128=PLANE('',#8127);
#8129=ORIENTED_EDGE('',*,*,#8109,.F.);
#8131=ORIENTED_EDGE('',*,*,#8130,.T.);
#8133=ORIENTED_EDGE('',*,*,#8132,.T.);
#8135=ORIENTED_EDGE('',*,*,#8134,.F.);
#8136=EDGE_LOOP('',(#8129,#8131,#8133,#8135));
#8137=FACE_OUTER_BOUND('',#8136,.F.);
#8139=FILL_AREA_STYLE_COLOUR('',#25);
#8140=FILL_AREA_STYLE('',(#8139));
#8141=SURFACE_STYLE_FILL_AREA(#8140);
#8142=SURFACE_SIDE_STYLE('',(#8141));
#8143=SURFACE_STYLE_USAGE(.POSITIVE.,#8142);
#8144=PRESENTATION_STYLE_ASSIGNMENT((#8143));
#8145=OVER_RIDING_STYLED_ITEM('',(#8144),#8138,#7949);
#8146=CARTESIAN_POINT('',(1.85E0,0.E0,1.12E0));
#8147=DIRECTION('',(0.E0,0.E0,-1.E0));
#8148=DIRECTION('',(-1.E0,0.E0,0.E0));
#8149=AXIS2_PLACEMENT_3D('',#8146,#8147,#8148);
#8150=PLANE('',#8149);
#8151=ORIENTED_EDGE('',*,*,#8130,.F.);
#8152=ORIENTED_EDGE('',*,*,#8119,.T.);
#8154=ORIENTED_EDGE('',*,*,#8153,.T.);
#8156=ORIENTED_EDGE('',*,*,#8155,.F.);
#8157=EDGE_LOOP('',(#8151,#8152,#8154,#8156));
#8158=FACE_OUTER_BOUND('',#8157,.F.);
#8160=CARTESIAN_POINT('',(1.469E0,0.E0,1.001E0));
#8161=DIRECTION('',(0.E0,-1.E0,0.E0));
#8162=DIRECTION('',(-1.E0,0.E0,0.E0));
#8163=AXIS2_PLACEMENT_3D('',#8160,#8161,#8162);
#8164=CYLINDRICAL_SURFACE('',#8163,1.19E-1);
#8165=ORIENTED_EDGE('',*,*,#8117,.T.);
#8167=ORIENTED_EDGE('',*,*,#8166,.T.);
#8169=ORIENTED_EDGE('',*,*,#8168,.F.);
#8170=ORIENTED_EDGE('',*,*,#8153,.F.);
#8171=EDGE_LOOP('',(#8165,#8167,#8169,#8170));
#8172=FACE_OUTER_BOUND('',#8171,.F.);
#8174=CARTESIAN_POINT('',(1.35E0,0.E0,1.001E0));
#8175=DIRECTION('',(1.E0,0.E0,0.E0));
#8176=DIRECTION('',(0.E0,0.E0,-1.E0));
#8177=AXIS2_PLACEMENT_3D('',#8174,#8175,#8176);
#8178=PLANE('',#8177);
#8179=ORIENTED_EDGE('',*,*,#8115,.T.);
#8181=ORIENTED_EDGE('',*,*,#8180,.T.);
#8183=ORIENTED_EDGE('',*,*,#8182,.F.);
#8184=ORIENTED_EDGE('',*,*,#8166,.F.);
#8185=EDGE_LOOP('',(#8179,#8181,#8183,#8184));
#8186=FACE_OUTER_BOUND('',#8185,.F.);
#8188=CARTESIAN_POINT('',(1.469E0,0.E0,9.99E-1));
#8189=DIRECTION('',(0.E0,-1.E0,0.E0));
#8190=DIRECTION('',(-1.E0,0.E0,0.E0));
#8191=AXIS2_PLACEMENT_3D('',#8188,#8189,#8190);
#8192=CYLINDRICAL_SURFACE('',#8191,1.19E-1);
#8193=ORIENTED_EDGE('',*,*,#8113,.T.);
#8195=ORIENTED_EDGE('',*,*,#8194,.T.);
#8197=ORIENTED_EDGE('',*,*,#8196,.F.);
#8198=ORIENTED_EDGE('',*,*,#8180,.F.);
#8199=EDGE_LOOP('',(#8193,#8195,#8197,#8198));
#8200=FACE_OUTER_BOUND('',#8199,.F.);
#8202=CARTESIAN_POINT('',(1.469E0,0.E0,8.8E-1));
#8203=DIRECTION('',(0.E0,0.E0,1.E0));
#8204=DIRECTION('',(1.E0,0.E0,0.E0));
#8205=AXIS2_PLACEMENT_3D('',#8202,#8203,#8204);
#8206=PLANE('',#8205);
#8207=ORIENTED_EDGE('',*,*,#8134,.T.);
#8209=ORIENTED_EDGE('',*,*,#8208,.F.);
#8210=ORIENTED_EDGE('',*,*,#8194,.F.);
#8211=ORIENTED_EDGE('',*,*,#8111,.T.);
#8212=EDGE_LOOP('',(#8207,#8209,#8210,#8211));
#8213=FACE_OUTER_BOUND('',#8212,.F.);
#8215=CARTESIAN_POINT('',(0.E0,2.E-1,0.E0));
#8216=DIRECTION('',(0.E0,-1.E0,0.E0));
#8217=DIRECTION('',(-1.E0,0.E0,0.E0));
#8218=AXIS2_PLACEMENT_3D('',#8215,#8216,#8217);
#8219=PLANE('',#8218);
#8220=ORIENTED_EDGE('',*,*,#8132,.F.);
#8221=ORIENTED_EDGE('',*,*,#8155,.T.);
#8222=ORIENTED_EDGE('',*,*,#8168,.T.);
#8223=ORIENTED_EDGE('',*,*,#8182,.T.);
#8224=ORIENTED_EDGE('',*,*,#8196,.T.);
#8225=ORIENTED_EDGE('',*,*,#8208,.T.);
#8226=EDGE_LOOP('',(#8220,#8221,#8222,#8223,#8224,#8225));
#8227=FACE_OUTER_BOUND('',#8226,.F.);
#8229=CLOSED_SHELL('',(#8123,#8138,#8159,#8173,#8187,#8201,#8214,#8228));
#8230=MANIFOLD_SOLID_BREP('',#8229);
#8231=FILL_AREA_STYLE_COLOUR('',#19);
#8232=FILL_AREA_STYLE('',(#8231));
#8233=SURFACE_STYLE_FILL_AREA(#8232);
#8234=SURFACE_SIDE_STYLE('',(#8233));
#8235=SURFACE_STYLE_USAGE(.POSITIVE.,#8234);
#8236=PRESENTATION_STYLE_ASSIGNMENT((#8235));
#7949=STYLED_ITEM('',(#8236),#8230);
#8238=DIRECTION('',(0.E0,0.E0,-1.E0));
#8239=VECTOR('',#8238,2.4E-1);
#8240=CARTESIAN_POINT('',(1.75E0,0.E0,1.62E0));
#8241=LINE('',#8240,#8239);
#8242=CURVE_STYLE('',#32,POSITIVE_LENGTH_MEASURE(2.E-2),#19);
#8243=PRESENTATION_STYLE_ASSIGNMENT((#8242));
#8244=STYLED_ITEM('',(#8243),#8241);
#8245=DIRECTION('',(1.E0,0.E0,0.E0));
#8246=VECTOR('',#8245,2.81E-1);
#8247=CARTESIAN_POINT('',(1.469E0,0.E0,1.38E0));
#8248=LINE('',#8247,#8246);
#8249=CURVE_STYLE('',#32,POSITIVE_LENGTH_MEASURE(2.E-2),#19);
#8250=PRESENTATION_STYLE_ASSIGNMENT((#8249));
#8251=STYLED_ITEM('',(#8250),#8248);
#8252=CARTESIAN_POINT('',(1.469E0,0.E0,1.499E0));
#8253=DIRECTION('',(0.E0,-1.E0,0.E0));
#8254=DIRECTION('',(-1.E0,0.E0,0.E0));
#8255=AXIS2_PLACEMENT_3D('',#8252,#8253,#8254);
#8257=CURVE_STYLE('',#32,POSITIVE_LENGTH_MEASURE(2.E-2),#19);
#8258=PRESENTATION_STYLE_ASSIGNMENT((#8257));
#8259=STYLED_ITEM('',(#8258),#8256);
#8260=DIRECTION('',(0.E0,0.E0,-1.E0));
#8261=VECTOR('',#8260,2.E-3);
#8262=CARTESIAN_POINT('',(1.35E0,0.E0,1.501E0));
#8263=LINE('',#8262,#8261);
#8264=CURVE_STYLE('',#32,POSITIVE_LENGTH_MEASURE(2.E-2),#19);
#8265=PRESENTATION_STYLE_ASSIGNMENT((#8264));
#8266=STYLED_ITEM('',(#8265),#8263);
#8267=CARTESIAN_POINT('',(1.469E0,0.E0,1.501E0));
#8268=DIRECTION('',(0.E0,-1.E0,0.E0));
#8269=DIRECTION('',(0.E0,0.E0,1.E0));
#8270=AXIS2_PLACEMENT_3D('',#8267,#8268,#8269);
#8272=CURVE_STYLE('',#32,POSITIVE_LENGTH_MEASURE(2.E-2),#19);
#8273=PRESENTATION_STYLE_ASSIGNMENT((#8272));
#8274=STYLED_ITEM('',(#8273),#8271);
#8275=DIRECTION('',(-1.E0,0.E0,0.E0));
#8276=VECTOR('',#8275,2.81E-1);
#8277=CARTESIAN_POINT('',(1.75E0,0.E0,1.62E0));
#8278=LINE('',#8277,#8276);
#8279=CURVE_STYLE('',#32,POSITIVE_LENGTH_MEASURE(2.E-2),#19);
#8280=PRESENTATION_STYLE_ASSIGNMENT((#8279));
#8281=STYLED_ITEM('',(#8280),#8278);
#8282=DIRECTION('',(0.E0,1.E0,0.E0));
#8283=VECTOR('',#8282,2.E-1);
#8284=CARTESIAN_POINT('',(1.75E0,0.E0,1.62E0));
#8285=LINE('',#8284,#8283);
#8286=CURVE_STYLE('',#32,POSITIVE_LENGTH_MEASURE(2.E-2),#19);
#8287=PRESENTATION_STYLE_ASSIGNMENT((#8286));
#8288=STYLED_ITEM('',(#8287),#8285);
#8289=DIRECTION('',(0.E0,1.E0,0.E0));
#8290=VECTOR('',#8289,2.E-1);
#8291=CARTESIAN_POINT('',(1.469E0,0.E0,1.62E0));
#8292=LINE('',#8291,#8290);
#8293=CURVE_STYLE('',#32,POSITIVE_LENGTH_MEASURE(2.E-2),#19);
#8294=PRESENTATION_STYLE_ASSIGNMENT((#8293));
#8295=STYLED_ITEM('',(#8294),#8292);
#8296=DIRECTION('',(0.E0,1.E0,0.E0));
#8297=VECTOR('',#8296,2.E-1);
#8298=CARTESIAN_POINT('',(1.35E0,0.E0,1.501E0));
#8299=LINE('',#8298,#8297);
#8300=CURVE_STYLE('',#32,POSITIVE_LENGTH_MEASURE(2.E-2),#19);
#8301=PRESENTATION_STYLE_ASSIGNMENT((#8300));
#8302=STYLED_ITEM('',(#8301),#8299);
#8303=DIRECTION('',(0.E0,1.E0,0.E0));
#8304=VECTOR('',#8303,2.E-1);
#8305=CARTESIAN_POINT('',(1.35E0,0.E0,1.499E0));
#8306=LINE('',#8305,#8304);
#8307=CURVE_STYLE('',#32,POSITIVE_LENGTH_MEASURE(2.E-2),#19);
#8308=PRESENTATION_STYLE_ASSIGNMENT((#8307));
#8309=STYLED_ITEM('',(#8308),#8306);
#8310=DIRECTION('',(0.E0,1.E0,0.E0));
#8311=VECTOR('',#8310,2.E-1);
#8312=CARTESIAN_POINT('',(1.75E0,0.E0,1.38E0));
#8313=LINE('',#8312,#8311);
#8314=CURVE_STYLE('',#32,POSITIVE_LENGTH_MEASURE(2.E-2),#19);
#8315=PRESENTATION_STYLE_ASSIGNMENT((#8314));
#8316=STYLED_ITEM('',(#8315),#8313);
#8317=DIRECTION('',(0.E0,1.E0,0.E0));
#8318=VECTOR('',#8317,2.E-1);
#8319=CARTESIAN_POINT('',(1.469E0,0.E0,1.38E0));
#8320=LINE('',#8319,#8318);
#8321=CURVE_STYLE('',#32,POSITIVE_LENGTH_MEASURE(2.E-2),#19);
#8322=PRESENTATION_STYLE_ASSIGNMENT((#8321));
#8323=STYLED_ITEM('',(#8322),#8320);
#8324=DIRECTION('',(0.E0,0.E0,-1.E0));
#8325=VECTOR('',#8324,2.4E-1);
#8326=CARTESIAN_POINT('',(1.75E0,2.E-1,1.62E0));
#8327=LINE('',#8326,#8325);
#8328=CURVE_STYLE('',#32,POSITIVE_LENGTH_MEASURE(2.E-2),#19);
#8329=PRESENTATION_STYLE_ASSIGNMENT((#8328));
#8330=STYLED_ITEM('',(#8329),#8327);
#8331=DIRECTION('',(-1.E0,0.E0,0.E0));
#8332=VECTOR('',#8331,2.81E-1);
#8333=CARTESIAN_POINT('',(1.75E0,2.E-1,1.62E0));
#8334=LINE('',#8333,#8332);
#8335=CURVE_STYLE('',#32,POSITIVE_LENGTH_MEASURE(2.E-2),#19);
#8336=PRESENTATION_STYLE_ASSIGNMENT((#8335));
#8337=STYLED_ITEM('',(#8336),#8334);
#8338=CARTESIAN_POINT('',(1.469E0,2.E-1,1.501E0));
#8339=DIRECTION('',(0.E0,-1.E0,0.E0));
#8340=DIRECTION('',(0.E0,0.E0,1.E0));
#8341=AXIS2_PLACEMENT_3D('',#8338,#8339,#8340);
#8343=CURVE_STYLE('',#32,POSITIVE_LENGTH_MEASURE(2.E-2),#19);
#8344=PRESENTATION_STYLE_ASSIGNMENT((#8343));
#8345=STYLED_ITEM('',(#8344),#8342);
#8346=DIRECTION('',(0.E0,0.E0,-1.E0));
#8347=VECTOR('',#8346,2.E-3);
#8348=CARTESIAN_POINT('',(1.35E0,2.E-1,1.501E0));
#8349=LINE('',#8348,#8347);
#8350=CURVE_STYLE('',#32,POSITIVE_LENGTH_MEASURE(2.E-2),#19);
#8351=PRESENTATION_STYLE_ASSIGNMENT((#8350));
#8352=STYLED_ITEM('',(#8351),#8349);
#8353=CARTESIAN_POINT('',(1.469E0,2.E-1,1.499E0));
#8354=DIRECTION('',(0.E0,-1.E0,0.E0));
#8355=DIRECTION('',(-1.E0,0.E0,0.E0));
#8356=AXIS2_PLACEMENT_3D('',#8353,#8354,#8355);
#8358=CURVE_STYLE('',#32,POSITIVE_LENGTH_MEASURE(2.E-2),#19);
#8359=PRESENTATION_STYLE_ASSIGNMENT((#8358));
#8360=STYLED_ITEM('',(#8359),#8357);
#8361=DIRECTION('',(1.E0,0.E0,0.E0));
#8362=VECTOR('',#8361,2.81E-1);
#8363=CARTESIAN_POINT('',(1.469E0,2.E-1,1.38E0));
#8364=LINE('',#8363,#8362);
#8365=CURVE_STYLE('',#32,POSITIVE_LENGTH_MEASURE(2.E-2),#19);
#8366=PRESENTATION_STYLE_ASSIGNMENT((#8365));
#8367=STYLED_ITEM('',(#8366),#8364);
#8368=CARTESIAN_POINT('',(1.469E0,0.E0,1.62E0));
#8369=CARTESIAN_POINT('',(1.35E0,0.E0,1.501E0));
#8370=VERTEX_POINT('',#8368);
#8371=VERTEX_POINT('',#8369);
#8372=CARTESIAN_POINT('',(1.35E0,0.E0,1.499E0));
#8373=VERTEX_POINT('',#8372);
#8374=CARTESIAN_POINT('',(1.469E0,0.E0,1.38E0));
#8375=VERTEX_POINT('',#8374);
#8376=CARTESIAN_POINT('',(1.469E0,2.E-1,1.62E0));
#8377=CARTESIAN_POINT('',(1.35E0,2.E-1,1.501E0));
#8378=VERTEX_POINT('',#8376);
#8379=VERTEX_POINT('',#8377);
#8380=CARTESIAN_POINT('',(1.35E0,2.E-1,1.499E0));
#8381=VERTEX_POINT('',#8380);
#8382=CARTESIAN_POINT('',(1.469E0,2.E-1,1.38E0));
#8383=VERTEX_POINT('',#8382);
#8384=CARTESIAN_POINT('',(1.75E0,0.E0,1.62E0));
#8385=CARTESIAN_POINT('',(1.75E0,0.E0,1.38E0));
#8386=VERTEX_POINT('',#8384);
#8387=VERTEX_POINT('',#8385);
#8388=CARTESIAN_POINT('',(1.75E0,2.E-1,1.62E0));
#8389=CARTESIAN_POINT('',(1.75E0,2.E-1,1.38E0));
#8390=VERTEX_POINT('',#8388);
#8391=VERTEX_POINT('',#8389);
#8392=CARTESIAN_POINT('',(0.E0,0.E0,0.E0));
#8393=DIRECTION('',(0.E0,-1.E0,0.E0));
#8394=DIRECTION('',(-1.E0,0.E0,0.E0));
#8395=AXIS2_PLACEMENT_3D('',#8392,#8393,#8394);
#8396=PLANE('',#8395);
#8398=ORIENTED_EDGE('',*,*,#8397,.T.);
#8400=ORIENTED_EDGE('',*,*,#8399,.F.);
#8402=ORIENTED_EDGE('',*,*,#8401,.F.);
#8404=ORIENTED_EDGE('',*,*,#8403,.F.);
#8406=ORIENTED_EDGE('',*,*,#8405,.F.);
#8408=ORIENTED_EDGE('',*,*,#8407,.F.);
#8409=EDGE_LOOP('',(#8398,#8400,#8402,#8404,#8406,#8408));
#8410=FACE_OUTER_BOUND('',#8409,.F.);
#8412=CARTESIAN_POINT('',(1.75E0,0.E0,-3.5E0));
#8413=DIRECTION('',(-1.E0,0.E0,0.E0));
#8414=DIRECTION('',(0.E0,0.E0,1.E0));
#8415=AXIS2_PLACEMENT_3D('',#8412,#8413,#8414);
#8416=PLANE('',#8415);
#8417=ORIENTED_EDGE('',*,*,#8397,.F.);
#8419=ORIENTED_EDGE('',*,*,#8418,.T.);
#8421=ORIENTED_EDGE('',*,*,#8420,.T.);
#8423=ORIENTED_EDGE('',*,*,#8422,.F.);
#8424=EDGE_LOOP('',(#8417,#8419,#8421,#8423));
#8425=FACE_OUTER_BOUND('',#8424,.F.);
#8427=FILL_AREA_STYLE_COLOUR('',#25);
#8428=FILL_AREA_STYLE('',(#8427));
#8429=SURFACE_STYLE_FILL_AREA(#8428);
#8430=SURFACE_SIDE_STYLE('',(#8429));
#8431=SURFACE_STYLE_USAGE(.POSITIVE.,#8430);
#8432=PRESENTATION_STYLE_ASSIGNMENT((#8431));
#8433=OVER_RIDING_STYLED_ITEM('',(#8432),#8426,#8237);
#8434=CARTESIAN_POINT('',(1.85E0,0.E0,1.62E0));
#8435=DIRECTION('',(0.E0,0.E0,-1.E0));
#8436=DIRECTION('',(-1.E0,0.E0,0.E0));
#8437=AXIS2_PLACEMENT_3D('',#8434,#8435,#8436);
#8438=PLANE('',#8437);
#8439=ORIENTED_EDGE('',*,*,#8418,.F.);
#8440=ORIENTED_EDGE('',*,*,#8407,.T.);
#8442=ORIENTED_EDGE('',*,*,#8441,.T.);
#8444=ORIENTED_EDGE('',*,*,#8443,.F.);
#8445=EDGE_LOOP('',(#8439,#8440,#8442,#8444));
#8446=FACE_OUTER_BOUND('',#8445,.F.);
#8448=CARTESIAN_POINT('',(1.469E0,0.E0,1.501E0));
#8449=DIRECTION('',(0.E0,-1.E0,0.E0));
#8450=DIRECTION('',(-1.E0,0.E0,0.E0));
#8451=AXIS2_PLACEMENT_3D('',#8448,#8449,#8450);
#8452=CYLINDRICAL_SURFACE('',#8451,1.19E-1);
#8453=ORIENTED_EDGE('',*,*,#8405,.T.);
#8455=ORIENTED_EDGE('',*,*,#8454,.T.);
#8457=ORIENTED_EDGE('',*,*,#8456,.F.);
#8458=ORIENTED_EDGE('',*,*,#8441,.F.);
#8459=EDGE_LOOP('',(#8453,#8455,#8457,#8458));
#8460=FACE_OUTER_BOUND('',#8459,.F.);
#8462=CARTESIAN_POINT('',(1.35E0,0.E0,1.501E0));
#8463=DIRECTION('',(1.E0,0.E0,0.E0));
#8464=DIRECTION('',(0.E0,0.E0,-1.E0));
#8465=AXIS2_PLACEMENT_3D('',#8462,#8463,#8464);
#8466=PLANE('',#8465);
#8467=ORIENTED_EDGE('',*,*,#8403,.T.);
#8469=ORIENTED_EDGE('',*,*,#8468,.T.);
#8471=ORIENTED_EDGE('',*,*,#8470,.F.);
#8472=ORIENTED_EDGE('',*,*,#8454,.F.);
#8473=EDGE_LOOP('',(#8467,#8469,#8471,#8472));
#8474=FACE_OUTER_BOUND('',#8473,.F.);
#8476=CARTESIAN_POINT('',(1.469E0,0.E0,1.499E0));
#8477=DIRECTION('',(0.E0,-1.E0,0.E0));
#8478=DIRECTION('',(-1.E0,0.E0,0.E0));
#8479=AXIS2_PLACEMENT_3D('',#8476,#8477,#8478);
#8480=CYLINDRICAL_SURFACE('',#8479,1.19E-1);
#8481=ORIENTED_EDGE('',*,*,#8401,.T.);
#8483=ORIENTED_EDGE('',*,*,#8482,.T.);
#8485=ORIENTED_EDGE('',*,*,#8484,.F.);
#8486=ORIENTED_EDGE('',*,*,#8468,.F.);
#8487=EDGE_LOOP('',(#8481,#8483,#8485,#8486));
#8488=FACE_OUTER_BOUND('',#8487,.F.);
#8490=CARTESIAN_POINT('',(1.469E0,0.E0,1.38E0));
#8491=DIRECTION('',(0.E0,0.E0,1.E0));
#8492=DIRECTION('',(1.E0,0.E0,0.E0));
#8493=AXIS2_PLACEMENT_3D('',#8490,#8491,#8492);
#8494=PLANE('',#8493);
#8495=ORIENTED_EDGE('',*,*,#8422,.T.);
#8497=ORIENTED_EDGE('',*,*,#8496,.F.);
#8498=ORIENTED_EDGE('',*,*,#8482,.F.);
#8499=ORIENTED_EDGE('',*,*,#8399,.T.);
#8500=EDGE_LOOP('',(#8495,#8497,#8498,#8499));
#8501=FACE_OUTER_BOUND('',#8500,.F.);
#8503=CARTESIAN_POINT('',(0.E0,2.E-1,0.E0));
#8504=DIRECTION('',(0.E0,-1.E0,0.E0));
#8505=DIRECTION('',(-1.E0,0.E0,0.E0));
#8506=AXIS2_PLACEMENT_3D('',#8503,#8504,#8505);
#8507=PLANE('',#8506);
#8508=ORIENTED_EDGE('',*,*,#8420,.F.);
#8509=ORIENTED_EDGE('',*,*,#8443,.T.);
#8510=ORIENTED_EDGE('',*,*,#8456,.T.);
#8511=ORIENTED_EDGE('',*,*,#8470,.T.);
#8512=ORIENTED_EDGE('',*,*,#8484,.T.);
#8513=ORIENTED_EDGE('',*,*,#8496,.T.);
#8514=EDGE_LOOP('',(#8508,#8509,#8510,#8511,#8512,#8513));
#8515=FACE_OUTER_BOUND('',#8514,.F.);
#8517=CLOSED_SHELL('',(#8411,#8426,#8447,#8461,#8475,#8489,#8502,#8516));
#8518=MANIFOLD_SOLID_BREP('',#8517);
#8519=FILL_AREA_STYLE_COLOUR('',#19);
#8520=FILL_AREA_STYLE('',(#8519));
#8521=SURFACE_STYLE_FILL_AREA(#8520);
#8522=SURFACE_SIDE_STYLE('',(#8521));
#8523=SURFACE_STYLE_USAGE(.POSITIVE.,#8522);
#8524=PRESENTATION_STYLE_ASSIGNMENT((#8523));
#8237=STYLED_ITEM('',(#8524),#8518);
#8526=DIRECTION('',(1.E0,0.E0,0.E0));
#8527=VECTOR('',#8526,2.4E-1);
#8528=CARTESIAN_POINT('',(8.8E-1,0.E0,-3.5E0));
#8529=LINE('',#8528,#8527);
#8530=CURVE_STYLE('',#32,POSITIVE_LENGTH_MEASURE(2.E-2),#19);
#8531=PRESENTATION_STYLE_ASSIGNMENT((#8530));
#8532=STYLED_ITEM('',(#8531),#8529);
#8533=DIRECTION('',(0.E0,0.E0,1.E0));
#8534=VECTOR('',#8533,2.81E-1);
#8535=CARTESIAN_POINT('',(8.8E-1,0.E0,-3.5E0));
#8536=LINE('',#8535,#8534);
#8537=CURVE_STYLE('',#32,POSITIVE_LENGTH_MEASURE(2.E-2),#19);
#8538=PRESENTATION_STYLE_ASSIGNMENT((#8537));
#8539=STYLED_ITEM('',(#8538),#8536);
#8540=CARTESIAN_POINT('',(9.99E-1,0.E0,-3.219E0));
#8541=DIRECTION('',(0.E0,1.E0,0.E0));
#8542=DIRECTION('',(-1.E0,0.E0,0.E0));
#8543=AXIS2_PLACEMENT_3D('',#8540,#8541,#8542);
#8545=CURVE_STYLE('',#32,POSITIVE_LENGTH_MEASURE(2.E-2),#19);
#8546=PRESENTATION_STYLE_ASSIGNMENT((#8545));
#8547=STYLED_ITEM('',(#8546),#8544);
#8548=DIRECTION('',(1.E0,0.E0,-2.220446049254E-13));
#8549=VECTOR('',#8548,1.999999999997E-3);
#8550=CARTESIAN_POINT('',(9.99E-1,0.E0,-3.1E0));
#8551=LINE('',#8550,#8549);
#8552=CURVE_STYLE('',#32,POSITIVE_LENGTH_MEASURE(2.E-2),#19);
#8553=PRESENTATION_STYLE_ASSIGNMENT((#8552));
#8554=STYLED_ITEM('',(#8553),#8551);
#8555=CARTESIAN_POINT('',(1.001E0,0.E0,-3.219E0));
#8556=DIRECTION('',(0.E0,1.E0,0.E0));
#8557=DIRECTION('',(-3.731842099580E-14,0.E0,1.E0));
#8558=AXIS2_PLACEMENT_3D('',#8555,#8556,#8557);
#8560=CURVE_STYLE('',#32,POSITIVE_LENGTH_MEASURE(2.E-2),#19);
#8561=PRESENTATION_STYLE_ASSIGNMENT((#8560));
#8562=STYLED_ITEM('',(#8561),#8559);
#8563=DIRECTION('',(0.E0,0.E0,-1.E0));
#8564=VECTOR('',#8563,2.81E-1);
#8565=CARTESIAN_POINT('',(1.12E0,0.E0,-3.219E0));
#8566=LINE('',#8565,#8564);
#8567=CURVE_STYLE('',#32,POSITIVE_LENGTH_MEASURE(2.E-2),#19);
#8568=PRESENTATION_STYLE_ASSIGNMENT((#8567));
#8569=STYLED_ITEM('',(#8568),#8566);
#8570=DIRECTION('',(0.E0,1.E0,0.E0));
#8571=VECTOR('',#8570,2.E-1);
#8572=CARTESIAN_POINT('',(1.12E0,0.E0,-3.5E0));
#8573=LINE('',#8572,#8571);
#8574=CURVE_STYLE('',#32,POSITIVE_LENGTH_MEASURE(2.E-2),#19);
#8575=PRESENTATION_STYLE_ASSIGNMENT((#8574));
#8576=STYLED_ITEM('',(#8575),#8573);
#8577=DIRECTION('',(0.E0,1.E0,0.E0));
#8578=VECTOR('',#8577,2.E-1);
#8579=CARTESIAN_POINT('',(1.12E0,0.E0,-3.219E0));
#8580=LINE('',#8579,#8578);
#8581=CURVE_STYLE('',#32,POSITIVE_LENGTH_MEASURE(2.E-2),#19);
#8582=PRESENTATION_STYLE_ASSIGNMENT((#8581));
#8583=STYLED_ITEM('',(#8582),#8580);
#8584=DIRECTION('',(0.E0,1.E0,0.E0));
#8585=VECTOR('',#8584,2.E-1);
#8586=CARTESIAN_POINT('',(1.001E0,0.E0,-3.1E0));
#8587=LINE('',#8586,#8585);
#8588=CURVE_STYLE('',#32,POSITIVE_LENGTH_MEASURE(2.E-2),#19);
#8589=PRESENTATION_STYLE_ASSIGNMENT((#8588));
#8590=STYLED_ITEM('',(#8589),#8587);
#8591=DIRECTION('',(0.E0,1.E0,0.E0));
#8592=VECTOR('',#8591,2.E-1);
#8593=CARTESIAN_POINT('',(9.99E-1,0.E0,-3.1E0));
#8594=LINE('',#8593,#8592);
#8595=CURVE_STYLE('',#32,POSITIVE_LENGTH_MEASURE(2.E-2),#19);
#8596=PRESENTATION_STYLE_ASSIGNMENT((#8595));
#8597=STYLED_ITEM('',(#8596),#8594);
#8598=DIRECTION('',(0.E0,1.E0,0.E0));
#8599=VECTOR('',#8598,2.E-1);
#8600=CARTESIAN_POINT('',(8.8E-1,0.E0,-3.219E0));
#8601=LINE('',#8600,#8599);
#8602=CURVE_STYLE('',#32,POSITIVE_LENGTH_MEASURE(2.E-2),#19);
#8603=PRESENTATION_STYLE_ASSIGNMENT((#8602));
#8604=STYLED_ITEM('',(#8603),#8601);
#8605=DIRECTION('',(0.E0,1.E0,0.E0));
#8606=VECTOR('',#8605,2.E-1);
#8607=CARTESIAN_POINT('',(8.8E-1,0.E0,-3.5E0));
#8608=LINE('',#8607,#8606);
#8609=CURVE_STYLE('',#32,POSITIVE_LENGTH_MEASURE(2.E-2),#19);
#8610=PRESENTATION_STYLE_ASSIGNMENT((#8609));
#8611=STYLED_ITEM('',(#8610),#8608);
#8612=DIRECTION('',(1.E0,0.E0,0.E0));
#8613=VECTOR('',#8612,2.4E-1);
#8614=CARTESIAN_POINT('',(8.8E-1,2.E-1,-3.5E0));
#8615=LINE('',#8614,#8613);
#8616=CURVE_STYLE('',#32,POSITIVE_LENGTH_MEASURE(2.E-2),#19);
#8617=PRESENTATION_STYLE_ASSIGNMENT((#8616));
#8618=STYLED_ITEM('',(#8617),#8615);
#8619=DIRECTION('',(0.E0,0.E0,-1.E0));
#8620=VECTOR('',#8619,2.81E-1);
#8621=CARTESIAN_POINT('',(1.12E0,2.E-1,-3.219E0));
#8622=LINE('',#8621,#8620);
#8623=CURVE_STYLE('',#32,POSITIVE_LENGTH_MEASURE(2.E-2),#19);
#8624=PRESENTATION_STYLE_ASSIGNMENT((#8623));
#8625=STYLED_ITEM('',(#8624),#8622);
#8626=CARTESIAN_POINT('',(1.001E0,2.E-1,-3.219E0));
#8627=DIRECTION('',(0.E0,1.E0,0.E0));
#8628=DIRECTION('',(0.E0,0.E0,1.E0));
#8629=AXIS2_PLACEMENT_3D('',#8626,#8627,#8628);
#8631=CURVE_STYLE('',#32,POSITIVE_LENGTH_MEASURE(2.E-2),#19);
#8632=PRESENTATION_STYLE_ASSIGNMENT((#8631));
#8633=STYLED_ITEM('',(#8632),#8630);
#8634=DIRECTION('',(1.E0,0.E0,0.E0));
#8635=VECTOR('',#8634,2.E-3);
#8636=CARTESIAN_POINT('',(9.99E-1,2.E-1,-3.1E0));
#8637=LINE('',#8636,#8635);
#8638=CURVE_STYLE('',#32,POSITIVE_LENGTH_MEASURE(2.E-2),#19);
#8639=PRESENTATION_STYLE_ASSIGNMENT((#8638));
#8640=STYLED_ITEM('',(#8639),#8637);
#8641=CARTESIAN_POINT('',(9.99E-1,2.E-1,-3.219E0));
#8642=DIRECTION('',(0.E0,1.E0,0.E0));
#8643=DIRECTION('',(-1.E0,0.E0,0.E0));
#8644=AXIS2_PLACEMENT_3D('',#8641,#8642,#8643);
#8646=CURVE_STYLE('',#32,POSITIVE_LENGTH_MEASURE(2.E-2),#19);
#8647=PRESENTATION_STYLE_ASSIGNMENT((#8646));
#8648=STYLED_ITEM('',(#8647),#8645);
#8649=DIRECTION('',(0.E0,0.E0,1.E0));
#8650=VECTOR('',#8649,2.81E-1);
#8651=CARTESIAN_POINT('',(8.8E-1,2.E-1,-3.5E0));
#8652=LINE('',#8651,#8650);
#8653=CURVE_STYLE('',#32,POSITIVE_LENGTH_MEASURE(2.E-2),#19);
#8654=PRESENTATION_STYLE_ASSIGNMENT((#8653));
#8655=STYLED_ITEM('',(#8654),#8652);
#8656=CARTESIAN_POINT('',(8.8E-1,0.E0,-3.219E0));
#8657=CARTESIAN_POINT('',(9.99E-1,0.E0,-3.1E0));
#8658=VERTEX_POINT('',#8656);
#8659=VERTEX_POINT('',#8657);
#8660=CARTESIAN_POINT('',(1.001E0,0.E0,-3.1E0));
#8661=VERTEX_POINT('',#8660);
#8662=CARTESIAN_POINT('',(1.12E0,0.E0,-3.219E0));
#8663=VERTEX_POINT('',#8662);
#8664=CARTESIAN_POINT('',(8.8E-1,2.E-1,-3.219E0));
#8665=CARTESIAN_POINT('',(9.99E-1,2.E-1,-3.1E0));
#8666=VERTEX_POINT('',#8664);
#8667=VERTEX_POINT('',#8665);
#8668=CARTESIAN_POINT('',(1.001E0,2.E-1,-3.1E0));
#8669=VERTEX_POINT('',#8668);
#8670=CARTESIAN_POINT('',(1.12E0,2.E-1,-3.219E0));
#8671=VERTEX_POINT('',#8670);
#8672=CARTESIAN_POINT('',(8.8E-1,0.E0,-3.5E0));
#8673=CARTESIAN_POINT('',(1.12E0,0.E0,-3.5E0));
#8674=VERTEX_POINT('',#8672);
#8675=VERTEX_POINT('',#8673);
#8676=CARTESIAN_POINT('',(8.8E-1,2.E-1,-3.5E0));
#8677=VERTEX_POINT('',#8676);
#8678=CARTESIAN_POINT('',(1.12E0,2.E-1,-3.5E0));
#8679=VERTEX_POINT('',#8678);
#8680=CARTESIAN_POINT('',(0.E0,0.E0,0.E0));
#8681=DIRECTION('',(0.E0,1.E0,0.E0));
#8682=DIRECTION('',(1.E0,0.E0,0.E0));
#8683=AXIS2_PLACEMENT_3D('',#8680,#8681,#8682);
#8684=PLANE('',#8683);
#8686=ORIENTED_EDGE('',*,*,#8685,.F.);
#8688=ORIENTED_EDGE('',*,*,#8687,.T.);
#8690=ORIENTED_EDGE('',*,*,#8689,.T.);
#8692=ORIENTED_EDGE('',*,*,#8691,.T.);
#8694=ORIENTED_EDGE('',*,*,#8693,.T.);
#8696=ORIENTED_EDGE('',*,*,#8695,.T.);
#8697=EDGE_LOOP('',(#8686,#8688,#8690,#8692,#8694,#8696));
#8698=FACE_OUTER_BOUND('',#8697,.F.);
#8700=CARTESIAN_POINT('',(-1.75E0,0.E0,-3.5E0));
#8701=DIRECTION('',(0.E0,0.E0,1.E0));
#8702=DIRECTION('',(1.E0,0.E0,0.E0));
#8703=AXIS2_PLACEMENT_3D('',#8700,#8701,#8702);
#8704=PLANE('',#8703);
#8705=ORIENTED_EDGE('',*,*,#8685,.T.);
#8707=ORIENTED_EDGE('',*,*,#8706,.T.);
#8709=ORIENTED_EDGE('',*,*,#8708,.F.);
#8711=ORIENTED_EDGE('',*,*,#8710,.F.);
#8712=EDGE_LOOP('',(#8705,#8707,#8709,#8711));
#8713=FACE_OUTER_BOUND('',#8712,.F.);
#8715=FILL_AREA_STYLE_COLOUR('',#25);
#8716=FILL_AREA_STYLE('',(#8715));
#8717=SURFACE_STYLE_FILL_AREA(#8716);
#8718=SURFACE_SIDE_STYLE('',(#8717));
#8719=SURFACE_STYLE_USAGE(.POSITIVE.,#8718);
#8720=PRESENTATION_STYLE_ASSIGNMENT((#8719));
#8721=OVER_RIDING_STYLED_ITEM('',(#8720),#8714,#8525);
#8722=CARTESIAN_POINT('',(1.12E0,0.E0,-3.219E0));
#8723=DIRECTION('',(1.E0,0.E0,0.E0));
#8724=DIRECTION('',(0.E0,0.E0,-1.E0));
#8725=AXIS2_PLACEMENT_3D('',#8722,#8723,#8724);
#8726=PLANE('',#8725);
#8727=ORIENTED_EDGE('',*,*,#8706,.F.);
#8728=ORIENTED_EDGE('',*,*,#8695,.F.);
#8730=ORIENTED_EDGE('',*,*,#8729,.T.);
#8732=ORIENTED_EDGE('',*,*,#8731,.T.);
#8733=EDGE_LOOP('',(#8727,#8728,#8730,#8732));
#8734=FACE_OUTER_BOUND('',#8733,.F.);
#8736=CARTESIAN_POINT('',(1.001E0,0.E0,-3.219E0));
#8737=DIRECTION('',(0.E0,1.E0,0.E0));
#8738=DIRECTION('',(1.E0,0.E0,0.E0));
#8739=AXIS2_PLACEMENT_3D('',#8736,#8737,#8738);
#8740=CYLINDRICAL_SURFACE('',#8739,1.19E-1);
#8741=ORIENTED_EDGE('',*,*,#8693,.F.);
#8743=ORIENTED_EDGE('',*,*,#8742,.T.);
#8745=ORIENTED_EDGE('',*,*,#8744,.T.);
#8746=ORIENTED_EDGE('',*,*,#8729,.F.);
#8747=EDGE_LOOP('',(#8741,#8743,#8745,#8746));
#8748=FACE_OUTER_BOUND('',#8747,.F.);
#8750=CARTESIAN_POINT('',(9.99E-1,0.E0,-3.1E0));
#8751=DIRECTION('',(0.E0,0.E0,1.E0));
#8752=DIRECTION('',(1.E0,0.E0,0.E0));
#8753=AXIS2_PLACEMENT_3D('',#8750,#8751,#8752);
#8754=PLANE('',#8753);
#8755=ORIENTED_EDGE('',*,*,#8691,.F.);
#8757=ORIENTED_EDGE('',*,*,#8756,.T.);
#8759=ORIENTED_EDGE('',*,*,#8758,.T.);
#8760=ORIENTED_EDGE('',*,*,#8742,.F.);
#8761=EDGE_LOOP('',(#8755,#8757,#8759,#8760));
#8762=FACE_OUTER_BOUND('',#8761,.F.);
#8764=CARTESIAN_POINT('',(9.99E-1,0.E0,-3.219E0));
#8765=DIRECTION('',(0.E0,1.E0,0.E0));
#8766=DIRECTION('',(1.E0,0.E0,0.E0));
#8767=AXIS2_PLACEMENT_3D('',#8764,#8765,#8766);
#8768=CYLINDRICAL_SURFACE('',#8767,1.19E-1);
#8769=ORIENTED_EDGE('',*,*,#8689,.F.);
#8771=ORIENTED_EDGE('',*,*,#8770,.T.);
#8773=ORIENTED_EDGE('',*,*,#8772,.T.);
#8774=ORIENTED_EDGE('',*,*,#8756,.F.);
#8775=EDGE_LOOP('',(#8769,#8771,#8773,#8774));
#8776=FACE_OUTER_BOUND('',#8775,.F.);
#8778=CARTESIAN_POINT('',(8.8E-1,0.E0,-3.6E0));
#8779=DIRECTION('',(-1.E0,0.E0,0.E0));
#8780=DIRECTION('',(0.E0,0.E0,1.E0));
#8781=AXIS2_PLACEMENT_3D('',#8778,#8779,#8780);
#8782=PLANE('',#8781);
#8783=ORIENTED_EDGE('',*,*,#8710,.T.);
#8785=ORIENTED_EDGE('',*,*,#8784,.T.);
#8786=ORIENTED_EDGE('',*,*,#8770,.F.);
#8787=ORIENTED_EDGE('',*,*,#8687,.F.);
#8788=EDGE_LOOP('',(#8783,#8785,#8786,#8787));
#8789=FACE_OUTER_BOUND('',#8788,.F.);
#8791=CARTESIAN_POINT('',(0.E0,2.E-1,0.E0));
#8792=DIRECTION('',(0.E0,1.E0,0.E0));
#8793=DIRECTION('',(1.E0,0.E0,0.E0));
#8794=AXIS2_PLACEMENT_3D('',#8791,#8792,#8793);
#8795=PLANE('',#8794);
#8796=ORIENTED_EDGE('',*,*,#8708,.T.);
#8797=ORIENTED_EDGE('',*,*,#8731,.F.);
#8798=ORIENTED_EDGE('',*,*,#8744,.F.);
#8799=ORIENTED_EDGE('',*,*,#8758,.F.);
#8800=ORIENTED_EDGE('',*,*,#8772,.F.);
#8801=ORIENTED_EDGE('',*,*,#8784,.F.);
#8802=EDGE_LOOP('',(#8796,#8797,#8798,#8799,#8800,#8801));
#8803=FACE_OUTER_BOUND('',#8802,.F.);
#8805=CLOSED_SHELL('',(#8699,#8714,#8735,#8749,#8763,#8777,#8790,#8804));
#8806=MANIFOLD_SOLID_BREP('',#8805);
#8807=FILL_AREA_STYLE_COLOUR('',#19);
#8808=FILL_AREA_STYLE('',(#8807));
#8809=SURFACE_STYLE_FILL_AREA(#8808);
#8810=SURFACE_SIDE_STYLE('',(#8809));
#8811=SURFACE_STYLE_USAGE(.POSITIVE.,#8810);
#8812=PRESENTATION_STYLE_ASSIGNMENT((#8811));
#8525=STYLED_ITEM('',(#8812),#8806);
#8814=DIRECTION('',(1.E0,0.E0,0.E0));
#8815=VECTOR('',#8814,2.4E-1);
#8816=CARTESIAN_POINT('',(8.8E-1,0.E0,3.5E0));
#8817=LINE('',#8816,#8815);
#8818=CURVE_STYLE('',#32,POSITIVE_LENGTH_MEASURE(2.E-2),#19);
#8819=PRESENTATION_STYLE_ASSIGNMENT((#8818));
#8820=STYLED_ITEM('',(#8819),#8817);
#8821=DIRECTION('',(0.E0,0.E0,1.E0));
#8822=VECTOR('',#8821,2.81E-1);
#8823=CARTESIAN_POINT('',(1.12E0,0.E0,3.219E0));
#8824=LINE('',#8823,#8822);
#8825=CURVE_STYLE('',#32,POSITIVE_LENGTH_MEASURE(2.E-2),#19);
#8826=PRESENTATION_STYLE_ASSIGNMENT((#8825));
#8827=STYLED_ITEM('',(#8826),#8824);
#8828=CARTESIAN_POINT('',(1.001E0,0.E0,3.219E0));
#8829=DIRECTION('',(0.E0,-1.E0,0.E0));
#8830=DIRECTION('',(-3.358657889622E-14,0.E0,-1.E0));
#8831=AXIS2_PLACEMENT_3D('',#8828,#8829,#8830);
#8833=CURVE_STYLE('',#32,POSITIVE_LENGTH_MEASURE(2.E-2),#19);
#8834=PRESENTATION_STYLE_ASSIGNMENT((#8833));
#8835=STYLED_ITEM('',(#8834),#8832);
#8836=DIRECTION('',(1.E0,0.E0,0.E0));
#8837=VECTOR('',#8836,1.999999999998E-3);
#8838=CARTESIAN_POINT('',(9.99E-1,0.E0,3.1E0));
#8839=LINE('',#8838,#8837);
#8840=CURVE_STYLE('',#32,POSITIVE_LENGTH_MEASURE(2.E-2),#19);
#8841=PRESENTATION_STYLE_ASSIGNMENT((#8840));
#8842=STYLED_ITEM('',(#8841),#8839);
#8843=CARTESIAN_POINT('',(9.99E-1,0.E0,3.219E0));
#8844=DIRECTION('',(0.E0,-1.E0,0.E0));
#8845=DIRECTION('',(-1.E0,0.E0,0.E0));
#8846=AXIS2_PLACEMENT_3D('',#8843,#8844,#8845);
#8848=CURVE_STYLE('',#32,POSITIVE_LENGTH_MEASURE(2.E-2),#19);
#8849=PRESENTATION_STYLE_ASSIGNMENT((#8848));
#8850=STYLED_ITEM('',(#8849),#8847);
#8851=DIRECTION('',(0.E0,0.E0,-1.E0));
#8852=VECTOR('',#8851,2.81E-1);
#8853=CARTESIAN_POINT('',(8.8E-1,0.E0,3.5E0));
#8854=LINE('',#8853,#8852);
#8855=CURVE_STYLE('',#32,POSITIVE_LENGTH_MEASURE(2.E-2),#19);
#8856=PRESENTATION_STYLE_ASSIGNMENT((#8855));
#8857=STYLED_ITEM('',(#8856),#8854);
#8858=DIRECTION('',(0.E0,1.E0,0.E0));
#8859=VECTOR('',#8858,2.E-1);
#8860=CARTESIAN_POINT('',(8.8E-1,0.E0,3.5E0));
#8861=LINE('',#8860,#8859);
#8862=CURVE_STYLE('',#32,POSITIVE_LENGTH_MEASURE(2.E-2),#19);
#8863=PRESENTATION_STYLE_ASSIGNMENT((#8862));
#8864=STYLED_ITEM('',(#8863),#8861);
#8865=DIRECTION('',(0.E0,1.E0,0.E0));
#8866=VECTOR('',#8865,2.E-1);
#8867=CARTESIAN_POINT('',(8.8E-1,0.E0,3.219E0));
#8868=LINE('',#8867,#8866);
#8869=CURVE_STYLE('',#32,POSITIVE_LENGTH_MEASURE(2.E-2),#19);
#8870=PRESENTATION_STYLE_ASSIGNMENT((#8869));
#8871=STYLED_ITEM('',(#8870),#8868);
#8872=DIRECTION('',(0.E0,1.E0,0.E0));
#8873=VECTOR('',#8872,2.E-1);
#8874=CARTESIAN_POINT('',(9.99E-1,0.E0,3.1E0));
#8875=LINE('',#8874,#8873);
#8876=CURVE_STYLE('',#32,POSITIVE_LENGTH_MEASURE(2.E-2),#19);
#8877=PRESENTATION_STYLE_ASSIGNMENT((#8876));
#8878=STYLED_ITEM('',(#8877),#8875);
#8879=DIRECTION('',(0.E0,1.E0,0.E0));
#8880=VECTOR('',#8879,2.E-1);
#8881=CARTESIAN_POINT('',(1.001E0,0.E0,3.1E0));
#8882=LINE('',#8881,#8880);
#8883=CURVE_STYLE('',#32,POSITIVE_LENGTH_MEASURE(2.E-2),#19);
#8884=PRESENTATION_STYLE_ASSIGNMENT((#8883));
#8885=STYLED_ITEM('',(#8884),#8882);
#8886=DIRECTION('',(0.E0,1.E0,0.E0));
#8887=VECTOR('',#8886,2.E-1);
#8888=CARTESIAN_POINT('',(1.12E0,0.E0,3.5E0));
#8889=LINE('',#8888,#8887);
#8890=CURVE_STYLE('',#32,POSITIVE_LENGTH_MEASURE(2.E-2),#19);
#8891=PRESENTATION_STYLE_ASSIGNMENT((#8890));
#8892=STYLED_ITEM('',(#8891),#8889);
#8893=DIRECTION('',(0.E0,1.E0,0.E0));
#8894=VECTOR('',#8893,2.E-1);
#8895=CARTESIAN_POINT('',(1.12E0,0.E0,3.219E0));
#8896=LINE('',#8895,#8894);
#8897=CURVE_STYLE('',#32,POSITIVE_LENGTH_MEASURE(2.E-2),#19);
#8898=PRESENTATION_STYLE_ASSIGNMENT((#8897));
#8899=STYLED_ITEM('',(#8898),#8896);
#8900=DIRECTION('',(1.E0,0.E0,0.E0));
#8901=VECTOR('',#8900,2.4E-1);
#8902=CARTESIAN_POINT('',(8.8E-1,2.E-1,3.5E0));
#8903=LINE('',#8902,#8901);
#8904=CURVE_STYLE('',#32,POSITIVE_LENGTH_MEASURE(2.E-2),#19);
#8905=PRESENTATION_STYLE_ASSIGNMENT((#8904));
#8906=STYLED_ITEM('',(#8905),#8903);
#8907=DIRECTION('',(0.E0,0.E0,-1.E0));
#8908=VECTOR('',#8907,2.81E-1);
#8909=CARTESIAN_POINT('',(8.8E-1,2.E-1,3.5E0));
#8910=LINE('',#8909,#8908);
#8911=CURVE_STYLE('',#32,POSITIVE_LENGTH_MEASURE(2.E-2),#19);
#8912=PRESENTATION_STYLE_ASSIGNMENT((#8911));
#8913=STYLED_ITEM('',(#8912),#8910);
#8914=CARTESIAN_POINT('',(9.99E-1,2.E-1,3.219E0));
#8915=DIRECTION('',(0.E0,-1.E0,0.E0));
#8916=DIRECTION('',(-1.E0,0.E0,0.E0));
#8917=AXIS2_PLACEMENT_3D('',#8914,#8915,#8916);
#8919=CURVE_STYLE('',#32,POSITIVE_LENGTH_MEASURE(2.E-2),#19);
#8920=PRESENTATION_STYLE_ASSIGNMENT((#8919));
#8921=STYLED_ITEM('',(#8920),#8918);
#8922=DIRECTION('',(1.E0,0.E0,0.E0));
#8923=VECTOR('',#8922,2.E-3);
#8924=CARTESIAN_POINT('',(9.99E-1,2.E-1,3.1E0));
#8925=LINE('',#8924,#8923);
#8926=CURVE_STYLE('',#32,POSITIVE_LENGTH_MEASURE(2.E-2),#19);
#8927=PRESENTATION_STYLE_ASSIGNMENT((#8926));
#8928=STYLED_ITEM('',(#8927),#8925);
#8929=CARTESIAN_POINT('',(1.001E0,2.E-1,3.219E0));
#8930=DIRECTION('',(0.E0,-1.E0,0.E0));
#8931=DIRECTION('',(0.E0,0.E0,-1.E0));
#8932=AXIS2_PLACEMENT_3D('',#8929,#8930,#8931);
#8934=CURVE_STYLE('',#32,POSITIVE_LENGTH_MEASURE(2.E-2),#19);
#8935=PRESENTATION_STYLE_ASSIGNMENT((#8934));
#8936=STYLED_ITEM('',(#8935),#8933);
#8937=DIRECTION('',(0.E0,0.E0,1.E0));
#8938=VECTOR('',#8937,2.81E-1);
#8939=CARTESIAN_POINT('',(1.12E0,2.E-1,3.219E0));
#8940=LINE('',#8939,#8938);
#8941=CURVE_STYLE('',#32,POSITIVE_LENGTH_MEASURE(2.E-2),#19);
#8942=PRESENTATION_STYLE_ASSIGNMENT((#8941));
#8943=STYLED_ITEM('',(#8942),#8940);
#8944=CARTESIAN_POINT('',(8.8E-1,0.E0,3.219E0));
#8945=CARTESIAN_POINT('',(9.99E-1,0.E0,3.1E0));
#8946=VERTEX_POINT('',#8944);
#8947=VERTEX_POINT('',#8945);
#8948=CARTESIAN_POINT('',(1.001E0,0.E0,3.1E0));
#8949=VERTEX_POINT('',#8948);
#8950=CARTESIAN_POINT('',(1.12E0,0.E0,3.219E0));
#8951=VERTEX_POINT('',#8950);
#8952=CARTESIAN_POINT('',(8.8E-1,2.E-1,3.219E0));
#8953=CARTESIAN_POINT('',(9.99E-1,2.E-1,3.1E0));
#8954=VERTEX_POINT('',#8952);
#8955=VERTEX_POINT('',#8953);
#8956=CARTESIAN_POINT('',(1.001E0,2.E-1,3.1E0));
#8957=VERTEX_POINT('',#8956);
#8958=CARTESIAN_POINT('',(1.12E0,2.E-1,3.219E0));
#8959=VERTEX_POINT('',#8958);
#8960=CARTESIAN_POINT('',(8.8E-1,0.E0,3.5E0));
#8961=CARTESIAN_POINT('',(1.12E0,0.E0,3.5E0));
#8962=VERTEX_POINT('',#8960);
#8963=VERTEX_POINT('',#8961);
#8964=CARTESIAN_POINT('',(8.8E-1,2.E-1,3.5E0));
#8965=VERTEX_POINT('',#8964);
#8966=CARTESIAN_POINT('',(1.12E0,2.E-1,3.5E0));
#8967=VERTEX_POINT('',#8966);
#8968=CARTESIAN_POINT('',(0.E0,0.E0,0.E0));
#8969=DIRECTION('',(0.E0,-1.E0,0.E0));
#8970=DIRECTION('',(1.E0,0.E0,0.E0));
#8971=AXIS2_PLACEMENT_3D('',#8968,#8969,#8970);
#8972=PLANE('',#8971);
#8974=ORIENTED_EDGE('',*,*,#8973,.T.);
#8976=ORIENTED_EDGE('',*,*,#8975,.F.);
#8978=ORIENTED_EDGE('',*,*,#8977,.F.);
#8980=ORIENTED_EDGE('',*,*,#8979,.F.);
#8982=ORIENTED_EDGE('',*,*,#8981,.F.);
#8984=ORIENTED_EDGE('',*,*,#8983,.F.);
#8985=EDGE_LOOP('',(#8974,#8976,#8978,#8980,#8982,#8984));
#8986=FACE_OUTER_BOUND('',#8985,.F.);
#8988=CARTESIAN_POINT('',(1.75E0,0.E0,3.5E0));
#8989=DIRECTION('',(0.E0,0.E0,-1.E0));
#8990=DIRECTION('',(-1.E0,0.E0,0.E0));
#8991=AXIS2_PLACEMENT_3D('',#8988,#8989,#8990);
#8992=PLANE('',#8991);
#8993=ORIENTED_EDGE('',*,*,#8973,.F.);
#8995=ORIENTED_EDGE('',*,*,#8994,.T.);
#8997=ORIENTED_EDGE('',*,*,#8996,.T.);
#8999=ORIENTED_EDGE('',*,*,#8998,.F.);
#9000=EDGE_LOOP('',(#8993,#8995,#8997,#8999));
#9001=FACE_OUTER_BOUND('',#9000,.F.);
#9003=FILL_AREA_STYLE_COLOUR('',#25);
#9004=FILL_AREA_STYLE('',(#9003));
#9005=SURFACE_STYLE_FILL_AREA(#9004);
#9006=SURFACE_SIDE_STYLE('',(#9005));
#9007=SURFACE_STYLE_USAGE(.POSITIVE.,#9006);
#9008=PRESENTATION_STYLE_ASSIGNMENT((#9007));
#9009=OVER_RIDING_STYLED_ITEM('',(#9008),#9002,#8813);
#9010=CARTESIAN_POINT('',(8.8E-1,0.E0,3.6E0));
#9011=DIRECTION('',(1.E0,0.E0,0.E0));
#9012=DIRECTION('',(0.E0,0.E0,-1.E0));
#9013=AXIS2_PLACEMENT_3D('',#9010,#9011,#9012);
#9014=PLANE('',#9013);
#9015=ORIENTED_EDGE('',*,*,#8994,.F.);
#9016=ORIENTED_EDGE('',*,*,#8983,.T.);
#9018=ORIENTED_EDGE('',*,*,#9017,.T.);
#9020=ORIENTED_EDGE('',*,*,#9019,.F.);
#9021=EDGE_LOOP('',(#9015,#9016,#9018,#9020));
#9022=FACE_OUTER_BOUND('',#9021,.F.);
#9024=CARTESIAN_POINT('',(9.99E-1,0.E0,3.219E0));
#9025=DIRECTION('',(0.E0,-1.E0,0.E0));
#9026=DIRECTION('',(1.E0,0.E0,0.E0));
#9027=AXIS2_PLACEMENT_3D('',#9024,#9025,#9026);
#9028=CYLINDRICAL_SURFACE('',#9027,1.19E-1);
#9029=ORIENTED_EDGE('',*,*,#8981,.T.);
#9031=ORIENTED_EDGE('',*,*,#9030,.T.);
#9033=ORIENTED_EDGE('',*,*,#9032,.F.);
#9034=ORIENTED_EDGE('',*,*,#9017,.F.);
#9035=EDGE_LOOP('',(#9029,#9031,#9033,#9034));
#9036=FACE_OUTER_BOUND('',#9035,.F.);
#9038=CARTESIAN_POINT('',(9.99E-1,0.E0,3.1E0));
#9039=DIRECTION('',(0.E0,0.E0,1.E0));
#9040=DIRECTION('',(1.E0,0.E0,0.E0));
#9041=AXIS2_PLACEMENT_3D('',#9038,#9039,#9040);
#9042=PLANE('',#9041);
#9043=ORIENTED_EDGE('',*,*,#8979,.T.);
#9045=ORIENTED_EDGE('',*,*,#9044,.T.);
#9047=ORIENTED_EDGE('',*,*,#9046,.F.);
#9048=ORIENTED_EDGE('',*,*,#9030,.F.);
#9049=EDGE_LOOP('',(#9043,#9045,#9047,#9048));
#9050=FACE_OUTER_BOUND('',#9049,.F.);
#9052=CARTESIAN_POINT('',(1.001E0,0.E0,3.219E0));
#9053=DIRECTION('',(0.E0,-1.E0,0.E0));
#9054=DIRECTION('',(1.E0,0.E0,0.E0));
#9055=AXIS2_PLACEMENT_3D('',#9052,#9053,#9054);
#9056=CYLINDRICAL_SURFACE('',#9055,1.19E-1);
#9057=ORIENTED_EDGE('',*,*,#8977,.T.);
#9059=ORIENTED_EDGE('',*,*,#9058,.T.);
#9061=ORIENTED_EDGE('',*,*,#9060,.F.);
#9062=ORIENTED_EDGE('',*,*,#9044,.F.);
#9063=EDGE_LOOP('',(#9057,#9059,#9061,#9062));
#9064=FACE_OUTER_BOUND('',#9063,.F.);
#9066=CARTESIAN_POINT('',(1.12E0,0.E0,3.219E0));
#9067=DIRECTION('',(-1.E0,0.E0,0.E0));
#9068=DIRECTION('',(0.E0,0.E0,1.E0));
#9069=AXIS2_PLACEMENT_3D('',#9066,#9067,#9068);
#9070=PLANE('',#9069);
#9071=ORIENTED_EDGE('',*,*,#8998,.T.);
#9073=ORIENTED_EDGE('',*,*,#9072,.F.);
#9074=ORIENTED_EDGE('',*,*,#9058,.F.);
#9075=ORIENTED_EDGE('',*,*,#8975,.T.);
#9076=EDGE_LOOP('',(#9071,#9073,#9074,#9075));
#9077=FACE_OUTER_BOUND('',#9076,.F.);
#9079=CARTESIAN_POINT('',(0.E0,2.E-1,0.E0));
#9080=DIRECTION('',(0.E0,-1.E0,0.E0));
#9081=DIRECTION('',(1.E0,0.E0,0.E0));
#9082=AXIS2_PLACEMENT_3D('',#9079,#9080,#9081);
#9083=PLANE('',#9082);
#9084=ORIENTED_EDGE('',*,*,#8996,.F.);
#9085=ORIENTED_EDGE('',*,*,#9019,.T.);
#9086=ORIENTED_EDGE('',*,*,#9032,.T.);
#9087=ORIENTED_EDGE('',*,*,#9046,.T.);
#9088=ORIENTED_EDGE('',*,*,#9060,.T.);
#9089=ORIENTED_EDGE('',*,*,#9072,.T.);
#9090=EDGE_LOOP('',(#9084,#9085,#9086,#9087,#9088,#9089));
#9091=FACE_OUTER_BOUND('',#9090,.F.);
#9093=CLOSED_SHELL('',(#8987,#9002,#9023,#9037,#9051,#9065,#9078,#9092));
#9094=MANIFOLD_SOLID_BREP('',#9093);
#9095=FILL_AREA_STYLE_COLOUR('',#19);
#9096=FILL_AREA_STYLE('',(#9095));
#9097=SURFACE_STYLE_FILL_AREA(#9096);
#9098=SURFACE_SIDE_STYLE('',(#9097));
#9099=SURFACE_STYLE_USAGE(.POSITIVE.,#9098);
#9100=PRESENTATION_STYLE_ASSIGNMENT((#9099));
#8813=STYLED_ITEM('',(#9100),#9094);
#9102=DIRECTION('',(0.E0,0.E0,-1.E0));
#9103=VECTOR('',#9102,2.4E-1);
#9104=CARTESIAN_POINT('',(-1.75E0,0.E0,2.12E0));
#9105=LINE('',#9104,#9103);
#9106=CURVE_STYLE('',#32,POSITIVE_LENGTH_MEASURE(2.E-2),#19);
#9107=PRESENTATION_STYLE_ASSIGNMENT((#9106));
#9108=STYLED_ITEM('',(#9107),#9105);
#9109=DIRECTION('',(1.E0,0.E0,0.E0));
#9110=VECTOR('',#9109,2.81E-1);
#9111=CARTESIAN_POINT('',(-1.75E0,0.E0,2.12E0));
#9112=LINE('',#9111,#9110);
#9113=CURVE_STYLE('',#32,POSITIVE_LENGTH_MEASURE(2.E-2),#19);
#9114=PRESENTATION_STYLE_ASSIGNMENT((#9113));
#9115=STYLED_ITEM('',(#9114),#9112);
#9116=CARTESIAN_POINT('',(-1.469E0,0.E0,2.001E0));
#9117=DIRECTION('',(0.E0,1.E0,0.E0));
#9118=DIRECTION('',(0.E0,0.E0,1.E0));
#9119=AXIS2_PLACEMENT_3D('',#9116,#9117,#9118);
#9121=CURVE_STYLE('',#32,POSITIVE_LENGTH_MEASURE(2.E-2),#19);
#9122=PRESENTATION_STYLE_ASSIGNMENT((#9121));
#9123=STYLED_ITEM('',(#9122),#9120);
#9124=DIRECTION('',(0.E0,0.E0,-1.E0));
#9125=VECTOR('',#9124,2.E-3);
#9126=CARTESIAN_POINT('',(-1.35E0,0.E0,2.001E0));
#9127=LINE('',#9126,#9125);
#9128=CURVE_STYLE('',#32,POSITIVE_LENGTH_MEASURE(2.E-2),#19);
#9129=PRESENTATION_STYLE_ASSIGNMENT((#9128));
#9130=STYLED_ITEM('',(#9129),#9127);
#9131=CARTESIAN_POINT('',(-1.469E0,0.E0,1.999E0));
#9132=DIRECTION('',(0.E0,1.E0,0.E0));
#9133=DIRECTION('',(1.E0,0.E0,0.E0));
#9134=AXIS2_PLACEMENT_3D('',#9131,#9132,#9133);
#9136=CURVE_STYLE('',#32,POSITIVE_LENGTH_MEASURE(2.E-2),#19);
#9137=PRESENTATION_STYLE_ASSIGNMENT((#9136));
#9138=STYLED_ITEM('',(#9137),#9135);
#9139=DIRECTION('',(-1.E0,0.E0,0.E0));
#9140=VECTOR('',#9139,2.81E-1);
#9141=CARTESIAN_POINT('',(-1.469E0,0.E0,1.88E0));
#9142=LINE('',#9141,#9140);
#9143=CURVE_STYLE('',#32,POSITIVE_LENGTH_MEASURE(2.E-2),#19);
#9144=PRESENTATION_STYLE_ASSIGNMENT((#9143));
#9145=STYLED_ITEM('',(#9144),#9142);
#9146=DIRECTION('',(0.E0,1.E0,0.E0));
#9147=VECTOR('',#9146,2.E-1);
#9148=CARTESIAN_POINT('',(-1.75E0,0.E0,1.88E0));
#9149=LINE('',#9148,#9147);
#9150=CURVE_STYLE('',#32,POSITIVE_LENGTH_MEASURE(2.E-2),#19);
#9151=PRESENTATION_STYLE_ASSIGNMENT((#9150));
#9152=STYLED_ITEM('',(#9151),#9149);
#9153=DIRECTION('',(0.E0,1.E0,0.E0));
#9154=VECTOR('',#9153,2.E-1);
#9155=CARTESIAN_POINT('',(-1.469E0,0.E0,1.88E0));
#9156=LINE('',#9155,#9154);
#9157=CURVE_STYLE('',#32,POSITIVE_LENGTH_MEASURE(2.E-2),#19);
#9158=PRESENTATION_STYLE_ASSIGNMENT((#9157));
#9159=STYLED_ITEM('',(#9158),#9156);
#9160=DIRECTION('',(0.E0,1.E0,0.E0));
#9161=VECTOR('',#9160,2.E-1);
#9162=CARTESIAN_POINT('',(-1.35E0,0.E0,1.999E0));
#9163=LINE('',#9162,#9161);
#9164=CURVE_STYLE('',#32,POSITIVE_LENGTH_MEASURE(2.E-2),#19);
#9165=PRESENTATION_STYLE_ASSIGNMENT((#9164));
#9166=STYLED_ITEM('',(#9165),#9163);
#9167=DIRECTION('',(0.E0,1.E0,0.E0));
#9168=VECTOR('',#9167,2.E-1);
#9169=CARTESIAN_POINT('',(-1.35E0,0.E0,2.001E0));
#9170=LINE('',#9169,#9168);
#9171=CURVE_STYLE('',#32,POSITIVE_LENGTH_MEASURE(2.E-2),#19);
#9172=PRESENTATION_STYLE_ASSIGNMENT((#9171));
#9173=STYLED_ITEM('',(#9172),#9170);
#9174=DIRECTION('',(0.E0,1.E0,0.E0));
#9175=VECTOR('',#9174,2.E-1);
#9176=CARTESIAN_POINT('',(-1.469E0,0.E0,2.12E0));
#9177=LINE('',#9176,#9175);
#9178=CURVE_STYLE('',#32,POSITIVE_LENGTH_MEASURE(2.E-2),#19);
#9179=PRESENTATION_STYLE_ASSIGNMENT((#9178));
#9180=STYLED_ITEM('',(#9179),#9177);
#9181=DIRECTION('',(0.E0,1.E0,0.E0));
#9182=VECTOR('',#9181,2.E-1);
#9183=CARTESIAN_POINT('',(-1.75E0,0.E0,2.12E0));
#9184=LINE('',#9183,#9182);
#9185=CURVE_STYLE('',#32,POSITIVE_LENGTH_MEASURE(2.E-2),#19);
#9186=PRESENTATION_STYLE_ASSIGNMENT((#9185));
#9187=STYLED_ITEM('',(#9186),#9184);
#9188=DIRECTION('',(0.E0,0.E0,-1.E0));
#9189=VECTOR('',#9188,2.4E-1);
#9190=CARTESIAN_POINT('',(-1.75E0,2.E-1,2.12E0));
#9191=LINE('',#9190,#9189);
#9192=CURVE_STYLE('',#32,POSITIVE_LENGTH_MEASURE(2.E-2),#19);
#9193=PRESENTATION_STYLE_ASSIGNMENT((#9192));
#9194=STYLED_ITEM('',(#9193),#9191);
#9195=DIRECTION('',(-1.E0,0.E0,0.E0));
#9196=VECTOR('',#9195,2.81E-1);
#9197=CARTESIAN_POINT('',(-1.469E0,2.E-1,1.88E0));
#9198=LINE('',#9197,#9196);
#9199=CURVE_STYLE('',#32,POSITIVE_LENGTH_MEASURE(2.E-2),#19);
#9200=PRESENTATION_STYLE_ASSIGNMENT((#9199));
#9201=STYLED_ITEM('',(#9200),#9198);
#9202=CARTESIAN_POINT('',(-1.469E0,2.E-1,1.999E0));
#9203=DIRECTION('',(0.E0,1.E0,0.E0));
#9204=DIRECTION('',(1.E0,0.E0,0.E0));
#9205=AXIS2_PLACEMENT_3D('',#9202,#9203,#9204);
#9207=CURVE_STYLE('',#32,POSITIVE_LENGTH_MEASURE(2.E-2),#19);
#9208=PRESENTATION_STYLE_ASSIGNMENT((#9207));
#9209=STYLED_ITEM('',(#9208),#9206);
#9210=DIRECTION('',(0.E0,0.E0,-1.E0));
#9211=VECTOR('',#9210,2.E-3);
#9212=CARTESIAN_POINT('',(-1.35E0,2.E-1,2.001E0));
#9213=LINE('',#9212,#9211);
#9214=CURVE_STYLE('',#32,POSITIVE_LENGTH_MEASURE(2.E-2),#19);
#9215=PRESENTATION_STYLE_ASSIGNMENT((#9214));
#9216=STYLED_ITEM('',(#9215),#9213);
#9217=CARTESIAN_POINT('',(-1.469E0,2.E-1,2.001E0));
#9218=DIRECTION('',(0.E0,1.E0,0.E0));
#9219=DIRECTION('',(0.E0,0.E0,1.E0));
#9220=AXIS2_PLACEMENT_3D('',#9217,#9218,#9219);
#9222=CURVE_STYLE('',#32,POSITIVE_LENGTH_MEASURE(2.E-2),#19);
#9223=PRESENTATION_STYLE_ASSIGNMENT((#9222));
#9224=STYLED_ITEM('',(#9223),#9221);
#9225=DIRECTION('',(1.E0,0.E0,0.E0));
#9226=VECTOR('',#9225,2.81E-1);
#9227=CARTESIAN_POINT('',(-1.75E0,2.E-1,2.12E0));
#9228=LINE('',#9227,#9226);
#9229=CURVE_STYLE('',#32,POSITIVE_LENGTH_MEASURE(2.E-2),#19);
#9230=PRESENTATION_STYLE_ASSIGNMENT((#9229));
#9231=STYLED_ITEM('',(#9230),#9228);
#9232=CARTESIAN_POINT('',(-1.469E0,0.E0,2.12E0));
#9233=CARTESIAN_POINT('',(-1.35E0,0.E0,2.001E0));
#9234=VERTEX_POINT('',#9232);
#9235=VERTEX_POINT('',#9233);
#9236=CARTESIAN_POINT('',(-1.35E0,0.E0,1.999E0));
#9237=VERTEX_POINT('',#9236);
#9238=CARTESIAN_POINT('',(-1.469E0,0.E0,1.88E0));
#9239=VERTEX_POINT('',#9238);
#9240=CARTESIAN_POINT('',(-1.469E0,2.E-1,2.12E0));
#9241=CARTESIAN_POINT('',(-1.35E0,2.E-1,2.001E0));
#9242=VERTEX_POINT('',#9240);
#9243=VERTEX_POINT('',#9241);
#9244=CARTESIAN_POINT('',(-1.35E0,2.E-1,1.999E0));
#9245=VERTEX_POINT('',#9244);
#9246=CARTESIAN_POINT('',(-1.469E0,2.E-1,1.88E0));
#9247=VERTEX_POINT('',#9246);
#9248=CARTESIAN_POINT('',(-1.75E0,0.E0,2.12E0));
#9249=CARTESIAN_POINT('',(-1.75E0,0.E0,1.88E0));
#9250=VERTEX_POINT('',#9248);
#9251=VERTEX_POINT('',#9249);
#9252=CARTESIAN_POINT('',(-1.75E0,2.E-1,2.12E0));
#9253=CARTESIAN_POINT('',(-1.75E0,2.E-1,1.88E0));
#9254=VERTEX_POINT('',#9252);
#9255=VERTEX_POINT('',#9253);
#9256=CARTESIAN_POINT('',(0.E0,0.E0,0.E0));
#9257=DIRECTION('',(0.E0,1.E0,0.E0));
#9258=DIRECTION('',(1.E0,0.E0,0.E0));
#9259=AXIS2_PLACEMENT_3D('',#9256,#9257,#9258);
#9260=PLANE('',#9259);
#9262=ORIENTED_EDGE('',*,*,#9261,.F.);
#9264=ORIENTED_EDGE('',*,*,#9263,.T.);
#9266=ORIENTED_EDGE('',*,*,#9265,.T.);
#9268=ORIENTED_EDGE('',*,*,#9267,.T.);
#9270=ORIENTED_EDGE('',*,*,#9269,.T.);
#9272=ORIENTED_EDGE('',*,*,#9271,.T.);
#9273=EDGE_LOOP('',(#9262,#9264,#9266,#9268,#9270,#9272));
#9274=FACE_OUTER_BOUND('',#9273,.F.);
#9276=CARTESIAN_POINT('',(-1.75E0,0.E0,3.5E0));
#9277=DIRECTION('',(1.E0,0.E0,0.E0));
#9278=DIRECTION('',(0.E0,0.E0,-1.E0));
#9279=AXIS2_PLACEMENT_3D('',#9276,#9277,#9278);
#9280=PLANE('',#9279);
#9281=ORIENTED_EDGE('',*,*,#9261,.T.);
#9283=ORIENTED_EDGE('',*,*,#9282,.T.);
#9285=ORIENTED_EDGE('',*,*,#9284,.F.);
#9287=ORIENTED_EDGE('',*,*,#9286,.F.);
#9288=EDGE_LOOP('',(#9281,#9283,#9285,#9287));
#9289=FACE_OUTER_BOUND('',#9288,.F.);
#9291=FILL_AREA_STYLE_COLOUR('',#25);
#9292=FILL_AREA_STYLE('',(#9291));
#9293=SURFACE_STYLE_FILL_AREA(#9292);
#9294=SURFACE_SIDE_STYLE('',(#9293));
#9295=SURFACE_STYLE_USAGE(.POSITIVE.,#9294);
#9296=PRESENTATION_STYLE_ASSIGNMENT((#9295));
#9297=OVER_RIDING_STYLED_ITEM('',(#9296),#9290,#9101);
#9298=CARTESIAN_POINT('',(-1.469E0,0.E0,1.88E0));
#9299=DIRECTION('',(0.E0,0.E0,-1.E0));
#9300=DIRECTION('',(-1.E0,0.E0,0.E0));
#9301=AXIS2_PLACEMENT_3D('',#9298,#9299,#9300);
#9302=PLANE('',#9301);
#9303=ORIENTED_EDGE('',*,*,#9282,.F.);
#9304=ORIENTED_EDGE('',*,*,#9271,.F.);
#9306=ORIENTED_EDGE('',*,*,#9305,.T.);
#9308=ORIENTED_EDGE('',*,*,#9307,.T.);
#9309=EDGE_LOOP('',(#9303,#9304,#9306,#9308));
#9310=FACE_OUTER_BOUND('',#9309,.F.);
#9312=CARTESIAN_POINT('',(-1.469E0,0.E0,1.999E0));
#9313=DIRECTION('',(0.E0,1.E0,0.E0));
#9314=DIRECTION('',(1.E0,0.E0,0.E0));
#9315=AXIS2_PLACEMENT_3D('',#9312,#9313,#9314);
#9316=CYLINDRICAL_SURFACE('',#9315,1.19E-1);
#9317=ORIENTED_EDGE('',*,*,#9269,.F.);
#9319=ORIENTED_EDGE('',*,*,#9318,.T.);
#9321=ORIENTED_EDGE('',*,*,#9320,.T.);
#9322=ORIENTED_EDGE('',*,*,#9305,.F.);
#9323=EDGE_LOOP('',(#9317,#9319,#9321,#9322));
#9324=FACE_OUTER_BOUND('',#9323,.F.);
#9326=CARTESIAN_POINT('',(-1.35E0,0.E0,2.001E0));
#9327=DIRECTION('',(1.E0,0.E0,0.E0));
#9328=DIRECTION('',(0.E0,0.E0,-1.E0));
#9329=AXIS2_PLACEMENT_3D('',#9326,#9327,#9328);
#9330=PLANE('',#9329);
#9331=ORIENTED_EDGE('',*,*,#9267,.F.);
#9333=ORIENTED_EDGE('',*,*,#9332,.T.);
#9335=ORIENTED_EDGE('',*,*,#9334,.T.);
#9336=ORIENTED_EDGE('',*,*,#9318,.F.);
#9337=EDGE_LOOP('',(#9331,#9333,#9335,#9336));
#9338=FACE_OUTER_BOUND('',#9337,.F.);
#9340=CARTESIAN_POINT('',(-1.469E0,0.E0,2.001E0));
#9341=DIRECTION('',(0.E0,1.E0,0.E0));
#9342=DIRECTION('',(1.E0,0.E0,0.E0));
#9343=AXIS2_PLACEMENT_3D('',#9340,#9341,#9342);
#9344=CYLINDRICAL_SURFACE('',#9343,1.19E-1);
#9345=ORIENTED_EDGE('',*,*,#9265,.F.);
#9347=ORIENTED_EDGE('',*,*,#9346,.T.);
#9349=ORIENTED_EDGE('',*,*,#9348,.T.);
#9350=ORIENTED_EDGE('',*,*,#9332,.F.);
#9351=EDGE_LOOP('',(#9345,#9347,#9349,#9350));
#9352=FACE_OUTER_BOUND('',#9351,.F.);
#9354=CARTESIAN_POINT('',(-1.85E0,0.E0,2.12E0));
#9355=DIRECTION('',(0.E0,0.E0,1.E0));
#9356=DIRECTION('',(1.E0,0.E0,0.E0));
#9357=AXIS2_PLACEMENT_3D('',#9354,#9355,#9356);
#9358=PLANE('',#9357);
#9359=ORIENTED_EDGE('',*,*,#9286,.T.);
#9361=ORIENTED_EDGE('',*,*,#9360,.T.);
#9362=ORIENTED_EDGE('',*,*,#9346,.F.);
#9363=ORIENTED_EDGE('',*,*,#9263,.F.);
#9364=EDGE_LOOP('',(#9359,#9361,#9362,#9363));
#9365=FACE_OUTER_BOUND('',#9364,.F.);
#9367=CARTESIAN_POINT('',(0.E0,2.E-1,0.E0));
#9368=DIRECTION('',(0.E0,1.E0,0.E0));
#9369=DIRECTION('',(1.E0,0.E0,0.E0));
#9370=AXIS2_PLACEMENT_3D('',#9367,#9368,#9369);
#9371=PLANE('',#9370);
#9372=ORIENTED_EDGE('',*,*,#9284,.T.);
#9373=ORIENTED_EDGE('',*,*,#9307,.F.);
#9374=ORIENTED_EDGE('',*,*,#9320,.F.);
#9375=ORIENTED_EDGE('',*,*,#9334,.F.);
#9376=ORIENTED_EDGE('',*,*,#9348,.F.);
#9377=ORIENTED_EDGE('',*,*,#9360,.F.);
#9378=EDGE_LOOP('',(#9372,#9373,#9374,#9375,#9376,#9377));
#9379=FACE_OUTER_BOUND('',#9378,.F.);
#9381=CLOSED_SHELL('',(#9275,#9290,#9311,#9325,#9339,#9353,#9366,#9380));
#9382=MANIFOLD_SOLID_BREP('',#9381);
#9383=FILL_AREA_STYLE_COLOUR('',#19);
#9384=FILL_AREA_STYLE('',(#9383));
#9385=SURFACE_STYLE_FILL_AREA(#9384);
#9386=SURFACE_SIDE_STYLE('',(#9385));
#9387=SURFACE_STYLE_USAGE(.POSITIVE.,#9386);
#9388=PRESENTATION_STYLE_ASSIGNMENT((#9387));
#9101=STYLED_ITEM('',(#9388),#9382);
#9390=DIRECTION('',(0.E0,0.E0,-1.E0));
#9391=VECTOR('',#9390,2.4E-1);
#9392=CARTESIAN_POINT('',(-1.75E0,0.E0,2.62E0));
#9393=LINE('',#9392,#9391);
#9394=CURVE_STYLE('',#32,POSITIVE_LENGTH_MEASURE(2.E-2),#19);
#9395=PRESENTATION_STYLE_ASSIGNMENT((#9394));
#9396=STYLED_ITEM('',(#9395),#9393);
#9397=DIRECTION('',(1.E0,0.E0,0.E0));
#9398=VECTOR('',#9397,2.81E-1);
#9399=CARTESIAN_POINT('',(-1.75E0,0.E0,2.62E0));
#9400=LINE('',#9399,#9398);
#9401=CURVE_STYLE('',#32,POSITIVE_LENGTH_MEASURE(2.E-2),#19);
#9402=PRESENTATION_STYLE_ASSIGNMENT((#9401));
#9403=STYLED_ITEM('',(#9402),#9400);
#9404=CARTESIAN_POINT('',(-1.469E0,0.E0,2.501E0));
#9405=DIRECTION('',(0.E0,1.E0,0.E0));
#9406=DIRECTION('',(0.E0,0.E0,1.E0));
#9407=AXIS2_PLACEMENT_3D('',#9404,#9405,#9406);
#9409=CURVE_STYLE('',#32,POSITIVE_LENGTH_MEASURE(2.E-2),#19);
#9410=PRESENTATION_STYLE_ASSIGNMENT((#9409));
#9411=STYLED_ITEM('',(#9410),#9408);
#9412=DIRECTION('',(0.E0,0.E0,-1.E0));
#9413=VECTOR('',#9412,2.000000000001E-3);
#9414=CARTESIAN_POINT('',(-1.35E0,0.E0,2.501E0));
#9415=LINE('',#9414,#9413);
#9416=CURVE_STYLE('',#32,POSITIVE_LENGTH_MEASURE(2.E-2),#19);
#9417=PRESENTATION_STYLE_ASSIGNMENT((#9416));
#9418=STYLED_ITEM('',(#9417),#9415);
#9419=CARTESIAN_POINT('',(-1.469E0,0.E0,2.499E0));
#9420=DIRECTION('',(0.E0,1.E0,0.E0));
#9421=DIRECTION('',(1.E0,0.E0,0.E0));
#9422=AXIS2_PLACEMENT_3D('',#9419,#9420,#9421);
#9424=CURVE_STYLE('',#32,POSITIVE_LENGTH_MEASURE(2.E-2),#19);
#9425=PRESENTATION_STYLE_ASSIGNMENT((#9424));
#9426=STYLED_ITEM('',(#9425),#9423);
#9427=DIRECTION('',(-1.E0,0.E0,0.E0));
#9428=VECTOR('',#9427,2.81E-1);
#9429=CARTESIAN_POINT('',(-1.469E0,0.E0,2.38E0));
#9430=LINE('',#9429,#9428);
#9431=CURVE_STYLE('',#32,POSITIVE_LENGTH_MEASURE(2.E-2),#19);
#9432=PRESENTATION_STYLE_ASSIGNMENT((#9431));
#9433=STYLED_ITEM('',(#9432),#9430);
#9434=DIRECTION('',(0.E0,1.E0,0.E0));
#9435=VECTOR('',#9434,2.E-1);
#9436=CARTESIAN_POINT('',(-1.75E0,0.E0,2.38E0));
#9437=LINE('',#9436,#9435);
#9438=CURVE_STYLE('',#32,POSITIVE_LENGTH_MEASURE(2.E-2),#19);
#9439=PRESENTATION_STYLE_ASSIGNMENT((#9438));
#9440=STYLED_ITEM('',(#9439),#9437);
#9441=DIRECTION('',(0.E0,1.E0,0.E0));
#9442=VECTOR('',#9441,2.E-1);
#9443=CARTESIAN_POINT('',(-1.469E0,0.E0,2.38E0));
#9444=LINE('',#9443,#9442);
#9445=CURVE_STYLE('',#32,POSITIVE_LENGTH_MEASURE(2.E-2),#19);
#9446=PRESENTATION_STYLE_ASSIGNMENT((#9445));
#9447=STYLED_ITEM('',(#9446),#9444);
#9448=DIRECTION('',(0.E0,1.E0,0.E0));
#9449=VECTOR('',#9448,2.E-1);
#9450=CARTESIAN_POINT('',(-1.35E0,0.E0,2.499E0));
#9451=LINE('',#9450,#9449);
#9452=CURVE_STYLE('',#32,POSITIVE_LENGTH_MEASURE(2.E-2),#19);
#9453=PRESENTATION_STYLE_ASSIGNMENT((#9452));
#9454=STYLED_ITEM('',(#9453),#9451);
#9455=DIRECTION('',(0.E0,1.E0,0.E0));
#9456=VECTOR('',#9455,2.E-1);
#9457=CARTESIAN_POINT('',(-1.35E0,0.E0,2.501E0));
#9458=LINE('',#9457,#9456);
#9459=CURVE_STYLE('',#32,POSITIVE_LENGTH_MEASURE(2.E-2),#19);
#9460=PRESENTATION_STYLE_ASSIGNMENT((#9459));
#9461=STYLED_ITEM('',(#9460),#9458);
#9462=DIRECTION('',(0.E0,1.E0,0.E0));
#9463=VECTOR('',#9462,2.E-1);
#9464=CARTESIAN_POINT('',(-1.469E0,0.E0,2.62E0));
#9465=LINE('',#9464,#9463);
#9466=CURVE_STYLE('',#32,POSITIVE_LENGTH_MEASURE(2.E-2),#19);
#9467=PRESENTATION_STYLE_ASSIGNMENT((#9466));
#9468=STYLED_ITEM('',(#9467),#9465);
#9469=DIRECTION('',(0.E0,1.E0,0.E0));
#9470=VECTOR('',#9469,2.E-1);
#9471=CARTESIAN_POINT('',(-1.75E0,0.E0,2.62E0));
#9472=LINE('',#9471,#9470);
#9473=CURVE_STYLE('',#32,POSITIVE_LENGTH_MEASURE(2.E-2),#19);
#9474=PRESENTATION_STYLE_ASSIGNMENT((#9473));
#9475=STYLED_ITEM('',(#9474),#9472);
#9476=DIRECTION('',(0.E0,0.E0,-1.E0));
#9477=VECTOR('',#9476,2.4E-1);
#9478=CARTESIAN_POINT('',(-1.75E0,2.E-1,2.62E0));
#9479=LINE('',#9478,#9477);
#9480=CURVE_STYLE('',#32,POSITIVE_LENGTH_MEASURE(2.E-2),#19);
#9481=PRESENTATION_STYLE_ASSIGNMENT((#9480));
#9482=STYLED_ITEM('',(#9481),#9479);
#9483=DIRECTION('',(-1.E0,0.E0,0.E0));
#9484=VECTOR('',#9483,2.81E-1);
#9485=CARTESIAN_POINT('',(-1.469E0,2.E-1,2.38E0));
#9486=LINE('',#9485,#9484);
#9487=CURVE_STYLE('',#32,POSITIVE_LENGTH_MEASURE(2.E-2),#19);
#9488=PRESENTATION_STYLE_ASSIGNMENT((#9487));
#9489=STYLED_ITEM('',(#9488),#9486);
#9490=CARTESIAN_POINT('',(-1.469E0,2.E-1,2.499E0));
#9491=DIRECTION('',(0.E0,1.E0,0.E0));
#9492=DIRECTION('',(1.E0,0.E0,0.E0));
#9493=AXIS2_PLACEMENT_3D('',#9490,#9491,#9492);
#9495=CURVE_STYLE('',#32,POSITIVE_LENGTH_MEASURE(2.E-2),#19);
#9496=PRESENTATION_STYLE_ASSIGNMENT((#9495));
#9497=STYLED_ITEM('',(#9496),#9494);
#9498=DIRECTION('',(0.E0,0.E0,-1.E0));
#9499=VECTOR('',#9498,2.000000000001E-3);
#9500=CARTESIAN_POINT('',(-1.35E0,2.E-1,2.501E0));
#9501=LINE('',#9500,#9499);
#9502=CURVE_STYLE('',#32,POSITIVE_LENGTH_MEASURE(2.E-2),#19);
#9503=PRESENTATION_STYLE_ASSIGNMENT((#9502));
#9504=STYLED_ITEM('',(#9503),#9501);
#9505=CARTESIAN_POINT('',(-1.469E0,2.E-1,2.501E0));
#9506=DIRECTION('',(0.E0,1.E0,0.E0));
#9507=DIRECTION('',(0.E0,0.E0,1.E0));
#9508=AXIS2_PLACEMENT_3D('',#9505,#9506,#9507);
#9510=CURVE_STYLE('',#32,POSITIVE_LENGTH_MEASURE(2.E-2),#19);
#9511=PRESENTATION_STYLE_ASSIGNMENT((#9510));
#9512=STYLED_ITEM('',(#9511),#9509);
#9513=DIRECTION('',(1.E0,0.E0,0.E0));
#9514=VECTOR('',#9513,2.81E-1);
#9515=CARTESIAN_POINT('',(-1.75E0,2.E-1,2.62E0));
#9516=LINE('',#9515,#9514);
#9517=CURVE_STYLE('',#32,POSITIVE_LENGTH_MEASURE(2.E-2),#19);
#9518=PRESENTATION_STYLE_ASSIGNMENT((#9517));
#9519=STYLED_ITEM('',(#9518),#9516);
#9520=CARTESIAN_POINT('',(-1.469E0,0.E0,2.62E0));
#9521=CARTESIAN_POINT('',(-1.35E0,0.E0,2.501E0));
#9522=VERTEX_POINT('',#9520);
#9523=VERTEX_POINT('',#9521);
#9524=CARTESIAN_POINT('',(-1.35E0,0.E0,2.499E0));
#9525=VERTEX_POINT('',#9524);
#9526=CARTESIAN_POINT('',(-1.469E0,0.E0,2.38E0));
#9527=VERTEX_POINT('',#9526);
#9528=CARTESIAN_POINT('',(-1.469E0,2.E-1,2.62E0));
#9529=CARTESIAN_POINT('',(-1.35E0,2.E-1,2.501E0));
#9530=VERTEX_POINT('',#9528);
#9531=VERTEX_POINT('',#9529);
#9532=CARTESIAN_POINT('',(-1.35E0,2.E-1,2.499E0));
#9533=VERTEX_POINT('',#9532);
#9534=CARTESIAN_POINT('',(-1.469E0,2.E-1,2.38E0));
#9535=VERTEX_POINT('',#9534);
#9536=CARTESIAN_POINT('',(-1.75E0,0.E0,2.62E0));
#9537=CARTESIAN_POINT('',(-1.75E0,0.E0,2.38E0));
#9538=VERTEX_POINT('',#9536);
#9539=VERTEX_POINT('',#9537);
#9540=CARTESIAN_POINT('',(-1.75E0,2.E-1,2.62E0));
#9541=CARTESIAN_POINT('',(-1.75E0,2.E-1,2.38E0));
#9542=VERTEX_POINT('',#9540);
#9543=VERTEX_POINT('',#9541);
#9544=CARTESIAN_POINT('',(0.E0,0.E0,0.E0));
#9545=DIRECTION('',(0.E0,1.E0,0.E0));
#9546=DIRECTION('',(1.E0,0.E0,0.E0));
#9547=AXIS2_PLACEMENT_3D('',#9544,#9545,#9546);
#9548=PLANE('',#9547);
#9550=ORIENTED_EDGE('',*,*,#9549,.F.);
#9552=ORIENTED_EDGE('',*,*,#9551,.T.);
#9554=ORIENTED_EDGE('',*,*,#9553,.T.);
#9556=ORIENTED_EDGE('',*,*,#9555,.T.);
#9558=ORIENTED_EDGE('',*,*,#9557,.T.);
#9560=ORIENTED_EDGE('',*,*,#9559,.T.);
#9561=EDGE_LOOP('',(#9550,#9552,#9554,#9556,#9558,#9560));
#9562=FACE_OUTER_BOUND('',#9561,.F.);
#9564=CARTESIAN_POINT('',(-1.75E0,0.E0,3.5E0));
#9565=DIRECTION('',(1.E0,0.E0,0.E0));
#9566=DIRECTION('',(0.E0,0.E0,-1.E0));
#9567=AXIS2_PLACEMENT_3D('',#9564,#9565,#9566);
#9568=PLANE('',#9567);
#9569=ORIENTED_EDGE('',*,*,#9549,.T.);
#9571=ORIENTED_EDGE('',*,*,#9570,.T.);
#9573=ORIENTED_EDGE('',*,*,#9572,.F.);
#9575=ORIENTED_EDGE('',*,*,#9574,.F.);
#9576=EDGE_LOOP('',(#9569,#9571,#9573,#9575));
#9577=FACE_OUTER_BOUND('',#9576,.F.);
#9579=FILL_AREA_STYLE_COLOUR('',#25);
#9580=FILL_AREA_STYLE('',(#9579));
#9581=SURFACE_STYLE_FILL_AREA(#9580);
#9582=SURFACE_SIDE_STYLE('',(#9581));
#9583=SURFACE_STYLE_USAGE(.POSITIVE.,#9582);
#9584=PRESENTATION_STYLE_ASSIGNMENT((#9583));
#9585=OVER_RIDING_STYLED_ITEM('',(#9584),#9578,#9389);
#9586=CARTESIAN_POINT('',(-1.469E0,0.E0,2.38E0));
#9587=DIRECTION('',(0.E0,0.E0,-1.E0));
#9588=DIRECTION('',(-1.E0,0.E0,0.E0));
#9589=AXIS2_PLACEMENT_3D('',#9586,#9587,#9588);
#9590=PLANE('',#9589);
#9591=ORIENTED_EDGE('',*,*,#9570,.F.);
#9592=ORIENTED_EDGE('',*,*,#9559,.F.);
#9594=ORIENTED_EDGE('',*,*,#9593,.T.);
#9596=ORIENTED_EDGE('',*,*,#9595,.T.);
#9597=EDGE_LOOP('',(#9591,#9592,#9594,#9596));
#9598=FACE_OUTER_BOUND('',#9597,.F.);
#9600=CARTESIAN_POINT('',(-1.469E0,0.E0,2.499E0));
#9601=DIRECTION('',(0.E0,1.E0,0.E0));
#9602=DIRECTION('',(1.E0,0.E0,0.E0));
#9603=AXIS2_PLACEMENT_3D('',#9600,#9601,#9602);
#9604=CYLINDRICAL_SURFACE('',#9603,1.19E-1);
#9605=ORIENTED_EDGE('',*,*,#9557,.F.);
#9607=ORIENTED_EDGE('',*,*,#9606,.T.);
#9609=ORIENTED_EDGE('',*,*,#9608,.T.);
#9610=ORIENTED_EDGE('',*,*,#9593,.F.);
#9611=EDGE_LOOP('',(#9605,#9607,#9609,#9610));
#9612=FACE_OUTER_BOUND('',#9611,.F.);
#9614=CARTESIAN_POINT('',(-1.35E0,0.E0,2.501E0));
#9615=DIRECTION('',(1.E0,0.E0,0.E0));
#9616=DIRECTION('',(0.E0,0.E0,-1.E0));
#9617=AXIS2_PLACEMENT_3D('',#9614,#9615,#9616);
#9618=PLANE('',#9617);
#9619=ORIENTED_EDGE('',*,*,#9555,.F.);
#9621=ORIENTED_EDGE('',*,*,#9620,.T.);
#9623=ORIENTED_EDGE('',*,*,#9622,.T.);
#9624=ORIENTED_EDGE('',*,*,#9606,.F.);
#9625=EDGE_LOOP('',(#9619,#9621,#9623,#9624));
#9626=FACE_OUTER_BOUND('',#9625,.F.);
#9628=CARTESIAN_POINT('',(-1.469E0,0.E0,2.501E0));
#9629=DIRECTION('',(0.E0,1.E0,0.E0));
#9630=DIRECTION('',(1.E0,0.E0,0.E0));
#9631=AXIS2_PLACEMENT_3D('',#9628,#9629,#9630);
#9632=CYLINDRICAL_SURFACE('',#9631,1.19E-1);
#9633=ORIENTED_EDGE('',*,*,#9553,.F.);
#9635=ORIENTED_EDGE('',*,*,#9634,.T.);
#9637=ORIENTED_EDGE('',*,*,#9636,.T.);
#9638=ORIENTED_EDGE('',*,*,#9620,.F.);
#9639=EDGE_LOOP('',(#9633,#9635,#9637,#9638));
#9640=FACE_OUTER_BOUND('',#9639,.F.);
#9642=CARTESIAN_POINT('',(-1.85E0,0.E0,2.62E0));
#9643=DIRECTION('',(0.E0,0.E0,1.E0));
#9644=DIRECTION('',(1.E0,0.E0,0.E0));
#9645=AXIS2_PLACEMENT_3D('',#9642,#9643,#9644);
#9646=PLANE('',#9645);
#9647=ORIENTED_EDGE('',*,*,#9574,.T.);
#9649=ORIENTED_EDGE('',*,*,#9648,.T.);
#9650=ORIENTED_EDGE('',*,*,#9634,.F.);
#9651=ORIENTED_EDGE('',*,*,#9551,.F.);
#9652=EDGE_LOOP('',(#9647,#9649,#9650,#9651));
#9653=FACE_OUTER_BOUND('',#9652,.F.);
#9655=CARTESIAN_POINT('',(0.E0,2.E-1,0.E0));
#9656=DIRECTION('',(0.E0,1.E0,0.E0));
#9657=DIRECTION('',(1.E0,0.E0,0.E0));
#9658=AXIS2_PLACEMENT_3D('',#9655,#9656,#9657);
#9659=PLANE('',#9658);
#9660=ORIENTED_EDGE('',*,*,#9572,.T.);
#9661=ORIENTED_EDGE('',*,*,#9595,.F.);
#9662=ORIENTED_EDGE('',*,*,#9608,.F.);
#9663=ORIENTED_EDGE('',*,*,#9622,.F.);
#9664=ORIENTED_EDGE('',*,*,#9636,.F.);
#9665=ORIENTED_EDGE('',*,*,#9648,.F.);
#9666=EDGE_LOOP('',(#9660,#9661,#9662,#9663,#9664,#9665));
#9667=FACE_OUTER_BOUND('',#9666,.F.);
#9669=CLOSED_SHELL('',(#9563,#9578,#9599,#9613,#9627,#9641,#9654,#9668));
#9670=MANIFOLD_SOLID_BREP('',#9669);
#9671=FILL_AREA_STYLE_COLOUR('',#19);
#9672=FILL_AREA_STYLE('',(#9671));
#9673=SURFACE_STYLE_FILL_AREA(#9672);
#9674=SURFACE_SIDE_STYLE('',(#9673));
#9675=SURFACE_STYLE_USAGE(.POSITIVE.,#9674);
#9676=PRESENTATION_STYLE_ASSIGNMENT((#9675));
#9389=STYLED_ITEM('',(#9676),#9670);
#9678=DIRECTION('',(0.E0,0.E0,-1.E0));
#9679=VECTOR('',#9678,2.4E-1);
#9680=CARTESIAN_POINT('',(1.75E0,0.E0,2.12E0));
#9681=LINE('',#9680,#9679);
#9682=CURVE_STYLE('',#32,POSITIVE_LENGTH_MEASURE(2.E-2),#19);
#9683=PRESENTATION_STYLE_ASSIGNMENT((#9682));
#9684=STYLED_ITEM('',(#9683),#9681);
#9685=DIRECTION('',(1.E0,0.E0,0.E0));
#9686=VECTOR('',#9685,2.81E-1);
#9687=CARTESIAN_POINT('',(1.469E0,0.E0,1.88E0));
#9688=LINE('',#9687,#9686);
#9689=CURVE_STYLE('',#32,POSITIVE_LENGTH_MEASURE(2.E-2),#19);
#9690=PRESENTATION_STYLE_ASSIGNMENT((#9689));
#9691=STYLED_ITEM('',(#9690),#9688);
#9692=CARTESIAN_POINT('',(1.469E0,0.E0,1.999E0));
#9693=DIRECTION('',(0.E0,-1.E0,0.E0));
#9694=DIRECTION('',(-1.E0,0.E0,0.E0));
#9695=AXIS2_PLACEMENT_3D('',#9692,#9693,#9694);
#9697=CURVE_STYLE('',#32,POSITIVE_LENGTH_MEASURE(2.E-2),#19);
#9698=PRESENTATION_STYLE_ASSIGNMENT((#9697));
#9699=STYLED_ITEM('',(#9698),#9696);
#9700=DIRECTION('',(0.E0,0.E0,-1.E0));
#9701=VECTOR('',#9700,2.E-3);
#9702=CARTESIAN_POINT('',(1.35E0,0.E0,2.001E0));
#9703=LINE('',#9702,#9701);
#9704=CURVE_STYLE('',#32,POSITIVE_LENGTH_MEASURE(2.E-2),#19);
#9705=PRESENTATION_STYLE_ASSIGNMENT((#9704));
#9706=STYLED_ITEM('',(#9705),#9703);
#9707=CARTESIAN_POINT('',(1.469E0,0.E0,2.001E0));
#9708=DIRECTION('',(0.E0,-1.E0,0.E0));
#9709=DIRECTION('',(0.E0,0.E0,1.E0));
#9710=AXIS2_PLACEMENT_3D('',#9707,#9708,#9709);
#9712=CURVE_STYLE('',#32,POSITIVE_LENGTH_MEASURE(2.E-2),#19);
#9713=PRESENTATION_STYLE_ASSIGNMENT((#9712));
#9714=STYLED_ITEM('',(#9713),#9711);
#9715=DIRECTION('',(-1.E0,0.E0,0.E0));
#9716=VECTOR('',#9715,2.81E-1);
#9717=CARTESIAN_POINT('',(1.75E0,0.E0,2.12E0));
#9718=LINE('',#9717,#9716);
#9719=CURVE_STYLE('',#32,POSITIVE_LENGTH_MEASURE(2.E-2),#19);
#9720=PRESENTATION_STYLE_ASSIGNMENT((#9719));
#9721=STYLED_ITEM('',(#9720),#9718);
#9722=DIRECTION('',(0.E0,1.E0,0.E0));
#9723=VECTOR('',#9722,2.E-1);
#9724=CARTESIAN_POINT('',(1.75E0,0.E0,2.12E0));
#9725=LINE('',#9724,#9723);
#9726=CURVE_STYLE('',#32,POSITIVE_LENGTH_MEASURE(2.E-2),#19);
#9727=PRESENTATION_STYLE_ASSIGNMENT((#9726));
#9728=STYLED_ITEM('',(#9727),#9725);
#9729=DIRECTION('',(0.E0,1.E0,0.E0));
#9730=VECTOR('',#9729,2.E-1);
#9731=CARTESIAN_POINT('',(1.469E0,0.E0,2.12E0));
#9732=LINE('',#9731,#9730);
#9733=CURVE_STYLE('',#32,POSITIVE_LENGTH_MEASURE(2.E-2),#19);
#9734=PRESENTATION_STYLE_ASSIGNMENT((#9733));
#9735=STYLED_ITEM('',(#9734),#9732);
#9736=DIRECTION('',(0.E0,1.E0,0.E0));
#9737=VECTOR('',#9736,2.E-1);
#9738=CARTESIAN_POINT('',(1.35E0,0.E0,2.001E0));
#9739=LINE('',#9738,#9737);
#9740=CURVE_STYLE('',#32,POSITIVE_LENGTH_MEASURE(2.E-2),#19);
#9741=PRESENTATION_STYLE_ASSIGNMENT((#9740));
#9742=STYLED_ITEM('',(#9741),#9739);
#9743=DIRECTION('',(0.E0,1.E0,0.E0));
#9744=VECTOR('',#9743,2.E-1);
#9745=CARTESIAN_POINT('',(1.35E0,0.E0,1.999E0));
#9746=LINE('',#9745,#9744);
#9747=CURVE_STYLE('',#32,POSITIVE_LENGTH_MEASURE(2.E-2),#19);
#9748=PRESENTATION_STYLE_ASSIGNMENT((#9747));
#9749=STYLED_ITEM('',(#9748),#9746);
#9750=DIRECTION('',(0.E0,1.E0,0.E0));
#9751=VECTOR('',#9750,2.E-1);
#9752=CARTESIAN_POINT('',(1.75E0,0.E0,1.88E0));
#9753=LINE('',#9752,#9751);
#9754=CURVE_STYLE('',#32,POSITIVE_LENGTH_MEASURE(2.E-2),#19);
#9755=PRESENTATION_STYLE_ASSIGNMENT((#9754));
#9756=STYLED_ITEM('',(#9755),#9753);
#9757=DIRECTION('',(0.E0,1.E0,0.E0));
#9758=VECTOR('',#9757,2.E-1);
#9759=CARTESIAN_POINT('',(1.469E0,0.E0,1.88E0));
#9760=LINE('',#9759,#9758);
#9761=CURVE_STYLE('',#32,POSITIVE_LENGTH_MEASURE(2.E-2),#19);
#9762=PRESENTATION_STYLE_ASSIGNMENT((#9761));
#9763=STYLED_ITEM('',(#9762),#9760);
#9764=DIRECTION('',(0.E0,0.E0,-1.E0));
#9765=VECTOR('',#9764,2.4E-1);
#9766=CARTESIAN_POINT('',(1.75E0,2.E-1,2.12E0));
#9767=LINE('',#9766,#9765);
#9768=CURVE_STYLE('',#32,POSITIVE_LENGTH_MEASURE(2.E-2),#19);
#9769=PRESENTATION_STYLE_ASSIGNMENT((#9768));
#9770=STYLED_ITEM('',(#9769),#9767);
#9771=DIRECTION('',(-1.E0,0.E0,0.E0));
#9772=VECTOR('',#9771,2.81E-1);
#9773=CARTESIAN_POINT('',(1.75E0,2.E-1,2.12E0));
#9774=LINE('',#9773,#9772);
#9775=CURVE_STYLE('',#32,POSITIVE_LENGTH_MEASURE(2.E-2),#19);
#9776=PRESENTATION_STYLE_ASSIGNMENT((#9775));
#9777=STYLED_ITEM('',(#9776),#9774);
#9778=CARTESIAN_POINT('',(1.469E0,2.E-1,2.001E0));
#9779=DIRECTION('',(0.E0,-1.E0,0.E0));
#9780=DIRECTION('',(0.E0,0.E0,1.E0));
#9781=AXIS2_PLACEMENT_3D('',#9778,#9779,#9780);
#9783=CURVE_STYLE('',#32,POSITIVE_LENGTH_MEASURE(2.E-2),#19);
#9784=PRESENTATION_STYLE_ASSIGNMENT((#9783));
#9785=STYLED_ITEM('',(#9784),#9782);
#9786=DIRECTION('',(0.E0,0.E0,-1.E0));
#9787=VECTOR('',#9786,2.E-3);
#9788=CARTESIAN_POINT('',(1.35E0,2.E-1,2.001E0));
#9789=LINE('',#9788,#9787);
#9790=CURVE_STYLE('',#32,POSITIVE_LENGTH_MEASURE(2.E-2),#19);
#9791=PRESENTATION_STYLE_ASSIGNMENT((#9790));
#9792=STYLED_ITEM('',(#9791),#9789);
#9793=CARTESIAN_POINT('',(1.469E0,2.E-1,1.999E0));
#9794=DIRECTION('',(0.E0,-1.E0,0.E0));
#9795=DIRECTION('',(-1.E0,0.E0,0.E0));
#9796=AXIS2_PLACEMENT_3D('',#9793,#9794,#9795);
#9798=CURVE_STYLE('',#32,POSITIVE_LENGTH_MEASURE(2.E-2),#19);
#9799=PRESENTATION_STYLE_ASSIGNMENT((#9798));
#9800=STYLED_ITEM('',(#9799),#9797);
#9801=DIRECTION('',(1.E0,0.E0,0.E0));
#9802=VECTOR('',#9801,2.81E-1);
#9803=CARTESIAN_POINT('',(1.469E0,2.E-1,1.88E0));
#9804=LINE('',#9803,#9802);
#9805=CURVE_STYLE('',#32,POSITIVE_LENGTH_MEASURE(2.E-2),#19);
#9806=PRESENTATION_STYLE_ASSIGNMENT((#9805));
#9807=STYLED_ITEM('',(#9806),#9804);
#9808=CARTESIAN_POINT('',(1.469E0,0.E0,2.12E0));
#9809=CARTESIAN_POINT('',(1.35E0,0.E0,2.001E0));
#9810=VERTEX_POINT('',#9808);
#9811=VERTEX_POINT('',#9809);
#9812=CARTESIAN_POINT('',(1.35E0,0.E0,1.999E0));
#9813=VERTEX_POINT('',#9812);
#9814=CARTESIAN_POINT('',(1.469E0,0.E0,1.88E0));
#9815=VERTEX_POINT('',#9814);
#9816=CARTESIAN_POINT('',(1.469E0,2.E-1,2.12E0));
#9817=CARTESIAN_POINT('',(1.35E0,2.E-1,2.001E0));
#9818=VERTEX_POINT('',#9816);
#9819=VERTEX_POINT('',#9817);
#9820=CARTESIAN_POINT('',(1.35E0,2.E-1,1.999E0));
#9821=VERTEX_POINT('',#9820);
#9822=CARTESIAN_POINT('',(1.469E0,2.E-1,1.88E0));
#9823=VERTEX_POINT('',#9822);
#9824=CARTESIAN_POINT('',(1.75E0,0.E0,2.12E0));
#9825=CARTESIAN_POINT('',(1.75E0,0.E0,1.88E0));
#9826=VERTEX_POINT('',#9824);
#9827=VERTEX_POINT('',#9825);
#9828=CARTESIAN_POINT('',(1.75E0,2.E-1,2.12E0));
#9829=CARTESIAN_POINT('',(1.75E0,2.E-1,1.88E0));
#9830=VERTEX_POINT('',#9828);
#9831=VERTEX_POINT('',#9829);
#9832=CARTESIAN_POINT('',(0.E0,0.E0,0.E0));
#9833=DIRECTION('',(0.E0,-1.E0,0.E0));
#9834=DIRECTION('',(-1.E0,0.E0,0.E0));
#9835=AXIS2_PLACEMENT_3D('',#9832,#9833,#9834);
#9836=PLANE('',#9835);
#9838=ORIENTED_EDGE('',*,*,#9837,.T.);
#9840=ORIENTED_EDGE('',*,*,#9839,.F.);
#9842=ORIENTED_EDGE('',*,*,#9841,.F.);
#9844=ORIENTED_EDGE('',*,*,#9843,.F.);
#9846=ORIENTED_EDGE('',*,*,#9845,.F.);
#9848=ORIENTED_EDGE('',*,*,#9847,.F.);
#9849=EDGE_LOOP('',(#9838,#9840,#9842,#9844,#9846,#9848));
#9850=FACE_OUTER_BOUND('',#9849,.F.);
#9852=CARTESIAN_POINT('',(1.75E0,0.E0,-3.5E0));
#9853=DIRECTION('',(-1.E0,0.E0,0.E0));
#9854=DIRECTION('',(0.E0,0.E0,1.E0));
#9855=AXIS2_PLACEMENT_3D('',#9852,#9853,#9854);
#9856=PLANE('',#9855);
#9857=ORIENTED_EDGE('',*,*,#9837,.F.);
#9859=ORIENTED_EDGE('',*,*,#9858,.T.);
#9861=ORIENTED_EDGE('',*,*,#9860,.T.);
#9863=ORIENTED_EDGE('',*,*,#9862,.F.);
#9864=EDGE_LOOP('',(#9857,#9859,#9861,#9863));
#9865=FACE_OUTER_BOUND('',#9864,.F.);
#9867=FILL_AREA_STYLE_COLOUR('',#25);
#9868=FILL_AREA_STYLE('',(#9867));
#9869=SURFACE_STYLE_FILL_AREA(#9868);
#9870=SURFACE_SIDE_STYLE('',(#9869));
#9871=SURFACE_STYLE_USAGE(.POSITIVE.,#9870);
#9872=PRESENTATION_STYLE_ASSIGNMENT((#9871));
#9873=OVER_RIDING_STYLED_ITEM('',(#9872),#9866,#9677);
#9874=CARTESIAN_POINT('',(1.85E0,0.E0,2.12E0));
#9875=DIRECTION('',(0.E0,0.E0,-1.E0));
#9876=DIRECTION('',(-1.E0,0.E0,0.E0));
#9877=AXIS2_PLACEMENT_3D('',#9874,#9875,#9876);
#9878=PLANE('',#9877);
#9879=ORIENTED_EDGE('',*,*,#9858,.F.);
#9880=ORIENTED_EDGE('',*,*,#9847,.T.);
#9882=ORIENTED_EDGE('',*,*,#9881,.T.);
#9884=ORIENTED_EDGE('',*,*,#9883,.F.);
#9885=EDGE_LOOP('',(#9879,#9880,#9882,#9884));
#9886=FACE_OUTER_BOUND('',#9885,.F.);
#9888=CARTESIAN_POINT('',(1.469E0,0.E0,2.001E0));
#9889=DIRECTION('',(0.E0,-1.E0,0.E0));
#9890=DIRECTION('',(-1.E0,0.E0,0.E0));
#9891=AXIS2_PLACEMENT_3D('',#9888,#9889,#9890);
#9892=CYLINDRICAL_SURFACE('',#9891,1.19E-1);
#9893=ORIENTED_EDGE('',*,*,#9845,.T.);
#9895=ORIENTED_EDGE('',*,*,#9894,.T.);
#9897=ORIENTED_EDGE('',*,*,#9896,.F.);
#9898=ORIENTED_EDGE('',*,*,#9881,.F.);
#9899=EDGE_LOOP('',(#9893,#9895,#9897,#9898));
#9900=FACE_OUTER_BOUND('',#9899,.F.);
#9902=CARTESIAN_POINT('',(1.35E0,0.E0,2.001E0));
#9903=DIRECTION('',(1.E0,0.E0,0.E0));
#9904=DIRECTION('',(0.E0,0.E0,-1.E0));
#9905=AXIS2_PLACEMENT_3D('',#9902,#9903,#9904);
#9906=PLANE('',#9905);
#9907=ORIENTED_EDGE('',*,*,#9843,.T.);
#9909=ORIENTED_EDGE('',*,*,#9908,.T.);
#9911=ORIENTED_EDGE('',*,*,#9910,.F.);
#9912=ORIENTED_EDGE('',*,*,#9894,.F.);
#9913=EDGE_LOOP('',(#9907,#9909,#9911,#9912));
#9914=FACE_OUTER_BOUND('',#9913,.F.);
#9916=CARTESIAN_POINT('',(1.469E0,0.E0,1.999E0));
#9917=DIRECTION('',(0.E0,-1.E0,0.E0));
#9918=DIRECTION('',(-1.E0,0.E0,0.E0));
#9919=AXIS2_PLACEMENT_3D('',#9916,#9917,#9918);
#9920=CYLINDRICAL_SURFACE('',#9919,1.19E-1);
#9921=ORIENTED_EDGE('',*,*,#9841,.T.);
#9923=ORIENTED_EDGE('',*,*,#9922,.T.);
#9925=ORIENTED_EDGE('',*,*,#9924,.F.);
#9926=ORIENTED_EDGE('',*,*,#9908,.F.);
#9927=EDGE_LOOP('',(#9921,#9923,#9925,#9926));
#9928=FACE_OUTER_BOUND('',#9927,.F.);
#9930=CARTESIAN_POINT('',(1.469E0,0.E0,1.88E0));
#9931=DIRECTION('',(0.E0,0.E0,1.E0));
#9932=DIRECTION('',(1.E0,0.E0,0.E0));
#9933=AXIS2_PLACEMENT_3D('',#9930,#9931,#9932);
#9934=PLANE('',#9933);
#9935=ORIENTED_EDGE('',*,*,#9862,.T.);
#9937=ORIENTED_EDGE('',*,*,#9936,.F.);
#9938=ORIENTED_EDGE('',*,*,#9922,.F.);
#9939=ORIENTED_EDGE('',*,*,#9839,.T.);
#9940=EDGE_LOOP('',(#9935,#9937,#9938,#9939));
#9941=FACE_OUTER_BOUND('',#9940,.F.);
#9943=CARTESIAN_POINT('',(0.E0,2.E-1,0.E0));
#9944=DIRECTION('',(0.E0,-1.E0,0.E0));
#9945=DIRECTION('',(-1.E0,0.E0,0.E0));
#9946=AXIS2_PLACEMENT_3D('',#9943,#9944,#9945);
#9947=PLANE('',#9946);
#9948=ORIENTED_EDGE('',*,*,#9860,.F.);
#9949=ORIENTED_EDGE('',*,*,#9883,.T.);
#9950=ORIENTED_EDGE('',*,*,#9896,.T.);
#9951=ORIENTED_EDGE('',*,*,#9910,.T.);
#9952=ORIENTED_EDGE('',*,*,#9924,.T.);
#9953=ORIENTED_EDGE('',*,*,#9936,.T.);
#9954=EDGE_LOOP('',(#9948,#9949,#9950,#9951,#9952,#9953));
#9955=FACE_OUTER_BOUND('',#9954,.F.);
#9957=CLOSED_SHELL('',(#9851,#9866,#9887,#9901,#9915,#9929,#9942,#9956));
#9958=MANIFOLD_SOLID_BREP('',#9957);
#9959=FILL_AREA_STYLE_COLOUR('',#19);
#9960=FILL_AREA_STYLE('',(#9959));
#9961=SURFACE_STYLE_FILL_AREA(#9960);
#9962=SURFACE_SIDE_STYLE('',(#9961));
#9963=SURFACE_STYLE_USAGE(.POSITIVE.,#9962);
#9964=PRESENTATION_STYLE_ASSIGNMENT((#9963));
#9677=STYLED_ITEM('',(#9964),#9958);
#9966=DIRECTION('',(0.E0,0.E0,-1.E0));
#9967=VECTOR('',#9966,2.4E-1);
#9968=CARTESIAN_POINT('',(1.75E0,0.E0,2.62E0));
#9969=LINE('',#9968,#9967);
#9970=CURVE_STYLE('',#32,POSITIVE_LENGTH_MEASURE(2.E-2),#19);
#9971=PRESENTATION_STYLE_ASSIGNMENT((#9970));
#9972=STYLED_ITEM('',(#9971),#9969);
#9973=DIRECTION('',(1.E0,0.E0,0.E0));
#9974=VECTOR('',#9973,2.81E-1);
#9975=CARTESIAN_POINT('',(1.469E0,0.E0,2.38E0));
#9976=LINE('',#9975,#9974);
#9977=CURVE_STYLE('',#32,POSITIVE_LENGTH_MEASURE(2.E-2),#19);
#9978=PRESENTATION_STYLE_ASSIGNMENT((#9977));
#9979=STYLED_ITEM('',(#9978),#9976);
#9980=CARTESIAN_POINT('',(1.469E0,0.E0,2.499E0));
#9981=DIRECTION('',(0.E0,-1.E0,0.E0));
#9982=DIRECTION('',(-1.E0,0.E0,0.E0));
#9983=AXIS2_PLACEMENT_3D('',#9980,#9981,#9982);
#9985=CURVE_STYLE('',#32,POSITIVE_LENGTH_MEASURE(2.E-2),#19);
#9986=PRESENTATION_STYLE_ASSIGNMENT((#9985));
#9987=STYLED_ITEM('',(#9986),#9984);
#9988=DIRECTION('',(0.E0,0.E0,-1.E0));
#9989=VECTOR('',#9988,2.000000000001E-3);
#9990=CARTESIAN_POINT('',(1.35E0,0.E0,2.501E0));
#9991=LINE('',#9990,#9989);
#9992=CURVE_STYLE('',#32,POSITIVE_LENGTH_MEASURE(2.E-2),#19);
#9993=PRESENTATION_STYLE_ASSIGNMENT((#9992));
#9994=STYLED_ITEM('',(#9993),#9991);
#9995=CARTESIAN_POINT('',(1.469E0,0.E0,2.501E0));
#9996=DIRECTION('',(0.E0,-1.E0,0.E0));
#9997=DIRECTION('',(0.E0,0.E0,1.E0));
#9998=AXIS2_PLACEMENT_3D('',#9995,#9996,#9997);
#10000=CURVE_STYLE('',#32,POSITIVE_LENGTH_MEASURE(2.E-2),#19);
#10001=PRESENTATION_STYLE_ASSIGNMENT((#10000));
#10002=STYLED_ITEM('',(#10001),#9999);
#10003=DIRECTION('',(-1.E0,0.E0,0.E0));
#10004=VECTOR('',#10003,2.81E-1);
#10005=CARTESIAN_POINT('',(1.75E0,0.E0,2.62E0));
#10006=LINE('',#10005,#10004);
#10007=CURVE_STYLE('',#32,POSITIVE_LENGTH_MEASURE(2.E-2),#19);
#10008=PRESENTATION_STYLE_ASSIGNMENT((#10007));
#10009=STYLED_ITEM('',(#10008),#10006);
#10010=DIRECTION('',(0.E0,1.E0,0.E0));
#10011=VECTOR('',#10010,2.E-1);
#10012=CARTESIAN_POINT('',(1.75E0,0.E0,2.62E0));
#10013=LINE('',#10012,#10011);
#10014=CURVE_STYLE('',#32,POSITIVE_LENGTH_MEASURE(2.E-2),#19);
#10015=PRESENTATION_STYLE_ASSIGNMENT((#10014));
#10016=STYLED_ITEM('',(#10015),#10013);
#10017=DIRECTION('',(0.E0,1.E0,0.E0));
#10018=VECTOR('',#10017,2.E-1);
#10019=CARTESIAN_POINT('',(1.469E0,0.E0,2.62E0));
#10020=LINE('',#10019,#10018);
#10021=CURVE_STYLE('',#32,POSITIVE_LENGTH_MEASURE(2.E-2),#19);
#10022=PRESENTATION_STYLE_ASSIGNMENT((#10021));
#10023=STYLED_ITEM('',(#10022),#10020);
#10024=DIRECTION('',(0.E0,1.E0,0.E0));
#10025=VECTOR('',#10024,2.E-1);
#10026=CARTESIAN_POINT('',(1.35E0,0.E0,2.501E0));
#10027=LINE('',#10026,#10025);
#10028=CURVE_STYLE('',#32,POSITIVE_LENGTH_MEASURE(2.E-2),#19);
#10029=PRESENTATION_STYLE_ASSIGNMENT((#10028));
#10030=STYLED_ITEM('',(#10029),#10027);
#10031=DIRECTION('',(0.E0,1.E0,0.E0));
#10032=VECTOR('',#10031,2.E-1);
#10033=CARTESIAN_POINT('',(1.35E0,0.E0,2.499E0));
#10034=LINE('',#10033,#10032);
#10035=CURVE_STYLE('',#32,POSITIVE_LENGTH_MEASURE(2.E-2),#19);
#10036=PRESENTATION_STYLE_ASSIGNMENT((#10035));
#10037=STYLED_ITEM('',(#10036),#10034);
#10038=DIRECTION('',(0.E0,1.E0,0.E0));
#10039=VECTOR('',#10038,2.E-1);
#10040=CARTESIAN_POINT('',(1.75E0,0.E0,2.38E0));
#10041=LINE('',#10040,#10039);
#10042=CURVE_STYLE('',#32,POSITIVE_LENGTH_MEASURE(2.E-2),#19);
#10043=PRESENTATION_STYLE_ASSIGNMENT((#10042));
#10044=STYLED_ITEM('',(#10043),#10041);
#10045=DIRECTION('',(0.E0,1.E0,0.E0));
#10046=VECTOR('',#10045,2.E-1);
#10047=CARTESIAN_POINT('',(1.469E0,0.E0,2.38E0));
#10048=LINE('',#10047,#10046);
#10049=CURVE_STYLE('',#32,POSITIVE_LENGTH_MEASURE(2.E-2),#19);
#10050=PRESENTATION_STYLE_ASSIGNMENT((#10049));
#10051=STYLED_ITEM('',(#10050),#10048);
#10052=DIRECTION('',(0.E0,0.E0,-1.E0));
#10053=VECTOR('',#10052,2.4E-1);
#10054=CARTESIAN_POINT('',(1.75E0,2.E-1,2.62E0));
#10055=LINE('',#10054,#10053);
#10056=CURVE_STYLE('',#32,POSITIVE_LENGTH_MEASURE(2.E-2),#19);
#10057=PRESENTATION_STYLE_ASSIGNMENT((#10056));
#10058=STYLED_ITEM('',(#10057),#10055);
#10059=DIRECTION('',(-1.E0,0.E0,0.E0));
#10060=VECTOR('',#10059,2.81E-1);
#10061=CARTESIAN_POINT('',(1.75E0,2.E-1,2.62E0));
#10062=LINE('',#10061,#10060);
#10063=CURVE_STYLE('',#32,POSITIVE_LENGTH_MEASURE(2.E-2),#19);
#10064=PRESENTATION_STYLE_ASSIGNMENT((#10063));
#10065=STYLED_ITEM('',(#10064),#10062);
#10066=CARTESIAN_POINT('',(1.469E0,2.E-1,2.501E0));
#10067=DIRECTION('',(0.E0,-1.E0,0.E0));
#10068=DIRECTION('',(0.E0,0.E0,1.E0));
#10069=AXIS2_PLACEMENT_3D('',#10066,#10067,#10068);
#10071=CURVE_STYLE('',#32,POSITIVE_LENGTH_MEASURE(2.E-2),#19);
#10072=PRESENTATION_STYLE_ASSIGNMENT((#10071));
#10073=STYLED_ITEM('',(#10072),#10070);
#10074=DIRECTION('',(0.E0,0.E0,-1.E0));
#10075=VECTOR('',#10074,2.000000000001E-3);
#10076=CARTESIAN_POINT('',(1.35E0,2.E-1,2.501E0));
#10077=LINE('',#10076,#10075);
#10078=CURVE_STYLE('',#32,POSITIVE_LENGTH_MEASURE(2.E-2),#19);
#10079=PRESENTATION_STYLE_ASSIGNMENT((#10078));
#10080=STYLED_ITEM('',(#10079),#10077);
#10081=CARTESIAN_POINT('',(1.469E0,2.E-1,2.499E0));
#10082=DIRECTION('',(0.E0,-1.E0,0.E0));
#10083=DIRECTION('',(-1.E0,0.E0,0.E0));
#10084=AXIS2_PLACEMENT_3D('',#10081,#10082,#10083);
#10086=CURVE_STYLE('',#32,POSITIVE_LENGTH_MEASURE(2.E-2),#19);
#10087=PRESENTATION_STYLE_ASSIGNMENT((#10086));
#10088=STYLED_ITEM('',(#10087),#10085);
#10089=DIRECTION('',(1.E0,0.E0,0.E0));
#10090=VECTOR('',#10089,2.81E-1);
#10091=CARTESIAN_POINT('',(1.469E0,2.E-1,2.38E0));
#10092=LINE('',#10091,#10090);
#10093=CURVE_STYLE('',#32,POSITIVE_LENGTH_MEASURE(2.E-2),#19);
#10094=PRESENTATION_STYLE_ASSIGNMENT((#10093));
#10095=STYLED_ITEM('',(#10094),#10092);
#10096=CARTESIAN_POINT('',(1.469E0,0.E0,2.62E0));
#10097=CARTESIAN_POINT('',(1.35E0,0.E0,2.501E0));
#10098=VERTEX_POINT('',#10096);
#10099=VERTEX_POINT('',#10097);
#10100=CARTESIAN_POINT('',(1.35E0,0.E0,2.499E0));
#10101=VERTEX_POINT('',#10100);
#10102=CARTESIAN_POINT('',(1.469E0,0.E0,2.38E0));
#10103=VERTEX_POINT('',#10102);
#10104=CARTESIAN_POINT('',(1.469E0,2.E-1,2.62E0));
#10105=CARTESIAN_POINT('',(1.35E0,2.E-1,2.501E0));
#10106=VERTEX_POINT('',#10104);
#10107=VERTEX_POINT('',#10105);
#10108=CARTESIAN_POINT('',(1.35E0,2.E-1,2.499E0));
#10109=VERTEX_POINT('',#10108);
#10110=CARTESIAN_POINT('',(1.469E0,2.E-1,2.38E0));
#10111=VERTEX_POINT('',#10110);
#10112=CARTESIAN_POINT('',(1.75E0,0.E0,2.62E0));
#10113=CARTESIAN_POINT('',(1.75E0,0.E0,2.38E0));
#10114=VERTEX_POINT('',#10112);
#10115=VERTEX_POINT('',#10113);
#10116=CARTESIAN_POINT('',(1.75E0,2.E-1,2.62E0));
#10117=CARTESIAN_POINT('',(1.75E0,2.E-1,2.38E0));
#10118=VERTEX_POINT('',#10116);
#10119=VERTEX_POINT('',#10117);
#10120=CARTESIAN_POINT('',(0.E0,0.E0,0.E0));
#10121=DIRECTION('',(0.E0,-1.E0,0.E0));
#10122=DIRECTION('',(-1.E0,0.E0,0.E0));
#10123=AXIS2_PLACEMENT_3D('',#10120,#10121,#10122);
#10124=PLANE('',#10123);
#10126=ORIENTED_EDGE('',*,*,#10125,.T.);
#10128=ORIENTED_EDGE('',*,*,#10127,.F.);
#10130=ORIENTED_EDGE('',*,*,#10129,.F.);
#10132=ORIENTED_EDGE('',*,*,#10131,.F.);
#10134=ORIENTED_EDGE('',*,*,#10133,.F.);
#10136=ORIENTED_EDGE('',*,*,#10135,.F.);
#10137=EDGE_LOOP('',(#10126,#10128,#10130,#10132,#10134,#10136));
#10138=FACE_OUTER_BOUND('',#10137,.F.);
#10140=CARTESIAN_POINT('',(1.75E0,0.E0,-3.5E0));
#10141=DIRECTION('',(-1.E0,0.E0,0.E0));
#10142=DIRECTION('',(0.E0,0.E0,1.E0));
#10143=AXIS2_PLACEMENT_3D('',#10140,#10141,#10142);
#10144=PLANE('',#10143);
#10145=ORIENTED_EDGE('',*,*,#10125,.F.);
#10147=ORIENTED_EDGE('',*,*,#10146,.T.);
#10149=ORIENTED_EDGE('',*,*,#10148,.T.);
#10151=ORIENTED_EDGE('',*,*,#10150,.F.);
#10152=EDGE_LOOP('',(#10145,#10147,#10149,#10151));
#10153=FACE_OUTER_BOUND('',#10152,.F.);
#10155=FILL_AREA_STYLE_COLOUR('',#25);
#10156=FILL_AREA_STYLE('',(#10155));
#10157=SURFACE_STYLE_FILL_AREA(#10156);
#10158=SURFACE_SIDE_STYLE('',(#10157));
#10159=SURFACE_STYLE_USAGE(.POSITIVE.,#10158);
#10160=PRESENTATION_STYLE_ASSIGNMENT((#10159));
#10161=OVER_RIDING_STYLED_ITEM('',(#10160),#10154,#9965);
#10162=CARTESIAN_POINT('',(1.85E0,0.E0,2.62E0));
#10163=DIRECTION('',(0.E0,0.E0,-1.E0));
#10164=DIRECTION('',(-1.E0,0.E0,0.E0));
#10165=AXIS2_PLACEMENT_3D('',#10162,#10163,#10164);
#10166=PLANE('',#10165);
#10167=ORIENTED_EDGE('',*,*,#10146,.F.);
#10168=ORIENTED_EDGE('',*,*,#10135,.T.);
#10170=ORIENTED_EDGE('',*,*,#10169,.T.);
#10172=ORIENTED_EDGE('',*,*,#10171,.F.);
#10173=EDGE_LOOP('',(#10167,#10168,#10170,#10172));
#10174=FACE_OUTER_BOUND('',#10173,.F.);
#10176=CARTESIAN_POINT('',(1.469E0,0.E0,2.501E0));
#10177=DIRECTION('',(0.E0,-1.E0,0.E0));
#10178=DIRECTION('',(-1.E0,0.E0,0.E0));
#10179=AXIS2_PLACEMENT_3D('',#10176,#10177,#10178);
#10180=CYLINDRICAL_SURFACE('',#10179,1.19E-1);
#10181=ORIENTED_EDGE('',*,*,#10133,.T.);
#10183=ORIENTED_EDGE('',*,*,#10182,.T.);
#10185=ORIENTED_EDGE('',*,*,#10184,.F.);
#10186=ORIENTED_EDGE('',*,*,#10169,.F.);
#10187=EDGE_LOOP('',(#10181,#10183,#10185,#10186));
#10188=FACE_OUTER_BOUND('',#10187,.F.);
#10190=CARTESIAN_POINT('',(1.35E0,0.E0,2.501E0));
#10191=DIRECTION('',(1.E0,0.E0,0.E0));
#10192=DIRECTION('',(0.E0,0.E0,-1.E0));
#10193=AXIS2_PLACEMENT_3D('',#10190,#10191,#10192);
#10194=PLANE('',#10193);
#10195=ORIENTED_EDGE('',*,*,#10131,.T.);
#10197=ORIENTED_EDGE('',*,*,#10196,.T.);
#10199=ORIENTED_EDGE('',*,*,#10198,.F.);
#10200=ORIENTED_EDGE('',*,*,#10182,.F.);
#10201=EDGE_LOOP('',(#10195,#10197,#10199,#10200));
#10202=FACE_OUTER_BOUND('',#10201,.F.);
#10204=CARTESIAN_POINT('',(1.469E0,0.E0,2.499E0));
#10205=DIRECTION('',(0.E0,-1.E0,0.E0));
#10206=DIRECTION('',(-1.E0,0.E0,0.E0));
#10207=AXIS2_PLACEMENT_3D('',#10204,#10205,#10206);
#10208=CYLINDRICAL_SURFACE('',#10207,1.19E-1);
#10209=ORIENTED_EDGE('',*,*,#10129,.T.);
#10211=ORIENTED_EDGE('',*,*,#10210,.T.);
#10213=ORIENTED_EDGE('',*,*,#10212,.F.);
#10214=ORIENTED_EDGE('',*,*,#10196,.F.);
#10215=EDGE_LOOP('',(#10209,#10211,#10213,#10214));
#10216=FACE_OUTER_BOUND('',#10215,.F.);
#10218=CARTESIAN_POINT('',(1.469E0,0.E0,2.38E0));
#10219=DIRECTION('',(0.E0,0.E0,1.E0));
#10220=DIRECTION('',(1.E0,0.E0,0.E0));
#10221=AXIS2_PLACEMENT_3D('',#10218,#10219,#10220);
#10222=PLANE('',#10221);
#10223=ORIENTED_EDGE('',*,*,#10150,.T.);
#10225=ORIENTED_EDGE('',*,*,#10224,.F.);
#10226=ORIENTED_EDGE('',*,*,#10210,.F.);
#10227=ORIENTED_EDGE('',*,*,#10127,.T.);
#10228=EDGE_LOOP('',(#10223,#10225,#10226,#10227));
#10229=FACE_OUTER_BOUND('',#10228,.F.);
#10231=CARTESIAN_POINT('',(0.E0,2.E-1,0.E0));
#10232=DIRECTION('',(0.E0,-1.E0,0.E0));
#10233=DIRECTION('',(-1.E0,0.E0,0.E0));
#10234=AXIS2_PLACEMENT_3D('',#10231,#10232,#10233);
#10235=PLANE('',#10234);
#10236=ORIENTED_EDGE('',*,*,#10148,.F.);
#10237=ORIENTED_EDGE('',*,*,#10171,.T.);
#10238=ORIENTED_EDGE('',*,*,#10184,.T.);
#10239=ORIENTED_EDGE('',*,*,#10198,.T.);
#10240=ORIENTED_EDGE('',*,*,#10212,.T.);
#10241=ORIENTED_EDGE('',*,*,#10224,.T.);
#10242=EDGE_LOOP('',(#10236,#10237,#10238,#10239,#10240,#10241));
#10243=FACE_OUTER_BOUND('',#10242,.F.);
#10245=CLOSED_SHELL('',(#10139,#10154,#10175,#10189,#10203,#10217,#10230,
#10244));
#10246=MANIFOLD_SOLID_BREP('',#10245);
#10247=FILL_AREA_STYLE_COLOUR('',#19);
#10248=FILL_AREA_STYLE('',(#10247));
#10249=SURFACE_STYLE_FILL_AREA(#10248);
#10250=SURFACE_SIDE_STYLE('',(#10249));
#10251=SURFACE_STYLE_USAGE(.POSITIVE.,#10250);
#10252=PRESENTATION_STYLE_ASSIGNMENT((#10251));
#9965=STYLED_ITEM('',(#10252),#10246);
#10254=DIRECTION('',(0.E0,0.E0,-1.E0));
#10255=VECTOR('',#10254,2.4E-1);
#10256=CARTESIAN_POINT('',(-1.75E0,0.E0,3.12E0));
#10257=LINE('',#10256,#10255);
#10258=CURVE_STYLE('',#32,POSITIVE_LENGTH_MEASURE(2.E-2),#19);
#10259=PRESENTATION_STYLE_ASSIGNMENT((#10258));
#10260=STYLED_ITEM('',(#10259),#10257);
#10261=DIRECTION('',(1.E0,0.E0,0.E0));
#10262=VECTOR('',#10261,2.81E-1);
#10263=CARTESIAN_POINT('',(-1.75E0,0.E0,3.12E0));
#10264=LINE('',#10263,#10262);
#10265=CURVE_STYLE('',#32,POSITIVE_LENGTH_MEASURE(2.E-2),#19);
#10266=PRESENTATION_STYLE_ASSIGNMENT((#10265));
#10267=STYLED_ITEM('',(#10266),#10264);
#10268=CARTESIAN_POINT('',(-1.469E0,0.E0,3.001E0));
#10269=DIRECTION('',(0.E0,1.E0,0.E0));
#10270=DIRECTION('',(0.E0,0.E0,1.E0));
#10271=AXIS2_PLACEMENT_3D('',#10268,#10269,#10270);
#10273=CURVE_STYLE('',#32,POSITIVE_LENGTH_MEASURE(2.E-2),#19);
#10274=PRESENTATION_STYLE_ASSIGNMENT((#10273));
#10275=STYLED_ITEM('',(#10274),#10272);
#10276=DIRECTION('',(0.E0,0.E0,-1.E0));
#10277=VECTOR('',#10276,2.000000000001E-3);
#10278=CARTESIAN_POINT('',(-1.35E0,0.E0,3.001E0));
#10279=LINE('',#10278,#10277);
#10280=CURVE_STYLE('',#32,POSITIVE_LENGTH_MEASURE(2.E-2),#19);
#10281=PRESENTATION_STYLE_ASSIGNMENT((#10280));
#10282=STYLED_ITEM('',(#10281),#10279);
#10283=CARTESIAN_POINT('',(-1.469E0,0.E0,2.999E0));
#10284=DIRECTION('',(0.E0,1.E0,0.E0));
#10285=DIRECTION('',(1.E0,0.E0,0.E0));
#10286=AXIS2_PLACEMENT_3D('',#10283,#10284,#10285);
#10288=CURVE_STYLE('',#32,POSITIVE_LENGTH_MEASURE(2.E-2),#19);
#10289=PRESENTATION_STYLE_ASSIGNMENT((#10288));
#10290=STYLED_ITEM('',(#10289),#10287);
#10291=DIRECTION('',(-1.E0,0.E0,0.E0));
#10292=VECTOR('',#10291,2.81E-1);
#10293=CARTESIAN_POINT('',(-1.469E0,0.E0,2.88E0));
#10294=LINE('',#10293,#10292);
#10295=CURVE_STYLE('',#32,POSITIVE_LENGTH_MEASURE(2.E-2),#19);
#10296=PRESENTATION_STYLE_ASSIGNMENT((#10295));
#10297=STYLED_ITEM('',(#10296),#10294);
#10298=DIRECTION('',(0.E0,1.E0,0.E0));
#10299=VECTOR('',#10298,2.E-1);
#10300=CARTESIAN_POINT('',(-1.75E0,0.E0,2.88E0));
#10301=LINE('',#10300,#10299);
#10302=CURVE_STYLE('',#32,POSITIVE_LENGTH_MEASURE(2.E-2),#19);
#10303=PRESENTATION_STYLE_ASSIGNMENT((#10302));
#10304=STYLED_ITEM('',(#10303),#10301);
#10305=DIRECTION('',(0.E0,1.E0,0.E0));
#10306=VECTOR('',#10305,2.E-1);
#10307=CARTESIAN_POINT('',(-1.469E0,0.E0,2.88E0));
#10308=LINE('',#10307,#10306);
#10309=CURVE_STYLE('',#32,POSITIVE_LENGTH_MEASURE(2.E-2),#19);
#10310=PRESENTATION_STYLE_ASSIGNMENT((#10309));
#10311=STYLED_ITEM('',(#10310),#10308);
#10312=DIRECTION('',(0.E0,1.E0,0.E0));
#10313=VECTOR('',#10312,2.E-1);
#10314=CARTESIAN_POINT('',(-1.35E0,0.E0,2.999E0));
#10315=LINE('',#10314,#10313);
#10316=CURVE_STYLE('',#32,POSITIVE_LENGTH_MEASURE(2.E-2),#19);
#10317=PRESENTATION_STYLE_ASSIGNMENT((#10316));
#10318=STYLED_ITEM('',(#10317),#10315);
#10319=DIRECTION('',(0.E0,1.E0,0.E0));
#10320=VECTOR('',#10319,2.E-1);
#10321=CARTESIAN_POINT('',(-1.35E0,0.E0,3.001E0));
#10322=LINE('',#10321,#10320);
#10323=CURVE_STYLE('',#32,POSITIVE_LENGTH_MEASURE(2.E-2),#19);
#10324=PRESENTATION_STYLE_ASSIGNMENT((#10323));
#10325=STYLED_ITEM('',(#10324),#10322);
#10326=DIRECTION('',(0.E0,1.E0,0.E0));
#10327=VECTOR('',#10326,2.E-1);
#10328=CARTESIAN_POINT('',(-1.469E0,0.E0,3.12E0));
#10329=LINE('',#10328,#10327);
#10330=CURVE_STYLE('',#32,POSITIVE_LENGTH_MEASURE(2.E-2),#19);
#10331=PRESENTATION_STYLE_ASSIGNMENT((#10330));
#10332=STYLED_ITEM('',(#10331),#10329);
#10333=DIRECTION('',(0.E0,1.E0,0.E0));
#10334=VECTOR('',#10333,2.E-1);
#10335=CARTESIAN_POINT('',(-1.75E0,0.E0,3.12E0));
#10336=LINE('',#10335,#10334);
#10337=CURVE_STYLE('',#32,POSITIVE_LENGTH_MEASURE(2.E-2),#19);
#10338=PRESENTATION_STYLE_ASSIGNMENT((#10337));
#10339=STYLED_ITEM('',(#10338),#10336);
#10340=DIRECTION('',(0.E0,0.E0,-1.E0));
#10341=VECTOR('',#10340,2.4E-1);
#10342=CARTESIAN_POINT('',(-1.75E0,2.E-1,3.12E0));
#10343=LINE('',#10342,#10341);
#10344=CURVE_STYLE('',#32,POSITIVE_LENGTH_MEASURE(2.E-2),#19);
#10345=PRESENTATION_STYLE_ASSIGNMENT((#10344));
#10346=STYLED_ITEM('',(#10345),#10343);
#10347=DIRECTION('',(-1.E0,0.E0,0.E0));
#10348=VECTOR('',#10347,2.81E-1);
#10349=CARTESIAN_POINT('',(-1.469E0,2.E-1,2.88E0));
#10350=LINE('',#10349,#10348);
#10351=CURVE_STYLE('',#32,POSITIVE_LENGTH_MEASURE(2.E-2),#19);
#10352=PRESENTATION_STYLE_ASSIGNMENT((#10351));
#10353=STYLED_ITEM('',(#10352),#10350);
#10354=CARTESIAN_POINT('',(-1.469E0,2.E-1,2.999E0));
#10355=DIRECTION('',(0.E0,1.E0,0.E0));
#10356=DIRECTION('',(1.E0,0.E0,0.E0));
#10357=AXIS2_PLACEMENT_3D('',#10354,#10355,#10356);
#10359=CURVE_STYLE('',#32,POSITIVE_LENGTH_MEASURE(2.E-2),#19);
#10360=PRESENTATION_STYLE_ASSIGNMENT((#10359));
#10361=STYLED_ITEM('',(#10360),#10358);
#10362=DIRECTION('',(0.E0,0.E0,-1.E0));
#10363=VECTOR('',#10362,2.000000000001E-3);
#10364=CARTESIAN_POINT('',(-1.35E0,2.E-1,3.001E0));
#10365=LINE('',#10364,#10363);
#10366=CURVE_STYLE('',#32,POSITIVE_LENGTH_MEASURE(2.E-2),#19);
#10367=PRESENTATION_STYLE_ASSIGNMENT((#10366));
#10368=STYLED_ITEM('',(#10367),#10365);
#10369=CARTESIAN_POINT('',(-1.469E0,2.E-1,3.001E0));
#10370=DIRECTION('',(0.E0,1.E0,0.E0));
#10371=DIRECTION('',(0.E0,0.E0,1.E0));
#10372=AXIS2_PLACEMENT_3D('',#10369,#10370,#10371);
#10374=CURVE_STYLE('',#32,POSITIVE_LENGTH_MEASURE(2.E-2),#19);
#10375=PRESENTATION_STYLE_ASSIGNMENT((#10374));
#10376=STYLED_ITEM('',(#10375),#10373);
#10377=DIRECTION('',(1.E0,0.E0,0.E0));
#10378=VECTOR('',#10377,2.81E-1);
#10379=CARTESIAN_POINT('',(-1.75E0,2.E-1,3.12E0));
#10380=LINE('',#10379,#10378);
#10381=CURVE_STYLE('',#32,POSITIVE_LENGTH_MEASURE(2.E-2),#19);
#10382=PRESENTATION_STYLE_ASSIGNMENT((#10381));
#10383=STYLED_ITEM('',(#10382),#10380);
#10384=CARTESIAN_POINT('',(-1.469E0,0.E0,3.12E0));
#10385=CARTESIAN_POINT('',(-1.35E0,0.E0,3.001E0));
#10386=VERTEX_POINT('',#10384);
#10387=VERTEX_POINT('',#10385);
#10388=CARTESIAN_POINT('',(-1.35E0,0.E0,2.999E0));
#10389=VERTEX_POINT('',#10388);
#10390=CARTESIAN_POINT('',(-1.469E0,0.E0,2.88E0));
#10391=VERTEX_POINT('',#10390);
#10392=CARTESIAN_POINT('',(-1.469E0,2.E-1,3.12E0));
#10393=CARTESIAN_POINT('',(-1.35E0,2.E-1,3.001E0));
#10394=VERTEX_POINT('',#10392);
#10395=VERTEX_POINT('',#10393);
#10396=CARTESIAN_POINT('',(-1.35E0,2.E-1,2.999E0));
#10397=VERTEX_POINT('',#10396);
#10398=CARTESIAN_POINT('',(-1.469E0,2.E-1,2.88E0));
#10399=VERTEX_POINT('',#10398);
#10400=CARTESIAN_POINT('',(-1.75E0,0.E0,3.12E0));
#10401=CARTESIAN_POINT('',(-1.75E0,0.E0,2.88E0));
#10402=VERTEX_POINT('',#10400);
#10403=VERTEX_POINT('',#10401);
#10404=CARTESIAN_POINT('',(-1.75E0,2.E-1,3.12E0));
#10405=CARTESIAN_POINT('',(-1.75E0,2.E-1,2.88E0));
#10406=VERTEX_POINT('',#10404);
#10407=VERTEX_POINT('',#10405);
#10408=CARTESIAN_POINT('',(0.E0,0.E0,0.E0));
#10409=DIRECTION('',(0.E0,1.E0,0.E0));
#10410=DIRECTION('',(1.E0,0.E0,0.E0));
#10411=AXIS2_PLACEMENT_3D('',#10408,#10409,#10410);
#10412=PLANE('',#10411);
#10414=ORIENTED_EDGE('',*,*,#10413,.F.);
#10416=ORIENTED_EDGE('',*,*,#10415,.T.);
#10418=ORIENTED_EDGE('',*,*,#10417,.T.);
#10420=ORIENTED_EDGE('',*,*,#10419,.T.);
#10422=ORIENTED_EDGE('',*,*,#10421,.T.);
#10424=ORIENTED_EDGE('',*,*,#10423,.T.);
#10425=EDGE_LOOP('',(#10414,#10416,#10418,#10420,#10422,#10424));
#10426=FACE_OUTER_BOUND('',#10425,.F.);
#10428=CARTESIAN_POINT('',(-1.75E0,0.E0,3.5E0));
#10429=DIRECTION('',(1.E0,0.E0,0.E0));
#10430=DIRECTION('',(0.E0,0.E0,-1.E0));
#10431=AXIS2_PLACEMENT_3D('',#10428,#10429,#10430);
#10432=PLANE('',#10431);
#10433=ORIENTED_EDGE('',*,*,#10413,.T.);
#10435=ORIENTED_EDGE('',*,*,#10434,.T.);
#10437=ORIENTED_EDGE('',*,*,#10436,.F.);
#10439=ORIENTED_EDGE('',*,*,#10438,.F.);
#10440=EDGE_LOOP('',(#10433,#10435,#10437,#10439));
#10441=FACE_OUTER_BOUND('',#10440,.F.);
#10443=FILL_AREA_STYLE_COLOUR('',#25);
#10444=FILL_AREA_STYLE('',(#10443));
#10445=SURFACE_STYLE_FILL_AREA(#10444);
#10446=SURFACE_SIDE_STYLE('',(#10445));
#10447=SURFACE_STYLE_USAGE(.POSITIVE.,#10446);
#10448=PRESENTATION_STYLE_ASSIGNMENT((#10447));
#10449=OVER_RIDING_STYLED_ITEM('',(#10448),#10442,#10253);
#10450=CARTESIAN_POINT('',(-1.469E0,0.E0,2.88E0));
#10451=DIRECTION('',(0.E0,0.E0,-1.E0));
#10452=DIRECTION('',(-1.E0,0.E0,0.E0));
#10453=AXIS2_PLACEMENT_3D('',#10450,#10451,#10452);
#10454=PLANE('',#10453);
#10455=ORIENTED_EDGE('',*,*,#10434,.F.);
#10456=ORIENTED_EDGE('',*,*,#10423,.F.);
#10458=ORIENTED_EDGE('',*,*,#10457,.T.);
#10460=ORIENTED_EDGE('',*,*,#10459,.T.);
#10461=EDGE_LOOP('',(#10455,#10456,#10458,#10460));
#10462=FACE_OUTER_BOUND('',#10461,.F.);
#10464=CARTESIAN_POINT('',(-1.469E0,0.E0,2.999E0));
#10465=DIRECTION('',(0.E0,1.E0,0.E0));
#10466=DIRECTION('',(1.E0,0.E0,0.E0));
#10467=AXIS2_PLACEMENT_3D('',#10464,#10465,#10466);
#10468=CYLINDRICAL_SURFACE('',#10467,1.19E-1);
#10469=ORIENTED_EDGE('',*,*,#10421,.F.);
#10471=ORIENTED_EDGE('',*,*,#10470,.T.);
#10473=ORIENTED_EDGE('',*,*,#10472,.T.);
#10474=ORIENTED_EDGE('',*,*,#10457,.F.);
#10475=EDGE_LOOP('',(#10469,#10471,#10473,#10474));
#10476=FACE_OUTER_BOUND('',#10475,.F.);
#10478=CARTESIAN_POINT('',(-1.35E0,0.E0,3.001E0));
#10479=DIRECTION('',(1.E0,0.E0,0.E0));
#10480=DIRECTION('',(0.E0,0.E0,-1.E0));
#10481=AXIS2_PLACEMENT_3D('',#10478,#10479,#10480);
#10482=PLANE('',#10481);
#10483=ORIENTED_EDGE('',*,*,#10419,.F.);
#10485=ORIENTED_EDGE('',*,*,#10484,.T.);
#10487=ORIENTED_EDGE('',*,*,#10486,.T.);
#10488=ORIENTED_EDGE('',*,*,#10470,.F.);
#10489=EDGE_LOOP('',(#10483,#10485,#10487,#10488));
#10490=FACE_OUTER_BOUND('',#10489,.F.);
#10492=CARTESIAN_POINT('',(-1.469E0,0.E0,3.001E0));
#10493=DIRECTION('',(0.E0,1.E0,0.E0));
#10494=DIRECTION('',(1.E0,0.E0,0.E0));
#10495=AXIS2_PLACEMENT_3D('',#10492,#10493,#10494);
#10496=CYLINDRICAL_SURFACE('',#10495,1.19E-1);
#10497=ORIENTED_EDGE('',*,*,#10417,.F.);
#10499=ORIENTED_EDGE('',*,*,#10498,.T.);
#10501=ORIENTED_EDGE('',*,*,#10500,.T.);
#10502=ORIENTED_EDGE('',*,*,#10484,.F.);
#10503=EDGE_LOOP('',(#10497,#10499,#10501,#10502));
#10504=FACE_OUTER_BOUND('',#10503,.F.);
#10506=CARTESIAN_POINT('',(-1.85E0,0.E0,3.12E0));
#10507=DIRECTION('',(0.E0,0.E0,1.E0));
#10508=DIRECTION('',(1.E0,0.E0,0.E0));
#10509=AXIS2_PLACEMENT_3D('',#10506,#10507,#10508);
#10510=PLANE('',#10509);
#10511=ORIENTED_EDGE('',*,*,#10438,.T.);
#10513=ORIENTED_EDGE('',*,*,#10512,.T.);
#10514=ORIENTED_EDGE('',*,*,#10498,.F.);
#10515=ORIENTED_EDGE('',*,*,#10415,.F.);
#10516=EDGE_LOOP('',(#10511,#10513,#10514,#10515));
#10517=FACE_OUTER_BOUND('',#10516,.F.);
#10519=CARTESIAN_POINT('',(0.E0,2.E-1,0.E0));
#10520=DIRECTION('',(0.E0,1.E0,0.E0));
#10521=DIRECTION('',(1.E0,0.E0,0.E0));
#10522=AXIS2_PLACEMENT_3D('',#10519,#10520,#10521);
#10523=PLANE('',#10522);
#10524=ORIENTED_EDGE('',*,*,#10436,.T.);
#10525=ORIENTED_EDGE('',*,*,#10459,.F.);
#10526=ORIENTED_EDGE('',*,*,#10472,.F.);
#10527=ORIENTED_EDGE('',*,*,#10486,.F.);
#10528=ORIENTED_EDGE('',*,*,#10500,.F.);
#10529=ORIENTED_EDGE('',*,*,#10512,.F.);
#10530=EDGE_LOOP('',(#10524,#10525,#10526,#10527,#10528,#10529));
#10531=FACE_OUTER_BOUND('',#10530,.F.);
#10533=CLOSED_SHELL('',(#10427,#10442,#10463,#10477,#10491,#10505,#10518,
#10532));
#10534=MANIFOLD_SOLID_BREP('',#10533);
#10535=FILL_AREA_STYLE_COLOUR('',#19);
#10536=FILL_AREA_STYLE('',(#10535));
#10537=SURFACE_STYLE_FILL_AREA(#10536);
#10538=SURFACE_SIDE_STYLE('',(#10537));
#10539=SURFACE_STYLE_USAGE(.POSITIVE.,#10538);
#10540=PRESENTATION_STYLE_ASSIGNMENT((#10539));
#10253=STYLED_ITEM('',(#10540),#10534);
#10542=DIRECTION('',(0.E0,0.E0,-1.E0));
#10543=VECTOR('',#10542,2.4E-1);
#10544=CARTESIAN_POINT('',(1.75E0,0.E0,3.12E0));
#10545=LINE('',#10544,#10543);
#10546=CURVE_STYLE('',#32,POSITIVE_LENGTH_MEASURE(2.E-2),#19);
#10547=PRESENTATION_STYLE_ASSIGNMENT((#10546));
#10548=STYLED_ITEM('',(#10547),#10545);
#10549=DIRECTION('',(1.E0,0.E0,0.E0));
#10550=VECTOR('',#10549,2.81E-1);
#10551=CARTESIAN_POINT('',(1.469E0,0.E0,2.88E0));
#10552=LINE('',#10551,#10550);
#10553=CURVE_STYLE('',#32,POSITIVE_LENGTH_MEASURE(2.E-2),#19);
#10554=PRESENTATION_STYLE_ASSIGNMENT((#10553));
#10555=STYLED_ITEM('',(#10554),#10552);
#10556=CARTESIAN_POINT('',(1.469E0,0.E0,2.999E0));
#10557=DIRECTION('',(0.E0,-1.E0,0.E0));
#10558=DIRECTION('',(-1.E0,0.E0,0.E0));
#10559=AXIS2_PLACEMENT_3D('',#10556,#10557,#10558);
#10561=CURVE_STYLE('',#32,POSITIVE_LENGTH_MEASURE(2.E-2),#19);
#10562=PRESENTATION_STYLE_ASSIGNMENT((#10561));
#10563=STYLED_ITEM('',(#10562),#10560);
#10564=DIRECTION('',(0.E0,0.E0,-1.E0));
#10565=VECTOR('',#10564,2.000000000001E-3);
#10566=CARTESIAN_POINT('',(1.35E0,0.E0,3.001E0));
#10567=LINE('',#10566,#10565);
#10568=CURVE_STYLE('',#32,POSITIVE_LENGTH_MEASURE(2.E-2),#19);
#10569=PRESENTATION_STYLE_ASSIGNMENT((#10568));
#10570=STYLED_ITEM('',(#10569),#10567);
#10571=CARTESIAN_POINT('',(1.469E0,0.E0,3.001E0));
#10572=DIRECTION('',(0.E0,-1.E0,0.E0));
#10573=DIRECTION('',(0.E0,0.E0,1.E0));
#10574=AXIS2_PLACEMENT_3D('',#10571,#10572,#10573);
#10576=CURVE_STYLE('',#32,POSITIVE_LENGTH_MEASURE(2.E-2),#19);
#10577=PRESENTATION_STYLE_ASSIGNMENT((#10576));
#10578=STYLED_ITEM('',(#10577),#10575);
#10579=DIRECTION('',(-1.E0,0.E0,0.E0));
#10580=VECTOR('',#10579,2.81E-1);
#10581=CARTESIAN_POINT('',(1.75E0,0.E0,3.12E0));
#10582=LINE('',#10581,#10580);
#10583=CURVE_STYLE('',#32,POSITIVE_LENGTH_MEASURE(2.E-2),#19);
#10584=PRESENTATION_STYLE_ASSIGNMENT((#10583));
#10585=STYLED_ITEM('',(#10584),#10582);
#10586=DIRECTION('',(0.E0,1.E0,0.E0));
#10587=VECTOR('',#10586,2.E-1);
#10588=CARTESIAN_POINT('',(1.75E0,0.E0,3.12E0));
#10589=LINE('',#10588,#10587);
#10590=CURVE_STYLE('',#32,POSITIVE_LENGTH_MEASURE(2.E-2),#19);
#10591=PRESENTATION_STYLE_ASSIGNMENT((#10590));
#10592=STYLED_ITEM('',(#10591),#10589);
#10593=DIRECTION('',(0.E0,1.E0,0.E0));
#10594=VECTOR('',#10593,2.E-1);
#10595=CARTESIAN_POINT('',(1.469E0,0.E0,3.12E0));
#10596=LINE('',#10595,#10594);
#10597=CURVE_STYLE('',#32,POSITIVE_LENGTH_MEASURE(2.E-2),#19);
#10598=PRESENTATION_STYLE_ASSIGNMENT((#10597));
#10599=STYLED_ITEM('',(#10598),#10596);
#10600=DIRECTION('',(0.E0,1.E0,0.E0));
#10601=VECTOR('',#10600,2.E-1);
#10602=CARTESIAN_POINT('',(1.35E0,0.E0,3.001E0));
#10603=LINE('',#10602,#10601);
#10604=CURVE_STYLE('',#32,POSITIVE_LENGTH_MEASURE(2.E-2),#19);
#10605=PRESENTATION_STYLE_ASSIGNMENT((#10604));
#10606=STYLED_ITEM('',(#10605),#10603);
#10607=DIRECTION('',(0.E0,1.E0,0.E0));
#10608=VECTOR('',#10607,2.E-1);
#10609=CARTESIAN_POINT('',(1.35E0,0.E0,2.999E0));
#10610=LINE('',#10609,#10608);
#10611=CURVE_STYLE('',#32,POSITIVE_LENGTH_MEASURE(2.E-2),#19);
#10612=PRESENTATION_STYLE_ASSIGNMENT((#10611));
#10613=STYLED_ITEM('',(#10612),#10610);
#10614=DIRECTION('',(0.E0,1.E0,0.E0));
#10615=VECTOR('',#10614,2.E-1);
#10616=CARTESIAN_POINT('',(1.75E0,0.E0,2.88E0));
#10617=LINE('',#10616,#10615);
#10618=CURVE_STYLE('',#32,POSITIVE_LENGTH_MEASURE(2.E-2),#19);
#10619=PRESENTATION_STYLE_ASSIGNMENT((#10618));
#10620=STYLED_ITEM('',(#10619),#10617);
#10621=DIRECTION('',(0.E0,1.E0,0.E0));
#10622=VECTOR('',#10621,2.E-1);
#10623=CARTESIAN_POINT('',(1.469E0,0.E0,2.88E0));
#10624=LINE('',#10623,#10622);
#10625=CURVE_STYLE('',#32,POSITIVE_LENGTH_MEASURE(2.E-2),#19);
#10626=PRESENTATION_STYLE_ASSIGNMENT((#10625));
#10627=STYLED_ITEM('',(#10626),#10624);
#10628=DIRECTION('',(0.E0,0.E0,-1.E0));
#10629=VECTOR('',#10628,2.4E-1);
#10630=CARTESIAN_POINT('',(1.75E0,2.E-1,3.12E0));
#10631=LINE('',#10630,#10629);
#10632=CURVE_STYLE('',#32,POSITIVE_LENGTH_MEASURE(2.E-2),#19);
#10633=PRESENTATION_STYLE_ASSIGNMENT((#10632));
#10634=STYLED_ITEM('',(#10633),#10631);
#10635=DIRECTION('',(-1.E0,0.E0,0.E0));
#10636=VECTOR('',#10635,2.81E-1);
#10637=CARTESIAN_POINT('',(1.75E0,2.E-1,3.12E0));
#10638=LINE('',#10637,#10636);
#10639=CURVE_STYLE('',#32,POSITIVE_LENGTH_MEASURE(2.E-2),#19);
#10640=PRESENTATION_STYLE_ASSIGNMENT((#10639));
#10641=STYLED_ITEM('',(#10640),#10638);
#10642=CARTESIAN_POINT('',(1.469E0,2.E-1,3.001E0));
#10643=DIRECTION('',(0.E0,-1.E0,0.E0));
#10644=DIRECTION('',(0.E0,0.E0,1.E0));
#10645=AXIS2_PLACEMENT_3D('',#10642,#10643,#10644);
#10647=CURVE_STYLE('',#32,POSITIVE_LENGTH_MEASURE(2.E-2),#19);
#10648=PRESENTATION_STYLE_ASSIGNMENT((#10647));
#10649=STYLED_ITEM('',(#10648),#10646);
#10650=DIRECTION('',(0.E0,0.E0,-1.E0));
#10651=VECTOR('',#10650,2.000000000001E-3);
#10652=CARTESIAN_POINT('',(1.35E0,2.E-1,3.001E0));
#10653=LINE('',#10652,#10651);
#10654=CURVE_STYLE('',#32,POSITIVE_LENGTH_MEASURE(2.E-2),#19);
#10655=PRESENTATION_STYLE_ASSIGNMENT((#10654));
#10656=STYLED_ITEM('',(#10655),#10653);
#10657=CARTESIAN_POINT('',(1.469E0,2.E-1,2.999E0));
#10658=DIRECTION('',(0.E0,-1.E0,0.E0));
#10659=DIRECTION('',(-1.E0,0.E0,0.E0));
#10660=AXIS2_PLACEMENT_3D('',#10657,#10658,#10659);
#10662=CURVE_STYLE('',#32,POSITIVE_LENGTH_MEASURE(2.E-2),#19);
#10663=PRESENTATION_STYLE_ASSIGNMENT((#10662));
#10664=STYLED_ITEM('',(#10663),#10661);
#10665=DIRECTION('',(1.E0,0.E0,0.E0));
#10666=VECTOR('',#10665,2.81E-1);
#10667=CARTESIAN_POINT('',(1.469E0,2.E-1,2.88E0));
#10668=LINE('',#10667,#10666);
#10669=CURVE_STYLE('',#32,POSITIVE_LENGTH_MEASURE(2.E-2),#19);
#10670=PRESENTATION_STYLE_ASSIGNMENT((#10669));
#10671=STYLED_ITEM('',(#10670),#10668);
#10672=CARTESIAN_POINT('',(1.469E0,0.E0,3.12E0));
#10673=CARTESIAN_POINT('',(1.35E0,0.E0,3.001E0));
#10674=VERTEX_POINT('',#10672);
#10675=VERTEX_POINT('',#10673);
#10676=CARTESIAN_POINT('',(1.35E0,0.E0,2.999E0));
#10677=VERTEX_POINT('',#10676);
#10678=CARTESIAN_POINT('',(1.469E0,0.E0,2.88E0));
#10679=VERTEX_POINT('',#10678);
#10680=CARTESIAN_POINT('',(1.469E0,2.E-1,3.12E0));
#10681=CARTESIAN_POINT('',(1.35E0,2.E-1,3.001E0));
#10682=VERTEX_POINT('',#10680);
#10683=VERTEX_POINT('',#10681);
#10684=CARTESIAN_POINT('',(1.35E0,2.E-1,2.999E0));
#10685=VERTEX_POINT('',#10684);
#10686=CARTESIAN_POINT('',(1.469E0,2.E-1,2.88E0));
#10687=VERTEX_POINT('',#10686);
#10688=CARTESIAN_POINT('',(1.75E0,0.E0,3.12E0));
#10689=CARTESIAN_POINT('',(1.75E0,0.E0,2.88E0));
#10690=VERTEX_POINT('',#10688);
#10691=VERTEX_POINT('',#10689);
#10692=CARTESIAN_POINT('',(1.75E0,2.E-1,3.12E0));
#10693=CARTESIAN_POINT('',(1.75E0,2.E-1,2.88E0));
#10694=VERTEX_POINT('',#10692);
#10695=VERTEX_POINT('',#10693);
#10696=CARTESIAN_POINT('',(0.E0,0.E0,0.E0));
#10697=DIRECTION('',(0.E0,-1.E0,0.E0));
#10698=DIRECTION('',(-1.E0,0.E0,0.E0));
#10699=AXIS2_PLACEMENT_3D('',#10696,#10697,#10698);
#10700=PLANE('',#10699);
#10702=ORIENTED_EDGE('',*,*,#10701,.T.);
#10704=ORIENTED_EDGE('',*,*,#10703,.F.);
#10706=ORIENTED_EDGE('',*,*,#10705,.F.);
#10708=ORIENTED_EDGE('',*,*,#10707,.F.);
#10710=ORIENTED_EDGE('',*,*,#10709,.F.);
#10712=ORIENTED_EDGE('',*,*,#10711,.F.);
#10713=EDGE_LOOP('',(#10702,#10704,#10706,#10708,#10710,#10712));
#10714=FACE_OUTER_BOUND('',#10713,.F.);
#10716=CARTESIAN_POINT('',(1.75E0,0.E0,-3.5E0));
#10717=DIRECTION('',(-1.E0,0.E0,0.E0));
#10718=DIRECTION('',(0.E0,0.E0,1.E0));
#10719=AXIS2_PLACEMENT_3D('',#10716,#10717,#10718);
#10720=PLANE('',#10719);
#10721=ORIENTED_EDGE('',*,*,#10701,.F.);
#10723=ORIENTED_EDGE('',*,*,#10722,.T.);
#10725=ORIENTED_EDGE('',*,*,#10724,.T.);
#10727=ORIENTED_EDGE('',*,*,#10726,.F.);
#10728=EDGE_LOOP('',(#10721,#10723,#10725,#10727));
#10729=FACE_OUTER_BOUND('',#10728,.F.);
#10731=FILL_AREA_STYLE_COLOUR('',#25);
#10732=FILL_AREA_STYLE('',(#10731));
#10733=SURFACE_STYLE_FILL_AREA(#10732);
#10734=SURFACE_SIDE_STYLE('',(#10733));
#10735=SURFACE_STYLE_USAGE(.POSITIVE.,#10734);
#10736=PRESENTATION_STYLE_ASSIGNMENT((#10735));
#10737=OVER_RIDING_STYLED_ITEM('',(#10736),#10730,#10541);
#10738=CARTESIAN_POINT('',(1.85E0,0.E0,3.12E0));
#10739=DIRECTION('',(0.E0,0.E0,-1.E0));
#10740=DIRECTION('',(-1.E0,0.E0,0.E0));
#10741=AXIS2_PLACEMENT_3D('',#10738,#10739,#10740);
#10742=PLANE('',#10741);
#10743=ORIENTED_EDGE('',*,*,#10722,.F.);
#10744=ORIENTED_EDGE('',*,*,#10711,.T.);
#10746=ORIENTED_EDGE('',*,*,#10745,.T.);
#10748=ORIENTED_EDGE('',*,*,#10747,.F.);
#10749=EDGE_LOOP('',(#10743,#10744,#10746,#10748));
#10750=FACE_OUTER_BOUND('',#10749,.F.);
#10752=CARTESIAN_POINT('',(1.469E0,0.E0,3.001E0));
#10753=DIRECTION('',(0.E0,-1.E0,0.E0));
#10754=DIRECTION('',(-1.E0,0.E0,0.E0));
#10755=AXIS2_PLACEMENT_3D('',#10752,#10753,#10754);
#10756=CYLINDRICAL_SURFACE('',#10755,1.19E-1);
#10757=ORIENTED_EDGE('',*,*,#10709,.T.);
#10759=ORIENTED_EDGE('',*,*,#10758,.T.);
#10761=ORIENTED_EDGE('',*,*,#10760,.F.);
#10762=ORIENTED_EDGE('',*,*,#10745,.F.);
#10763=EDGE_LOOP('',(#10757,#10759,#10761,#10762));
#10764=FACE_OUTER_BOUND('',#10763,.F.);
#10766=CARTESIAN_POINT('',(1.35E0,0.E0,3.001E0));
#10767=DIRECTION('',(1.E0,0.E0,0.E0));
#10768=DIRECTION('',(0.E0,0.E0,-1.E0));
#10769=AXIS2_PLACEMENT_3D('',#10766,#10767,#10768);
#10770=PLANE('',#10769);
#10771=ORIENTED_EDGE('',*,*,#10707,.T.);
#10773=ORIENTED_EDGE('',*,*,#10772,.T.);
#10775=ORIENTED_EDGE('',*,*,#10774,.F.);
#10776=ORIENTED_EDGE('',*,*,#10758,.F.);
#10777=EDGE_LOOP('',(#10771,#10773,#10775,#10776));
#10778=FACE_OUTER_BOUND('',#10777,.F.);
#10780=CARTESIAN_POINT('',(1.469E0,0.E0,2.999E0));
#10781=DIRECTION('',(0.E0,-1.E0,0.E0));
#10782=DIRECTION('',(-1.E0,0.E0,0.E0));
#10783=AXIS2_PLACEMENT_3D('',#10780,#10781,#10782);
#10784=CYLINDRICAL_SURFACE('',#10783,1.19E-1);
#10785=ORIENTED_EDGE('',*,*,#10705,.T.);
#10787=ORIENTED_EDGE('',*,*,#10786,.T.);
#10789=ORIENTED_EDGE('',*,*,#10788,.F.);
#10790=ORIENTED_EDGE('',*,*,#10772,.F.);
#10791=EDGE_LOOP('',(#10785,#10787,#10789,#10790));
#10792=FACE_OUTER_BOUND('',#10791,.F.);
#10794=CARTESIAN_POINT('',(1.469E0,0.E0,2.88E0));
#10795=DIRECTION('',(0.E0,0.E0,1.E0));
#10796=DIRECTION('',(1.E0,0.E0,0.E0));
#10797=AXIS2_PLACEMENT_3D('',#10794,#10795,#10796);
#10798=PLANE('',#10797);
#10799=ORIENTED_EDGE('',*,*,#10726,.T.);
#10801=ORIENTED_EDGE('',*,*,#10800,.F.);
#10802=ORIENTED_EDGE('',*,*,#10786,.F.);
#10803=ORIENTED_EDGE('',*,*,#10703,.T.);
#10804=EDGE_LOOP('',(#10799,#10801,#10802,#10803));
#10805=FACE_OUTER_BOUND('',#10804,.F.);
#10807=CARTESIAN_POINT('',(0.E0,2.E-1,0.E0));
#10808=DIRECTION('',(0.E0,-1.E0,0.E0));
#10809=DIRECTION('',(-1.E0,0.E0,0.E0));
#10810=AXIS2_PLACEMENT_3D('',#10807,#10808,#10809);
#10811=PLANE('',#10810);
#10812=ORIENTED_EDGE('',*,*,#10724,.F.);
#10813=ORIENTED_EDGE('',*,*,#10747,.T.);
#10814=ORIENTED_EDGE('',*,*,#10760,.T.);
#10815=ORIENTED_EDGE('',*,*,#10774,.T.);
#10816=ORIENTED_EDGE('',*,*,#10788,.T.);
#10817=ORIENTED_EDGE('',*,*,#10800,.T.);
#10818=EDGE_LOOP('',(#10812,#10813,#10814,#10815,#10816,#10817));
#10819=FACE_OUTER_BOUND('',#10818,.F.);
#10821=CLOSED_SHELL('',(#10715,#10730,#10751,#10765,#10779,#10793,#10806,
#10820));
#10822=MANIFOLD_SOLID_BREP('',#10821);
#10823=FILL_AREA_STYLE_COLOUR('',#19);
#10824=FILL_AREA_STYLE('',(#10823));
#10825=SURFACE_STYLE_FILL_AREA(#10824);
#10826=SURFACE_SIDE_STYLE('',(#10825));
#10827=SURFACE_STYLE_USAGE(.POSITIVE.,#10826);
#10828=PRESENTATION_STYLE_ASSIGNMENT((#10827));
#10541=STYLED_ITEM('',(#10828),#10822);
#10831=PLANE_ANGLE_MEASURE_WITH_UNIT(PLANE_ANGLE_MEASURE(1.745329251994E-2),
#10830);
#10832=(CONVERSION_BASED_UNIT('DEGREE',#10831)NAMED_UNIT(*)PLANE_ANGLE_UNIT());
#10834=UNCERTAINTY_MEASURE_WITH_UNIT(LENGTH_MEASURE(3.373836077720E-4),#10829,
'distance_accuracy_value',
'Maximum model space distance between geometric entities at asserted connectivities');
#10836=CARTESIAN_POINT('',(0.E0,0.E0,0.E0));
#10837=DIRECTION('',(0.E0,0.E0,1.E0));
#10838=DIRECTION('',(1.E0,0.E0,0.E0));
#10841=APPLICATION_CONTEXT('automotive_design');
#10842=APPLICATION_PROTOCOL_DEFINITION('international standard',
'automotive_design',2001,#10841);
#10843=PRODUCT_DEFINITION_CONTEXT('part definition',#10841,'design');
#10844=PRODUCT_CONTEXT('',#10841,'mechanical');
#10845=PRODUCT('FRAME','FRAME','NOT SPECIFIED',(#10844));
#10846=PRODUCT_DEFINITION_FORMATION('32','LAST_VERSION',#10845);
#10854=DERIVED_UNIT_ELEMENT(#10853,2.E0);
#10855=DERIVED_UNIT((#10854));
#10856=MEASURE_REPRESENTATION_ITEM('surface area measure',AREA_MEASURE(
4.284475676776E1),#10855);
#10861=DERIVED_UNIT_ELEMENT(#10860,3.E0);
#10862=DERIVED_UNIT((#10861));
#10863=MEASURE_REPRESENTATION_ITEM('volume measure',VOLUME_MEASURE(
3.045938749072E0),#10862);
#10867=CARTESIAN_POINT('centre point',(3.028620554043E-3,1.E-1,
7.680883397217E-2));
#10872=DERIVED_UNIT_ELEMENT(#10871,2.E0);
#10873=DERIVED_UNIT((#10872));
#10874=MEASURE_REPRESENTATION_ITEM('surface area measure',AREA_MEASURE(
4.284475676776E1),#10873);
#10879=DERIVED_UNIT_ELEMENT(#10878,3.E0);
#10880=DERIVED_UNIT((#10879));
#10881=MEASURE_REPRESENTATION_ITEM('volume measure',VOLUME_MEASURE(
3.045938749072E0),#10880);
#10885=CARTESIAN_POINT('centre point',(3.028620554043E-3,1.E-1,
7.680883397217E-2));
#10890=(GEOMETRIC_REPRESENTATION_CONTEXT(2)PARAMETRIC_REPRESENTATION_CONTEXT()REPRESENTATION_CONTEXT('2D coordinate system context','2'));
#10891=DRAUGHTING_MODEL('Default',(#10903,#10904,#10920),#10890);
#10892=PRESENTATION_VIEW('Default',(#10911,#10924),#10890);
#10893=CARTESIAN_POINT('',(0.E0,0.E0,0.E0));
#10894=CARTESIAN_POINT('',(-4.265763417140E0,-3.511338978888E0,
1.594460944972E1));
#10895=DIRECTION('',(0.E0,0.E0,1.E0));
#10896=DIRECTION('',(1.E0,0.E0,0.E0));
#10897=AXIS2_PLACEMENT_3D('',#10894,#10895,#10896);
#10899=VIEW_VOLUME(.PARALLEL.,#10893,1.594460944972E1,1.594460944972E1,.T.,0.E0,
.F.,.T.,#10898);
#10900=CARTESIAN_POINT('',(2.280095087495E0,1.062245908503E1,1.291206175785E1));
#10901=DIRECTION('',(3.894183423087E-1,7.214918620107E-1,5.725406952575E-1));
#10902=DIRECTION('',(9.210609940029E-1,-3.050418666329E-1,-2.420663234065E-1));
#10903=AXIS2_PLACEMENT_3D('',#10900,#10901,#10902);
#10904=CAMERA_MODEL_D3_WITH_HLHSR('DEFAULT',#10903,#10899,.F.);
#10906=CARTESIAN_POINT('',(-5.036012183674E2,-4.145364885366E2,
1.882365232213E3));
#10907=DIRECTION('',(0.E0,0.E0,1.E0));
#10908=DIRECTION('',(1.E0,0.E0,0.E0));
#10909=AXIS2_PLACEMENT_3D('',#10906,#10907,#10908);
#10911=(CAMERA_IMAGE()CAMERA_IMAGE_3D_WITH_SCALE()GEOMETRIC_REPRESENTATION_ITEM(
)MAPPED_ITEM(#10905,#10910)REPRESENTATION_ITEM(''));
#10912=CARTESIAN_POINT('',(-4.265763417140E0,-3.511338978888E0,
1.594460944972E1));
#10913=DIRECTION('',(0.E0,0.E0,1.E0));
#10914=DIRECTION('',(1.E0,0.E0,0.E0));
#10915=AXIS2_PLACEMENT_3D('',#10912,#10913,#10914);
#10916=REPRESENTATION_MAP(#10915,#10840);
#10917=CARTESIAN_POINT('',(0.E0,0.E0));
#10918=DIRECTION('',(1.E0,0.E0));
#10919=AXIS2_PLACEMENT_2D('',#10917,#10918);
#10920=MAPPED_ITEM('',#10916,#10919);
#10921=CARTESIAN_POINT('',(-4.265763417140E0,-3.511338978888E0,
1.594460944972E1));
#10922=DIRECTION('',(0.E0,0.E0,1.E0));
#10923=DIRECTION('',(1.E0,0.E0,0.E0));
#10924=AXIS2_PLACEMENT_3D('',#10921,#10922,#10923);
#10925=REPRESENTATION_MAP(#10924,#10892);
#10926=CARTESIAN_POINT('',(0.E0,0.E0));
#10927=DIRECTION('',(1.E0,0.E0));
#10928=AXIS2_PLACEMENT_2D('',#10926,#10927);
#10929=MAPPED_ITEM('',#10925,#10928);
#10931=CARTESIAN_POINT('',(0.E0,0.E0));
#10932=DIRECTION('',(1.E0,0.E0));
#10933=AXIS2_PLACEMENT_2D('',#10931,#10932);
#10934=PLANAR_BOX('',1.E3,8.4375E2,#10933);
#10935=PRESENTATION_SIZE(#10930,#10934);
#10936=PRESENTATION_SET();
#10937=AREA_IN_SET(#10930,#10936);
#10938=APPLIED_PRESENTED_ITEM((#10847));
#10939=PRESENTED_ITEM_REPRESENTATION(#10936,#10938);
#10945=CARTESIAN_POINT('centre point',(3.028620554043E-3,-7.680883397217E-2,
1.E-1));
#10949=CARTESIAN_POINT('',(0.E0,0.E0,0.E0));
#10950=DIRECTION('',(0.E0,-1.E0,0.E0));
#10951=DIRECTION('',(1.E0,0.E0,0.E0));
#10952=AXIS2_PLACEMENT_3D('',#10949,#10950,#10951);
#10953=ITEM_DEFINED_TRANSFORMATION('','',#10839,#10952);
#10954=(REPRESENTATION_RELATIONSHIP('','',#10840,#10942)REPRESENTATION_RELATIONSHIP_WITH_TRANSFORMATION(#10953)SHAPE_REPRESENTATION_RELATIONSHIP());
#10955=CONTEXT_DEPENDENT_SHAPE_REPRESENTATION(#10954,#10944);
#10957=DIRECTION('',(1.E0,0.E0,0.E0));
#10958=VECTOR('',#10957,2.81E-1);
#10959=CARTESIAN_POINT('',(-1.75E0,0.E0,-2.88E0));
#10960=LINE('',#10959,#10958);
#10961=CURVE_STYLE('',#32,POSITIVE_LENGTH_MEASURE(2.E-2),#3);
#10962=PRESENTATION_STYLE_ASSIGNMENT((#10961));
#10963=STYLED_ITEM('',(#10962),#10960);
#10964=DIRECTION('',(0.E0,0.E0,1.E0));
#10965=VECTOR('',#10964,2.6E-1);
#10966=CARTESIAN_POINT('',(-1.75E0,0.E0,-2.88E0));
#10967=LINE('',#10966,#10965);
#10968=CURVE_STYLE('',#32,POSITIVE_LENGTH_MEASURE(2.E-2),#3);
#10969=PRESENTATION_STYLE_ASSIGNMENT((#10968));
#10970=STYLED_ITEM('',(#10969),#10967);
#10971=DIRECTION('',(1.E0,0.E0,0.E0));
#10972=VECTOR('',#10971,2.81E-1);
#10973=CARTESIAN_POINT('',(-1.75E0,0.E0,-2.62E0));
#10974=LINE('',#10973,#10972);
#10975=CURVE_STYLE('',#32,POSITIVE_LENGTH_MEASURE(2.E-2),#3);
#10976=PRESENTATION_STYLE_ASSIGNMENT((#10975));
#10977=STYLED_ITEM('',(#10976),#10974);
#10978=CARTESIAN_POINT('',(-1.469E0,0.E0,-2.501E0));
#10979=DIRECTION('',(0.E0,1.E0,0.E0));
#10980=DIRECTION('',(1.E0,0.E0,0.E0));
#10981=AXIS2_PLACEMENT_3D('',#10978,#10979,#10980);
#10983=CURVE_STYLE('',#32,POSITIVE_LENGTH_MEASURE(2.E-2),#3);
#10984=PRESENTATION_STYLE_ASSIGNMENT((#10983));
#10985=STYLED_ITEM('',(#10984),#10982);
#10986=DIRECTION('',(0.E0,0.E0,-1.E0));
#10987=VECTOR('',#10986,2.000000000001E-3);
#10988=CARTESIAN_POINT('',(-1.35E0,0.E0,-2.499E0));
#10989=LINE('',#10988,#10987);
#10990=CURVE_STYLE('',#32,POSITIVE_LENGTH_MEASURE(2.E-2),#3);
#10991=PRESENTATION_STYLE_ASSIGNMENT((#10990));
#10992=STYLED_ITEM('',(#10991),#10989);
#10993=CARTESIAN_POINT('',(-1.469E0,0.E0,-2.499E0));
#10994=DIRECTION('',(0.E0,1.E0,0.E0));
#10995=DIRECTION('',(0.E0,0.E0,1.E0));
#10996=AXIS2_PLACEMENT_3D('',#10993,#10994,#10995);
#10998=CURVE_STYLE('',#32,POSITIVE_LENGTH_MEASURE(2.E-2),#3);
#10999=PRESENTATION_STYLE_ASSIGNMENT((#10998));
#11000=STYLED_ITEM('',(#10999),#10997);
#11001=DIRECTION('',(1.E0,0.E0,0.E0));
#11002=VECTOR('',#11001,2.81E-1);
#11003=CARTESIAN_POINT('',(-1.75E0,0.E0,-2.38E0));
#11004=LINE('',#11003,#11002);
#11005=CURVE_STYLE('',#32,POSITIVE_LENGTH_MEASURE(2.E-2),#3);
#11006=PRESENTATION_STYLE_ASSIGNMENT((#11005));
#11007=STYLED_ITEM('',(#11006),#11004);
#11008=DIRECTION('',(0.E0,0.E0,1.E0));
#11009=VECTOR('',#11008,2.6E-1);
#11010=CARTESIAN_POINT('',(-1.75E0,0.E0,-2.38E0));
#11011=LINE('',#11010,#11009);
#11012=CURVE_STYLE('',#32,POSITIVE_LENGTH_MEASURE(2.E-2),#3);
#11013=PRESENTATION_STYLE_ASSIGNMENT((#11012));
#11014=STYLED_ITEM('',(#11013),#11011);
#11015=DIRECTION('',(1.E0,0.E0,0.E0));
#11016=VECTOR('',#11015,2.81E-1);
#11017=CARTESIAN_POINT('',(-1.75E0,0.E0,-2.12E0));
#11018=LINE('',#11017,#11016);
#11019=CURVE_STYLE('',#32,POSITIVE_LENGTH_MEASURE(2.E-2),#3);
#11020=PRESENTATION_STYLE_ASSIGNMENT((#11019));
#11021=STYLED_ITEM('',(#11020),#11018);
#11022=CARTESIAN_POINT('',(-1.469E0,0.E0,-2.001E0));
#11023=DIRECTION('',(0.E0,1.E0,0.E0));
#11024=DIRECTION('',(1.E0,0.E0,0.E0));
#11025=AXIS2_PLACEMENT_3D('',#11022,#11023,#11024);
#11027=CURVE_STYLE('',#32,POSITIVE_LENGTH_MEASURE(2.E-2),#3);
#11028=PRESENTATION_STYLE_ASSIGNMENT((#11027));
#11029=STYLED_ITEM('',(#11028),#11026);
#11030=DIRECTION('',(0.E0,0.E0,-1.E0));
#11031=VECTOR('',#11030,2.E-3);
#11032=CARTESIAN_POINT('',(-1.35E0,0.E0,-1.999E0));
#11033=LINE('',#11032,#11031);
#11034=CURVE_STYLE('',#32,POSITIVE_LENGTH_MEASURE(2.E-2),#3);
#11035=PRESENTATION_STYLE_ASSIGNMENT((#11034));
#11036=STYLED_ITEM('',(#11035),#11033);
#11037=CARTESIAN_POINT('',(-1.469E0,0.E0,-1.999E0));
#11038=DIRECTION('',(0.E0,1.E0,0.E0));
#11039=DIRECTION('',(0.E0,0.E0,1.E0));
#11040=AXIS2_PLACEMENT_3D('',#11037,#11038,#11039);
#11042=CURVE_STYLE('',#32,POSITIVE_LENGTH_MEASURE(2.E-2),#3);
#11043=PRESENTATION_STYLE_ASSIGNMENT((#11042));
#11044=STYLED_ITEM('',(#11043),#11041);
#11045=DIRECTION('',(1.E0,0.E0,0.E0));
#11046=VECTOR('',#11045,2.81E-1);
#11047=CARTESIAN_POINT('',(-1.75E0,0.E0,-1.88E0));
#11048=LINE('',#11047,#11046);
#11049=CURVE_STYLE('',#32,POSITIVE_LENGTH_MEASURE(2.E-2),#3);
#11050=PRESENTATION_STYLE_ASSIGNMENT((#11049));
#11051=STYLED_ITEM('',(#11050),#11048);
#11052=DIRECTION('',(0.E0,0.E0,1.E0));
#11053=VECTOR('',#11052,2.6E-1);
#11054=CARTESIAN_POINT('',(-1.75E0,0.E0,-1.88E0));
#11055=LINE('',#11054,#11053);
#11056=CURVE_STYLE('',#32,POSITIVE_LENGTH_MEASURE(2.E-2),#3);
#11057=PRESENTATION_STYLE_ASSIGNMENT((#11056));
#11058=STYLED_ITEM('',(#11057),#11055);
#11059=DIRECTION('',(1.E0,0.E0,0.E0));
#11060=VECTOR('',#11059,2.81E-1);
#11061=CARTESIAN_POINT('',(-1.75E0,0.E0,-1.62E0));
#11062=LINE('',#11061,#11060);
#11063=CURVE_STYLE('',#32,POSITIVE_LENGTH_MEASURE(2.E-2),#3);
#11064=PRESENTATION_STYLE_ASSIGNMENT((#11063));
#11065=STYLED_ITEM('',(#11064),#11062);
#11066=CARTESIAN_POINT('',(-1.469E0,0.E0,-1.501E0));
#11067=DIRECTION('',(0.E0,1.E0,0.E0));
#11068=DIRECTION('',(1.E0,0.E0,0.E0));
#11069=AXIS2_PLACEMENT_3D('',#11066,#11067,#11068);
#11071=CURVE_STYLE('',#32,POSITIVE_LENGTH_MEASURE(2.E-2),#3);
#11072=PRESENTATION_STYLE_ASSIGNMENT((#11071));
#11073=STYLED_ITEM('',(#11072),#11070);
#11074=DIRECTION('',(0.E0,0.E0,-1.E0));
#11075=VECTOR('',#11074,2.E-3);
#11076=CARTESIAN_POINT('',(-1.35E0,0.E0,-1.499E0));
#11077=LINE('',#11076,#11075);
#11078=CURVE_STYLE('',#32,POSITIVE_LENGTH_MEASURE(2.E-2),#3);
#11079=PRESENTATION_STYLE_ASSIGNMENT((#11078));
#11080=STYLED_ITEM('',(#11079),#11077);
#11081=CARTESIAN_POINT('',(-1.469E0,0.E0,-1.499E0));
#11082=DIRECTION('',(0.E0,1.E0,0.E0));
#11083=DIRECTION('',(0.E0,0.E0,1.E0));
#11084=AXIS2_PLACEMENT_3D('',#11081,#11082,#11083);
#11086=CURVE_STYLE('',#32,POSITIVE_LENGTH_MEASURE(2.E-2),#3);
#11087=PRESENTATION_STYLE_ASSIGNMENT((#11086));
#11088=STYLED_ITEM('',(#11087),#11085);
#11089=DIRECTION('',(1.E0,0.E0,0.E0));
#11090=VECTOR('',#11089,2.81E-1);
#11091=CARTESIAN_POINT('',(-1.75E0,0.E0,-1.38E0));
#11092=LINE('',#11091,#11090);
#11093=CURVE_STYLE('',#32,POSITIVE_LENGTH_MEASURE(2.E-2),#3);
#11094=PRESENTATION_STYLE_ASSIGNMENT((#11093));
#11095=STYLED_ITEM('',(#11094),#11092);
#11096=DIRECTION('',(0.E0,0.E0,1.E0));
#11097=VECTOR('',#11096,2.6E-1);
#11098=CARTESIAN_POINT('',(-1.75E0,0.E0,-1.38E0));
#11099=LINE('',#11098,#11097);
#11100=CURVE_STYLE('',#32,POSITIVE_LENGTH_MEASURE(2.E-2),#3);
#11101=PRESENTATION_STYLE_ASSIGNMENT((#11100));
#11102=STYLED_ITEM('',(#11101),#11099);
#11103=DIRECTION('',(1.E0,0.E0,0.E0));
#11104=VECTOR('',#11103,2.81E-1);
#11105=CARTESIAN_POINT('',(-1.75E0,0.E0,-1.12E0));
#11106=LINE('',#11105,#11104);
#11107=CURVE_STYLE('',#32,POSITIVE_LENGTH_MEASURE(2.E-2),#3);
#11108=PRESENTATION_STYLE_ASSIGNMENT((#11107));
#11109=STYLED_ITEM('',(#11108),#11106);
#11110=CARTESIAN_POINT('',(-1.469E0,0.E0,-1.001E0));
#11111=DIRECTION('',(0.E0,1.E0,0.E0));
#11112=DIRECTION('',(1.E0,0.E0,0.E0));
#11113=AXIS2_PLACEMENT_3D('',#11110,#11111,#11112);
#11115=CURVE_STYLE('',#32,POSITIVE_LENGTH_MEASURE(2.E-2),#3);
#11116=PRESENTATION_STYLE_ASSIGNMENT((#11115));
#11117=STYLED_ITEM('',(#11116),#11114);
#11118=DIRECTION('',(0.E0,0.E0,-1.E0));
#11119=VECTOR('',#11118,2.E-3);
#11120=CARTESIAN_POINT('',(-1.35E0,0.E0,-9.99E-1));
#11121=LINE('',#11120,#11119);
#11122=CURVE_STYLE('',#32,POSITIVE_LENGTH_MEASURE(2.E-2),#3);
#11123=PRESENTATION_STYLE_ASSIGNMENT((#11122));
#11124=STYLED_ITEM('',(#11123),#11121);
#11125=CARTESIAN_POINT('',(-1.469E0,0.E0,-9.99E-1));
#11126=DIRECTION('',(0.E0,1.E0,0.E0));
#11127=DIRECTION('',(0.E0,0.E0,1.E0));
#11128=AXIS2_PLACEMENT_3D('',#11125,#11126,#11127);
#11130=CURVE_STYLE('',#32,POSITIVE_LENGTH_MEASURE(2.E-2),#3);
#11131=PRESENTATION_STYLE_ASSIGNMENT((#11130));
#11132=STYLED_ITEM('',(#11131),#11129);
#11133=DIRECTION('',(1.E0,0.E0,0.E0));
#11134=VECTOR('',#11133,2.81E-1);
#11135=CARTESIAN_POINT('',(-1.75E0,0.E0,-8.8E-1));
#11136=LINE('',#11135,#11134);
#11137=CURVE_STYLE('',#32,POSITIVE_LENGTH_MEASURE(2.E-2),#3);
#11138=PRESENTATION_STYLE_ASSIGNMENT((#11137));
#11139=STYLED_ITEM('',(#11138),#11136);
#11140=DIRECTION('',(0.E0,0.E0,1.E0));
#11141=VECTOR('',#11140,2.6E-1);
#11142=CARTESIAN_POINT('',(-1.75E0,0.E0,-8.8E-1));
#11143=LINE('',#11142,#11141);
#11144=CURVE_STYLE('',#32,POSITIVE_LENGTH_MEASURE(2.E-2),#3);
#11145=PRESENTATION_STYLE_ASSIGNMENT((#11144));
#11146=STYLED_ITEM('',(#11145),#11143);
#11147=DIRECTION('',(1.E0,0.E0,0.E0));
#11148=VECTOR('',#11147,2.81E-1);
#11149=CARTESIAN_POINT('',(-1.75E0,0.E0,-6.2E-1));
#11150=LINE('',#11149,#11148);
#11151=CURVE_STYLE('',#32,POSITIVE_LENGTH_MEASURE(2.E-2),#3);
#11152=PRESENTATION_STYLE_ASSIGNMENT((#11151));
#11153=STYLED_ITEM('',(#11152),#11150);
#11154=CARTESIAN_POINT('',(-1.469E0,0.E0,-5.01E-1));
#11155=DIRECTION('',(0.E0,1.E0,0.E0));
#11156=DIRECTION('',(1.E0,0.E0,0.E0));
#11157=AXIS2_PLACEMENT_3D('',#11154,#11155,#11156);
#11159=CURVE_STYLE('',#32,POSITIVE_LENGTH_MEASURE(2.E-2),#3);
#11160=PRESENTATION_STYLE_ASSIGNMENT((#11159));
#11161=STYLED_ITEM('',(#11160),#11158);
#11162=DIRECTION('',(0.E0,0.E0,-1.E0));
#11163=VECTOR('',#11162,2.E-3);
#11164=CARTESIAN_POINT('',(-1.35E0,0.E0,-4.99E-1));
#11165=LINE('',#11164,#11163);
#11166=CURVE_STYLE('',#32,POSITIVE_LENGTH_MEASURE(2.E-2),#3);
#11167=PRESENTATION_STYLE_ASSIGNMENT((#11166));
#11168=STYLED_ITEM('',(#11167),#11165);
#11169=CARTESIAN_POINT('',(-1.469E0,0.E0,-4.99E-1));
#11170=DIRECTION('',(0.E0,1.E0,0.E0));
#11171=DIRECTION('',(0.E0,0.E0,1.E0));
#11172=AXIS2_PLACEMENT_3D('',#11169,#11170,#11171);
#11174=CURVE_STYLE('',#32,POSITIVE_LENGTH_MEASURE(2.E-2),#3);
#11175=PRESENTATION_STYLE_ASSIGNMENT((#11174));
#11176=STYLED_ITEM('',(#11175),#11173);
#11177=DIRECTION('',(1.E0,0.E0,0.E0));
#11178=VECTOR('',#11177,2.81E-1);
#11179=CARTESIAN_POINT('',(-1.75E0,0.E0,-3.8E-1));
#11180=LINE('',#11179,#11178);
#11181=CURVE_STYLE('',#32,POSITIVE_LENGTH_MEASURE(2.E-2),#3);
#11182=PRESENTATION_STYLE_ASSIGNMENT((#11181));
#11183=STYLED_ITEM('',(#11182),#11180);
#11184=DIRECTION('',(0.E0,0.E0,1.E0));
#11185=VECTOR('',#11184,2.6E-1);
#11186=CARTESIAN_POINT('',(-1.75E0,0.E0,-3.8E-1));
#11187=LINE('',#11186,#11185);
#11188=CURVE_STYLE('',#32,POSITIVE_LENGTH_MEASURE(2.E-2),#3);
#11189=PRESENTATION_STYLE_ASSIGNMENT((#11188));
#11190=STYLED_ITEM('',(#11189),#11187);
#11191=DIRECTION('',(1.E0,0.E0,0.E0));
#11192=VECTOR('',#11191,2.81E-1);
#11193=CARTESIAN_POINT('',(-1.75E0,0.E0,-1.2E-1));
#11194=LINE('',#11193,#11192);
#11195=CURVE_STYLE('',#32,POSITIVE_LENGTH_MEASURE(2.E-2),#3);
#11196=PRESENTATION_STYLE_ASSIGNMENT((#11195));
#11197=STYLED_ITEM('',(#11196),#11194);
#11198=CARTESIAN_POINT('',(-1.469E0,0.E0,-1.E-3));
#11199=DIRECTION('',(0.E0,1.E0,0.E0));
#11200=DIRECTION('',(1.E0,0.E0,0.E0));
#11201=AXIS2_PLACEMENT_3D('',#11198,#11199,#11200);
#11203=CURVE_STYLE('',#32,POSITIVE_LENGTH_MEASURE(2.E-2),#3);
#11204=PRESENTATION_STYLE_ASSIGNMENT((#11203));
#11205=STYLED_ITEM('',(#11204),#11202);
#11206=DIRECTION('',(0.E0,0.E0,-1.E0));
#11207=VECTOR('',#11206,2.E-3);
#11208=CARTESIAN_POINT('',(-1.35E0,0.E0,1.E-3));
#11209=LINE('',#11208,#11207);
#11210=CURVE_STYLE('',#32,POSITIVE_LENGTH_MEASURE(2.E-2),#3);
#11211=PRESENTATION_STYLE_ASSIGNMENT((#11210));
#11212=STYLED_ITEM('',(#11211),#11209);
#11213=CARTESIAN_POINT('',(-1.469E0,0.E0,1.E-3));
#11214=DIRECTION('',(0.E0,1.E0,0.E0));
#11215=DIRECTION('',(0.E0,0.E0,1.E0));
#11216=AXIS2_PLACEMENT_3D('',#11213,#11214,#11215);
#11218=CURVE_STYLE('',#32,POSITIVE_LENGTH_MEASURE(2.E-2),#3);
#11219=PRESENTATION_STYLE_ASSIGNMENT((#11218));
#11220=STYLED_ITEM('',(#11219),#11217);
#11221=DIRECTION('',(1.E0,0.E0,0.E0));
#11222=VECTOR('',#11221,2.81E-1);
#11223=CARTESIAN_POINT('',(-1.75E0,0.E0,1.2E-1));
#11224=LINE('',#11223,#11222);
#11225=CURVE_STYLE('',#32,POSITIVE_LENGTH_MEASURE(2.E-2),#3);
#11226=PRESENTATION_STYLE_ASSIGNMENT((#11225));
#11227=STYLED_ITEM('',(#11226),#11224);
#11228=DIRECTION('',(0.E0,0.E0,1.E0));
#11229=VECTOR('',#11228,2.6E-1);
#11230=CARTESIAN_POINT('',(-1.75E0,0.E0,1.2E-1));
#11231=LINE('',#11230,#11229);
#11232=CURVE_STYLE('',#32,POSITIVE_LENGTH_MEASURE(2.E-2),#3);
#11233=PRESENTATION_STYLE_ASSIGNMENT((#11232));
#11234=STYLED_ITEM('',(#11233),#11231);
#11235=DIRECTION('',(1.E0,0.E0,0.E0));
#11236=VECTOR('',#11235,2.81E-1);
#11237=CARTESIAN_POINT('',(-1.75E0,0.E0,3.8E-1));
#11238=LINE('',#11237,#11236);
#11239=CURVE_STYLE('',#32,POSITIVE_LENGTH_MEASURE(2.E-2),#3);
#11240=PRESENTATION_STYLE_ASSIGNMENT((#11239));
#11241=STYLED_ITEM('',(#11240),#11238);
#11242=CARTESIAN_POINT('',(-1.469E0,0.E0,4.99E-1));
#11243=DIRECTION('',(0.E0,1.E0,0.E0));
#11244=DIRECTION('',(1.E0,0.E0,0.E0));
#11245=AXIS2_PLACEMENT_3D('',#11242,#11243,#11244);
#11247=CURVE_STYLE('',#32,POSITIVE_LENGTH_MEASURE(2.E-2),#3);
#11248=PRESENTATION_STYLE_ASSIGNMENT((#11247));
#11249=STYLED_ITEM('',(#11248),#11246);
#11250=DIRECTION('',(0.E0,0.E0,-1.E0));
#11251=VECTOR('',#11250,2.E-3);
#11252=CARTESIAN_POINT('',(-1.35E0,0.E0,5.01E-1));
#11253=LINE('',#11252,#11251);
#11254=CURVE_STYLE('',#32,POSITIVE_LENGTH_MEASURE(2.E-2),#3);
#11255=PRESENTATION_STYLE_ASSIGNMENT((#11254));
#11256=STYLED_ITEM('',(#11255),#11253);
#11257=CARTESIAN_POINT('',(-1.469E0,0.E0,5.01E-1));
#11258=DIRECTION('',(0.E0,1.E0,0.E0));
#11259=DIRECTION('',(0.E0,0.E0,1.E0));
#11260=AXIS2_PLACEMENT_3D('',#11257,#11258,#11259);
#11262=CURVE_STYLE('',#32,POSITIVE_LENGTH_MEASURE(2.E-2),#3);
#11263=PRESENTATION_STYLE_ASSIGNMENT((#11262));
#11264=STYLED_ITEM('',(#11263),#11261);
#11265=DIRECTION('',(1.E0,0.E0,0.E0));
#11266=VECTOR('',#11265,2.81E-1);
#11267=CARTESIAN_POINT('',(-1.75E0,0.E0,6.2E-1));
#11268=LINE('',#11267,#11266);
#11269=CURVE_STYLE('',#32,POSITIVE_LENGTH_MEASURE(2.E-2),#3);
#11270=PRESENTATION_STYLE_ASSIGNMENT((#11269));
#11271=STYLED_ITEM('',(#11270),#11268);
#11272=DIRECTION('',(0.E0,0.E0,1.E0));
#11273=VECTOR('',#11272,2.6E-1);
#11274=CARTESIAN_POINT('',(-1.75E0,0.E0,6.2E-1));
#11275=LINE('',#11274,#11273);
#11276=CURVE_STYLE('',#32,POSITIVE_LENGTH_MEASURE(2.E-2),#3);
#11277=PRESENTATION_STYLE_ASSIGNMENT((#11276));
#11278=STYLED_ITEM('',(#11277),#11275);
#11279=DIRECTION('',(1.E0,0.E0,0.E0));
#11280=VECTOR('',#11279,2.81E-1);
#11281=CARTESIAN_POINT('',(-1.75E0,0.E0,8.8E-1));
#11282=LINE('',#11281,#11280);
#11283=CURVE_STYLE('',#32,POSITIVE_LENGTH_MEASURE(2.E-2),#3);
#11284=PRESENTATION_STYLE_ASSIGNMENT((#11283));
#11285=STYLED_ITEM('',(#11284),#11282);
#11286=CARTESIAN_POINT('',(-1.469E0,0.E0,9.99E-1));
#11287=DIRECTION('',(0.E0,1.E0,0.E0));
#11288=DIRECTION('',(1.E0,0.E0,0.E0));
#11289=AXIS2_PLACEMENT_3D('',#11286,#11287,#11288);
#11291=CURVE_STYLE('',#32,POSITIVE_LENGTH_MEASURE(2.E-2),#3);
#11292=PRESENTATION_STYLE_ASSIGNMENT((#11291));
#11293=STYLED_ITEM('',(#11292),#11290);
#11294=DIRECTION('',(0.E0,0.E0,-1.E0));
#11295=VECTOR('',#11294,2.E-3);
#11296=CARTESIAN_POINT('',(-1.35E0,0.E0,1.001E0));
#11297=LINE('',#11296,#11295);
#11298=CURVE_STYLE('',#32,POSITIVE_LENGTH_MEASURE(2.E-2),#3);
#11299=PRESENTATION_STYLE_ASSIGNMENT((#11298));
#11300=STYLED_ITEM('',(#11299),#11297);
#11301=CARTESIAN_POINT('',(-1.469E0,0.E0,1.001E0));
#11302=DIRECTION('',(0.E0,1.E0,0.E0));
#11303=DIRECTION('',(0.E0,0.E0,1.E0));
#11304=AXIS2_PLACEMENT_3D('',#11301,#11302,#11303);
#11306=CURVE_STYLE('',#32,POSITIVE_LENGTH_MEASURE(2.E-2),#3);
#11307=PRESENTATION_STYLE_ASSIGNMENT((#11306));
#11308=STYLED_ITEM('',(#11307),#11305);
#11309=DIRECTION('',(1.E0,0.E0,0.E0));
#11310=VECTOR('',#11309,2.81E-1);
#11311=CARTESIAN_POINT('',(-1.75E0,0.E0,1.12E0));
#11312=LINE('',#11311,#11310);
#11313=CURVE_STYLE('',#32,POSITIVE_LENGTH_MEASURE(2.E-2),#3);
#11314=PRESENTATION_STYLE_ASSIGNMENT((#11313));
#11315=STYLED_ITEM('',(#11314),#11312);
#11316=DIRECTION('',(0.E0,0.E0,1.E0));
#11317=VECTOR('',#11316,2.6E-1);
#11318=CARTESIAN_POINT('',(-1.75E0,0.E0,1.12E0));
#11319=LINE('',#11318,#11317);
#11320=CURVE_STYLE('',#32,POSITIVE_LENGTH_MEASURE(2.E-2),#3);
#11321=PRESENTATION_STYLE_ASSIGNMENT((#11320));
#11322=STYLED_ITEM('',(#11321),#11319);
#11323=DIRECTION('',(1.E0,0.E0,0.E0));
#11324=VECTOR('',#11323,2.81E-1);
#11325=CARTESIAN_POINT('',(-1.75E0,0.E0,1.38E0));
#11326=LINE('',#11325,#11324);
#11327=CURVE_STYLE('',#32,POSITIVE_LENGTH_MEASURE(2.E-2),#3);
#11328=PRESENTATION_STYLE_ASSIGNMENT((#11327));
#11329=STYLED_ITEM('',(#11328),#11326);
#11330=CARTESIAN_POINT('',(-1.469E0,0.E0,1.499E0));
#11331=DIRECTION('',(0.E0,1.E0,0.E0));
#11332=DIRECTION('',(1.E0,0.E0,0.E0));
#11333=AXIS2_PLACEMENT_3D('',#11330,#11331,#11332);
#11335=CURVE_STYLE('',#32,POSITIVE_LENGTH_MEASURE(2.E-2),#3);
#11336=PRESENTATION_STYLE_ASSIGNMENT((#11335));
#11337=STYLED_ITEM('',(#11336),#11334);
#11338=DIRECTION('',(0.E0,0.E0,-1.E0));
#11339=VECTOR('',#11338,2.E-3);
#11340=CARTESIAN_POINT('',(-1.35E0,0.E0,1.501E0));
#11341=LINE('',#11340,#11339);
#11342=CURVE_STYLE('',#32,POSITIVE_LENGTH_MEASURE(2.E-2),#3);
#11343=PRESENTATION_STYLE_ASSIGNMENT((#11342));
#11344=STYLED_ITEM('',(#11343),#11341);
#11345=CARTESIAN_POINT('',(-1.469E0,0.E0,1.501E0));
#11346=DIRECTION('',(0.E0,1.E0,0.E0));
#11347=DIRECTION('',(0.E0,0.E0,1.E0));
#11348=AXIS2_PLACEMENT_3D('',#11345,#11346,#11347);
#11350=CURVE_STYLE('',#32,POSITIVE_LENGTH_MEASURE(2.E-2),#3);
#11351=PRESENTATION_STYLE_ASSIGNMENT((#11350));
#11352=STYLED_ITEM('',(#11351),#11349);
#11353=DIRECTION('',(1.E0,0.E0,0.E0));
#11354=VECTOR('',#11353,2.81E-1);
#11355=CARTESIAN_POINT('',(-1.75E0,0.E0,1.62E0));
#11356=LINE('',#11355,#11354);
#11357=CURVE_STYLE('',#32,POSITIVE_LENGTH_MEASURE(2.E-2),#3);
#11358=PRESENTATION_STYLE_ASSIGNMENT((#11357));
#11359=STYLED_ITEM('',(#11358),#11356);
#11360=DIRECTION('',(0.E0,0.E0,1.E0));
#11361=VECTOR('',#11360,2.6E-1);
#11362=CARTESIAN_POINT('',(-1.75E0,0.E0,1.62E0));
#11363=LINE('',#11362,#11361);
#11364=CURVE_STYLE('',#32,POSITIVE_LENGTH_MEASURE(2.E-2),#3);
#11365=PRESENTATION_STYLE_ASSIGNMENT((#11364));
#11366=STYLED_ITEM('',(#11365),#11363);
#11367=DIRECTION('',(1.E0,0.E0,0.E0));
#11368=VECTOR('',#11367,2.81E-1);
#11369=CARTESIAN_POINT('',(-1.75E0,0.E0,1.88E0));
#11370=LINE('',#11369,#11368);
#11371=CURVE_STYLE('',#32,POSITIVE_LENGTH_MEASURE(2.E-2),#3);
#11372=PRESENTATION_STYLE_ASSIGNMENT((#11371));
#11373=STYLED_ITEM('',(#11372),#11370);
#11374=CARTESIAN_POINT('',(-1.469E0,0.E0,1.999E0));
#11375=DIRECTION('',(0.E0,1.E0,0.E0));
#11376=DIRECTION('',(1.E0,0.E0,0.E0));
#11377=AXIS2_PLACEMENT_3D('',#11374,#11375,#11376);
#11379=CURVE_STYLE('',#32,POSITIVE_LENGTH_MEASURE(2.E-2),#3);
#11380=PRESENTATION_STYLE_ASSIGNMENT((#11379));
#11381=STYLED_ITEM('',(#11380),#11378);
#11382=DIRECTION('',(0.E0,0.E0,-1.E0));
#11383=VECTOR('',#11382,2.E-3);
#11384=CARTESIAN_POINT('',(-1.35E0,0.E0,2.001E0));
#11385=LINE('',#11384,#11383);
#11386=CURVE_STYLE('',#32,POSITIVE_LENGTH_MEASURE(2.E-2),#3);
#11387=PRESENTATION_STYLE_ASSIGNMENT((#11386));
#11388=STYLED_ITEM('',(#11387),#11385);
#11389=CARTESIAN_POINT('',(-1.469E0,0.E0,2.001E0));
#11390=DIRECTION('',(0.E0,1.E0,0.E0));
#11391=DIRECTION('',(0.E0,0.E0,1.E0));
#11392=AXIS2_PLACEMENT_3D('',#11389,#11390,#11391);
#11394=CURVE_STYLE('',#32,POSITIVE_LENGTH_MEASURE(2.E-2),#3);
#11395=PRESENTATION_STYLE_ASSIGNMENT((#11394));
#11396=STYLED_ITEM('',(#11395),#11393);
#11397=DIRECTION('',(1.E0,0.E0,0.E0));
#11398=VECTOR('',#11397,2.81E-1);
#11399=CARTESIAN_POINT('',(-1.75E0,0.E0,2.12E0));
#11400=LINE('',#11399,#11398);
#11401=CURVE_STYLE('',#32,POSITIVE_LENGTH_MEASURE(2.E-2),#3);
#11402=PRESENTATION_STYLE_ASSIGNMENT((#11401));
#11403=STYLED_ITEM('',(#11402),#11400);
#11404=DIRECTION('',(0.E0,0.E0,1.E0));
#11405=VECTOR('',#11404,2.6E-1);
#11406=CARTESIAN_POINT('',(-1.75E0,0.E0,2.12E0));
#11407=LINE('',#11406,#11405);
#11408=CURVE_STYLE('',#32,POSITIVE_LENGTH_MEASURE(2.E-2),#3);
#11409=PRESENTATION_STYLE_ASSIGNMENT((#11408));
#11410=STYLED_ITEM('',(#11409),#11407);
#11411=DIRECTION('',(1.E0,0.E0,0.E0));
#11412=VECTOR('',#11411,2.81E-1);
#11413=CARTESIAN_POINT('',(-1.75E0,0.E0,2.38E0));
#11414=LINE('',#11413,#11412);
#11415=CURVE_STYLE('',#32,POSITIVE_LENGTH_MEASURE(2.E-2),#3);
#11416=PRESENTATION_STYLE_ASSIGNMENT((#11415));
#11417=STYLED_ITEM('',(#11416),#11414);
#11418=CARTESIAN_POINT('',(-1.469E0,0.E0,2.499E0));
#11419=DIRECTION('',(0.E0,1.E0,0.E0));
#11420=DIRECTION('',(1.E0,0.E0,0.E0));
#11421=AXIS2_PLACEMENT_3D('',#11418,#11419,#11420);
#11423=CURVE_STYLE('',#32,POSITIVE_LENGTH_MEASURE(2.E-2),#3);
#11424=PRESENTATION_STYLE_ASSIGNMENT((#11423));
#11425=STYLED_ITEM('',(#11424),#11422);
#11426=DIRECTION('',(0.E0,0.E0,-1.E0));
#11427=VECTOR('',#11426,2.000000000001E-3);
#11428=CARTESIAN_POINT('',(-1.35E0,0.E0,2.501E0));
#11429=LINE('',#11428,#11427);
#11430=CURVE_STYLE('',#32,POSITIVE_LENGTH_MEASURE(2.E-2),#3);
#11431=PRESENTATION_STYLE_ASSIGNMENT((#11430));
#11432=STYLED_ITEM('',(#11431),#11429);
#11433=CARTESIAN_POINT('',(-1.469E0,0.E0,2.501E0));
#11434=DIRECTION('',(0.E0,1.E0,0.E0));
#11435=DIRECTION('',(0.E0,0.E0,1.E0));
#11436=AXIS2_PLACEMENT_3D('',#11433,#11434,#11435);
#11438=CURVE_STYLE('',#32,POSITIVE_LENGTH_MEASURE(2.E-2),#3);
#11439=PRESENTATION_STYLE_ASSIGNMENT((#11438));
#11440=STYLED_ITEM('',(#11439),#11437);
#11441=DIRECTION('',(1.E0,0.E0,0.E0));
#11442=VECTOR('',#11441,2.81E-1);
#11443=CARTESIAN_POINT('',(-1.75E0,0.E0,2.62E0));
#11444=LINE('',#11443,#11442);
#11445=CURVE_STYLE('',#32,POSITIVE_LENGTH_MEASURE(2.E-2),#3);
#11446=PRESENTATION_STYLE_ASSIGNMENT((#11445));
#11447=STYLED_ITEM('',(#11446),#11444);
#11448=DIRECTION('',(0.E0,0.E0,1.E0));
#11449=VECTOR('',#11448,2.6E-1);
#11450=CARTESIAN_POINT('',(-1.75E0,0.E0,2.62E0));
#11451=LINE('',#11450,#11449);
#11452=CURVE_STYLE('',#32,POSITIVE_LENGTH_MEASURE(2.E-2),#3);
#11453=PRESENTATION_STYLE_ASSIGNMENT((#11452));
#11454=STYLED_ITEM('',(#11453),#11451);
#11455=DIRECTION('',(1.E0,0.E0,0.E0));
#11456=VECTOR('',#11455,2.81E-1);
#11457=CARTESIAN_POINT('',(-1.75E0,0.E0,2.88E0));
#11458=LINE('',#11457,#11456);
#11459=CURVE_STYLE('',#32,POSITIVE_LENGTH_MEASURE(2.E-2),#3);
#11460=PRESENTATION_STYLE_ASSIGNMENT((#11459));
#11461=STYLED_ITEM('',(#11460),#11458);
#11462=CARTESIAN_POINT('',(-1.469E0,0.E0,2.999E0));
#11463=DIRECTION('',(0.E0,1.E0,0.E0));
#11464=DIRECTION('',(1.E0,0.E0,0.E0));
#11465=AXIS2_PLACEMENT_3D('',#11462,#11463,#11464);
#11467=CURVE_STYLE('',#32,POSITIVE_LENGTH_MEASURE(2.E-2),#3);
#11468=PRESENTATION_STYLE_ASSIGNMENT((#11467));
#11469=STYLED_ITEM('',(#11468),#11466);
#11470=DIRECTION('',(0.E0,0.E0,-1.E0));
#11471=VECTOR('',#11470,2.000000000001E-3);
#11472=CARTESIAN_POINT('',(-1.35E0,0.E0,3.001E0));
#11473=LINE('',#11472,#11471);
#11474=CURVE_STYLE('',#32,POSITIVE_LENGTH_MEASURE(2.E-2),#3);
#11475=PRESENTATION_STYLE_ASSIGNMENT((#11474));
#11476=STYLED_ITEM('',(#11475),#11473);
#11477=CARTESIAN_POINT('',(-1.469E0,0.E0,3.001E0));
#11478=DIRECTION('',(0.E0,1.E0,0.E0));
#11479=DIRECTION('',(0.E0,0.E0,1.E0));
#11480=AXIS2_PLACEMENT_3D('',#11477,#11478,#11479);
#11482=CURVE_STYLE('',#32,POSITIVE_LENGTH_MEASURE(2.E-2),#3);
#11483=PRESENTATION_STYLE_ASSIGNMENT((#11482));
#11484=STYLED_ITEM('',(#11483),#11481);
#11485=DIRECTION('',(1.E0,0.E0,0.E0));
#11486=VECTOR('',#11485,2.81E-1);
#11487=CARTESIAN_POINT('',(-1.75E0,0.E0,3.12E0));
#11488=LINE('',#11487,#11486);
#11489=CURVE_STYLE('',#32,POSITIVE_LENGTH_MEASURE(2.E-2),#3);
#11490=PRESENTATION_STYLE_ASSIGNMENT((#11489));
#11491=STYLED_ITEM('',(#11490),#11488);
#11492=DIRECTION('',(0.E0,0.E0,1.E0));
#11493=VECTOR('',#11492,3.8E-1);
#11494=CARTESIAN_POINT('',(-1.75E0,0.E0,3.12E0));
#11495=LINE('',#11494,#11493);
#11496=CURVE_STYLE('',#32,POSITIVE_LENGTH_MEASURE(2.E-2),#3);
#11497=PRESENTATION_STYLE_ASSIGNMENT((#11496));
#11498=STYLED_ITEM('',(#11497),#11495);
#11499=DIRECTION('',(1.E0,0.E0,0.E0));
#11500=VECTOR('',#11499,6.3E-1);
#11501=CARTESIAN_POINT('',(-1.75E0,0.E0,3.5E0));
#11502=LINE('',#11501,#11500);
#11503=CURVE_STYLE('',#32,POSITIVE_LENGTH_MEASURE(2.E-2),#3);
#11504=PRESENTATION_STYLE_ASSIGNMENT((#11503));
#11505=STYLED_ITEM('',(#11504),#11502);
#11506=DIRECTION('',(0.E0,0.E0,-1.E0));
#11507=VECTOR('',#11506,2.81E-1);
#11508=CARTESIAN_POINT('',(-1.12E0,0.E0,3.5E0));
#11509=LINE('',#11508,#11507);
#11510=CURVE_STYLE('',#32,POSITIVE_LENGTH_MEASURE(2.E-2),#3);
#11511=PRESENTATION_STYLE_ASSIGNMENT((#11510));
#11512=STYLED_ITEM('',(#11511),#11509);
#11513=CARTESIAN_POINT('',(-1.001E0,0.E0,3.219E0));
#11514=DIRECTION('',(0.E0,-1.E0,0.E0));
#11515=DIRECTION('',(-1.E0,0.E0,0.E0));
#11516=AXIS2_PLACEMENT_3D('',#11513,#11514,#11515);
#11518=CURVE_STYLE('',#32,POSITIVE_LENGTH_MEASURE(2.E-2),#3);
#11519=PRESENTATION_STYLE_ASSIGNMENT((#11518));
#11520=STYLED_ITEM('',(#11519),#11517);
#11521=DIRECTION('',(1.E0,0.E0,2.220446049254E-13));
#11522=VECTOR('',#11521,1.999999999997E-3);
#11523=CARTESIAN_POINT('',(-1.001E0,0.E0,3.1E0));
#11524=LINE('',#11523,#11522);
#11525=CURVE_STYLE('',#32,POSITIVE_LENGTH_MEASURE(2.E-2),#3);
#11526=PRESENTATION_STYLE_ASSIGNMENT((#11525));
#11527=STYLED_ITEM('',(#11526),#11524);
#11528=CARTESIAN_POINT('',(-9.99E-1,0.E0,3.219E0));
#11529=DIRECTION('',(0.E0,-1.E0,0.E0));
#11530=DIRECTION('',(-4.291618414517E-14,0.E0,-1.E0));
#11531=AXIS2_PLACEMENT_3D('',#11528,#11529,#11530);
#11533=CURVE_STYLE('',#32,POSITIVE_LENGTH_MEASURE(2.E-2),#3);
#11534=PRESENTATION_STYLE_ASSIGNMENT((#11533));
#11535=STYLED_ITEM('',(#11534),#11532);
#11536=DIRECTION('',(0.E0,0.E0,-1.E0));
#11537=VECTOR('',#11536,2.81E-1);
#11538=CARTESIAN_POINT('',(-8.8E-1,0.E0,3.5E0));
#11539=LINE('',#11538,#11537);
#11540=CURVE_STYLE('',#32,POSITIVE_LENGTH_MEASURE(2.E-2),#3);
#11541=PRESENTATION_STYLE_ASSIGNMENT((#11540));
#11542=STYLED_ITEM('',(#11541),#11539);
#11543=DIRECTION('',(1.E0,0.E0,0.E0));
#11544=VECTOR('',#11543,2.6E-1);
#11545=CARTESIAN_POINT('',(-8.8E-1,0.E0,3.5E0));
#11546=LINE('',#11545,#11544);
#11547=CURVE_STYLE('',#32,POSITIVE_LENGTH_MEASURE(2.E-2),#3);
#11548=PRESENTATION_STYLE_ASSIGNMENT((#11547));
#11549=STYLED_ITEM('',(#11548),#11546);
#11550=DIRECTION('',(0.E0,0.E0,-1.E0));
#11551=VECTOR('',#11550,2.81E-1);
#11552=CARTESIAN_POINT('',(-6.2E-1,0.E0,3.5E0));
#11553=LINE('',#11552,#11551);
#11554=CURVE_STYLE('',#32,POSITIVE_LENGTH_MEASURE(2.E-2),#3);
#11555=PRESENTATION_STYLE_ASSIGNMENT((#11554));
#11556=STYLED_ITEM('',(#11555),#11553);
#11557=CARTESIAN_POINT('',(-5.01E-1,0.E0,3.219E0));
#11558=DIRECTION('',(0.E0,-1.E0,0.E0));
#11559=DIRECTION('',(-1.E0,0.E0,0.E0));
#11560=AXIS2_PLACEMENT_3D('',#11557,#11558,#11559);
#11562=CURVE_STYLE('',#32,POSITIVE_LENGTH_MEASURE(2.E-2),#3);
#11563=PRESENTATION_STYLE_ASSIGNMENT((#11562));
#11564=STYLED_ITEM('',(#11563),#11561);
#11565=DIRECTION('',(1.E0,0.E0,2.220446049254E-13));
#11566=VECTOR('',#11565,1.999999999997E-3);
#11567=CARTESIAN_POINT('',(-5.01E-1,0.E0,3.1E0));
#11568=LINE('',#11567,#11566);
#11569=CURVE_STYLE('',#32,POSITIVE_LENGTH_MEASURE(2.E-2),#3);
#11570=PRESENTATION_STYLE_ASSIGNMENT((#11569));
#11571=STYLED_ITEM('',(#11570),#11568);
#11572=CARTESIAN_POINT('',(-4.99E-1,0.E0,3.219E0));
#11573=DIRECTION('',(0.E0,-1.E0,0.E0));
#11574=DIRECTION('',(-4.244970388273E-14,0.E0,-1.E0));
#11575=AXIS2_PLACEMENT_3D('',#11572,#11573,#11574);
#11577=CURVE_STYLE('',#32,POSITIVE_LENGTH_MEASURE(2.E-2),#3);
#11578=PRESENTATION_STYLE_ASSIGNMENT((#11577));
#11579=STYLED_ITEM('',(#11578),#11576);
#11580=DIRECTION('',(0.E0,0.E0,-1.E0));
#11581=VECTOR('',#11580,2.81E-1);
#11582=CARTESIAN_POINT('',(-3.8E-1,0.E0,3.5E0));
#11583=LINE('',#11582,#11581);
#11584=CURVE_STYLE('',#32,POSITIVE_LENGTH_MEASURE(2.E-2),#3);
#11585=PRESENTATION_STYLE_ASSIGNMENT((#11584));
#11586=STYLED_ITEM('',(#11585),#11583);
#11587=DIRECTION('',(1.E0,0.E0,0.E0));
#11588=VECTOR('',#11587,2.6E-1);
#11589=CARTESIAN_POINT('',(-3.8E-1,0.E0,3.5E0));
#11590=LINE('',#11589,#11588);
#11591=CURVE_STYLE('',#32,POSITIVE_LENGTH_MEASURE(2.E-2),#3);
#11592=PRESENTATION_STYLE_ASSIGNMENT((#11591));
#11593=STYLED_ITEM('',(#11592),#11590);
#11594=DIRECTION('',(0.E0,0.E0,-1.E0));
#11595=VECTOR('',#11594,2.81E-1);
#11596=CARTESIAN_POINT('',(-1.2E-1,0.E0,3.5E0));
#11597=LINE('',#11596,#11595);
#11598=CURVE_STYLE('',#32,POSITIVE_LENGTH_MEASURE(2.E-2),#3);
#11599=PRESENTATION_STYLE_ASSIGNMENT((#11598));
#11600=STYLED_ITEM('',(#11599),#11597);
#11601=CARTESIAN_POINT('',(-1.E-3,0.E0,3.219E0));
#11602=DIRECTION('',(0.E0,-1.E0,0.E0));
#11603=DIRECTION('',(-1.E0,0.E0,0.E0));
#11604=AXIS2_PLACEMENT_3D('',#11601,#11602,#11603);
#11606=CURVE_STYLE('',#32,POSITIVE_LENGTH_MEASURE(2.E-2),#3);
#11607=PRESENTATION_STYLE_ASSIGNMENT((#11606));
#11608=STYLED_ITEM('',(#11607),#11605);
#11609=DIRECTION('',(1.E0,0.E0,2.220446049254E-13));
#11610=VECTOR('',#11609,1.999999999997E-3);
#11611=CARTESIAN_POINT('',(-9.999999999983E-4,0.E0,3.1E0));
#11612=LINE('',#11611,#11610);
#11613=CURVE_STYLE('',#32,POSITIVE_LENGTH_MEASURE(2.E-2),#3);
#11614=PRESENTATION_STYLE_ASSIGNMENT((#11613));
#11615=STYLED_ITEM('',(#11614),#11612);
#11616=CARTESIAN_POINT('',(1.E-3,0.E0,3.219E0));
#11617=DIRECTION('',(0.E0,-1.E0,0.E0));
#11618=DIRECTION('',(-4.283965222712E-14,0.E0,-1.E0));
#11619=AXIS2_PLACEMENT_3D('',#11616,#11617,#11618);
#11621=CURVE_STYLE('',#32,POSITIVE_LENGTH_MEASURE(2.E-2),#3);
#11622=PRESENTATION_STYLE_ASSIGNMENT((#11621));
#11623=STYLED_ITEM('',(#11622),#11620);
#11624=DIRECTION('',(0.E0,0.E0,-1.E0));
#11625=VECTOR('',#11624,2.81E-1);
#11626=CARTESIAN_POINT('',(1.2E-1,0.E0,3.5E0));
#11627=LINE('',#11626,#11625);
#11628=CURVE_STYLE('',#32,POSITIVE_LENGTH_MEASURE(2.E-2),#3);
#11629=PRESENTATION_STYLE_ASSIGNMENT((#11628));
#11630=STYLED_ITEM('',(#11629),#11627);
#11631=DIRECTION('',(1.E0,0.E0,0.E0));
#11632=VECTOR('',#11631,2.6E-1);
#11633=CARTESIAN_POINT('',(1.2E-1,0.E0,3.5E0));
#11634=LINE('',#11633,#11632);
#11635=CURVE_STYLE('',#32,POSITIVE_LENGTH_MEASURE(2.E-2),#3);
#11636=PRESENTATION_STYLE_ASSIGNMENT((#11635));
#11637=STYLED_ITEM('',(#11636),#11634);
#11638=DIRECTION('',(0.E0,0.E0,-1.E0));
#11639=VECTOR('',#11638,2.81E-1);
#11640=CARTESIAN_POINT('',(3.8E-1,0.E0,3.5E0));
#11641=LINE('',#11640,#11639);
#11642=CURVE_STYLE('',#32,POSITIVE_LENGTH_MEASURE(2.E-2),#3);
#11643=PRESENTATION_STYLE_ASSIGNMENT((#11642));
#11644=STYLED_ITEM('',(#11643),#11641);
#11645=CARTESIAN_POINT('',(4.99E-1,0.E0,3.219E0));
#11646=DIRECTION('',(0.E0,-1.E0,0.E0));
#11647=DIRECTION('',(-1.E0,0.E0,0.E0));
#11648=AXIS2_PLACEMENT_3D('',#11645,#11646,#11647);
#11650=CURVE_STYLE('',#32,POSITIVE_LENGTH_MEASURE(2.E-2),#3);
#11651=PRESENTATION_STYLE_ASSIGNMENT((#11650));
#11652=STYLED_ITEM('',(#11651),#11649);
#11653=DIRECTION('',(1.E0,0.E0,2.220446049254E-13));
#11654=VECTOR('',#11653,1.999999999997E-3);
#11655=CARTESIAN_POINT('',(4.99E-1,0.E0,3.1E0));
#11656=LINE('',#11655,#11654);
#11657=CURVE_STYLE('',#32,POSITIVE_LENGTH_MEASURE(2.E-2),#3);
#11658=PRESENTATION_STYLE_ASSIGNMENT((#11657));
#11659=STYLED_ITEM('',(#11658),#11656);
#11660=CARTESIAN_POINT('',(5.01E-1,0.E0,3.219E0));
#11661=DIRECTION('',(0.E0,-1.E0,0.E0));
#11662=DIRECTION('',(-4.291618414517E-14,0.E0,-1.E0));
#11663=AXIS2_PLACEMENT_3D('',#11660,#11661,#11662);
#11665=CURVE_STYLE('',#32,POSITIVE_LENGTH_MEASURE(2.E-2),#3);
#11666=PRESENTATION_STYLE_ASSIGNMENT((#11665));
#11667=STYLED_ITEM('',(#11666),#11664);
#11668=DIRECTION('',(0.E0,0.E0,-1.E0));
#11669=VECTOR('',#11668,2.81E-1);
#11670=CARTESIAN_POINT('',(6.2E-1,0.E0,3.5E0));
#11671=LINE('',#11670,#11669);
#11672=CURVE_STYLE('',#32,POSITIVE_LENGTH_MEASURE(2.E-2),#3);
#11673=PRESENTATION_STYLE_ASSIGNMENT((#11672));
#11674=STYLED_ITEM('',(#11673),#11671);
#11675=DIRECTION('',(1.E0,0.E0,0.E0));
#11676=VECTOR('',#11675,2.6E-1);
#11677=CARTESIAN_POINT('',(6.2E-1,0.E0,3.5E0));
#11678=LINE('',#11677,#11676);
#11679=CURVE_STYLE('',#32,POSITIVE_LENGTH_MEASURE(2.E-2),#3);
#11680=PRESENTATION_STYLE_ASSIGNMENT((#11679));
#11681=STYLED_ITEM('',(#11680),#11678);
#11682=DIRECTION('',(0.E0,0.E0,-1.E0));
#11683=VECTOR('',#11682,2.81E-1);
#11684=CARTESIAN_POINT('',(8.8E-1,0.E0,3.5E0));
#11685=LINE('',#11684,#11683);
#11686=CURVE_STYLE('',#32,POSITIVE_LENGTH_MEASURE(2.E-2),#3);
#11687=PRESENTATION_STYLE_ASSIGNMENT((#11686));
#11688=STYLED_ITEM('',(#11687),#11685);
#11689=CARTESIAN_POINT('',(9.99E-1,0.E0,3.219E0));
#11690=DIRECTION('',(0.E0,-1.E0,0.E0));
#11691=DIRECTION('',(-1.E0,0.E0,0.E0));
#11692=AXIS2_PLACEMENT_3D('',#11689,#11690,#11691);
#11694=CURVE_STYLE('',#32,POSITIVE_LENGTH_MEASURE(2.E-2),#3);
#11695=PRESENTATION_STYLE_ASSIGNMENT((#11694));
#11696=STYLED_ITEM('',(#11695),#11693);
#11697=DIRECTION('',(1.E0,0.E0,2.220446049254E-13));
#11698=VECTOR('',#11697,1.999999999997E-3);
#11699=CARTESIAN_POINT('',(9.99E-1,0.E0,3.1E0));
#11700=LINE('',#11699,#11698);
#11701=CURVE_STYLE('',#32,POSITIVE_LENGTH_MEASURE(2.E-2),#3);
#11702=PRESENTATION_STYLE_ASSIGNMENT((#11701));
#11703=STYLED_ITEM('',(#11702),#11700);
#11704=CARTESIAN_POINT('',(1.001E0,0.E0,3.219E0));
#11705=DIRECTION('',(0.E0,-1.E0,0.E0));
#11706=DIRECTION('',(-4.291618414517E-14,0.E0,-1.E0));
#11707=AXIS2_PLACEMENT_3D('',#11704,#11705,#11706);
#11709=CURVE_STYLE('',#32,POSITIVE_LENGTH_MEASURE(2.E-2),#3);
#11710=PRESENTATION_STYLE_ASSIGNMENT((#11709));
#11711=STYLED_ITEM('',(#11710),#11708);
#11712=DIRECTION('',(0.E0,0.E0,-1.E0));
#11713=VECTOR('',#11712,2.81E-1);
#11714=CARTESIAN_POINT('',(1.12E0,0.E0,3.5E0));
#11715=LINE('',#11714,#11713);
#11716=CURVE_STYLE('',#32,POSITIVE_LENGTH_MEASURE(2.E-2),#3);
#11717=PRESENTATION_STYLE_ASSIGNMENT((#11716));
#11718=STYLED_ITEM('',(#11717),#11715);
#11719=DIRECTION('',(1.E0,0.E0,0.E0));
#11720=VECTOR('',#11719,6.3E-1);
#11721=CARTESIAN_POINT('',(1.12E0,0.E0,3.5E0));
#11722=LINE('',#11721,#11720);
#11723=CURVE_STYLE('',#32,POSITIVE_LENGTH_MEASURE(2.E-2),#3);
#11724=PRESENTATION_STYLE_ASSIGNMENT((#11723));
#11725=STYLED_ITEM('',(#11724),#11722);
#11726=DIRECTION('',(0.E0,0.E0,-1.E0));
#11727=VECTOR('',#11726,3.8E-1);
#11728=CARTESIAN_POINT('',(1.75E0,0.E0,3.5E0));
#11729=LINE('',#11728,#11727);
#11730=CURVE_STYLE('',#32,POSITIVE_LENGTH_MEASURE(2.E-2),#3);
#11731=PRESENTATION_STYLE_ASSIGNMENT((#11730));
#11732=STYLED_ITEM('',(#11731),#11729);
#11733=DIRECTION('',(-1.E0,0.E0,0.E0));
#11734=VECTOR('',#11733,2.81E-1);
#11735=CARTESIAN_POINT('',(1.75E0,0.E0,3.12E0));
#11736=LINE('',#11735,#11734);
#11737=CURVE_STYLE('',#32,POSITIVE_LENGTH_MEASURE(2.E-2),#3);
#11738=PRESENTATION_STYLE_ASSIGNMENT((#11737));
#11739=STYLED_ITEM('',(#11738),#11736);
#11740=CARTESIAN_POINT('',(1.469E0,0.E0,3.001E0));
#11741=DIRECTION('',(0.E0,-1.E0,0.E0));
#11742=DIRECTION('',(0.E0,0.E0,1.E0));
#11743=AXIS2_PLACEMENT_3D('',#11740,#11741,#11742);
#11745=CURVE_STYLE('',#32,POSITIVE_LENGTH_MEASURE(2.E-2),#3);
#11746=PRESENTATION_STYLE_ASSIGNMENT((#11745));
#11747=STYLED_ITEM('',(#11746),#11744);
#11748=DIRECTION('',(0.E0,0.E0,-1.E0));
#11749=VECTOR('',#11748,2.000000000001E-3);
#11750=CARTESIAN_POINT('',(1.35E0,0.E0,3.001E0));
#11751=LINE('',#11750,#11749);
#11752=CURVE_STYLE('',#32,POSITIVE_LENGTH_MEASURE(2.E-2),#3);
#11753=PRESENTATION_STYLE_ASSIGNMENT((#11752));
#11754=STYLED_ITEM('',(#11753),#11751);
#11755=CARTESIAN_POINT('',(1.469E0,0.E0,2.999E0));
#11756=DIRECTION('',(0.E0,-1.E0,0.E0));
#11757=DIRECTION('',(-1.E0,0.E0,0.E0));
#11758=AXIS2_PLACEMENT_3D('',#11755,#11756,#11757);
#11760=CURVE_STYLE('',#32,POSITIVE_LENGTH_MEASURE(2.E-2),#3);
#11761=PRESENTATION_STYLE_ASSIGNMENT((#11760));
#11762=STYLED_ITEM('',(#11761),#11759);
#11763=DIRECTION('',(-1.E0,0.E0,0.E0));
#11764=VECTOR('',#11763,2.81E-1);
#11765=CARTESIAN_POINT('',(1.75E0,0.E0,2.88E0));
#11766=LINE('',#11765,#11764);
#11767=CURVE_STYLE('',#32,POSITIVE_LENGTH_MEASURE(2.E-2),#3);
#11768=PRESENTATION_STYLE_ASSIGNMENT((#11767));
#11769=STYLED_ITEM('',(#11768),#11766);
#11770=DIRECTION('',(0.E0,0.E0,-1.E0));
#11771=VECTOR('',#11770,2.6E-1);
#11772=CARTESIAN_POINT('',(1.75E0,0.E0,2.88E0));
#11773=LINE('',#11772,#11771);
#11774=CURVE_STYLE('',#32,POSITIVE_LENGTH_MEASURE(2.E-2),#3);
#11775=PRESENTATION_STYLE_ASSIGNMENT((#11774));
#11776=STYLED_ITEM('',(#11775),#11773);
#11777=DIRECTION('',(-1.E0,0.E0,0.E0));
#11778=VECTOR('',#11777,2.81E-1);
#11779=CARTESIAN_POINT('',(1.75E0,0.E0,2.62E0));
#11780=LINE('',#11779,#11778);
#11781=CURVE_STYLE('',#32,POSITIVE_LENGTH_MEASURE(2.E-2),#3);
#11782=PRESENTATION_STYLE_ASSIGNMENT((#11781));
#11783=STYLED_ITEM('',(#11782),#11780);
#11784=CARTESIAN_POINT('',(1.469E0,0.E0,2.501E0));
#11785=DIRECTION('',(0.E0,-1.E0,0.E0));
#11786=DIRECTION('',(0.E0,0.E0,1.E0));
#11787=AXIS2_PLACEMENT_3D('',#11784,#11785,#11786);
#11789=CURVE_STYLE('',#32,POSITIVE_LENGTH_MEASURE(2.E-2),#3);
#11790=PRESENTATION_STYLE_ASSIGNMENT((#11789));
#11791=STYLED_ITEM('',(#11790),#11788);
#11792=DIRECTION('',(0.E0,0.E0,-1.E0));
#11793=VECTOR('',#11792,2.000000000001E-3);
#11794=CARTESIAN_POINT('',(1.35E0,0.E0,2.501E0));
#11795=LINE('',#11794,#11793);
#11796=CURVE_STYLE('',#32,POSITIVE_LENGTH_MEASURE(2.E-2),#3);
#11797=PRESENTATION_STYLE_ASSIGNMENT((#11796));
#11798=STYLED_ITEM('',(#11797),#11795);
#11799=CARTESIAN_POINT('',(1.469E0,0.E0,2.499E0));
#11800=DIRECTION('',(0.E0,-1.E0,0.E0));
#11801=DIRECTION('',(-1.E0,0.E0,0.E0));
#11802=AXIS2_PLACEMENT_3D('',#11799,#11800,#11801);
#11804=CURVE_STYLE('',#32,POSITIVE_LENGTH_MEASURE(2.E-2),#3);
#11805=PRESENTATION_STYLE_ASSIGNMENT((#11804));
#11806=STYLED_ITEM('',(#11805),#11803);
#11807=DIRECTION('',(-1.E0,0.E0,0.E0));
#11808=VECTOR('',#11807,2.81E-1);
#11809=CARTESIAN_POINT('',(1.75E0,0.E0,2.38E0));
#11810=LINE('',#11809,#11808);
#11811=CURVE_STYLE('',#32,POSITIVE_LENGTH_MEASURE(2.E-2),#3);
#11812=PRESENTATION_STYLE_ASSIGNMENT((#11811));
#11813=STYLED_ITEM('',(#11812),#11810);
#11814=DIRECTION('',(0.E0,0.E0,-1.E0));
#11815=VECTOR('',#11814,2.6E-1);
#11816=CARTESIAN_POINT('',(1.75E0,0.E0,2.38E0));
#11817=LINE('',#11816,#11815);
#11818=CURVE_STYLE('',#32,POSITIVE_LENGTH_MEASURE(2.E-2),#3);
#11819=PRESENTATION_STYLE_ASSIGNMENT((#11818));
#11820=STYLED_ITEM('',(#11819),#11817);
#11821=DIRECTION('',(-1.E0,0.E0,0.E0));
#11822=VECTOR('',#11821,2.81E-1);
#11823=CARTESIAN_POINT('',(1.75E0,0.E0,2.12E0));
#11824=LINE('',#11823,#11822);
#11825=CURVE_STYLE('',#32,POSITIVE_LENGTH_MEASURE(2.E-2),#3);
#11826=PRESENTATION_STYLE_ASSIGNMENT((#11825));
#11827=STYLED_ITEM('',(#11826),#11824);
#11828=CARTESIAN_POINT('',(1.469E0,0.E0,2.001E0));
#11829=DIRECTION('',(0.E0,-1.E0,0.E0));
#11830=DIRECTION('',(0.E0,0.E0,1.E0));
#11831=AXIS2_PLACEMENT_3D('',#11828,#11829,#11830);
#11833=CURVE_STYLE('',#32,POSITIVE_LENGTH_MEASURE(2.E-2),#3);
#11834=PRESENTATION_STYLE_ASSIGNMENT((#11833));
#11835=STYLED_ITEM('',(#11834),#11832);
#11836=DIRECTION('',(0.E0,0.E0,-1.E0));
#11837=VECTOR('',#11836,2.E-3);
#11838=CARTESIAN_POINT('',(1.35E0,0.E0,2.001E0));
#11839=LINE('',#11838,#11837);
#11840=CURVE_STYLE('',#32,POSITIVE_LENGTH_MEASURE(2.E-2),#3);
#11841=PRESENTATION_STYLE_ASSIGNMENT((#11840));
#11842=STYLED_ITEM('',(#11841),#11839);
#11843=CARTESIAN_POINT('',(1.469E0,0.E0,1.999E0));
#11844=DIRECTION('',(0.E0,-1.E0,0.E0));
#11845=DIRECTION('',(-1.E0,0.E0,0.E0));
#11846=AXIS2_PLACEMENT_3D('',#11843,#11844,#11845);
#11848=CURVE_STYLE('',#32,POSITIVE_LENGTH_MEASURE(2.E-2),#3);
#11849=PRESENTATION_STYLE_ASSIGNMENT((#11848));
#11850=STYLED_ITEM('',(#11849),#11847);
#11851=DIRECTION('',(-1.E0,0.E0,0.E0));
#11852=VECTOR('',#11851,2.81E-1);
#11853=CARTESIAN_POINT('',(1.75E0,0.E0,1.88E0));
#11854=LINE('',#11853,#11852);
#11855=CURVE_STYLE('',#32,POSITIVE_LENGTH_MEASURE(2.E-2),#3);
#11856=PRESENTATION_STYLE_ASSIGNMENT((#11855));
#11857=STYLED_ITEM('',(#11856),#11854);
#11858=DIRECTION('',(0.E0,0.E0,-1.E0));
#11859=VECTOR('',#11858,2.6E-1);
#11860=CARTESIAN_POINT('',(1.75E0,0.E0,1.88E0));
#11861=LINE('',#11860,#11859);
#11862=CURVE_STYLE('',#32,POSITIVE_LENGTH_MEASURE(2.E-2),#3);
#11863=PRESENTATION_STYLE_ASSIGNMENT((#11862));
#11864=STYLED_ITEM('',(#11863),#11861);
#11865=DIRECTION('',(-1.E0,0.E0,0.E0));
#11866=VECTOR('',#11865,2.81E-1);
#11867=CARTESIAN_POINT('',(1.75E0,0.E0,1.62E0));
#11868=LINE('',#11867,#11866);
#11869=CURVE_STYLE('',#32,POSITIVE_LENGTH_MEASURE(2.E-2),#3);
#11870=PRESENTATION_STYLE_ASSIGNMENT((#11869));
#11871=STYLED_ITEM('',(#11870),#11868);
#11872=CARTESIAN_POINT('',(1.469E0,0.E0,1.501E0));
#11873=DIRECTION('',(0.E0,-1.E0,0.E0));
#11874=DIRECTION('',(0.E0,0.E0,1.E0));
#11875=AXIS2_PLACEMENT_3D('',#11872,#11873,#11874);
#11877=CURVE_STYLE('',#32,POSITIVE_LENGTH_MEASURE(2.E-2),#3);
#11878=PRESENTATION_STYLE_ASSIGNMENT((#11877));
#11879=STYLED_ITEM('',(#11878),#11876);
#11880=DIRECTION('',(0.E0,0.E0,-1.E0));
#11881=VECTOR('',#11880,2.E-3);
#11882=CARTESIAN_POINT('',(1.35E0,0.E0,1.501E0));
#11883=LINE('',#11882,#11881);
#11884=CURVE_STYLE('',#32,POSITIVE_LENGTH_MEASURE(2.E-2),#3);
#11885=PRESENTATION_STYLE_ASSIGNMENT((#11884));
#11886=STYLED_ITEM('',(#11885),#11883);
#11887=CARTESIAN_POINT('',(1.469E0,0.E0,1.499E0));
#11888=DIRECTION('',(0.E0,-1.E0,0.E0));
#11889=DIRECTION('',(-1.E0,0.E0,0.E0));
#11890=AXIS2_PLACEMENT_3D('',#11887,#11888,#11889);
#11892=CURVE_STYLE('',#32,POSITIVE_LENGTH_MEASURE(2.E-2),#3);
#11893=PRESENTATION_STYLE_ASSIGNMENT((#11892));
#11894=STYLED_ITEM('',(#11893),#11891);
#11895=DIRECTION('',(-1.E0,0.E0,0.E0));
#11896=VECTOR('',#11895,2.81E-1);
#11897=CARTESIAN_POINT('',(1.75E0,0.E0,1.38E0));
#11898=LINE('',#11897,#11896);
#11899=CURVE_STYLE('',#32,POSITIVE_LENGTH_MEASURE(2.E-2),#3);
#11900=PRESENTATION_STYLE_ASSIGNMENT((#11899));
#11901=STYLED_ITEM('',(#11900),#11898);
#11902=DIRECTION('',(0.E0,0.E0,-1.E0));
#11903=VECTOR('',#11902,2.6E-1);
#11904=CARTESIAN_POINT('',(1.75E0,0.E0,1.38E0));
#11905=LINE('',#11904,#11903);
#11906=CURVE_STYLE('',#32,POSITIVE_LENGTH_MEASURE(2.E-2),#3);
#11907=PRESENTATION_STYLE_ASSIGNMENT((#11906));
#11908=STYLED_ITEM('',(#11907),#11905);
#11909=DIRECTION('',(-1.E0,0.E0,0.E0));
#11910=VECTOR('',#11909,2.81E-1);
#11911=CARTESIAN_POINT('',(1.75E0,0.E0,1.12E0));
#11912=LINE('',#11911,#11910);
#11913=CURVE_STYLE('',#32,POSITIVE_LENGTH_MEASURE(2.E-2),#3);
#11914=PRESENTATION_STYLE_ASSIGNMENT((#11913));
#11915=STYLED_ITEM('',(#11914),#11912);
#11916=CARTESIAN_POINT('',(1.469E0,0.E0,1.001E0));
#11917=DIRECTION('',(0.E0,-1.E0,0.E0));
#11918=DIRECTION('',(0.E0,0.E0,1.E0));
#11919=AXIS2_PLACEMENT_3D('',#11916,#11917,#11918);
#11921=CURVE_STYLE('',#32,POSITIVE_LENGTH_MEASURE(2.E-2),#3);
#11922=PRESENTATION_STYLE_ASSIGNMENT((#11921));
#11923=STYLED_ITEM('',(#11922),#11920);
#11924=DIRECTION('',(0.E0,0.E0,-1.E0));
#11925=VECTOR('',#11924,2.E-3);
#11926=CARTESIAN_POINT('',(1.35E0,0.E0,1.001E0));
#11927=LINE('',#11926,#11925);
#11928=CURVE_STYLE('',#32,POSITIVE_LENGTH_MEASURE(2.E-2),#3);
#11929=PRESENTATION_STYLE_ASSIGNMENT((#11928));
#11930=STYLED_ITEM('',(#11929),#11927);
#11931=CARTESIAN_POINT('',(1.469E0,0.E0,9.99E-1));
#11932=DIRECTION('',(0.E0,-1.E0,0.E0));
#11933=DIRECTION('',(-1.E0,0.E0,0.E0));
#11934=AXIS2_PLACEMENT_3D('',#11931,#11932,#11933);
#11936=CURVE_STYLE('',#32,POSITIVE_LENGTH_MEASURE(2.E-2),#3);
#11937=PRESENTATION_STYLE_ASSIGNMENT((#11936));
#11938=STYLED_ITEM('',(#11937),#11935);
#11939=DIRECTION('',(-1.E0,0.E0,0.E0));
#11940=VECTOR('',#11939,2.81E-1);
#11941=CARTESIAN_POINT('',(1.75E0,0.E0,8.8E-1));
#11942=LINE('',#11941,#11940);
#11943=CURVE_STYLE('',#32,POSITIVE_LENGTH_MEASURE(2.E-2),#3);
#11944=PRESENTATION_STYLE_ASSIGNMENT((#11943));
#11945=STYLED_ITEM('',(#11944),#11942);
#11946=DIRECTION('',(0.E0,0.E0,-1.E0));
#11947=VECTOR('',#11946,2.6E-1);
#11948=CARTESIAN_POINT('',(1.75E0,0.E0,8.8E-1));
#11949=LINE('',#11948,#11947);
#11950=CURVE_STYLE('',#32,POSITIVE_LENGTH_MEASURE(2.E-2),#3);
#11951=PRESENTATION_STYLE_ASSIGNMENT((#11950));
#11952=STYLED_ITEM('',(#11951),#11949);
#11953=DIRECTION('',(-1.E0,0.E0,0.E0));
#11954=VECTOR('',#11953,2.81E-1);
#11955=CARTESIAN_POINT('',(1.75E0,0.E0,6.2E-1));
#11956=LINE('',#11955,#11954);
#11957=CURVE_STYLE('',#32,POSITIVE_LENGTH_MEASURE(2.E-2),#3);
#11958=PRESENTATION_STYLE_ASSIGNMENT((#11957));
#11959=STYLED_ITEM('',(#11958),#11956);
#11960=CARTESIAN_POINT('',(1.469E0,0.E0,5.01E-1));
#11961=DIRECTION('',(0.E0,-1.E0,0.E0));
#11962=DIRECTION('',(0.E0,0.E0,1.E0));
#11963=AXIS2_PLACEMENT_3D('',#11960,#11961,#11962);
#11965=CURVE_STYLE('',#32,POSITIVE_LENGTH_MEASURE(2.E-2),#3);
#11966=PRESENTATION_STYLE_ASSIGNMENT((#11965));
#11967=STYLED_ITEM('',(#11966),#11964);
#11968=DIRECTION('',(0.E0,0.E0,-1.E0));
#11969=VECTOR('',#11968,2.E-3);
#11970=CARTESIAN_POINT('',(1.35E0,0.E0,5.01E-1));
#11971=LINE('',#11970,#11969);
#11972=CURVE_STYLE('',#32,POSITIVE_LENGTH_MEASURE(2.E-2),#3);
#11973=PRESENTATION_STYLE_ASSIGNMENT((#11972));
#11974=STYLED_ITEM('',(#11973),#11971);
#11975=CARTESIAN_POINT('',(1.469E0,0.E0,4.99E-1));
#11976=DIRECTION('',(0.E0,-1.E0,0.E0));
#11977=DIRECTION('',(-1.E0,0.E0,0.E0));
#11978=AXIS2_PLACEMENT_3D('',#11975,#11976,#11977);
#11980=CURVE_STYLE('',#32,POSITIVE_LENGTH_MEASURE(2.E-2),#3);
#11981=PRESENTATION_STYLE_ASSIGNMENT((#11980));
#11982=STYLED_ITEM('',(#11981),#11979);
#11983=DIRECTION('',(-1.E0,0.E0,0.E0));
#11984=VECTOR('',#11983,2.81E-1);
#11985=CARTESIAN_POINT('',(1.75E0,0.E0,3.8E-1));
#11986=LINE('',#11985,#11984);
#11987=CURVE_STYLE('',#32,POSITIVE_LENGTH_MEASURE(2.E-2),#3);
#11988=PRESENTATION_STYLE_ASSIGNMENT((#11987));
#11989=STYLED_ITEM('',(#11988),#11986);
#11990=DIRECTION('',(0.E0,0.E0,-1.E0));
#11991=VECTOR('',#11990,2.6E-1);
#11992=CARTESIAN_POINT('',(1.75E0,0.E0,3.8E-1));
#11993=LINE('',#11992,#11991);
#11994=CURVE_STYLE('',#32,POSITIVE_LENGTH_MEASURE(2.E-2),#3);
#11995=PRESENTATION_STYLE_ASSIGNMENT((#11994));
#11996=STYLED_ITEM('',(#11995),#11993);
#11997=DIRECTION('',(-1.E0,0.E0,0.E0));
#11998=VECTOR('',#11997,2.81E-1);
#11999=CARTESIAN_POINT('',(1.75E0,0.E0,1.2E-1));
#12000=LINE('',#11999,#11998);
#12001=CURVE_STYLE('',#32,POSITIVE_LENGTH_MEASURE(2.E-2),#3);
#12002=PRESENTATION_STYLE_ASSIGNMENT((#12001));
#12003=STYLED_ITEM('',(#12002),#12000);
#12004=CARTESIAN_POINT('',(1.469E0,0.E0,1.E-3));
#12005=DIRECTION('',(0.E0,-1.E0,0.E0));
#12006=DIRECTION('',(0.E0,0.E0,1.E0));
#12007=AXIS2_PLACEMENT_3D('',#12004,#12005,#12006);
#12009=CURVE_STYLE('',#32,POSITIVE_LENGTH_MEASURE(2.E-2),#3);
#12010=PRESENTATION_STYLE_ASSIGNMENT((#12009));
#12011=STYLED_ITEM('',(#12010),#12008);
#12012=DIRECTION('',(0.E0,0.E0,-1.E0));
#12013=VECTOR('',#12012,2.E-3);
#12014=CARTESIAN_POINT('',(1.35E0,0.E0,1.E-3));
#12015=LINE('',#12014,#12013);
#12016=CURVE_STYLE('',#32,POSITIVE_LENGTH_MEASURE(2.E-2),#3);
#12017=PRESENTATION_STYLE_ASSIGNMENT((#12016));
#12018=STYLED_ITEM('',(#12017),#12015);
#12019=CARTESIAN_POINT('',(1.469E0,0.E0,-1.E-3));
#12020=DIRECTION('',(0.E0,-1.E0,0.E0));
#12021=DIRECTION('',(-1.E0,0.E0,0.E0));
#12022=AXIS2_PLACEMENT_3D('',#12019,#12020,#12021);
#12024=CURVE_STYLE('',#32,POSITIVE_LENGTH_MEASURE(2.E-2),#3);
#12025=PRESENTATION_STYLE_ASSIGNMENT((#12024));
#12026=STYLED_ITEM('',(#12025),#12023);
#12027=DIRECTION('',(-1.E0,0.E0,0.E0));
#12028=VECTOR('',#12027,2.81E-1);
#12029=CARTESIAN_POINT('',(1.75E0,0.E0,-1.2E-1));
#12030=LINE('',#12029,#12028);
#12031=CURVE_STYLE('',#32,POSITIVE_LENGTH_MEASURE(2.E-2),#3);
#12032=PRESENTATION_STYLE_ASSIGNMENT((#12031));
#12033=STYLED_ITEM('',(#12032),#12030);
#12034=DIRECTION('',(0.E0,0.E0,-1.E0));
#12035=VECTOR('',#12034,2.6E-1);
#12036=CARTESIAN_POINT('',(1.75E0,0.E0,-1.2E-1));
#12037=LINE('',#12036,#12035);
#12038=CURVE_STYLE('',#32,POSITIVE_LENGTH_MEASURE(2.E-2),#3);
#12039=PRESENTATION_STYLE_ASSIGNMENT((#12038));
#12040=STYLED_ITEM('',(#12039),#12037);
#12041=DIRECTION('',(-1.E0,0.E0,0.E0));
#12042=VECTOR('',#12041,2.81E-1);
#12043=CARTESIAN_POINT('',(1.75E0,0.E0,-3.8E-1));
#12044=LINE('',#12043,#12042);
#12045=CURVE_STYLE('',#32,POSITIVE_LENGTH_MEASURE(2.E-2),#3);
#12046=PRESENTATION_STYLE_ASSIGNMENT((#12045));
#12047=STYLED_ITEM('',(#12046),#12044);
#12048=CARTESIAN_POINT('',(1.469E0,0.E0,-4.99E-1));
#12049=DIRECTION('',(0.E0,-1.E0,0.E0));
#12050=DIRECTION('',(0.E0,0.E0,1.E0));
#12051=AXIS2_PLACEMENT_3D('',#12048,#12049,#12050);
#12053=CURVE_STYLE('',#32,POSITIVE_LENGTH_MEASURE(2.E-2),#3);
#12054=PRESENTATION_STYLE_ASSIGNMENT((#12053));
#12055=STYLED_ITEM('',(#12054),#12052);
#12056=DIRECTION('',(0.E0,0.E0,-1.E0));
#12057=VECTOR('',#12056,2.E-3);
#12058=CARTESIAN_POINT('',(1.35E0,0.E0,-4.99E-1));
#12059=LINE('',#12058,#12057);
#12060=CURVE_STYLE('',#32,POSITIVE_LENGTH_MEASURE(2.E-2),#3);
#12061=PRESENTATION_STYLE_ASSIGNMENT((#12060));
#12062=STYLED_ITEM('',(#12061),#12059);
#12063=CARTESIAN_POINT('',(1.469E0,0.E0,-5.01E-1));
#12064=DIRECTION('',(0.E0,-1.E0,0.E0));
#12065=DIRECTION('',(-1.E0,0.E0,0.E0));
#12066=AXIS2_PLACEMENT_3D('',#12063,#12064,#12065);
#12068=CURVE_STYLE('',#32,POSITIVE_LENGTH_MEASURE(2.E-2),#3);
#12069=PRESENTATION_STYLE_ASSIGNMENT((#12068));
#12070=STYLED_ITEM('',(#12069),#12067);
#12071=DIRECTION('',(-1.E0,0.E0,0.E0));
#12072=VECTOR('',#12071,2.81E-1);
#12073=CARTESIAN_POINT('',(1.75E0,0.E0,-6.2E-1));
#12074=LINE('',#12073,#12072);
#12075=CURVE_STYLE('',#32,POSITIVE_LENGTH_MEASURE(2.E-2),#3);
#12076=PRESENTATION_STYLE_ASSIGNMENT((#12075));
#12077=STYLED_ITEM('',(#12076),#12074);
#12078=DIRECTION('',(0.E0,0.E0,-1.E0));
#12079=VECTOR('',#12078,2.6E-1);
#12080=CARTESIAN_POINT('',(1.75E0,0.E0,-6.2E-1));
#12081=LINE('',#12080,#12079);
#12082=CURVE_STYLE('',#32,POSITIVE_LENGTH_MEASURE(2.E-2),#3);
#12083=PRESENTATION_STYLE_ASSIGNMENT((#12082));
#12084=STYLED_ITEM('',(#12083),#12081);
#12085=DIRECTION('',(-1.E0,0.E0,0.E0));
#12086=VECTOR('',#12085,2.81E-1);
#12087=CARTESIAN_POINT('',(1.75E0,0.E0,-8.8E-1));
#12088=LINE('',#12087,#12086);
#12089=CURVE_STYLE('',#32,POSITIVE_LENGTH_MEASURE(2.E-2),#3);
#12090=PRESENTATION_STYLE_ASSIGNMENT((#12089));
#12091=STYLED_ITEM('',(#12090),#12088);
#12092=CARTESIAN_POINT('',(1.469E0,0.E0,-9.99E-1));
#12093=DIRECTION('',(0.E0,-1.E0,0.E0));
#12094=DIRECTION('',(0.E0,0.E0,1.E0));
#12095=AXIS2_PLACEMENT_3D('',#12092,#12093,#12094);
#12097=CURVE_STYLE('',#32,POSITIVE_LENGTH_MEASURE(2.E-2),#3);
#12098=PRESENTATION_STYLE_ASSIGNMENT((#12097));
#12099=STYLED_ITEM('',(#12098),#12096);
#12100=DIRECTION('',(0.E0,0.E0,-1.E0));
#12101=VECTOR('',#12100,2.E-3);
#12102=CARTESIAN_POINT('',(1.35E0,0.E0,-9.99E-1));
#12103=LINE('',#12102,#12101);
#12104=CURVE_STYLE('',#32,POSITIVE_LENGTH_MEASURE(2.E-2),#3);
#12105=PRESENTATION_STYLE_ASSIGNMENT((#12104));
#12106=STYLED_ITEM('',(#12105),#12103);
#12107=CARTESIAN_POINT('',(1.469E0,0.E0,-1.001E0));
#12108=DIRECTION('',(0.E0,-1.E0,0.E0));
#12109=DIRECTION('',(-1.E0,0.E0,0.E0));
#12110=AXIS2_PLACEMENT_3D('',#12107,#12108,#12109);
#12112=CURVE_STYLE('',#32,POSITIVE_LENGTH_MEASURE(2.E-2),#3);
#12113=PRESENTATION_STYLE_ASSIGNMENT((#12112));
#12114=STYLED_ITEM('',(#12113),#12111);
#12115=DIRECTION('',(-1.E0,0.E0,0.E0));
#12116=VECTOR('',#12115,2.81E-1);
#12117=CARTESIAN_POINT('',(1.75E0,0.E0,-1.12E0));
#12118=LINE('',#12117,#12116);
#12119=CURVE_STYLE('',#32,POSITIVE_LENGTH_MEASURE(2.E-2),#3);
#12120=PRESENTATION_STYLE_ASSIGNMENT((#12119));
#12121=STYLED_ITEM('',(#12120),#12118);
#12122=DIRECTION('',(0.E0,0.E0,-1.E0));
#12123=VECTOR('',#12122,2.6E-1);
#12124=CARTESIAN_POINT('',(1.75E0,0.E0,-1.12E0));
#12125=LINE('',#12124,#12123);
#12126=CURVE_STYLE('',#32,POSITIVE_LENGTH_MEASURE(2.E-2),#3);
#12127=PRESENTATION_STYLE_ASSIGNMENT((#12126));
#12128=STYLED_ITEM('',(#12127),#12125);
#12129=DIRECTION('',(-1.E0,0.E0,0.E0));
#12130=VECTOR('',#12129,2.81E-1);
#12131=CARTESIAN_POINT('',(1.75E0,0.E0,-1.38E0));
#12132=LINE('',#12131,#12130);
#12133=CURVE_STYLE('',#32,POSITIVE_LENGTH_MEASURE(2.E-2),#3);
#12134=PRESENTATION_STYLE_ASSIGNMENT((#12133));
#12135=STYLED_ITEM('',(#12134),#12132);
#12136=CARTESIAN_POINT('',(1.469E0,0.E0,-1.499E0));
#12137=DIRECTION('',(0.E0,-1.E0,0.E0));
#12138=DIRECTION('',(0.E0,0.E0,1.E0));
#12139=AXIS2_PLACEMENT_3D('',#12136,#12137,#12138);
#12141=CURVE_STYLE('',#32,POSITIVE_LENGTH_MEASURE(2.E-2),#3);
#12142=PRESENTATION_STYLE_ASSIGNMENT((#12141));
#12143=STYLED_ITEM('',(#12142),#12140);
#12144=DIRECTION('',(0.E0,0.E0,-1.E0));
#12145=VECTOR('',#12144,2.E-3);
#12146=CARTESIAN_POINT('',(1.35E0,0.E0,-1.499E0));
#12147=LINE('',#12146,#12145);
#12148=CURVE_STYLE('',#32,POSITIVE_LENGTH_MEASURE(2.E-2),#3);
#12149=PRESENTATION_STYLE_ASSIGNMENT((#12148));
#12150=STYLED_ITEM('',(#12149),#12147);
#12151=CARTESIAN_POINT('',(1.469E0,0.E0,-1.501E0));
#12152=DIRECTION('',(0.E0,-1.E0,0.E0));
#12153=DIRECTION('',(-1.E0,0.E0,0.E0));
#12154=AXIS2_PLACEMENT_3D('',#12151,#12152,#12153);
#12156=CURVE_STYLE('',#32,POSITIVE_LENGTH_MEASURE(2.E-2),#3);
#12157=PRESENTATION_STYLE_ASSIGNMENT((#12156));
#12158=STYLED_ITEM('',(#12157),#12155);
#12159=DIRECTION('',(-1.E0,0.E0,0.E0));
#12160=VECTOR('',#12159,2.81E-1);
#12161=CARTESIAN_POINT('',(1.75E0,0.E0,-1.62E0));
#12162=LINE('',#12161,#12160);
#12163=CURVE_STYLE('',#32,POSITIVE_LENGTH_MEASURE(2.E-2),#3);
#12164=PRESENTATION_STYLE_ASSIGNMENT((#12163));
#12165=STYLED_ITEM('',(#12164),#12162);
#12166=DIRECTION('',(0.E0,0.E0,-1.E0));
#12167=VECTOR('',#12166,2.6E-1);
#12168=CARTESIAN_POINT('',(1.75E0,0.E0,-1.62E0));
#12169=LINE('',#12168,#12167);
#12170=CURVE_STYLE('',#32,POSITIVE_LENGTH_MEASURE(2.E-2),#3);
#12171=PRESENTATION_STYLE_ASSIGNMENT((#12170));
#12172=STYLED_ITEM('',(#12171),#12169);
#12173=DIRECTION('',(-1.E0,0.E0,0.E0));
#12174=VECTOR('',#12173,2.81E-1);
#12175=CARTESIAN_POINT('',(1.75E0,0.E0,-1.88E0));
#12176=LINE('',#12175,#12174);
#12177=CURVE_STYLE('',#32,POSITIVE_LENGTH_MEASURE(2.E-2),#3);
#12178=PRESENTATION_STYLE_ASSIGNMENT((#12177));
#12179=STYLED_ITEM('',(#12178),#12176);
#12180=CARTESIAN_POINT('',(1.469E0,0.E0,-1.999E0));
#12181=DIRECTION('',(0.E0,-1.E0,0.E0));
#12182=DIRECTION('',(0.E0,0.E0,1.E0));
#12183=AXIS2_PLACEMENT_3D('',#12180,#12181,#12182);
#12185=CURVE_STYLE('',#32,POSITIVE_LENGTH_MEASURE(2.E-2),#3);
#12186=PRESENTATION_STYLE_ASSIGNMENT((#12185));
#12187=STYLED_ITEM('',(#12186),#12184);
#12188=DIRECTION('',(0.E0,0.E0,-1.E0));
#12189=VECTOR('',#12188,2.E-3);
#12190=CARTESIAN_POINT('',(1.35E0,0.E0,-1.999E0));
#12191=LINE('',#12190,#12189);
#12192=CURVE_STYLE('',#32,POSITIVE_LENGTH_MEASURE(2.E-2),#3);
#12193=PRESENTATION_STYLE_ASSIGNMENT((#12192));
#12194=STYLED_ITEM('',(#12193),#12191);
#12195=CARTESIAN_POINT('',(1.469E0,0.E0,-2.001E0));
#12196=DIRECTION('',(0.E0,-1.E0,0.E0));
#12197=DIRECTION('',(-1.E0,0.E0,0.E0));
#12198=AXIS2_PLACEMENT_3D('',#12195,#12196,#12197);
#12200=CURVE_STYLE('',#32,POSITIVE_LENGTH_MEASURE(2.E-2),#3);
#12201=PRESENTATION_STYLE_ASSIGNMENT((#12200));
#12202=STYLED_ITEM('',(#12201),#12199);
#12203=DIRECTION('',(-1.E0,0.E0,0.E0));
#12204=VECTOR('',#12203,2.81E-1);
#12205=CARTESIAN_POINT('',(1.75E0,0.E0,-2.12E0));
#12206=LINE('',#12205,#12204);
#12207=CURVE_STYLE('',#32,POSITIVE_LENGTH_MEASURE(2.E-2),#3);
#12208=PRESENTATION_STYLE_ASSIGNMENT((#12207));
#12209=STYLED_ITEM('',(#12208),#12206);
#12210=DIRECTION('',(0.E0,0.E0,-1.E0));
#12211=VECTOR('',#12210,2.6E-1);
#12212=CARTESIAN_POINT('',(1.75E0,0.E0,-2.12E0));
#12213=LINE('',#12212,#12211);
#12214=CURVE_STYLE('',#32,POSITIVE_LENGTH_MEASURE(2.E-2),#3);
#12215=PRESENTATION_STYLE_ASSIGNMENT((#12214));
#12216=STYLED_ITEM('',(#12215),#12213);
#12217=DIRECTION('',(-1.E0,0.E0,0.E0));
#12218=VECTOR('',#12217,2.81E-1);
#12219=CARTESIAN_POINT('',(1.75E0,0.E0,-2.38E0));
#12220=LINE('',#12219,#12218);
#12221=CURVE_STYLE('',#32,POSITIVE_LENGTH_MEASURE(2.E-2),#3);
#12222=PRESENTATION_STYLE_ASSIGNMENT((#12221));
#12223=STYLED_ITEM('',(#12222),#12220);
#12224=CARTESIAN_POINT('',(1.469E0,0.E0,-2.499E0));
#12225=DIRECTION('',(0.E0,-1.E0,0.E0));
#12226=DIRECTION('',(0.E0,0.E0,1.E0));
#12227=AXIS2_PLACEMENT_3D('',#12224,#12225,#12226);
#12229=CURVE_STYLE('',#32,POSITIVE_LENGTH_MEASURE(2.E-2),#3);
#12230=PRESENTATION_STYLE_ASSIGNMENT((#12229));
#12231=STYLED_ITEM('',(#12230),#12228);
#12232=DIRECTION('',(0.E0,0.E0,-1.E0));
#12233=VECTOR('',#12232,2.000000000001E-3);
#12234=CARTESIAN_POINT('',(1.35E0,0.E0,-2.499E0));
#12235=LINE('',#12234,#12233);
#12236=CURVE_STYLE('',#32,POSITIVE_LENGTH_MEASURE(2.E-2),#3);
#12237=PRESENTATION_STYLE_ASSIGNMENT((#12236));
#12238=STYLED_ITEM('',(#12237),#12235);
#12239=CARTESIAN_POINT('',(1.469E0,0.E0,-2.501E0));
#12240=DIRECTION('',(0.E0,-1.E0,0.E0));
#12241=DIRECTION('',(-1.E0,0.E0,0.E0));
#12242=AXIS2_PLACEMENT_3D('',#12239,#12240,#12241);
#12244=CURVE_STYLE('',#32,POSITIVE_LENGTH_MEASURE(2.E-2),#3);
#12245=PRESENTATION_STYLE_ASSIGNMENT((#12244));
#12246=STYLED_ITEM('',(#12245),#12243);
#12247=DIRECTION('',(-1.E0,0.E0,0.E0));
#12248=VECTOR('',#12247,2.81E-1);
#12249=CARTESIAN_POINT('',(1.75E0,0.E0,-2.62E0));
#12250=LINE('',#12249,#12248);
#12251=CURVE_STYLE('',#32,POSITIVE_LENGTH_MEASURE(2.E-2),#3);
#12252=PRESENTATION_STYLE_ASSIGNMENT((#12251));
#12253=STYLED_ITEM('',(#12252),#12250);
#12254=DIRECTION('',(0.E0,0.E0,-1.E0));
#12255=VECTOR('',#12254,2.6E-1);
#12256=CARTESIAN_POINT('',(1.75E0,0.E0,-2.62E0));
#12257=LINE('',#12256,#12255);
#12258=CURVE_STYLE('',#32,POSITIVE_LENGTH_MEASURE(2.E-2),#3);
#12259=PRESENTATION_STYLE_ASSIGNMENT((#12258));
#12260=STYLED_ITEM('',(#12259),#12257);
#12261=DIRECTION('',(-1.E0,0.E0,0.E0));
#12262=VECTOR('',#12261,2.81E-1);
#12263=CARTESIAN_POINT('',(1.75E0,0.E0,-2.88E0));
#12264=LINE('',#12263,#12262);
#12265=CURVE_STYLE('',#32,POSITIVE_LENGTH_MEASURE(2.E-2),#3);
#12266=PRESENTATION_STYLE_ASSIGNMENT((#12265));
#12267=STYLED_ITEM('',(#12266),#12264);
#12268=CARTESIAN_POINT('',(1.469E0,0.E0,-2.999E0));
#12269=DIRECTION('',(0.E0,-1.E0,0.E0));
#12270=DIRECTION('',(0.E0,0.E0,1.E0));
#12271=AXIS2_PLACEMENT_3D('',#12268,#12269,#12270);
#12273=CURVE_STYLE('',#32,POSITIVE_LENGTH_MEASURE(2.E-2),#3);
#12274=PRESENTATION_STYLE_ASSIGNMENT((#12273));
#12275=STYLED_ITEM('',(#12274),#12272);
#12276=DIRECTION('',(0.E0,0.E0,-1.E0));
#12277=VECTOR('',#12276,2.000000000001E-3);
#12278=CARTESIAN_POINT('',(1.35E0,0.E0,-2.999E0));
#12279=LINE('',#12278,#12277);
#12280=CURVE_STYLE('',#32,POSITIVE_LENGTH_MEASURE(2.E-2),#3);
#12281=PRESENTATION_STYLE_ASSIGNMENT((#12280));
#12282=STYLED_ITEM('',(#12281),#12279);
#12283=CARTESIAN_POINT('',(1.469E0,0.E0,-3.001E0));
#12284=DIRECTION('',(0.E0,-1.E0,0.E0));
#12285=DIRECTION('',(-1.E0,0.E0,0.E0));
#12286=AXIS2_PLACEMENT_3D('',#12283,#12284,#12285);
#12288=CURVE_STYLE('',#32,POSITIVE_LENGTH_MEASURE(2.E-2),#3);
#12289=PRESENTATION_STYLE_ASSIGNMENT((#12288));
#12290=STYLED_ITEM('',(#12289),#12287);
#12291=DIRECTION('',(-1.E0,0.E0,0.E0));
#12292=VECTOR('',#12291,2.81E-1);
#12293=CARTESIAN_POINT('',(1.75E0,0.E0,-3.12E0));
#12294=LINE('',#12293,#12292);
#12295=CURVE_STYLE('',#32,POSITIVE_LENGTH_MEASURE(2.E-2),#3);
#12296=PRESENTATION_STYLE_ASSIGNMENT((#12295));
#12297=STYLED_ITEM('',(#12296),#12294);
#12298=DIRECTION('',(0.E0,0.E0,-1.E0));
#12299=VECTOR('',#12298,3.8E-1);
#12300=CARTESIAN_POINT('',(1.75E0,0.E0,-3.12E0));
#12301=LINE('',#12300,#12299);
#12302=CURVE_STYLE('',#32,POSITIVE_LENGTH_MEASURE(2.E-2),#3);
#12303=PRESENTATION_STYLE_ASSIGNMENT((#12302));
#12304=STYLED_ITEM('',(#12303),#12301);
#12305=DIRECTION('',(-1.E0,0.E0,0.E0));
#12306=VECTOR('',#12305,6.3E-1);
#12307=CARTESIAN_POINT('',(1.75E0,0.E0,-3.5E0));
#12308=LINE('',#12307,#12306);
#12309=CURVE_STYLE('',#32,POSITIVE_LENGTH_MEASURE(2.E-2),#3);
#12310=PRESENTATION_STYLE_ASSIGNMENT((#12309));
#12311=STYLED_ITEM('',(#12310),#12308);
#12312=DIRECTION('',(0.E0,0.E0,1.E0));
#12313=VECTOR('',#12312,2.81E-1);
#12314=CARTESIAN_POINT('',(1.12E0,0.E0,-3.5E0));
#12315=LINE('',#12314,#12313);
#12316=CURVE_STYLE('',#32,POSITIVE_LENGTH_MEASURE(2.E-2),#3);
#12317=PRESENTATION_STYLE_ASSIGNMENT((#12316));
#12318=STYLED_ITEM('',(#12317),#12315);
#12319=CARTESIAN_POINT('',(1.001E0,0.E0,-3.219E0));
#12320=DIRECTION('',(0.E0,1.E0,0.E0));
#12321=DIRECTION('',(-4.291618414517E-14,0.E0,1.E0));
#12322=AXIS2_PLACEMENT_3D('',#12319,#12320,#12321);
#12324=CURVE_STYLE('',#32,POSITIVE_LENGTH_MEASURE(2.E-2),#3);
#12325=PRESENTATION_STYLE_ASSIGNMENT((#12324));
#12326=STYLED_ITEM('',(#12325),#12323);
#12327=DIRECTION('',(1.E0,0.E0,0.E0));
#12328=VECTOR('',#12327,1.999999999997E-3);
#12329=CARTESIAN_POINT('',(9.99E-1,0.E0,-3.1E0));
#12330=LINE('',#12329,#12328);
#12331=CURVE_STYLE('',#32,POSITIVE_LENGTH_MEASURE(2.E-2),#3);
#12332=PRESENTATION_STYLE_ASSIGNMENT((#12331));
#12333=STYLED_ITEM('',(#12332),#12330);
#12334=CARTESIAN_POINT('',(9.99E-1,0.E0,-3.219E0));
#12335=DIRECTION('',(0.E0,1.E0,0.E0));
#12336=DIRECTION('',(-1.E0,0.E0,0.E0));
#12337=AXIS2_PLACEMENT_3D('',#12334,#12335,#12336);
#12339=CURVE_STYLE('',#32,POSITIVE_LENGTH_MEASURE(2.E-2),#3);
#12340=PRESENTATION_STYLE_ASSIGNMENT((#12339));
#12341=STYLED_ITEM('',(#12340),#12338);
#12342=DIRECTION('',(0.E0,0.E0,1.E0));
#12343=VECTOR('',#12342,2.81E-1);
#12344=CARTESIAN_POINT('',(8.8E-1,0.E0,-3.5E0));
#12345=LINE('',#12344,#12343);
#12346=CURVE_STYLE('',#32,POSITIVE_LENGTH_MEASURE(2.E-2),#3);
#12347=PRESENTATION_STYLE_ASSIGNMENT((#12346));
#12348=STYLED_ITEM('',(#12347),#12345);
#12349=DIRECTION('',(-1.E0,0.E0,0.E0));
#12350=VECTOR('',#12349,2.6E-1);
#12351=CARTESIAN_POINT('',(8.8E-1,0.E0,-3.5E0));
#12352=LINE('',#12351,#12350);
#12353=CURVE_STYLE('',#32,POSITIVE_LENGTH_MEASURE(2.E-2),#3);
#12354=PRESENTATION_STYLE_ASSIGNMENT((#12353));
#12355=STYLED_ITEM('',(#12354),#12352);
#12356=DIRECTION('',(0.E0,0.E0,1.E0));
#12357=VECTOR('',#12356,2.81E-1);
#12358=CARTESIAN_POINT('',(6.2E-1,0.E0,-3.5E0));
#12359=LINE('',#12358,#12357);
#12360=CURVE_STYLE('',#32,POSITIVE_LENGTH_MEASURE(2.E-2),#3);
#12361=PRESENTATION_STYLE_ASSIGNMENT((#12360));
#12362=STYLED_ITEM('',(#12361),#12359);
#12363=CARTESIAN_POINT('',(5.01E-1,0.E0,-3.219E0));
#12364=DIRECTION('',(0.E0,1.E0,0.E0));
#12365=DIRECTION('',(-4.291618414517E-14,0.E0,1.E0));
#12366=AXIS2_PLACEMENT_3D('',#12363,#12364,#12365);
#12368=CURVE_STYLE('',#32,POSITIVE_LENGTH_MEASURE(2.E-2),#3);
#12369=PRESENTATION_STYLE_ASSIGNMENT((#12368));
#12370=STYLED_ITEM('',(#12369),#12367);
#12371=DIRECTION('',(1.E0,0.E0,0.E0));
#12372=VECTOR('',#12371,1.999999999997E-3);
#12373=CARTESIAN_POINT('',(4.99E-1,0.E0,-3.1E0));
#12374=LINE('',#12373,#12372);
#12375=CURVE_STYLE('',#32,POSITIVE_LENGTH_MEASURE(2.E-2),#3);
#12376=PRESENTATION_STYLE_ASSIGNMENT((#12375));
#12377=STYLED_ITEM('',(#12376),#12374);
#12378=CARTESIAN_POINT('',(4.99E-1,0.E0,-3.219E0));
#12379=DIRECTION('',(0.E0,1.E0,0.E0));
#12380=DIRECTION('',(-1.E0,0.E0,0.E0));
#12381=AXIS2_PLACEMENT_3D('',#12378,#12379,#12380);
#12383=CURVE_STYLE('',#32,POSITIVE_LENGTH_MEASURE(2.E-2),#3);
#12384=PRESENTATION_STYLE_ASSIGNMENT((#12383));
#12385=STYLED_ITEM('',(#12384),#12382);
#12386=DIRECTION('',(0.E0,0.E0,1.E0));
#12387=VECTOR('',#12386,2.81E-1);
#12388=CARTESIAN_POINT('',(3.8E-1,0.E0,-3.5E0));
#12389=LINE('',#12388,#12387);
#12390=CURVE_STYLE('',#32,POSITIVE_LENGTH_MEASURE(2.E-2),#3);
#12391=PRESENTATION_STYLE_ASSIGNMENT((#12390));
#12392=STYLED_ITEM('',(#12391),#12389);
#12393=DIRECTION('',(-1.E0,0.E0,0.E0));
#12394=VECTOR('',#12393,2.6E-1);
#12395=CARTESIAN_POINT('',(3.8E-1,0.E0,-3.5E0));
#12396=LINE('',#12395,#12394);
#12397=CURVE_STYLE('',#32,POSITIVE_LENGTH_MEASURE(2.E-2),#3);
#12398=PRESENTATION_STYLE_ASSIGNMENT((#12397));
#12399=STYLED_ITEM('',(#12398),#12396);
#12400=DIRECTION('',(0.E0,0.E0,1.E0));
#12401=VECTOR('',#12400,2.81E-1);
#12402=CARTESIAN_POINT('',(1.2E-1,0.E0,-3.5E0));
#12403=LINE('',#12402,#12401);
#12404=CURVE_STYLE('',#32,POSITIVE_LENGTH_MEASURE(2.E-2),#3);
#12405=PRESENTATION_STYLE_ASSIGNMENT((#12404));
#12406=STYLED_ITEM('',(#12405),#12403);
#12407=CARTESIAN_POINT('',(1.E-3,0.E0,-3.219E0));
#12408=DIRECTION('',(0.E0,1.E0,0.E0));
#12409=DIRECTION('',(-4.283965222712E-14,0.E0,1.E0));
#12410=AXIS2_PLACEMENT_3D('',#12407,#12408,#12409);
#12412=CURVE_STYLE('',#32,POSITIVE_LENGTH_MEASURE(2.E-2),#3);
#12413=PRESENTATION_STYLE_ASSIGNMENT((#12412));
#12414=STYLED_ITEM('',(#12413),#12411);
#12415=DIRECTION('',(1.E0,0.E0,0.E0));
#12416=VECTOR('',#12415,1.999999999997E-3);
#12417=CARTESIAN_POINT('',(-9.999999999983E-4,0.E0,-3.1E0));
#12418=LINE('',#12417,#12416);
#12419=CURVE_STYLE('',#32,POSITIVE_LENGTH_MEASURE(2.E-2),#3);
#12420=PRESENTATION_STYLE_ASSIGNMENT((#12419));
#12421=STYLED_ITEM('',(#12420),#12418);
#12422=CARTESIAN_POINT('',(-1.E-3,0.E0,-3.219E0));
#12423=DIRECTION('',(0.E0,1.E0,0.E0));
#12424=DIRECTION('',(-1.E0,0.E0,0.E0));
#12425=AXIS2_PLACEMENT_3D('',#12422,#12423,#12424);
#12427=CURVE_STYLE('',#32,POSITIVE_LENGTH_MEASURE(2.E-2),#3);
#12428=PRESENTATION_STYLE_ASSIGNMENT((#12427));
#12429=STYLED_ITEM('',(#12428),#12426);
#12430=DIRECTION('',(0.E0,0.E0,1.E0));
#12431=VECTOR('',#12430,2.81E-1);
#12432=CARTESIAN_POINT('',(-1.2E-1,0.E0,-3.5E0));
#12433=LINE('',#12432,#12431);
#12434=CURVE_STYLE('',#32,POSITIVE_LENGTH_MEASURE(2.E-2),#3);
#12435=PRESENTATION_STYLE_ASSIGNMENT((#12434));
#12436=STYLED_ITEM('',(#12435),#12433);
#12437=DIRECTION('',(-1.E0,0.E0,0.E0));
#12438=VECTOR('',#12437,2.6E-1);
#12439=CARTESIAN_POINT('',(-1.2E-1,0.E0,-3.5E0));
#12440=LINE('',#12439,#12438);
#12441=CURVE_STYLE('',#32,POSITIVE_LENGTH_MEASURE(2.E-2),#3);
#12442=PRESENTATION_STYLE_ASSIGNMENT((#12441));
#12443=STYLED_ITEM('',(#12442),#12440);
#12444=DIRECTION('',(0.E0,0.E0,1.E0));
#12445=VECTOR('',#12444,2.81E-1);
#12446=CARTESIAN_POINT('',(-3.8E-1,0.E0,-3.5E0));
#12447=LINE('',#12446,#12445);
#12448=CURVE_STYLE('',#32,POSITIVE_LENGTH_MEASURE(2.E-2),#3);
#12449=PRESENTATION_STYLE_ASSIGNMENT((#12448));
#12450=STYLED_ITEM('',(#12449),#12447);
#12451=CARTESIAN_POINT('',(-4.99E-1,0.E0,-3.219E0));
#12452=DIRECTION('',(0.E0,1.E0,0.E0));
#12453=DIRECTION('',(-4.244970388273E-14,0.E0,1.E0));
#12454=AXIS2_PLACEMENT_3D('',#12451,#12452,#12453);
#12456=CURVE_STYLE('',#32,POSITIVE_LENGTH_MEASURE(2.E-2),#3);
#12457=PRESENTATION_STYLE_ASSIGNMENT((#12456));
#12458=STYLED_ITEM('',(#12457),#12455);
#12459=DIRECTION('',(1.E0,0.E0,0.E0));
#12460=VECTOR('',#12459,1.999999999997E-3);
#12461=CARTESIAN_POINT('',(-5.01E-1,0.E0,-3.1E0));
#12462=LINE('',#12461,#12460);
#12463=CURVE_STYLE('',#32,POSITIVE_LENGTH_MEASURE(2.E-2),#3);
#12464=PRESENTATION_STYLE_ASSIGNMENT((#12463));
#12465=STYLED_ITEM('',(#12464),#12462);
#12466=CARTESIAN_POINT('',(-5.01E-1,0.E0,-3.219E0));
#12467=DIRECTION('',(0.E0,1.E0,0.E0));
#12468=DIRECTION('',(-1.E0,0.E0,0.E0));
#12469=AXIS2_PLACEMENT_3D('',#12466,#12467,#12468);
#12471=CURVE_STYLE('',#32,POSITIVE_LENGTH_MEASURE(2.E-2),#3);
#12472=PRESENTATION_STYLE_ASSIGNMENT((#12471));
#12473=STYLED_ITEM('',(#12472),#12470);
#12474=DIRECTION('',(0.E0,0.E0,1.E0));
#12475=VECTOR('',#12474,2.81E-1);
#12476=CARTESIAN_POINT('',(-6.2E-1,0.E0,-3.5E0));
#12477=LINE('',#12476,#12475);
#12478=CURVE_STYLE('',#32,POSITIVE_LENGTH_MEASURE(2.E-2),#3);
#12479=PRESENTATION_STYLE_ASSIGNMENT((#12478));
#12480=STYLED_ITEM('',(#12479),#12477);
#12481=DIRECTION('',(-1.E0,0.E0,0.E0));
#12482=VECTOR('',#12481,2.6E-1);
#12483=CARTESIAN_POINT('',(-6.2E-1,0.E0,-3.5E0));
#12484=LINE('',#12483,#12482);
#12485=CURVE_STYLE('',#32,POSITIVE_LENGTH_MEASURE(2.E-2),#3);
#12486=PRESENTATION_STYLE_ASSIGNMENT((#12485));
#12487=STYLED_ITEM('',(#12486),#12484);
#12488=DIRECTION('',(0.E0,0.E0,1.E0));
#12489=VECTOR('',#12488,2.81E-1);
#12490=CARTESIAN_POINT('',(-8.8E-1,0.E0,-3.5E0));
#12491=LINE('',#12490,#12489);
#12492=CURVE_STYLE('',#32,POSITIVE_LENGTH_MEASURE(2.E-2),#3);
#12493=PRESENTATION_STYLE_ASSIGNMENT((#12492));
#12494=STYLED_ITEM('',(#12493),#12491);
#12495=CARTESIAN_POINT('',(-9.99E-1,0.E0,-3.219E0));
#12496=DIRECTION('',(0.E0,1.E0,0.E0));
#12497=DIRECTION('',(-4.291618414517E-14,0.E0,1.E0));
#12498=AXIS2_PLACEMENT_3D('',#12495,#12496,#12497);
#12500=CURVE_STYLE('',#32,POSITIVE_LENGTH_MEASURE(2.E-2),#3);
#12501=PRESENTATION_STYLE_ASSIGNMENT((#12500));
#12502=STYLED_ITEM('',(#12501),#12499);
#12503=DIRECTION('',(1.E0,0.E0,0.E0));
#12504=VECTOR('',#12503,1.999999999997E-3);
#12505=CARTESIAN_POINT('',(-1.001E0,0.E0,-3.1E0));
#12506=LINE('',#12505,#12504);
#12507=CURVE_STYLE('',#32,POSITIVE_LENGTH_MEASURE(2.E-2),#3);
#12508=PRESENTATION_STYLE_ASSIGNMENT((#12507));
#12509=STYLED_ITEM('',(#12508),#12506);
#12510=CARTESIAN_POINT('',(-1.001E0,0.E0,-3.219E0));
#12511=DIRECTION('',(0.E0,1.E0,0.E0));
#12512=DIRECTION('',(-1.E0,0.E0,0.E0));
#12513=AXIS2_PLACEMENT_3D('',#12510,#12511,#12512);
#12515=CURVE_STYLE('',#32,POSITIVE_LENGTH_MEASURE(2.E-2),#3);
#12516=PRESENTATION_STYLE_ASSIGNMENT((#12515));
#12517=STYLED_ITEM('',(#12516),#12514);
#12518=DIRECTION('',(0.E0,0.E0,1.E0));
#12519=VECTOR('',#12518,2.81E-1);
#12520=CARTESIAN_POINT('',(-1.12E0,0.E0,-3.5E0));
#12521=LINE('',#12520,#12519);
#12522=CURVE_STYLE('',#32,POSITIVE_LENGTH_MEASURE(2.E-2),#3);
#12523=PRESENTATION_STYLE_ASSIGNMENT((#12522));
#12524=STYLED_ITEM('',(#12523),#12521);
#12525=DIRECTION('',(-1.E0,0.E0,0.E0));
#12526=VECTOR('',#12525,6.3E-1);
#12527=CARTESIAN_POINT('',(-1.12E0,0.E0,-3.5E0));
#12528=LINE('',#12527,#12526);
#12529=CURVE_STYLE('',#32,POSITIVE_LENGTH_MEASURE(2.E-2),#3);
#12530=PRESENTATION_STYLE_ASSIGNMENT((#12529));
#12531=STYLED_ITEM('',(#12530),#12528);
#12532=DIRECTION('',(0.E0,0.E0,1.E0));
#12533=VECTOR('',#12532,3.8E-1);
#12534=CARTESIAN_POINT('',(-1.75E0,0.E0,-3.5E0));
#12535=LINE('',#12534,#12533);
#12536=CURVE_STYLE('',#32,POSITIVE_LENGTH_MEASURE(2.E-2),#3);
#12537=PRESENTATION_STYLE_ASSIGNMENT((#12536));
#12538=STYLED_ITEM('',(#12537),#12535);
#12539=DIRECTION('',(1.E0,0.E0,0.E0));
#12540=VECTOR('',#12539,2.81E-1);
#12541=CARTESIAN_POINT('',(-1.75E0,0.E0,-3.12E0));
#12542=LINE('',#12541,#12540);
#12543=CURVE_STYLE('',#32,POSITIVE_LENGTH_MEASURE(2.E-2),#3);
#12544=PRESENTATION_STYLE_ASSIGNMENT((#12543));
#12545=STYLED_ITEM('',(#12544),#12542);
#12546=CARTESIAN_POINT('',(-1.469E0,0.E0,-3.001E0));
#12547=DIRECTION('',(0.E0,1.E0,0.E0));
#12548=DIRECTION('',(1.E0,0.E0,0.E0));
#12549=AXIS2_PLACEMENT_3D('',#12546,#12547,#12548);
#12551=CURVE_STYLE('',#32,POSITIVE_LENGTH_MEASURE(2.E-2),#3);
#12552=PRESENTATION_STYLE_ASSIGNMENT((#12551));
#12553=STYLED_ITEM('',(#12552),#12550);
#12554=DIRECTION('',(0.E0,0.E0,-1.E0));
#12555=VECTOR('',#12554,2.000000000001E-3);
#12556=CARTESIAN_POINT('',(-1.35E0,0.E0,-2.999E0));
#12557=LINE('',#12556,#12555);
#12558=CURVE_STYLE('',#32,POSITIVE_LENGTH_MEASURE(2.E-2),#3);
#12559=PRESENTATION_STYLE_ASSIGNMENT((#12558));
#12560=STYLED_ITEM('',(#12559),#12557);
#12561=CARTESIAN_POINT('',(-1.469E0,0.E0,-2.999E0));
#12562=DIRECTION('',(0.E0,1.E0,0.E0));
#12563=DIRECTION('',(0.E0,0.E0,1.E0));
#12564=AXIS2_PLACEMENT_3D('',#12561,#12562,#12563);
#12566=CURVE_STYLE('',#32,POSITIVE_LENGTH_MEASURE(2.E-2),#3);
#12567=PRESENTATION_STYLE_ASSIGNMENT((#12566));
#12568=STYLED_ITEM('',(#12567),#12565);
#12569=DIRECTION('',(0.E0,0.E0,1.E0));
#12570=VECTOR('',#12569,1.214E0);
#12571=CARTESIAN_POINT('',(-1.125E0,0.E0,-2.575E0));
#12572=LINE('',#12571,#12570);
#12573=CURVE_STYLE('',#32,POSITIVE_LENGTH_MEASURE(2.E-2),#3);
#12574=PRESENTATION_STYLE_ASSIGNMENT((#12573));
#12575=STYLED_ITEM('',(#12574),#12572);
#12576=DIRECTION('',(7.071067811865E-1,0.E0,-7.071067811865E-1));
#12577=VECTOR('',#12576,4.242640687119E-1);
#12578=CARTESIAN_POINT('',(-1.125E0,0.E0,-2.575E0));
#12579=LINE('',#12578,#12577);
#12580=CURVE_STYLE('',#32,POSITIVE_LENGTH_MEASURE(2.E-2),#3);
#12581=PRESENTATION_STYLE_ASSIGNMENT((#12580));
#12582=STYLED_ITEM('',(#12581),#12579);
#12583=DIRECTION('',(-1.E0,0.E0,0.E0));
#12584=VECTOR('',#12583,1.95E0);
#12585=CARTESIAN_POINT('',(1.125E0,0.E0,-2.875E0));
#12586=LINE('',#12585,#12584);
#12587=CURVE_STYLE('',#32,POSITIVE_LENGTH_MEASURE(2.E-2),#3);
#12588=PRESENTATION_STYLE_ASSIGNMENT((#12587));
#12589=STYLED_ITEM('',(#12588),#12586);
#12590=DIRECTION('',(0.E0,0.E0,-1.E0));
#12591=VECTOR('',#12590,1.514E0);
#12592=CARTESIAN_POINT('',(1.125E0,0.E0,-1.361E0));
#12593=LINE('',#12592,#12591);
#12594=CURVE_STYLE('',#32,POSITIVE_LENGTH_MEASURE(2.E-2),#3);
#12595=PRESENTATION_STYLE_ASSIGNMENT((#12594));
#12596=STYLED_ITEM('',(#12595),#12593);
#12597=DIRECTION('',(-1.E0,0.E0,0.E0));
#12598=VECTOR('',#12597,2.25E0);
#12599=CARTESIAN_POINT('',(1.125E0,0.E0,-1.361E0));
#12600=LINE('',#12599,#12598);
#12601=CURVE_STYLE('',#32,POSITIVE_LENGTH_MEASURE(2.E-2),#3);
#12602=PRESENTATION_STYLE_ASSIGNMENT((#12601));
#12603=STYLED_ITEM('',(#12602),#12600);
#12604=DIRECTION('',(1.E0,0.E0,0.E0));
#12605=VECTOR('',#12604,2.25E0);
#12606=CARTESIAN_POINT('',(-1.125E0,0.E0,2.875E0));
#12607=LINE('',#12606,#12605);
#12608=CURVE_STYLE('',#32,POSITIVE_LENGTH_MEASURE(2.E-2),#3);
#12609=PRESENTATION_STYLE_ASSIGNMENT((#12608));
#12610=STYLED_ITEM('',(#12609),#12607);
#12611=DIRECTION('',(0.E0,0.E0,1.E0));
#12612=VECTOR('',#12611,3.836E0);
#12613=CARTESIAN_POINT('',(-1.125E0,0.E0,-9.61E-1));
#12614=LINE('',#12613,#12612);
#12615=CURVE_STYLE('',#32,POSITIVE_LENGTH_MEASURE(2.E-2),#3);
#12616=PRESENTATION_STYLE_ASSIGNMENT((#12615));
#12617=STYLED_ITEM('',(#12616),#12614);
#12618=DIRECTION('',(1.E0,0.E0,0.E0));
#12619=VECTOR('',#12618,2.25E0);
#12620=CARTESIAN_POINT('',(-1.125E0,0.E0,-9.61E-1));
#12621=LINE('',#12620,#12619);
#12622=CURVE_STYLE('',#32,POSITIVE_LENGTH_MEASURE(2.E-2),#3);
#12623=PRESENTATION_STYLE_ASSIGNMENT((#12622));
#12624=STYLED_ITEM('',(#12623),#12621);
#12625=DIRECTION('',(0.E0,0.E0,-1.E0));
#12626=VECTOR('',#12625,3.836E0);
#12627=CARTESIAN_POINT('',(1.125E0,0.E0,2.875E0));
#12628=LINE('',#12627,#12626);
#12629=CURVE_STYLE('',#32,POSITIVE_LENGTH_MEASURE(2.E-2),#3);
#12630=PRESENTATION_STYLE_ASSIGNMENT((#12629));
#12631=STYLED_ITEM('',(#12630),#12628);
#12632=DIRECTION('',(0.E0,1.E0,0.E0));
#12633=VECTOR('',#12632,1.75E-1);
#12634=CARTESIAN_POINT('',(-1.469E0,0.E0,-2.88E0));
#12635=LINE('',#12634,#12633);
#12636=CURVE_STYLE('',#32,POSITIVE_LENGTH_MEASURE(2.E-2),#3);
#12637=PRESENTATION_STYLE_ASSIGNMENT((#12636));
#12638=STYLED_ITEM('',(#12637),#12635);
#12639=DIRECTION('',(0.E0,1.E0,0.E0));
#12640=VECTOR('',#12639,1.75E-1);
#12641=CARTESIAN_POINT('',(-1.35E0,0.E0,-2.999E0));
#12642=LINE('',#12641,#12640);
#12643=CURVE_STYLE('',#32,POSITIVE_LENGTH_MEASURE(2.E-2),#3);
#12644=PRESENTATION_STYLE_ASSIGNMENT((#12643));
#12645=STYLED_ITEM('',(#12644),#12642);
#12646=DIRECTION('',(0.E0,1.E0,0.E0));
#12647=VECTOR('',#12646,1.75E-1);
#12648=CARTESIAN_POINT('',(-1.35E0,0.E0,-3.001E0));
#12649=LINE('',#12648,#12647);
#12650=CURVE_STYLE('',#32,POSITIVE_LENGTH_MEASURE(2.E-2),#3);
#12651=PRESENTATION_STYLE_ASSIGNMENT((#12650));
#12652=STYLED_ITEM('',(#12651),#12649);
#12653=DIRECTION('',(0.E0,1.E0,0.E0));
#12654=VECTOR('',#12653,1.75E-1);
#12655=CARTESIAN_POINT('',(-1.469E0,0.E0,-3.12E0));
#12656=LINE('',#12655,#12654);
#12657=CURVE_STYLE('',#32,POSITIVE_LENGTH_MEASURE(2.E-2),#3);
#12658=PRESENTATION_STYLE_ASSIGNMENT((#12657));
#12659=STYLED_ITEM('',(#12658),#12656);
#12660=DIRECTION('',(0.E0,0.E0,-1.E0));
#12661=VECTOR('',#12660,2.4E-1);
#12662=CARTESIAN_POINT('',(-1.75E0,1.75E-1,-2.88E0));
#12663=LINE('',#12662,#12661);
#12664=CURVE_STYLE('',#32,POSITIVE_LENGTH_MEASURE(2.E-2),#3);
#12665=PRESENTATION_STYLE_ASSIGNMENT((#12664));
#12666=STYLED_ITEM('',(#12665),#12663);
#12667=DIRECTION('',(0.E0,1.E0,0.E0));
#12668=VECTOR('',#12667,1.75E-1);
#12669=CARTESIAN_POINT('',(-1.75E0,0.E0,-3.12E0));
#12670=LINE('',#12669,#12668);
#12671=CURVE_STYLE('',#32,POSITIVE_LENGTH_MEASURE(2.E-2),#3);
#12672=PRESENTATION_STYLE_ASSIGNMENT((#12671));
#12673=STYLED_ITEM('',(#12672),#12670);
#12674=DIRECTION('',(0.E0,1.E0,0.E0));
#12675=VECTOR('',#12674,9.75E-1);
#12676=CARTESIAN_POINT('',(-1.75E0,0.E0,-3.5E0));
#12677=LINE('',#12676,#12675);
#12678=CURVE_STYLE('',#32,POSITIVE_LENGTH_MEASURE(2.E-2),#3);
#12679=PRESENTATION_STYLE_ASSIGNMENT((#12678));
#12680=STYLED_ITEM('',(#12679),#12677);
#12681=DIRECTION('',(0.E0,1.E0,0.E0));
#12682=VECTOR('',#12681,1.75E-1);
#12683=CARTESIAN_POINT('',(-1.75E0,0.E0,3.12E0));
#12684=LINE('',#12683,#12682);
#12685=CURVE_STYLE('',#32,POSITIVE_LENGTH_MEASURE(2.E-2),#3);
#12686=PRESENTATION_STYLE_ASSIGNMENT((#12685));
#12687=STYLED_ITEM('',(#12686),#12684);
#12688=DIRECTION('',(0.E0,0.E0,-1.E0));
#12689=VECTOR('',#12688,2.4E-1);
#12690=CARTESIAN_POINT('',(-1.75E0,1.75E-1,3.12E0));
#12691=LINE('',#12690,#12689);
#12692=CURVE_STYLE('',#32,POSITIVE_LENGTH_MEASURE(2.E-2),#3);
#12693=PRESENTATION_STYLE_ASSIGNMENT((#12692));
#12694=STYLED_ITEM('',(#12693),#12691);
#12695=DIRECTION('',(0.E0,1.E0,0.E0));
#12696=VECTOR('',#12695,1.75E-1);
#12697=CARTESIAN_POINT('',(-1.75E0,0.E0,2.88E0));
#12698=LINE('',#12697,#12696);
#12699=CURVE_STYLE('',#32,POSITIVE_LENGTH_MEASURE(2.E-2),#3);
#12700=PRESENTATION_STYLE_ASSIGNMENT((#12699));
#12701=STYLED_ITEM('',(#12700),#12698);
#12702=DIRECTION('',(0.E0,1.E0,0.E0));
#12703=VECTOR('',#12702,1.75E-1);
#12704=CARTESIAN_POINT('',(-1.75E0,0.E0,2.62E0));
#12705=LINE('',#12704,#12703);
#12706=CURVE_STYLE('',#32,POSITIVE_LENGTH_MEASURE(2.E-2),#3);
#12707=PRESENTATION_STYLE_ASSIGNMENT((#12706));
#12708=STYLED_ITEM('',(#12707),#12705);
#12709=DIRECTION('',(0.E0,0.E0,-1.E0));
#12710=VECTOR('',#12709,2.4E-1);
#12711=CARTESIAN_POINT('',(-1.75E0,1.75E-1,2.62E0));
#12712=LINE('',#12711,#12710);
#12713=CURVE_STYLE('',#32,POSITIVE_LENGTH_MEASURE(2.E-2),#3);
#12714=PRESENTATION_STYLE_ASSIGNMENT((#12713));
#12715=STYLED_ITEM('',(#12714),#12712);
#12716=DIRECTION('',(0.E0,1.E0,0.E0));
#12717=VECTOR('',#12716,1.75E-1);
#12718=CARTESIAN_POINT('',(-1.75E0,0.E0,2.38E0));
#12719=LINE('',#12718,#12717);
#12720=CURVE_STYLE('',#32,POSITIVE_LENGTH_MEASURE(2.E-2),#3);
#12721=PRESENTATION_STYLE_ASSIGNMENT((#12720));
#12722=STYLED_ITEM('',(#12721),#12719);
#12723=DIRECTION('',(0.E0,1.E0,0.E0));
#12724=VECTOR('',#12723,1.75E-1);
#12725=CARTESIAN_POINT('',(-1.75E0,0.E0,2.12E0));
#12726=LINE('',#12725,#12724);
#12727=CURVE_STYLE('',#32,POSITIVE_LENGTH_MEASURE(2.E-2),#3);
#12728=PRESENTATION_STYLE_ASSIGNMENT((#12727));
#12729=STYLED_ITEM('',(#12728),#12726);
#12730=DIRECTION('',(0.E0,0.E0,-1.E0));
#12731=VECTOR('',#12730,2.4E-1);
#12732=CARTESIAN_POINT('',(-1.75E0,1.75E-1,2.12E0));
#12733=LINE('',#12732,#12731);
#12734=CURVE_STYLE('',#32,POSITIVE_LENGTH_MEASURE(2.E-2),#3);
#12735=PRESENTATION_STYLE_ASSIGNMENT((#12734));
#12736=STYLED_ITEM('',(#12735),#12733);
#12737=DIRECTION('',(0.E0,1.E0,0.E0));
#12738=VECTOR('',#12737,1.75E-1);
#12739=CARTESIAN_POINT('',(-1.75E0,0.E0,1.88E0));
#12740=LINE('',#12739,#12738);
#12741=CURVE_STYLE('',#32,POSITIVE_LENGTH_MEASURE(2.E-2),#3);
#12742=PRESENTATION_STYLE_ASSIGNMENT((#12741));
#12743=STYLED_ITEM('',(#12742),#12740);
#12744=DIRECTION('',(0.E0,1.E0,0.E0));
#12745=VECTOR('',#12744,1.75E-1);
#12746=CARTESIAN_POINT('',(-1.75E0,0.E0,1.62E0));
#12747=LINE('',#12746,#12745);
#12748=CURVE_STYLE('',#32,POSITIVE_LENGTH_MEASURE(2.E-2),#3);
#12749=PRESENTATION_STYLE_ASSIGNMENT((#12748));
#12750=STYLED_ITEM('',(#12749),#12747);
#12751=DIRECTION('',(0.E0,0.E0,-1.E0));
#12752=VECTOR('',#12751,2.4E-1);
#12753=CARTESIAN_POINT('',(-1.75E0,1.75E-1,1.62E0));
#12754=LINE('',#12753,#12752);
#12755=CURVE_STYLE('',#32,POSITIVE_LENGTH_MEASURE(2.E-2),#3);
#12756=PRESENTATION_STYLE_ASSIGNMENT((#12755));
#12757=STYLED_ITEM('',(#12756),#12754);
#12758=DIRECTION('',(0.E0,1.E0,0.E0));
#12759=VECTOR('',#12758,1.75E-1);
#12760=CARTESIAN_POINT('',(-1.75E0,0.E0,1.38E0));
#12761=LINE('',#12760,#12759);
#12762=CURVE_STYLE('',#32,POSITIVE_LENGTH_MEASURE(2.E-2),#3);
#12763=PRESENTATION_STYLE_ASSIGNMENT((#12762));
#12764=STYLED_ITEM('',(#12763),#12761);
#12765=DIRECTION('',(0.E0,1.E0,0.E0));
#12766=VECTOR('',#12765,1.75E-1);
#12767=CARTESIAN_POINT('',(-1.75E0,0.E0,1.12E0));
#12768=LINE('',#12767,#12766);
#12769=CURVE_STYLE('',#32,POSITIVE_LENGTH_MEASURE(2.E-2),#3);
#12770=PRESENTATION_STYLE_ASSIGNMENT((#12769));
#12771=STYLED_ITEM('',(#12770),#12768);
#12772=DIRECTION('',(0.E0,0.E0,-1.E0));
#12773=VECTOR('',#12772,2.4E-1);
#12774=CARTESIAN_POINT('',(-1.75E0,1.75E-1,1.12E0));
#12775=LINE('',#12774,#12773);
#12776=CURVE_STYLE('',#32,POSITIVE_LENGTH_MEASURE(2.E-2),#3);
#12777=PRESENTATION_STYLE_ASSIGNMENT((#12776));
#12778=STYLED_ITEM('',(#12777),#12775);
#12779=DIRECTION('',(0.E0,1.E0,0.E0));
#12780=VECTOR('',#12779,1.75E-1);
#12781=CARTESIAN_POINT('',(-1.75E0,0.E0,8.8E-1));
#12782=LINE('',#12781,#12780);
#12783=CURVE_STYLE('',#32,POSITIVE_LENGTH_MEASURE(2.E-2),#3);
#12784=PRESENTATION_STYLE_ASSIGNMENT((#12783));
#12785=STYLED_ITEM('',(#12784),#12782);
#12786=DIRECTION('',(0.E0,1.E0,0.E0));
#12787=VECTOR('',#12786,1.75E-1);
#12788=CARTESIAN_POINT('',(-1.75E0,0.E0,6.2E-1));
#12789=LINE('',#12788,#12787);
#12790=CURVE_STYLE('',#32,POSITIVE_LENGTH_MEASURE(2.E-2),#3);
#12791=PRESENTATION_STYLE_ASSIGNMENT((#12790));
#12792=STYLED_ITEM('',(#12791),#12789);
#12793=DIRECTION('',(0.E0,0.E0,-1.E0));
#12794=VECTOR('',#12793,2.4E-1);
#12795=CARTESIAN_POINT('',(-1.75E0,1.75E-1,6.2E-1));
#12796=LINE('',#12795,#12794);
#12797=CURVE_STYLE('',#32,POSITIVE_LENGTH_MEASURE(2.E-2),#3);
#12798=PRESENTATION_STYLE_ASSIGNMENT((#12797));
#12799=STYLED_ITEM('',(#12798),#12796);
#12800=DIRECTION('',(0.E0,1.E0,0.E0));
#12801=VECTOR('',#12800,1.75E-1);
#12802=CARTESIAN_POINT('',(-1.75E0,0.E0,3.8E-1));
#12803=LINE('',#12802,#12801);
#12804=CURVE_STYLE('',#32,POSITIVE_LENGTH_MEASURE(2.E-2),#3);
#12805=PRESENTATION_STYLE_ASSIGNMENT((#12804));
#12806=STYLED_ITEM('',(#12805),#12803);
#12807=DIRECTION('',(0.E0,1.E0,0.E0));
#12808=VECTOR('',#12807,1.75E-1);
#12809=CARTESIAN_POINT('',(-1.75E0,0.E0,1.2E-1));
#12810=LINE('',#12809,#12808);
#12811=CURVE_STYLE('',#32,POSITIVE_LENGTH_MEASURE(2.E-2),#3);
#12812=PRESENTATION_STYLE_ASSIGNMENT((#12811));
#12813=STYLED_ITEM('',(#12812),#12810);
#12814=DIRECTION('',(0.E0,0.E0,-1.E0));
#12815=VECTOR('',#12814,2.4E-1);
#12816=CARTESIAN_POINT('',(-1.75E0,1.75E-1,1.2E-1));
#12817=LINE('',#12816,#12815);
#12818=CURVE_STYLE('',#32,POSITIVE_LENGTH_MEASURE(2.E-2),#3);
#12819=PRESENTATION_STYLE_ASSIGNMENT((#12818));
#12820=STYLED_ITEM('',(#12819),#12817);
#12821=DIRECTION('',(0.E0,1.E0,0.E0));
#12822=VECTOR('',#12821,1.75E-1);
#12823=CARTESIAN_POINT('',(-1.75E0,0.E0,-1.2E-1));
#12824=LINE('',#12823,#12822);
#12825=CURVE_STYLE('',#32,POSITIVE_LENGTH_MEASURE(2.E-2),#3);
#12826=PRESENTATION_STYLE_ASSIGNMENT((#12825));
#12827=STYLED_ITEM('',(#12826),#12824);
#12828=DIRECTION('',(0.E0,1.E0,0.E0));
#12829=VECTOR('',#12828,1.75E-1);
#12830=CARTESIAN_POINT('',(-1.75E0,0.E0,-3.8E-1));
#12831=LINE('',#12830,#12829);
#12832=CURVE_STYLE('',#32,POSITIVE_LENGTH_MEASURE(2.E-2),#3);
#12833=PRESENTATION_STYLE_ASSIGNMENT((#12832));
#12834=STYLED_ITEM('',(#12833),#12831);
#12835=DIRECTION('',(0.E0,0.E0,-1.E0));
#12836=VECTOR('',#12835,2.4E-1);
#12837=CARTESIAN_POINT('',(-1.75E0,1.75E-1,-3.8E-1));
#12838=LINE('',#12837,#12836);
#12839=CURVE_STYLE('',#32,POSITIVE_LENGTH_MEASURE(2.E-2),#3);
#12840=PRESENTATION_STYLE_ASSIGNMENT((#12839));
#12841=STYLED_ITEM('',(#12840),#12838);
#12842=DIRECTION('',(0.E0,1.E0,0.E0));
#12843=VECTOR('',#12842,1.75E-1);
#12844=CARTESIAN_POINT('',(-1.75E0,0.E0,-6.2E-1));
#12845=LINE('',#12844,#12843);
#12846=CURVE_STYLE('',#32,POSITIVE_LENGTH_MEASURE(2.E-2),#3);
#12847=PRESENTATION_STYLE_ASSIGNMENT((#12846));
#12848=STYLED_ITEM('',(#12847),#12845);
#12849=DIRECTION('',(0.E0,1.E0,0.E0));
#12850=VECTOR('',#12849,1.75E-1);
#12851=CARTESIAN_POINT('',(-1.75E0,0.E0,-8.8E-1));
#12852=LINE('',#12851,#12850);
#12853=CURVE_STYLE('',#32,POSITIVE_LENGTH_MEASURE(2.E-2),#3);
#12854=PRESENTATION_STYLE_ASSIGNMENT((#12853));
#12855=STYLED_ITEM('',(#12854),#12852);
#12856=DIRECTION('',(0.E0,0.E0,-1.E0));
#12857=VECTOR('',#12856,2.4E-1);
#12858=CARTESIAN_POINT('',(-1.75E0,1.75E-1,-8.8E-1));
#12859=LINE('',#12858,#12857);
#12860=CURVE_STYLE('',#32,POSITIVE_LENGTH_MEASURE(2.E-2),#3);
#12861=PRESENTATION_STYLE_ASSIGNMENT((#12860));
#12862=STYLED_ITEM('',(#12861),#12859);
#12863=DIRECTION('',(0.E0,1.E0,0.E0));
#12864=VECTOR('',#12863,1.75E-1);
#12865=CARTESIAN_POINT('',(-1.75E0,0.E0,-1.12E0));
#12866=LINE('',#12865,#12864);
#12867=CURVE_STYLE('',#32,POSITIVE_LENGTH_MEASURE(2.E-2),#3);
#12868=PRESENTATION_STYLE_ASSIGNMENT((#12867));
#12869=STYLED_ITEM('',(#12868),#12866);
#12870=DIRECTION('',(0.E0,1.E0,0.E0));
#12871=VECTOR('',#12870,1.75E-1);
#12872=CARTESIAN_POINT('',(-1.75E0,0.E0,-1.38E0));
#12873=LINE('',#12872,#12871);
#12874=CURVE_STYLE('',#32,POSITIVE_LENGTH_MEASURE(2.E-2),#3);
#12875=PRESENTATION_STYLE_ASSIGNMENT((#12874));
#12876=STYLED_ITEM('',(#12875),#12873);
#12877=DIRECTION('',(0.E0,0.E0,-1.E0));
#12878=VECTOR('',#12877,2.4E-1);
#12879=CARTESIAN_POINT('',(-1.75E0,1.75E-1,-1.38E0));
#12880=LINE('',#12879,#12878);
#12881=CURVE_STYLE('',#32,POSITIVE_LENGTH_MEASURE(2.E-2),#3);
#12882=PRESENTATION_STYLE_ASSIGNMENT((#12881));
#12883=STYLED_ITEM('',(#12882),#12880);
#12884=DIRECTION('',(0.E0,1.E0,0.E0));
#12885=VECTOR('',#12884,1.75E-1);
#12886=CARTESIAN_POINT('',(-1.75E0,0.E0,-1.62E0));
#12887=LINE('',#12886,#12885);
#12888=CURVE_STYLE('',#32,POSITIVE_LENGTH_MEASURE(2.E-2),#3);
#12889=PRESENTATION_STYLE_ASSIGNMENT((#12888));
#12890=STYLED_ITEM('',(#12889),#12887);
#12891=DIRECTION('',(0.E0,1.E0,0.E0));
#12892=VECTOR('',#12891,1.75E-1);
#12893=CARTESIAN_POINT('',(-1.75E0,0.E0,-1.88E0));
#12894=LINE('',#12893,#12892);
#12895=CURVE_STYLE('',#32,POSITIVE_LENGTH_MEASURE(2.E-2),#3);
#12896=PRESENTATION_STYLE_ASSIGNMENT((#12895));
#12897=STYLED_ITEM('',(#12896),#12894);
#12898=DIRECTION('',(0.E0,0.E0,-1.E0));
#12899=VECTOR('',#12898,2.4E-1);
#12900=CARTESIAN_POINT('',(-1.75E0,1.75E-1,-1.88E0));
#12901=LINE('',#12900,#12899);
#12902=CURVE_STYLE('',#32,POSITIVE_LENGTH_MEASURE(2.E-2),#3);
#12903=PRESENTATION_STYLE_ASSIGNMENT((#12902));
#12904=STYLED_ITEM('',(#12903),#12901);
#12905=DIRECTION('',(0.E0,1.E0,0.E0));
#12906=VECTOR('',#12905,1.75E-1);
#12907=CARTESIAN_POINT('',(-1.75E0,0.E0,-2.12E0));
#12908=LINE('',#12907,#12906);
#12909=CURVE_STYLE('',#32,POSITIVE_LENGTH_MEASURE(2.E-2),#3);
#12910=PRESENTATION_STYLE_ASSIGNMENT((#12909));
#12911=STYLED_ITEM('',(#12910),#12908);
#12912=DIRECTION('',(0.E0,1.E0,0.E0));
#12913=VECTOR('',#12912,1.75E-1);
#12914=CARTESIAN_POINT('',(-1.75E0,0.E0,-2.38E0));
#12915=LINE('',#12914,#12913);
#12916=CURVE_STYLE('',#32,POSITIVE_LENGTH_MEASURE(2.E-2),#3);
#12917=PRESENTATION_STYLE_ASSIGNMENT((#12916));
#12918=STYLED_ITEM('',(#12917),#12915);
#12919=DIRECTION('',(0.E0,0.E0,-1.E0));
#12920=VECTOR('',#12919,2.4E-1);
#12921=CARTESIAN_POINT('',(-1.75E0,1.75E-1,-2.38E0));
#12922=LINE('',#12921,#12920);
#12923=CURVE_STYLE('',#32,POSITIVE_LENGTH_MEASURE(2.E-2),#3);
#12924=PRESENTATION_STYLE_ASSIGNMENT((#12923));
#12925=STYLED_ITEM('',(#12924),#12922);
#12926=DIRECTION('',(0.E0,1.E0,0.E0));
#12927=VECTOR('',#12926,1.75E-1);
#12928=CARTESIAN_POINT('',(-1.75E0,0.E0,-2.62E0));
#12929=LINE('',#12928,#12927);
#12930=CURVE_STYLE('',#32,POSITIVE_LENGTH_MEASURE(2.E-2),#3);
#12931=PRESENTATION_STYLE_ASSIGNMENT((#12930));
#12932=STYLED_ITEM('',(#12931),#12929);
#12933=DIRECTION('',(0.E0,1.E0,0.E0));
#12934=VECTOR('',#12933,1.75E-1);
#12935=CARTESIAN_POINT('',(-1.75E0,0.E0,-2.88E0));
#12936=LINE('',#12935,#12934);
#12937=CURVE_STYLE('',#32,POSITIVE_LENGTH_MEASURE(2.E-2),#3);
#12938=PRESENTATION_STYLE_ASSIGNMENT((#12937));
#12939=STYLED_ITEM('',(#12938),#12936);
#12940=DIRECTION('',(1.E0,0.E0,0.E0));
#12941=VECTOR('',#12940,2.81E-1);
#12942=CARTESIAN_POINT('',(-1.75E0,1.75E-1,-2.88E0));
#12943=LINE('',#12942,#12941);
#12944=CURVE_STYLE('',#32,POSITIVE_LENGTH_MEASURE(2.E-2),#3);
#12945=PRESENTATION_STYLE_ASSIGNMENT((#12944));
#12946=STYLED_ITEM('',(#12945),#12943);
#12947=CARTESIAN_POINT('',(-1.469E0,1.75E-1,-2.999E0));
#12948=DIRECTION('',(0.E0,1.E0,0.E0));
#12949=DIRECTION('',(0.E0,0.E0,1.E0));
#12950=AXIS2_PLACEMENT_3D('',#12947,#12948,#12949);
#12952=CURVE_STYLE('',#32,POSITIVE_LENGTH_MEASURE(2.E-2),#3);
#12953=PRESENTATION_STYLE_ASSIGNMENT((#12952));
#12954=STYLED_ITEM('',(#12953),#12951);
#12955=DIRECTION('',(0.E0,0.E0,-1.E0));
#12956=VECTOR('',#12955,2.000000000001E-3);
#12957=CARTESIAN_POINT('',(-1.35E0,1.75E-1,-2.999E0));
#12958=LINE('',#12957,#12956);
#12959=CURVE_STYLE('',#32,POSITIVE_LENGTH_MEASURE(2.E-2),#3);
#12960=PRESENTATION_STYLE_ASSIGNMENT((#12959));
#12961=STYLED_ITEM('',(#12960),#12958);
#12962=CARTESIAN_POINT('',(-1.469E0,1.75E-1,-3.001E0));
#12963=DIRECTION('',(0.E0,1.E0,0.E0));
#12964=DIRECTION('',(1.E0,0.E0,0.E0));
#12965=AXIS2_PLACEMENT_3D('',#12962,#12963,#12964);
#12967=CURVE_STYLE('',#32,POSITIVE_LENGTH_MEASURE(2.E-2),#3);
#12968=PRESENTATION_STYLE_ASSIGNMENT((#12967));
#12969=STYLED_ITEM('',(#12968),#12966);
#12970=DIRECTION('',(-1.E0,0.E0,0.E0));
#12971=VECTOR('',#12970,2.81E-1);
#12972=CARTESIAN_POINT('',(-1.469E0,1.75E-1,-3.12E0));
#12973=LINE('',#12972,#12971);
#12974=CURVE_STYLE('',#32,POSITIVE_LENGTH_MEASURE(2.E-2),#3);
#12975=PRESENTATION_STYLE_ASSIGNMENT((#12974));
#12976=STYLED_ITEM('',(#12975),#12973);
#12977=DIRECTION('',(0.E0,1.E0,0.E0));
#12978=VECTOR('',#12977,1.75E-1);
#12979=CARTESIAN_POINT('',(-1.12E0,0.E0,-3.5E0));
#12980=LINE('',#12979,#12978);
#12981=CURVE_STYLE('',#32,POSITIVE_LENGTH_MEASURE(2.E-2),#3);
#12982=PRESENTATION_STYLE_ASSIGNMENT((#12981));
#12983=STYLED_ITEM('',(#12982),#12980);
#12984=DIRECTION('',(1.E0,0.E0,0.E0));
#12985=VECTOR('',#12984,2.4E-1);
#12986=CARTESIAN_POINT('',(-1.12E0,1.75E-1,-3.5E0));
#12987=LINE('',#12986,#12985);
#12988=CURVE_STYLE('',#32,POSITIVE_LENGTH_MEASURE(2.E-2),#3);
#12989=PRESENTATION_STYLE_ASSIGNMENT((#12988));
#12990=STYLED_ITEM('',(#12989),#12987);
#12991=DIRECTION('',(0.E0,1.E0,0.E0));
#12992=VECTOR('',#12991,1.75E-1);
#12993=CARTESIAN_POINT('',(-8.8E-1,0.E0,-3.5E0));
#12994=LINE('',#12993,#12992);
#12995=CURVE_STYLE('',#32,POSITIVE_LENGTH_MEASURE(2.E-2),#3);
#12996=PRESENTATION_STYLE_ASSIGNMENT((#12995));
#12997=STYLED_ITEM('',(#12996),#12994);
#12998=DIRECTION('',(0.E0,1.E0,0.E0));
#12999=VECTOR('',#12998,1.75E-1);
#13000=CARTESIAN_POINT('',(-6.2E-1,0.E0,-3.5E0));
#13001=LINE('',#13000,#12999);
#13002=CURVE_STYLE('',#32,POSITIVE_LENGTH_MEASURE(2.E-2),#3);
#13003=PRESENTATION_STYLE_ASSIGNMENT((#13002));
#13004=STYLED_ITEM('',(#13003),#13001);
#13005=DIRECTION('',(1.E0,0.E0,0.E0));
#13006=VECTOR('',#13005,2.4E-1);
#13007=CARTESIAN_POINT('',(-6.2E-1,1.75E-1,-3.5E0));
#13008=LINE('',#13007,#13006);
#13009=CURVE_STYLE('',#32,POSITIVE_LENGTH_MEASURE(2.E-2),#3);
#13010=PRESENTATION_STYLE_ASSIGNMENT((#13009));
#13011=STYLED_ITEM('',(#13010),#13008);
#13012=DIRECTION('',(0.E0,1.E0,0.E0));
#13013=VECTOR('',#13012,1.75E-1);
#13014=CARTESIAN_POINT('',(-3.8E-1,0.E0,-3.5E0));
#13015=LINE('',#13014,#13013);
#13016=CURVE_STYLE('',#32,POSITIVE_LENGTH_MEASURE(2.E-2),#3);
#13017=PRESENTATION_STYLE_ASSIGNMENT((#13016));
#13018=STYLED_ITEM('',(#13017),#13015);
#13019=DIRECTION('',(0.E0,1.E0,0.E0));
#13020=VECTOR('',#13019,1.75E-1);
#13021=CARTESIAN_POINT('',(-1.2E-1,0.E0,-3.5E0));
#13022=LINE('',#13021,#13020);
#13023=CURVE_STYLE('',#32,POSITIVE_LENGTH_MEASURE(2.E-2),#3);
#13024=PRESENTATION_STYLE_ASSIGNMENT((#13023));
#13025=STYLED_ITEM('',(#13024),#13022);
#13026=DIRECTION('',(1.E0,0.E0,0.E0));
#13027=VECTOR('',#13026,2.4E-1);
#13028=CARTESIAN_POINT('',(-1.2E-1,1.75E-1,-3.5E0));
#13029=LINE('',#13028,#13027);
#13030=CURVE_STYLE('',#32,POSITIVE_LENGTH_MEASURE(2.E-2),#3);
#13031=PRESENTATION_STYLE_ASSIGNMENT((#13030));
#13032=STYLED_ITEM('',(#13031),#13029);
#13033=DIRECTION('',(0.E0,1.E0,0.E0));
#13034=VECTOR('',#13033,1.75E-1);
#13035=CARTESIAN_POINT('',(1.2E-1,0.E0,-3.5E0));
#13036=LINE('',#13035,#13034);
#13037=CURVE_STYLE('',#32,POSITIVE_LENGTH_MEASURE(2.E-2),#3);
#13038=PRESENTATION_STYLE_ASSIGNMENT((#13037));
#13039=STYLED_ITEM('',(#13038),#13036);
#13040=DIRECTION('',(0.E0,1.E0,0.E0));
#13041=VECTOR('',#13040,1.75E-1);
#13042=CARTESIAN_POINT('',(3.8E-1,0.E0,-3.5E0));
#13043=LINE('',#13042,#13041);
#13044=CURVE_STYLE('',#32,POSITIVE_LENGTH_MEASURE(2.E-2),#3);
#13045=PRESENTATION_STYLE_ASSIGNMENT((#13044));
#13046=STYLED_ITEM('',(#13045),#13043);
#13047=DIRECTION('',(1.E0,0.E0,0.E0));
#13048=VECTOR('',#13047,2.4E-1);
#13049=CARTESIAN_POINT('',(3.8E-1,1.75E-1,-3.5E0));
#13050=LINE('',#13049,#13048);
#13051=CURVE_STYLE('',#32,POSITIVE_LENGTH_MEASURE(2.E-2),#3);
#13052=PRESENTATION_STYLE_ASSIGNMENT((#13051));
#13053=STYLED_ITEM('',(#13052),#13050);
#13054=DIRECTION('',(0.E0,1.E0,0.E0));
#13055=VECTOR('',#13054,1.75E-1);
#13056=CARTESIAN_POINT('',(6.2E-1,0.E0,-3.5E0));
#13057=LINE('',#13056,#13055);
#13058=CURVE_STYLE('',#32,POSITIVE_LENGTH_MEASURE(2.E-2),#3);
#13059=PRESENTATION_STYLE_ASSIGNMENT((#13058));
#13060=STYLED_ITEM('',(#13059),#13057);
#13061=DIRECTION('',(0.E0,1.E0,0.E0));
#13062=VECTOR('',#13061,1.75E-1);
#13063=CARTESIAN_POINT('',(8.8E-1,0.E0,-3.5E0));
#13064=LINE('',#13063,#13062);
#13065=CURVE_STYLE('',#32,POSITIVE_LENGTH_MEASURE(2.E-2),#3);
#13066=PRESENTATION_STYLE_ASSIGNMENT((#13065));
#13067=STYLED_ITEM('',(#13066),#13064);
#13068=DIRECTION('',(1.E0,0.E0,0.E0));
#13069=VECTOR('',#13068,2.4E-1);
#13070=CARTESIAN_POINT('',(8.8E-1,1.75E-1,-3.5E0));
#13071=LINE('',#13070,#13069);
#13072=CURVE_STYLE('',#32,POSITIVE_LENGTH_MEASURE(2.E-2),#3);
#13073=PRESENTATION_STYLE_ASSIGNMENT((#13072));
#13074=STYLED_ITEM('',(#13073),#13071);
#13075=DIRECTION('',(0.E0,1.E0,0.E0));
#13076=VECTOR('',#13075,1.75E-1);
#13077=CARTESIAN_POINT('',(1.12E0,0.E0,-3.5E0));
#13078=LINE('',#13077,#13076);
#13079=CURVE_STYLE('',#32,POSITIVE_LENGTH_MEASURE(2.E-2),#3);
#13080=PRESENTATION_STYLE_ASSIGNMENT((#13079));
#13081=STYLED_ITEM('',(#13080),#13078);
#13082=DIRECTION('',(0.E0,1.E0,0.E0));
#13083=VECTOR('',#13082,9.75E-1);
#13084=CARTESIAN_POINT('',(1.75E0,0.E0,-3.5E0));
#13085=LINE('',#13084,#13083);
#13086=CURVE_STYLE('',#32,POSITIVE_LENGTH_MEASURE(2.E-2),#3);
#13087=PRESENTATION_STYLE_ASSIGNMENT((#13086));
#13088=STYLED_ITEM('',(#13087),#13085);
#13089=DIRECTION('',(0.E0,1.E0,0.E0));
#13090=VECTOR('',#13089,1.75E-1);
#13091=CARTESIAN_POINT('',(-1.12E0,0.E0,-3.219E0));
#13092=LINE('',#13091,#13090);
#13093=CURVE_STYLE('',#32,POSITIVE_LENGTH_MEASURE(2.E-2),#3);
#13094=PRESENTATION_STYLE_ASSIGNMENT((#13093));
#13095=STYLED_ITEM('',(#13094),#13092);
#13096=DIRECTION('',(-1.015061051086E-14,1.E0,0.E0));
#13097=VECTOR('',#13096,1.75E-1);
#13098=CARTESIAN_POINT('',(-1.001E0,0.E0,-3.1E0));
#13099=LINE('',#13098,#13097);
#13100=CURVE_STYLE('',#32,POSITIVE_LENGTH_MEASURE(2.E-2),#3);
#13101=PRESENTATION_STYLE_ASSIGNMENT((#13100));
#13102=STYLED_ITEM('',(#13101),#13099);
#13103=DIRECTION('',(1.015061051086E-14,1.E0,0.E0));
#13104=VECTOR('',#13103,1.75E-1);
#13105=CARTESIAN_POINT('',(-9.99E-1,0.E0,-3.1E0));
#13106=LINE('',#13105,#13104);
#13107=CURVE_STYLE('',#32,POSITIVE_LENGTH_MEASURE(2.E-2),#3);
#13108=PRESENTATION_STYLE_ASSIGNMENT((#13107));
#13109=STYLED_ITEM('',(#13108),#13106);
#13110=DIRECTION('',(0.E0,1.E0,0.E0));
#13111=VECTOR('',#13110,1.75E-1);
#13112=CARTESIAN_POINT('',(-8.8E-1,0.E0,-3.219E0));
#13113=LINE('',#13112,#13111);
#13114=CURVE_STYLE('',#32,POSITIVE_LENGTH_MEASURE(2.E-2),#3);
#13115=PRESENTATION_STYLE_ASSIGNMENT((#13114));
#13116=STYLED_ITEM('',(#13115),#13113);
#13117=DIRECTION('',(0.E0,0.E0,1.E0));
#13118=VECTOR('',#13117,2.81E-1);
#13119=CARTESIAN_POINT('',(-1.12E0,1.75E-1,-3.5E0));
#13120=LINE('',#13119,#13118);
#13121=CURVE_STYLE('',#32,POSITIVE_LENGTH_MEASURE(2.E-2),#3);
#13122=PRESENTATION_STYLE_ASSIGNMENT((#13121));
#13123=STYLED_ITEM('',(#13122),#13120);
#13124=CARTESIAN_POINT('',(-1.001E0,1.75E-1,-3.219E0));
#13125=DIRECTION('',(0.E0,1.E0,0.E0));
#13126=DIRECTION('',(-1.E0,0.E0,0.E0));
#13127=AXIS2_PLACEMENT_3D('',#13124,#13125,#13126);
#13129=CURVE_STYLE('',#32,POSITIVE_LENGTH_MEASURE(2.E-2),#3);
#13130=PRESENTATION_STYLE_ASSIGNMENT((#13129));
#13131=STYLED_ITEM('',(#13130),#13128);
#13132=DIRECTION('',(1.E0,0.E0,0.E0));
#13133=VECTOR('',#13132,2.E-3);
#13134=CARTESIAN_POINT('',(-1.001E0,1.75E-1,-3.1E0));
#13135=LINE('',#13134,#13133);
#13136=CURVE_STYLE('',#32,POSITIVE_LENGTH_MEASURE(2.E-2),#3);
#13137=PRESENTATION_STYLE_ASSIGNMENT((#13136));
#13138=STYLED_ITEM('',(#13137),#13135);
#13139=CARTESIAN_POINT('',(-9.99E-1,1.75E-1,-3.219E0));
#13140=DIRECTION('',(0.E0,1.E0,0.E0));
#13141=DIRECTION('',(0.E0,0.E0,1.E0));
#13142=AXIS2_PLACEMENT_3D('',#13139,#13140,#13141);
#13144=CURVE_STYLE('',#32,POSITIVE_LENGTH_MEASURE(2.E-2),#3);
#13145=PRESENTATION_STYLE_ASSIGNMENT((#13144));
#13146=STYLED_ITEM('',(#13145),#13143);
#13147=DIRECTION('',(0.E0,0.E0,-1.E0));
#13148=VECTOR('',#13147,2.81E-1);
#13149=CARTESIAN_POINT('',(-8.8E-1,1.75E-1,-3.219E0));
#13150=LINE('',#13149,#13148);
#13151=CURVE_STYLE('',#32,POSITIVE_LENGTH_MEASURE(2.E-2),#3);
#13152=PRESENTATION_STYLE_ASSIGNMENT((#13151));
#13153=STYLED_ITEM('',(#13152),#13150);
#13154=DIRECTION('',(0.E0,1.E0,0.E0));
#13155=VECTOR('',#13154,1.75E-1);
#13156=CARTESIAN_POINT('',(-6.2E-1,0.E0,-3.219E0));
#13157=LINE('',#13156,#13155);
#13158=CURVE_STYLE('',#32,POSITIVE_LENGTH_MEASURE(2.E-2),#3);
#13159=PRESENTATION_STYLE_ASSIGNMENT((#13158));
#13160=STYLED_ITEM('',(#13159),#13157);
#13161=DIRECTION('',(0.E0,1.E0,0.E0));
#13162=VECTOR('',#13161,1.75E-1);
#13163=CARTESIAN_POINT('',(-5.01E-1,0.E0,-3.1E0));
#13164=LINE('',#13163,#13162);
#13165=CURVE_STYLE('',#32,POSITIVE_LENGTH_MEASURE(2.E-2),#3);
#13166=PRESENTATION_STYLE_ASSIGNMENT((#13165));
#13167=STYLED_ITEM('',(#13166),#13164);
#13168=DIRECTION('',(0.E0,1.E0,0.E0));
#13169=VECTOR('',#13168,1.75E-1);
#13170=CARTESIAN_POINT('',(-4.99E-1,0.E0,-3.1E0));
#13171=LINE('',#13170,#13169);
#13172=CURVE_STYLE('',#32,POSITIVE_LENGTH_MEASURE(2.E-2),#3);
#13173=PRESENTATION_STYLE_ASSIGNMENT((#13172));
#13174=STYLED_ITEM('',(#13173),#13171);
#13175=DIRECTION('',(0.E0,1.E0,0.E0));
#13176=VECTOR('',#13175,1.75E-1);
#13177=CARTESIAN_POINT('',(-3.8E-1,0.E0,-3.219E0));
#13178=LINE('',#13177,#13176);
#13179=CURVE_STYLE('',#32,POSITIVE_LENGTH_MEASURE(2.E-2),#3);
#13180=PRESENTATION_STYLE_ASSIGNMENT((#13179));
#13181=STYLED_ITEM('',(#13180),#13178);
#13182=DIRECTION('',(0.E0,0.E0,1.E0));
#13183=VECTOR('',#13182,2.81E-1);
#13184=CARTESIAN_POINT('',(-6.2E-1,1.75E-1,-3.5E0));
#13185=LINE('',#13184,#13183);
#13186=CURVE_STYLE('',#32,POSITIVE_LENGTH_MEASURE(2.E-2),#3);
#13187=PRESENTATION_STYLE_ASSIGNMENT((#13186));
#13188=STYLED_ITEM('',(#13187),#13185);
#13189=CARTESIAN_POINT('',(-5.01E-1,1.75E-1,-3.219E0));
#13190=DIRECTION('',(0.E0,1.E0,0.E0));
#13191=DIRECTION('',(-1.E0,0.E0,0.E0));
#13192=AXIS2_PLACEMENT_3D('',#13189,#13190,#13191);
#13194=CURVE_STYLE('',#32,POSITIVE_LENGTH_MEASURE(2.E-2),#3);
#13195=PRESENTATION_STYLE_ASSIGNMENT((#13194));
#13196=STYLED_ITEM('',(#13195),#13193);
#13197=DIRECTION('',(1.E0,0.E0,0.E0));
#13198=VECTOR('',#13197,2.E-3);
#13199=CARTESIAN_POINT('',(-5.01E-1,1.75E-1,-3.1E0));
#13200=LINE('',#13199,#13198);
#13201=CURVE_STYLE('',#32,POSITIVE_LENGTH_MEASURE(2.E-2),#3);
#13202=PRESENTATION_STYLE_ASSIGNMENT((#13201));
#13203=STYLED_ITEM('',(#13202),#13200);
#13204=CARTESIAN_POINT('',(-4.99E-1,1.75E-1,-3.219E0));
#13205=DIRECTION('',(0.E0,1.E0,0.E0));
#13206=DIRECTION('',(0.E0,0.E0,1.E0));
#13207=AXIS2_PLACEMENT_3D('',#13204,#13205,#13206);
#13209=CURVE_STYLE('',#32,POSITIVE_LENGTH_MEASURE(2.E-2),#3);
#13210=PRESENTATION_STYLE_ASSIGNMENT((#13209));
#13211=STYLED_ITEM('',(#13210),#13208);
#13212=DIRECTION('',(0.E0,0.E0,-1.E0));
#13213=VECTOR('',#13212,2.81E-1);
#13214=CARTESIAN_POINT('',(-3.8E-1,1.75E-1,-3.219E0));
#13215=LINE('',#13214,#13213);
#13216=CURVE_STYLE('',#32,POSITIVE_LENGTH_MEASURE(2.E-2),#3);
#13217=PRESENTATION_STYLE_ASSIGNMENT((#13216));
#13218=STYLED_ITEM('',(#13217),#13215);
#13219=DIRECTION('',(0.E0,1.E0,0.E0));
#13220=VECTOR('',#13219,1.75E-1);
#13221=CARTESIAN_POINT('',(-1.2E-1,0.E0,-3.219E0));
#13222=LINE('',#13221,#13220);
#13223=CURVE_STYLE('',#32,POSITIVE_LENGTH_MEASURE(2.E-2),#3);
#13224=PRESENTATION_STYLE_ASSIGNMENT((#13223));
#13225=STYLED_ITEM('',(#13224),#13222);
#13226=DIRECTION('',(0.E0,1.E0,0.E0));
#13227=VECTOR('',#13226,1.75E-1);
#13228=CARTESIAN_POINT('',(-9.999999999983E-4,0.E0,-3.1E0));
#13229=LINE('',#13228,#13227);
#13230=CURVE_STYLE('',#32,POSITIVE_LENGTH_MEASURE(2.E-2),#3);
#13231=PRESENTATION_STYLE_ASSIGNMENT((#13230));
#13232=STYLED_ITEM('',(#13231),#13229);
#13233=DIRECTION('',(0.E0,1.E0,0.E0));
#13234=VECTOR('',#13233,1.75E-1);
#13235=CARTESIAN_POINT('',(9.999999999983E-4,0.E0,-3.1E0));
#13236=LINE('',#13235,#13234);
#13237=CURVE_STYLE('',#32,POSITIVE_LENGTH_MEASURE(2.E-2),#3);
#13238=PRESENTATION_STYLE_ASSIGNMENT((#13237));
#13239=STYLED_ITEM('',(#13238),#13236);
#13240=DIRECTION('',(0.E0,1.E0,0.E0));
#13241=VECTOR('',#13240,1.75E-1);
#13242=CARTESIAN_POINT('',(1.2E-1,0.E0,-3.219E0));
#13243=LINE('',#13242,#13241);
#13244=CURVE_STYLE('',#32,POSITIVE_LENGTH_MEASURE(2.E-2),#3);
#13245=PRESENTATION_STYLE_ASSIGNMENT((#13244));
#13246=STYLED_ITEM('',(#13245),#13243);
#13247=DIRECTION('',(0.E0,0.E0,1.E0));
#13248=VECTOR('',#13247,2.81E-1);
#13249=CARTESIAN_POINT('',(-1.2E-1,1.75E-1,-3.5E0));
#13250=LINE('',#13249,#13248);
#13251=CURVE_STYLE('',#32,POSITIVE_LENGTH_MEASURE(2.E-2),#3);
#13252=PRESENTATION_STYLE_ASSIGNMENT((#13251));
#13253=STYLED_ITEM('',(#13252),#13250);
#13254=CARTESIAN_POINT('',(-1.E-3,1.75E-1,-3.219E0));
#13255=DIRECTION('',(0.E0,1.E0,0.E0));
#13256=DIRECTION('',(-1.E0,0.E0,0.E0));
#13257=AXIS2_PLACEMENT_3D('',#13254,#13255,#13256);
#13259=CURVE_STYLE('',#32,POSITIVE_LENGTH_MEASURE(2.E-2),#3);
#13260=PRESENTATION_STYLE_ASSIGNMENT((#13259));
#13261=STYLED_ITEM('',(#13260),#13258);
#13262=DIRECTION('',(1.E0,0.E0,0.E0));
#13263=VECTOR('',#13262,2.E-3);
#13264=CARTESIAN_POINT('',(-1.E-3,1.75E-1,-3.1E0));
#13265=LINE('',#13264,#13263);
#13266=CURVE_STYLE('',#32,POSITIVE_LENGTH_MEASURE(2.E-2),#3);
#13267=PRESENTATION_STYLE_ASSIGNMENT((#13266));
#13268=STYLED_ITEM('',(#13267),#13265);
#13269=CARTESIAN_POINT('',(1.E-3,1.75E-1,-3.219E0));
#13270=DIRECTION('',(0.E0,1.E0,0.E0));
#13271=DIRECTION('',(0.E0,0.E0,1.E0));
#13272=AXIS2_PLACEMENT_3D('',#13269,#13270,#13271);
#13274=CURVE_STYLE('',#32,POSITIVE_LENGTH_MEASURE(2.E-2),#3);
#13275=PRESENTATION_STYLE_ASSIGNMENT((#13274));
#13276=STYLED_ITEM('',(#13275),#13273);
#13277=DIRECTION('',(0.E0,0.E0,-1.E0));
#13278=VECTOR('',#13277,2.81E-1);
#13279=CARTESIAN_POINT('',(1.2E-1,1.75E-1,-3.219E0));
#13280=LINE('',#13279,#13278);
#13281=CURVE_STYLE('',#32,POSITIVE_LENGTH_MEASURE(2.E-2),#3);
#13282=PRESENTATION_STYLE_ASSIGNMENT((#13281));
#13283=STYLED_ITEM('',(#13282),#13280);
#13284=DIRECTION('',(0.E0,1.E0,0.E0));
#13285=VECTOR('',#13284,1.75E-1);
#13286=CARTESIAN_POINT('',(3.8E-1,0.E0,-3.219E0));
#13287=LINE('',#13286,#13285);
#13288=CURVE_STYLE('',#32,POSITIVE_LENGTH_MEASURE(2.E-2),#3);
#13289=PRESENTATION_STYLE_ASSIGNMENT((#13288));
#13290=STYLED_ITEM('',(#13289),#13287);
#13291=DIRECTION('',(0.E0,1.E0,0.E0));
#13292=VECTOR('',#13291,1.75E-1);
#13293=CARTESIAN_POINT('',(4.99E-1,0.E0,-3.1E0));
#13294=LINE('',#13293,#13292);
#13295=CURVE_STYLE('',#32,POSITIVE_LENGTH_MEASURE(2.E-2),#3);
#13296=PRESENTATION_STYLE_ASSIGNMENT((#13295));
#13297=STYLED_ITEM('',(#13296),#13294);
#13298=DIRECTION('',(0.E0,1.E0,0.E0));
#13299=VECTOR('',#13298,1.75E-1);
#13300=CARTESIAN_POINT('',(5.01E-1,0.E0,-3.1E0));
#13301=LINE('',#13300,#13299);
#13302=CURVE_STYLE('',#32,POSITIVE_LENGTH_MEASURE(2.E-2),#3);
#13303=PRESENTATION_STYLE_ASSIGNMENT((#13302));
#13304=STYLED_ITEM('',(#13303),#13301);
#13305=DIRECTION('',(0.E0,1.E0,0.E0));
#13306=VECTOR('',#13305,1.75E-1);
#13307=CARTESIAN_POINT('',(6.2E-1,0.E0,-3.219E0));
#13308=LINE('',#13307,#13306);
#13309=CURVE_STYLE('',#32,POSITIVE_LENGTH_MEASURE(2.E-2),#3);
#13310=PRESENTATION_STYLE_ASSIGNMENT((#13309));
#13311=STYLED_ITEM('',(#13310),#13308);
#13312=DIRECTION('',(0.E0,0.E0,1.E0));
#13313=VECTOR('',#13312,2.81E-1);
#13314=CARTESIAN_POINT('',(3.8E-1,1.75E-1,-3.5E0));
#13315=LINE('',#13314,#13313);
#13316=CURVE_STYLE('',#32,POSITIVE_LENGTH_MEASURE(2.E-2),#3);
#13317=PRESENTATION_STYLE_ASSIGNMENT((#13316));
#13318=STYLED_ITEM('',(#13317),#13315);
#13319=CARTESIAN_POINT('',(4.99E-1,1.75E-1,-3.219E0));
#13320=DIRECTION('',(0.E0,1.E0,0.E0));
#13321=DIRECTION('',(-1.E0,0.E0,0.E0));
#13322=AXIS2_PLACEMENT_3D('',#13319,#13320,#13321);
#13324=CURVE_STYLE('',#32,POSITIVE_LENGTH_MEASURE(2.E-2),#3);
#13325=PRESENTATION_STYLE_ASSIGNMENT((#13324));
#13326=STYLED_ITEM('',(#13325),#13323);
#13327=DIRECTION('',(1.E0,0.E0,0.E0));
#13328=VECTOR('',#13327,2.E-3);
#13329=CARTESIAN_POINT('',(4.99E-1,1.75E-1,-3.1E0));
#13330=LINE('',#13329,#13328);
#13331=CURVE_STYLE('',#32,POSITIVE_LENGTH_MEASURE(2.E-2),#3);
#13332=PRESENTATION_STYLE_ASSIGNMENT((#13331));
#13333=STYLED_ITEM('',(#13332),#13330);
#13334=CARTESIAN_POINT('',(5.01E-1,1.75E-1,-3.219E0));
#13335=DIRECTION('',(0.E0,1.E0,0.E0));
#13336=DIRECTION('',(0.E0,0.E0,1.E0));
#13337=AXIS2_PLACEMENT_3D('',#13334,#13335,#13336);
#13339=CURVE_STYLE('',#32,POSITIVE_LENGTH_MEASURE(2.E-2),#3);
#13340=PRESENTATION_STYLE_ASSIGNMENT((#13339));
#13341=STYLED_ITEM('',(#13340),#13338);
#13342=DIRECTION('',(0.E0,0.E0,-1.E0));
#13343=VECTOR('',#13342,2.81E-1);
#13344=CARTESIAN_POINT('',(6.2E-1,1.75E-1,-3.219E0));
#13345=LINE('',#13344,#13343);
#13346=CURVE_STYLE('',#32,POSITIVE_LENGTH_MEASURE(2.E-2),#3);
#13347=PRESENTATION_STYLE_ASSIGNMENT((#13346));
#13348=STYLED_ITEM('',(#13347),#13345);
#13349=DIRECTION('',(0.E0,1.E0,0.E0));
#13350=VECTOR('',#13349,1.75E-1);
#13351=CARTESIAN_POINT('',(8.8E-1,0.E0,-3.219E0));
#13352=LINE('',#13351,#13350);
#13353=CURVE_STYLE('',#32,POSITIVE_LENGTH_MEASURE(2.E-2),#3);
#13354=PRESENTATION_STYLE_ASSIGNMENT((#13353));
#13355=STYLED_ITEM('',(#13354),#13352);
#13356=DIRECTION('',(-1.015061051086E-14,1.E0,0.E0));
#13357=VECTOR('',#13356,1.75E-1);
#13358=CARTESIAN_POINT('',(9.99E-1,0.E0,-3.1E0));
#13359=LINE('',#13358,#13357);
#13360=CURVE_STYLE('',#32,POSITIVE_LENGTH_MEASURE(2.E-2),#3);
#13361=PRESENTATION_STYLE_ASSIGNMENT((#13360));
#13362=STYLED_ITEM('',(#13361),#13359);
#13363=DIRECTION('',(1.015061051086E-14,1.E0,0.E0));
#13364=VECTOR('',#13363,1.75E-1);
#13365=CARTESIAN_POINT('',(1.001E0,0.E0,-3.1E0));
#13366=LINE('',#13365,#13364);
#13367=CURVE_STYLE('',#32,POSITIVE_LENGTH_MEASURE(2.E-2),#3);
#13368=PRESENTATION_STYLE_ASSIGNMENT((#13367));
#13369=STYLED_ITEM('',(#13368),#13366);
#13370=DIRECTION('',(0.E0,1.E0,0.E0));
#13371=VECTOR('',#13370,1.75E-1);
#13372=CARTESIAN_POINT('',(1.12E0,0.E0,-3.219E0));
#13373=LINE('',#13372,#13371);
#13374=CURVE_STYLE('',#32,POSITIVE_LENGTH_MEASURE(2.E-2),#3);
#13375=PRESENTATION_STYLE_ASSIGNMENT((#13374));
#13376=STYLED_ITEM('',(#13375),#13373);
#13377=DIRECTION('',(0.E0,0.E0,1.E0));
#13378=VECTOR('',#13377,2.81E-1);
#13379=CARTESIAN_POINT('',(8.8E-1,1.75E-1,-3.5E0));
#13380=LINE('',#13379,#13378);
#13381=CURVE_STYLE('',#32,POSITIVE_LENGTH_MEASURE(2.E-2),#3);
#13382=PRESENTATION_STYLE_ASSIGNMENT((#13381));
#13383=STYLED_ITEM('',(#13382),#13380);
#13384=CARTESIAN_POINT('',(9.99E-1,1.75E-1,-3.219E0));
#13385=DIRECTION('',(0.E0,1.E0,0.E0));
#13386=DIRECTION('',(-1.E0,0.E0,0.E0));
#13387=AXIS2_PLACEMENT_3D('',#13384,#13385,#13386);
#13389=CURVE_STYLE('',#32,POSITIVE_LENGTH_MEASURE(2.E-2),#3);
#13390=PRESENTATION_STYLE_ASSIGNMENT((#13389));
#13391=STYLED_ITEM('',(#13390),#13388);
#13392=DIRECTION('',(1.E0,0.E0,0.E0));
#13393=VECTOR('',#13392,2.E-3);
#13394=CARTESIAN_POINT('',(9.99E-1,1.75E-1,-3.1E0));
#13395=LINE('',#13394,#13393);
#13396=CURVE_STYLE('',#32,POSITIVE_LENGTH_MEASURE(2.E-2),#3);
#13397=PRESENTATION_STYLE_ASSIGNMENT((#13396));
#13398=STYLED_ITEM('',(#13397),#13395);
#13399=CARTESIAN_POINT('',(1.001E0,1.75E-1,-3.219E0));
#13400=DIRECTION('',(0.E0,1.E0,0.E0));
#13401=DIRECTION('',(0.E0,0.E0,1.E0));
#13402=AXIS2_PLACEMENT_3D('',#13399,#13400,#13401);
#13404=CURVE_STYLE('',#32,POSITIVE_LENGTH_MEASURE(2.E-2),#3);
#13405=PRESENTATION_STYLE_ASSIGNMENT((#13404));
#13406=STYLED_ITEM('',(#13405),#13403);
#13407=DIRECTION('',(0.E0,0.E0,-1.E0));
#13408=VECTOR('',#13407,2.81E-1);
#13409=CARTESIAN_POINT('',(1.12E0,1.75E-1,-3.219E0));
#13410=LINE('',#13409,#13408);
#13411=CURVE_STYLE('',#32,POSITIVE_LENGTH_MEASURE(2.E-2),#3);
#13412=PRESENTATION_STYLE_ASSIGNMENT((#13411));
#13413=STYLED_ITEM('',(#13412),#13410);
#13414=DIRECTION('',(0.E0,0.E0,-1.E0));
#13415=VECTOR('',#13414,2.4E-1);
#13416=CARTESIAN_POINT('',(1.75E0,1.75E-1,-2.88E0));
#13417=LINE('',#13416,#13415);
#13418=CURVE_STYLE('',#32,POSITIVE_LENGTH_MEASURE(2.E-2),#3);
#13419=PRESENTATION_STYLE_ASSIGNMENT((#13418));
#13420=STYLED_ITEM('',(#13419),#13417);
#13421=DIRECTION('',(0.E0,1.E0,0.E0));
#13422=VECTOR('',#13421,1.75E-1);
#13423=CARTESIAN_POINT('',(1.75E0,0.E0,-2.88E0));
#13424=LINE('',#13423,#13422);
#13425=CURVE_STYLE('',#32,POSITIVE_LENGTH_MEASURE(2.E-2),#3);
#13426=PRESENTATION_STYLE_ASSIGNMENT((#13425));
#13427=STYLED_ITEM('',(#13426),#13424);
#13428=DIRECTION('',(0.E0,1.E0,0.E0));
#13429=VECTOR('',#13428,1.75E-1);
#13430=CARTESIAN_POINT('',(1.75E0,0.E0,-2.62E0));
#13431=LINE('',#13430,#13429);
#13432=CURVE_STYLE('',#32,POSITIVE_LENGTH_MEASURE(2.E-2),#3);
#13433=PRESENTATION_STYLE_ASSIGNMENT((#13432));
#13434=STYLED_ITEM('',(#13433),#13431);
#13435=DIRECTION('',(0.E0,0.E0,-1.E0));
#13436=VECTOR('',#13435,2.4E-1);
#13437=CARTESIAN_POINT('',(1.75E0,1.75E-1,-2.38E0));
#13438=LINE('',#13437,#13436);
#13439=CURVE_STYLE('',#32,POSITIVE_LENGTH_MEASURE(2.E-2),#3);
#13440=PRESENTATION_STYLE_ASSIGNMENT((#13439));
#13441=STYLED_ITEM('',(#13440),#13438);
#13442=DIRECTION('',(0.E0,1.E0,0.E0));
#13443=VECTOR('',#13442,1.75E-1);
#13444=CARTESIAN_POINT('',(1.75E0,0.E0,-2.38E0));
#13445=LINE('',#13444,#13443);
#13446=CURVE_STYLE('',#32,POSITIVE_LENGTH_MEASURE(2.E-2),#3);
#13447=PRESENTATION_STYLE_ASSIGNMENT((#13446));
#13448=STYLED_ITEM('',(#13447),#13445);
#13449=DIRECTION('',(0.E0,1.E0,0.E0));
#13450=VECTOR('',#13449,1.75E-1);
#13451=CARTESIAN_POINT('',(1.75E0,0.E0,-2.12E0));
#13452=LINE('',#13451,#13450);
#13453=CURVE_STYLE('',#32,POSITIVE_LENGTH_MEASURE(2.E-2),#3);
#13454=PRESENTATION_STYLE_ASSIGNMENT((#13453));
#13455=STYLED_ITEM('',(#13454),#13452);
#13456=DIRECTION('',(0.E0,0.E0,-1.E0));
#13457=VECTOR('',#13456,2.4E-1);
#13458=CARTESIAN_POINT('',(1.75E0,1.75E-1,-1.88E0));
#13459=LINE('',#13458,#13457);
#13460=CURVE_STYLE('',#32,POSITIVE_LENGTH_MEASURE(2.E-2),#3);
#13461=PRESENTATION_STYLE_ASSIGNMENT((#13460));
#13462=STYLED_ITEM('',(#13461),#13459);
#13463=DIRECTION('',(0.E0,1.E0,0.E0));
#13464=VECTOR('',#13463,1.75E-1);
#13465=CARTESIAN_POINT('',(1.75E0,0.E0,-1.88E0));
#13466=LINE('',#13465,#13464);
#13467=CURVE_STYLE('',#32,POSITIVE_LENGTH_MEASURE(2.E-2),#3);
#13468=PRESENTATION_STYLE_ASSIGNMENT((#13467));
#13469=STYLED_ITEM('',(#13468),#13466);
#13470=DIRECTION('',(0.E0,1.E0,0.E0));
#13471=VECTOR('',#13470,1.75E-1);
#13472=CARTESIAN_POINT('',(1.75E0,0.E0,-1.62E0));
#13473=LINE('',#13472,#13471);
#13474=CURVE_STYLE('',#32,POSITIVE_LENGTH_MEASURE(2.E-2),#3);
#13475=PRESENTATION_STYLE_ASSIGNMENT((#13474));
#13476=STYLED_ITEM('',(#13475),#13473);
#13477=DIRECTION('',(0.E0,0.E0,-1.E0));
#13478=VECTOR('',#13477,2.4E-1);
#13479=CARTESIAN_POINT('',(1.75E0,1.75E-1,-1.38E0));
#13480=LINE('',#13479,#13478);
#13481=CURVE_STYLE('',#32,POSITIVE_LENGTH_MEASURE(2.E-2),#3);
#13482=PRESENTATION_STYLE_ASSIGNMENT((#13481));
#13483=STYLED_ITEM('',(#13482),#13480);
#13484=DIRECTION('',(0.E0,1.E0,0.E0));
#13485=VECTOR('',#13484,1.75E-1);
#13486=CARTESIAN_POINT('',(1.75E0,0.E0,-1.38E0));
#13487=LINE('',#13486,#13485);
#13488=CURVE_STYLE('',#32,POSITIVE_LENGTH_MEASURE(2.E-2),#3);
#13489=PRESENTATION_STYLE_ASSIGNMENT((#13488));
#13490=STYLED_ITEM('',(#13489),#13487);
#13491=DIRECTION('',(0.E0,1.E0,0.E0));
#13492=VECTOR('',#13491,1.75E-1);
#13493=CARTESIAN_POINT('',(1.75E0,0.E0,-1.12E0));
#13494=LINE('',#13493,#13492);
#13495=CURVE_STYLE('',#32,POSITIVE_LENGTH_MEASURE(2.E-2),#3);
#13496=PRESENTATION_STYLE_ASSIGNMENT((#13495));
#13497=STYLED_ITEM('',(#13496),#13494);
#13498=DIRECTION('',(0.E0,0.E0,-1.E0));
#13499=VECTOR('',#13498,2.4E-1);
#13500=CARTESIAN_POINT('',(1.75E0,1.75E-1,-8.8E-1));
#13501=LINE('',#13500,#13499);
#13502=CURVE_STYLE('',#32,POSITIVE_LENGTH_MEASURE(2.E-2),#3);
#13503=PRESENTATION_STYLE_ASSIGNMENT((#13502));
#13504=STYLED_ITEM('',(#13503),#13501);
#13505=DIRECTION('',(0.E0,1.E0,0.E0));
#13506=VECTOR('',#13505,1.75E-1);
#13507=CARTESIAN_POINT('',(1.75E0,0.E0,-8.8E-1));
#13508=LINE('',#13507,#13506);
#13509=CURVE_STYLE('',#32,POSITIVE_LENGTH_MEASURE(2.E-2),#3);
#13510=PRESENTATION_STYLE_ASSIGNMENT((#13509));
#13511=STYLED_ITEM('',(#13510),#13508);
#13512=DIRECTION('',(0.E0,1.E0,0.E0));
#13513=VECTOR('',#13512,1.75E-1);
#13514=CARTESIAN_POINT('',(1.75E0,0.E0,-6.2E-1));
#13515=LINE('',#13514,#13513);
#13516=CURVE_STYLE('',#32,POSITIVE_LENGTH_MEASURE(2.E-2),#3);
#13517=PRESENTATION_STYLE_ASSIGNMENT((#13516));
#13518=STYLED_ITEM('',(#13517),#13515);
#13519=DIRECTION('',(0.E0,0.E0,-1.E0));
#13520=VECTOR('',#13519,2.4E-1);
#13521=CARTESIAN_POINT('',(1.75E0,1.75E-1,-3.8E-1));
#13522=LINE('',#13521,#13520);
#13523=CURVE_STYLE('',#32,POSITIVE_LENGTH_MEASURE(2.E-2),#3);
#13524=PRESENTATION_STYLE_ASSIGNMENT((#13523));
#13525=STYLED_ITEM('',(#13524),#13522);
#13526=DIRECTION('',(0.E0,1.E0,0.E0));
#13527=VECTOR('',#13526,1.75E-1);
#13528=CARTESIAN_POINT('',(1.75E0,0.E0,-3.8E-1));
#13529=LINE('',#13528,#13527);
#13530=CURVE_STYLE('',#32,POSITIVE_LENGTH_MEASURE(2.E-2),#3);
#13531=PRESENTATION_STYLE_ASSIGNMENT((#13530));
#13532=STYLED_ITEM('',(#13531),#13529);
#13533=DIRECTION('',(0.E0,1.E0,0.E0));
#13534=VECTOR('',#13533,1.75E-1);
#13535=CARTESIAN_POINT('',(1.75E0,0.E0,-1.2E-1));
#13536=LINE('',#13535,#13534);
#13537=CURVE_STYLE('',#32,POSITIVE_LENGTH_MEASURE(2.E-2),#3);
#13538=PRESENTATION_STYLE_ASSIGNMENT((#13537));
#13539=STYLED_ITEM('',(#13538),#13536);
#13540=DIRECTION('',(0.E0,0.E0,-1.E0));
#13541=VECTOR('',#13540,2.4E-1);
#13542=CARTESIAN_POINT('',(1.75E0,1.75E-1,1.2E-1));
#13543=LINE('',#13542,#13541);
#13544=CURVE_STYLE('',#32,POSITIVE_LENGTH_MEASURE(2.E-2),#3);
#13545=PRESENTATION_STYLE_ASSIGNMENT((#13544));
#13546=STYLED_ITEM('',(#13545),#13543);
#13547=DIRECTION('',(0.E0,1.E0,0.E0));
#13548=VECTOR('',#13547,1.75E-1);
#13549=CARTESIAN_POINT('',(1.75E0,0.E0,1.2E-1));
#13550=LINE('',#13549,#13548);
#13551=CURVE_STYLE('',#32,POSITIVE_LENGTH_MEASURE(2.E-2),#3);
#13552=PRESENTATION_STYLE_ASSIGNMENT((#13551));
#13553=STYLED_ITEM('',(#13552),#13550);
#13554=DIRECTION('',(0.E0,1.E0,0.E0));
#13555=VECTOR('',#13554,1.75E-1);
#13556=CARTESIAN_POINT('',(1.75E0,0.E0,3.8E-1));
#13557=LINE('',#13556,#13555);
#13558=CURVE_STYLE('',#32,POSITIVE_LENGTH_MEASURE(2.E-2),#3);
#13559=PRESENTATION_STYLE_ASSIGNMENT((#13558));
#13560=STYLED_ITEM('',(#13559),#13557);
#13561=DIRECTION('',(0.E0,0.E0,-1.E0));
#13562=VECTOR('',#13561,2.4E-1);
#13563=CARTESIAN_POINT('',(1.75E0,1.75E-1,6.2E-1));
#13564=LINE('',#13563,#13562);
#13565=CURVE_STYLE('',#32,POSITIVE_LENGTH_MEASURE(2.E-2),#3);
#13566=PRESENTATION_STYLE_ASSIGNMENT((#13565));
#13567=STYLED_ITEM('',(#13566),#13564);
#13568=DIRECTION('',(0.E0,1.E0,0.E0));
#13569=VECTOR('',#13568,1.75E-1);
#13570=CARTESIAN_POINT('',(1.75E0,0.E0,6.2E-1));
#13571=LINE('',#13570,#13569);
#13572=CURVE_STYLE('',#32,POSITIVE_LENGTH_MEASURE(2.E-2),#3);
#13573=PRESENTATION_STYLE_ASSIGNMENT((#13572));
#13574=STYLED_ITEM('',(#13573),#13571);
#13575=DIRECTION('',(0.E0,1.E0,0.E0));
#13576=VECTOR('',#13575,1.75E-1);
#13577=CARTESIAN_POINT('',(1.75E0,0.E0,8.8E-1));
#13578=LINE('',#13577,#13576);
#13579=CURVE_STYLE('',#32,POSITIVE_LENGTH_MEASURE(2.E-2),#3);
#13580=PRESENTATION_STYLE_ASSIGNMENT((#13579));
#13581=STYLED_ITEM('',(#13580),#13578);
#13582=DIRECTION('',(0.E0,0.E0,-1.E0));
#13583=VECTOR('',#13582,2.4E-1);
#13584=CARTESIAN_POINT('',(1.75E0,1.75E-1,1.12E0));
#13585=LINE('',#13584,#13583);
#13586=CURVE_STYLE('',#32,POSITIVE_LENGTH_MEASURE(2.E-2),#3);
#13587=PRESENTATION_STYLE_ASSIGNMENT((#13586));
#13588=STYLED_ITEM('',(#13587),#13585);
#13589=DIRECTION('',(0.E0,1.E0,0.E0));
#13590=VECTOR('',#13589,1.75E-1);
#13591=CARTESIAN_POINT('',(1.75E0,0.E0,1.12E0));
#13592=LINE('',#13591,#13590);
#13593=CURVE_STYLE('',#32,POSITIVE_LENGTH_MEASURE(2.E-2),#3);
#13594=PRESENTATION_STYLE_ASSIGNMENT((#13593));
#13595=STYLED_ITEM('',(#13594),#13592);
#13596=DIRECTION('',(0.E0,1.E0,0.E0));
#13597=VECTOR('',#13596,1.75E-1);
#13598=CARTESIAN_POINT('',(1.75E0,0.E0,1.38E0));
#13599=LINE('',#13598,#13597);
#13600=CURVE_STYLE('',#32,POSITIVE_LENGTH_MEASURE(2.E-2),#3);
#13601=PRESENTATION_STYLE_ASSIGNMENT((#13600));
#13602=STYLED_ITEM('',(#13601),#13599);
#13603=DIRECTION('',(0.E0,0.E0,-1.E0));
#13604=VECTOR('',#13603,2.4E-1);
#13605=CARTESIAN_POINT('',(1.75E0,1.75E-1,1.62E0));
#13606=LINE('',#13605,#13604);
#13607=CURVE_STYLE('',#32,POSITIVE_LENGTH_MEASURE(2.E-2),#3);
#13608=PRESENTATION_STYLE_ASSIGNMENT((#13607));
#13609=STYLED_ITEM('',(#13608),#13606);
#13610=DIRECTION('',(0.E0,1.E0,0.E0));
#13611=VECTOR('',#13610,1.75E-1);
#13612=CARTESIAN_POINT('',(1.75E0,0.E0,1.62E0));
#13613=LINE('',#13612,#13611);
#13614=CURVE_STYLE('',#32,POSITIVE_LENGTH_MEASURE(2.E-2),#3);
#13615=PRESENTATION_STYLE_ASSIGNMENT((#13614));
#13616=STYLED_ITEM('',(#13615),#13613);
#13617=DIRECTION('',(0.E0,1.E0,0.E0));
#13618=VECTOR('',#13617,1.75E-1);
#13619=CARTESIAN_POINT('',(1.75E0,0.E0,1.88E0));
#13620=LINE('',#13619,#13618);
#13621=CURVE_STYLE('',#32,POSITIVE_LENGTH_MEASURE(2.E-2),#3);
#13622=PRESENTATION_STYLE_ASSIGNMENT((#13621));
#13623=STYLED_ITEM('',(#13622),#13620);
#13624=DIRECTION('',(0.E0,0.E0,-1.E0));
#13625=VECTOR('',#13624,2.4E-1);
#13626=CARTESIAN_POINT('',(1.75E0,1.75E-1,2.12E0));
#13627=LINE('',#13626,#13625);
#13628=CURVE_STYLE('',#32,POSITIVE_LENGTH_MEASURE(2.E-2),#3);
#13629=PRESENTATION_STYLE_ASSIGNMENT((#13628));
#13630=STYLED_ITEM('',(#13629),#13627);
#13631=DIRECTION('',(0.E0,1.E0,0.E0));
#13632=VECTOR('',#13631,1.75E-1);
#13633=CARTESIAN_POINT('',(1.75E0,0.E0,2.12E0));
#13634=LINE('',#13633,#13632);
#13635=CURVE_STYLE('',#32,POSITIVE_LENGTH_MEASURE(2.E-2),#3);
#13636=PRESENTATION_STYLE_ASSIGNMENT((#13635));
#13637=STYLED_ITEM('',(#13636),#13634);
#13638=DIRECTION('',(0.E0,1.E0,0.E0));
#13639=VECTOR('',#13638,1.75E-1);
#13640=CARTESIAN_POINT('',(1.75E0,0.E0,2.38E0));
#13641=LINE('',#13640,#13639);
#13642=CURVE_STYLE('',#32,POSITIVE_LENGTH_MEASURE(2.E-2),#3);
#13643=PRESENTATION_STYLE_ASSIGNMENT((#13642));
#13644=STYLED_ITEM('',(#13643),#13641);
#13645=DIRECTION('',(0.E0,0.E0,-1.E0));
#13646=VECTOR('',#13645,2.4E-1);
#13647=CARTESIAN_POINT('',(1.75E0,1.75E-1,2.62E0));
#13648=LINE('',#13647,#13646);
#13649=CURVE_STYLE('',#32,POSITIVE_LENGTH_MEASURE(2.E-2),#3);
#13650=PRESENTATION_STYLE_ASSIGNMENT((#13649));
#13651=STYLED_ITEM('',(#13650),#13648);
#13652=DIRECTION('',(0.E0,1.E0,0.E0));
#13653=VECTOR('',#13652,1.75E-1);
#13654=CARTESIAN_POINT('',(1.75E0,0.E0,2.62E0));
#13655=LINE('',#13654,#13653);
#13656=CURVE_STYLE('',#32,POSITIVE_LENGTH_MEASURE(2.E-2),#3);
#13657=PRESENTATION_STYLE_ASSIGNMENT((#13656));
#13658=STYLED_ITEM('',(#13657),#13655);
#13659=DIRECTION('',(0.E0,1.E0,0.E0));
#13660=VECTOR('',#13659,1.75E-1);
#13661=CARTESIAN_POINT('',(1.75E0,0.E0,2.88E0));
#13662=LINE('',#13661,#13660);
#13663=CURVE_STYLE('',#32,POSITIVE_LENGTH_MEASURE(2.E-2),#3);
#13664=PRESENTATION_STYLE_ASSIGNMENT((#13663));
#13665=STYLED_ITEM('',(#13664),#13662);
#13666=DIRECTION('',(0.E0,0.E0,-1.E0));
#13667=VECTOR('',#13666,2.4E-1);
#13668=CARTESIAN_POINT('',(1.75E0,1.75E-1,3.12E0));
#13669=LINE('',#13668,#13667);
#13670=CURVE_STYLE('',#32,POSITIVE_LENGTH_MEASURE(2.E-2),#3);
#13671=PRESENTATION_STYLE_ASSIGNMENT((#13670));
#13672=STYLED_ITEM('',(#13671),#13669);
#13673=DIRECTION('',(0.E0,1.E0,0.E0));
#13674=VECTOR('',#13673,1.75E-1);
#13675=CARTESIAN_POINT('',(1.75E0,0.E0,3.12E0));
#13676=LINE('',#13675,#13674);
#13677=CURVE_STYLE('',#32,POSITIVE_LENGTH_MEASURE(2.E-2),#3);
#13678=PRESENTATION_STYLE_ASSIGNMENT((#13677));
#13679=STYLED_ITEM('',(#13678),#13676);
#13680=DIRECTION('',(0.E0,1.E0,0.E0));
#13681=VECTOR('',#13680,9.75E-1);
#13682=CARTESIAN_POINT('',(1.75E0,0.E0,3.5E0));
#13683=LINE('',#13682,#13681);
#13684=CURVE_STYLE('',#32,POSITIVE_LENGTH_MEASURE(2.E-2),#3);
#13685=PRESENTATION_STYLE_ASSIGNMENT((#13684));
#13686=STYLED_ITEM('',(#13685),#13683);
#13687=DIRECTION('',(0.E0,1.E0,0.E0));
#13688=VECTOR('',#13687,1.75E-1);
#13689=CARTESIAN_POINT('',(1.75E0,0.E0,-3.12E0));
#13690=LINE('',#13689,#13688);
#13691=CURVE_STYLE('',#32,POSITIVE_LENGTH_MEASURE(2.E-2),#3);
#13692=PRESENTATION_STYLE_ASSIGNMENT((#13691));
#13693=STYLED_ITEM('',(#13692),#13690);
#13694=DIRECTION('',(1.E0,0.E0,0.E0));
#13695=VECTOR('',#13694,2.81E-1);
#13696=CARTESIAN_POINT('',(1.469E0,1.75E-1,-3.12E0));
#13697=LINE('',#13696,#13695);
#13698=CURVE_STYLE('',#32,POSITIVE_LENGTH_MEASURE(2.E-2),#3);
#13699=PRESENTATION_STYLE_ASSIGNMENT((#13698));
#13700=STYLED_ITEM('',(#13699),#13697);
#13701=CARTESIAN_POINT('',(1.469E0,1.75E-1,-3.001E0));
#13702=DIRECTION('',(0.E0,-1.E0,0.E0));
#13703=DIRECTION('',(-1.E0,0.E0,0.E0));
#13704=AXIS2_PLACEMENT_3D('',#13701,#13702,#13703);
#13706=CURVE_STYLE('',#32,POSITIVE_LENGTH_MEASURE(2.E-2),#3);
#13707=PRESENTATION_STYLE_ASSIGNMENT((#13706));
#13708=STYLED_ITEM('',(#13707),#13705);
#13709=DIRECTION('',(0.E0,0.E0,-1.E0));
#13710=VECTOR('',#13709,2.000000000001E-3);
#13711=CARTESIAN_POINT('',(1.35E0,1.75E-1,-2.999E0));
#13712=LINE('',#13711,#13710);
#13713=CURVE_STYLE('',#32,POSITIVE_LENGTH_MEASURE(2.E-2),#3);
#13714=PRESENTATION_STYLE_ASSIGNMENT((#13713));
#13715=STYLED_ITEM('',(#13714),#13712);
#13716=CARTESIAN_POINT('',(1.469E0,1.75E-1,-2.999E0));
#13717=DIRECTION('',(0.E0,-1.E0,0.E0));
#13718=DIRECTION('',(0.E0,0.E0,1.E0));
#13719=AXIS2_PLACEMENT_3D('',#13716,#13717,#13718);
#13721=CURVE_STYLE('',#32,POSITIVE_LENGTH_MEASURE(2.E-2),#3);
#13722=PRESENTATION_STYLE_ASSIGNMENT((#13721));
#13723=STYLED_ITEM('',(#13722),#13720);
#13724=DIRECTION('',(-1.E0,0.E0,0.E0));
#13725=VECTOR('',#13724,2.81E-1);
#13726=CARTESIAN_POINT('',(1.75E0,1.75E-1,-2.88E0));
#13727=LINE('',#13726,#13725);
#13728=CURVE_STYLE('',#32,POSITIVE_LENGTH_MEASURE(2.E-2),#3);
#13729=PRESENTATION_STYLE_ASSIGNMENT((#13728));
#13730=STYLED_ITEM('',(#13729),#13727);
#13731=DIRECTION('',(0.E0,1.E0,0.E0));
#13732=VECTOR('',#13731,1.75E-1);
#13733=CARTESIAN_POINT('',(1.469E0,0.E0,-3.12E0));
#13734=LINE('',#13733,#13732);
#13735=CURVE_STYLE('',#32,POSITIVE_LENGTH_MEASURE(2.E-2),#3);
#13736=PRESENTATION_STYLE_ASSIGNMENT((#13735));
#13737=STYLED_ITEM('',(#13736),#13734);
#13738=DIRECTION('',(0.E0,1.E0,0.E0));
#13739=VECTOR('',#13738,1.75E-1);
#13740=CARTESIAN_POINT('',(1.35E0,0.E0,-3.001E0));
#13741=LINE('',#13740,#13739);
#13742=CURVE_STYLE('',#32,POSITIVE_LENGTH_MEASURE(2.E-2),#3);
#13743=PRESENTATION_STYLE_ASSIGNMENT((#13742));
#13744=STYLED_ITEM('',(#13743),#13741);
#13745=DIRECTION('',(0.E0,1.E0,0.E0));
#13746=VECTOR('',#13745,1.75E-1);
#13747=CARTESIAN_POINT('',(1.35E0,0.E0,-2.999E0));
#13748=LINE('',#13747,#13746);
#13749=CURVE_STYLE('',#32,POSITIVE_LENGTH_MEASURE(2.E-2),#3);
#13750=PRESENTATION_STYLE_ASSIGNMENT((#13749));
#13751=STYLED_ITEM('',(#13750),#13748);
#13752=DIRECTION('',(0.E0,1.E0,0.E0));
#13753=VECTOR('',#13752,1.75E-1);
#13754=CARTESIAN_POINT('',(1.469E0,0.E0,-2.88E0));
#13755=LINE('',#13754,#13753);
#13756=CURVE_STYLE('',#32,POSITIVE_LENGTH_MEASURE(2.E-2),#3);
#13757=PRESENTATION_STYLE_ASSIGNMENT((#13756));
#13758=STYLED_ITEM('',(#13757),#13755);
#13759=DIRECTION('',(0.E0,1.E0,0.E0));
#13760=VECTOR('',#13759,1.75E-1);
#13761=CARTESIAN_POINT('',(1.469E0,0.E0,-2.62E0));
#13762=LINE('',#13761,#13760);
#13763=CURVE_STYLE('',#32,POSITIVE_LENGTH_MEASURE(2.E-2),#3);
#13764=PRESENTATION_STYLE_ASSIGNMENT((#13763));
#13765=STYLED_ITEM('',(#13764),#13762);
#13766=DIRECTION('',(0.E0,1.E0,0.E0));
#13767=VECTOR('',#13766,1.75E-1);
#13768=CARTESIAN_POINT('',(1.35E0,0.E0,-2.501E0));
#13769=LINE('',#13768,#13767);
#13770=CURVE_STYLE('',#32,POSITIVE_LENGTH_MEASURE(2.E-2),#3);
#13771=PRESENTATION_STYLE_ASSIGNMENT((#13770));
#13772=STYLED_ITEM('',(#13771),#13769);
#13773=DIRECTION('',(0.E0,1.E0,0.E0));
#13774=VECTOR('',#13773,1.75E-1);
#13775=CARTESIAN_POINT('',(1.35E0,0.E0,-2.499E0));
#13776=LINE('',#13775,#13774);
#13777=CURVE_STYLE('',#32,POSITIVE_LENGTH_MEASURE(2.E-2),#3);
#13778=PRESENTATION_STYLE_ASSIGNMENT((#13777));
#13779=STYLED_ITEM('',(#13778),#13776);
#13780=DIRECTION('',(0.E0,1.E0,0.E0));
#13781=VECTOR('',#13780,1.75E-1);
#13782=CARTESIAN_POINT('',(1.469E0,0.E0,-2.38E0));
#13783=LINE('',#13782,#13781);
#13784=CURVE_STYLE('',#32,POSITIVE_LENGTH_MEASURE(2.E-2),#3);
#13785=PRESENTATION_STYLE_ASSIGNMENT((#13784));
#13786=STYLED_ITEM('',(#13785),#13783);
#13787=DIRECTION('',(1.E0,0.E0,0.E0));
#13788=VECTOR('',#13787,2.81E-1);
#13789=CARTESIAN_POINT('',(1.469E0,1.75E-1,-2.62E0));
#13790=LINE('',#13789,#13788);
#13791=CURVE_STYLE('',#32,POSITIVE_LENGTH_MEASURE(2.E-2),#3);
#13792=PRESENTATION_STYLE_ASSIGNMENT((#13791));
#13793=STYLED_ITEM('',(#13792),#13790);
#13794=CARTESIAN_POINT('',(1.469E0,1.75E-1,-2.501E0));
#13795=DIRECTION('',(0.E0,-1.E0,0.E0));
#13796=DIRECTION('',(-1.E0,0.E0,0.E0));
#13797=AXIS2_PLACEMENT_3D('',#13794,#13795,#13796);
#13799=CURVE_STYLE('',#32,POSITIVE_LENGTH_MEASURE(2.E-2),#3);
#13800=PRESENTATION_STYLE_ASSIGNMENT((#13799));
#13801=STYLED_ITEM('',(#13800),#13798);
#13802=DIRECTION('',(0.E0,0.E0,-1.E0));
#13803=VECTOR('',#13802,2.000000000001E-3);
#13804=CARTESIAN_POINT('',(1.35E0,1.75E-1,-2.499E0));
#13805=LINE('',#13804,#13803);
#13806=CURVE_STYLE('',#32,POSITIVE_LENGTH_MEASURE(2.E-2),#3);
#13807=PRESENTATION_STYLE_ASSIGNMENT((#13806));
#13808=STYLED_ITEM('',(#13807),#13805);
#13809=CARTESIAN_POINT('',(1.469E0,1.75E-1,-2.499E0));
#13810=DIRECTION('',(0.E0,-1.E0,0.E0));
#13811=DIRECTION('',(0.E0,0.E0,1.E0));
#13812=AXIS2_PLACEMENT_3D('',#13809,#13810,#13811);
#13814=CURVE_STYLE('',#32,POSITIVE_LENGTH_MEASURE(2.E-2),#3);
#13815=PRESENTATION_STYLE_ASSIGNMENT((#13814));
#13816=STYLED_ITEM('',(#13815),#13813);
#13817=DIRECTION('',(-1.E0,0.E0,0.E0));
#13818=VECTOR('',#13817,2.81E-1);
#13819=CARTESIAN_POINT('',(1.75E0,1.75E-1,-2.38E0));
#13820=LINE('',#13819,#13818);
#13821=CURVE_STYLE('',#32,POSITIVE_LENGTH_MEASURE(2.E-2),#3);
#13822=PRESENTATION_STYLE_ASSIGNMENT((#13821));
#13823=STYLED_ITEM('',(#13822),#13820);
#13824=DIRECTION('',(0.E0,1.E0,0.E0));
#13825=VECTOR('',#13824,1.75E-1);
#13826=CARTESIAN_POINT('',(1.469E0,0.E0,-2.12E0));
#13827=LINE('',#13826,#13825);
#13828=CURVE_STYLE('',#32,POSITIVE_LENGTH_MEASURE(2.E-2),#3);
#13829=PRESENTATION_STYLE_ASSIGNMENT((#13828));
#13830=STYLED_ITEM('',(#13829),#13827);
#13831=DIRECTION('',(0.E0,1.E0,0.E0));
#13832=VECTOR('',#13831,1.75E-1);
#13833=CARTESIAN_POINT('',(1.35E0,0.E0,-2.001E0));
#13834=LINE('',#13833,#13832);
#13835=CURVE_STYLE('',#32,POSITIVE_LENGTH_MEASURE(2.E-2),#3);
#13836=PRESENTATION_STYLE_ASSIGNMENT((#13835));
#13837=STYLED_ITEM('',(#13836),#13834);
#13838=DIRECTION('',(0.E0,1.E0,0.E0));
#13839=VECTOR('',#13838,1.75E-1);
#13840=CARTESIAN_POINT('',(1.35E0,0.E0,-1.999E0));
#13841=LINE('',#13840,#13839);
#13842=CURVE_STYLE('',#32,POSITIVE_LENGTH_MEASURE(2.E-2),#3);
#13843=PRESENTATION_STYLE_ASSIGNMENT((#13842));
#13844=STYLED_ITEM('',(#13843),#13841);
#13845=DIRECTION('',(0.E0,1.E0,0.E0));
#13846=VECTOR('',#13845,1.75E-1);
#13847=CARTESIAN_POINT('',(1.469E0,0.E0,-1.88E0));
#13848=LINE('',#13847,#13846);
#13849=CURVE_STYLE('',#32,POSITIVE_LENGTH_MEASURE(2.E-2),#3);
#13850=PRESENTATION_STYLE_ASSIGNMENT((#13849));
#13851=STYLED_ITEM('',(#13850),#13848);
#13852=DIRECTION('',(1.E0,0.E0,0.E0));
#13853=VECTOR('',#13852,2.81E-1);
#13854=CARTESIAN_POINT('',(1.469E0,1.75E-1,-2.12E0));
#13855=LINE('',#13854,#13853);
#13856=CURVE_STYLE('',#32,POSITIVE_LENGTH_MEASURE(2.E-2),#3);
#13857=PRESENTATION_STYLE_ASSIGNMENT((#13856));
#13858=STYLED_ITEM('',(#13857),#13855);
#13859=CARTESIAN_POINT('',(1.469E0,1.75E-1,-2.001E0));
#13860=DIRECTION('',(0.E0,-1.E0,0.E0));
#13861=DIRECTION('',(-1.E0,0.E0,0.E0));
#13862=AXIS2_PLACEMENT_3D('',#13859,#13860,#13861);
#13864=CURVE_STYLE('',#32,POSITIVE_LENGTH_MEASURE(2.E-2),#3);
#13865=PRESENTATION_STYLE_ASSIGNMENT((#13864));
#13866=STYLED_ITEM('',(#13865),#13863);
#13867=DIRECTION('',(0.E0,0.E0,-1.E0));
#13868=VECTOR('',#13867,2.E-3);
#13869=CARTESIAN_POINT('',(1.35E0,1.75E-1,-1.999E0));
#13870=LINE('',#13869,#13868);
#13871=CURVE_STYLE('',#32,POSITIVE_LENGTH_MEASURE(2.E-2),#3);
#13872=PRESENTATION_STYLE_ASSIGNMENT((#13871));
#13873=STYLED_ITEM('',(#13872),#13870);
#13874=CARTESIAN_POINT('',(1.469E0,1.75E-1,-1.999E0));
#13875=DIRECTION('',(0.E0,-1.E0,0.E0));
#13876=DIRECTION('',(0.E0,0.E0,1.E0));
#13877=AXIS2_PLACEMENT_3D('',#13874,#13875,#13876);
#13879=CURVE_STYLE('',#32,POSITIVE_LENGTH_MEASURE(2.E-2),#3);
#13880=PRESENTATION_STYLE_ASSIGNMENT((#13879));
#13881=STYLED_ITEM('',(#13880),#13878);
#13882=DIRECTION('',(-1.E0,0.E0,0.E0));
#13883=VECTOR('',#13882,2.81E-1);
#13884=CARTESIAN_POINT('',(1.75E0,1.75E-1,-1.88E0));
#13885=LINE('',#13884,#13883);
#13886=CURVE_STYLE('',#32,POSITIVE_LENGTH_MEASURE(2.E-2),#3);
#13887=PRESENTATION_STYLE_ASSIGNMENT((#13886));
#13888=STYLED_ITEM('',(#13887),#13885);
#13889=DIRECTION('',(0.E0,1.E0,0.E0));
#13890=VECTOR('',#13889,1.75E-1);
#13891=CARTESIAN_POINT('',(1.469E0,0.E0,-1.62E0));
#13892=LINE('',#13891,#13890);
#13893=CURVE_STYLE('',#32,POSITIVE_LENGTH_MEASURE(2.E-2),#3);
#13894=PRESENTATION_STYLE_ASSIGNMENT((#13893));
#13895=STYLED_ITEM('',(#13894),#13892);
#13896=DIRECTION('',(0.E0,1.E0,0.E0));
#13897=VECTOR('',#13896,1.75E-1);
#13898=CARTESIAN_POINT('',(1.35E0,0.E0,-1.501E0));
#13899=LINE('',#13898,#13897);
#13900=CURVE_STYLE('',#32,POSITIVE_LENGTH_MEASURE(2.E-2),#3);
#13901=PRESENTATION_STYLE_ASSIGNMENT((#13900));
#13902=STYLED_ITEM('',(#13901),#13899);
#13903=DIRECTION('',(0.E0,1.E0,0.E0));
#13904=VECTOR('',#13903,1.75E-1);
#13905=CARTESIAN_POINT('',(1.35E0,0.E0,-1.499E0));
#13906=LINE('',#13905,#13904);
#13907=CURVE_STYLE('',#32,POSITIVE_LENGTH_MEASURE(2.E-2),#3);
#13908=PRESENTATION_STYLE_ASSIGNMENT((#13907));
#13909=STYLED_ITEM('',(#13908),#13906);
#13910=DIRECTION('',(0.E0,1.E0,0.E0));
#13911=VECTOR('',#13910,1.75E-1);
#13912=CARTESIAN_POINT('',(1.469E0,0.E0,-1.38E0));
#13913=LINE('',#13912,#13911);
#13914=CURVE_STYLE('',#32,POSITIVE_LENGTH_MEASURE(2.E-2),#3);
#13915=PRESENTATION_STYLE_ASSIGNMENT((#13914));
#13916=STYLED_ITEM('',(#13915),#13913);
#13917=DIRECTION('',(1.E0,0.E0,0.E0));
#13918=VECTOR('',#13917,2.81E-1);
#13919=CARTESIAN_POINT('',(1.469E0,1.75E-1,-1.62E0));
#13920=LINE('',#13919,#13918);
#13921=CURVE_STYLE('',#32,POSITIVE_LENGTH_MEASURE(2.E-2),#3);
#13922=PRESENTATION_STYLE_ASSIGNMENT((#13921));
#13923=STYLED_ITEM('',(#13922),#13920);
#13924=CARTESIAN_POINT('',(1.469E0,1.75E-1,-1.501E0));
#13925=DIRECTION('',(0.E0,-1.E0,0.E0));
#13926=DIRECTION('',(-1.E0,0.E0,0.E0));
#13927=AXIS2_PLACEMENT_3D('',#13924,#13925,#13926);
#13929=CURVE_STYLE('',#32,POSITIVE_LENGTH_MEASURE(2.E-2),#3);
#13930=PRESENTATION_STYLE_ASSIGNMENT((#13929));
#13931=STYLED_ITEM('',(#13930),#13928);
#13932=DIRECTION('',(0.E0,0.E0,-1.E0));
#13933=VECTOR('',#13932,2.E-3);
#13934=CARTESIAN_POINT('',(1.35E0,1.75E-1,-1.499E0));
#13935=LINE('',#13934,#13933);
#13936=CURVE_STYLE('',#32,POSITIVE_LENGTH_MEASURE(2.E-2),#3);
#13937=PRESENTATION_STYLE_ASSIGNMENT((#13936));
#13938=STYLED_ITEM('',(#13937),#13935);
#13939=CARTESIAN_POINT('',(1.469E0,1.75E-1,-1.499E0));
#13940=DIRECTION('',(0.E0,-1.E0,0.E0));
#13941=DIRECTION('',(0.E0,0.E0,1.E0));
#13942=AXIS2_PLACEMENT_3D('',#13939,#13940,#13941);
#13944=CURVE_STYLE('',#32,POSITIVE_LENGTH_MEASURE(2.E-2),#3);
#13945=PRESENTATION_STYLE_ASSIGNMENT((#13944));
#13946=STYLED_ITEM('',(#13945),#13943);
#13947=DIRECTION('',(-1.E0,0.E0,0.E0));
#13948=VECTOR('',#13947,2.81E-1);
#13949=CARTESIAN_POINT('',(1.75E0,1.75E-1,-1.38E0));
#13950=LINE('',#13949,#13948);
#13951=CURVE_STYLE('',#32,POSITIVE_LENGTH_MEASURE(2.E-2),#3);
#13952=PRESENTATION_STYLE_ASSIGNMENT((#13951));
#13953=STYLED_ITEM('',(#13952),#13950);
#13954=DIRECTION('',(0.E0,1.E0,0.E0));
#13955=VECTOR('',#13954,1.75E-1);
#13956=CARTESIAN_POINT('',(1.469E0,0.E0,-1.12E0));
#13957=LINE('',#13956,#13955);
#13958=CURVE_STYLE('',#32,POSITIVE_LENGTH_MEASURE(2.E-2),#3);
#13959=PRESENTATION_STYLE_ASSIGNMENT((#13958));
#13960=STYLED_ITEM('',(#13959),#13957);
#13961=DIRECTION('',(0.E0,1.E0,0.E0));
#13962=VECTOR('',#13961,1.75E-1);
#13963=CARTESIAN_POINT('',(1.35E0,0.E0,-1.001E0));
#13964=LINE('',#13963,#13962);
#13965=CURVE_STYLE('',#32,POSITIVE_LENGTH_MEASURE(2.E-2),#3);
#13966=PRESENTATION_STYLE_ASSIGNMENT((#13965));
#13967=STYLED_ITEM('',(#13966),#13964);
#13968=DIRECTION('',(0.E0,1.E0,0.E0));
#13969=VECTOR('',#13968,1.75E-1);
#13970=CARTESIAN_POINT('',(1.35E0,0.E0,-9.99E-1));
#13971=LINE('',#13970,#13969);
#13972=CURVE_STYLE('',#32,POSITIVE_LENGTH_MEASURE(2.E-2),#3);
#13973=PRESENTATION_STYLE_ASSIGNMENT((#13972));
#13974=STYLED_ITEM('',(#13973),#13971);
#13975=DIRECTION('',(0.E0,1.E0,0.E0));
#13976=VECTOR('',#13975,1.75E-1);
#13977=CARTESIAN_POINT('',(1.469E0,0.E0,-8.8E-1));
#13978=LINE('',#13977,#13976);
#13979=CURVE_STYLE('',#32,POSITIVE_LENGTH_MEASURE(2.E-2),#3);
#13980=PRESENTATION_STYLE_ASSIGNMENT((#13979));
#13981=STYLED_ITEM('',(#13980),#13978);
#13982=DIRECTION('',(1.E0,0.E0,0.E0));
#13983=VECTOR('',#13982,2.81E-1);
#13984=CARTESIAN_POINT('',(1.469E0,1.75E-1,-1.12E0));
#13985=LINE('',#13984,#13983);
#13986=CURVE_STYLE('',#32,POSITIVE_LENGTH_MEASURE(2.E-2),#3);
#13987=PRESENTATION_STYLE_ASSIGNMENT((#13986));
#13988=STYLED_ITEM('',(#13987),#13985);
#13989=CARTESIAN_POINT('',(1.469E0,1.75E-1,-1.001E0));
#13990=DIRECTION('',(0.E0,-1.E0,0.E0));
#13991=DIRECTION('',(-1.E0,0.E0,0.E0));
#13992=AXIS2_PLACEMENT_3D('',#13989,#13990,#13991);
#13994=CURVE_STYLE('',#32,POSITIVE_LENGTH_MEASURE(2.E-2),#3);
#13995=PRESENTATION_STYLE_ASSIGNMENT((#13994));
#13996=STYLED_ITEM('',(#13995),#13993);
#13997=DIRECTION('',(0.E0,0.E0,-1.E0));
#13998=VECTOR('',#13997,2.E-3);
#13999=CARTESIAN_POINT('',(1.35E0,1.75E-1,-9.99E-1));
#14000=LINE('',#13999,#13998);
#14001=CURVE_STYLE('',#32,POSITIVE_LENGTH_MEASURE(2.E-2),#3);
#14002=PRESENTATION_STYLE_ASSIGNMENT((#14001));
#14003=STYLED_ITEM('',(#14002),#14000);
#14004=CARTESIAN_POINT('',(1.469E0,1.75E-1,-9.99E-1));
#14005=DIRECTION('',(0.E0,-1.E0,0.E0));
#14006=DIRECTION('',(0.E0,0.E0,1.E0));
#14007=AXIS2_PLACEMENT_3D('',#14004,#14005,#14006);
#14009=CURVE_STYLE('',#32,POSITIVE_LENGTH_MEASURE(2.E-2),#3);
#14010=PRESENTATION_STYLE_ASSIGNMENT((#14009));
#14011=STYLED_ITEM('',(#14010),#14008);
#14012=DIRECTION('',(-1.E0,0.E0,0.E0));
#14013=VECTOR('',#14012,2.81E-1);
#14014=CARTESIAN_POINT('',(1.75E0,1.75E-1,-8.8E-1));
#14015=LINE('',#14014,#14013);
#14016=CURVE_STYLE('',#32,POSITIVE_LENGTH_MEASURE(2.E-2),#3);
#14017=PRESENTATION_STYLE_ASSIGNMENT((#14016));
#14018=STYLED_ITEM('',(#14017),#14015);
#14019=DIRECTION('',(0.E0,1.E0,0.E0));
#14020=VECTOR('',#14019,1.75E-1);
#14021=CARTESIAN_POINT('',(1.469E0,0.E0,-6.2E-1));
#14022=LINE('',#14021,#14020);
#14023=CURVE_STYLE('',#32,POSITIVE_LENGTH_MEASURE(2.E-2),#3);
#14024=PRESENTATION_STYLE_ASSIGNMENT((#14023));
#14025=STYLED_ITEM('',(#14024),#14022);
#14026=DIRECTION('',(0.E0,1.E0,0.E0));
#14027=VECTOR('',#14026,1.75E-1);
#14028=CARTESIAN_POINT('',(1.35E0,0.E0,-5.01E-1));
#14029=LINE('',#14028,#14027);
#14030=CURVE_STYLE('',#32,POSITIVE_LENGTH_MEASURE(2.E-2),#3);
#14031=PRESENTATION_STYLE_ASSIGNMENT((#14030));
#14032=STYLED_ITEM('',(#14031),#14029);
#14033=DIRECTION('',(0.E0,1.E0,0.E0));
#14034=VECTOR('',#14033,1.75E-1);
#14035=CARTESIAN_POINT('',(1.35E0,0.E0,-4.99E-1));
#14036=LINE('',#14035,#14034);
#14037=CURVE_STYLE('',#32,POSITIVE_LENGTH_MEASURE(2.E-2),#3);
#14038=PRESENTATION_STYLE_ASSIGNMENT((#14037));
#14039=STYLED_ITEM('',(#14038),#14036);
#14040=DIRECTION('',(0.E0,1.E0,0.E0));
#14041=VECTOR('',#14040,1.75E-1);
#14042=CARTESIAN_POINT('',(1.469E0,0.E0,-3.8E-1));
#14043=LINE('',#14042,#14041);
#14044=CURVE_STYLE('',#32,POSITIVE_LENGTH_MEASURE(2.E-2),#3);
#14045=PRESENTATION_STYLE_ASSIGNMENT((#14044));
#14046=STYLED_ITEM('',(#14045),#14043);
#14047=DIRECTION('',(1.E0,0.E0,0.E0));
#14048=VECTOR('',#14047,2.81E-1);
#14049=CARTESIAN_POINT('',(1.469E0,1.75E-1,-6.2E-1));
#14050=LINE('',#14049,#14048);
#14051=CURVE_STYLE('',#32,POSITIVE_LENGTH_MEASURE(2.E-2),#3);
#14052=PRESENTATION_STYLE_ASSIGNMENT((#14051));
#14053=STYLED_ITEM('',(#14052),#14050);
#14054=CARTESIAN_POINT('',(1.469E0,1.75E-1,-5.01E-1));
#14055=DIRECTION('',(0.E0,-1.E0,0.E0));
#14056=DIRECTION('',(-1.E0,0.E0,0.E0));
#14057=AXIS2_PLACEMENT_3D('',#14054,#14055,#14056);
#14059=CURVE_STYLE('',#32,POSITIVE_LENGTH_MEASURE(2.E-2),#3);
#14060=PRESENTATION_STYLE_ASSIGNMENT((#14059));
#14061=STYLED_ITEM('',(#14060),#14058);
#14062=DIRECTION('',(0.E0,0.E0,-1.E0));
#14063=VECTOR('',#14062,2.E-3);
#14064=CARTESIAN_POINT('',(1.35E0,1.75E-1,-4.99E-1));
#14065=LINE('',#14064,#14063);
#14066=CURVE_STYLE('',#32,POSITIVE_LENGTH_MEASURE(2.E-2),#3);
#14067=PRESENTATION_STYLE_ASSIGNMENT((#14066));
#14068=STYLED_ITEM('',(#14067),#14065);
#14069=CARTESIAN_POINT('',(1.469E0,1.75E-1,-4.99E-1));
#14070=DIRECTION('',(0.E0,-1.E0,0.E0));
#14071=DIRECTION('',(0.E0,0.E0,1.E0));
#14072=AXIS2_PLACEMENT_3D('',#14069,#14070,#14071);
#14074=CURVE_STYLE('',#32,POSITIVE_LENGTH_MEASURE(2.E-2),#3);
#14075=PRESENTATION_STYLE_ASSIGNMENT((#14074));
#14076=STYLED_ITEM('',(#14075),#14073);
#14077=DIRECTION('',(-1.E0,0.E0,0.E0));
#14078=VECTOR('',#14077,2.81E-1);
#14079=CARTESIAN_POINT('',(1.75E0,1.75E-1,-3.8E-1));
#14080=LINE('',#14079,#14078);
#14081=CURVE_STYLE('',#32,POSITIVE_LENGTH_MEASURE(2.E-2),#3);
#14082=PRESENTATION_STYLE_ASSIGNMENT((#14081));
#14083=STYLED_ITEM('',(#14082),#14080);
#14084=DIRECTION('',(0.E0,1.E0,0.E0));
#14085=VECTOR('',#14084,1.75E-1);
#14086=CARTESIAN_POINT('',(1.469E0,0.E0,-1.2E-1));
#14087=LINE('',#14086,#14085);
#14088=CURVE_STYLE('',#32,POSITIVE_LENGTH_MEASURE(2.E-2),#3);
#14089=PRESENTATION_STYLE_ASSIGNMENT((#14088));
#14090=STYLED_ITEM('',(#14089),#14087);
#14091=DIRECTION('',(0.E0,1.E0,0.E0));
#14092=VECTOR('',#14091,1.75E-1);
#14093=CARTESIAN_POINT('',(1.35E0,0.E0,-1.E-3));
#14094=LINE('',#14093,#14092);
#14095=CURVE_STYLE('',#32,POSITIVE_LENGTH_MEASURE(2.E-2),#3);
#14096=PRESENTATION_STYLE_ASSIGNMENT((#14095));
#14097=STYLED_ITEM('',(#14096),#14094);
#14098=DIRECTION('',(0.E0,1.E0,0.E0));
#14099=VECTOR('',#14098,1.75E-1);
#14100=CARTESIAN_POINT('',(1.35E0,0.E0,1.E-3));
#14101=LINE('',#14100,#14099);
#14102=CURVE_STYLE('',#32,POSITIVE_LENGTH_MEASURE(2.E-2),#3);
#14103=PRESENTATION_STYLE_ASSIGNMENT((#14102));
#14104=STYLED_ITEM('',(#14103),#14101);
#14105=DIRECTION('',(0.E0,1.E0,0.E0));
#14106=VECTOR('',#14105,1.75E-1);
#14107=CARTESIAN_POINT('',(1.469E0,0.E0,1.2E-1));
#14108=LINE('',#14107,#14106);
#14109=CURVE_STYLE('',#32,POSITIVE_LENGTH_MEASURE(2.E-2),#3);
#14110=PRESENTATION_STYLE_ASSIGNMENT((#14109));
#14111=STYLED_ITEM('',(#14110),#14108);
#14112=DIRECTION('',(1.E0,0.E0,0.E0));
#14113=VECTOR('',#14112,2.81E-1);
#14114=CARTESIAN_POINT('',(1.469E0,1.75E-1,-1.2E-1));
#14115=LINE('',#14114,#14113);
#14116=CURVE_STYLE('',#32,POSITIVE_LENGTH_MEASURE(2.E-2),#3);
#14117=PRESENTATION_STYLE_ASSIGNMENT((#14116));
#14118=STYLED_ITEM('',(#14117),#14115);
#14119=CARTESIAN_POINT('',(1.469E0,1.75E-1,-1.E-3));
#14120=DIRECTION('',(0.E0,-1.E0,0.E0));
#14121=DIRECTION('',(-1.E0,0.E0,0.E0));
#14122=AXIS2_PLACEMENT_3D('',#14119,#14120,#14121);
#14124=CURVE_STYLE('',#32,POSITIVE_LENGTH_MEASURE(2.E-2),#3);
#14125=PRESENTATION_STYLE_ASSIGNMENT((#14124));
#14126=STYLED_ITEM('',(#14125),#14123);
#14127=DIRECTION('',(0.E0,0.E0,-1.E0));
#14128=VECTOR('',#14127,2.E-3);
#14129=CARTESIAN_POINT('',(1.35E0,1.75E-1,1.E-3));
#14130=LINE('',#14129,#14128);
#14131=CURVE_STYLE('',#32,POSITIVE_LENGTH_MEASURE(2.E-2),#3);
#14132=PRESENTATION_STYLE_ASSIGNMENT((#14131));
#14133=STYLED_ITEM('',(#14132),#14130);
#14134=CARTESIAN_POINT('',(1.469E0,1.75E-1,1.E-3));
#14135=DIRECTION('',(0.E0,-1.E0,0.E0));
#14136=DIRECTION('',(0.E0,0.E0,1.E0));
#14137=AXIS2_PLACEMENT_3D('',#14134,#14135,#14136);
#14139=CURVE_STYLE('',#32,POSITIVE_LENGTH_MEASURE(2.E-2),#3);
#14140=PRESENTATION_STYLE_ASSIGNMENT((#14139));
#14141=STYLED_ITEM('',(#14140),#14138);
#14142=DIRECTION('',(-1.E0,0.E0,0.E0));
#14143=VECTOR('',#14142,2.81E-1);
#14144=CARTESIAN_POINT('',(1.75E0,1.75E-1,1.2E-1));
#14145=LINE('',#14144,#14143);
#14146=CURVE_STYLE('',#32,POSITIVE_LENGTH_MEASURE(2.E-2),#3);
#14147=PRESENTATION_STYLE_ASSIGNMENT((#14146));
#14148=STYLED_ITEM('',(#14147),#14145);
#14149=DIRECTION('',(0.E0,1.E0,0.E0));
#14150=VECTOR('',#14149,1.75E-1);
#14151=CARTESIAN_POINT('',(1.469E0,0.E0,3.8E-1));
#14152=LINE('',#14151,#14150);
#14153=CURVE_STYLE('',#32,POSITIVE_LENGTH_MEASURE(2.E-2),#3);
#14154=PRESENTATION_STYLE_ASSIGNMENT((#14153));
#14155=STYLED_ITEM('',(#14154),#14152);
#14156=DIRECTION('',(0.E0,1.E0,0.E0));
#14157=VECTOR('',#14156,1.75E-1);
#14158=CARTESIAN_POINT('',(1.35E0,0.E0,4.99E-1));
#14159=LINE('',#14158,#14157);
#14160=CURVE_STYLE('',#32,POSITIVE_LENGTH_MEASURE(2.E-2),#3);
#14161=PRESENTATION_STYLE_ASSIGNMENT((#14160));
#14162=STYLED_ITEM('',(#14161),#14159);
#14163=DIRECTION('',(0.E0,1.E0,0.E0));
#14164=VECTOR('',#14163,1.75E-1);
#14165=CARTESIAN_POINT('',(1.35E0,0.E0,5.01E-1));
#14166=LINE('',#14165,#14164);
#14167=CURVE_STYLE('',#32,POSITIVE_LENGTH_MEASURE(2.E-2),#3);
#14168=PRESENTATION_STYLE_ASSIGNMENT((#14167));
#14169=STYLED_ITEM('',(#14168),#14166);
#14170=DIRECTION('',(0.E0,1.E0,0.E0));
#14171=VECTOR('',#14170,1.75E-1);
#14172=CARTESIAN_POINT('',(1.469E0,0.E0,6.2E-1));
#14173=LINE('',#14172,#14171);
#14174=CURVE_STYLE('',#32,POSITIVE_LENGTH_MEASURE(2.E-2),#3);
#14175=PRESENTATION_STYLE_ASSIGNMENT((#14174));
#14176=STYLED_ITEM('',(#14175),#14173);
#14177=DIRECTION('',(1.E0,0.E0,0.E0));
#14178=VECTOR('',#14177,2.81E-1);
#14179=CARTESIAN_POINT('',(1.469E0,1.75E-1,3.8E-1));
#14180=LINE('',#14179,#14178);
#14181=CURVE_STYLE('',#32,POSITIVE_LENGTH_MEASURE(2.E-2),#3);
#14182=PRESENTATION_STYLE_ASSIGNMENT((#14181));
#14183=STYLED_ITEM('',(#14182),#14180);
#14184=CARTESIAN_POINT('',(1.469E0,1.75E-1,4.99E-1));
#14185=DIRECTION('',(0.E0,-1.E0,0.E0));
#14186=DIRECTION('',(-1.E0,0.E0,0.E0));
#14187=AXIS2_PLACEMENT_3D('',#14184,#14185,#14186);
#14189=CURVE_STYLE('',#32,POSITIVE_LENGTH_MEASURE(2.E-2),#3);
#14190=PRESENTATION_STYLE_ASSIGNMENT((#14189));
#14191=STYLED_ITEM('',(#14190),#14188);
#14192=DIRECTION('',(0.E0,0.E0,-1.E0));
#14193=VECTOR('',#14192,2.E-3);
#14194=CARTESIAN_POINT('',(1.35E0,1.75E-1,5.01E-1));
#14195=LINE('',#14194,#14193);
#14196=CURVE_STYLE('',#32,POSITIVE_LENGTH_MEASURE(2.E-2),#3);
#14197=PRESENTATION_STYLE_ASSIGNMENT((#14196));
#14198=STYLED_ITEM('',(#14197),#14195);
#14199=CARTESIAN_POINT('',(1.469E0,1.75E-1,5.01E-1));
#14200=DIRECTION('',(0.E0,-1.E0,0.E0));
#14201=DIRECTION('',(0.E0,0.E0,1.E0));
#14202=AXIS2_PLACEMENT_3D('',#14199,#14200,#14201);
#14204=CURVE_STYLE('',#32,POSITIVE_LENGTH_MEASURE(2.E-2),#3);
#14205=PRESENTATION_STYLE_ASSIGNMENT((#14204));
#14206=STYLED_ITEM('',(#14205),#14203);
#14207=DIRECTION('',(-1.E0,0.E0,0.E0));
#14208=VECTOR('',#14207,2.81E-1);
#14209=CARTESIAN_POINT('',(1.75E0,1.75E-1,6.2E-1));
#14210=LINE('',#14209,#14208);
#14211=CURVE_STYLE('',#32,POSITIVE_LENGTH_MEASURE(2.E-2),#3);
#14212=PRESENTATION_STYLE_ASSIGNMENT((#14211));
#14213=STYLED_ITEM('',(#14212),#14210);
#14214=DIRECTION('',(0.E0,1.E0,0.E0));
#14215=VECTOR('',#14214,1.75E-1);
#14216=CARTESIAN_POINT('',(1.469E0,0.E0,8.8E-1));
#14217=LINE('',#14216,#14215);
#14218=CURVE_STYLE('',#32,POSITIVE_LENGTH_MEASURE(2.E-2),#3);
#14219=PRESENTATION_STYLE_ASSIGNMENT((#14218));
#14220=STYLED_ITEM('',(#14219),#14217);
#14221=DIRECTION('',(0.E0,1.E0,0.E0));
#14222=VECTOR('',#14221,1.75E-1);
#14223=CARTESIAN_POINT('',(1.35E0,0.E0,9.99E-1));
#14224=LINE('',#14223,#14222);
#14225=CURVE_STYLE('',#32,POSITIVE_LENGTH_MEASURE(2.E-2),#3);
#14226=PRESENTATION_STYLE_ASSIGNMENT((#14225));
#14227=STYLED_ITEM('',(#14226),#14224);
#14228=DIRECTION('',(0.E0,1.E0,0.E0));
#14229=VECTOR('',#14228,1.75E-1);
#14230=CARTESIAN_POINT('',(1.35E0,0.E0,1.001E0));
#14231=LINE('',#14230,#14229);
#14232=CURVE_STYLE('',#32,POSITIVE_LENGTH_MEASURE(2.E-2),#3);
#14233=PRESENTATION_STYLE_ASSIGNMENT((#14232));
#14234=STYLED_ITEM('',(#14233),#14231);
#14235=DIRECTION('',(0.E0,1.E0,0.E0));
#14236=VECTOR('',#14235,1.75E-1);
#14237=CARTESIAN_POINT('',(1.469E0,0.E0,1.12E0));
#14238=LINE('',#14237,#14236);
#14239=CURVE_STYLE('',#32,POSITIVE_LENGTH_MEASURE(2.E-2),#3);
#14240=PRESENTATION_STYLE_ASSIGNMENT((#14239));
#14241=STYLED_ITEM('',(#14240),#14238);
#14242=DIRECTION('',(1.E0,0.E0,0.E0));
#14243=VECTOR('',#14242,2.81E-1);
#14244=CARTESIAN_POINT('',(1.469E0,1.75E-1,8.8E-1));
#14245=LINE('',#14244,#14243);
#14246=CURVE_STYLE('',#32,POSITIVE_LENGTH_MEASURE(2.E-2),#3);
#14247=PRESENTATION_STYLE_ASSIGNMENT((#14246));
#14248=STYLED_ITEM('',(#14247),#14245);
#14249=CARTESIAN_POINT('',(1.469E0,1.75E-1,9.99E-1));
#14250=DIRECTION('',(0.E0,-1.E0,0.E0));
#14251=DIRECTION('',(-1.E0,0.E0,0.E0));
#14252=AXIS2_PLACEMENT_3D('',#14249,#14250,#14251);
#14254=CURVE_STYLE('',#32,POSITIVE_LENGTH_MEASURE(2.E-2),#3);
#14255=PRESENTATION_STYLE_ASSIGNMENT((#14254));
#14256=STYLED_ITEM('',(#14255),#14253);
#14257=DIRECTION('',(0.E0,0.E0,-1.E0));
#14258=VECTOR('',#14257,2.E-3);
#14259=CARTESIAN_POINT('',(1.35E0,1.75E-1,1.001E0));
#14260=LINE('',#14259,#14258);
#14261=CURVE_STYLE('',#32,POSITIVE_LENGTH_MEASURE(2.E-2),#3);
#14262=PRESENTATION_STYLE_ASSIGNMENT((#14261));
#14263=STYLED_ITEM('',(#14262),#14260);
#14264=CARTESIAN_POINT('',(1.469E0,1.75E-1,1.001E0));
#14265=DIRECTION('',(0.E0,-1.E0,0.E0));
#14266=DIRECTION('',(0.E0,0.E0,1.E0));
#14267=AXIS2_PLACEMENT_3D('',#14264,#14265,#14266);
#14269=CURVE_STYLE('',#32,POSITIVE_LENGTH_MEASURE(2.E-2),#3);
#14270=PRESENTATION_STYLE_ASSIGNMENT((#14269));
#14271=STYLED_ITEM('',(#14270),#14268);
#14272=DIRECTION('',(-1.E0,0.E0,0.E0));
#14273=VECTOR('',#14272,2.81E-1);
#14274=CARTESIAN_POINT('',(1.75E0,1.75E-1,1.12E0));
#14275=LINE('',#14274,#14273);
#14276=CURVE_STYLE('',#32,POSITIVE_LENGTH_MEASURE(2.E-2),#3);
#14277=PRESENTATION_STYLE_ASSIGNMENT((#14276));
#14278=STYLED_ITEM('',(#14277),#14275);
#14279=DIRECTION('',(0.E0,1.E0,0.E0));
#14280=VECTOR('',#14279,1.75E-1);
#14281=CARTESIAN_POINT('',(1.469E0,0.E0,1.38E0));
#14282=LINE('',#14281,#14280);
#14283=CURVE_STYLE('',#32,POSITIVE_LENGTH_MEASURE(2.E-2),#3);
#14284=PRESENTATION_STYLE_ASSIGNMENT((#14283));
#14285=STYLED_ITEM('',(#14284),#14282);
#14286=DIRECTION('',(0.E0,1.E0,0.E0));
#14287=VECTOR('',#14286,1.75E-1);
#14288=CARTESIAN_POINT('',(1.35E0,0.E0,1.499E0));
#14289=LINE('',#14288,#14287);
#14290=CURVE_STYLE('',#32,POSITIVE_LENGTH_MEASURE(2.E-2),#3);
#14291=PRESENTATION_STYLE_ASSIGNMENT((#14290));
#14292=STYLED_ITEM('',(#14291),#14289);
#14293=DIRECTION('',(0.E0,1.E0,0.E0));
#14294=VECTOR('',#14293,1.75E-1);
#14295=CARTESIAN_POINT('',(1.35E0,0.E0,1.501E0));
#14296=LINE('',#14295,#14294);
#14297=CURVE_STYLE('',#32,POSITIVE_LENGTH_MEASURE(2.E-2),#3);
#14298=PRESENTATION_STYLE_ASSIGNMENT((#14297));
#14299=STYLED_ITEM('',(#14298),#14296);
#14300=DIRECTION('',(0.E0,1.E0,0.E0));
#14301=VECTOR('',#14300,1.75E-1);
#14302=CARTESIAN_POINT('',(1.469E0,0.E0,1.62E0));
#14303=LINE('',#14302,#14301);
#14304=CURVE_STYLE('',#32,POSITIVE_LENGTH_MEASURE(2.E-2),#3);
#14305=PRESENTATION_STYLE_ASSIGNMENT((#14304));
#14306=STYLED_ITEM('',(#14305),#14303);
#14307=DIRECTION('',(1.E0,0.E0,0.E0));
#14308=VECTOR('',#14307,2.81E-1);
#14309=CARTESIAN_POINT('',(1.469E0,1.75E-1,1.38E0));
#14310=LINE('',#14309,#14308);
#14311=CURVE_STYLE('',#32,POSITIVE_LENGTH_MEASURE(2.E-2),#3);
#14312=PRESENTATION_STYLE_ASSIGNMENT((#14311));
#14313=STYLED_ITEM('',(#14312),#14310);
#14314=CARTESIAN_POINT('',(1.469E0,1.75E-1,1.499E0));
#14315=DIRECTION('',(0.E0,-1.E0,0.E0));
#14316=DIRECTION('',(-1.E0,0.E0,0.E0));
#14317=AXIS2_PLACEMENT_3D('',#14314,#14315,#14316);
#14319=CURVE_STYLE('',#32,POSITIVE_LENGTH_MEASURE(2.E-2),#3);
#14320=PRESENTATION_STYLE_ASSIGNMENT((#14319));
#14321=STYLED_ITEM('',(#14320),#14318);
#14322=DIRECTION('',(0.E0,0.E0,-1.E0));
#14323=VECTOR('',#14322,2.E-3);
#14324=CARTESIAN_POINT('',(1.35E0,1.75E-1,1.501E0));
#14325=LINE('',#14324,#14323);
#14326=CURVE_STYLE('',#32,POSITIVE_LENGTH_MEASURE(2.E-2),#3);
#14327=PRESENTATION_STYLE_ASSIGNMENT((#14326));
#14328=STYLED_ITEM('',(#14327),#14325);
#14329=CARTESIAN_POINT('',(1.469E0,1.75E-1,1.501E0));
#14330=DIRECTION('',(0.E0,-1.E0,0.E0));
#14331=DIRECTION('',(0.E0,0.E0,1.E0));
#14332=AXIS2_PLACEMENT_3D('',#14329,#14330,#14331);
#14334=CURVE_STYLE('',#32,POSITIVE_LENGTH_MEASURE(2.E-2),#3);
#14335=PRESENTATION_STYLE_ASSIGNMENT((#14334));
#14336=STYLED_ITEM('',(#14335),#14333);
#14337=DIRECTION('',(-1.E0,0.E0,0.E0));
#14338=VECTOR('',#14337,2.81E-1);
#14339=CARTESIAN_POINT('',(1.75E0,1.75E-1,1.62E0));
#14340=LINE('',#14339,#14338);
#14341=CURVE_STYLE('',#32,POSITIVE_LENGTH_MEASURE(2.E-2),#3);
#14342=PRESENTATION_STYLE_ASSIGNMENT((#14341));
#14343=STYLED_ITEM('',(#14342),#14340);
#14344=DIRECTION('',(0.E0,1.E0,0.E0));
#14345=VECTOR('',#14344,1.75E-1);
#14346=CARTESIAN_POINT('',(1.469E0,0.E0,1.88E0));
#14347=LINE('',#14346,#14345);
#14348=CURVE_STYLE('',#32,POSITIVE_LENGTH_MEASURE(2.E-2),#3);
#14349=PRESENTATION_STYLE_ASSIGNMENT((#14348));
#14350=STYLED_ITEM('',(#14349),#14347);
#14351=DIRECTION('',(0.E0,1.E0,0.E0));
#14352=VECTOR('',#14351,1.75E-1);
#14353=CARTESIAN_POINT('',(1.35E0,0.E0,1.999E0));
#14354=LINE('',#14353,#14352);
#14355=CURVE_STYLE('',#32,POSITIVE_LENGTH_MEASURE(2.E-2),#3);
#14356=PRESENTATION_STYLE_ASSIGNMENT((#14355));
#14357=STYLED_ITEM('',(#14356),#14354);
#14358=DIRECTION('',(0.E0,1.E0,0.E0));
#14359=VECTOR('',#14358,1.75E-1);
#14360=CARTESIAN_POINT('',(1.35E0,0.E0,2.001E0));
#14361=LINE('',#14360,#14359);
#14362=CURVE_STYLE('',#32,POSITIVE_LENGTH_MEASURE(2.E-2),#3);
#14363=PRESENTATION_STYLE_ASSIGNMENT((#14362));
#14364=STYLED_ITEM('',(#14363),#14361);
#14365=DIRECTION('',(0.E0,1.E0,0.E0));
#14366=VECTOR('',#14365,1.75E-1);
#14367=CARTESIAN_POINT('',(1.469E0,0.E0,2.12E0));
#14368=LINE('',#14367,#14366);
#14369=CURVE_STYLE('',#32,POSITIVE_LENGTH_MEASURE(2.E-2),#3);
#14370=PRESENTATION_STYLE_ASSIGNMENT((#14369));
#14371=STYLED_ITEM('',(#14370),#14368);
#14372=DIRECTION('',(1.E0,0.E0,0.E0));
#14373=VECTOR('',#14372,2.81E-1);
#14374=CARTESIAN_POINT('',(1.469E0,1.75E-1,1.88E0));
#14375=LINE('',#14374,#14373);
#14376=CURVE_STYLE('',#32,POSITIVE_LENGTH_MEASURE(2.E-2),#3);
#14377=PRESENTATION_STYLE_ASSIGNMENT((#14376));
#14378=STYLED_ITEM('',(#14377),#14375);
#14379=CARTESIAN_POINT('',(1.469E0,1.75E-1,1.999E0));
#14380=DIRECTION('',(0.E0,-1.E0,0.E0));
#14381=DIRECTION('',(-1.E0,0.E0,0.E0));
#14382=AXIS2_PLACEMENT_3D('',#14379,#14380,#14381);
#14384=CURVE_STYLE('',#32,POSITIVE_LENGTH_MEASURE(2.E-2),#3);
#14385=PRESENTATION_STYLE_ASSIGNMENT((#14384));
#14386=STYLED_ITEM('',(#14385),#14383);
#14387=DIRECTION('',(0.E0,0.E0,-1.E0));
#14388=VECTOR('',#14387,2.E-3);
#14389=CARTESIAN_POINT('',(1.35E0,1.75E-1,2.001E0));
#14390=LINE('',#14389,#14388);
#14391=CURVE_STYLE('',#32,POSITIVE_LENGTH_MEASURE(2.E-2),#3);
#14392=PRESENTATION_STYLE_ASSIGNMENT((#14391));
#14393=STYLED_ITEM('',(#14392),#14390);
#14394=CARTESIAN_POINT('',(1.469E0,1.75E-1,2.001E0));
#14395=DIRECTION('',(0.E0,-1.E0,0.E0));
#14396=DIRECTION('',(0.E0,0.E0,1.E0));
#14397=AXIS2_PLACEMENT_3D('',#14394,#14395,#14396);
#14399=CURVE_STYLE('',#32,POSITIVE_LENGTH_MEASURE(2.E-2),#3);
#14400=PRESENTATION_STYLE_ASSIGNMENT((#14399));
#14401=STYLED_ITEM('',(#14400),#14398);
#14402=DIRECTION('',(-1.E0,0.E0,0.E0));
#14403=VECTOR('',#14402,2.81E-1);
#14404=CARTESIAN_POINT('',(1.75E0,1.75E-1,2.12E0));
#14405=LINE('',#14404,#14403);
#14406=CURVE_STYLE('',#32,POSITIVE_LENGTH_MEASURE(2.E-2),#3);
#14407=PRESENTATION_STYLE_ASSIGNMENT((#14406));
#14408=STYLED_ITEM('',(#14407),#14405);
#14409=DIRECTION('',(0.E0,1.E0,0.E0));
#14410=VECTOR('',#14409,1.75E-1);
#14411=CARTESIAN_POINT('',(1.469E0,0.E0,2.38E0));
#14412=LINE('',#14411,#14410);
#14413=CURVE_STYLE('',#32,POSITIVE_LENGTH_MEASURE(2.E-2),#3);
#14414=PRESENTATION_STYLE_ASSIGNMENT((#14413));
#14415=STYLED_ITEM('',(#14414),#14412);
#14416=DIRECTION('',(0.E0,1.E0,0.E0));
#14417=VECTOR('',#14416,1.75E-1);
#14418=CARTESIAN_POINT('',(1.35E0,0.E0,2.499E0));
#14419=LINE('',#14418,#14417);
#14420=CURVE_STYLE('',#32,POSITIVE_LENGTH_MEASURE(2.E-2),#3);
#14421=PRESENTATION_STYLE_ASSIGNMENT((#14420));
#14422=STYLED_ITEM('',(#14421),#14419);
#14423=DIRECTION('',(0.E0,1.E0,0.E0));
#14424=VECTOR('',#14423,1.75E-1);
#14425=CARTESIAN_POINT('',(1.35E0,0.E0,2.501E0));
#14426=LINE('',#14425,#14424);
#14427=CURVE_STYLE('',#32,POSITIVE_LENGTH_MEASURE(2.E-2),#3);
#14428=PRESENTATION_STYLE_ASSIGNMENT((#14427));
#14429=STYLED_ITEM('',(#14428),#14426);
#14430=DIRECTION('',(0.E0,1.E0,0.E0));
#14431=VECTOR('',#14430,1.75E-1);
#14432=CARTESIAN_POINT('',(1.469E0,0.E0,2.62E0));
#14433=LINE('',#14432,#14431);
#14434=CURVE_STYLE('',#32,POSITIVE_LENGTH_MEASURE(2.E-2),#3);
#14435=PRESENTATION_STYLE_ASSIGNMENT((#14434));
#14436=STYLED_ITEM('',(#14435),#14433);
#14437=DIRECTION('',(1.E0,0.E0,0.E0));
#14438=VECTOR('',#14437,2.81E-1);
#14439=CARTESIAN_POINT('',(1.469E0,1.75E-1,2.38E0));
#14440=LINE('',#14439,#14438);
#14441=CURVE_STYLE('',#32,POSITIVE_LENGTH_MEASURE(2.E-2),#3);
#14442=PRESENTATION_STYLE_ASSIGNMENT((#14441));
#14443=STYLED_ITEM('',(#14442),#14440);
#14444=CARTESIAN_POINT('',(1.469E0,1.75E-1,2.499E0));
#14445=DIRECTION('',(0.E0,-1.E0,0.E0));
#14446=DIRECTION('',(-1.E0,0.E0,0.E0));
#14447=AXIS2_PLACEMENT_3D('',#14444,#14445,#14446);
#14449=CURVE_STYLE('',#32,POSITIVE_LENGTH_MEASURE(2.E-2),#3);
#14450=PRESENTATION_STYLE_ASSIGNMENT((#14449));
#14451=STYLED_ITEM('',(#14450),#14448);
#14452=DIRECTION('',(0.E0,0.E0,-1.E0));
#14453=VECTOR('',#14452,2.000000000001E-3);
#14454=CARTESIAN_POINT('',(1.35E0,1.75E-1,2.501E0));
#14455=LINE('',#14454,#14453);
#14456=CURVE_STYLE('',#32,POSITIVE_LENGTH_MEASURE(2.E-2),#3);
#14457=PRESENTATION_STYLE_ASSIGNMENT((#14456));
#14458=STYLED_ITEM('',(#14457),#14455);
#14459=CARTESIAN_POINT('',(1.469E0,1.75E-1,2.501E0));
#14460=DIRECTION('',(0.E0,-1.E0,0.E0));
#14461=DIRECTION('',(0.E0,0.E0,1.E0));
#14462=AXIS2_PLACEMENT_3D('',#14459,#14460,#14461);
#14464=CURVE_STYLE('',#32,POSITIVE_LENGTH_MEASURE(2.E-2),#3);
#14465=PRESENTATION_STYLE_ASSIGNMENT((#14464));
#14466=STYLED_ITEM('',(#14465),#14463);
#14467=DIRECTION('',(-1.E0,0.E0,0.E0));
#14468=VECTOR('',#14467,2.81E-1);
#14469=CARTESIAN_POINT('',(1.75E0,1.75E-1,2.62E0));
#14470=LINE('',#14469,#14468);
#14471=CURVE_STYLE('',#32,POSITIVE_LENGTH_MEASURE(2.E-2),#3);
#14472=PRESENTATION_STYLE_ASSIGNMENT((#14471));
#14473=STYLED_ITEM('',(#14472),#14470);
#14474=DIRECTION('',(0.E0,1.E0,0.E0));
#14475=VECTOR('',#14474,1.75E-1);
#14476=CARTESIAN_POINT('',(1.469E0,0.E0,2.88E0));
#14477=LINE('',#14476,#14475);
#14478=CURVE_STYLE('',#32,POSITIVE_LENGTH_MEASURE(2.E-2),#3);
#14479=PRESENTATION_STYLE_ASSIGNMENT((#14478));
#14480=STYLED_ITEM('',(#14479),#14477);
#14481=DIRECTION('',(0.E0,1.E0,0.E0));
#14482=VECTOR('',#14481,1.75E-1);
#14483=CARTESIAN_POINT('',(1.35E0,0.E0,2.999E0));
#14484=LINE('',#14483,#14482);
#14485=CURVE_STYLE('',#32,POSITIVE_LENGTH_MEASURE(2.E-2),#3);
#14486=PRESENTATION_STYLE_ASSIGNMENT((#14485));
#14487=STYLED_ITEM('',(#14486),#14484);
#14488=DIRECTION('',(0.E0,1.E0,0.E0));
#14489=VECTOR('',#14488,1.75E-1);
#14490=CARTESIAN_POINT('',(1.35E0,0.E0,3.001E0));
#14491=LINE('',#14490,#14489);
#14492=CURVE_STYLE('',#32,POSITIVE_LENGTH_MEASURE(2.E-2),#3);
#14493=PRESENTATION_STYLE_ASSIGNMENT((#14492));
#14494=STYLED_ITEM('',(#14493),#14491);
#14495=DIRECTION('',(0.E0,1.E0,0.E0));
#14496=VECTOR('',#14495,1.75E-1);
#14497=CARTESIAN_POINT('',(1.469E0,0.E0,3.12E0));
#14498=LINE('',#14497,#14496);
#14499=CURVE_STYLE('',#32,POSITIVE_LENGTH_MEASURE(2.E-2),#3);
#14500=PRESENTATION_STYLE_ASSIGNMENT((#14499));
#14501=STYLED_ITEM('',(#14500),#14498);
#14502=DIRECTION('',(1.E0,0.E0,0.E0));
#14503=VECTOR('',#14502,2.81E-1);
#14504=CARTESIAN_POINT('',(1.469E0,1.75E-1,2.88E0));
#14505=LINE('',#14504,#14503);
#14506=CURVE_STYLE('',#32,POSITIVE_LENGTH_MEASURE(2.E-2),#3);
#14507=PRESENTATION_STYLE_ASSIGNMENT((#14506));
#14508=STYLED_ITEM('',(#14507),#14505);
#14509=CARTESIAN_POINT('',(1.469E0,1.75E-1,2.999E0));
#14510=DIRECTION('',(0.E0,-1.E0,0.E0));
#14511=DIRECTION('',(-1.E0,0.E0,0.E0));
#14512=AXIS2_PLACEMENT_3D('',#14509,#14510,#14511);
#14514=CURVE_STYLE('',#32,POSITIVE_LENGTH_MEASURE(2.E-2),#3);
#14515=PRESENTATION_STYLE_ASSIGNMENT((#14514));
#14516=STYLED_ITEM('',(#14515),#14513);
#14517=DIRECTION('',(0.E0,0.E0,-1.E0));
#14518=VECTOR('',#14517,2.000000000001E-3);
#14519=CARTESIAN_POINT('',(1.35E0,1.75E-1,3.001E0));
#14520=LINE('',#14519,#14518);
#14521=CURVE_STYLE('',#32,POSITIVE_LENGTH_MEASURE(2.E-2),#3);
#14522=PRESENTATION_STYLE_ASSIGNMENT((#14521));
#14523=STYLED_ITEM('',(#14522),#14520);
#14524=CARTESIAN_POINT('',(1.469E0,1.75E-1,3.001E0));
#14525=DIRECTION('',(0.E0,-1.E0,0.E0));
#14526=DIRECTION('',(0.E0,0.E0,1.E0));
#14527=AXIS2_PLACEMENT_3D('',#14524,#14525,#14526);
#14529=CURVE_STYLE('',#32,POSITIVE_LENGTH_MEASURE(2.E-2),#3);
#14530=PRESENTATION_STYLE_ASSIGNMENT((#14529));
#14531=STYLED_ITEM('',(#14530),#14528);
#14532=DIRECTION('',(-1.E0,0.E0,0.E0));
#14533=VECTOR('',#14532,2.81E-1);
#14534=CARTESIAN_POINT('',(1.75E0,1.75E-1,3.12E0));
#14535=LINE('',#14534,#14533);
#14536=CURVE_STYLE('',#32,POSITIVE_LENGTH_MEASURE(2.E-2),#3);
#14537=PRESENTATION_STYLE_ASSIGNMENT((#14536));
#14538=STYLED_ITEM('',(#14537),#14535);
#14539=DIRECTION('',(0.E0,1.E0,0.E0));
#14540=VECTOR('',#14539,1.75E-1);
#14541=CARTESIAN_POINT('',(-1.12E0,0.E0,3.5E0));
#14542=LINE('',#14541,#14540);
#14543=CURVE_STYLE('',#32,POSITIVE_LENGTH_MEASURE(2.E-2),#3);
#14544=PRESENTATION_STYLE_ASSIGNMENT((#14543));
#14545=STYLED_ITEM('',(#14544),#14542);
#14546=DIRECTION('',(0.E0,1.E0,0.E0));
#14547=VECTOR('',#14546,9.75E-1);
#14548=CARTESIAN_POINT('',(-1.75E0,0.E0,3.5E0));
#14549=LINE('',#14548,#14547);
#14550=CURVE_STYLE('',#32,POSITIVE_LENGTH_MEASURE(2.E-2),#3);
#14551=PRESENTATION_STYLE_ASSIGNMENT((#14550));
#14552=STYLED_ITEM('',(#14551),#14549);
#14553=DIRECTION('',(0.E0,1.E0,0.E0));
#14554=VECTOR('',#14553,1.75E-1);
#14555=CARTESIAN_POINT('',(1.12E0,0.E0,3.5E0));
#14556=LINE('',#14555,#14554);
#14557=CURVE_STYLE('',#32,POSITIVE_LENGTH_MEASURE(2.E-2),#3);
#14558=PRESENTATION_STYLE_ASSIGNMENT((#14557));
#14559=STYLED_ITEM('',(#14558),#14556);
#14560=DIRECTION('',(1.E0,0.E0,0.E0));
#14561=VECTOR('',#14560,2.4E-1);
#14562=CARTESIAN_POINT('',(8.8E-1,1.75E-1,3.5E0));
#14563=LINE('',#14562,#14561);
#14564=CURVE_STYLE('',#32,POSITIVE_LENGTH_MEASURE(2.E-2),#3);
#14565=PRESENTATION_STYLE_ASSIGNMENT((#14564));
#14566=STYLED_ITEM('',(#14565),#14563);
#14567=DIRECTION('',(0.E0,1.E0,0.E0));
#14568=VECTOR('',#14567,1.75E-1);
#14569=CARTESIAN_POINT('',(8.8E-1,0.E0,3.5E0));
#14570=LINE('',#14569,#14568);
#14571=CURVE_STYLE('',#32,POSITIVE_LENGTH_MEASURE(2.E-2),#3);
#14572=PRESENTATION_STYLE_ASSIGNMENT((#14571));
#14573=STYLED_ITEM('',(#14572),#14570);
#14574=DIRECTION('',(0.E0,1.E0,0.E0));
#14575=VECTOR('',#14574,1.75E-1);
#14576=CARTESIAN_POINT('',(6.2E-1,0.E0,3.5E0));
#14577=LINE('',#14576,#14575);
#14578=CURVE_STYLE('',#32,POSITIVE_LENGTH_MEASURE(2.E-2),#3);
#14579=PRESENTATION_STYLE_ASSIGNMENT((#14578));
#14580=STYLED_ITEM('',(#14579),#14577);
#14581=DIRECTION('',(1.E0,0.E0,0.E0));
#14582=VECTOR('',#14581,2.4E-1);
#14583=CARTESIAN_POINT('',(3.8E-1,1.75E-1,3.5E0));
#14584=LINE('',#14583,#14582);
#14585=CURVE_STYLE('',#32,POSITIVE_LENGTH_MEASURE(2.E-2),#3);
#14586=PRESENTATION_STYLE_ASSIGNMENT((#14585));
#14587=STYLED_ITEM('',(#14586),#14584);
#14588=DIRECTION('',(0.E0,1.E0,0.E0));
#14589=VECTOR('',#14588,1.75E-1);
#14590=CARTESIAN_POINT('',(3.8E-1,0.E0,3.5E0));
#14591=LINE('',#14590,#14589);
#14592=CURVE_STYLE('',#32,POSITIVE_LENGTH_MEASURE(2.E-2),#3);
#14593=PRESENTATION_STYLE_ASSIGNMENT((#14592));
#14594=STYLED_ITEM('',(#14593),#14591);
#14595=DIRECTION('',(0.E0,1.E0,0.E0));
#14596=VECTOR('',#14595,1.75E-1);
#14597=CARTESIAN_POINT('',(1.2E-1,0.E0,3.5E0));
#14598=LINE('',#14597,#14596);
#14599=CURVE_STYLE('',#32,POSITIVE_LENGTH_MEASURE(2.E-2),#3);
#14600=PRESENTATION_STYLE_ASSIGNMENT((#14599));
#14601=STYLED_ITEM('',(#14600),#14598);
#14602=DIRECTION('',(1.E0,0.E0,0.E0));
#14603=VECTOR('',#14602,2.4E-1);
#14604=CARTESIAN_POINT('',(-1.2E-1,1.75E-1,3.5E0));
#14605=LINE('',#14604,#14603);
#14606=CURVE_STYLE('',#32,POSITIVE_LENGTH_MEASURE(2.E-2),#3);
#14607=PRESENTATION_STYLE_ASSIGNMENT((#14606));
#14608=STYLED_ITEM('',(#14607),#14605);
#14609=DIRECTION('',(0.E0,1.E0,0.E0));
#14610=VECTOR('',#14609,1.75E-1);
#14611=CARTESIAN_POINT('',(-1.2E-1,0.E0,3.5E0));
#14612=LINE('',#14611,#14610);
#14613=CURVE_STYLE('',#32,POSITIVE_LENGTH_MEASURE(2.E-2),#3);
#14614=PRESENTATION_STYLE_ASSIGNMENT((#14613));
#14615=STYLED_ITEM('',(#14614),#14612);
#14616=DIRECTION('',(0.E0,1.E0,0.E0));
#14617=VECTOR('',#14616,1.75E-1);
#14618=CARTESIAN_POINT('',(-3.8E-1,0.E0,3.5E0));
#14619=LINE('',#14618,#14617);
#14620=CURVE_STYLE('',#32,POSITIVE_LENGTH_MEASURE(2.E-2),#3);
#14621=PRESENTATION_STYLE_ASSIGNMENT((#14620));
#14622=STYLED_ITEM('',(#14621),#14619);
#14623=DIRECTION('',(1.E0,0.E0,0.E0));
#14624=VECTOR('',#14623,2.4E-1);
#14625=CARTESIAN_POINT('',(-6.2E-1,1.75E-1,3.5E0));
#14626=LINE('',#14625,#14624);
#14627=CURVE_STYLE('',#32,POSITIVE_LENGTH_MEASURE(2.E-2),#3);
#14628=PRESENTATION_STYLE_ASSIGNMENT((#14627));
#14629=STYLED_ITEM('',(#14628),#14626);
#14630=DIRECTION('',(0.E0,1.E0,0.E0));
#14631=VECTOR('',#14630,1.75E-1);
#14632=CARTESIAN_POINT('',(-6.2E-1,0.E0,3.5E0));
#14633=LINE('',#14632,#14631);
#14634=CURVE_STYLE('',#32,POSITIVE_LENGTH_MEASURE(2.E-2),#3);
#14635=PRESENTATION_STYLE_ASSIGNMENT((#14634));
#14636=STYLED_ITEM('',(#14635),#14633);
#14637=DIRECTION('',(0.E0,1.E0,0.E0));
#14638=VECTOR('',#14637,1.75E-1);
#14639=CARTESIAN_POINT('',(-8.8E-1,0.E0,3.5E0));
#14640=LINE('',#14639,#14638);
#14641=CURVE_STYLE('',#32,POSITIVE_LENGTH_MEASURE(2.E-2),#3);
#14642=PRESENTATION_STYLE_ASSIGNMENT((#14641));
#14643=STYLED_ITEM('',(#14642),#14640);
#14644=DIRECTION('',(1.E0,0.E0,0.E0));
#14645=VECTOR('',#14644,2.4E-1);
#14646=CARTESIAN_POINT('',(-1.12E0,1.75E-1,3.5E0));
#14647=LINE('',#14646,#14645);
#14648=CURVE_STYLE('',#32,POSITIVE_LENGTH_MEASURE(2.E-2),#3);
#14649=PRESENTATION_STYLE_ASSIGNMENT((#14648));
#14650=STYLED_ITEM('',(#14649),#14647);
#14651=DIRECTION('',(0.E0,0.E0,1.E0));
#14652=VECTOR('',#14651,2.81E-1);
#14653=CARTESIAN_POINT('',(-8.8E-1,1.75E-1,3.219E0));
#14654=LINE('',#14653,#14652);
#14655=CURVE_STYLE('',#32,POSITIVE_LENGTH_MEASURE(2.E-2),#3);
#14656=PRESENTATION_STYLE_ASSIGNMENT((#14655));
#14657=STYLED_ITEM('',(#14656),#14654);
#14658=CARTESIAN_POINT('',(-9.99E-1,1.75E-1,3.219E0));
#14659=DIRECTION('',(0.E0,-1.E0,0.E0));
#14660=DIRECTION('',(0.E0,0.E0,-1.E0));
#14661=AXIS2_PLACEMENT_3D('',#14658,#14659,#14660);
#14663=CURVE_STYLE('',#32,POSITIVE_LENGTH_MEASURE(2.E-2),#3);
#14664=PRESENTATION_STYLE_ASSIGNMENT((#14663));
#14665=STYLED_ITEM('',(#14664),#14662);
#14666=DIRECTION('',(1.E0,0.E0,0.E0));
#14667=VECTOR('',#14666,2.E-3);
#14668=CARTESIAN_POINT('',(-1.001E0,1.75E-1,3.1E0));
#14669=LINE('',#14668,#14667);
#14670=CURVE_STYLE('',#32,POSITIVE_LENGTH_MEASURE(2.E-2),#3);
#14671=PRESENTATION_STYLE_ASSIGNMENT((#14670));
#14672=STYLED_ITEM('',(#14671),#14669);
#14673=CARTESIAN_POINT('',(-1.001E0,1.75E-1,3.219E0));
#14674=DIRECTION('',(0.E0,-1.E0,0.E0));
#14675=DIRECTION('',(-1.E0,0.E0,0.E0));
#14676=AXIS2_PLACEMENT_3D('',#14673,#14674,#14675);
#14678=CURVE_STYLE('',#32,POSITIVE_LENGTH_MEASURE(2.E-2),#3);
#14679=PRESENTATION_STYLE_ASSIGNMENT((#14678));
#14680=STYLED_ITEM('',(#14679),#14677);
#14681=DIRECTION('',(0.E0,0.E0,-1.E0));
#14682=VECTOR('',#14681,2.81E-1);
#14683=CARTESIAN_POINT('',(-1.12E0,1.75E-1,3.5E0));
#14684=LINE('',#14683,#14682);
#14685=CURVE_STYLE('',#32,POSITIVE_LENGTH_MEASURE(2.E-2),#3);
#14686=PRESENTATION_STYLE_ASSIGNMENT((#14685));
#14687=STYLED_ITEM('',(#14686),#14684);
#14688=DIRECTION('',(0.E0,1.E0,0.E0));
#14689=VECTOR('',#14688,1.75E-1);
#14690=CARTESIAN_POINT('',(-8.8E-1,0.E0,3.219E0));
#14691=LINE('',#14690,#14689);
#14692=CURVE_STYLE('',#32,POSITIVE_LENGTH_MEASURE(2.E-2),#3);
#14693=PRESENTATION_STYLE_ASSIGNMENT((#14692));
#14694=STYLED_ITEM('',(#14693),#14691);
#14695=DIRECTION('',(1.015061051086E-14,1.E0,0.E0));
#14696=VECTOR('',#14695,1.75E-1);
#14697=CARTESIAN_POINT('',(-9.99E-1,0.E0,3.1E0));
#14698=LINE('',#14697,#14696);
#14699=CURVE_STYLE('',#32,POSITIVE_LENGTH_MEASURE(2.E-2),#3);
#14700=PRESENTATION_STYLE_ASSIGNMENT((#14699));
#14701=STYLED_ITEM('',(#14700),#14698);
#14702=DIRECTION('',(-1.015061051086E-14,1.E0,0.E0));
#14703=VECTOR('',#14702,1.75E-1);
#14704=CARTESIAN_POINT('',(-1.001E0,0.E0,3.1E0));
#14705=LINE('',#14704,#14703);
#14706=CURVE_STYLE('',#32,POSITIVE_LENGTH_MEASURE(2.E-2),#3);
#14707=PRESENTATION_STYLE_ASSIGNMENT((#14706));
#14708=STYLED_ITEM('',(#14707),#14705);
#14709=DIRECTION('',(0.E0,1.E0,0.E0));
#14710=VECTOR('',#14709,1.75E-1);
#14711=CARTESIAN_POINT('',(-1.12E0,0.E0,3.219E0));
#14712=LINE('',#14711,#14710);
#14713=CURVE_STYLE('',#32,POSITIVE_LENGTH_MEASURE(2.E-2),#3);
#14714=PRESENTATION_STYLE_ASSIGNMENT((#14713));
#14715=STYLED_ITEM('',(#14714),#14712);
#14716=DIRECTION('',(0.E0,0.E0,1.E0));
#14717=VECTOR('',#14716,7.E0);
#14718=CARTESIAN_POINT('',(-1.75E0,9.75E-1,-3.5E0));
#14719=LINE('',#14718,#14717);
#14720=CURVE_STYLE('',#32,POSITIVE_LENGTH_MEASURE(2.E-2),#3);
#14721=PRESENTATION_STYLE_ASSIGNMENT((#14720));
#14722=STYLED_ITEM('',(#14721),#14719);
#14723=DIRECTION('',(-1.E0,0.E0,0.E0));
#14724=VECTOR('',#14723,3.5E0);
#14725=CARTESIAN_POINT('',(1.75E0,9.75E-1,-3.5E0));
#14726=LINE('',#14725,#14724);
#14727=CURVE_STYLE('',#32,POSITIVE_LENGTH_MEASURE(2.E-2),#3);
#14728=PRESENTATION_STYLE_ASSIGNMENT((#14727));
#14729=STYLED_ITEM('',(#14728),#14726);
#14730=DIRECTION('',(0.E0,0.E0,-1.E0));
#14731=VECTOR('',#14730,7.E0);
#14732=CARTESIAN_POINT('',(1.75E0,9.75E-1,3.5E0));
#14733=LINE('',#14732,#14731);
#14734=CURVE_STYLE('',#32,POSITIVE_LENGTH_MEASURE(2.E-2),#3);
#14735=PRESENTATION_STYLE_ASSIGNMENT((#14734));
#14736=STYLED_ITEM('',(#14735),#14733);
#14737=DIRECTION('',(1.E0,0.E0,0.E0));
#14738=VECTOR('',#14737,3.5E0);
#14739=CARTESIAN_POINT('',(-1.75E0,9.75E-1,3.5E0));
#14740=LINE('',#14739,#14738);
#14741=CURVE_STYLE('',#32,POSITIVE_LENGTH_MEASURE(2.E-2),#3);
#14742=PRESENTATION_STYLE_ASSIGNMENT((#14741));
#14743=STYLED_ITEM('',(#14742),#14740);
#14744=DIRECTION('',(0.E0,1.E0,0.E0));
#14745=VECTOR('',#14744,1.75E-1);
#14746=CARTESIAN_POINT('',(1.12E0,0.E0,3.219E0));
#14747=LINE('',#14746,#14745);
#14748=CURVE_STYLE('',#32,POSITIVE_LENGTH_MEASURE(2.E-2),#3);
#14749=PRESENTATION_STYLE_ASSIGNMENT((#14748));
#14750=STYLED_ITEM('',(#14749),#14747);
#14751=DIRECTION('',(1.015061051086E-14,1.E0,0.E0));
#14752=VECTOR('',#14751,1.75E-1);
#14753=CARTESIAN_POINT('',(1.001E0,0.E0,3.1E0));
#14754=LINE('',#14753,#14752);
#14755=CURVE_STYLE('',#32,POSITIVE_LENGTH_MEASURE(2.E-2),#3);
#14756=PRESENTATION_STYLE_ASSIGNMENT((#14755));
#14757=STYLED_ITEM('',(#14756),#14754);
#14758=DIRECTION('',(-1.015061051086E-14,1.E0,0.E0));
#14759=VECTOR('',#14758,1.75E-1);
#14760=CARTESIAN_POINT('',(9.99E-1,0.E0,3.1E0));
#14761=LINE('',#14760,#14759);
#14762=CURVE_STYLE('',#32,POSITIVE_LENGTH_MEASURE(2.E-2),#3);
#14763=PRESENTATION_STYLE_ASSIGNMENT((#14762));
#14764=STYLED_ITEM('',(#14763),#14761);
#14765=DIRECTION('',(0.E0,1.E0,0.E0));
#14766=VECTOR('',#14765,1.75E-1);
#14767=CARTESIAN_POINT('',(8.8E-1,0.E0,3.219E0));
#14768=LINE('',#14767,#14766);
#14769=CURVE_STYLE('',#32,POSITIVE_LENGTH_MEASURE(2.E-2),#3);
#14770=PRESENTATION_STYLE_ASSIGNMENT((#14769));
#14771=STYLED_ITEM('',(#14770),#14768);
#14772=DIRECTION('',(0.E0,0.E0,1.E0));
#14773=VECTOR('',#14772,2.81E-1);
#14774=CARTESIAN_POINT('',(1.12E0,1.75E-1,3.219E0));
#14775=LINE('',#14774,#14773);
#14776=CURVE_STYLE('',#32,POSITIVE_LENGTH_MEASURE(2.E-2),#3);
#14777=PRESENTATION_STYLE_ASSIGNMENT((#14776));
#14778=STYLED_ITEM('',(#14777),#14775);
#14779=CARTESIAN_POINT('',(1.001E0,1.75E-1,3.219E0));
#14780=DIRECTION('',(0.E0,-1.E0,0.E0));
#14781=DIRECTION('',(0.E0,0.E0,-1.E0));
#14782=AXIS2_PLACEMENT_3D('',#14779,#14780,#14781);
#14784=CURVE_STYLE('',#32,POSITIVE_LENGTH_MEASURE(2.E-2),#3);
#14785=PRESENTATION_STYLE_ASSIGNMENT((#14784));
#14786=STYLED_ITEM('',(#14785),#14783);
#14787=DIRECTION('',(1.E0,0.E0,0.E0));
#14788=VECTOR('',#14787,2.E-3);
#14789=CARTESIAN_POINT('',(9.99E-1,1.75E-1,3.1E0));
#14790=LINE('',#14789,#14788);
#14791=CURVE_STYLE('',#32,POSITIVE_LENGTH_MEASURE(2.E-2),#3);
#14792=PRESENTATION_STYLE_ASSIGNMENT((#14791));
#14793=STYLED_ITEM('',(#14792),#14790);
#14794=CARTESIAN_POINT('',(9.99E-1,1.75E-1,3.219E0));
#14795=DIRECTION('',(0.E0,-1.E0,0.E0));
#14796=DIRECTION('',(-1.E0,0.E0,0.E0));
#14797=AXIS2_PLACEMENT_3D('',#14794,#14795,#14796);
#14799=CURVE_STYLE('',#32,POSITIVE_LENGTH_MEASURE(2.E-2),#3);
#14800=PRESENTATION_STYLE_ASSIGNMENT((#14799));
#14801=STYLED_ITEM('',(#14800),#14798);
#14802=DIRECTION('',(0.E0,0.E0,-1.E0));
#14803=VECTOR('',#14802,2.81E-1);
#14804=CARTESIAN_POINT('',(8.8E-1,1.75E-1,3.5E0));
#14805=LINE('',#14804,#14803);
#14806=CURVE_STYLE('',#32,POSITIVE_LENGTH_MEASURE(2.E-2),#3);
#14807=PRESENTATION_STYLE_ASSIGNMENT((#14806));
#14808=STYLED_ITEM('',(#14807),#14805);
#14809=DIRECTION('',(0.E0,1.E0,0.E0));
#14810=VECTOR('',#14809,1.75E-1);
#14811=CARTESIAN_POINT('',(6.2E-1,0.E0,3.219E0));
#14812=LINE('',#14811,#14810);
#14813=CURVE_STYLE('',#32,POSITIVE_LENGTH_MEASURE(2.E-2),#3);
#14814=PRESENTATION_STYLE_ASSIGNMENT((#14813));
#14815=STYLED_ITEM('',(#14814),#14812);
#14816=DIRECTION('',(0.E0,1.E0,0.E0));
#14817=VECTOR('',#14816,1.75E-1);
#14818=CARTESIAN_POINT('',(5.01E-1,0.E0,3.1E0));
#14819=LINE('',#14818,#14817);
#14820=CURVE_STYLE('',#32,POSITIVE_LENGTH_MEASURE(2.E-2),#3);
#14821=PRESENTATION_STYLE_ASSIGNMENT((#14820));
#14822=STYLED_ITEM('',(#14821),#14819);
#14823=DIRECTION('',(0.E0,1.E0,0.E0));
#14824=VECTOR('',#14823,1.75E-1);
#14825=CARTESIAN_POINT('',(4.99E-1,0.E0,3.1E0));
#14826=LINE('',#14825,#14824);
#14827=CURVE_STYLE('',#32,POSITIVE_LENGTH_MEASURE(2.E-2),#3);
#14828=PRESENTATION_STYLE_ASSIGNMENT((#14827));
#14829=STYLED_ITEM('',(#14828),#14826);
#14830=DIRECTION('',(0.E0,1.E0,0.E0));
#14831=VECTOR('',#14830,1.75E-1);
#14832=CARTESIAN_POINT('',(3.8E-1,0.E0,3.219E0));
#14833=LINE('',#14832,#14831);
#14834=CURVE_STYLE('',#32,POSITIVE_LENGTH_MEASURE(2.E-2),#3);
#14835=PRESENTATION_STYLE_ASSIGNMENT((#14834));
#14836=STYLED_ITEM('',(#14835),#14833);
#14837=DIRECTION('',(0.E0,0.E0,1.E0));
#14838=VECTOR('',#14837,2.81E-1);
#14839=CARTESIAN_POINT('',(6.2E-1,1.75E-1,3.219E0));
#14840=LINE('',#14839,#14838);
#14841=CURVE_STYLE('',#32,POSITIVE_LENGTH_MEASURE(2.E-2),#3);
#14842=PRESENTATION_STYLE_ASSIGNMENT((#14841));
#14843=STYLED_ITEM('',(#14842),#14840);
#14844=CARTESIAN_POINT('',(5.01E-1,1.75E-1,3.219E0));
#14845=DIRECTION('',(0.E0,-1.E0,0.E0));
#14846=DIRECTION('',(0.E0,0.E0,-1.E0));
#14847=AXIS2_PLACEMENT_3D('',#14844,#14845,#14846);
#14849=CURVE_STYLE('',#32,POSITIVE_LENGTH_MEASURE(2.E-2),#3);
#14850=PRESENTATION_STYLE_ASSIGNMENT((#14849));
#14851=STYLED_ITEM('',(#14850),#14848);
#14852=DIRECTION('',(1.E0,0.E0,0.E0));
#14853=VECTOR('',#14852,2.E-3);
#14854=CARTESIAN_POINT('',(4.99E-1,1.75E-1,3.1E0));
#14855=LINE('',#14854,#14853);
#14856=CURVE_STYLE('',#32,POSITIVE_LENGTH_MEASURE(2.E-2),#3);
#14857=PRESENTATION_STYLE_ASSIGNMENT((#14856));
#14858=STYLED_ITEM('',(#14857),#14855);
#14859=CARTESIAN_POINT('',(4.99E-1,1.75E-1,3.219E0));
#14860=DIRECTION('',(0.E0,-1.E0,0.E0));
#14861=DIRECTION('',(-1.E0,0.E0,0.E0));
#14862=AXIS2_PLACEMENT_3D('',#14859,#14860,#14861);
#14864=CURVE_STYLE('',#32,POSITIVE_LENGTH_MEASURE(2.E-2),#3);
#14865=PRESENTATION_STYLE_ASSIGNMENT((#14864));
#14866=STYLED_ITEM('',(#14865),#14863);
#14867=DIRECTION('',(0.E0,0.E0,-1.E0));
#14868=VECTOR('',#14867,2.81E-1);
#14869=CARTESIAN_POINT('',(3.8E-1,1.75E-1,3.5E0));
#14870=LINE('',#14869,#14868);
#14871=CURVE_STYLE('',#32,POSITIVE_LENGTH_MEASURE(2.E-2),#3);
#14872=PRESENTATION_STYLE_ASSIGNMENT((#14871));
#14873=STYLED_ITEM('',(#14872),#14870);
#14874=DIRECTION('',(0.E0,1.E0,0.E0));
#14875=VECTOR('',#14874,1.75E-1);
#14876=CARTESIAN_POINT('',(1.2E-1,0.E0,3.219E0));
#14877=LINE('',#14876,#14875);
#14878=CURVE_STYLE('',#32,POSITIVE_LENGTH_MEASURE(2.E-2),#3);
#14879=PRESENTATION_STYLE_ASSIGNMENT((#14878));
#14880=STYLED_ITEM('',(#14879),#14877);
#14881=DIRECTION('',(0.E0,1.E0,0.E0));
#14882=VECTOR('',#14881,1.75E-1);
#14883=CARTESIAN_POINT('',(9.999999999983E-4,0.E0,3.1E0));
#14884=LINE('',#14883,#14882);
#14885=CURVE_STYLE('',#32,POSITIVE_LENGTH_MEASURE(2.E-2),#3);
#14886=PRESENTATION_STYLE_ASSIGNMENT((#14885));
#14887=STYLED_ITEM('',(#14886),#14884);
#14888=DIRECTION('',(0.E0,1.E0,0.E0));
#14889=VECTOR('',#14888,1.75E-1);
#14890=CARTESIAN_POINT('',(-9.999999999983E-4,0.E0,3.1E0));
#14891=LINE('',#14890,#14889);
#14892=CURVE_STYLE('',#32,POSITIVE_LENGTH_MEASURE(2.E-2),#3);
#14893=PRESENTATION_STYLE_ASSIGNMENT((#14892));
#14894=STYLED_ITEM('',(#14893),#14891);
#14895=DIRECTION('',(0.E0,1.E0,0.E0));
#14896=VECTOR('',#14895,1.75E-1);
#14897=CARTESIAN_POINT('',(-1.2E-1,0.E0,3.219E0));
#14898=LINE('',#14897,#14896);
#14899=CURVE_STYLE('',#32,POSITIVE_LENGTH_MEASURE(2.E-2),#3);
#14900=PRESENTATION_STYLE_ASSIGNMENT((#14899));
#14901=STYLED_ITEM('',(#14900),#14898);
#14902=DIRECTION('',(0.E0,0.E0,1.E0));
#14903=VECTOR('',#14902,2.81E-1);
#14904=CARTESIAN_POINT('',(1.2E-1,1.75E-1,3.219E0));
#14905=LINE('',#14904,#14903);
#14906=CURVE_STYLE('',#32,POSITIVE_LENGTH_MEASURE(2.E-2),#3);
#14907=PRESENTATION_STYLE_ASSIGNMENT((#14906));
#14908=STYLED_ITEM('',(#14907),#14905);
#14909=CARTESIAN_POINT('',(1.E-3,1.75E-1,3.219E0));
#14910=DIRECTION('',(0.E0,-1.E0,0.E0));
#14911=DIRECTION('',(0.E0,0.E0,-1.E0));
#14912=AXIS2_PLACEMENT_3D('',#14909,#14910,#14911);
#14914=CURVE_STYLE('',#32,POSITIVE_LENGTH_MEASURE(2.E-2),#3);
#14915=PRESENTATION_STYLE_ASSIGNMENT((#14914));
#14916=STYLED_ITEM('',(#14915),#14913);
#14917=DIRECTION('',(1.E0,0.E0,0.E0));
#14918=VECTOR('',#14917,2.E-3);
#14919=CARTESIAN_POINT('',(-1.E-3,1.75E-1,3.1E0));
#14920=LINE('',#14919,#14918);
#14921=CURVE_STYLE('',#32,POSITIVE_LENGTH_MEASURE(2.E-2),#3);
#14922=PRESENTATION_STYLE_ASSIGNMENT((#14921));
#14923=STYLED_ITEM('',(#14922),#14920);
#14924=CARTESIAN_POINT('',(-1.E-3,1.75E-1,3.219E0));
#14925=DIRECTION('',(0.E0,-1.E0,0.E0));
#14926=DIRECTION('',(-1.E0,0.E0,0.E0));
#14927=AXIS2_PLACEMENT_3D('',#14924,#14925,#14926);
#14929=CURVE_STYLE('',#32,POSITIVE_LENGTH_MEASURE(2.E-2),#3);
#14930=PRESENTATION_STYLE_ASSIGNMENT((#14929));
#14931=STYLED_ITEM('',(#14930),#14928);
#14932=DIRECTION('',(0.E0,0.E0,-1.E0));
#14933=VECTOR('',#14932,2.81E-1);
#14934=CARTESIAN_POINT('',(-1.2E-1,1.75E-1,3.5E0));
#14935=LINE('',#14934,#14933);
#14936=CURVE_STYLE('',#32,POSITIVE_LENGTH_MEASURE(2.E-2),#3);
#14937=PRESENTATION_STYLE_ASSIGNMENT((#14936));
#14938=STYLED_ITEM('',(#14937),#14935);
#14939=DIRECTION('',(0.E0,1.E0,0.E0));
#14940=VECTOR('',#14939,1.75E-1);
#14941=CARTESIAN_POINT('',(-3.8E-1,0.E0,3.219E0));
#14942=LINE('',#14941,#14940);
#14943=CURVE_STYLE('',#32,POSITIVE_LENGTH_MEASURE(2.E-2),#3);
#14944=PRESENTATION_STYLE_ASSIGNMENT((#14943));
#14945=STYLED_ITEM('',(#14944),#14942);
#14946=DIRECTION('',(0.E0,1.E0,0.E0));
#14947=VECTOR('',#14946,1.75E-1);
#14948=CARTESIAN_POINT('',(-4.99E-1,0.E0,3.1E0));
#14949=LINE('',#14948,#14947);
#14950=CURVE_STYLE('',#32,POSITIVE_LENGTH_MEASURE(2.E-2),#3);
#14951=PRESENTATION_STYLE_ASSIGNMENT((#14950));
#14952=STYLED_ITEM('',(#14951),#14949);
#14953=DIRECTION('',(0.E0,1.E0,0.E0));
#14954=VECTOR('',#14953,1.75E-1);
#14955=CARTESIAN_POINT('',(-5.01E-1,0.E0,3.1E0));
#14956=LINE('',#14955,#14954);
#14957=CURVE_STYLE('',#32,POSITIVE_LENGTH_MEASURE(2.E-2),#3);
#14958=PRESENTATION_STYLE_ASSIGNMENT((#14957));
#14959=STYLED_ITEM('',(#14958),#14956);
#14960=DIRECTION('',(0.E0,1.E0,0.E0));
#14961=VECTOR('',#14960,1.75E-1);
#14962=CARTESIAN_POINT('',(-6.2E-1,0.E0,3.219E0));
#14963=LINE('',#14962,#14961);
#14964=CURVE_STYLE('',#32,POSITIVE_LENGTH_MEASURE(2.E-2),#3);
#14965=PRESENTATION_STYLE_ASSIGNMENT((#14964));
#14966=STYLED_ITEM('',(#14965),#14963);
#14967=DIRECTION('',(0.E0,0.E0,1.E0));
#14968=VECTOR('',#14967,2.81E-1);
#14969=CARTESIAN_POINT('',(-3.8E-1,1.75E-1,3.219E0));
#14970=LINE('',#14969,#14968);
#14971=CURVE_STYLE('',#32,POSITIVE_LENGTH_MEASURE(2.E-2),#3);
#14972=PRESENTATION_STYLE_ASSIGNMENT((#14971));
#14973=STYLED_ITEM('',(#14972),#14970);
#14974=CARTESIAN_POINT('',(-4.99E-1,1.75E-1,3.219E0));
#14975=DIRECTION('',(0.E0,-1.E0,0.E0));
#14976=DIRECTION('',(0.E0,0.E0,-1.E0));
#14977=AXIS2_PLACEMENT_3D('',#14974,#14975,#14976);
#14979=CURVE_STYLE('',#32,POSITIVE_LENGTH_MEASURE(2.E-2),#3);
#14980=PRESENTATION_STYLE_ASSIGNMENT((#14979));
#14981=STYLED_ITEM('',(#14980),#14978);
#14982=DIRECTION('',(1.E0,0.E0,0.E0));
#14983=VECTOR('',#14982,2.E-3);
#14984=CARTESIAN_POINT('',(-5.01E-1,1.75E-1,3.1E0));
#14985=LINE('',#14984,#14983);
#14986=CURVE_STYLE('',#32,POSITIVE_LENGTH_MEASURE(2.E-2),#3);
#14987=PRESENTATION_STYLE_ASSIGNMENT((#14986));
#14988=STYLED_ITEM('',(#14987),#14985);
#14989=CARTESIAN_POINT('',(-5.01E-1,1.75E-1,3.219E0));
#14990=DIRECTION('',(0.E0,-1.E0,0.E0));
#14991=DIRECTION('',(-1.E0,0.E0,0.E0));
#14992=AXIS2_PLACEMENT_3D('',#14989,#14990,#14991);
#14994=CURVE_STYLE('',#32,POSITIVE_LENGTH_MEASURE(2.E-2),#3);
#14995=PRESENTATION_STYLE_ASSIGNMENT((#14994));
#14996=STYLED_ITEM('',(#14995),#14993);
#14997=DIRECTION('',(0.E0,0.E0,-1.E0));
#14998=VECTOR('',#14997,2.81E-1);
#14999=CARTESIAN_POINT('',(-6.2E-1,1.75E-1,3.5E0));
#15000=LINE('',#14999,#14998);
#15001=CURVE_STYLE('',#32,POSITIVE_LENGTH_MEASURE(2.E-2),#3);
#15002=PRESENTATION_STYLE_ASSIGNMENT((#15001));
#15003=STYLED_ITEM('',(#15002),#15000);
#15004=DIRECTION('',(0.E0,1.E0,0.E0));
#15005=VECTOR('',#15004,1.75E-1);
#15006=CARTESIAN_POINT('',(-1.469E0,0.E0,3.12E0));
#15007=LINE('',#15006,#15005);
#15008=CURVE_STYLE('',#32,POSITIVE_LENGTH_MEASURE(2.E-2),#3);
#15009=PRESENTATION_STYLE_ASSIGNMENT((#15008));
#15010=STYLED_ITEM('',(#15009),#15007);
#15011=DIRECTION('',(0.E0,1.E0,0.E0));
#15012=VECTOR('',#15011,1.75E-1);
#15013=CARTESIAN_POINT('',(-1.35E0,0.E0,3.001E0));
#15014=LINE('',#15013,#15012);
#15015=CURVE_STYLE('',#32,POSITIVE_LENGTH_MEASURE(2.E-2),#3);
#15016=PRESENTATION_STYLE_ASSIGNMENT((#15015));
#15017=STYLED_ITEM('',(#15016),#15014);
#15018=DIRECTION('',(0.E0,1.E0,0.E0));
#15019=VECTOR('',#15018,1.75E-1);
#15020=CARTESIAN_POINT('',(-1.35E0,0.E0,2.999E0));
#15021=LINE('',#15020,#15019);
#15022=CURVE_STYLE('',#32,POSITIVE_LENGTH_MEASURE(2.E-2),#3);
#15023=PRESENTATION_STYLE_ASSIGNMENT((#15022));
#15024=STYLED_ITEM('',(#15023),#15021);
#15025=DIRECTION('',(0.E0,1.E0,0.E0));
#15026=VECTOR('',#15025,1.75E-1);
#15027=CARTESIAN_POINT('',(-1.469E0,0.E0,2.88E0));
#15028=LINE('',#15027,#15026);
#15029=CURVE_STYLE('',#32,POSITIVE_LENGTH_MEASURE(2.E-2),#3);
#15030=PRESENTATION_STYLE_ASSIGNMENT((#15029));
#15031=STYLED_ITEM('',(#15030),#15028);
#15032=DIRECTION('',(1.E0,0.E0,0.E0));
#15033=VECTOR('',#15032,2.81E-1);
#15034=CARTESIAN_POINT('',(-1.75E0,1.75E-1,3.12E0));
#15035=LINE('',#15034,#15033);
#15036=CURVE_STYLE('',#32,POSITIVE_LENGTH_MEASURE(2.E-2),#3);
#15037=PRESENTATION_STYLE_ASSIGNMENT((#15036));
#15038=STYLED_ITEM('',(#15037),#15035);
#15039=CARTESIAN_POINT('',(-1.469E0,1.75E-1,3.001E0));
#15040=DIRECTION('',(0.E0,1.E0,0.E0));
#15041=DIRECTION('',(0.E0,0.E0,1.E0));
#15042=AXIS2_PLACEMENT_3D('',#15039,#15040,#15041);
#15044=CURVE_STYLE('',#32,POSITIVE_LENGTH_MEASURE(2.E-2),#3);
#15045=PRESENTATION_STYLE_ASSIGNMENT((#15044));
#15046=STYLED_ITEM('',(#15045),#15043);
#15047=DIRECTION('',(0.E0,0.E0,-1.E0));
#15048=VECTOR('',#15047,2.000000000001E-3);
#15049=CARTESIAN_POINT('',(-1.35E0,1.75E-1,3.001E0));
#15050=LINE('',#15049,#15048);
#15051=CURVE_STYLE('',#32,POSITIVE_LENGTH_MEASURE(2.E-2),#3);
#15052=PRESENTATION_STYLE_ASSIGNMENT((#15051));
#15053=STYLED_ITEM('',(#15052),#15050);
#15054=CARTESIAN_POINT('',(-1.469E0,1.75E-1,2.999E0));
#15055=DIRECTION('',(0.E0,1.E0,0.E0));
#15056=DIRECTION('',(1.E0,0.E0,0.E0));
#15057=AXIS2_PLACEMENT_3D('',#15054,#15055,#15056);
#15059=CURVE_STYLE('',#32,POSITIVE_LENGTH_MEASURE(2.E-2),#3);
#15060=PRESENTATION_STYLE_ASSIGNMENT((#15059));
#15061=STYLED_ITEM('',(#15060),#15058);
#15062=DIRECTION('',(-1.E0,0.E0,0.E0));
#15063=VECTOR('',#15062,2.81E-1);
#15064=CARTESIAN_POINT('',(-1.469E0,1.75E-1,2.88E0));
#15065=LINE('',#15064,#15063);
#15066=CURVE_STYLE('',#32,POSITIVE_LENGTH_MEASURE(2.E-2),#3);
#15067=PRESENTATION_STYLE_ASSIGNMENT((#15066));
#15068=STYLED_ITEM('',(#15067),#15065);
#15069=DIRECTION('',(0.E0,1.E0,0.E0));
#15070=VECTOR('',#15069,1.75E-1);
#15071=CARTESIAN_POINT('',(-1.469E0,0.E0,2.62E0));
#15072=LINE('',#15071,#15070);
#15073=CURVE_STYLE('',#32,POSITIVE_LENGTH_MEASURE(2.E-2),#3);
#15074=PRESENTATION_STYLE_ASSIGNMENT((#15073));
#15075=STYLED_ITEM('',(#15074),#15072);
#15076=DIRECTION('',(0.E0,1.E0,0.E0));
#15077=VECTOR('',#15076,1.75E-1);
#15078=CARTESIAN_POINT('',(-1.35E0,0.E0,2.501E0));
#15079=LINE('',#15078,#15077);
#15080=CURVE_STYLE('',#32,POSITIVE_LENGTH_MEASURE(2.E-2),#3);
#15081=PRESENTATION_STYLE_ASSIGNMENT((#15080));
#15082=STYLED_ITEM('',(#15081),#15079);
#15083=DIRECTION('',(0.E0,1.E0,0.E0));
#15084=VECTOR('',#15083,1.75E-1);
#15085=CARTESIAN_POINT('',(-1.35E0,0.E0,2.499E0));
#15086=LINE('',#15085,#15084);
#15087=CURVE_STYLE('',#32,POSITIVE_LENGTH_MEASURE(2.E-2),#3);
#15088=PRESENTATION_STYLE_ASSIGNMENT((#15087));
#15089=STYLED_ITEM('',(#15088),#15086);
#15090=DIRECTION('',(0.E0,1.E0,0.E0));
#15091=VECTOR('',#15090,1.75E-1);
#15092=CARTESIAN_POINT('',(-1.469E0,0.E0,2.38E0));
#15093=LINE('',#15092,#15091);
#15094=CURVE_STYLE('',#32,POSITIVE_LENGTH_MEASURE(2.E-2),#3);
#15095=PRESENTATION_STYLE_ASSIGNMENT((#15094));
#15096=STYLED_ITEM('',(#15095),#15093);
#15097=DIRECTION('',(1.E0,0.E0,0.E0));
#15098=VECTOR('',#15097,2.81E-1);
#15099=CARTESIAN_POINT('',(-1.75E0,1.75E-1,2.62E0));
#15100=LINE('',#15099,#15098);
#15101=CURVE_STYLE('',#32,POSITIVE_LENGTH_MEASURE(2.E-2),#3);
#15102=PRESENTATION_STYLE_ASSIGNMENT((#15101));
#15103=STYLED_ITEM('',(#15102),#15100);
#15104=CARTESIAN_POINT('',(-1.469E0,1.75E-1,2.501E0));
#15105=DIRECTION('',(0.E0,1.E0,0.E0));
#15106=DIRECTION('',(0.E0,0.E0,1.E0));
#15107=AXIS2_PLACEMENT_3D('',#15104,#15105,#15106);
#15109=CURVE_STYLE('',#32,POSITIVE_LENGTH_MEASURE(2.E-2),#3);
#15110=PRESENTATION_STYLE_ASSIGNMENT((#15109));
#15111=STYLED_ITEM('',(#15110),#15108);
#15112=DIRECTION('',(0.E0,0.E0,-1.E0));
#15113=VECTOR('',#15112,2.000000000001E-3);
#15114=CARTESIAN_POINT('',(-1.35E0,1.75E-1,2.501E0));
#15115=LINE('',#15114,#15113);
#15116=CURVE_STYLE('',#32,POSITIVE_LENGTH_MEASURE(2.E-2),#3);
#15117=PRESENTATION_STYLE_ASSIGNMENT((#15116));
#15118=STYLED_ITEM('',(#15117),#15115);
#15119=CARTESIAN_POINT('',(-1.469E0,1.75E-1,2.499E0));
#15120=DIRECTION('',(0.E0,1.E0,0.E0));
#15121=DIRECTION('',(1.E0,0.E0,0.E0));
#15122=AXIS2_PLACEMENT_3D('',#15119,#15120,#15121);
#15124=CURVE_STYLE('',#32,POSITIVE_LENGTH_MEASURE(2.E-2),#3);
#15125=PRESENTATION_STYLE_ASSIGNMENT((#15124));
#15126=STYLED_ITEM('',(#15125),#15123);
#15127=DIRECTION('',(-1.E0,0.E0,0.E0));
#15128=VECTOR('',#15127,2.81E-1);
#15129=CARTESIAN_POINT('',(-1.469E0,1.75E-1,2.38E0));
#15130=LINE('',#15129,#15128);
#15131=CURVE_STYLE('',#32,POSITIVE_LENGTH_MEASURE(2.E-2),#3);
#15132=PRESENTATION_STYLE_ASSIGNMENT((#15131));
#15133=STYLED_ITEM('',(#15132),#15130);
#15134=DIRECTION('',(0.E0,1.E0,0.E0));
#15135=VECTOR('',#15134,1.75E-1);
#15136=CARTESIAN_POINT('',(-1.469E0,0.E0,2.12E0));
#15137=LINE('',#15136,#15135);
#15138=CURVE_STYLE('',#32,POSITIVE_LENGTH_MEASURE(2.E-2),#3);
#15139=PRESENTATION_STYLE_ASSIGNMENT((#15138));
#15140=STYLED_ITEM('',(#15139),#15137);
#15141=DIRECTION('',(0.E0,1.E0,0.E0));
#15142=VECTOR('',#15141,1.75E-1);
#15143=CARTESIAN_POINT('',(-1.35E0,0.E0,2.001E0));
#15144=LINE('',#15143,#15142);
#15145=CURVE_STYLE('',#32,POSITIVE_LENGTH_MEASURE(2.E-2),#3);
#15146=PRESENTATION_STYLE_ASSIGNMENT((#15145));
#15147=STYLED_ITEM('',(#15146),#15144);
#15148=DIRECTION('',(0.E0,1.E0,0.E0));
#15149=VECTOR('',#15148,1.75E-1);
#15150=CARTESIAN_POINT('',(-1.35E0,0.E0,1.999E0));
#15151=LINE('',#15150,#15149);
#15152=CURVE_STYLE('',#32,POSITIVE_LENGTH_MEASURE(2.E-2),#3);
#15153=PRESENTATION_STYLE_ASSIGNMENT((#15152));
#15154=STYLED_ITEM('',(#15153),#15151);
#15155=DIRECTION('',(0.E0,1.E0,0.E0));
#15156=VECTOR('',#15155,1.75E-1);
#15157=CARTESIAN_POINT('',(-1.469E0,0.E0,1.88E0));
#15158=LINE('',#15157,#15156);
#15159=CURVE_STYLE('',#32,POSITIVE_LENGTH_MEASURE(2.E-2),#3);
#15160=PRESENTATION_STYLE_ASSIGNMENT((#15159));
#15161=STYLED_ITEM('',(#15160),#15158);
#15162=DIRECTION('',(1.E0,0.E0,0.E0));
#15163=VECTOR('',#15162,2.81E-1);
#15164=CARTESIAN_POINT('',(-1.75E0,1.75E-1,2.12E0));
#15165=LINE('',#15164,#15163);
#15166=CURVE_STYLE('',#32,POSITIVE_LENGTH_MEASURE(2.E-2),#3);
#15167=PRESENTATION_STYLE_ASSIGNMENT((#15166));
#15168=STYLED_ITEM('',(#15167),#15165);
#15169=CARTESIAN_POINT('',(-1.469E0,1.75E-1,2.001E0));
#15170=DIRECTION('',(0.E0,1.E0,0.E0));
#15171=DIRECTION('',(0.E0,0.E0,1.E0));
#15172=AXIS2_PLACEMENT_3D('',#15169,#15170,#15171);
#15174=CURVE_STYLE('',#32,POSITIVE_LENGTH_MEASURE(2.E-2),#3);
#15175=PRESENTATION_STYLE_ASSIGNMENT((#15174));
#15176=STYLED_ITEM('',(#15175),#15173);
#15177=DIRECTION('',(0.E0,0.E0,-1.E0));
#15178=VECTOR('',#15177,2.E-3);
#15179=CARTESIAN_POINT('',(-1.35E0,1.75E-1,2.001E0));
#15180=LINE('',#15179,#15178);
#15181=CURVE_STYLE('',#32,POSITIVE_LENGTH_MEASURE(2.E-2),#3);
#15182=PRESENTATION_STYLE_ASSIGNMENT((#15181));
#15183=STYLED_ITEM('',(#15182),#15180);
#15184=CARTESIAN_POINT('',(-1.469E0,1.75E-1,1.999E0));
#15185=DIRECTION('',(0.E0,1.E0,0.E0));
#15186=DIRECTION('',(1.E0,0.E0,0.E0));
#15187=AXIS2_PLACEMENT_3D('',#15184,#15185,#15186);
#15189=CURVE_STYLE('',#32,POSITIVE_LENGTH_MEASURE(2.E-2),#3);
#15190=PRESENTATION_STYLE_ASSIGNMENT((#15189));
#15191=STYLED_ITEM('',(#15190),#15188);
#15192=DIRECTION('',(-1.E0,0.E0,0.E0));
#15193=VECTOR('',#15192,2.81E-1);
#15194=CARTESIAN_POINT('',(-1.469E0,1.75E-1,1.88E0));
#15195=LINE('',#15194,#15193);
#15196=CURVE_STYLE('',#32,POSITIVE_LENGTH_MEASURE(2.E-2),#3);
#15197=PRESENTATION_STYLE_ASSIGNMENT((#15196));
#15198=STYLED_ITEM('',(#15197),#15195);
#15199=DIRECTION('',(0.E0,1.E0,0.E0));
#15200=VECTOR('',#15199,1.75E-1);
#15201=CARTESIAN_POINT('',(-1.469E0,0.E0,1.62E0));
#15202=LINE('',#15201,#15200);
#15203=CURVE_STYLE('',#32,POSITIVE_LENGTH_MEASURE(2.E-2),#3);
#15204=PRESENTATION_STYLE_ASSIGNMENT((#15203));
#15205=STYLED_ITEM('',(#15204),#15202);
#15206=DIRECTION('',(0.E0,1.E0,0.E0));
#15207=VECTOR('',#15206,1.75E-1);
#15208=CARTESIAN_POINT('',(-1.35E0,0.E0,1.501E0));
#15209=LINE('',#15208,#15207);
#15210=CURVE_STYLE('',#32,POSITIVE_LENGTH_MEASURE(2.E-2),#3);
#15211=PRESENTATION_STYLE_ASSIGNMENT((#15210));
#15212=STYLED_ITEM('',(#15211),#15209);
#15213=DIRECTION('',(0.E0,1.E0,0.E0));
#15214=VECTOR('',#15213,1.75E-1);
#15215=CARTESIAN_POINT('',(-1.35E0,0.E0,1.499E0));
#15216=LINE('',#15215,#15214);
#15217=CURVE_STYLE('',#32,POSITIVE_LENGTH_MEASURE(2.E-2),#3);
#15218=PRESENTATION_STYLE_ASSIGNMENT((#15217));
#15219=STYLED_ITEM('',(#15218),#15216);
#15220=DIRECTION('',(0.E0,1.E0,0.E0));
#15221=VECTOR('',#15220,1.75E-1);
#15222=CARTESIAN_POINT('',(-1.469E0,0.E0,1.38E0));
#15223=LINE('',#15222,#15221);
#15224=CURVE_STYLE('',#32,POSITIVE_LENGTH_MEASURE(2.E-2),#3);
#15225=PRESENTATION_STYLE_ASSIGNMENT((#15224));
#15226=STYLED_ITEM('',(#15225),#15223);
#15227=DIRECTION('',(1.E0,0.E0,0.E0));
#15228=VECTOR('',#15227,2.81E-1);
#15229=CARTESIAN_POINT('',(-1.75E0,1.75E-1,1.62E0));
#15230=LINE('',#15229,#15228);
#15231=CURVE_STYLE('',#32,POSITIVE_LENGTH_MEASURE(2.E-2),#3);
#15232=PRESENTATION_STYLE_ASSIGNMENT((#15231));
#15233=STYLED_ITEM('',(#15232),#15230);
#15234=CARTESIAN_POINT('',(-1.469E0,1.75E-1,1.501E0));
#15235=DIRECTION('',(0.E0,1.E0,0.E0));
#15236=DIRECTION('',(0.E0,0.E0,1.E0));
#15237=AXIS2_PLACEMENT_3D('',#15234,#15235,#15236);
#15239=CURVE_STYLE('',#32,POSITIVE_LENGTH_MEASURE(2.E-2),#3);
#15240=PRESENTATION_STYLE_ASSIGNMENT((#15239));
#15241=STYLED_ITEM('',(#15240),#15238);
#15242=DIRECTION('',(0.E0,0.E0,-1.E0));
#15243=VECTOR('',#15242,2.E-3);
#15244=CARTESIAN_POINT('',(-1.35E0,1.75E-1,1.501E0));
#15245=LINE('',#15244,#15243);
#15246=CURVE_STYLE('',#32,POSITIVE_LENGTH_MEASURE(2.E-2),#3);
#15247=PRESENTATION_STYLE_ASSIGNMENT((#15246));
#15248=STYLED_ITEM('',(#15247),#15245);
#15249=CARTESIAN_POINT('',(-1.469E0,1.75E-1,1.499E0));
#15250=DIRECTION('',(0.E0,1.E0,0.E0));
#15251=DIRECTION('',(1.E0,0.E0,0.E0));
#15252=AXIS2_PLACEMENT_3D('',#15249,#15250,#15251);
#15254=CURVE_STYLE('',#32,POSITIVE_LENGTH_MEASURE(2.E-2),#3);
#15255=PRESENTATION_STYLE_ASSIGNMENT((#15254));
#15256=STYLED_ITEM('',(#15255),#15253);
#15257=DIRECTION('',(-1.E0,0.E0,0.E0));
#15258=VECTOR('',#15257,2.81E-1);
#15259=CARTESIAN_POINT('',(-1.469E0,1.75E-1,1.38E0));
#15260=LINE('',#15259,#15258);
#15261=CURVE_STYLE('',#32,POSITIVE_LENGTH_MEASURE(2.E-2),#3);
#15262=PRESENTATION_STYLE_ASSIGNMENT((#15261));
#15263=STYLED_ITEM('',(#15262),#15260);
#15264=DIRECTION('',(0.E0,1.E0,0.E0));
#15265=VECTOR('',#15264,1.75E-1);
#15266=CARTESIAN_POINT('',(-1.469E0,0.E0,1.12E0));
#15267=LINE('',#15266,#15265);
#15268=CURVE_STYLE('',#32,POSITIVE_LENGTH_MEASURE(2.E-2),#3);
#15269=PRESENTATION_STYLE_ASSIGNMENT((#15268));
#15270=STYLED_ITEM('',(#15269),#15267);
#15271=DIRECTION('',(0.E0,1.E0,0.E0));
#15272=VECTOR('',#15271,1.75E-1);
#15273=CARTESIAN_POINT('',(-1.35E0,0.E0,1.001E0));
#15274=LINE('',#15273,#15272);
#15275=CURVE_STYLE('',#32,POSITIVE_LENGTH_MEASURE(2.E-2),#3);
#15276=PRESENTATION_STYLE_ASSIGNMENT((#15275));
#15277=STYLED_ITEM('',(#15276),#15274);
#15278=DIRECTION('',(0.E0,1.E0,0.E0));
#15279=VECTOR('',#15278,1.75E-1);
#15280=CARTESIAN_POINT('',(-1.35E0,0.E0,9.99E-1));
#15281=LINE('',#15280,#15279);
#15282=CURVE_STYLE('',#32,POSITIVE_LENGTH_MEASURE(2.E-2),#3);
#15283=PRESENTATION_STYLE_ASSIGNMENT((#15282));
#15284=STYLED_ITEM('',(#15283),#15281);
#15285=DIRECTION('',(0.E0,1.E0,0.E0));
#15286=VECTOR('',#15285,1.75E-1);
#15287=CARTESIAN_POINT('',(-1.469E0,0.E0,8.8E-1));
#15288=LINE('',#15287,#15286);
#15289=CURVE_STYLE('',#32,POSITIVE_LENGTH_MEASURE(2.E-2),#3);
#15290=PRESENTATION_STYLE_ASSIGNMENT((#15289));
#15291=STYLED_ITEM('',(#15290),#15288);
#15292=DIRECTION('',(1.E0,0.E0,0.E0));
#15293=VECTOR('',#15292,2.81E-1);
#15294=CARTESIAN_POINT('',(-1.75E0,1.75E-1,1.12E0));
#15295=LINE('',#15294,#15293);
#15296=CURVE_STYLE('',#32,POSITIVE_LENGTH_MEASURE(2.E-2),#3);
#15297=PRESENTATION_STYLE_ASSIGNMENT((#15296));
#15298=STYLED_ITEM('',(#15297),#15295);
#15299=CARTESIAN_POINT('',(-1.469E0,1.75E-1,1.001E0));
#15300=DIRECTION('',(0.E0,1.E0,0.E0));
#15301=DIRECTION('',(0.E0,0.E0,1.E0));
#15302=AXIS2_PLACEMENT_3D('',#15299,#15300,#15301);
#15304=CURVE_STYLE('',#32,POSITIVE_LENGTH_MEASURE(2.E-2),#3);
#15305=PRESENTATION_STYLE_ASSIGNMENT((#15304));
#15306=STYLED_ITEM('',(#15305),#15303);
#15307=DIRECTION('',(0.E0,0.E0,-1.E0));
#15308=VECTOR('',#15307,2.E-3);
#15309=CARTESIAN_POINT('',(-1.35E0,1.75E-1,1.001E0));
#15310=LINE('',#15309,#15308);
#15311=CURVE_STYLE('',#32,POSITIVE_LENGTH_MEASURE(2.E-2),#3);
#15312=PRESENTATION_STYLE_ASSIGNMENT((#15311));
#15313=STYLED_ITEM('',(#15312),#15310);
#15314=CARTESIAN_POINT('',(-1.469E0,1.75E-1,9.99E-1));
#15315=DIRECTION('',(0.E0,1.E0,0.E0));
#15316=DIRECTION('',(1.E0,0.E0,0.E0));
#15317=AXIS2_PLACEMENT_3D('',#15314,#15315,#15316);
#15319=CURVE_STYLE('',#32,POSITIVE_LENGTH_MEASURE(2.E-2),#3);
#15320=PRESENTATION_STYLE_ASSIGNMENT((#15319));
#15321=STYLED_ITEM('',(#15320),#15318);
#15322=DIRECTION('',(-1.E0,0.E0,0.E0));
#15323=VECTOR('',#15322,2.81E-1);
#15324=CARTESIAN_POINT('',(-1.469E0,1.75E-1,8.8E-1));
#15325=LINE('',#15324,#15323);
#15326=CURVE_STYLE('',#32,POSITIVE_LENGTH_MEASURE(2.E-2),#3);
#15327=PRESENTATION_STYLE_ASSIGNMENT((#15326));
#15328=STYLED_ITEM('',(#15327),#15325);
#15329=DIRECTION('',(0.E0,1.E0,0.E0));
#15330=VECTOR('',#15329,1.75E-1);
#15331=CARTESIAN_POINT('',(-1.469E0,0.E0,6.2E-1));
#15332=LINE('',#15331,#15330);
#15333=CURVE_STYLE('',#32,POSITIVE_LENGTH_MEASURE(2.E-2),#3);
#15334=PRESENTATION_STYLE_ASSIGNMENT((#15333));
#15335=STYLED_ITEM('',(#15334),#15332);
#15336=DIRECTION('',(0.E0,1.E0,0.E0));
#15337=VECTOR('',#15336,1.75E-1);
#15338=CARTESIAN_POINT('',(-1.35E0,0.E0,5.01E-1));
#15339=LINE('',#15338,#15337);
#15340=CURVE_STYLE('',#32,POSITIVE_LENGTH_MEASURE(2.E-2),#3);
#15341=PRESENTATION_STYLE_ASSIGNMENT((#15340));
#15342=STYLED_ITEM('',(#15341),#15339);
#15343=DIRECTION('',(0.E0,1.E0,0.E0));
#15344=VECTOR('',#15343,1.75E-1);
#15345=CARTESIAN_POINT('',(-1.35E0,0.E0,4.99E-1));
#15346=LINE('',#15345,#15344);
#15347=CURVE_STYLE('',#32,POSITIVE_LENGTH_MEASURE(2.E-2),#3);
#15348=PRESENTATION_STYLE_ASSIGNMENT((#15347));
#15349=STYLED_ITEM('',(#15348),#15346);
#15350=DIRECTION('',(0.E0,1.E0,0.E0));
#15351=VECTOR('',#15350,1.75E-1);
#15352=CARTESIAN_POINT('',(-1.469E0,0.E0,3.8E-1));
#15353=LINE('',#15352,#15351);
#15354=CURVE_STYLE('',#32,POSITIVE_LENGTH_MEASURE(2.E-2),#3);
#15355=PRESENTATION_STYLE_ASSIGNMENT((#15354));
#15356=STYLED_ITEM('',(#15355),#15353);
#15357=DIRECTION('',(1.E0,0.E0,0.E0));
#15358=VECTOR('',#15357,2.81E-1);
#15359=CARTESIAN_POINT('',(-1.75E0,1.75E-1,6.2E-1));
#15360=LINE('',#15359,#15358);
#15361=CURVE_STYLE('',#32,POSITIVE_LENGTH_MEASURE(2.E-2),#3);
#15362=PRESENTATION_STYLE_ASSIGNMENT((#15361));
#15363=STYLED_ITEM('',(#15362),#15360);
#15364=CARTESIAN_POINT('',(-1.469E0,1.75E-1,5.01E-1));
#15365=DIRECTION('',(0.E0,1.E0,0.E0));
#15366=DIRECTION('',(0.E0,0.E0,1.E0));
#15367=AXIS2_PLACEMENT_3D('',#15364,#15365,#15366);
#15369=CURVE_STYLE('',#32,POSITIVE_LENGTH_MEASURE(2.E-2),#3);
#15370=PRESENTATION_STYLE_ASSIGNMENT((#15369));
#15371=STYLED_ITEM('',(#15370),#15368);
#15372=DIRECTION('',(0.E0,0.E0,-1.E0));
#15373=VECTOR('',#15372,2.E-3);
#15374=CARTESIAN_POINT('',(-1.35E0,1.75E-1,5.01E-1));
#15375=LINE('',#15374,#15373);
#15376=CURVE_STYLE('',#32,POSITIVE_LENGTH_MEASURE(2.E-2),#3);
#15377=PRESENTATION_STYLE_ASSIGNMENT((#15376));
#15378=STYLED_ITEM('',(#15377),#15375);
#15379=CARTESIAN_POINT('',(-1.469E0,1.75E-1,4.99E-1));
#15380=DIRECTION('',(0.E0,1.E0,0.E0));
#15381=DIRECTION('',(1.E0,0.E0,0.E0));
#15382=AXIS2_PLACEMENT_3D('',#15379,#15380,#15381);
#15384=CURVE_STYLE('',#32,POSITIVE_LENGTH_MEASURE(2.E-2),#3);
#15385=PRESENTATION_STYLE_ASSIGNMENT((#15384));
#15386=STYLED_ITEM('',(#15385),#15383);
#15387=DIRECTION('',(-1.E0,0.E0,0.E0));
#15388=VECTOR('',#15387,2.81E-1);
#15389=CARTESIAN_POINT('',(-1.469E0,1.75E-1,3.8E-1));
#15390=LINE('',#15389,#15388);
#15391=CURVE_STYLE('',#32,POSITIVE_LENGTH_MEASURE(2.E-2),#3);
#15392=PRESENTATION_STYLE_ASSIGNMENT((#15391));
#15393=STYLED_ITEM('',(#15392),#15390);
#15394=DIRECTION('',(0.E0,1.E0,0.E0));
#15395=VECTOR('',#15394,1.75E-1);
#15396=CARTESIAN_POINT('',(-1.469E0,0.E0,1.2E-1));
#15397=LINE('',#15396,#15395);
#15398=CURVE_STYLE('',#32,POSITIVE_LENGTH_MEASURE(2.E-2),#3);
#15399=PRESENTATION_STYLE_ASSIGNMENT((#15398));
#15400=STYLED_ITEM('',(#15399),#15397);
#15401=DIRECTION('',(0.E0,1.E0,0.E0));
#15402=VECTOR('',#15401,1.75E-1);
#15403=CARTESIAN_POINT('',(-1.35E0,0.E0,1.E-3));
#15404=LINE('',#15403,#15402);
#15405=CURVE_STYLE('',#32,POSITIVE_LENGTH_MEASURE(2.E-2),#3);
#15406=PRESENTATION_STYLE_ASSIGNMENT((#15405));
#15407=STYLED_ITEM('',(#15406),#15404);
#15408=DIRECTION('',(0.E0,1.E0,0.E0));
#15409=VECTOR('',#15408,1.75E-1);
#15410=CARTESIAN_POINT('',(-1.35E0,0.E0,-1.E-3));
#15411=LINE('',#15410,#15409);
#15412=CURVE_STYLE('',#32,POSITIVE_LENGTH_MEASURE(2.E-2),#3);
#15413=PRESENTATION_STYLE_ASSIGNMENT((#15412));
#15414=STYLED_ITEM('',(#15413),#15411);
#15415=DIRECTION('',(0.E0,1.E0,0.E0));
#15416=VECTOR('',#15415,1.75E-1);
#15417=CARTESIAN_POINT('',(-1.469E0,0.E0,-1.2E-1));
#15418=LINE('',#15417,#15416);
#15419=CURVE_STYLE('',#32,POSITIVE_LENGTH_MEASURE(2.E-2),#3);
#15420=PRESENTATION_STYLE_ASSIGNMENT((#15419));
#15421=STYLED_ITEM('',(#15420),#15418);
#15422=DIRECTION('',(1.E0,0.E0,0.E0));
#15423=VECTOR('',#15422,2.81E-1);
#15424=CARTESIAN_POINT('',(-1.75E0,1.75E-1,1.2E-1));
#15425=LINE('',#15424,#15423);
#15426=CURVE_STYLE('',#32,POSITIVE_LENGTH_MEASURE(2.E-2),#3);
#15427=PRESENTATION_STYLE_ASSIGNMENT((#15426));
#15428=STYLED_ITEM('',(#15427),#15425);
#15429=CARTESIAN_POINT('',(-1.469E0,1.75E-1,1.E-3));
#15430=DIRECTION('',(0.E0,1.E0,0.E0));
#15431=DIRECTION('',(0.E0,0.E0,1.E0));
#15432=AXIS2_PLACEMENT_3D('',#15429,#15430,#15431);
#15434=CURVE_STYLE('',#32,POSITIVE_LENGTH_MEASURE(2.E-2),#3);
#15435=PRESENTATION_STYLE_ASSIGNMENT((#15434));
#15436=STYLED_ITEM('',(#15435),#15433);
#15437=DIRECTION('',(0.E0,0.E0,-1.E0));
#15438=VECTOR('',#15437,2.E-3);
#15439=CARTESIAN_POINT('',(-1.35E0,1.75E-1,1.E-3));
#15440=LINE('',#15439,#15438);
#15441=CURVE_STYLE('',#32,POSITIVE_LENGTH_MEASURE(2.E-2),#3);
#15442=PRESENTATION_STYLE_ASSIGNMENT((#15441));
#15443=STYLED_ITEM('',(#15442),#15440);
#15444=CARTESIAN_POINT('',(-1.469E0,1.75E-1,-1.E-3));
#15445=DIRECTION('',(0.E0,1.E0,0.E0));
#15446=DIRECTION('',(1.E0,0.E0,0.E0));
#15447=AXIS2_PLACEMENT_3D('',#15444,#15445,#15446);
#15449=CURVE_STYLE('',#32,POSITIVE_LENGTH_MEASURE(2.E-2),#3);
#15450=PRESENTATION_STYLE_ASSIGNMENT((#15449));
#15451=STYLED_ITEM('',(#15450),#15448);
#15452=DIRECTION('',(-1.E0,0.E0,0.E0));
#15453=VECTOR('',#15452,2.81E-1);
#15454=CARTESIAN_POINT('',(-1.469E0,1.75E-1,-1.2E-1));
#15455=LINE('',#15454,#15453);
#15456=CURVE_STYLE('',#32,POSITIVE_LENGTH_MEASURE(2.E-2),#3);
#15457=PRESENTATION_STYLE_ASSIGNMENT((#15456));
#15458=STYLED_ITEM('',(#15457),#15455);
#15459=DIRECTION('',(0.E0,1.E0,0.E0));
#15460=VECTOR('',#15459,1.75E-1);
#15461=CARTESIAN_POINT('',(-1.469E0,0.E0,-3.8E-1));
#15462=LINE('',#15461,#15460);
#15463=CURVE_STYLE('',#32,POSITIVE_LENGTH_MEASURE(2.E-2),#3);
#15464=PRESENTATION_STYLE_ASSIGNMENT((#15463));
#15465=STYLED_ITEM('',(#15464),#15462);
#15466=DIRECTION('',(0.E0,1.E0,0.E0));
#15467=VECTOR('',#15466,1.75E-1);
#15468=CARTESIAN_POINT('',(-1.35E0,0.E0,-4.99E-1));
#15469=LINE('',#15468,#15467);
#15470=CURVE_STYLE('',#32,POSITIVE_LENGTH_MEASURE(2.E-2),#3);
#15471=PRESENTATION_STYLE_ASSIGNMENT((#15470));
#15472=STYLED_ITEM('',(#15471),#15469);
#15473=DIRECTION('',(0.E0,1.E0,0.E0));
#15474=VECTOR('',#15473,1.75E-1);
#15475=CARTESIAN_POINT('',(-1.35E0,0.E0,-5.01E-1));
#15476=LINE('',#15475,#15474);
#15477=CURVE_STYLE('',#32,POSITIVE_LENGTH_MEASURE(2.E-2),#3);
#15478=PRESENTATION_STYLE_ASSIGNMENT((#15477));
#15479=STYLED_ITEM('',(#15478),#15476);
#15480=DIRECTION('',(0.E0,1.E0,0.E0));
#15481=VECTOR('',#15480,1.75E-1);
#15482=CARTESIAN_POINT('',(-1.469E0,0.E0,-6.2E-1));
#15483=LINE('',#15482,#15481);
#15484=CURVE_STYLE('',#32,POSITIVE_LENGTH_MEASURE(2.E-2),#3);
#15485=PRESENTATION_STYLE_ASSIGNMENT((#15484));
#15486=STYLED_ITEM('',(#15485),#15483);
#15487=DIRECTION('',(1.E0,0.E0,0.E0));
#15488=VECTOR('',#15487,2.81E-1);
#15489=CARTESIAN_POINT('',(-1.75E0,1.75E-1,-3.8E-1));
#15490=LINE('',#15489,#15488);
#15491=CURVE_STYLE('',#32,POSITIVE_LENGTH_MEASURE(2.E-2),#3);
#15492=PRESENTATION_STYLE_ASSIGNMENT((#15491));
#15493=STYLED_ITEM('',(#15492),#15490);
#15494=CARTESIAN_POINT('',(-1.469E0,1.75E-1,-4.99E-1));
#15495=DIRECTION('',(0.E0,1.E0,0.E0));
#15496=DIRECTION('',(0.E0,0.E0,1.E0));
#15497=AXIS2_PLACEMENT_3D('',#15494,#15495,#15496);
#15499=CURVE_STYLE('',#32,POSITIVE_LENGTH_MEASURE(2.E-2),#3);
#15500=PRESENTATION_STYLE_ASSIGNMENT((#15499));
#15501=STYLED_ITEM('',(#15500),#15498);
#15502=DIRECTION('',(0.E0,0.E0,-1.E0));
#15503=VECTOR('',#15502,2.E-3);
#15504=CARTESIAN_POINT('',(-1.35E0,1.75E-1,-4.99E-1));
#15505=LINE('',#15504,#15503);
#15506=CURVE_STYLE('',#32,POSITIVE_LENGTH_MEASURE(2.E-2),#3);
#15507=PRESENTATION_STYLE_ASSIGNMENT((#15506));
#15508=STYLED_ITEM('',(#15507),#15505);
#15509=CARTESIAN_POINT('',(-1.469E0,1.75E-1,-5.01E-1));
#15510=DIRECTION('',(0.E0,1.E0,0.E0));
#15511=DIRECTION('',(1.E0,0.E0,0.E0));
#15512=AXIS2_PLACEMENT_3D('',#15509,#15510,#15511);
#15514=CURVE_STYLE('',#32,POSITIVE_LENGTH_MEASURE(2.E-2),#3);
#15515=PRESENTATION_STYLE_ASSIGNMENT((#15514));
#15516=STYLED_ITEM('',(#15515),#15513);
#15517=DIRECTION('',(-1.E0,0.E0,0.E0));
#15518=VECTOR('',#15517,2.81E-1);
#15519=CARTESIAN_POINT('',(-1.469E0,1.75E-1,-6.2E-1));
#15520=LINE('',#15519,#15518);
#15521=CURVE_STYLE('',#32,POSITIVE_LENGTH_MEASURE(2.E-2),#3);
#15522=PRESENTATION_STYLE_ASSIGNMENT((#15521));
#15523=STYLED_ITEM('',(#15522),#15520);
#15524=DIRECTION('',(0.E0,1.E0,0.E0));
#15525=VECTOR('',#15524,1.75E-1);
#15526=CARTESIAN_POINT('',(-1.469E0,0.E0,-8.8E-1));
#15527=LINE('',#15526,#15525);
#15528=CURVE_STYLE('',#32,POSITIVE_LENGTH_MEASURE(2.E-2),#3);
#15529=PRESENTATION_STYLE_ASSIGNMENT((#15528));
#15530=STYLED_ITEM('',(#15529),#15527);
#15531=DIRECTION('',(0.E0,1.E0,0.E0));
#15532=VECTOR('',#15531,1.75E-1);
#15533=CARTESIAN_POINT('',(-1.35E0,0.E0,-9.99E-1));
#15534=LINE('',#15533,#15532);
#15535=CURVE_STYLE('',#32,POSITIVE_LENGTH_MEASURE(2.E-2),#3);
#15536=PRESENTATION_STYLE_ASSIGNMENT((#15535));
#15537=STYLED_ITEM('',(#15536),#15534);
#15538=DIRECTION('',(0.E0,1.E0,0.E0));
#15539=VECTOR('',#15538,1.75E-1);
#15540=CARTESIAN_POINT('',(-1.35E0,0.E0,-1.001E0));
#15541=LINE('',#15540,#15539);
#15542=CURVE_STYLE('',#32,POSITIVE_LENGTH_MEASURE(2.E-2),#3);
#15543=PRESENTATION_STYLE_ASSIGNMENT((#15542));
#15544=STYLED_ITEM('',(#15543),#15541);
#15545=DIRECTION('',(0.E0,1.E0,0.E0));
#15546=VECTOR('',#15545,1.75E-1);
#15547=CARTESIAN_POINT('',(-1.469E0,0.E0,-1.12E0));
#15548=LINE('',#15547,#15546);
#15549=CURVE_STYLE('',#32,POSITIVE_LENGTH_MEASURE(2.E-2),#3);
#15550=PRESENTATION_STYLE_ASSIGNMENT((#15549));
#15551=STYLED_ITEM('',(#15550),#15548);
#15552=DIRECTION('',(1.E0,0.E0,0.E0));
#15553=VECTOR('',#15552,2.81E-1);
#15554=CARTESIAN_POINT('',(-1.75E0,1.75E-1,-8.8E-1));
#15555=LINE('',#15554,#15553);
#15556=CURVE_STYLE('',#32,POSITIVE_LENGTH_MEASURE(2.E-2),#3);
#15557=PRESENTATION_STYLE_ASSIGNMENT((#15556));
#15558=STYLED_ITEM('',(#15557),#15555);
#15559=CARTESIAN_POINT('',(-1.469E0,1.75E-1,-9.99E-1));
#15560=DIRECTION('',(0.E0,1.E0,0.E0));
#15561=DIRECTION('',(0.E0,0.E0,1.E0));
#15562=AXIS2_PLACEMENT_3D('',#15559,#15560,#15561);
#15564=CURVE_STYLE('',#32,POSITIVE_LENGTH_MEASURE(2.E-2),#3);
#15565=PRESENTATION_STYLE_ASSIGNMENT((#15564));
#15566=STYLED_ITEM('',(#15565),#15563);
#15567=DIRECTION('',(0.E0,0.E0,-1.E0));
#15568=VECTOR('',#15567,2.E-3);
#15569=CARTESIAN_POINT('',(-1.35E0,1.75E-1,-9.99E-1));
#15570=LINE('',#15569,#15568);
#15571=CURVE_STYLE('',#32,POSITIVE_LENGTH_MEASURE(2.E-2),#3);
#15572=PRESENTATION_STYLE_ASSIGNMENT((#15571));
#15573=STYLED_ITEM('',(#15572),#15570);
#15574=CARTESIAN_POINT('',(-1.469E0,1.75E-1,-1.001E0));
#15575=DIRECTION('',(0.E0,1.E0,0.E0));
#15576=DIRECTION('',(1.E0,0.E0,0.E0));
#15577=AXIS2_PLACEMENT_3D('',#15574,#15575,#15576);
#15579=CURVE_STYLE('',#32,POSITIVE_LENGTH_MEASURE(2.E-2),#3);
#15580=PRESENTATION_STYLE_ASSIGNMENT((#15579));
#15581=STYLED_ITEM('',(#15580),#15578);
#15582=DIRECTION('',(-1.E0,0.E0,0.E0));
#15583=VECTOR('',#15582,2.81E-1);
#15584=CARTESIAN_POINT('',(-1.469E0,1.75E-1,-1.12E0));
#15585=LINE('',#15584,#15583);
#15586=CURVE_STYLE('',#32,POSITIVE_LENGTH_MEASURE(2.E-2),#3);
#15587=PRESENTATION_STYLE_ASSIGNMENT((#15586));
#15588=STYLED_ITEM('',(#15587),#15585);
#15589=DIRECTION('',(0.E0,1.E0,0.E0));
#15590=VECTOR('',#15589,1.75E-1);
#15591=CARTESIAN_POINT('',(-1.469E0,0.E0,-1.38E0));
#15592=LINE('',#15591,#15590);
#15593=CURVE_STYLE('',#32,POSITIVE_LENGTH_MEASURE(2.E-2),#3);
#15594=PRESENTATION_STYLE_ASSIGNMENT((#15593));
#15595=STYLED_ITEM('',(#15594),#15592);
#15596=DIRECTION('',(0.E0,1.E0,0.E0));
#15597=VECTOR('',#15596,1.75E-1);
#15598=CARTESIAN_POINT('',(-1.35E0,0.E0,-1.499E0));
#15599=LINE('',#15598,#15597);
#15600=CURVE_STYLE('',#32,POSITIVE_LENGTH_MEASURE(2.E-2),#3);
#15601=PRESENTATION_STYLE_ASSIGNMENT((#15600));
#15602=STYLED_ITEM('',(#15601),#15599);
#15603=DIRECTION('',(0.E0,1.E0,0.E0));
#15604=VECTOR('',#15603,1.75E-1);
#15605=CARTESIAN_POINT('',(-1.35E0,0.E0,-1.501E0));
#15606=LINE('',#15605,#15604);
#15607=CURVE_STYLE('',#32,POSITIVE_LENGTH_MEASURE(2.E-2),#3);
#15608=PRESENTATION_STYLE_ASSIGNMENT((#15607));
#15609=STYLED_ITEM('',(#15608),#15606);
#15610=DIRECTION('',(0.E0,1.E0,0.E0));
#15611=VECTOR('',#15610,1.75E-1);
#15612=CARTESIAN_POINT('',(-1.469E0,0.E0,-1.62E0));
#15613=LINE('',#15612,#15611);
#15614=CURVE_STYLE('',#32,POSITIVE_LENGTH_MEASURE(2.E-2),#3);
#15615=PRESENTATION_STYLE_ASSIGNMENT((#15614));
#15616=STYLED_ITEM('',(#15615),#15613);
#15617=DIRECTION('',(1.E0,0.E0,0.E0));
#15618=VECTOR('',#15617,2.81E-1);
#15619=CARTESIAN_POINT('',(-1.75E0,1.75E-1,-1.38E0));
#15620=LINE('',#15619,#15618);
#15621=CURVE_STYLE('',#32,POSITIVE_LENGTH_MEASURE(2.E-2),#3);
#15622=PRESENTATION_STYLE_ASSIGNMENT((#15621));
#15623=STYLED_ITEM('',(#15622),#15620);
#15624=CARTESIAN_POINT('',(-1.469E0,1.75E-1,-1.499E0));
#15625=DIRECTION('',(0.E0,1.E0,0.E0));
#15626=DIRECTION('',(0.E0,0.E0,1.E0));
#15627=AXIS2_PLACEMENT_3D('',#15624,#15625,#15626);
#15629=CURVE_STYLE('',#32,POSITIVE_LENGTH_MEASURE(2.E-2),#3);
#15630=PRESENTATION_STYLE_ASSIGNMENT((#15629));
#15631=STYLED_ITEM('',(#15630),#15628);
#15632=DIRECTION('',(0.E0,0.E0,-1.E0));
#15633=VECTOR('',#15632,2.E-3);
#15634=CARTESIAN_POINT('',(-1.35E0,1.75E-1,-1.499E0));
#15635=LINE('',#15634,#15633);
#15636=CURVE_STYLE('',#32,POSITIVE_LENGTH_MEASURE(2.E-2),#3);
#15637=PRESENTATION_STYLE_ASSIGNMENT((#15636));
#15638=STYLED_ITEM('',(#15637),#15635);
#15639=CARTESIAN_POINT('',(-1.469E0,1.75E-1,-1.501E0));
#15640=DIRECTION('',(0.E0,1.E0,0.E0));
#15641=DIRECTION('',(1.E0,0.E0,0.E0));
#15642=AXIS2_PLACEMENT_3D('',#15639,#15640,#15641);
#15644=CURVE_STYLE('',#32,POSITIVE_LENGTH_MEASURE(2.E-2),#3);
#15645=PRESENTATION_STYLE_ASSIGNMENT((#15644));
#15646=STYLED_ITEM('',(#15645),#15643);
#15647=DIRECTION('',(-1.E0,0.E0,0.E0));
#15648=VECTOR('',#15647,2.81E-1);
#15649=CARTESIAN_POINT('',(-1.469E0,1.75E-1,-1.62E0));
#15650=LINE('',#15649,#15648);
#15651=CURVE_STYLE('',#32,POSITIVE_LENGTH_MEASURE(2.E-2),#3);
#15652=PRESENTATION_STYLE_ASSIGNMENT((#15651));
#15653=STYLED_ITEM('',(#15652),#15650);
#15654=DIRECTION('',(0.E0,1.E0,0.E0));
#15655=VECTOR('',#15654,1.75E-1);
#15656=CARTESIAN_POINT('',(-1.469E0,0.E0,-1.88E0));
#15657=LINE('',#15656,#15655);
#15658=CURVE_STYLE('',#32,POSITIVE_LENGTH_MEASURE(2.E-2),#3);
#15659=PRESENTATION_STYLE_ASSIGNMENT((#15658));
#15660=STYLED_ITEM('',(#15659),#15657);
#15661=DIRECTION('',(0.E0,1.E0,0.E0));
#15662=VECTOR('',#15661,1.75E-1);
#15663=CARTESIAN_POINT('',(-1.35E0,0.E0,-1.999E0));
#15664=LINE('',#15663,#15662);
#15665=CURVE_STYLE('',#32,POSITIVE_LENGTH_MEASURE(2.E-2),#3);
#15666=PRESENTATION_STYLE_ASSIGNMENT((#15665));
#15667=STYLED_ITEM('',(#15666),#15664);
#15668=DIRECTION('',(0.E0,1.E0,0.E0));
#15669=VECTOR('',#15668,1.75E-1);
#15670=CARTESIAN_POINT('',(-1.35E0,0.E0,-2.001E0));
#15671=LINE('',#15670,#15669);
#15672=CURVE_STYLE('',#32,POSITIVE_LENGTH_MEASURE(2.E-2),#3);
#15673=PRESENTATION_STYLE_ASSIGNMENT((#15672));
#15674=STYLED_ITEM('',(#15673),#15671);
#15675=DIRECTION('',(0.E0,1.E0,0.E0));
#15676=VECTOR('',#15675,1.75E-1);
#15677=CARTESIAN_POINT('',(-1.469E0,0.E0,-2.12E0));
#15678=LINE('',#15677,#15676);
#15679=CURVE_STYLE('',#32,POSITIVE_LENGTH_MEASURE(2.E-2),#3);
#15680=PRESENTATION_STYLE_ASSIGNMENT((#15679));
#15681=STYLED_ITEM('',(#15680),#15678);
#15682=DIRECTION('',(1.E0,0.E0,0.E0));
#15683=VECTOR('',#15682,2.81E-1);
#15684=CARTESIAN_POINT('',(-1.75E0,1.75E-1,-1.88E0));
#15685=LINE('',#15684,#15683);
#15686=CURVE_STYLE('',#32,POSITIVE_LENGTH_MEASURE(2.E-2),#3);
#15687=PRESENTATION_STYLE_ASSIGNMENT((#15686));
#15688=STYLED_ITEM('',(#15687),#15685);
#15689=CARTESIAN_POINT('',(-1.469E0,1.75E-1,-1.999E0));
#15690=DIRECTION('',(0.E0,1.E0,0.E0));
#15691=DIRECTION('',(0.E0,0.E0,1.E0));
#15692=AXIS2_PLACEMENT_3D('',#15689,#15690,#15691);
#15694=CURVE_STYLE('',#32,POSITIVE_LENGTH_MEASURE(2.E-2),#3);
#15695=PRESENTATION_STYLE_ASSIGNMENT((#15694));
#15696=STYLED_ITEM('',(#15695),#15693);
#15697=DIRECTION('',(0.E0,0.E0,-1.E0));
#15698=VECTOR('',#15697,2.E-3);
#15699=CARTESIAN_POINT('',(-1.35E0,1.75E-1,-1.999E0));
#15700=LINE('',#15699,#15698);
#15701=CURVE_STYLE('',#32,POSITIVE_LENGTH_MEASURE(2.E-2),#3);
#15702=PRESENTATION_STYLE_ASSIGNMENT((#15701));
#15703=STYLED_ITEM('',(#15702),#15700);
#15704=CARTESIAN_POINT('',(-1.469E0,1.75E-1,-2.001E0));
#15705=DIRECTION('',(0.E0,1.E0,0.E0));
#15706=DIRECTION('',(1.E0,0.E0,0.E0));
#15707=AXIS2_PLACEMENT_3D('',#15704,#15705,#15706);
#15709=CURVE_STYLE('',#32,POSITIVE_LENGTH_MEASURE(2.E-2),#3);
#15710=PRESENTATION_STYLE_ASSIGNMENT((#15709));
#15711=STYLED_ITEM('',(#15710),#15708);
#15712=DIRECTION('',(-1.E0,0.E0,0.E0));
#15713=VECTOR('',#15712,2.81E-1);
#15714=CARTESIAN_POINT('',(-1.469E0,1.75E-1,-2.12E0));
#15715=LINE('',#15714,#15713);
#15716=CURVE_STYLE('',#32,POSITIVE_LENGTH_MEASURE(2.E-2),#3);
#15717=PRESENTATION_STYLE_ASSIGNMENT((#15716));
#15718=STYLED_ITEM('',(#15717),#15715);
#15719=DIRECTION('',(0.E0,1.E0,0.E0));
#15720=VECTOR('',#15719,1.75E-1);
#15721=CARTESIAN_POINT('',(-1.469E0,0.E0,-2.38E0));
#15722=LINE('',#15721,#15720);
#15723=CURVE_STYLE('',#32,POSITIVE_LENGTH_MEASURE(2.E-2),#3);
#15724=PRESENTATION_STYLE_ASSIGNMENT((#15723));
#15725=STYLED_ITEM('',(#15724),#15722);
#15726=DIRECTION('',(0.E0,1.E0,0.E0));
#15727=VECTOR('',#15726,1.75E-1);
#15728=CARTESIAN_POINT('',(-1.35E0,0.E0,-2.499E0));
#15729=LINE('',#15728,#15727);
#15730=CURVE_STYLE('',#32,POSITIVE_LENGTH_MEASURE(2.E-2),#3);
#15731=PRESENTATION_STYLE_ASSIGNMENT((#15730));
#15732=STYLED_ITEM('',(#15731),#15729);
#15733=DIRECTION('',(0.E0,1.E0,0.E0));
#15734=VECTOR('',#15733,1.75E-1);
#15735=CARTESIAN_POINT('',(-1.35E0,0.E0,-2.501E0));
#15736=LINE('',#15735,#15734);
#15737=CURVE_STYLE('',#32,POSITIVE_LENGTH_MEASURE(2.E-2),#3);
#15738=PRESENTATION_STYLE_ASSIGNMENT((#15737));
#15739=STYLED_ITEM('',(#15738),#15736);
#15740=DIRECTION('',(0.E0,1.E0,0.E0));
#15741=VECTOR('',#15740,1.75E-1);
#15742=CARTESIAN_POINT('',(-1.469E0,0.E0,-2.62E0));
#15743=LINE('',#15742,#15741);
#15744=CURVE_STYLE('',#32,POSITIVE_LENGTH_MEASURE(2.E-2),#3);
#15745=PRESENTATION_STYLE_ASSIGNMENT((#15744));
#15746=STYLED_ITEM('',(#15745),#15743);
#15747=DIRECTION('',(1.E0,0.E0,0.E0));
#15748=VECTOR('',#15747,2.81E-1);
#15749=CARTESIAN_POINT('',(-1.75E0,1.75E-1,-2.38E0));
#15750=LINE('',#15749,#15748);
#15751=CURVE_STYLE('',#32,POSITIVE_LENGTH_MEASURE(2.E-2),#3);
#15752=PRESENTATION_STYLE_ASSIGNMENT((#15751));
#15753=STYLED_ITEM('',(#15752),#15750);
#15754=CARTESIAN_POINT('',(-1.469E0,1.75E-1,-2.499E0));
#15755=DIRECTION('',(0.E0,1.E0,0.E0));
#15756=DIRECTION('',(0.E0,0.E0,1.E0));
#15757=AXIS2_PLACEMENT_3D('',#15754,#15755,#15756);
#15759=CURVE_STYLE('',#32,POSITIVE_LENGTH_MEASURE(2.E-2),#3);
#15760=PRESENTATION_STYLE_ASSIGNMENT((#15759));
#15761=STYLED_ITEM('',(#15760),#15758);
#15762=DIRECTION('',(0.E0,0.E0,-1.E0));
#15763=VECTOR('',#15762,2.000000000001E-3);
#15764=CARTESIAN_POINT('',(-1.35E0,1.75E-1,-2.499E0));
#15765=LINE('',#15764,#15763);
#15766=CURVE_STYLE('',#32,POSITIVE_LENGTH_MEASURE(2.E-2),#3);
#15767=PRESENTATION_STYLE_ASSIGNMENT((#15766));
#15768=STYLED_ITEM('',(#15767),#15765);
#15769=CARTESIAN_POINT('',(-1.469E0,1.75E-1,-2.501E0));
#15770=DIRECTION('',(0.E0,1.E0,0.E0));
#15771=DIRECTION('',(1.E0,0.E0,0.E0));
#15772=AXIS2_PLACEMENT_3D('',#15769,#15770,#15771);
#15774=CURVE_STYLE('',#32,POSITIVE_LENGTH_MEASURE(2.E-2),#3);
#15775=PRESENTATION_STYLE_ASSIGNMENT((#15774));
#15776=STYLED_ITEM('',(#15775),#15773);
#15777=DIRECTION('',(-1.E0,0.E0,0.E0));
#15778=VECTOR('',#15777,2.81E-1);
#15779=CARTESIAN_POINT('',(-1.469E0,1.75E-1,-2.62E0));
#15780=LINE('',#15779,#15778);
#15781=CURVE_STYLE('',#32,POSITIVE_LENGTH_MEASURE(2.E-2),#3);
#15782=PRESENTATION_STYLE_ASSIGNMENT((#15781));
#15783=STYLED_ITEM('',(#15782),#15780);
#15784=DIRECTION('',(0.E0,1.E0,0.E0));
#15785=VECTOR('',#15784,1.75E-1);
#15786=CARTESIAN_POINT('',(-1.125E0,0.E0,-1.361E0));
#15787=LINE('',#15786,#15785);
#15788=CURVE_STYLE('',#32,POSITIVE_LENGTH_MEASURE(2.E-2),#3);
#15789=PRESENTATION_STYLE_ASSIGNMENT((#15788));
#15790=STYLED_ITEM('',(#15789),#15787);
#15791=DIRECTION('',(0.E0,-1.E0,0.E0));
#15792=VECTOR('',#15791,1.75E-1);
#15793=CARTESIAN_POINT('',(-1.125E0,1.75E-1,-2.575E0));
#15794=LINE('',#15793,#15792);
#15795=CURVE_STYLE('',#32,POSITIVE_LENGTH_MEASURE(2.E-2),#3);
#15796=PRESENTATION_STYLE_ASSIGNMENT((#15795));
#15797=STYLED_ITEM('',(#15796),#15794);
#15798=DIRECTION('',(0.E0,1.E0,0.E0));
#15799=VECTOR('',#15798,1.75E-1);
#15800=CARTESIAN_POINT('',(-1.125E0,0.E0,-9.61E-1));
#15801=LINE('',#15800,#15799);
#15802=CURVE_STYLE('',#32,POSITIVE_LENGTH_MEASURE(2.E-2),#3);
#15803=PRESENTATION_STYLE_ASSIGNMENT((#15802));
#15804=STYLED_ITEM('',(#15803),#15801);
#15805=DIRECTION('',(0.E0,1.E0,0.E0));
#15806=VECTOR('',#15805,1.75E-1);
#15807=CARTESIAN_POINT('',(1.125E0,0.E0,-9.61E-1));
#15808=LINE('',#15807,#15806);
#15809=CURVE_STYLE('',#32,POSITIVE_LENGTH_MEASURE(2.E-2),#3);
#15810=PRESENTATION_STYLE_ASSIGNMENT((#15809));
#15811=STYLED_ITEM('',(#15810),#15808);
#15812=DIRECTION('',(0.E0,1.E0,0.E0));
#15813=VECTOR('',#15812,1.75E-1);
#15814=CARTESIAN_POINT('',(1.125E0,0.E0,2.875E0));
#15815=LINE('',#15814,#15813);
#15816=CURVE_STYLE('',#32,POSITIVE_LENGTH_MEASURE(2.E-2),#3);
#15817=PRESENTATION_STYLE_ASSIGNMENT((#15816));
#15818=STYLED_ITEM('',(#15817),#15815);
#15819=DIRECTION('',(0.E0,1.E0,0.E0));
#15820=VECTOR('',#15819,1.75E-1);
#15821=CARTESIAN_POINT('',(1.125E0,0.E0,-1.361E0));
#15822=LINE('',#15821,#15820);
#15823=CURVE_STYLE('',#32,POSITIVE_LENGTH_MEASURE(2.E-2),#3);
#15824=PRESENTATION_STYLE_ASSIGNMENT((#15823));
#15825=STYLED_ITEM('',(#15824),#15822);
#15826=DIRECTION('',(1.E0,0.E0,0.E0));
#15827=VECTOR('',#15826,2.25E0);
#15828=CARTESIAN_POINT('',(-1.125E0,1.75E-1,-9.61E-1));
#15829=LINE('',#15828,#15827);
#15830=CURVE_STYLE('',#32,POSITIVE_LENGTH_MEASURE(2.E-2),#3);
#15831=PRESENTATION_STYLE_ASSIGNMENT((#15830));
#15832=STYLED_ITEM('',(#15831),#15829);
#15833=DIRECTION('',(0.E0,0.E0,1.E0));
#15834=VECTOR('',#15833,3.836E0);
#15835=CARTESIAN_POINT('',(-1.125E0,1.75E-1,-9.61E-1));
#15836=LINE('',#15835,#15834);
#15837=CURVE_STYLE('',#32,POSITIVE_LENGTH_MEASURE(2.E-2),#3);
#15838=PRESENTATION_STYLE_ASSIGNMENT((#15837));
#15839=STYLED_ITEM('',(#15838),#15836);
#15840=DIRECTION('',(1.E0,0.E0,0.E0));
#15841=VECTOR('',#15840,2.25E0);
#15842=CARTESIAN_POINT('',(-1.125E0,1.75E-1,2.875E0));
#15843=LINE('',#15842,#15841);
#15844=CURVE_STYLE('',#32,POSITIVE_LENGTH_MEASURE(2.E-2),#3);
#15845=PRESENTATION_STYLE_ASSIGNMENT((#15844));
#15846=STYLED_ITEM('',(#15845),#15843);
#15847=DIRECTION('',(0.E0,0.E0,-1.E0));
#15848=VECTOR('',#15847,3.836E0);
#15849=CARTESIAN_POINT('',(1.125E0,1.75E-1,2.875E0));
#15850=LINE('',#15849,#15848);
#15851=CURVE_STYLE('',#32,POSITIVE_LENGTH_MEASURE(2.E-2),#3);
#15852=PRESENTATION_STYLE_ASSIGNMENT((#15851));
#15853=STYLED_ITEM('',(#15852),#15850);
#15854=DIRECTION('',(1.E0,0.E0,0.E0));
#15855=VECTOR('',#15854,2.25E0);
#15856=CARTESIAN_POINT('',(-1.125E0,1.75E-1,-1.361E0));
#15857=LINE('',#15856,#15855);
#15858=CURVE_STYLE('',#32,POSITIVE_LENGTH_MEASURE(2.E-2),#3);
#15859=PRESENTATION_STYLE_ASSIGNMENT((#15858));
#15860=STYLED_ITEM('',(#15859),#15857);
#15861=DIRECTION('',(0.E0,0.E0,-1.E0));
#15862=VECTOR('',#15861,1.514E0);
#15863=CARTESIAN_POINT('',(1.125E0,1.75E-1,-1.361E0));
#15864=LINE('',#15863,#15862);
#15865=CURVE_STYLE('',#32,POSITIVE_LENGTH_MEASURE(2.E-2),#3);
#15866=PRESENTATION_STYLE_ASSIGNMENT((#15865));
#15867=STYLED_ITEM('',(#15866),#15864);
#15868=DIRECTION('',(-1.E0,0.E0,0.E0));
#15869=VECTOR('',#15868,1.95E0);
#15870=CARTESIAN_POINT('',(1.125E0,1.75E-1,-2.875E0));
#15871=LINE('',#15870,#15869);
#15872=CURVE_STYLE('',#32,POSITIVE_LENGTH_MEASURE(2.E-2),#3);
#15873=PRESENTATION_STYLE_ASSIGNMENT((#15872));
#15874=STYLED_ITEM('',(#15873),#15871);
#15875=DIRECTION('',(-7.071067811865E-1,0.E0,7.071067811865E-1));
#15876=VECTOR('',#15875,4.242640687119E-1);
#15877=CARTESIAN_POINT('',(-8.25E-1,1.75E-1,-2.875E0));
#15878=LINE('',#15877,#15876);
#15879=CURVE_STYLE('',#32,POSITIVE_LENGTH_MEASURE(2.E-2),#3);
#15880=PRESENTATION_STYLE_ASSIGNMENT((#15879));
#15881=STYLED_ITEM('',(#15880),#15878);
#15882=DIRECTION('',(0.E0,0.E0,1.E0));
#15883=VECTOR('',#15882,1.214E0);
#15884=CARTESIAN_POINT('',(-1.125E0,1.75E-1,-2.575E0));
#15885=LINE('',#15884,#15883);
#15886=CURVE_STYLE('',#32,POSITIVE_LENGTH_MEASURE(2.E-2),#3);
#15887=PRESENTATION_STYLE_ASSIGNMENT((#15886));
#15888=STYLED_ITEM('',(#15887),#15885);
#15889=DIRECTION('',(0.E0,1.E0,0.E0));
#15890=VECTOR('',#15889,1.75E-1);
#15891=CARTESIAN_POINT('',(-1.125E0,0.E0,2.875E0));
#15892=LINE('',#15891,#15890);
#15893=CURVE_STYLE('',#32,POSITIVE_LENGTH_MEASURE(2.E-2),#3);
#15894=PRESENTATION_STYLE_ASSIGNMENT((#15893));
#15895=STYLED_ITEM('',(#15894),#15892);
#15896=DIRECTION('',(0.E0,-1.E0,0.E0));
#15897=VECTOR('',#15896,1.75E-1);
#15898=CARTESIAN_POINT('',(-8.25E-1,1.75E-1,-2.875E0));
#15899=LINE('',#15898,#15897);
#15900=CURVE_STYLE('',#32,POSITIVE_LENGTH_MEASURE(2.E-2),#3);
#15901=PRESENTATION_STYLE_ASSIGNMENT((#15900));
#15902=STYLED_ITEM('',(#15901),#15899);
#15903=DIRECTION('',(0.E0,1.E0,0.E0));
#15904=VECTOR('',#15903,1.75E-1);
#15905=CARTESIAN_POINT('',(1.125E0,0.E0,-2.875E0));
#15906=LINE('',#15905,#15904);
#15907=CURVE_STYLE('',#32,POSITIVE_LENGTH_MEASURE(2.E-2),#3);
#15908=PRESENTATION_STYLE_ASSIGNMENT((#15907));
#15909=STYLED_ITEM('',(#15908),#15906);
#15910=CARTESIAN_POINT('',(-1.75E0,9.75E-1,-3.5E0));
#15911=CARTESIAN_POINT('',(-1.75E0,9.75E-1,3.5E0));
#15912=VERTEX_POINT('',#15910);
#15913=VERTEX_POINT('',#15911);
#15914=CARTESIAN_POINT('',(1.75E0,9.75E-1,3.5E0));
#15915=VERTEX_POINT('',#15914);
#15916=CARTESIAN_POINT('',(1.75E0,9.75E-1,-3.5E0));
#15917=VERTEX_POINT('',#15916);
#15918=CARTESIAN_POINT('',(-1.75E0,0.E0,-3.5E0));
#15919=VERTEX_POINT('',#15918);
#15920=CARTESIAN_POINT('',(-1.75E0,0.E0,3.5E0));
#15921=VERTEX_POINT('',#15920);
#15922=CARTESIAN_POINT('',(1.75E0,0.E0,3.5E0));
#15923=VERTEX_POINT('',#15922);
#15924=CARTESIAN_POINT('',(1.75E0,0.E0,-3.5E0));
#15925=VERTEX_POINT('',#15924);
#15926=CARTESIAN_POINT('',(-1.125E0,1.75E-1,2.875E0));
#15927=CARTESIAN_POINT('',(1.125E0,1.75E-1,2.875E0));
#15928=VERTEX_POINT('',#15926);
#15929=VERTEX_POINT('',#15927);
#15930=CARTESIAN_POINT('',(-8.25E-1,1.75E-1,-2.875E0));
#15931=CARTESIAN_POINT('',(-1.125E0,1.75E-1,-2.575E0));
#15932=VERTEX_POINT('',#15930);
#15933=VERTEX_POINT('',#15931);
#15934=CARTESIAN_POINT('',(1.125E0,1.75E-1,-2.875E0));
#15935=VERTEX_POINT('',#15934);
#15936=CARTESIAN_POINT('',(-1.75E0,0.E0,-2.88E0));
#15937=CARTESIAN_POINT('',(-1.469E0,0.E0,-2.88E0));
#15938=VERTEX_POINT('',#15936);
#15939=VERTEX_POINT('',#15937);
#15940=CARTESIAN_POINT('',(-1.75E0,0.E0,-3.12E0));
#15941=CARTESIAN_POINT('',(-1.469E0,0.E0,-3.12E0));
#15942=VERTEX_POINT('',#15940);
#15943=VERTEX_POINT('',#15941);
#15944=CARTESIAN_POINT('',(-1.75E0,0.E0,-2.38E0));
#15945=CARTESIAN_POINT('',(-1.469E0,0.E0,-2.38E0));
#15946=VERTEX_POINT('',#15944);
#15947=VERTEX_POINT('',#15945);
#15948=CARTESIAN_POINT('',(-1.75E0,0.E0,-2.62E0));
#15949=CARTESIAN_POINT('',(-1.469E0,0.E0,-2.62E0));
#15950=VERTEX_POINT('',#15948);
#15951=VERTEX_POINT('',#15949);
#15952=CARTESIAN_POINT('',(-1.75E0,0.E0,-1.88E0));
#15953=CARTESIAN_POINT('',(-1.469E0,0.E0,-1.88E0));
#15954=VERTEX_POINT('',#15952);
#15955=VERTEX_POINT('',#15953);
#15956=CARTESIAN_POINT('',(-1.75E0,0.E0,-2.12E0));
#15957=CARTESIAN_POINT('',(-1.469E0,0.E0,-2.12E0));
#15958=VERTEX_POINT('',#15956);
#15959=VERTEX_POINT('',#15957);
#15960=CARTESIAN_POINT('',(-1.75E0,0.E0,-1.38E0));
#15961=CARTESIAN_POINT('',(-1.469E0,0.E0,-1.38E0));
#15962=VERTEX_POINT('',#15960);
#15963=VERTEX_POINT('',#15961);
#15964=CARTESIAN_POINT('',(-1.75E0,0.E0,-1.62E0));
#15965=CARTESIAN_POINT('',(-1.469E0,0.E0,-1.62E0));
#15966=VERTEX_POINT('',#15964);
#15967=VERTEX_POINT('',#15965);
#15968=CARTESIAN_POINT('',(-1.75E0,0.E0,-8.8E-1));
#15969=CARTESIAN_POINT('',(-1.469E0,0.E0,-8.8E-1));
#15970=VERTEX_POINT('',#15968);
#15971=VERTEX_POINT('',#15969);
#15972=CARTESIAN_POINT('',(-1.75E0,0.E0,-1.12E0));
#15973=CARTESIAN_POINT('',(-1.469E0,0.E0,-1.12E0));
#15974=VERTEX_POINT('',#15972);
#15975=VERTEX_POINT('',#15973);
#15976=CARTESIAN_POINT('',(1.75E0,0.E0,-2.88E0));
#15977=CARTESIAN_POINT('',(1.469E0,0.E0,-2.88E0));
#15978=VERTEX_POINT('',#15976);
#15979=VERTEX_POINT('',#15977);
#15980=CARTESIAN_POINT('',(1.75E0,0.E0,-3.12E0));
#15981=CARTESIAN_POINT('',(1.469E0,0.E0,-3.12E0));
#15982=VERTEX_POINT('',#15980);
#15983=VERTEX_POINT('',#15981);
#15984=CARTESIAN_POINT('',(1.75E0,0.E0,-2.38E0));
#15985=CARTESIAN_POINT('',(1.469E0,0.E0,-2.38E0));
#15986=VERTEX_POINT('',#15984);
#15987=VERTEX_POINT('',#15985);
#15988=CARTESIAN_POINT('',(1.75E0,0.E0,-2.62E0));
#15989=CARTESIAN_POINT('',(1.469E0,0.E0,-2.62E0));
#15990=VERTEX_POINT('',#15988);
#15991=VERTEX_POINT('',#15989);
#15992=CARTESIAN_POINT('',(1.75E0,0.E0,-1.88E0));
#15993=CARTESIAN_POINT('',(1.469E0,0.E0,-1.88E0));
#15994=VERTEX_POINT('',#15992);
#15995=VERTEX_POINT('',#15993);
#15996=CARTESIAN_POINT('',(1.75E0,0.E0,-2.12E0));
#15997=CARTESIAN_POINT('',(1.469E0,0.E0,-2.12E0));
#15998=VERTEX_POINT('',#15996);
#15999=VERTEX_POINT('',#15997);
#16000=CARTESIAN_POINT('',(1.75E0,0.E0,-1.38E0));
#16001=CARTESIAN_POINT('',(1.469E0,0.E0,-1.38E0));
#16002=VERTEX_POINT('',#16000);
#16003=VERTEX_POINT('',#16001);
#16004=CARTESIAN_POINT('',(1.75E0,0.E0,-1.62E0));
#16005=CARTESIAN_POINT('',(1.469E0,0.E0,-1.62E0));
#16006=VERTEX_POINT('',#16004);
#16007=VERTEX_POINT('',#16005);
#16008=CARTESIAN_POINT('',(1.75E0,0.E0,-8.8E-1));
#16009=CARTESIAN_POINT('',(1.469E0,0.E0,-8.8E-1));
#16010=VERTEX_POINT('',#16008);
#16011=VERTEX_POINT('',#16009);
#16012=CARTESIAN_POINT('',(1.75E0,0.E0,-1.12E0));
#16013=CARTESIAN_POINT('',(1.469E0,0.E0,-1.12E0));
#16014=VERTEX_POINT('',#16012);
#16015=VERTEX_POINT('',#16013);
#16016=CARTESIAN_POINT('',(-1.12E0,0.E0,-3.5E0));
#16017=CARTESIAN_POINT('',(-1.12E0,0.E0,-3.219E0));
#16018=VERTEX_POINT('',#16016);
#16019=VERTEX_POINT('',#16017);
#16020=CARTESIAN_POINT('',(-8.8E-1,0.E0,-3.5E0));
#16021=CARTESIAN_POINT('',(-8.8E-1,0.E0,-3.219E0));
#16022=VERTEX_POINT('',#16020);
#16023=VERTEX_POINT('',#16021);
#16024=CARTESIAN_POINT('',(-6.2E-1,0.E0,-3.5E0));
#16025=CARTESIAN_POINT('',(-6.2E-1,0.E0,-3.219E0));
#16026=VERTEX_POINT('',#16024);
#16027=VERTEX_POINT('',#16025);
#16028=CARTESIAN_POINT('',(-3.8E-1,0.E0,-3.5E0));
#16029=CARTESIAN_POINT('',(-3.8E-1,0.E0,-3.219E0));
#16030=VERTEX_POINT('',#16028);
#16031=VERTEX_POINT('',#16029);
#16032=CARTESIAN_POINT('',(-1.2E-1,0.E0,-3.5E0));
#16033=CARTESIAN_POINT('',(-1.2E-1,0.E0,-3.219E0));
#16034=VERTEX_POINT('',#16032);
#16035=VERTEX_POINT('',#16033);
#16036=CARTESIAN_POINT('',(1.2E-1,0.E0,-3.5E0));
#16037=CARTESIAN_POINT('',(1.2E-1,0.E0,-3.219E0));
#16038=VERTEX_POINT('',#16036);
#16039=VERTEX_POINT('',#16037);
#16040=CARTESIAN_POINT('',(3.8E-1,0.E0,-3.5E0));
#16041=CARTESIAN_POINT('',(3.8E-1,0.E0,-3.219E0));
#16042=VERTEX_POINT('',#16040);
#16043=VERTEX_POINT('',#16041);
#16044=CARTESIAN_POINT('',(6.2E-1,0.E0,-3.5E0));
#16045=CARTESIAN_POINT('',(6.2E-1,0.E0,-3.219E0));
#16046=VERTEX_POINT('',#16044);
#16047=VERTEX_POINT('',#16045);
#16048=CARTESIAN_POINT('',(-1.12E0,0.E0,3.5E0));
#16049=CARTESIAN_POINT('',(-1.12E0,0.E0,3.219E0));
#16050=VERTEX_POINT('',#16048);
#16051=VERTEX_POINT('',#16049);
#16052=CARTESIAN_POINT('',(-8.8E-1,0.E0,3.5E0));
#16053=CARTESIAN_POINT('',(-8.8E-1,0.E0,3.219E0));
#16054=VERTEX_POINT('',#16052);
#16055=VERTEX_POINT('',#16053);
#16056=CARTESIAN_POINT('',(-6.2E-1,0.E0,3.5E0));
#16057=CARTESIAN_POINT('',(-6.2E-1,0.E0,3.219E0));
#16058=VERTEX_POINT('',#16056);
#16059=VERTEX_POINT('',#16057);
#16060=CARTESIAN_POINT('',(-3.8E-1,0.E0,3.5E0));
#16061=CARTESIAN_POINT('',(-3.8E-1,0.E0,3.219E0));
#16062=VERTEX_POINT('',#16060);
#16063=VERTEX_POINT('',#16061);
#16064=CARTESIAN_POINT('',(-1.2E-1,0.E0,3.5E0));
#16065=CARTESIAN_POINT('',(-1.2E-1,0.E0,3.219E0));
#16066=VERTEX_POINT('',#16064);
#16067=VERTEX_POINT('',#16065);
#16068=CARTESIAN_POINT('',(1.2E-1,0.E0,3.5E0));
#16069=CARTESIAN_POINT('',(1.2E-1,0.E0,3.219E0));
#16070=VERTEX_POINT('',#16068);
#16071=VERTEX_POINT('',#16069);
#16072=CARTESIAN_POINT('',(3.8E-1,0.E0,3.5E0));
#16073=CARTESIAN_POINT('',(3.8E-1,0.E0,3.219E0));
#16074=VERTEX_POINT('',#16072);
#16075=VERTEX_POINT('',#16073);
#16076=CARTESIAN_POINT('',(6.2E-1,0.E0,3.5E0));
#16077=CARTESIAN_POINT('',(6.2E-1,0.E0,3.219E0));
#16078=VERTEX_POINT('',#16076);
#16079=VERTEX_POINT('',#16077);
#16080=CARTESIAN_POINT('',(-1.125E0,0.E0,-2.575E0));
#16081=CARTESIAN_POINT('',(-1.125E0,0.E0,-1.361E0));
#16082=VERTEX_POINT('',#16080);
#16083=VERTEX_POINT('',#16081);
#16084=CARTESIAN_POINT('',(-1.125E0,0.E0,2.875E0));
#16085=CARTESIAN_POINT('',(1.125E0,0.E0,2.875E0));
#16086=VERTEX_POINT('',#16084);
#16087=VERTEX_POINT('',#16085);
#16088=CARTESIAN_POINT('',(1.125E0,0.E0,-9.61E-1));
#16089=VERTEX_POINT('',#16088);
#16090=CARTESIAN_POINT('',(1.125E0,0.E0,-2.875E0));
#16091=CARTESIAN_POINT('',(-8.25E-1,0.E0,-2.875E0));
#16092=VERTEX_POINT('',#16090);
#16093=VERTEX_POINT('',#16091);
#16094=CARTESIAN_POINT('',(-1.75E0,1.75E-1,-2.88E0));
#16095=CARTESIAN_POINT('',(-1.75E0,1.75E-1,-3.12E0));
#16096=VERTEX_POINT('',#16094);
#16097=VERTEX_POINT('',#16095);
#16098=CARTESIAN_POINT('',(-1.75E0,1.75E-1,-2.38E0));
#16099=CARTESIAN_POINT('',(-1.75E0,1.75E-1,-2.62E0));
#16100=VERTEX_POINT('',#16098);
#16101=VERTEX_POINT('',#16099);
#16102=CARTESIAN_POINT('',(-1.75E0,1.75E-1,-1.88E0));
#16103=CARTESIAN_POINT('',(-1.75E0,1.75E-1,-2.12E0));
#16104=VERTEX_POINT('',#16102);
#16105=VERTEX_POINT('',#16103);
#16106=CARTESIAN_POINT('',(-1.75E0,1.75E-1,-1.38E0));
#16107=CARTESIAN_POINT('',(-1.75E0,1.75E-1,-1.62E0));
#16108=VERTEX_POINT('',#16106);
#16109=VERTEX_POINT('',#16107);
#16110=CARTESIAN_POINT('',(-1.75E0,1.75E-1,-8.8E-1));
#16111=CARTESIAN_POINT('',(-1.75E0,1.75E-1,-1.12E0));
#16112=VERTEX_POINT('',#16110);
#16113=VERTEX_POINT('',#16111);
#16114=CARTESIAN_POINT('',(-1.12E0,1.75E-1,3.5E0));
#16115=VERTEX_POINT('',#16114);
#16116=CARTESIAN_POINT('',(-8.8E-1,1.75E-1,3.5E0));
#16117=VERTEX_POINT('',#16116);
#16118=CARTESIAN_POINT('',(-6.2E-1,1.75E-1,3.5E0));
#16119=VERTEX_POINT('',#16118);
#16120=CARTESIAN_POINT('',(-3.8E-1,1.75E-1,3.5E0));
#16121=VERTEX_POINT('',#16120);
#16122=CARTESIAN_POINT('',(-1.2E-1,1.75E-1,3.5E0));
#16123=VERTEX_POINT('',#16122);
#16124=CARTESIAN_POINT('',(1.2E-1,1.75E-1,3.5E0));
#16125=VERTEX_POINT('',#16124);
#16126=CARTESIAN_POINT('',(3.8E-1,1.75E-1,3.5E0));
#16127=VERTEX_POINT('',#16126);
#16128=CARTESIAN_POINT('',(6.2E-1,1.75E-1,3.5E0));
#16129=VERTEX_POINT('',#16128);
#16130=CARTESIAN_POINT('',(1.75E0,1.75E-1,-2.88E0));
#16131=CARTESIAN_POINT('',(1.75E0,1.75E-1,-3.12E0));
#16132=VERTEX_POINT('',#16130);
#16133=VERTEX_POINT('',#16131);
#16134=CARTESIAN_POINT('',(1.75E0,1.75E-1,-2.38E0));
#16135=CARTESIAN_POINT('',(1.75E0,1.75E-1,-2.62E0));
#16136=VERTEX_POINT('',#16134);
#16137=VERTEX_POINT('',#16135);
#16138=CARTESIAN_POINT('',(1.75E0,1.75E-1,-1.88E0));
#16139=CARTESIAN_POINT('',(1.75E0,1.75E-1,-2.12E0));
#16140=VERTEX_POINT('',#16138);
#16141=VERTEX_POINT('',#16139);
#16142=CARTESIAN_POINT('',(1.75E0,1.75E-1,-1.38E0));
#16143=CARTESIAN_POINT('',(1.75E0,1.75E-1,-1.62E0));
#16144=VERTEX_POINT('',#16142);
#16145=VERTEX_POINT('',#16143);
#16146=CARTESIAN_POINT('',(1.75E0,1.75E-1,-8.8E-1));
#16147=CARTESIAN_POINT('',(1.75E0,1.75E-1,-1.12E0));
#16148=VERTEX_POINT('',#16146);
#16149=VERTEX_POINT('',#16147);
#16150=CARTESIAN_POINT('',(-1.12E0,1.75E-1,-3.5E0));
#16151=VERTEX_POINT('',#16150);
#16152=CARTESIAN_POINT('',(-8.8E-1,1.75E-1,-3.5E0));
#16153=VERTEX_POINT('',#16152);
#16154=CARTESIAN_POINT('',(-6.2E-1,1.75E-1,-3.5E0));
#16155=VERTEX_POINT('',#16154);
#16156=CARTESIAN_POINT('',(-3.8E-1,1.75E-1,-3.5E0));
#16157=VERTEX_POINT('',#16156);
#16158=CARTESIAN_POINT('',(-1.2E-1,1.75E-1,-3.5E0));
#16159=VERTEX_POINT('',#16158);
#16160=CARTESIAN_POINT('',(1.2E-1,1.75E-1,-3.5E0));
#16161=VERTEX_POINT('',#16160);
#16162=CARTESIAN_POINT('',(3.8E-1,1.75E-1,-3.5E0));
#16163=VERTEX_POINT('',#16162);
#16164=CARTESIAN_POINT('',(6.2E-1,1.75E-1,-3.5E0));
#16165=VERTEX_POINT('',#16164);
#16166=CARTESIAN_POINT('',(-1.75E0,0.E0,-6.2E-1));
#16167=VERTEX_POINT('',#16166);
#16168=CARTESIAN_POINT('',(8.8E-1,0.E0,3.5E0));
#16169=VERTEX_POINT('',#16168);
#16170=CARTESIAN_POINT('',(1.12E0,0.E0,3.5E0));
#16171=VERTEX_POINT('',#16170);
#16172=CARTESIAN_POINT('',(1.75E0,0.E0,3.12E0));
#16173=VERTEX_POINT('',#16172);
#16174=CARTESIAN_POINT('',(1.75E0,0.E0,2.88E0));
#16175=CARTESIAN_POINT('',(1.75E0,0.E0,2.62E0));
#16176=VERTEX_POINT('',#16174);
#16177=VERTEX_POINT('',#16175);
#16178=CARTESIAN_POINT('',(1.75E0,0.E0,2.38E0));
#16179=CARTESIAN_POINT('',(1.75E0,0.E0,2.12E0));
#16180=VERTEX_POINT('',#16178);
#16181=VERTEX_POINT('',#16179);
#16182=CARTESIAN_POINT('',(1.75E0,0.E0,1.88E0));
#16183=CARTESIAN_POINT('',(1.75E0,0.E0,1.62E0));
#16184=VERTEX_POINT('',#16182);
#16185=VERTEX_POINT('',#16183);
#16186=CARTESIAN_POINT('',(1.75E0,0.E0,1.38E0));
#16187=CARTESIAN_POINT('',(1.75E0,0.E0,1.12E0));
#16188=VERTEX_POINT('',#16186);
#16189=VERTEX_POINT('',#16187);
#16190=CARTESIAN_POINT('',(1.75E0,0.E0,8.8E-1));
#16191=CARTESIAN_POINT('',(1.75E0,0.E0,6.2E-1));
#16192=VERTEX_POINT('',#16190);
#16193=VERTEX_POINT('',#16191);
#16194=CARTESIAN_POINT('',(1.12E0,0.E0,-3.5E0));
#16195=VERTEX_POINT('',#16194);
#16196=CARTESIAN_POINT('',(8.8E-1,0.E0,-3.5E0));
#16197=VERTEX_POINT('',#16196);
#16198=CARTESIAN_POINT('',(-1.469E0,1.75E-1,-2.88E0));
#16199=CARTESIAN_POINT('',(-1.35E0,1.75E-1,-2.999E0));
#16200=VERTEX_POINT('',#16198);
#16201=VERTEX_POINT('',#16199);
#16202=CARTESIAN_POINT('',(-1.35E0,1.75E-1,-3.001E0));
#16203=VERTEX_POINT('',#16202);
#16204=CARTESIAN_POINT('',(-1.469E0,1.75E-1,-3.12E0));
#16205=VERTEX_POINT('',#16204);
#16206=CARTESIAN_POINT('',(-1.469E0,1.75E-1,-2.38E0));
#16207=CARTESIAN_POINT('',(-1.35E0,1.75E-1,-2.499E0));
#16208=VERTEX_POINT('',#16206);
#16209=VERTEX_POINT('',#16207);
#16210=CARTESIAN_POINT('',(-1.35E0,1.75E-1,-2.501E0));
#16211=VERTEX_POINT('',#16210);
#16212=CARTESIAN_POINT('',(-1.469E0,1.75E-1,-2.62E0));
#16213=VERTEX_POINT('',#16212);
#16214=CARTESIAN_POINT('',(-1.469E0,1.75E-1,-1.88E0));
#16215=CARTESIAN_POINT('',(-1.35E0,1.75E-1,-1.999E0));
#16216=VERTEX_POINT('',#16214);
#16217=VERTEX_POINT('',#16215);
#16218=CARTESIAN_POINT('',(-1.35E0,1.75E-1,-2.001E0));
#16219=VERTEX_POINT('',#16218);
#16220=CARTESIAN_POINT('',(-1.469E0,1.75E-1,-2.12E0));
#16221=VERTEX_POINT('',#16220);
#16222=CARTESIAN_POINT('',(-1.469E0,1.75E-1,-1.38E0));
#16223=CARTESIAN_POINT('',(-1.35E0,1.75E-1,-1.499E0));
#16224=VERTEX_POINT('',#16222);
#16225=VERTEX_POINT('',#16223);
#16226=CARTESIAN_POINT('',(-1.35E0,1.75E-1,-1.501E0));
#16227=VERTEX_POINT('',#16226);
#16228=CARTESIAN_POINT('',(-1.469E0,1.75E-1,-1.62E0));
#16229=VERTEX_POINT('',#16228);
#16230=CARTESIAN_POINT('',(-1.469E0,1.75E-1,-8.8E-1));
#16231=CARTESIAN_POINT('',(-1.35E0,1.75E-1,-9.99E-1));
#16232=VERTEX_POINT('',#16230);
#16233=VERTEX_POINT('',#16231);
#16234=CARTESIAN_POINT('',(-1.35E0,1.75E-1,-1.001E0));
#16235=VERTEX_POINT('',#16234);
#16236=CARTESIAN_POINT('',(-1.469E0,1.75E-1,-1.12E0));
#16237=VERTEX_POINT('',#16236);
#16238=CARTESIAN_POINT('',(1.469E0,1.75E-1,-2.88E0));
#16239=CARTESIAN_POINT('',(1.35E0,1.75E-1,-2.999E0));
#16240=VERTEX_POINT('',#16238);
#16241=VERTEX_POINT('',#16239);
#16242=CARTESIAN_POINT('',(1.35E0,1.75E-1,-3.001E0));
#16243=VERTEX_POINT('',#16242);
#16244=CARTESIAN_POINT('',(1.469E0,1.75E-1,-3.12E0));
#16245=VERTEX_POINT('',#16244);
#16246=CARTESIAN_POINT('',(1.469E0,1.75E-1,-2.38E0));
#16247=CARTESIAN_POINT('',(1.35E0,1.75E-1,-2.499E0));
#16248=VERTEX_POINT('',#16246);
#16249=VERTEX_POINT('',#16247);
#16250=CARTESIAN_POINT('',(1.35E0,1.75E-1,-2.501E0));
#16251=VERTEX_POINT('',#16250);
#16252=CARTESIAN_POINT('',(1.469E0,1.75E-1,-2.62E0));
#16253=VERTEX_POINT('',#16252);
#16254=CARTESIAN_POINT('',(1.469E0,1.75E-1,-1.88E0));
#16255=CARTESIAN_POINT('',(1.35E0,1.75E-1,-1.999E0));
#16256=VERTEX_POINT('',#16254);
#16257=VERTEX_POINT('',#16255);
#16258=CARTESIAN_POINT('',(1.35E0,1.75E-1,-2.001E0));
#16259=VERTEX_POINT('',#16258);
#16260=CARTESIAN_POINT('',(1.469E0,1.75E-1,-2.12E0));
#16261=VERTEX_POINT('',#16260);
#16262=CARTESIAN_POINT('',(1.469E0,1.75E-1,-1.38E0));
#16263=CARTESIAN_POINT('',(1.35E0,1.75E-1,-1.499E0));
#16264=VERTEX_POINT('',#16262);
#16265=VERTEX_POINT('',#16263);
#16266=CARTESIAN_POINT('',(1.35E0,1.75E-1,-1.501E0));
#16267=VERTEX_POINT('',#16266);
#16268=CARTESIAN_POINT('',(1.469E0,1.75E-1,-1.62E0));
#16269=VERTEX_POINT('',#16268);
#16270=CARTESIAN_POINT('',(1.469E0,1.75E-1,-8.8E-1));
#16271=CARTESIAN_POINT('',(1.35E0,1.75E-1,-9.99E-1));
#16272=VERTEX_POINT('',#16270);
#16273=VERTEX_POINT('',#16271);
#16274=CARTESIAN_POINT('',(1.35E0,1.75E-1,-1.001E0));
#16275=VERTEX_POINT('',#16274);
#16276=CARTESIAN_POINT('',(1.469E0,1.75E-1,-1.12E0));
#16277=VERTEX_POINT('',#16276);
#16278=CARTESIAN_POINT('',(-1.12E0,1.75E-1,-3.219E0));
#16279=CARTESIAN_POINT('',(-1.001E0,1.75E-1,-3.1E0));
#16280=VERTEX_POINT('',#16278);
#16281=VERTEX_POINT('',#16279);
#16282=CARTESIAN_POINT('',(-9.99E-1,1.75E-1,-3.1E0));
#16283=VERTEX_POINT('',#16282);
#16284=CARTESIAN_POINT('',(-8.8E-1,1.75E-1,-3.219E0));
#16285=VERTEX_POINT('',#16284);
#16286=CARTESIAN_POINT('',(-6.2E-1,1.75E-1,-3.219E0));
#16287=CARTESIAN_POINT('',(-5.01E-1,1.75E-1,-3.1E0));
#16288=VERTEX_POINT('',#16286);
#16289=VERTEX_POINT('',#16287);
#16290=CARTESIAN_POINT('',(-4.99E-1,1.75E-1,-3.1E0));
#16291=VERTEX_POINT('',#16290);
#16292=CARTESIAN_POINT('',(-3.8E-1,1.75E-1,-3.219E0));
#16293=VERTEX_POINT('',#16292);
#16294=CARTESIAN_POINT('',(-1.2E-1,1.75E-1,-3.219E0));
#16295=CARTESIAN_POINT('',(-1.E-3,1.75E-1,-3.1E0));
#16296=VERTEX_POINT('',#16294);
#16297=VERTEX_POINT('',#16295);
#16298=CARTESIAN_POINT('',(1.E-3,1.75E-1,-3.1E0));
#16299=VERTEX_POINT('',#16298);
#16300=CARTESIAN_POINT('',(1.2E-1,1.75E-1,-3.219E0));
#16301=VERTEX_POINT('',#16300);
#16302=CARTESIAN_POINT('',(3.8E-1,1.75E-1,-3.219E0));
#16303=CARTESIAN_POINT('',(4.99E-1,1.75E-1,-3.1E0));
#16304=VERTEX_POINT('',#16302);
#16305=VERTEX_POINT('',#16303);
#16306=CARTESIAN_POINT('',(5.01E-1,1.75E-1,-3.1E0));
#16307=VERTEX_POINT('',#16306);
#16308=CARTESIAN_POINT('',(6.2E-1,1.75E-1,-3.219E0));
#16309=VERTEX_POINT('',#16308);
#16310=CARTESIAN_POINT('',(-1.12E0,1.75E-1,3.219E0));
#16311=CARTESIAN_POINT('',(-1.001E0,1.75E-1,3.1E0));
#16312=VERTEX_POINT('',#16310);
#16313=VERTEX_POINT('',#16311);
#16314=CARTESIAN_POINT('',(-9.99E-1,1.75E-1,3.1E0));
#16315=VERTEX_POINT('',#16314);
#16316=CARTESIAN_POINT('',(-8.8E-1,1.75E-1,3.219E0));
#16317=VERTEX_POINT('',#16316);
#16318=CARTESIAN_POINT('',(-6.2E-1,1.75E-1,3.219E0));
#16319=CARTESIAN_POINT('',(-5.01E-1,1.75E-1,3.1E0));
#16320=VERTEX_POINT('',#16318);
#16321=VERTEX_POINT('',#16319);
#16322=CARTESIAN_POINT('',(-4.99E-1,1.75E-1,3.1E0));
#16323=VERTEX_POINT('',#16322);
#16324=CARTESIAN_POINT('',(-3.8E-1,1.75E-1,3.219E0));
#16325=VERTEX_POINT('',#16324);
#16326=CARTESIAN_POINT('',(-1.2E-1,1.75E-1,3.219E0));
#16327=CARTESIAN_POINT('',(-1.E-3,1.75E-1,3.1E0));
#16328=VERTEX_POINT('',#16326);
#16329=VERTEX_POINT('',#16327);
#16330=CARTESIAN_POINT('',(1.E-3,1.75E-1,3.1E0));
#16331=VERTEX_POINT('',#16330);
#16332=CARTESIAN_POINT('',(1.2E-1,1.75E-1,3.219E0));
#16333=VERTEX_POINT('',#16332);
#16334=CARTESIAN_POINT('',(3.8E-1,1.75E-1,3.219E0));
#16335=CARTESIAN_POINT('',(4.99E-1,1.75E-1,3.1E0));
#16336=VERTEX_POINT('',#16334);
#16337=VERTEX_POINT('',#16335);
#16338=CARTESIAN_POINT('',(5.01E-1,1.75E-1,3.1E0));
#16339=VERTEX_POINT('',#16338);
#16340=CARTESIAN_POINT('',(6.2E-1,1.75E-1,3.219E0));
#16341=VERTEX_POINT('',#16340);
#16342=CARTESIAN_POINT('',(-1.35E0,0.E0,-2.999E0));
#16343=VERTEX_POINT('',#16342);
#16344=CARTESIAN_POINT('',(-1.35E0,0.E0,-3.001E0));
#16345=VERTEX_POINT('',#16344);
#16346=CARTESIAN_POINT('',(-1.35E0,0.E0,-2.499E0));
#16347=VERTEX_POINT('',#16346);
#16348=CARTESIAN_POINT('',(-1.35E0,0.E0,-2.501E0));
#16349=VERTEX_POINT('',#16348);
#16350=CARTESIAN_POINT('',(-1.35E0,0.E0,-1.999E0));
#16351=VERTEX_POINT('',#16350);
#16352=CARTESIAN_POINT('',(-1.35E0,0.E0,-2.001E0));
#16353=VERTEX_POINT('',#16352);
#16354=CARTESIAN_POINT('',(-1.35E0,0.E0,-1.499E0));
#16355=VERTEX_POINT('',#16354);
#16356=CARTESIAN_POINT('',(-1.35E0,0.E0,-1.501E0));
#16357=VERTEX_POINT('',#16356);
#16358=CARTESIAN_POINT('',(-1.35E0,0.E0,-9.99E-1));
#16359=VERTEX_POINT('',#16358);
#16360=CARTESIAN_POINT('',(-1.35E0,0.E0,-1.001E0));
#16361=VERTEX_POINT('',#16360);
#16362=CARTESIAN_POINT('',(1.35E0,0.E0,-2.999E0));
#16363=VERTEX_POINT('',#16362);
#16364=CARTESIAN_POINT('',(1.35E0,0.E0,-3.001E0));
#16365=VERTEX_POINT('',#16364);
#16366=CARTESIAN_POINT('',(1.35E0,0.E0,-2.499E0));
#16367=VERTEX_POINT('',#16366);
#16368=CARTESIAN_POINT('',(1.35E0,0.E0,-2.501E0));
#16369=VERTEX_POINT('',#16368);
#16370=CARTESIAN_POINT('',(1.35E0,0.E0,-1.999E0));
#16371=VERTEX_POINT('',#16370);
#16372=CARTESIAN_POINT('',(1.35E0,0.E0,-2.001E0));
#16373=VERTEX_POINT('',#16372);
#16374=CARTESIAN_POINT('',(1.35E0,0.E0,-1.499E0));
#16375=VERTEX_POINT('',#16374);
#16376=CARTESIAN_POINT('',(1.35E0,0.E0,-1.501E0));
#16377=VERTEX_POINT('',#16376);
#16378=CARTESIAN_POINT('',(1.35E0,0.E0,-9.99E-1));
#16379=VERTEX_POINT('',#16378);
#16380=CARTESIAN_POINT('',(1.35E0,0.E0,-1.001E0));
#16381=VERTEX_POINT('',#16380);
#16382=CARTESIAN_POINT('',(-1.001E0,0.E0,-3.1E0));
#16383=VERTEX_POINT('',#16382);
#16384=CARTESIAN_POINT('',(-9.99E-1,0.E0,-3.1E0));
#16385=VERTEX_POINT('',#16384);
#16386=CARTESIAN_POINT('',(-5.01E-1,0.E0,-3.1E0));
#16387=VERTEX_POINT('',#16386);
#16388=CARTESIAN_POINT('',(-4.99E-1,0.E0,-3.1E0));
#16389=VERTEX_POINT('',#16388);
#16390=CARTESIAN_POINT('',(-9.999999999949E-4,0.E0,-3.1E0));
#16391=VERTEX_POINT('',#16390);
#16392=CARTESIAN_POINT('',(9.999999999983E-4,0.E0,-3.1E0));
#16393=VERTEX_POINT('',#16392);
#16394=CARTESIAN_POINT('',(4.99E-1,0.E0,-3.1E0));
#16395=VERTEX_POINT('',#16394);
#16396=CARTESIAN_POINT('',(5.01E-1,0.E0,-3.1E0));
#16397=VERTEX_POINT('',#16396);
#16398=CARTESIAN_POINT('',(-1.001E0,0.E0,3.1E0));
#16399=VERTEX_POINT('',#16398);
#16400=CARTESIAN_POINT('',(-9.99E-1,0.E0,3.1E0));
#16401=VERTEX_POINT('',#16400);
#16402=CARTESIAN_POINT('',(-5.01E-1,0.E0,3.1E0));
#16403=VERTEX_POINT('',#16402);
#16404=CARTESIAN_POINT('',(-4.99E-1,0.E0,3.1E0));
#16405=VERTEX_POINT('',#16404);
#16406=CARTESIAN_POINT('',(-9.999999999949E-4,0.E0,3.1E0));
#16407=VERTEX_POINT('',#16406);
#16408=CARTESIAN_POINT('',(9.999999999983E-4,0.E0,3.1E0));
#16409=VERTEX_POINT('',#16408);
#16410=CARTESIAN_POINT('',(4.99E-1,0.E0,3.1E0));
#16411=VERTEX_POINT('',#16410);
#16412=CARTESIAN_POINT('',(5.01E-1,0.E0,3.1E0));
#16413=VERTEX_POINT('',#16412);
#16414=CARTESIAN_POINT('',(-1.469E0,1.75E-1,-3.8E-1));
#16415=CARTESIAN_POINT('',(-1.35E0,1.75E-1,-4.99E-1));
#16416=VERTEX_POINT('',#16414);
#16417=VERTEX_POINT('',#16415);
#16418=CARTESIAN_POINT('',(-1.35E0,1.75E-1,-5.01E-1));
#16419=VERTEX_POINT('',#16418);
#16420=CARTESIAN_POINT('',(-1.469E0,1.75E-1,-6.2E-1));
#16421=VERTEX_POINT('',#16420);
#16422=CARTESIAN_POINT('',(-1.469E0,1.75E-1,1.2E-1));
#16423=CARTESIAN_POINT('',(-1.35E0,1.75E-1,1.E-3));
#16424=VERTEX_POINT('',#16422);
#16425=VERTEX_POINT('',#16423);
#16426=CARTESIAN_POINT('',(-1.35E0,1.75E-1,-1.E-3));
#16427=VERTEX_POINT('',#16426);
#16428=CARTESIAN_POINT('',(-1.469E0,1.75E-1,-1.2E-1));
#16429=VERTEX_POINT('',#16428);
#16430=CARTESIAN_POINT('',(-1.469E0,1.75E-1,6.2E-1));
#16431=CARTESIAN_POINT('',(-1.35E0,1.75E-1,5.01E-1));
#16432=VERTEX_POINT('',#16430);
#16433=VERTEX_POINT('',#16431);
#16434=CARTESIAN_POINT('',(-1.35E0,1.75E-1,4.99E-1));
#16435=VERTEX_POINT('',#16434);
#16436=CARTESIAN_POINT('',(-1.469E0,1.75E-1,3.8E-1));
#16437=VERTEX_POINT('',#16436);
#16438=CARTESIAN_POINT('',(-1.469E0,1.75E-1,1.12E0));
#16439=CARTESIAN_POINT('',(-1.35E0,1.75E-1,1.001E0));
#16440=VERTEX_POINT('',#16438);
#16441=VERTEX_POINT('',#16439);
#16442=CARTESIAN_POINT('',(-1.35E0,1.75E-1,9.99E-1));
#16443=VERTEX_POINT('',#16442);
#16444=CARTESIAN_POINT('',(-1.469E0,1.75E-1,8.8E-1));
#16445=VERTEX_POINT('',#16444);
#16446=CARTESIAN_POINT('',(-1.469E0,1.75E-1,1.62E0));
#16447=CARTESIAN_POINT('',(-1.35E0,1.75E-1,1.501E0));
#16448=VERTEX_POINT('',#16446);
#16449=VERTEX_POINT('',#16447);
#16450=CARTESIAN_POINT('',(-1.35E0,1.75E-1,1.499E0));
#16451=VERTEX_POINT('',#16450);
#16452=CARTESIAN_POINT('',(-1.469E0,1.75E-1,1.38E0));
#16453=VERTEX_POINT('',#16452);
#16454=CARTESIAN_POINT('',(1.469E0,1.75E-1,-3.8E-1));
#16455=CARTESIAN_POINT('',(1.35E0,1.75E-1,-4.99E-1));
#16456=VERTEX_POINT('',#16454);
#16457=VERTEX_POINT('',#16455);
#16458=CARTESIAN_POINT('',(1.35E0,1.75E-1,-5.01E-1));
#16459=VERTEX_POINT('',#16458);
#16460=CARTESIAN_POINT('',(1.469E0,1.75E-1,-6.2E-1));
#16461=VERTEX_POINT('',#16460);
#16462=CARTESIAN_POINT('',(1.469E0,1.75E-1,1.2E-1));
#16463=CARTESIAN_POINT('',(1.35E0,1.75E-1,1.E-3));
#16464=VERTEX_POINT('',#16462);
#16465=VERTEX_POINT('',#16463);
#16466=CARTESIAN_POINT('',(1.35E0,1.75E-1,-1.E-3));
#16467=VERTEX_POINT('',#16466);
#16468=CARTESIAN_POINT('',(1.469E0,1.75E-1,-1.2E-1));
#16469=VERTEX_POINT('',#16468);
#16470=CARTESIAN_POINT('',(1.469E0,1.75E-1,6.2E-1));
#16471=CARTESIAN_POINT('',(1.35E0,1.75E-1,5.01E-1));
#16472=VERTEX_POINT('',#16470);
#16473=VERTEX_POINT('',#16471);
#16474=CARTESIAN_POINT('',(1.35E0,1.75E-1,4.99E-1));
#16475=VERTEX_POINT('',#16474);
#16476=CARTESIAN_POINT('',(1.469E0,1.75E-1,3.8E-1));
#16477=VERTEX_POINT('',#16476);
#16478=CARTESIAN_POINT('',(1.469E0,1.75E-1,1.12E0));
#16479=CARTESIAN_POINT('',(1.35E0,1.75E-1,1.001E0));
#16480=VERTEX_POINT('',#16478);
#16481=VERTEX_POINT('',#16479);
#16482=CARTESIAN_POINT('',(1.35E0,1.75E-1,9.99E-1));
#16483=VERTEX_POINT('',#16482);
#16484=CARTESIAN_POINT('',(1.469E0,1.75E-1,8.8E-1));
#16485=VERTEX_POINT('',#16484);
#16486=CARTESIAN_POINT('',(1.469E0,1.75E-1,1.62E0));
#16487=CARTESIAN_POINT('',(1.35E0,1.75E-1,1.501E0));
#16488=VERTEX_POINT('',#16486);
#16489=VERTEX_POINT('',#16487);
#16490=CARTESIAN_POINT('',(1.35E0,1.75E-1,1.499E0));
#16491=VERTEX_POINT('',#16490);
#16492=CARTESIAN_POINT('',(1.469E0,1.75E-1,1.38E0));
#16493=VERTEX_POINT('',#16492);
#16494=CARTESIAN_POINT('',(8.8E-1,1.75E-1,-3.219E0));
#16495=CARTESIAN_POINT('',(9.99E-1,1.75E-1,-3.1E0));
#16496=VERTEX_POINT('',#16494);
#16497=VERTEX_POINT('',#16495);
#16498=CARTESIAN_POINT('',(1.001E0,1.75E-1,-3.1E0));
#16499=VERTEX_POINT('',#16498);
#16500=CARTESIAN_POINT('',(1.12E0,1.75E-1,-3.219E0));
#16501=VERTEX_POINT('',#16500);
#16502=CARTESIAN_POINT('',(8.8E-1,1.75E-1,3.219E0));
#16503=CARTESIAN_POINT('',(9.99E-1,1.75E-1,3.1E0));
#16504=VERTEX_POINT('',#16502);
#16505=VERTEX_POINT('',#16503);
#16506=CARTESIAN_POINT('',(1.001E0,1.75E-1,3.1E0));
#16507=VERTEX_POINT('',#16506);
#16508=CARTESIAN_POINT('',(1.12E0,1.75E-1,3.219E0));
#16509=VERTEX_POINT('',#16508);
#16510=CARTESIAN_POINT('',(-1.75E0,0.E0,-3.8E-1));
#16511=CARTESIAN_POINT('',(-1.469E0,0.E0,-3.8E-1));
#16512=VERTEX_POINT('',#16510);
#16513=VERTEX_POINT('',#16511);
#16514=CARTESIAN_POINT('',(-1.35E0,0.E0,-4.99E-1));
#16515=VERTEX_POINT('',#16514);
#16516=CARTESIAN_POINT('',(-1.35E0,0.E0,-5.01E-1));
#16517=VERTEX_POINT('',#16516);
#16518=CARTESIAN_POINT('',(-1.469E0,0.E0,-6.2E-1));
#16519=VERTEX_POINT('',#16518);
#16520=CARTESIAN_POINT('',(-1.75E0,0.E0,1.2E-1));
#16521=CARTESIAN_POINT('',(-1.469E0,0.E0,1.2E-1));
#16522=VERTEX_POINT('',#16520);
#16523=VERTEX_POINT('',#16521);
#16524=CARTESIAN_POINT('',(-1.35E0,0.E0,1.E-3));
#16525=VERTEX_POINT('',#16524);
#16526=CARTESIAN_POINT('',(-1.35E0,0.E0,-1.E-3));
#16527=VERTEX_POINT('',#16526);
#16528=CARTESIAN_POINT('',(-1.469E0,0.E0,-1.2E-1));
#16529=VERTEX_POINT('',#16528);
#16530=CARTESIAN_POINT('',(-1.75E0,0.E0,-1.2E-1));
#16531=VERTEX_POINT('',#16530);
#16532=CARTESIAN_POINT('',(-1.75E0,0.E0,6.2E-1));
#16533=CARTESIAN_POINT('',(-1.469E0,0.E0,6.2E-1));
#16534=VERTEX_POINT('',#16532);
#16535=VERTEX_POINT('',#16533);
#16536=CARTESIAN_POINT('',(-1.35E0,0.E0,5.01E-1));
#16537=VERTEX_POINT('',#16536);
#16538=CARTESIAN_POINT('',(-1.35E0,0.E0,4.99E-1));
#16539=VERTEX_POINT('',#16538);
#16540=CARTESIAN_POINT('',(-1.469E0,0.E0,3.8E-1));
#16541=VERTEX_POINT('',#16540);
#16542=CARTESIAN_POINT('',(-1.75E0,0.E0,3.8E-1));
#16543=VERTEX_POINT('',#16542);
#16544=CARTESIAN_POINT('',(-1.75E0,0.E0,1.12E0));
#16545=CARTESIAN_POINT('',(-1.469E0,0.E0,1.12E0));
#16546=VERTEX_POINT('',#16544);
#16547=VERTEX_POINT('',#16545);
#16548=CARTESIAN_POINT('',(-1.35E0,0.E0,1.001E0));
#16549=VERTEX_POINT('',#16548);
#16550=CARTESIAN_POINT('',(-1.35E0,0.E0,9.99E-1));
#16551=VERTEX_POINT('',#16550);
#16552=CARTESIAN_POINT('',(-1.469E0,0.E0,8.8E-1));
#16553=VERTEX_POINT('',#16552);
#16554=CARTESIAN_POINT('',(-1.75E0,0.E0,8.8E-1));
#16555=VERTEX_POINT('',#16554);
#16556=CARTESIAN_POINT('',(-1.75E0,0.E0,1.62E0));
#16557=CARTESIAN_POINT('',(-1.469E0,0.E0,1.62E0));
#16558=VERTEX_POINT('',#16556);
#16559=VERTEX_POINT('',#16557);
#16560=CARTESIAN_POINT('',(-1.35E0,0.E0,1.501E0));
#16561=VERTEX_POINT('',#16560);
#16562=CARTESIAN_POINT('',(-1.35E0,0.E0,1.499E0));
#16563=VERTEX_POINT('',#16562);
#16564=CARTESIAN_POINT('',(-1.469E0,0.E0,1.38E0));
#16565=VERTEX_POINT('',#16564);
#16566=CARTESIAN_POINT('',(-1.75E0,0.E0,1.38E0));
#16567=VERTEX_POINT('',#16566);
#16568=CARTESIAN_POINT('',(1.75E0,0.E0,-3.8E-1));
#16569=CARTESIAN_POINT('',(1.469E0,0.E0,-3.8E-1));
#16570=VERTEX_POINT('',#16568);
#16571=VERTEX_POINT('',#16569);
#16572=CARTESIAN_POINT('',(1.35E0,0.E0,-4.99E-1));
#16573=VERTEX_POINT('',#16572);
#16574=CARTESIAN_POINT('',(1.35E0,0.E0,-5.01E-1));
#16575=VERTEX_POINT('',#16574);
#16576=CARTESIAN_POINT('',(1.469E0,0.E0,-6.2E-1));
#16577=VERTEX_POINT('',#16576);
#16578=CARTESIAN_POINT('',(1.75E0,0.E0,-6.2E-1));
#16579=VERTEX_POINT('',#16578);
#16580=CARTESIAN_POINT('',(1.75E0,0.E0,1.2E-1));
#16581=CARTESIAN_POINT('',(1.469E0,0.E0,1.2E-1));
#16582=VERTEX_POINT('',#16580);
#16583=VERTEX_POINT('',#16581);
#16584=CARTESIAN_POINT('',(1.35E0,0.E0,1.E-3));
#16585=VERTEX_POINT('',#16584);
#16586=CARTESIAN_POINT('',(1.35E0,0.E0,-1.E-3));
#16587=VERTEX_POINT('',#16586);
#16588=CARTESIAN_POINT('',(1.469E0,0.E0,-1.2E-1));
#16589=VERTEX_POINT('',#16588);
#16590=CARTESIAN_POINT('',(1.75E0,0.E0,-1.2E-1));
#16591=VERTEX_POINT('',#16590);
#16592=CARTESIAN_POINT('',(1.469E0,0.E0,6.2E-1));
#16593=VERTEX_POINT('',#16592);
#16594=CARTESIAN_POINT('',(1.35E0,0.E0,5.01E-1));
#16595=VERTEX_POINT('',#16594);
#16596=CARTESIAN_POINT('',(1.35E0,0.E0,4.99E-1));
#16597=VERTEX_POINT('',#16596);
#16598=CARTESIAN_POINT('',(1.469E0,0.E0,3.8E-1));
#16599=VERTEX_POINT('',#16598);
#16600=CARTESIAN_POINT('',(1.75E0,0.E0,3.8E-1));
#16601=VERTEX_POINT('',#16600);
#16602=CARTESIAN_POINT('',(1.469E0,0.E0,1.12E0));
#16603=VERTEX_POINT('',#16602);
#16604=CARTESIAN_POINT('',(1.35E0,0.E0,1.001E0));
#16605=VERTEX_POINT('',#16604);
#16606=CARTESIAN_POINT('',(1.35E0,0.E0,9.99E-1));
#16607=VERTEX_POINT('',#16606);
#16608=CARTESIAN_POINT('',(1.469E0,0.E0,8.8E-1));
#16609=VERTEX_POINT('',#16608);
#16610=CARTESIAN_POINT('',(1.469E0,0.E0,1.62E0));
#16611=VERTEX_POINT('',#16610);
#16612=CARTESIAN_POINT('',(1.35E0,0.E0,1.501E0));
#16613=VERTEX_POINT('',#16612);
#16614=CARTESIAN_POINT('',(1.35E0,0.E0,1.499E0));
#16615=VERTEX_POINT('',#16614);
#16616=CARTESIAN_POINT('',(1.469E0,0.E0,1.38E0));
#16617=VERTEX_POINT('',#16616);
#16618=CARTESIAN_POINT('',(8.8E-1,0.E0,-3.219E0));
#16619=VERTEX_POINT('',#16618);
#16620=CARTESIAN_POINT('',(9.99E-1,0.E0,-3.1E0));
#16621=VERTEX_POINT('',#16620);
#16622=CARTESIAN_POINT('',(1.001E0,0.E0,-3.1E0));
#16623=VERTEX_POINT('',#16622);
#16624=CARTESIAN_POINT('',(1.12E0,0.E0,-3.219E0));
#16625=VERTEX_POINT('',#16624);
#16626=CARTESIAN_POINT('',(8.8E-1,0.E0,3.219E0));
#16627=VERTEX_POINT('',#16626);
#16628=CARTESIAN_POINT('',(9.99E-1,0.E0,3.1E0));
#16629=VERTEX_POINT('',#16628);
#16630=CARTESIAN_POINT('',(1.001E0,0.E0,3.1E0));
#16631=VERTEX_POINT('',#16630);
#16632=CARTESIAN_POINT('',(1.12E0,0.E0,3.219E0));
#16633=VERTEX_POINT('',#16632);
#16634=CARTESIAN_POINT('',(-1.75E0,1.75E-1,-3.8E-1));
#16635=CARTESIAN_POINT('',(-1.75E0,1.75E-1,-6.2E-1));
#16636=VERTEX_POINT('',#16634);
#16637=VERTEX_POINT('',#16635);
#16638=CARTESIAN_POINT('',(-1.75E0,1.75E-1,1.2E-1));
#16639=CARTESIAN_POINT('',(-1.75E0,1.75E-1,-1.2E-1));
#16640=VERTEX_POINT('',#16638);
#16641=VERTEX_POINT('',#16639);
#16642=CARTESIAN_POINT('',(-1.75E0,1.75E-1,6.2E-1));
#16643=CARTESIAN_POINT('',(-1.75E0,1.75E-1,3.8E-1));
#16644=VERTEX_POINT('',#16642);
#16645=VERTEX_POINT('',#16643);
#16646=CARTESIAN_POINT('',(-1.75E0,1.75E-1,1.12E0));
#16647=CARTESIAN_POINT('',(-1.75E0,1.75E-1,8.8E-1));
#16648=VERTEX_POINT('',#16646);
#16649=VERTEX_POINT('',#16647);
#16650=CARTESIAN_POINT('',(-1.75E0,1.75E-1,1.62E0));
#16651=CARTESIAN_POINT('',(-1.75E0,1.75E-1,1.38E0));
#16652=VERTEX_POINT('',#16650);
#16653=VERTEX_POINT('',#16651);
#16654=CARTESIAN_POINT('',(8.8E-1,1.75E-1,3.5E0));
#16655=VERTEX_POINT('',#16654);
#16656=CARTESIAN_POINT('',(1.12E0,1.75E-1,3.5E0));
#16657=VERTEX_POINT('',#16656);
#16658=CARTESIAN_POINT('',(1.75E0,1.75E-1,-3.8E-1));
#16659=CARTESIAN_POINT('',(1.75E0,1.75E-1,-6.2E-1));
#16660=VERTEX_POINT('',#16658);
#16661=VERTEX_POINT('',#16659);
#16662=CARTESIAN_POINT('',(1.75E0,1.75E-1,1.2E-1));
#16663=CARTESIAN_POINT('',(1.75E0,1.75E-1,-1.2E-1));
#16664=VERTEX_POINT('',#16662);
#16665=VERTEX_POINT('',#16663);
#16666=CARTESIAN_POINT('',(1.75E0,1.75E-1,6.2E-1));
#16667=CARTESIAN_POINT('',(1.75E0,1.75E-1,3.8E-1));
#16668=VERTEX_POINT('',#16666);
#16669=VERTEX_POINT('',#16667);
#16670=CARTESIAN_POINT('',(1.75E0,1.75E-1,1.12E0));
#16671=CARTESIAN_POINT('',(1.75E0,1.75E-1,8.8E-1));
#16672=VERTEX_POINT('',#16670);
#16673=VERTEX_POINT('',#16671);
#16674=CARTESIAN_POINT('',(1.75E0,1.75E-1,1.62E0));
#16675=CARTESIAN_POINT('',(1.75E0,1.75E-1,1.38E0));
#16676=VERTEX_POINT('',#16674);
#16677=VERTEX_POINT('',#16675);
#16678=CARTESIAN_POINT('',(8.8E-1,1.75E-1,-3.5E0));
#16679=VERTEX_POINT('',#16678);
#16680=CARTESIAN_POINT('',(1.12E0,1.75E-1,-3.5E0));
#16681=VERTEX_POINT('',#16680);
#16682=CARTESIAN_POINT('',(-1.75E0,0.E0,1.88E0));
#16683=VERTEX_POINT('',#16682);
#16684=CARTESIAN_POINT('',(-1.469E0,1.75E-1,2.12E0));
#16685=CARTESIAN_POINT('',(-1.35E0,1.75E-1,2.001E0));
#16686=VERTEX_POINT('',#16684);
#16687=VERTEX_POINT('',#16685);
#16688=CARTESIAN_POINT('',(-1.35E0,1.75E-1,1.999E0));
#16689=VERTEX_POINT('',#16688);
#16690=CARTESIAN_POINT('',(-1.469E0,1.75E-1,1.88E0));
#16691=VERTEX_POINT('',#16690);
#16692=CARTESIAN_POINT('',(-1.469E0,1.75E-1,2.62E0));
#16693=CARTESIAN_POINT('',(-1.35E0,1.75E-1,2.501E0));
#16694=VERTEX_POINT('',#16692);
#16695=VERTEX_POINT('',#16693);
#16696=CARTESIAN_POINT('',(-1.35E0,1.75E-1,2.499E0));
#16697=VERTEX_POINT('',#16696);
#16698=CARTESIAN_POINT('',(-1.469E0,1.75E-1,2.38E0));
#16699=VERTEX_POINT('',#16698);
#16700=CARTESIAN_POINT('',(1.469E0,1.75E-1,2.12E0));
#16701=CARTESIAN_POINT('',(1.35E0,1.75E-1,2.001E0));
#16702=VERTEX_POINT('',#16700);
#16703=VERTEX_POINT('',#16701);
#16704=CARTESIAN_POINT('',(1.35E0,1.75E-1,1.999E0));
#16705=VERTEX_POINT('',#16704);
#16706=CARTESIAN_POINT('',(1.469E0,1.75E-1,1.88E0));
#16707=VERTEX_POINT('',#16706);
#16708=CARTESIAN_POINT('',(1.469E0,1.75E-1,2.62E0));
#16709=CARTESIAN_POINT('',(1.35E0,1.75E-1,2.501E0));
#16710=VERTEX_POINT('',#16708);
#16711=VERTEX_POINT('',#16709);
#16712=CARTESIAN_POINT('',(1.35E0,1.75E-1,2.499E0));
#16713=VERTEX_POINT('',#16712);
#16714=CARTESIAN_POINT('',(1.469E0,1.75E-1,2.38E0));
#16715=VERTEX_POINT('',#16714);
#16716=CARTESIAN_POINT('',(-1.75E0,0.E0,2.12E0));
#16717=CARTESIAN_POINT('',(-1.469E0,0.E0,2.12E0));
#16718=VERTEX_POINT('',#16716);
#16719=VERTEX_POINT('',#16717);
#16720=CARTESIAN_POINT('',(-1.35E0,0.E0,2.001E0));
#16721=VERTEX_POINT('',#16720);
#16722=CARTESIAN_POINT('',(-1.35E0,0.E0,1.999E0));
#16723=VERTEX_POINT('',#16722);
#16724=CARTESIAN_POINT('',(-1.469E0,0.E0,1.88E0));
#16725=VERTEX_POINT('',#16724);
#16726=CARTESIAN_POINT('',(-1.75E0,0.E0,2.62E0));
#16727=CARTESIAN_POINT('',(-1.469E0,0.E0,2.62E0));
#16728=VERTEX_POINT('',#16726);
#16729=VERTEX_POINT('',#16727);
#16730=CARTESIAN_POINT('',(-1.35E0,0.E0,2.501E0));
#16731=VERTEX_POINT('',#16730);
#16732=CARTESIAN_POINT('',(-1.35E0,0.E0,2.499E0));
#16733=VERTEX_POINT('',#16732);
#16734=CARTESIAN_POINT('',(-1.469E0,0.E0,2.38E0));
#16735=VERTEX_POINT('',#16734);
#16736=CARTESIAN_POINT('',(-1.75E0,0.E0,2.38E0));
#16737=VERTEX_POINT('',#16736);
#16738=CARTESIAN_POINT('',(1.469E0,0.E0,2.12E0));
#16739=VERTEX_POINT('',#16738);
#16740=CARTESIAN_POINT('',(1.35E0,0.E0,2.001E0));
#16741=VERTEX_POINT('',#16740);
#16742=CARTESIAN_POINT('',(1.35E0,0.E0,1.999E0));
#16743=VERTEX_POINT('',#16742);
#16744=CARTESIAN_POINT('',(1.469E0,0.E0,1.88E0));
#16745=VERTEX_POINT('',#16744);
#16746=CARTESIAN_POINT('',(1.469E0,0.E0,2.62E0));
#16747=VERTEX_POINT('',#16746);
#16748=CARTESIAN_POINT('',(1.35E0,0.E0,2.501E0));
#16749=VERTEX_POINT('',#16748);
#16750=CARTESIAN_POINT('',(1.35E0,0.E0,2.499E0));
#16751=VERTEX_POINT('',#16750);
#16752=CARTESIAN_POINT('',(1.469E0,0.E0,2.38E0));
#16753=VERTEX_POINT('',#16752);
#16754=CARTESIAN_POINT('',(-1.75E0,1.75E-1,2.12E0));
#16755=CARTESIAN_POINT('',(-1.75E0,1.75E-1,1.88E0));
#16756=VERTEX_POINT('',#16754);
#16757=VERTEX_POINT('',#16755);
#16758=CARTESIAN_POINT('',(-1.75E0,1.75E-1,2.62E0));
#16759=CARTESIAN_POINT('',(-1.75E0,1.75E-1,2.38E0));
#16760=VERTEX_POINT('',#16758);
#16761=VERTEX_POINT('',#16759);
#16762=CARTESIAN_POINT('',(1.75E0,1.75E-1,2.12E0));
#16763=CARTESIAN_POINT('',(1.75E0,1.75E-1,1.88E0));
#16764=VERTEX_POINT('',#16762);
#16765=VERTEX_POINT('',#16763);
#16766=CARTESIAN_POINT('',(1.75E0,1.75E-1,2.62E0));
#16767=CARTESIAN_POINT('',(1.75E0,1.75E-1,2.38E0));
#16768=VERTEX_POINT('',#16766);
#16769=VERTEX_POINT('',#16767);
#16770=CARTESIAN_POINT('',(-1.75E0,0.E0,2.88E0));
#16771=VERTEX_POINT('',#16770);
#16772=CARTESIAN_POINT('',(-1.469E0,1.75E-1,3.12E0));
#16773=CARTESIAN_POINT('',(-1.35E0,1.75E-1,3.001E0));
#16774=VERTEX_POINT('',#16772);
#16775=VERTEX_POINT('',#16773);
#16776=CARTESIAN_POINT('',(-1.35E0,1.75E-1,2.999E0));
#16777=VERTEX_POINT('',#16776);
#16778=CARTESIAN_POINT('',(-1.469E0,1.75E-1,2.88E0));
#16779=VERTEX_POINT('',#16778);
#16780=CARTESIAN_POINT('',(1.469E0,1.75E-1,3.12E0));
#16781=CARTESIAN_POINT('',(1.35E0,1.75E-1,3.001E0));
#16782=VERTEX_POINT('',#16780);
#16783=VERTEX_POINT('',#16781);
#16784=CARTESIAN_POINT('',(1.35E0,1.75E-1,2.999E0));
#16785=VERTEX_POINT('',#16784);
#16786=CARTESIAN_POINT('',(1.469E0,1.75E-1,2.88E0));
#16787=VERTEX_POINT('',#16786);
#16788=CARTESIAN_POINT('',(-1.75E0,0.E0,3.12E0));
#16789=CARTESIAN_POINT('',(-1.469E0,0.E0,3.12E0));
#16790=VERTEX_POINT('',#16788);
#16791=VERTEX_POINT('',#16789);
#16792=CARTESIAN_POINT('',(-1.35E0,0.E0,3.001E0));
#16793=VERTEX_POINT('',#16792);
#16794=CARTESIAN_POINT('',(-1.35E0,0.E0,2.999E0));
#16795=VERTEX_POINT('',#16794);
#16796=CARTESIAN_POINT('',(-1.469E0,0.E0,2.88E0));
#16797=VERTEX_POINT('',#16796);
#16798=CARTESIAN_POINT('',(1.469E0,0.E0,3.12E0));
#16799=VERTEX_POINT('',#16798);
#16800=CARTESIAN_POINT('',(1.35E0,0.E0,3.001E0));
#16801=VERTEX_POINT('',#16800);
#16802=CARTESIAN_POINT('',(1.35E0,0.E0,2.999E0));
#16803=VERTEX_POINT('',#16802);
#16804=CARTESIAN_POINT('',(1.469E0,0.E0,2.88E0));
#16805=VERTEX_POINT('',#16804);
#16806=CARTESIAN_POINT('',(-1.75E0,1.75E-1,3.12E0));
#16807=CARTESIAN_POINT('',(-1.75E0,1.75E-1,2.88E0));
#16808=VERTEX_POINT('',#16806);
#16809=VERTEX_POINT('',#16807);
#16810=CARTESIAN_POINT('',(1.75E0,1.75E-1,3.12E0));
#16811=CARTESIAN_POINT('',(1.75E0,1.75E-1,2.88E0));
#16812=VERTEX_POINT('',#16810);
#16813=VERTEX_POINT('',#16811);
#16814=CARTESIAN_POINT('',(-1.125E0,1.75E-1,-9.61E-1));
#16815=CARTESIAN_POINT('',(1.125E0,1.75E-1,-9.61E-1));
#16816=VERTEX_POINT('',#16814);
#16817=VERTEX_POINT('',#16815);
#16818=CARTESIAN_POINT('',(-1.125E0,1.75E-1,-1.361E0));
#16819=CARTESIAN_POINT('',(1.125E0,1.75E-1,-1.361E0));
#16820=VERTEX_POINT('',#16818);
#16821=VERTEX_POINT('',#16819);
#16822=CARTESIAN_POINT('',(-1.125E0,0.E0,-9.61E-1));
#16823=VERTEX_POINT('',#16822);
#16824=CARTESIAN_POINT('',(1.125E0,0.E0,-1.361E0));
#16825=VERTEX_POINT('',#16824);
#16826=CARTESIAN_POINT('',(0.E0,0.E0,0.E0));
#16827=DIRECTION('',(0.E0,1.E0,0.E0));
#16828=DIRECTION('',(1.E0,0.E0,0.E0));
#16829=AXIS2_PLACEMENT_3D('',#16826,#16827,#16828);
#16830=PLANE('',#16829);
#16832=ORIENTED_EDGE('',*,*,#16831,.F.);
#16834=ORIENTED_EDGE('',*,*,#16833,.T.);
#16836=ORIENTED_EDGE('',*,*,#16835,.T.);
#16838=ORIENTED_EDGE('',*,*,#16837,.F.);
#16840=ORIENTED_EDGE('',*,*,#16839,.F.);
#16842=ORIENTED_EDGE('',*,*,#16841,.F.);
#16844=ORIENTED_EDGE('',*,*,#16843,.F.);
#16846=ORIENTED_EDGE('',*,*,#16845,.T.);
#16848=ORIENTED_EDGE('',*,*,#16847,.T.);
#16850=ORIENTED_EDGE('',*,*,#16849,.F.);
#16852=ORIENTED_EDGE('',*,*,#16851,.F.);
#16854=ORIENTED_EDGE('',*,*,#16853,.F.);
#16856=ORIENTED_EDGE('',*,*,#16855,.F.);
#16858=ORIENTED_EDGE('',*,*,#16857,.T.);
#16860=ORIENTED_EDGE('',*,*,#16859,.T.);
#16862=ORIENTED_EDGE('',*,*,#16861,.F.);
#16864=ORIENTED_EDGE('',*,*,#16863,.F.);
#16866=ORIENTED_EDGE('',*,*,#16865,.F.);
#16868=ORIENTED_EDGE('',*,*,#16867,.F.);
#16870=ORIENTED_EDGE('',*,*,#16869,.T.);
#16872=ORIENTED_EDGE('',*,*,#16871,.T.);
#16874=ORIENTED_EDGE('',*,*,#16873,.F.);
#16876=ORIENTED_EDGE('',*,*,#16875,.F.);
#16878=ORIENTED_EDGE('',*,*,#16877,.F.);
#16880=ORIENTED_EDGE('',*,*,#16879,.F.);
#16882=ORIENTED_EDGE('',*,*,#16881,.T.);
#16884=ORIENTED_EDGE('',*,*,#16883,.T.);
#16886=ORIENTED_EDGE('',*,*,#16885,.F.);
#16888=ORIENTED_EDGE('',*,*,#16887,.F.);
#16890=ORIENTED_EDGE('',*,*,#16889,.F.);
#16892=ORIENTED_EDGE('',*,*,#16891,.F.);
#16894=ORIENTED_EDGE('',*,*,#16893,.T.);
#16896=ORIENTED_EDGE('',*,*,#16895,.T.);
#16898=ORIENTED_EDGE('',*,*,#16897,.F.);
#16900=ORIENTED_EDGE('',*,*,#16899,.F.);
#16902=ORIENTED_EDGE('',*,*,#16901,.F.);
#16904=ORIENTED_EDGE('',*,*,#16903,.F.);
#16906=ORIENTED_EDGE('',*,*,#16905,.T.);
#16908=ORIENTED_EDGE('',*,*,#16907,.T.);
#16910=ORIENTED_EDGE('',*,*,#16909,.F.);
#16912=ORIENTED_EDGE('',*,*,#16911,.F.);
#16914=ORIENTED_EDGE('',*,*,#16913,.F.);
#16916=ORIENTED_EDGE('',*,*,#16915,.F.);
#16918=ORIENTED_EDGE('',*,*,#16917,.T.);
#16920=ORIENTED_EDGE('',*,*,#16919,.T.);
#16922=ORIENTED_EDGE('',*,*,#16921,.F.);
#16924=ORIENTED_EDGE('',*,*,#16923,.F.);
#16926=ORIENTED_EDGE('',*,*,#16925,.F.);
#16928=ORIENTED_EDGE('',*,*,#16927,.F.);
#16930=ORIENTED_EDGE('',*,*,#16929,.T.);
#16932=ORIENTED_EDGE('',*,*,#16931,.T.);
#16934=ORIENTED_EDGE('',*,*,#16933,.F.);
#16936=ORIENTED_EDGE('',*,*,#16935,.F.);
#16938=ORIENTED_EDGE('',*,*,#16937,.F.);
#16940=ORIENTED_EDGE('',*,*,#16939,.F.);
#16942=ORIENTED_EDGE('',*,*,#16941,.T.);
#16944=ORIENTED_EDGE('',*,*,#16943,.T.);
#16946=ORIENTED_EDGE('',*,*,#16945,.F.);
#16948=ORIENTED_EDGE('',*,*,#16947,.F.);
#16950=ORIENTED_EDGE('',*,*,#16949,.F.);
#16952=ORIENTED_EDGE('',*,*,#16951,.F.);
#16954=ORIENTED_EDGE('',*,*,#16953,.T.);
#16956=ORIENTED_EDGE('',*,*,#16955,.T.);
#16958=ORIENTED_EDGE('',*,*,#16957,.F.);
#16960=ORIENTED_EDGE('',*,*,#16959,.F.);
#16962=ORIENTED_EDGE('',*,*,#16961,.F.);
#16964=ORIENTED_EDGE('',*,*,#16963,.F.);
#16966=ORIENTED_EDGE('',*,*,#16965,.T.);
#16968=ORIENTED_EDGE('',*,*,#16967,.T.);
#16970=ORIENTED_EDGE('',*,*,#16969,.F.);
#16972=ORIENTED_EDGE('',*,*,#16971,.F.);
#16974=ORIENTED_EDGE('',*,*,#16973,.F.);
#16976=ORIENTED_EDGE('',*,*,#16975,.F.);
#16978=ORIENTED_EDGE('',*,*,#16977,.T.);
#16980=ORIENTED_EDGE('',*,*,#16979,.T.);
#16982=ORIENTED_EDGE('',*,*,#16981,.T.);
#16984=ORIENTED_EDGE('',*,*,#16983,.T.);
#16986=ORIENTED_EDGE('',*,*,#16985,.T.);
#16988=ORIENTED_EDGE('',*,*,#16987,.T.);
#16990=ORIENTED_EDGE('',*,*,#16989,.F.);
#16992=ORIENTED_EDGE('',*,*,#16991,.T.);
#16994=ORIENTED_EDGE('',*,*,#16993,.T.);
#16996=ORIENTED_EDGE('',*,*,#16995,.T.);
#16998=ORIENTED_EDGE('',*,*,#16997,.T.);
#17000=ORIENTED_EDGE('',*,*,#16999,.T.);
#17002=ORIENTED_EDGE('',*,*,#17001,.F.);
#17004=ORIENTED_EDGE('',*,*,#17003,.T.);
#17006=ORIENTED_EDGE('',*,*,#17005,.T.);
#17008=ORIENTED_EDGE('',*,*,#17007,.T.);
#17010=ORIENTED_EDGE('',*,*,#17009,.T.);
#17012=ORIENTED_EDGE('',*,*,#17011,.T.);
#17014=ORIENTED_EDGE('',*,*,#17013,.F.);
#17016=ORIENTED_EDGE('',*,*,#17015,.T.);
#17018=ORIENTED_EDGE('',*,*,#17017,.T.);
#17020=ORIENTED_EDGE('',*,*,#17019,.T.);
#17022=ORIENTED_EDGE('',*,*,#17021,.T.);
#17024=ORIENTED_EDGE('',*,*,#17023,.T.);
#17026=ORIENTED_EDGE('',*,*,#17025,.F.);
#17028=ORIENTED_EDGE('',*,*,#17027,.T.);
#17030=ORIENTED_EDGE('',*,*,#17029,.T.);
#17032=ORIENTED_EDGE('',*,*,#17031,.T.);
#17034=ORIENTED_EDGE('',*,*,#17033,.T.);
#17036=ORIENTED_EDGE('',*,*,#17035,.T.);
#17038=ORIENTED_EDGE('',*,*,#17037,.F.);
#17040=ORIENTED_EDGE('',*,*,#17039,.T.);
#17042=ORIENTED_EDGE('',*,*,#17041,.T.);
#17044=ORIENTED_EDGE('',*,*,#17043,.T.);
#17046=ORIENTED_EDGE('',*,*,#17045,.T.);
#17048=ORIENTED_EDGE('',*,*,#17047,.T.);
#17050=ORIENTED_EDGE('',*,*,#17049,.T.);
#17052=ORIENTED_EDGE('',*,*,#17051,.F.);
#17054=ORIENTED_EDGE('',*,*,#17053,.T.);
#17056=ORIENTED_EDGE('',*,*,#17055,.T.);
#17058=ORIENTED_EDGE('',*,*,#17057,.T.);
#17060=ORIENTED_EDGE('',*,*,#17059,.T.);
#17062=ORIENTED_EDGE('',*,*,#17061,.T.);
#17064=ORIENTED_EDGE('',*,*,#17063,.F.);
#17066=ORIENTED_EDGE('',*,*,#17065,.T.);
#17068=ORIENTED_EDGE('',*,*,#17067,.T.);
#17070=ORIENTED_EDGE('',*,*,#17069,.T.);
#17072=ORIENTED_EDGE('',*,*,#17071,.T.);
#17074=ORIENTED_EDGE('',*,*,#17073,.T.);
#17076=ORIENTED_EDGE('',*,*,#17075,.F.);
#17078=ORIENTED_EDGE('',*,*,#17077,.T.);
#17080=ORIENTED_EDGE('',*,*,#17079,.T.);
#17082=ORIENTED_EDGE('',*,*,#17081,.T.);
#17084=ORIENTED_EDGE('',*,*,#17083,.T.);
#17086=ORIENTED_EDGE('',*,*,#17085,.T.);
#17088=ORIENTED_EDGE('',*,*,#17087,.F.);
#17090=ORIENTED_EDGE('',*,*,#17089,.T.);
#17092=ORIENTED_EDGE('',*,*,#17091,.T.);
#17094=ORIENTED_EDGE('',*,*,#17093,.T.);
#17096=ORIENTED_EDGE('',*,*,#17095,.T.);
#17098=ORIENTED_EDGE('',*,*,#17097,.T.);
#17100=ORIENTED_EDGE('',*,*,#17099,.F.);
#17102=ORIENTED_EDGE('',*,*,#17101,.T.);
#17104=ORIENTED_EDGE('',*,*,#17103,.T.);
#17106=ORIENTED_EDGE('',*,*,#17105,.T.);
#17108=ORIENTED_EDGE('',*,*,#17107,.T.);
#17110=ORIENTED_EDGE('',*,*,#17109,.T.);
#17112=ORIENTED_EDGE('',*,*,#17111,.F.);
#17114=ORIENTED_EDGE('',*,*,#17113,.T.);
#17116=ORIENTED_EDGE('',*,*,#17115,.T.);
#17118=ORIENTED_EDGE('',*,*,#17117,.T.);
#17120=ORIENTED_EDGE('',*,*,#17119,.T.);
#17122=ORIENTED_EDGE('',*,*,#17121,.T.);
#17124=ORIENTED_EDGE('',*,*,#17123,.F.);
#17126=ORIENTED_EDGE('',*,*,#17125,.T.);
#17128=ORIENTED_EDGE('',*,*,#17127,.T.);
#17130=ORIENTED_EDGE('',*,*,#17129,.T.);
#17132=ORIENTED_EDGE('',*,*,#17131,.T.);
#17134=ORIENTED_EDGE('',*,*,#17133,.T.);
#17136=ORIENTED_EDGE('',*,*,#17135,.F.);
#17138=ORIENTED_EDGE('',*,*,#17137,.T.);
#17140=ORIENTED_EDGE('',*,*,#17139,.T.);
#17142=ORIENTED_EDGE('',*,*,#17141,.T.);
#17144=ORIENTED_EDGE('',*,*,#17143,.T.);
#17146=ORIENTED_EDGE('',*,*,#17145,.T.);
#17148=ORIENTED_EDGE('',*,*,#17147,.F.);
#17150=ORIENTED_EDGE('',*,*,#17149,.T.);
#17152=ORIENTED_EDGE('',*,*,#17151,.T.);
#17154=ORIENTED_EDGE('',*,*,#17153,.T.);
#17156=ORIENTED_EDGE('',*,*,#17155,.T.);
#17158=ORIENTED_EDGE('',*,*,#17157,.T.);
#17160=ORIENTED_EDGE('',*,*,#17159,.F.);
#17162=ORIENTED_EDGE('',*,*,#17161,.T.);
#17164=ORIENTED_EDGE('',*,*,#17163,.T.);
#17166=ORIENTED_EDGE('',*,*,#17165,.T.);
#17168=ORIENTED_EDGE('',*,*,#17167,.T.);
#17170=ORIENTED_EDGE('',*,*,#17169,.T.);
#17172=ORIENTED_EDGE('',*,*,#17171,.F.);
#17174=ORIENTED_EDGE('',*,*,#17173,.T.);
#17176=ORIENTED_EDGE('',*,*,#17175,.T.);
#17178=ORIENTED_EDGE('',*,*,#17177,.T.);
#17180=ORIENTED_EDGE('',*,*,#17179,.T.);
#17182=ORIENTED_EDGE('',*,*,#17181,.T.);
#17184=ORIENTED_EDGE('',*,*,#17183,.F.);
#17186=ORIENTED_EDGE('',*,*,#17185,.T.);
#17188=ORIENTED_EDGE('',*,*,#17187,.T.);
#17190=ORIENTED_EDGE('',*,*,#17189,.T.);
#17192=ORIENTED_EDGE('',*,*,#17191,.T.);
#17194=ORIENTED_EDGE('',*,*,#17193,.T.);
#17196=ORIENTED_EDGE('',*,*,#17195,.F.);
#17198=ORIENTED_EDGE('',*,*,#17197,.T.);
#17200=ORIENTED_EDGE('',*,*,#17199,.T.);
#17202=ORIENTED_EDGE('',*,*,#17201,.T.);
#17204=ORIENTED_EDGE('',*,*,#17203,.F.);
#17206=ORIENTED_EDGE('',*,*,#17205,.F.);
#17208=ORIENTED_EDGE('',*,*,#17207,.F.);
#17210=ORIENTED_EDGE('',*,*,#17209,.F.);
#17212=ORIENTED_EDGE('',*,*,#17211,.T.);
#17214=ORIENTED_EDGE('',*,*,#17213,.T.);
#17216=ORIENTED_EDGE('',*,*,#17215,.F.);
#17218=ORIENTED_EDGE('',*,*,#17217,.F.);
#17220=ORIENTED_EDGE('',*,*,#17219,.F.);
#17222=ORIENTED_EDGE('',*,*,#17221,.F.);
#17224=ORIENTED_EDGE('',*,*,#17223,.T.);
#17226=ORIENTED_EDGE('',*,*,#17225,.T.);
#17228=ORIENTED_EDGE('',*,*,#17227,.F.);
#17230=ORIENTED_EDGE('',*,*,#17229,.F.);
#17232=ORIENTED_EDGE('',*,*,#17231,.F.);
#17234=ORIENTED_EDGE('',*,*,#17233,.F.);
#17236=ORIENTED_EDGE('',*,*,#17235,.T.);
#17238=ORIENTED_EDGE('',*,*,#17237,.T.);
#17240=ORIENTED_EDGE('',*,*,#17239,.F.);
#17242=ORIENTED_EDGE('',*,*,#17241,.F.);
#17244=ORIENTED_EDGE('',*,*,#17243,.F.);
#17246=ORIENTED_EDGE('',*,*,#17245,.F.);
#17248=ORIENTED_EDGE('',*,*,#17247,.T.);
#17250=ORIENTED_EDGE('',*,*,#17249,.T.);
#17252=ORIENTED_EDGE('',*,*,#17251,.F.);
#17254=ORIENTED_EDGE('',*,*,#17253,.F.);
#17256=ORIENTED_EDGE('',*,*,#17255,.F.);
#17258=ORIENTED_EDGE('',*,*,#17257,.F.);
#17260=ORIENTED_EDGE('',*,*,#17259,.T.);
#17262=ORIENTED_EDGE('',*,*,#17261,.T.);
#17264=ORIENTED_EDGE('',*,*,#17263,.T.);
#17266=ORIENTED_EDGE('',*,*,#17265,.F.);
#17268=ORIENTED_EDGE('',*,*,#17267,.F.);
#17270=ORIENTED_EDGE('',*,*,#17269,.F.);
#17271=EDGE_LOOP('',(#16832,#16834,#16836,#16838,#16840,#16842,#16844,#16846,
#16848,#16850,#16852,#16854,#16856,#16858,#16860,#16862,#16864,#16866,#16868,
#16870,#16872,#16874,#16876,#16878,#16880,#16882,#16884,#16886,#16888,#16890,
#16892,#16894,#16896,#16898,#16900,#16902,#16904,#16906,#16908,#16910,#16912,
#16914,#16916,#16918,#16920,#16922,#16924,#16926,#16928,#16930,#16932,#16934,
#16936,#16938,#16940,#16942,#16944,#16946,#16948,#16950,#16952,#16954,#16956,
#16958,#16960,#16962,#16964,#16966,#16968,#16970,#16972,#16974,#16976,#16978,
#16980,#16982,#16984,#16986,#16988,#16990,#16992,#16994,#16996,#16998,#17000,
#17002,#17004,#17006,#17008,#17010,#17012,#17014,#17016,#17018,#17020,#17022,
#17024,#17026,#17028,#17030,#17032,#17034,#17036,#17038,#17040,#17042,#17044,
#17046,#17048,#17050,#17052,#17054,#17056,#17058,#17060,#17062,#17064,#17066,
#17068,#17070,#17072,#17074,#17076,#17078,#17080,#17082,#17084,#17086,#17088,
#17090,#17092,#17094,#17096,#17098,#17100,#17102,#17104,#17106,#17108,#17110,
#17112,#17114,#17116,#17118,#17120,#17122,#17124,#17126,#17128,#17130,#17132,
#17134,#17136,#17138,#17140,#17142,#17144,#17146,#17148,#17150,#17152,#17154,
#17156,#17158,#17160,#17162,#17164,#17166,#17168,#17170,#17172,#17174,#17176,
#17178,#17180,#17182,#17184,#17186,#17188,#17190,#17192,#17194,#17196,#17198,
#17200,#17202,#17204,#17206,#17208,#17210,#17212,#17214,#17216,#17218,#17220,
#17222,#17224,#17226,#17228,#17230,#17232,#17234,#17236,#17238,#17240,#17242,
#17244,#17246,#17248,#17250,#17252,#17254,#17256,#17258,#17260,#17262,#17264,
#17266,#17268,#17270));
#17272=FACE_OUTER_BOUND('',#17271,.F.);
#17274=ORIENTED_EDGE('',*,*,#17273,.F.);
#17276=ORIENTED_EDGE('',*,*,#17275,.T.);
#17278=ORIENTED_EDGE('',*,*,#17277,.F.);
#17280=ORIENTED_EDGE('',*,*,#17279,.F.);
#17282=ORIENTED_EDGE('',*,*,#17281,.T.);
#17283=EDGE_LOOP('',(#17274,#17276,#17278,#17280,#17282));
#17284=FACE_BOUND('',#17283,.F.);
#17286=ORIENTED_EDGE('',*,*,#17285,.F.);
#17288=ORIENTED_EDGE('',*,*,#17287,.F.);
#17290=ORIENTED_EDGE('',*,*,#17289,.T.);
#17292=ORIENTED_EDGE('',*,*,#17291,.F.);
#17293=EDGE_LOOP('',(#17286,#17288,#17290,#17292));
#17294=FACE_BOUND('',#17293,.F.);
#17296=CARTESIAN_POINT('',(-1.85E0,-2.5E-2,-2.88E0));
#17297=DIRECTION('',(0.E0,0.E0,1.E0));
#17298=DIRECTION('',(1.E0,0.E0,0.E0));
#17299=AXIS2_PLACEMENT_3D('',#17296,#17297,#17298);
#17300=PLANE('',#17299);
#17301=ORIENTED_EDGE('',*,*,#16831,.T.);
#17303=ORIENTED_EDGE('',*,*,#17302,.T.);
#17305=ORIENTED_EDGE('',*,*,#17304,.F.);
#17307=ORIENTED_EDGE('',*,*,#17306,.F.);
#17308=EDGE_LOOP('',(#17301,#17303,#17305,#17307));
#17309=FACE_OUTER_BOUND('',#17308,.F.);
#17311=CARTESIAN_POINT('',(-1.469E0,-2.5E-2,-2.999E0));
#17312=DIRECTION('',(0.E0,1.E0,0.E0));
#17313=DIRECTION('',(1.E0,0.E0,0.E0));
#17314=AXIS2_PLACEMENT_3D('',#17311,#17312,#17313);
#17315=CYLINDRICAL_SURFACE('',#17314,1.19E-1);
#17316=ORIENTED_EDGE('',*,*,#17269,.T.);
#17318=ORIENTED_EDGE('',*,*,#17317,.T.);
#17320=ORIENTED_EDGE('',*,*,#17319,.F.);
#17321=ORIENTED_EDGE('',*,*,#17302,.F.);
#17322=EDGE_LOOP('',(#17316,#17318,#17320,#17321));
#17323=FACE_OUTER_BOUND('',#17322,.F.);
#17325=CARTESIAN_POINT('',(-1.35E0,-2.5E-2,-2.999E0));
#17326=DIRECTION('',(1.E0,0.E0,0.E0));
#17327=DIRECTION('',(0.E0,0.E0,-1.E0));
#17328=AXIS2_PLACEMENT_3D('',#17325,#17326,#17327);
#17329=PLANE('',#17328);
#17330=ORIENTED_EDGE('',*,*,#17267,.T.);
#17332=ORIENTED_EDGE('',*,*,#17331,.T.);
#17334=ORIENTED_EDGE('',*,*,#17333,.F.);
#17335=ORIENTED_EDGE('',*,*,#17317,.F.);
#17336=EDGE_LOOP('',(#17330,#17332,#17334,#17335));
#17337=FACE_OUTER_BOUND('',#17336,.F.);
#17339=CARTESIAN_POINT('',(-1.469E0,-2.5E-2,-3.001E0));
#17340=DIRECTION('',(0.E0,1.E0,0.E0));
#17341=DIRECTION('',(1.E0,0.E0,0.E0));
#17342=AXIS2_PLACEMENT_3D('',#17339,#17340,#17341);
#17343=CYLINDRICAL_SURFACE('',#17342,1.19E-1);
#17344=ORIENTED_EDGE('',*,*,#17265,.T.);
#17346=ORIENTED_EDGE('',*,*,#17345,.T.);
#17348=ORIENTED_EDGE('',*,*,#17347,.F.);
#17349=ORIENTED_EDGE('',*,*,#17331,.F.);
#17350=EDGE_LOOP('',(#17344,#17346,#17348,#17349));
#17351=FACE_OUTER_BOUND('',#17350,.F.);
#17353=CARTESIAN_POINT('',(-1.469E0,-2.5E-2,-3.12E0));
#17354=DIRECTION('',(0.E0,0.E0,-1.E0));
#17355=DIRECTION('',(-1.E0,0.E0,0.E0));
#17356=AXIS2_PLACEMENT_3D('',#17353,#17354,#17355);
#17357=PLANE('',#17356);
#17358=ORIENTED_EDGE('',*,*,#17263,.F.);
#17360=ORIENTED_EDGE('',*,*,#17359,.T.);
#17362=ORIENTED_EDGE('',*,*,#17361,.F.);
#17363=ORIENTED_EDGE('',*,*,#17345,.F.);
#17364=EDGE_LOOP('',(#17358,#17360,#17362,#17363));
#17365=FACE_OUTER_BOUND('',#17364,.F.);
#17367=CARTESIAN_POINT('',(-1.75E0,0.E0,-3.5E0));
#17368=DIRECTION('',(-1.E0,0.E0,0.E0));
#17369=DIRECTION('',(0.E0,0.E0,1.E0));
#17370=AXIS2_PLACEMENT_3D('',#17367,#17368,#17369);
#17371=PLANE('',#17370);
#17373=ORIENTED_EDGE('',*,*,#17372,.T.);
#17374=ORIENTED_EDGE('',*,*,#17359,.F.);
#17375=ORIENTED_EDGE('',*,*,#17261,.F.);
#17377=ORIENTED_EDGE('',*,*,#17376,.T.);
#17379=ORIENTED_EDGE('',*,*,#17378,.T.);
#17381=ORIENTED_EDGE('',*,*,#17380,.F.);
#17382=ORIENTED_EDGE('',*,*,#16977,.F.);
#17384=ORIENTED_EDGE('',*,*,#17383,.T.);
#17386=ORIENTED_EDGE('',*,*,#17385,.T.);
#17388=ORIENTED_EDGE('',*,*,#17387,.F.);
#17389=ORIENTED_EDGE('',*,*,#16965,.F.);
#17391=ORIENTED_EDGE('',*,*,#17390,.T.);
#17393=ORIENTED_EDGE('',*,*,#17392,.T.);
#17395=ORIENTED_EDGE('',*,*,#17394,.F.);
#17396=ORIENTED_EDGE('',*,*,#16953,.F.);
#17398=ORIENTED_EDGE('',*,*,#17397,.T.);
#17400=ORIENTED_EDGE('',*,*,#17399,.T.);
#17402=ORIENTED_EDGE('',*,*,#17401,.F.);
#17403=ORIENTED_EDGE('',*,*,#16941,.F.);
#17405=ORIENTED_EDGE('',*,*,#17404,.T.);
#17407=ORIENTED_EDGE('',*,*,#17406,.T.);
#17409=ORIENTED_EDGE('',*,*,#17408,.F.);
#17410=ORIENTED_EDGE('',*,*,#16929,.F.);
#17412=ORIENTED_EDGE('',*,*,#17411,.T.);
#17414=ORIENTED_EDGE('',*,*,#17413,.T.);
#17416=ORIENTED_EDGE('',*,*,#17415,.F.);
#17417=ORIENTED_EDGE('',*,*,#16917,.F.);
#17419=ORIENTED_EDGE('',*,*,#17418,.T.);
#17421=ORIENTED_EDGE('',*,*,#17420,.T.);
#17423=ORIENTED_EDGE('',*,*,#17422,.F.);
#17424=ORIENTED_EDGE('',*,*,#16905,.F.);
#17426=ORIENTED_EDGE('',*,*,#17425,.T.);
#17428=ORIENTED_EDGE('',*,*,#17427,.T.);
#17430=ORIENTED_EDGE('',*,*,#17429,.F.);
#17431=ORIENTED_EDGE('',*,*,#16893,.F.);
#17433=ORIENTED_EDGE('',*,*,#17432,.T.);
#17435=ORIENTED_EDGE('',*,*,#17434,.T.);
#17437=ORIENTED_EDGE('',*,*,#17436,.F.);
#17438=ORIENTED_EDGE('',*,*,#16881,.F.);
#17440=ORIENTED_EDGE('',*,*,#17439,.T.);
#17442=ORIENTED_EDGE('',*,*,#17441,.T.);
#17444=ORIENTED_EDGE('',*,*,#17443,.F.);
#17445=ORIENTED_EDGE('',*,*,#16869,.F.);
#17447=ORIENTED_EDGE('',*,*,#17446,.T.);
#17449=ORIENTED_EDGE('',*,*,#17448,.T.);
#17451=ORIENTED_EDGE('',*,*,#17450,.F.);
#17452=ORIENTED_EDGE('',*,*,#16857,.F.);
#17454=ORIENTED_EDGE('',*,*,#17453,.T.);
#17456=ORIENTED_EDGE('',*,*,#17455,.T.);
#17458=ORIENTED_EDGE('',*,*,#17457,.F.);
#17459=ORIENTED_EDGE('',*,*,#16845,.F.);
#17461=ORIENTED_EDGE('',*,*,#17460,.T.);
#17463=ORIENTED_EDGE('',*,*,#17462,.T.);
#17465=ORIENTED_EDGE('',*,*,#17464,.F.);
#17466=ORIENTED_EDGE('',*,*,#16833,.F.);
#17467=ORIENTED_EDGE('',*,*,#17306,.T.);
#17468=EDGE_LOOP('',(#17373,#17374,#17375,#17377,#17379,#17381,#17382,#17384,
#17386,#17388,#17389,#17391,#17393,#17395,#17396,#17398,#17400,#17402,#17403,
#17405,#17407,#17409,#17410,#17412,#17414,#17416,#17417,#17419,#17421,#17423,
#17424,#17426,#17428,#17430,#17431,#17433,#17435,#17437,#17438,#17440,#17442,
#17444,#17445,#17447,#17449,#17451,#17452,#17454,#17456,#17458,#17459,#17461,
#17463,#17465,#17466,#17467));
#17469=FACE_OUTER_BOUND('',#17468,.F.);
#17471=CARTESIAN_POINT('',(0.E0,1.75E-1,0.E0));
#17472=DIRECTION('',(0.E0,1.E0,0.E0));
#17473=DIRECTION('',(1.E0,0.E0,0.E0));
#17474=AXIS2_PLACEMENT_3D('',#17471,#17472,#17473);
#17475=PLANE('',#17474);
#17476=ORIENTED_EDGE('',*,*,#17372,.F.);
#17477=ORIENTED_EDGE('',*,*,#17304,.T.);
#17478=ORIENTED_EDGE('',*,*,#17319,.T.);
#17479=ORIENTED_EDGE('',*,*,#17333,.T.);
#17480=ORIENTED_EDGE('',*,*,#17347,.T.);
#17481=ORIENTED_EDGE('',*,*,#17361,.T.);
#17482=EDGE_LOOP('',(#17476,#17477,#17478,#17479,#17480,#17481));
#17483=FACE_OUTER_BOUND('',#17482,.F.);
#17485=CARTESIAN_POINT('',(1.75E0,0.E0,-3.5E0));
#17486=DIRECTION('',(0.E0,0.E0,-1.E0));
#17487=DIRECTION('',(-1.E0,0.E0,0.E0));
#17488=AXIS2_PLACEMENT_3D('',#17485,#17486,#17487);
#17489=PLANE('',#17488);
#17491=ORIENTED_EDGE('',*,*,#17490,.T.);
#17493=ORIENTED_EDGE('',*,*,#17492,.T.);
#17495=ORIENTED_EDGE('',*,*,#17494,.F.);
#17496=ORIENTED_EDGE('',*,*,#17247,.F.);
#17498=ORIENTED_EDGE('',*,*,#17497,.T.);
#17500=ORIENTED_EDGE('',*,*,#17499,.T.);
#17502=ORIENTED_EDGE('',*,*,#17501,.F.);
#17503=ORIENTED_EDGE('',*,*,#17235,.F.);
#17505=ORIENTED_EDGE('',*,*,#17504,.T.);
#17507=ORIENTED_EDGE('',*,*,#17506,.T.);
#17509=ORIENTED_EDGE('',*,*,#17508,.F.);
#17510=ORIENTED_EDGE('',*,*,#17223,.F.);
#17512=ORIENTED_EDGE('',*,*,#17511,.T.);
#17514=ORIENTED_EDGE('',*,*,#17513,.T.);
#17516=ORIENTED_EDGE('',*,*,#17515,.F.);
#17517=ORIENTED_EDGE('',*,*,#17211,.F.);
#17519=ORIENTED_EDGE('',*,*,#17518,.T.);
#17521=ORIENTED_EDGE('',*,*,#17520,.T.);
#17523=ORIENTED_EDGE('',*,*,#17522,.F.);
#17524=ORIENTED_EDGE('',*,*,#17199,.F.);
#17526=ORIENTED_EDGE('',*,*,#17525,.T.);
#17528=ORIENTED_EDGE('',*,*,#17527,.T.);
#17529=ORIENTED_EDGE('',*,*,#17376,.F.);
#17530=ORIENTED_EDGE('',*,*,#17259,.F.);
#17531=EDGE_LOOP('',(#17491,#17493,#17495,#17496,#17498,#17500,#17502,#17503,
#17505,#17507,#17509,#17510,#17512,#17514,#17516,#17517,#17519,#17521,#17523,
#17524,#17526,#17528,#17529,#17530));
#17532=FACE_OUTER_BOUND('',#17531,.F.);
#17534=CARTESIAN_POINT('',(-1.12E0,-2.5E-2,-3.6E0));
#17535=DIRECTION('',(-1.E0,0.E0,0.E0));
#17536=DIRECTION('',(0.E0,0.E0,1.E0));
#17537=AXIS2_PLACEMENT_3D('',#17534,#17535,#17536);
#17538=PLANE('',#17537);
#17539=ORIENTED_EDGE('',*,*,#17257,.T.);
#17541=ORIENTED_EDGE('',*,*,#17540,.T.);
#17543=ORIENTED_EDGE('',*,*,#17542,.F.);
#17544=ORIENTED_EDGE('',*,*,#17490,.F.);
#17545=EDGE_LOOP('',(#17539,#17541,#17543,#17544));
#17546=FACE_OUTER_BOUND('',#17545,.F.);
#17548=CARTESIAN_POINT('',(-1.001E0,-2.5E-2,-3.219E0));
#17549=DIRECTION('',(0.E0,1.E0,0.E0));
#17550=DIRECTION('',(1.E0,0.E0,0.E0));
#17551=AXIS2_PLACEMENT_3D('',#17548,#17549,#17550);
#17552=CYLINDRICAL_SURFACE('',#17551,1.19E-1);
#17553=ORIENTED_EDGE('',*,*,#17255,.T.);
#17555=ORIENTED_EDGE('',*,*,#17554,.T.);
#17557=ORIENTED_EDGE('',*,*,#17556,.F.);
#17558=ORIENTED_EDGE('',*,*,#17540,.F.);
#17559=EDGE_LOOP('',(#17553,#17555,#17557,#17558));
#17560=FACE_OUTER_BOUND('',#17559,.F.);
#17562=CARTESIAN_POINT('',(-1.001E0,-2.5E-2,-3.1E0));
#17563=DIRECTION('',(0.E0,0.E0,1.E0));
#17564=DIRECTION('',(1.E0,0.E0,0.E0));
#17565=AXIS2_PLACEMENT_3D('',#17562,#17563,#17564);
#17566=PLANE('',#17565);
#17567=ORIENTED_EDGE('',*,*,#17253,.T.);
#17569=ORIENTED_EDGE('',*,*,#17568,.T.);
#17571=ORIENTED_EDGE('',*,*,#17570,.F.);
#17572=ORIENTED_EDGE('',*,*,#17554,.F.);
#17573=EDGE_LOOP('',(#17567,#17569,#17571,#17572));
#17574=FACE_OUTER_BOUND('',#17573,.F.);
#17576=CARTESIAN_POINT('',(-9.99E-1,-2.5E-2,-3.219E0));
#17577=DIRECTION('',(0.E0,1.E0,0.E0));
#17578=DIRECTION('',(1.E0,0.E0,0.E0));
#17579=AXIS2_PLACEMENT_3D('',#17576,#17577,#17578);
#17580=CYLINDRICAL_SURFACE('',#17579,1.19E-1);
#17581=ORIENTED_EDGE('',*,*,#17251,.T.);
#17583=ORIENTED_EDGE('',*,*,#17582,.T.);
#17585=ORIENTED_EDGE('',*,*,#17584,.F.);
#17586=ORIENTED_EDGE('',*,*,#17568,.F.);
#17587=EDGE_LOOP('',(#17581,#17583,#17585,#17586));
#17588=FACE_OUTER_BOUND('',#17587,.F.);
#17590=CARTESIAN_POINT('',(-8.8E-1,-2.5E-2,-3.219E0));
#17591=DIRECTION('',(1.E0,0.E0,0.E0));
#17592=DIRECTION('',(0.E0,0.E0,-1.E0));
#17593=AXIS2_PLACEMENT_3D('',#17590,#17591,#17592);
#17594=PLANE('',#17593);
#17595=ORIENTED_EDGE('',*,*,#17249,.F.);
#17596=ORIENTED_EDGE('',*,*,#17494,.T.);
#17598=ORIENTED_EDGE('',*,*,#17597,.F.);
#17599=ORIENTED_EDGE('',*,*,#17582,.F.);
#17600=EDGE_LOOP('',(#17595,#17596,#17598,#17599));
#17601=FACE_OUTER_BOUND('',#17600,.F.);
#17603=CARTESIAN_POINT('',(0.E0,1.75E-1,0.E0));
#17604=DIRECTION('',(0.E0,1.E0,0.E0));
#17605=DIRECTION('',(1.E0,0.E0,0.E0));
#17606=AXIS2_PLACEMENT_3D('',#17603,#17604,#17605);
#17607=PLANE('',#17606);
#17608=ORIENTED_EDGE('',*,*,#17492,.F.);
#17609=ORIENTED_EDGE('',*,*,#17542,.T.);
#17610=ORIENTED_EDGE('',*,*,#17556,.T.);
#17611=ORIENTED_EDGE('',*,*,#17570,.T.);
#17612=ORIENTED_EDGE('',*,*,#17584,.T.);
#17613=ORIENTED_EDGE('',*,*,#17597,.T.);
#17614=EDGE_LOOP('',(#17608,#17609,#17610,#17611,#17612,#17613));
#17615=FACE_OUTER_BOUND('',#17614,.F.);
#17617=CARTESIAN_POINT('',(-6.2E-1,-2.5E-2,-3.6E0));
#17618=DIRECTION('',(-1.E0,0.E0,0.E0));
#17619=DIRECTION('',(0.E0,0.E0,1.E0));
#17620=AXIS2_PLACEMENT_3D('',#17617,#17618,#17619);
#17621=PLANE('',#17620);
#17622=ORIENTED_EDGE('',*,*,#17245,.T.);
#17624=ORIENTED_EDGE('',*,*,#17623,.T.);
#17626=ORIENTED_EDGE('',*,*,#17625,.F.);
#17627=ORIENTED_EDGE('',*,*,#17497,.F.);
#17628=EDGE_LOOP('',(#17622,#17624,#17626,#17627));
#17629=FACE_OUTER_BOUND('',#17628,.F.);
#17631=CARTESIAN_POINT('',(-5.01E-1,-2.5E-2,-3.219E0));
#17632=DIRECTION('',(0.E0,1.E0,0.E0));
#17633=DIRECTION('',(1.E0,0.E0,0.E0));
#17634=AXIS2_PLACEMENT_3D('',#17631,#17632,#17633);
#17635=CYLINDRICAL_SURFACE('',#17634,1.19E-1);
#17636=ORIENTED_EDGE('',*,*,#17243,.T.);
#17638=ORIENTED_EDGE('',*,*,#17637,.T.);
#17640=ORIENTED_EDGE('',*,*,#17639,.F.);
#17641=ORIENTED_EDGE('',*,*,#17623,.F.);
#17642=EDGE_LOOP('',(#17636,#17638,#17640,#17641));
#17643=FACE_OUTER_BOUND('',#17642,.F.);
#17645=CARTESIAN_POINT('',(-5.01E-1,-2.5E-2,-3.1E0));
#17646=DIRECTION('',(0.E0,0.E0,1.E0));
#17647=DIRECTION('',(1.E0,0.E0,0.E0));
#17648=AXIS2_PLACEMENT_3D('',#17645,#17646,#17647);
#17649=PLANE('',#17648);
#17650=ORIENTED_EDGE('',*,*,#17241,.T.);
#17652=ORIENTED_EDGE('',*,*,#17651,.T.);
#17654=ORIENTED_EDGE('',*,*,#17653,.F.);
#17655=ORIENTED_EDGE('',*,*,#17637,.F.);
#17656=EDGE_LOOP('',(#17650,#17652,#17654,#17655));
#17657=FACE_OUTER_BOUND('',#17656,.F.);
#17659=CARTESIAN_POINT('',(-4.99E-1,-2.5E-2,-3.219E0));
#17660=DIRECTION('',(0.E0,1.E0,0.E0));
#17661=DIRECTION('',(1.E0,0.E0,0.E0));
#17662=AXIS2_PLACEMENT_3D('',#17659,#17660,#17661);
#17663=CYLINDRICAL_SURFACE('',#17662,1.19E-1);
#17664=ORIENTED_EDGE('',*,*,#17239,.T.);
#17666=ORIENTED_EDGE('',*,*,#17665,.T.);
#17668=ORIENTED_EDGE('',*,*,#17667,.F.);
#17669=ORIENTED_EDGE('',*,*,#17651,.F.);
#17670=EDGE_LOOP('',(#17664,#17666,#17668,#17669));
#17671=FACE_OUTER_BOUND('',#17670,.F.);
#17673=CARTESIAN_POINT('',(-3.8E-1,-2.5E-2,-3.219E0));
#17674=DIRECTION('',(1.E0,0.E0,0.E0));
#17675=DIRECTION('',(0.E0,0.E0,-1.E0));
#17676=AXIS2_PLACEMENT_3D('',#17673,#17674,#17675);
#17677=PLANE('',#17676);
#17678=ORIENTED_EDGE('',*,*,#17237,.F.);
#17679=ORIENTED_EDGE('',*,*,#17501,.T.);
#17681=ORIENTED_EDGE('',*,*,#17680,.F.);
#17682=ORIENTED_EDGE('',*,*,#17665,.F.);
#17683=EDGE_LOOP('',(#17678,#17679,#17681,#17682));
#17684=FACE_OUTER_BOUND('',#17683,.F.);
#17686=CARTESIAN_POINT('',(0.E0,1.75E-1,0.E0));
#17687=DIRECTION('',(0.E0,1.E0,0.E0));
#17688=DIRECTION('',(1.E0,0.E0,0.E0));
#17689=AXIS2_PLACEMENT_3D('',#17686,#17687,#17688);
#17690=PLANE('',#17689);
#17691=ORIENTED_EDGE('',*,*,#17499,.F.);
#17692=ORIENTED_EDGE('',*,*,#17625,.T.);
#17693=ORIENTED_EDGE('',*,*,#17639,.T.);
#17694=ORIENTED_EDGE('',*,*,#17653,.T.);
#17695=ORIENTED_EDGE('',*,*,#17667,.T.);
#17696=ORIENTED_EDGE('',*,*,#17680,.T.);
#17697=EDGE_LOOP('',(#17691,#17692,#17693,#17694,#17695,#17696));
#17698=FACE_OUTER_BOUND('',#17697,.F.);
#17700=CARTESIAN_POINT('',(-1.2E-1,-2.5E-2,-3.6E0));
#17701=DIRECTION('',(-1.E0,0.E0,0.E0));
#17702=DIRECTION('',(0.E0,0.E0,1.E0));
#17703=AXIS2_PLACEMENT_3D('',#17700,#17701,#17702);
#17704=PLANE('',#17703);
#17705=ORIENTED_EDGE('',*,*,#17233,.T.);
#17707=ORIENTED_EDGE('',*,*,#17706,.T.);
#17709=ORIENTED_EDGE('',*,*,#17708,.F.);
#17710=ORIENTED_EDGE('',*,*,#17504,.F.);
#17711=EDGE_LOOP('',(#17705,#17707,#17709,#17710));
#17712=FACE_OUTER_BOUND('',#17711,.F.);
#17714=CARTESIAN_POINT('',(-1.E-3,-2.5E-2,-3.219E0));
#17715=DIRECTION('',(0.E0,1.E0,0.E0));
#17716=DIRECTION('',(1.E0,0.E0,0.E0));
#17717=AXIS2_PLACEMENT_3D('',#17714,#17715,#17716);
#17718=CYLINDRICAL_SURFACE('',#17717,1.19E-1);
#17719=ORIENTED_EDGE('',*,*,#17231,.T.);
#17721=ORIENTED_EDGE('',*,*,#17720,.T.);
#17723=ORIENTED_EDGE('',*,*,#17722,.F.);
#17724=ORIENTED_EDGE('',*,*,#17706,.F.);
#17725=EDGE_LOOP('',(#17719,#17721,#17723,#17724));
#17726=FACE_OUTER_BOUND('',#17725,.F.);
#17728=CARTESIAN_POINT('',(-1.E-3,-2.5E-2,-3.1E0));
#17729=DIRECTION('',(0.E0,0.E0,1.E0));
#17730=DIRECTION('',(1.E0,0.E0,0.E0));
#17731=AXIS2_PLACEMENT_3D('',#17728,#17729,#17730);
#17732=PLANE('',#17731);
#17733=ORIENTED_EDGE('',*,*,#17229,.T.);
#17735=ORIENTED_EDGE('',*,*,#17734,.T.);
#17737=ORIENTED_EDGE('',*,*,#17736,.F.);
#17738=ORIENTED_EDGE('',*,*,#17720,.F.);
#17739=EDGE_LOOP('',(#17733,#17735,#17737,#17738));
#17740=FACE_OUTER_BOUND('',#17739,.F.);
#17742=CARTESIAN_POINT('',(1.E-3,-2.5E-2,-3.219E0));
#17743=DIRECTION('',(0.E0,1.E0,0.E0));
#17744=DIRECTION('',(1.E0,0.E0,0.E0));
#17745=AXIS2_PLACEMENT_3D('',#17742,#17743,#17744);
#17746=CYLINDRICAL_SURFACE('',#17745,1.19E-1);
#17747=ORIENTED_EDGE('',*,*,#17227,.T.);
#17749=ORIENTED_EDGE('',*,*,#17748,.T.);
#17751=ORIENTED_EDGE('',*,*,#17750,.F.);
#17752=ORIENTED_EDGE('',*,*,#17734,.F.);
#17753=EDGE_LOOP('',(#17747,#17749,#17751,#17752));
#17754=FACE_OUTER_BOUND('',#17753,.F.);
#17756=CARTESIAN_POINT('',(1.2E-1,-2.5E-2,-3.219E0));
#17757=DIRECTION('',(1.E0,0.E0,0.E0));
#17758=DIRECTION('',(0.E0,0.E0,-1.E0));
#17759=AXIS2_PLACEMENT_3D('',#17756,#17757,#17758);
#17760=PLANE('',#17759);
#17761=ORIENTED_EDGE('',*,*,#17225,.F.);
#17762=ORIENTED_EDGE('',*,*,#17508,.T.);
#17764=ORIENTED_EDGE('',*,*,#17763,.F.);
#17765=ORIENTED_EDGE('',*,*,#17748,.F.);
#17766=EDGE_LOOP('',(#17761,#17762,#17764,#17765));
#17767=FACE_OUTER_BOUND('',#17766,.F.);
#17769=CARTESIAN_POINT('',(0.E0,1.75E-1,0.E0));
#17770=DIRECTION('',(0.E0,1.E0,0.E0));
#17771=DIRECTION('',(1.E0,0.E0,0.E0));
#17772=AXIS2_PLACEMENT_3D('',#17769,#17770,#17771);
#17773=PLANE('',#17772);
#17774=ORIENTED_EDGE('',*,*,#17506,.F.);
#17775=ORIENTED_EDGE('',*,*,#17708,.T.);
#17776=ORIENTED_EDGE('',*,*,#17722,.T.);
#17777=ORIENTED_EDGE('',*,*,#17736,.T.);
#17778=ORIENTED_EDGE('',*,*,#17750,.T.);
#17779=ORIENTED_EDGE('',*,*,#17763,.T.);
#17780=EDGE_LOOP('',(#17774,#17775,#17776,#17777,#17778,#17779));
#17781=FACE_OUTER_BOUND('',#17780,.F.);
#17783=CARTESIAN_POINT('',(3.8E-1,-2.5E-2,-3.6E0));
#17784=DIRECTION('',(-1.E0,0.E0,0.E0));
#17785=DIRECTION('',(0.E0,0.E0,1.E0));
#17786=AXIS2_PLACEMENT_3D('',#17783,#17784,#17785);
#17787=PLANE('',#17786);
#17788=ORIENTED_EDGE('',*,*,#17221,.T.);
#17790=ORIENTED_EDGE('',*,*,#17789,.T.);
#17792=ORIENTED_EDGE('',*,*,#17791,.F.);
#17793=ORIENTED_EDGE('',*,*,#17511,.F.);
#17794=EDGE_LOOP('',(#17788,#17790,#17792,#17793));
#17795=FACE_OUTER_BOUND('',#17794,.F.);
#17797=CARTESIAN_POINT('',(4.99E-1,-2.5E-2,-3.219E0));
#17798=DIRECTION('',(0.E0,1.E0,0.E0));
#17799=DIRECTION('',(1.E0,0.E0,0.E0));
#17800=AXIS2_PLACEMENT_3D('',#17797,#17798,#17799);
#17801=CYLINDRICAL_SURFACE('',#17800,1.19E-1);
#17802=ORIENTED_EDGE('',*,*,#17219,.T.);
#17804=ORIENTED_EDGE('',*,*,#17803,.T.);
#17806=ORIENTED_EDGE('',*,*,#17805,.F.);
#17807=ORIENTED_EDGE('',*,*,#17789,.F.);
#17808=EDGE_LOOP('',(#17802,#17804,#17806,#17807));
#17809=FACE_OUTER_BOUND('',#17808,.F.);
#17811=CARTESIAN_POINT('',(4.99E-1,-2.5E-2,-3.1E0));
#17812=DIRECTION('',(0.E0,0.E0,1.E0));
#17813=DIRECTION('',(1.E0,0.E0,0.E0));
#17814=AXIS2_PLACEMENT_3D('',#17811,#17812,#17813);
#17815=PLANE('',#17814);
#17816=ORIENTED_EDGE('',*,*,#17217,.T.);
#17818=ORIENTED_EDGE('',*,*,#17817,.T.);
#17820=ORIENTED_EDGE('',*,*,#17819,.F.);
#17821=ORIENTED_EDGE('',*,*,#17803,.F.);
#17822=EDGE_LOOP('',(#17816,#17818,#17820,#17821));
#17823=FACE_OUTER_BOUND('',#17822,.F.);
#17825=CARTESIAN_POINT('',(5.01E-1,-2.5E-2,-3.219E0));
#17826=DIRECTION('',(0.E0,1.E0,0.E0));
#17827=DIRECTION('',(1.E0,0.E0,0.E0));
#17828=AXIS2_PLACEMENT_3D('',#17825,#17826,#17827);
#17829=CYLINDRICAL_SURFACE('',#17828,1.19E-1);
#17830=ORIENTED_EDGE('',*,*,#17215,.T.);
#17832=ORIENTED_EDGE('',*,*,#17831,.T.);
#17834=ORIENTED_EDGE('',*,*,#17833,.F.);
#17835=ORIENTED_EDGE('',*,*,#17817,.F.);
#17836=EDGE_LOOP('',(#17830,#17832,#17834,#17835));
#17837=FACE_OUTER_BOUND('',#17836,.F.);
#17839=CARTESIAN_POINT('',(6.2E-1,-2.5E-2,-3.219E0));
#17840=DIRECTION('',(1.E0,0.E0,0.E0));
#17841=DIRECTION('',(0.E0,0.E0,-1.E0));
#17842=AXIS2_PLACEMENT_3D('',#17839,#17840,#17841);
#17843=PLANE('',#17842);
#17844=ORIENTED_EDGE('',*,*,#17213,.F.);
#17845=ORIENTED_EDGE('',*,*,#17515,.T.);
#17847=ORIENTED_EDGE('',*,*,#17846,.F.);
#17848=ORIENTED_EDGE('',*,*,#17831,.F.);
#17849=EDGE_LOOP('',(#17844,#17845,#17847,#17848));
#17850=FACE_OUTER_BOUND('',#17849,.F.);
#17852=CARTESIAN_POINT('',(0.E0,1.75E-1,0.E0));
#17853=DIRECTION('',(0.E0,1.E0,0.E0));
#17854=DIRECTION('',(1.E0,0.E0,0.E0));
#17855=AXIS2_PLACEMENT_3D('',#17852,#17853,#17854);
#17856=PLANE('',#17855);
#17857=ORIENTED_EDGE('',*,*,#17513,.F.);
#17858=ORIENTED_EDGE('',*,*,#17791,.T.);
#17859=ORIENTED_EDGE('',*,*,#17805,.T.);
#17860=ORIENTED_EDGE('',*,*,#17819,.T.);
#17861=ORIENTED_EDGE('',*,*,#17833,.T.);
#17862=ORIENTED_EDGE('',*,*,#17846,.T.);
#17863=EDGE_LOOP('',(#17857,#17858,#17859,#17860,#17861,#17862));
#17864=FACE_OUTER_BOUND('',#17863,.F.);
#17866=CARTESIAN_POINT('',(8.8E-1,-2.5E-2,-3.6E0));
#17867=DIRECTION('',(-1.E0,0.E0,0.E0));
#17868=DIRECTION('',(0.E0,0.E0,1.E0));
#17869=AXIS2_PLACEMENT_3D('',#17866,#17867,#17868);
#17870=PLANE('',#17869);
#17871=ORIENTED_EDGE('',*,*,#17209,.T.);
#17873=ORIENTED_EDGE('',*,*,#17872,.T.);
#17875=ORIENTED_EDGE('',*,*,#17874,.F.);
#17876=ORIENTED_EDGE('',*,*,#17518,.F.);
#17877=EDGE_LOOP('',(#17871,#17873,#17875,#17876));
#17878=FACE_OUTER_BOUND('',#17877,.F.);
#17880=CARTESIAN_POINT('',(9.99E-1,-2.5E-2,-3.219E0));
#17881=DIRECTION('',(0.E0,1.E0,0.E0));
#17882=DIRECTION('',(1.E0,0.E0,0.E0));
#17883=AXIS2_PLACEMENT_3D('',#17880,#17881,#17882);
#17884=CYLINDRICAL_SURFACE('',#17883,1.19E-1);
#17885=ORIENTED_EDGE('',*,*,#17207,.T.);
#17887=ORIENTED_EDGE('',*,*,#17886,.T.);
#17889=ORIENTED_EDGE('',*,*,#17888,.F.);
#17890=ORIENTED_EDGE('',*,*,#17872,.F.);
#17891=EDGE_LOOP('',(#17885,#17887,#17889,#17890));
#17892=FACE_OUTER_BOUND('',#17891,.F.);
#17894=CARTESIAN_POINT('',(9.99E-1,-2.5E-2,-3.1E0));
#17895=DIRECTION('',(0.E0,0.E0,1.E0));
#17896=DIRECTION('',(1.E0,0.E0,0.E0));
#17897=AXIS2_PLACEMENT_3D('',#17894,#17895,#17896);
#17898=PLANE('',#17897);
#17899=ORIENTED_EDGE('',*,*,#17205,.T.);
#17901=ORIENTED_EDGE('',*,*,#17900,.T.);
#17903=ORIENTED_EDGE('',*,*,#17902,.F.);
#17904=ORIENTED_EDGE('',*,*,#17886,.F.);
#17905=EDGE_LOOP('',(#17899,#17901,#17903,#17904));
#17906=FACE_OUTER_BOUND('',#17905,.F.);
#17908=CARTESIAN_POINT('',(1.001E0,-2.5E-2,-3.219E0));
#17909=DIRECTION('',(0.E0,1.E0,0.E0));
#17910=DIRECTION('',(1.E0,0.E0,0.E0));
#17911=AXIS2_PLACEMENT_3D('',#17908,#17909,#17910);
#17912=CYLINDRICAL_SURFACE('',#17911,1.19E-1);
#17913=ORIENTED_EDGE('',*,*,#17203,.T.);
#17915=ORIENTED_EDGE('',*,*,#17914,.T.);
#17917=ORIENTED_EDGE('',*,*,#17916,.F.);
#17918=ORIENTED_EDGE('',*,*,#17900,.F.);
#17919=EDGE_LOOP('',(#17913,#17915,#17917,#17918));
#17920=FACE_OUTER_BOUND('',#17919,.F.);
#17922=CARTESIAN_POINT('',(1.12E0,-2.5E-2,-3.219E0));
#17923=DIRECTION('',(1.E0,0.E0,0.E0));
#17924=DIRECTION('',(0.E0,0.E0,-1.E0));
#17925=AXIS2_PLACEMENT_3D('',#17922,#17923,#17924);
#17926=PLANE('',#17925);
#17927=ORIENTED_EDGE('',*,*,#17201,.F.);
#17928=ORIENTED_EDGE('',*,*,#17522,.T.);
#17930=ORIENTED_EDGE('',*,*,#17929,.F.);
#17931=ORIENTED_EDGE('',*,*,#17914,.F.);
#17932=EDGE_LOOP('',(#17927,#17928,#17930,#17931));
#17933=FACE_OUTER_BOUND('',#17932,.F.);
#17935=CARTESIAN_POINT('',(0.E0,1.75E-1,0.E0));
#17936=DIRECTION('',(0.E0,1.E0,0.E0));
#17937=DIRECTION('',(1.E0,0.E0,0.E0));
#17938=AXIS2_PLACEMENT_3D('',#17935,#17936,#17937);
#17939=PLANE('',#17938);
#17940=ORIENTED_EDGE('',*,*,#17520,.F.);
#17941=ORIENTED_EDGE('',*,*,#17874,.T.);
#17942=ORIENTED_EDGE('',*,*,#17888,.T.);
#17943=ORIENTED_EDGE('',*,*,#17902,.T.);
#17944=ORIENTED_EDGE('',*,*,#17916,.T.);
#17945=ORIENTED_EDGE('',*,*,#17929,.T.);
#17946=EDGE_LOOP('',(#17940,#17941,#17942,#17943,#17944,#17945));
#17947=FACE_OUTER_BOUND('',#17946,.F.);
#17949=CARTESIAN_POINT('',(1.75E0,0.E0,3.5E0));
#17950=DIRECTION('',(1.E0,0.E0,0.E0));
#17951=DIRECTION('',(0.E0,0.E0,-1.E0));
#17952=AXIS2_PLACEMENT_3D('',#17949,#17950,#17951);
#17953=PLANE('',#17952);
#17955=ORIENTED_EDGE('',*,*,#17954,.F.);
#17957=ORIENTED_EDGE('',*,*,#17956,.F.);
#17958=ORIENTED_EDGE('',*,*,#17185,.F.);
#17960=ORIENTED_EDGE('',*,*,#17959,.T.);
#17962=ORIENTED_EDGE('',*,*,#17961,.F.);
#17964=ORIENTED_EDGE('',*,*,#17963,.F.);
#17965=ORIENTED_EDGE('',*,*,#17173,.F.);
#17967=ORIENTED_EDGE('',*,*,#17966,.T.);
#17969=ORIENTED_EDGE('',*,*,#17968,.F.);
#17971=ORIENTED_EDGE('',*,*,#17970,.F.);
#17972=ORIENTED_EDGE('',*,*,#17161,.F.);
#17974=ORIENTED_EDGE('',*,*,#17973,.T.);
#17976=ORIENTED_EDGE('',*,*,#17975,.F.);
#17978=ORIENTED_EDGE('',*,*,#17977,.F.);
#17979=ORIENTED_EDGE('',*,*,#17149,.F.);
#17981=ORIENTED_EDGE('',*,*,#17980,.T.);
#17983=ORIENTED_EDGE('',*,*,#17982,.F.);
#17985=ORIENTED_EDGE('',*,*,#17984,.F.);
#17986=ORIENTED_EDGE('',*,*,#17137,.F.);
#17988=ORIENTED_EDGE('',*,*,#17987,.T.);
#17990=ORIENTED_EDGE('',*,*,#17989,.F.);
#17992=ORIENTED_EDGE('',*,*,#17991,.F.);
#17993=ORIENTED_EDGE('',*,*,#17125,.F.);
#17995=ORIENTED_EDGE('',*,*,#17994,.T.);
#17997=ORIENTED_EDGE('',*,*,#17996,.F.);
#17999=ORIENTED_EDGE('',*,*,#17998,.F.);
#18000=ORIENTED_EDGE('',*,*,#17113,.F.);
#18002=ORIENTED_EDGE('',*,*,#18001,.T.);
#18004=ORIENTED_EDGE('',*,*,#18003,.F.);
#18006=ORIENTED_EDGE('',*,*,#18005,.F.);
#18007=ORIENTED_EDGE('',*,*,#17101,.F.);
#18009=ORIENTED_EDGE('',*,*,#18008,.T.);
#18011=ORIENTED_EDGE('',*,*,#18010,.F.);
#18013=ORIENTED_EDGE('',*,*,#18012,.F.);
#18014=ORIENTED_EDGE('',*,*,#17089,.F.);
#18016=ORIENTED_EDGE('',*,*,#18015,.T.);
#18018=ORIENTED_EDGE('',*,*,#18017,.F.);
#18020=ORIENTED_EDGE('',*,*,#18019,.F.);
#18021=ORIENTED_EDGE('',*,*,#17077,.F.);
#18023=ORIENTED_EDGE('',*,*,#18022,.T.);
#18025=ORIENTED_EDGE('',*,*,#18024,.F.);
#18027=ORIENTED_EDGE('',*,*,#18026,.F.);
#18028=ORIENTED_EDGE('',*,*,#17065,.F.);
#18030=ORIENTED_EDGE('',*,*,#18029,.T.);
#18032=ORIENTED_EDGE('',*,*,#18031,.F.);
#18034=ORIENTED_EDGE('',*,*,#18033,.F.);
#18035=ORIENTED_EDGE('',*,*,#17053,.F.);
#18037=ORIENTED_EDGE('',*,*,#18036,.T.);
#18039=ORIENTED_EDGE('',*,*,#18038,.F.);
#18041=ORIENTED_EDGE('',*,*,#18040,.F.);
#18042=ORIENTED_EDGE('',*,*,#17041,.F.);
#18044=ORIENTED_EDGE('',*,*,#18043,.T.);
#18046=ORIENTED_EDGE('',*,*,#18045,.T.);
#18047=ORIENTED_EDGE('',*,*,#17525,.F.);
#18048=ORIENTED_EDGE('',*,*,#17197,.F.);
#18050=ORIENTED_EDGE('',*,*,#18049,.T.);
#18051=EDGE_LOOP('',(#17955,#17957,#17958,#17960,#17962,#17964,#17965,#17967,
#17969,#17971,#17972,#17974,#17976,#17978,#17979,#17981,#17983,#17985,#17986,
#17988,#17990,#17992,#17993,#17995,#17997,#17999,#18000,#18002,#18004,#18006,
#18007,#18009,#18011,#18013,#18014,#18016,#18018,#18020,#18021,#18023,#18025,
#18027,#18028,#18030,#18032,#18034,#18035,#18037,#18039,#18041,#18042,#18044,
#18046,#18047,#18048,#18050));
#18052=FACE_OUTER_BOUND('',#18051,.F.);
#18054=CARTESIAN_POINT('',(0.E0,1.75E-1,0.E0));
#18055=DIRECTION('',(0.E0,-1.E0,0.E0));
#18056=DIRECTION('',(-1.E0,0.E0,0.E0));
#18057=AXIS2_PLACEMENT_3D('',#18054,#18055,#18056);
#18058=PLANE('',#18057);
#18059=ORIENTED_EDGE('',*,*,#17954,.T.);
#18061=ORIENTED_EDGE('',*,*,#18060,.F.);
#18063=ORIENTED_EDGE('',*,*,#18062,.F.);
#18065=ORIENTED_EDGE('',*,*,#18064,.F.);
#18067=ORIENTED_EDGE('',*,*,#18066,.F.);
#18069=ORIENTED_EDGE('',*,*,#18068,.F.);
#18070=EDGE_LOOP('',(#18059,#18061,#18063,#18065,#18067,#18069));
#18071=FACE_OUTER_BOUND('',#18070,.F.);
#18073=CARTESIAN_POINT('',(1.469E0,-2.5E-2,-3.12E0));
#18074=DIRECTION('',(0.E0,0.E0,1.E0));
#18075=DIRECTION('',(1.E0,0.E0,0.E0));
#18076=AXIS2_PLACEMENT_3D('',#18073,#18074,#18075);
#18077=PLANE('',#18076);
#18078=ORIENTED_EDGE('',*,*,#17195,.T.);
#18080=ORIENTED_EDGE('',*,*,#18079,.T.);
#18081=ORIENTED_EDGE('',*,*,#18060,.T.);
#18082=ORIENTED_EDGE('',*,*,#18049,.F.);
#18083=EDGE_LOOP('',(#18078,#18080,#18081,#18082));
#18084=FACE_OUTER_BOUND('',#18083,.F.);
#18086=CARTESIAN_POINT('',(1.469E0,-2.5E-2,-3.001E0));
#18087=DIRECTION('',(0.E0,-1.E0,0.E0));
#18088=DIRECTION('',(-1.E0,0.E0,0.E0));
#18089=AXIS2_PLACEMENT_3D('',#18086,#18087,#18088);
#18090=CYLINDRICAL_SURFACE('',#18089,1.19E-1);
#18091=ORIENTED_EDGE('',*,*,#17193,.F.);
#18093=ORIENTED_EDGE('',*,*,#18092,.T.);
#18094=ORIENTED_EDGE('',*,*,#18062,.T.);
#18095=ORIENTED_EDGE('',*,*,#18079,.F.);
#18096=EDGE_LOOP('',(#18091,#18093,#18094,#18095));
#18097=FACE_OUTER_BOUND('',#18096,.F.);
#18099=CARTESIAN_POINT('',(1.35E0,-2.5E-2,-2.999E0));
#18100=DIRECTION('',(1.E0,0.E0,0.E0));
#18101=DIRECTION('',(0.E0,0.E0,-1.E0));
#18102=AXIS2_PLACEMENT_3D('',#18099,#18100,#18101);
#18103=PLANE('',#18102);
#18104=ORIENTED_EDGE('',*,*,#17191,.F.);
#18106=ORIENTED_EDGE('',*,*,#18105,.T.);
#18107=ORIENTED_EDGE('',*,*,#18064,.T.);
#18108=ORIENTED_EDGE('',*,*,#18092,.F.);
#18109=EDGE_LOOP('',(#18104,#18106,#18107,#18108));
#18110=FACE_OUTER_BOUND('',#18109,.F.);
#18112=CARTESIAN_POINT('',(1.469E0,-2.5E-2,-2.999E0));
#18113=DIRECTION('',(0.E0,-1.E0,0.E0));
#18114=DIRECTION('',(-1.E0,0.E0,0.E0));
#18115=AXIS2_PLACEMENT_3D('',#18112,#18113,#18114);
#18116=CYLINDRICAL_SURFACE('',#18115,1.19E-1);
#18117=ORIENTED_EDGE('',*,*,#17189,.F.);
#18119=ORIENTED_EDGE('',*,*,#18118,.T.);
#18120=ORIENTED_EDGE('',*,*,#18066,.T.);
#18121=ORIENTED_EDGE('',*,*,#18105,.F.);
#18122=EDGE_LOOP('',(#18117,#18119,#18120,#18121));
#18123=FACE_OUTER_BOUND('',#18122,.F.);
#18125=CARTESIAN_POINT('',(1.85E0,-2.5E-2,-2.88E0));
#18126=DIRECTION('',(0.E0,0.E0,-1.E0));
#18127=DIRECTION('',(-1.E0,0.E0,0.E0));
#18128=AXIS2_PLACEMENT_3D('',#18125,#18126,#18127);
#18129=PLANE('',#18128);
#18130=ORIENTED_EDGE('',*,*,#17187,.F.);
#18131=ORIENTED_EDGE('',*,*,#17956,.T.);
#18132=ORIENTED_EDGE('',*,*,#18068,.T.);
#18133=ORIENTED_EDGE('',*,*,#18118,.F.);
#18134=EDGE_LOOP('',(#18130,#18131,#18132,#18133));
#18135=FACE_OUTER_BOUND('',#18134,.F.);
#18137=CARTESIAN_POINT('',(1.469E0,-2.5E-2,-2.62E0));
#18138=DIRECTION('',(0.E0,0.E0,1.E0));
#18139=DIRECTION('',(1.E0,0.E0,0.E0));
#18140=AXIS2_PLACEMENT_3D('',#18137,#18138,#18139);
#18141=PLANE('',#18140);
#18142=ORIENTED_EDGE('',*,*,#17183,.T.);
#18144=ORIENTED_EDGE('',*,*,#18143,.T.);
#18146=ORIENTED_EDGE('',*,*,#18145,.T.);
#18147=ORIENTED_EDGE('',*,*,#17959,.F.);
#18148=EDGE_LOOP('',(#18142,#18144,#18146,#18147));
#18149=FACE_OUTER_BOUND('',#18148,.F.);
#18151=CARTESIAN_POINT('',(1.469E0,-2.5E-2,-2.501E0));
#18152=DIRECTION('',(0.E0,-1.E0,0.E0));
#18153=DIRECTION('',(-1.E0,0.E0,0.E0));
#18154=AXIS2_PLACEMENT_3D('',#18151,#18152,#18153);
#18155=CYLINDRICAL_SURFACE('',#18154,1.19E-1);
#18156=ORIENTED_EDGE('',*,*,#17181,.F.);
#18158=ORIENTED_EDGE('',*,*,#18157,.T.);
#18160=ORIENTED_EDGE('',*,*,#18159,.T.);
#18161=ORIENTED_EDGE('',*,*,#18143,.F.);
#18162=EDGE_LOOP('',(#18156,#18158,#18160,#18161));
#18163=FACE_OUTER_BOUND('',#18162,.F.);
#18165=CARTESIAN_POINT('',(1.35E0,-2.5E-2,-2.499E0));
#18166=DIRECTION('',(1.E0,0.E0,0.E0));
#18167=DIRECTION('',(0.E0,0.E0,-1.E0));
#18168=AXIS2_PLACEMENT_3D('',#18165,#18166,#18167);
#18169=PLANE('',#18168);
#18170=ORIENTED_EDGE('',*,*,#17179,.F.);
#18172=ORIENTED_EDGE('',*,*,#18171,.T.);
#18174=ORIENTED_EDGE('',*,*,#18173,.T.);
#18175=ORIENTED_EDGE('',*,*,#18157,.F.);
#18176=EDGE_LOOP('',(#18170,#18172,#18174,#18175));
#18177=FACE_OUTER_BOUND('',#18176,.F.);
#18179=CARTESIAN_POINT('',(1.469E0,-2.5E-2,-2.499E0));
#18180=DIRECTION('',(0.E0,-1.E0,0.E0));
#18181=DIRECTION('',(-1.E0,0.E0,0.E0));
#18182=AXIS2_PLACEMENT_3D('',#18179,#18180,#18181);
#18183=CYLINDRICAL_SURFACE('',#18182,1.19E-1);
#18184=ORIENTED_EDGE('',*,*,#17177,.F.);
#18186=ORIENTED_EDGE('',*,*,#18185,.T.);
#18188=ORIENTED_EDGE('',*,*,#18187,.T.);
#18189=ORIENTED_EDGE('',*,*,#18171,.F.);
#18190=EDGE_LOOP('',(#18184,#18186,#18188,#18189));
#18191=FACE_OUTER_BOUND('',#18190,.F.);
#18193=CARTESIAN_POINT('',(1.85E0,-2.5E-2,-2.38E0));
#18194=DIRECTION('',(0.E0,0.E0,-1.E0));
#18195=DIRECTION('',(-1.E0,0.E0,0.E0));
#18196=AXIS2_PLACEMENT_3D('',#18193,#18194,#18195);
#18197=PLANE('',#18196);
#18198=ORIENTED_EDGE('',*,*,#17175,.F.);
#18199=ORIENTED_EDGE('',*,*,#17963,.T.);
#18201=ORIENTED_EDGE('',*,*,#18200,.T.);
#18202=ORIENTED_EDGE('',*,*,#18185,.F.);
#18203=EDGE_LOOP('',(#18198,#18199,#18201,#18202));
#18204=FACE_OUTER_BOUND('',#18203,.F.);
#18206=CARTESIAN_POINT('',(0.E0,1.75E-1,0.E0));
#18207=DIRECTION('',(0.E0,-1.E0,0.E0));
#18208=DIRECTION('',(-1.E0,0.E0,0.E0));
#18209=AXIS2_PLACEMENT_3D('',#18206,#18207,#18208);
#18210=PLANE('',#18209);
#18211=ORIENTED_EDGE('',*,*,#17961,.T.);
#18212=ORIENTED_EDGE('',*,*,#18145,.F.);
#18213=ORIENTED_EDGE('',*,*,#18159,.F.);
#18214=ORIENTED_EDGE('',*,*,#18173,.F.);
#18215=ORIENTED_EDGE('',*,*,#18187,.F.);
#18216=ORIENTED_EDGE('',*,*,#18200,.F.);
#18217=EDGE_LOOP('',(#18211,#18212,#18213,#18214,#18215,#18216));
#18218=FACE_OUTER_BOUND('',#18217,.F.);
#18220=CARTESIAN_POINT('',(1.469E0,-2.5E-2,-2.12E0));
#18221=DIRECTION('',(0.E0,0.E0,1.E0));
#18222=DIRECTION('',(1.E0,0.E0,0.E0));
#18223=AXIS2_PLACEMENT_3D('',#18220,#18221,#18222);
#18224=PLANE('',#18223);
#18225=ORIENTED_EDGE('',*,*,#17171,.T.);
#18227=ORIENTED_EDGE('',*,*,#18226,.T.);
#18229=ORIENTED_EDGE('',*,*,#18228,.T.);
#18230=ORIENTED_EDGE('',*,*,#17966,.F.);
#18231=EDGE_LOOP('',(#18225,#18227,#18229,#18230));
#18232=FACE_OUTER_BOUND('',#18231,.F.);
#18234=CARTESIAN_POINT('',(1.469E0,-2.5E-2,-2.001E0));
#18235=DIRECTION('',(0.E0,-1.E0,0.E0));
#18236=DIRECTION('',(-1.E0,0.E0,0.E0));
#18237=AXIS2_PLACEMENT_3D('',#18234,#18235,#18236);
#18238=CYLINDRICAL_SURFACE('',#18237,1.19E-1);
#18239=ORIENTED_EDGE('',*,*,#17169,.F.);
#18241=ORIENTED_EDGE('',*,*,#18240,.T.);
#18243=ORIENTED_EDGE('',*,*,#18242,.T.);
#18244=ORIENTED_EDGE('',*,*,#18226,.F.);
#18245=EDGE_LOOP('',(#18239,#18241,#18243,#18244));
#18246=FACE_OUTER_BOUND('',#18245,.F.);
#18248=CARTESIAN_POINT('',(1.35E0,-2.5E-2,-1.999E0));
#18249=DIRECTION('',(1.E0,0.E0,0.E0));
#18250=DIRECTION('',(0.E0,0.E0,-1.E0));
#18251=AXIS2_PLACEMENT_3D('',#18248,#18249,#18250);
#18252=PLANE('',#18251);
#18253=ORIENTED_EDGE('',*,*,#17167,.F.);
#18255=ORIENTED_EDGE('',*,*,#18254,.T.);
#18257=ORIENTED_EDGE('',*,*,#18256,.T.);
#18258=ORIENTED_EDGE('',*,*,#18240,.F.);
#18259=EDGE_LOOP('',(#18253,#18255,#18257,#18258));
#18260=FACE_OUTER_BOUND('',#18259,.F.);
#18262=CARTESIAN_POINT('',(1.469E0,-2.5E-2,-1.999E0));
#18263=DIRECTION('',(0.E0,-1.E0,0.E0));
#18264=DIRECTION('',(-1.E0,0.E0,0.E0));
#18265=AXIS2_PLACEMENT_3D('',#18262,#18263,#18264);
#18266=CYLINDRICAL_SURFACE('',#18265,1.19E-1);
#18267=ORIENTED_EDGE('',*,*,#17165,.F.);
#18269=ORIENTED_EDGE('',*,*,#18268,.T.);
#18271=ORIENTED_EDGE('',*,*,#18270,.T.);
#18272=ORIENTED_EDGE('',*,*,#18254,.F.);
#18273=EDGE_LOOP('',(#18267,#18269,#18271,#18272));
#18274=FACE_OUTER_BOUND('',#18273,.F.);
#18276=CARTESIAN_POINT('',(1.85E0,-2.5E-2,-1.88E0));
#18277=DIRECTION('',(0.E0,0.E0,-1.E0));
#18278=DIRECTION('',(-1.E0,0.E0,0.E0));
#18279=AXIS2_PLACEMENT_3D('',#18276,#18277,#18278);
#18280=PLANE('',#18279);
#18281=ORIENTED_EDGE('',*,*,#17163,.F.);
#18282=ORIENTED_EDGE('',*,*,#17970,.T.);
#18284=ORIENTED_EDGE('',*,*,#18283,.T.);
#18285=ORIENTED_EDGE('',*,*,#18268,.F.);
#18286=EDGE_LOOP('',(#18281,#18282,#18284,#18285));
#18287=FACE_OUTER_BOUND('',#18286,.F.);
#18289=CARTESIAN_POINT('',(0.E0,1.75E-1,0.E0));
#18290=DIRECTION('',(0.E0,-1.E0,0.E0));
#18291=DIRECTION('',(-1.E0,0.E0,0.E0));
#18292=AXIS2_PLACEMENT_3D('',#18289,#18290,#18291);
#18293=PLANE('',#18292);
#18294=ORIENTED_EDGE('',*,*,#17968,.T.);
#18295=ORIENTED_EDGE('',*,*,#18228,.F.);
#18296=ORIENTED_EDGE('',*,*,#18242,.F.);
#18297=ORIENTED_EDGE('',*,*,#18256,.F.);
#18298=ORIENTED_EDGE('',*,*,#18270,.F.);
#18299=ORIENTED_EDGE('',*,*,#18283,.F.);
#18300=EDGE_LOOP('',(#18294,#18295,#18296,#18297,#18298,#18299));
#18301=FACE_OUTER_BOUND('',#18300,.F.);
#18303=CARTESIAN_POINT('',(1.469E0,-2.5E-2,-1.62E0));
#18304=DIRECTION('',(0.E0,0.E0,1.E0));
#18305=DIRECTION('',(1.E0,0.E0,0.E0));
#18306=AXIS2_PLACEMENT_3D('',#18303,#18304,#18305);
#18307=PLANE('',#18306);
#18308=ORIENTED_EDGE('',*,*,#17159,.T.);
#18310=ORIENTED_EDGE('',*,*,#18309,.T.);
#18312=ORIENTED_EDGE('',*,*,#18311,.T.);
#18313=ORIENTED_EDGE('',*,*,#17973,.F.);
#18314=EDGE_LOOP('',(#18308,#18310,#18312,#18313));
#18315=FACE_OUTER_BOUND('',#18314,.F.);
#18317=CARTESIAN_POINT('',(1.469E0,-2.5E-2,-1.501E0));
#18318=DIRECTION('',(0.E0,-1.E0,0.E0));
#18319=DIRECTION('',(-1.E0,0.E0,0.E0));
#18320=AXIS2_PLACEMENT_3D('',#18317,#18318,#18319);
#18321=CYLINDRICAL_SURFACE('',#18320,1.19E-1);
#18322=ORIENTED_EDGE('',*,*,#17157,.F.);
#18324=ORIENTED_EDGE('',*,*,#18323,.T.);
#18326=ORIENTED_EDGE('',*,*,#18325,.T.);
#18327=ORIENTED_EDGE('',*,*,#18309,.F.);
#18328=EDGE_LOOP('',(#18322,#18324,#18326,#18327));
#18329=FACE_OUTER_BOUND('',#18328,.F.);
#18331=CARTESIAN_POINT('',(1.35E0,-2.5E-2,-1.499E0));
#18332=DIRECTION('',(1.E0,0.E0,0.E0));
#18333=DIRECTION('',(0.E0,0.E0,-1.E0));
#18334=AXIS2_PLACEMENT_3D('',#18331,#18332,#18333);
#18335=PLANE('',#18334);
#18336=ORIENTED_EDGE('',*,*,#17155,.F.);
#18338=ORIENTED_EDGE('',*,*,#18337,.T.);
#18340=ORIENTED_EDGE('',*,*,#18339,.T.);
#18341=ORIENTED_EDGE('',*,*,#18323,.F.);
#18342=EDGE_LOOP('',(#18336,#18338,#18340,#18341));
#18343=FACE_OUTER_BOUND('',#18342,.F.);
#18345=CARTESIAN_POINT('',(1.469E0,-2.5E-2,-1.499E0));
#18346=DIRECTION('',(0.E0,-1.E0,0.E0));
#18347=DIRECTION('',(-1.E0,0.E0,0.E0));
#18348=AXIS2_PLACEMENT_3D('',#18345,#18346,#18347);
#18349=CYLINDRICAL_SURFACE('',#18348,1.19E-1);
#18350=ORIENTED_EDGE('',*,*,#17153,.F.);
#18352=ORIENTED_EDGE('',*,*,#18351,.T.);
#18354=ORIENTED_EDGE('',*,*,#18353,.T.);
#18355=ORIENTED_EDGE('',*,*,#18337,.F.);
#18356=EDGE_LOOP('',(#18350,#18352,#18354,#18355));
#18357=FACE_OUTER_BOUND('',#18356,.F.);
#18359=CARTESIAN_POINT('',(1.85E0,-2.5E-2,-1.38E0));
#18360=DIRECTION('',(0.E0,0.E0,-1.E0));
#18361=DIRECTION('',(-1.E0,0.E0,0.E0));
#18362=AXIS2_PLACEMENT_3D('',#18359,#18360,#18361);
#18363=PLANE('',#18362);
#18364=ORIENTED_EDGE('',*,*,#17151,.F.);
#18365=ORIENTED_EDGE('',*,*,#17977,.T.);
#18367=ORIENTED_EDGE('',*,*,#18366,.T.);
#18368=ORIENTED_EDGE('',*,*,#18351,.F.);
#18369=EDGE_LOOP('',(#18364,#18365,#18367,#18368));
#18370=FACE_OUTER_BOUND('',#18369,.F.);
#18372=CARTESIAN_POINT('',(0.E0,1.75E-1,0.E0));
#18373=DIRECTION('',(0.E0,-1.E0,0.E0));
#18374=DIRECTION('',(-1.E0,0.E0,0.E0));
#18375=AXIS2_PLACEMENT_3D('',#18372,#18373,#18374);
#18376=PLANE('',#18375);
#18377=ORIENTED_EDGE('',*,*,#17975,.T.);
#18378=ORIENTED_EDGE('',*,*,#18311,.F.);
#18379=ORIENTED_EDGE('',*,*,#18325,.F.);
#18380=ORIENTED_EDGE('',*,*,#18339,.F.);
#18381=ORIENTED_EDGE('',*,*,#18353,.F.);
#18382=ORIENTED_EDGE('',*,*,#18366,.F.);
#18383=EDGE_LOOP('',(#18377,#18378,#18379,#18380,#18381,#18382));
#18384=FACE_OUTER_BOUND('',#18383,.F.);
#18386=CARTESIAN_POINT('',(1.469E0,-2.5E-2,-1.12E0));
#18387=DIRECTION('',(0.E0,0.E0,1.E0));
#18388=DIRECTION('',(1.E0,0.E0,0.E0));
#18389=AXIS2_PLACEMENT_3D('',#18386,#18387,#18388);
#18390=PLANE('',#18389);
#18391=ORIENTED_EDGE('',*,*,#17147,.T.);
#18393=ORIENTED_EDGE('',*,*,#18392,.T.);
#18395=ORIENTED_EDGE('',*,*,#18394,.T.);
#18396=ORIENTED_EDGE('',*,*,#17980,.F.);
#18397=EDGE_LOOP('',(#18391,#18393,#18395,#18396));
#18398=FACE_OUTER_BOUND('',#18397,.F.);
#18400=CARTESIAN_POINT('',(1.469E0,-2.5E-2,-1.001E0));
#18401=DIRECTION('',(0.E0,-1.E0,0.E0));
#18402=DIRECTION('',(-1.E0,0.E0,0.E0));
#18403=AXIS2_PLACEMENT_3D('',#18400,#18401,#18402);
#18404=CYLINDRICAL_SURFACE('',#18403,1.19E-1);
#18405=ORIENTED_EDGE('',*,*,#17145,.F.);
#18407=ORIENTED_EDGE('',*,*,#18406,.T.);
#18409=ORIENTED_EDGE('',*,*,#18408,.T.);
#18410=ORIENTED_EDGE('',*,*,#18392,.F.);
#18411=EDGE_LOOP('',(#18405,#18407,#18409,#18410));
#18412=FACE_OUTER_BOUND('',#18411,.F.);
#18414=CARTESIAN_POINT('',(1.35E0,-2.5E-2,-9.99E-1));
#18415=DIRECTION('',(1.E0,0.E0,0.E0));
#18416=DIRECTION('',(0.E0,0.E0,-1.E0));
#18417=AXIS2_PLACEMENT_3D('',#18414,#18415,#18416);
#18418=PLANE('',#18417);
#18419=ORIENTED_EDGE('',*,*,#17143,.F.);
#18421=ORIENTED_EDGE('',*,*,#18420,.T.);
#18423=ORIENTED_EDGE('',*,*,#18422,.T.);
#18424=ORIENTED_EDGE('',*,*,#18406,.F.);
#18425=EDGE_LOOP('',(#18419,#18421,#18423,#18424));
#18426=FACE_OUTER_BOUND('',#18425,.F.);
#18428=CARTESIAN_POINT('',(1.469E0,-2.5E-2,-9.99E-1));
#18429=DIRECTION('',(0.E0,-1.E0,0.E0));
#18430=DIRECTION('',(-1.E0,0.E0,0.E0));
#18431=AXIS2_PLACEMENT_3D('',#18428,#18429,#18430);
#18432=CYLINDRICAL_SURFACE('',#18431,1.19E-1);
#18433=ORIENTED_EDGE('',*,*,#17141,.F.);
#18435=ORIENTED_EDGE('',*,*,#18434,.T.);
#18437=ORIENTED_EDGE('',*,*,#18436,.T.);
#18438=ORIENTED_EDGE('',*,*,#18420,.F.);
#18439=EDGE_LOOP('',(#18433,#18435,#18437,#18438));
#18440=FACE_OUTER_BOUND('',#18439,.F.);
#18442=CARTESIAN_POINT('',(1.85E0,-2.5E-2,-8.8E-1));
#18443=DIRECTION('',(0.E0,0.E0,-1.E0));
#18444=DIRECTION('',(-1.E0,0.E0,0.E0));
#18445=AXIS2_PLACEMENT_3D('',#18442,#18443,#18444);
#18446=PLANE('',#18445);
#18447=ORIENTED_EDGE('',*,*,#17139,.F.);
#18448=ORIENTED_EDGE('',*,*,#17984,.T.);
#18450=ORIENTED_EDGE('',*,*,#18449,.T.);
#18451=ORIENTED_EDGE('',*,*,#18434,.F.);
#18452=EDGE_LOOP('',(#18447,#18448,#18450,#18451));
#18453=FACE_OUTER_BOUND('',#18452,.F.);
#18455=CARTESIAN_POINT('',(0.E0,1.75E-1,0.E0));
#18456=DIRECTION('',(0.E0,-1.E0,0.E0));
#18457=DIRECTION('',(-1.E0,0.E0,0.E0));
#18458=AXIS2_PLACEMENT_3D('',#18455,#18456,#18457);
#18459=PLANE('',#18458);
#18460=ORIENTED_EDGE('',*,*,#17982,.T.);
#18461=ORIENTED_EDGE('',*,*,#18394,.F.);
#18462=ORIENTED_EDGE('',*,*,#18408,.F.);
#18463=ORIENTED_EDGE('',*,*,#18422,.F.);
#18464=ORIENTED_EDGE('',*,*,#18436,.F.);
#18465=ORIENTED_EDGE('',*,*,#18449,.F.);
#18466=EDGE_LOOP('',(#18460,#18461,#18462,#18463,#18464,#18465));
#18467=FACE_OUTER_BOUND('',#18466,.F.);
#18469=CARTESIAN_POINT('',(1.469E0,-2.5E-2,-6.2E-1));
#18470=DIRECTION('',(0.E0,0.E0,1.E0));
#18471=DIRECTION('',(1.E0,0.E0,0.E0));
#18472=AXIS2_PLACEMENT_3D('',#18469,#18470,#18471);
#18473=PLANE('',#18472);
#18474=ORIENTED_EDGE('',*,*,#17135,.T.);
#18476=ORIENTED_EDGE('',*,*,#18475,.T.);
#18478=ORIENTED_EDGE('',*,*,#18477,.T.);
#18479=ORIENTED_EDGE('',*,*,#17987,.F.);
#18480=EDGE_LOOP('',(#18474,#18476,#18478,#18479));
#18481=FACE_OUTER_BOUND('',#18480,.F.);
#18483=CARTESIAN_POINT('',(1.469E0,-2.5E-2,-5.01E-1));
#18484=DIRECTION('',(0.E0,-1.E0,0.E0));
#18485=DIRECTION('',(-1.E0,0.E0,0.E0));
#18486=AXIS2_PLACEMENT_3D('',#18483,#18484,#18485);
#18487=CYLINDRICAL_SURFACE('',#18486,1.19E-1);
#18488=ORIENTED_EDGE('',*,*,#17133,.F.);
#18490=ORIENTED_EDGE('',*,*,#18489,.T.);
#18492=ORIENTED_EDGE('',*,*,#18491,.T.);
#18493=ORIENTED_EDGE('',*,*,#18475,.F.);
#18494=EDGE_LOOP('',(#18488,#18490,#18492,#18493));
#18495=FACE_OUTER_BOUND('',#18494,.F.);
#18497=CARTESIAN_POINT('',(1.35E0,-2.5E-2,-4.99E-1));
#18498=DIRECTION('',(1.E0,0.E0,0.E0));
#18499=DIRECTION('',(0.E0,0.E0,-1.E0));
#18500=AXIS2_PLACEMENT_3D('',#18497,#18498,#18499);
#18501=PLANE('',#18500);
#18502=ORIENTED_EDGE('',*,*,#17131,.F.);
#18504=ORIENTED_EDGE('',*,*,#18503,.T.);
#18506=ORIENTED_EDGE('',*,*,#18505,.T.);
#18507=ORIENTED_EDGE('',*,*,#18489,.F.);
#18508=EDGE_LOOP('',(#18502,#18504,#18506,#18507));
#18509=FACE_OUTER_BOUND('',#18508,.F.);
#18511=CARTESIAN_POINT('',(1.469E0,-2.5E-2,-4.99E-1));
#18512=DIRECTION('',(0.E0,-1.E0,0.E0));
#18513=DIRECTION('',(-1.E0,0.E0,0.E0));
#18514=AXIS2_PLACEMENT_3D('',#18511,#18512,#18513);
#18515=CYLINDRICAL_SURFACE('',#18514,1.19E-1);
#18516=ORIENTED_EDGE('',*,*,#17129,.F.);
#18518=ORIENTED_EDGE('',*,*,#18517,.T.);
#18520=ORIENTED_EDGE('',*,*,#18519,.T.);
#18521=ORIENTED_EDGE('',*,*,#18503,.F.);
#18522=EDGE_LOOP('',(#18516,#18518,#18520,#18521));
#18523=FACE_OUTER_BOUND('',#18522,.F.);
#18525=CARTESIAN_POINT('',(1.85E0,-2.5E-2,-3.8E-1));
#18526=DIRECTION('',(0.E0,0.E0,-1.E0));
#18527=DIRECTION('',(-1.E0,0.E0,0.E0));
#18528=AXIS2_PLACEMENT_3D('',#18525,#18526,#18527);
#18529=PLANE('',#18528);
#18530=ORIENTED_EDGE('',*,*,#17127,.F.);
#18531=ORIENTED_EDGE('',*,*,#17991,.T.);
#18533=ORIENTED_EDGE('',*,*,#18532,.T.);
#18534=ORIENTED_EDGE('',*,*,#18517,.F.);
#18535=EDGE_LOOP('',(#18530,#18531,#18533,#18534));
#18536=FACE_OUTER_BOUND('',#18535,.F.);
#18538=CARTESIAN_POINT('',(0.E0,1.75E-1,0.E0));
#18539=DIRECTION('',(0.E0,-1.E0,0.E0));
#18540=DIRECTION('',(-1.E0,0.E0,0.E0));
#18541=AXIS2_PLACEMENT_3D('',#18538,#18539,#18540);
#18542=PLANE('',#18541);
#18543=ORIENTED_EDGE('',*,*,#17989,.T.);
#18544=ORIENTED_EDGE('',*,*,#18477,.F.);
#18545=ORIENTED_EDGE('',*,*,#18491,.F.);
#18546=ORIENTED_EDGE('',*,*,#18505,.F.);
#18547=ORIENTED_EDGE('',*,*,#18519,.F.);
#18548=ORIENTED_EDGE('',*,*,#18532,.F.);
#18549=EDGE_LOOP('',(#18543,#18544,#18545,#18546,#18547,#18548));
#18550=FACE_OUTER_BOUND('',#18549,.F.);
#18552=CARTESIAN_POINT('',(1.469E0,-2.5E-2,-1.2E-1));
#18553=DIRECTION('',(0.E0,0.E0,1.E0));
#18554=DIRECTION('',(1.E0,0.E0,0.E0));
#18555=AXIS2_PLACEMENT_3D('',#18552,#18553,#18554);
#18556=PLANE('',#18555);
#18557=ORIENTED_EDGE('',*,*,#17123,.T.);
#18559=ORIENTED_EDGE('',*,*,#18558,.T.);
#18561=ORIENTED_EDGE('',*,*,#18560,.T.);
#18562=ORIENTED_EDGE('',*,*,#17994,.F.);
#18563=EDGE_LOOP('',(#18557,#18559,#18561,#18562));
#18564=FACE_OUTER_BOUND('',#18563,.F.);
#18566=CARTESIAN_POINT('',(1.469E0,-2.5E-2,-1.E-3));
#18567=DIRECTION('',(0.E0,-1.E0,0.E0));
#18568=DIRECTION('',(-1.E0,0.E0,0.E0));
#18569=AXIS2_PLACEMENT_3D('',#18566,#18567,#18568);
#18570=CYLINDRICAL_SURFACE('',#18569,1.19E-1);
#18571=ORIENTED_EDGE('',*,*,#17121,.F.);
#18573=ORIENTED_EDGE('',*,*,#18572,.T.);
#18575=ORIENTED_EDGE('',*,*,#18574,.T.);
#18576=ORIENTED_EDGE('',*,*,#18558,.F.);
#18577=EDGE_LOOP('',(#18571,#18573,#18575,#18576));
#18578=FACE_OUTER_BOUND('',#18577,.F.);
#18580=CARTESIAN_POINT('',(1.35E0,-2.5E-2,1.E-3));
#18581=DIRECTION('',(1.E0,0.E0,0.E0));
#18582=DIRECTION('',(0.E0,0.E0,-1.E0));
#18583=AXIS2_PLACEMENT_3D('',#18580,#18581,#18582);
#18584=PLANE('',#18583);
#18585=ORIENTED_EDGE('',*,*,#17119,.F.);
#18587=ORIENTED_EDGE('',*,*,#18586,.T.);
#18589=ORIENTED_EDGE('',*,*,#18588,.T.);
#18590=ORIENTED_EDGE('',*,*,#18572,.F.);
#18591=EDGE_LOOP('',(#18585,#18587,#18589,#18590));
#18592=FACE_OUTER_BOUND('',#18591,.F.);
#18594=CARTESIAN_POINT('',(1.469E0,-2.5E-2,1.E-3));
#18595=DIRECTION('',(0.E0,-1.E0,0.E0));
#18596=DIRECTION('',(-1.E0,0.E0,0.E0));
#18597=AXIS2_PLACEMENT_3D('',#18594,#18595,#18596);
#18598=CYLINDRICAL_SURFACE('',#18597,1.19E-1);
#18599=ORIENTED_EDGE('',*,*,#17117,.F.);
#18601=ORIENTED_EDGE('',*,*,#18600,.T.);
#18603=ORIENTED_EDGE('',*,*,#18602,.T.);
#18604=ORIENTED_EDGE('',*,*,#18586,.F.);
#18605=EDGE_LOOP('',(#18599,#18601,#18603,#18604));
#18606=FACE_OUTER_BOUND('',#18605,.F.);
#18608=CARTESIAN_POINT('',(1.85E0,-2.5E-2,1.2E-1));
#18609=DIRECTION('',(0.E0,0.E0,-1.E0));
#18610=DIRECTION('',(-1.E0,0.E0,0.E0));
#18611=AXIS2_PLACEMENT_3D('',#18608,#18609,#18610);
#18612=PLANE('',#18611);
#18613=ORIENTED_EDGE('',*,*,#17115,.F.);
#18614=ORIENTED_EDGE('',*,*,#17998,.T.);
#18616=ORIENTED_EDGE('',*,*,#18615,.T.);
#18617=ORIENTED_EDGE('',*,*,#18600,.F.);
#18618=EDGE_LOOP('',(#18613,#18614,#18616,#18617));
#18619=FACE_OUTER_BOUND('',#18618,.F.);
#18621=CARTESIAN_POINT('',(0.E0,1.75E-1,0.E0));
#18622=DIRECTION('',(0.E0,-1.E0,0.E0));
#18623=DIRECTION('',(-1.E0,0.E0,0.E0));
#18624=AXIS2_PLACEMENT_3D('',#18621,#18622,#18623);
#18625=PLANE('',#18624);
#18626=ORIENTED_EDGE('',*,*,#17996,.T.);
#18627=ORIENTED_EDGE('',*,*,#18560,.F.);
#18628=ORIENTED_EDGE('',*,*,#18574,.F.);
#18629=ORIENTED_EDGE('',*,*,#18588,.F.);
#18630=ORIENTED_EDGE('',*,*,#18602,.F.);
#18631=ORIENTED_EDGE('',*,*,#18615,.F.);
#18632=EDGE_LOOP('',(#18626,#18627,#18628,#18629,#18630,#18631));
#18633=FACE_OUTER_BOUND('',#18632,.F.);
#18635=CARTESIAN_POINT('',(1.469E0,-2.5E-2,3.8E-1));
#18636=DIRECTION('',(0.E0,0.E0,1.E0));
#18637=DIRECTION('',(1.E0,0.E0,0.E0));
#18638=AXIS2_PLACEMENT_3D('',#18635,#18636,#18637);
#18639=PLANE('',#18638);
#18640=ORIENTED_EDGE('',*,*,#17111,.T.);
#18642=ORIENTED_EDGE('',*,*,#18641,.T.);
#18644=ORIENTED_EDGE('',*,*,#18643,.T.);
#18645=ORIENTED_EDGE('',*,*,#18001,.F.);
#18646=EDGE_LOOP('',(#18640,#18642,#18644,#18645));
#18647=FACE_OUTER_BOUND('',#18646,.F.);
#18649=CARTESIAN_POINT('',(1.469E0,-2.5E-2,4.99E-1));
#18650=DIRECTION('',(0.E0,-1.E0,0.E0));
#18651=DIRECTION('',(-1.E0,0.E0,0.E0));
#18652=AXIS2_PLACEMENT_3D('',#18649,#18650,#18651);
#18653=CYLINDRICAL_SURFACE('',#18652,1.19E-1);
#18654=ORIENTED_EDGE('',*,*,#17109,.F.);
#18656=ORIENTED_EDGE('',*,*,#18655,.T.);
#18658=ORIENTED_EDGE('',*,*,#18657,.T.);
#18659=ORIENTED_EDGE('',*,*,#18641,.F.);
#18660=EDGE_LOOP('',(#18654,#18656,#18658,#18659));
#18661=FACE_OUTER_BOUND('',#18660,.F.);
#18663=CARTESIAN_POINT('',(1.35E0,-2.5E-2,5.01E-1));
#18664=DIRECTION('',(1.E0,0.E0,0.E0));
#18665=DIRECTION('',(0.E0,0.E0,-1.E0));
#18666=AXIS2_PLACEMENT_3D('',#18663,#18664,#18665);
#18667=PLANE('',#18666);
#18668=ORIENTED_EDGE('',*,*,#17107,.F.);
#18670=ORIENTED_EDGE('',*,*,#18669,.T.);
#18672=ORIENTED_EDGE('',*,*,#18671,.T.);
#18673=ORIENTED_EDGE('',*,*,#18655,.F.);
#18674=EDGE_LOOP('',(#18668,#18670,#18672,#18673));
#18675=FACE_OUTER_BOUND('',#18674,.F.);
#18677=CARTESIAN_POINT('',(1.469E0,-2.5E-2,5.01E-1));
#18678=DIRECTION('',(0.E0,-1.E0,0.E0));
#18679=DIRECTION('',(-1.E0,0.E0,0.E0));
#18680=AXIS2_PLACEMENT_3D('',#18677,#18678,#18679);
#18681=CYLINDRICAL_SURFACE('',#18680,1.19E-1);
#18682=ORIENTED_EDGE('',*,*,#17105,.F.);
#18684=ORIENTED_EDGE('',*,*,#18683,.T.);
#18686=ORIENTED_EDGE('',*,*,#18685,.T.);
#18687=ORIENTED_EDGE('',*,*,#18669,.F.);
#18688=EDGE_LOOP('',(#18682,#18684,#18686,#18687));
#18689=FACE_OUTER_BOUND('',#18688,.F.);
#18691=CARTESIAN_POINT('',(1.85E0,-2.5E-2,6.2E-1));
#18692=DIRECTION('',(0.E0,0.E0,-1.E0));
#18693=DIRECTION('',(-1.E0,0.E0,0.E0));
#18694=AXIS2_PLACEMENT_3D('',#18691,#18692,#18693);
#18695=PLANE('',#18694);
#18696=ORIENTED_EDGE('',*,*,#17103,.F.);
#18697=ORIENTED_EDGE('',*,*,#18005,.T.);
#18699=ORIENTED_EDGE('',*,*,#18698,.T.);
#18700=ORIENTED_EDGE('',*,*,#18683,.F.);
#18701=EDGE_LOOP('',(#18696,#18697,#18699,#18700));
#18702=FACE_OUTER_BOUND('',#18701,.F.);
#18704=CARTESIAN_POINT('',(0.E0,1.75E-1,0.E0));
#18705=DIRECTION('',(0.E0,-1.E0,0.E0));
#18706=DIRECTION('',(-1.E0,0.E0,0.E0));
#18707=AXIS2_PLACEMENT_3D('',#18704,#18705,#18706);
#18708=PLANE('',#18707);
#18709=ORIENTED_EDGE('',*,*,#18003,.T.);
#18710=ORIENTED_EDGE('',*,*,#18643,.F.);
#18711=ORIENTED_EDGE('',*,*,#18657,.F.);
#18712=ORIENTED_EDGE('',*,*,#18671,.F.);
#18713=ORIENTED_EDGE('',*,*,#18685,.F.);
#18714=ORIENTED_EDGE('',*,*,#18698,.F.);
#18715=EDGE_LOOP('',(#18709,#18710,#18711,#18712,#18713,#18714));
#18716=FACE_OUTER_BOUND('',#18715,.F.);
#18718=CARTESIAN_POINT('',(1.469E0,-2.5E-2,8.8E-1));
#18719=DIRECTION('',(0.E0,0.E0,1.E0));
#18720=DIRECTION('',(1.E0,0.E0,0.E0));
#18721=AXIS2_PLACEMENT_3D('',#18718,#18719,#18720);
#18722=PLANE('',#18721);
#18723=ORIENTED_EDGE('',*,*,#17099,.T.);
#18725=ORIENTED_EDGE('',*,*,#18724,.T.);
#18727=ORIENTED_EDGE('',*,*,#18726,.T.);
#18728=ORIENTED_EDGE('',*,*,#18008,.F.);
#18729=EDGE_LOOP('',(#18723,#18725,#18727,#18728));
#18730=FACE_OUTER_BOUND('',#18729,.F.);
#18732=CARTESIAN_POINT('',(1.469E0,-2.5E-2,9.99E-1));
#18733=DIRECTION('',(0.E0,-1.E0,0.E0));
#18734=DIRECTION('',(-1.E0,0.E0,0.E0));
#18735=AXIS2_PLACEMENT_3D('',#18732,#18733,#18734);
#18736=CYLINDRICAL_SURFACE('',#18735,1.19E-1);
#18737=ORIENTED_EDGE('',*,*,#17097,.F.);
#18739=ORIENTED_EDGE('',*,*,#18738,.T.);
#18741=ORIENTED_EDGE('',*,*,#18740,.T.);
#18742=ORIENTED_EDGE('',*,*,#18724,.F.);
#18743=EDGE_LOOP('',(#18737,#18739,#18741,#18742));
#18744=FACE_OUTER_BOUND('',#18743,.F.);
#18746=CARTESIAN_POINT('',(1.35E0,-2.5E-2,1.001E0));
#18747=DIRECTION('',(1.E0,0.E0,0.E0));
#18748=DIRECTION('',(0.E0,0.E0,-1.E0));
#18749=AXIS2_PLACEMENT_3D('',#18746,#18747,#18748);
#18750=PLANE('',#18749);
#18751=ORIENTED_EDGE('',*,*,#17095,.F.);
#18753=ORIENTED_EDGE('',*,*,#18752,.T.);
#18755=ORIENTED_EDGE('',*,*,#18754,.T.);
#18756=ORIENTED_EDGE('',*,*,#18738,.F.);
#18757=EDGE_LOOP('',(#18751,#18753,#18755,#18756));
#18758=FACE_OUTER_BOUND('',#18757,.F.);
#18760=CARTESIAN_POINT('',(1.469E0,-2.5E-2,1.001E0));
#18761=DIRECTION('',(0.E0,-1.E0,0.E0));
#18762=DIRECTION('',(-1.E0,0.E0,0.E0));
#18763=AXIS2_PLACEMENT_3D('',#18760,#18761,#18762);
#18764=CYLINDRICAL_SURFACE('',#18763,1.19E-1);
#18765=ORIENTED_EDGE('',*,*,#17093,.F.);
#18767=ORIENTED_EDGE('',*,*,#18766,.T.);
#18769=ORIENTED_EDGE('',*,*,#18768,.T.);
#18770=ORIENTED_EDGE('',*,*,#18752,.F.);
#18771=EDGE_LOOP('',(#18765,#18767,#18769,#18770));
#18772=FACE_OUTER_BOUND('',#18771,.F.);
#18774=CARTESIAN_POINT('',(1.85E0,-2.5E-2,1.12E0));
#18775=DIRECTION('',(0.E0,0.E0,-1.E0));
#18776=DIRECTION('',(-1.E0,0.E0,0.E0));
#18777=AXIS2_PLACEMENT_3D('',#18774,#18775,#18776);
#18778=PLANE('',#18777);
#18779=ORIENTED_EDGE('',*,*,#17091,.F.);
#18780=ORIENTED_EDGE('',*,*,#18012,.T.);
#18782=ORIENTED_EDGE('',*,*,#18781,.T.);
#18783=ORIENTED_EDGE('',*,*,#18766,.F.);
#18784=EDGE_LOOP('',(#18779,#18780,#18782,#18783));
#18785=FACE_OUTER_BOUND('',#18784,.F.);
#18787=CARTESIAN_POINT('',(0.E0,1.75E-1,0.E0));
#18788=DIRECTION('',(0.E0,-1.E0,0.E0));
#18789=DIRECTION('',(-1.E0,0.E0,0.E0));
#18790=AXIS2_PLACEMENT_3D('',#18787,#18788,#18789);
#18791=PLANE('',#18790);
#18792=ORIENTED_EDGE('',*,*,#18010,.T.);
#18793=ORIENTED_EDGE('',*,*,#18726,.F.);
#18794=ORIENTED_EDGE('',*,*,#18740,.F.);
#18795=ORIENTED_EDGE('',*,*,#18754,.F.);
#18796=ORIENTED_EDGE('',*,*,#18768,.F.);
#18797=ORIENTED_EDGE('',*,*,#18781,.F.);
#18798=EDGE_LOOP('',(#18792,#18793,#18794,#18795,#18796,#18797));
#18799=FACE_OUTER_BOUND('',#18798,.F.);
#18801=CARTESIAN_POINT('',(1.469E0,-2.5E-2,1.38E0));
#18802=DIRECTION('',(0.E0,0.E0,1.E0));
#18803=DIRECTION('',(1.E0,0.E0,0.E0));
#18804=AXIS2_PLACEMENT_3D('',#18801,#18802,#18803);
#18805=PLANE('',#18804);
#18806=ORIENTED_EDGE('',*,*,#17087,.T.);
#18808=ORIENTED_EDGE('',*,*,#18807,.T.);
#18810=ORIENTED_EDGE('',*,*,#18809,.T.);
#18811=ORIENTED_EDGE('',*,*,#18015,.F.);
#18812=EDGE_LOOP('',(#18806,#18808,#18810,#18811));
#18813=FACE_OUTER_BOUND('',#18812,.F.);
#18815=CARTESIAN_POINT('',(1.469E0,-2.5E-2,1.499E0));
#18816=DIRECTION('',(0.E0,-1.E0,0.E0));
#18817=DIRECTION('',(-1.E0,0.E0,0.E0));
#18818=AXIS2_PLACEMENT_3D('',#18815,#18816,#18817);
#18819=CYLINDRICAL_SURFACE('',#18818,1.19E-1);
#18820=ORIENTED_EDGE('',*,*,#17085,.F.);
#18822=ORIENTED_EDGE('',*,*,#18821,.T.);
#18824=ORIENTED_EDGE('',*,*,#18823,.T.);
#18825=ORIENTED_EDGE('',*,*,#18807,.F.);
#18826=EDGE_LOOP('',(#18820,#18822,#18824,#18825));
#18827=FACE_OUTER_BOUND('',#18826,.F.);
#18829=CARTESIAN_POINT('',(1.35E0,-2.5E-2,1.501E0));
#18830=DIRECTION('',(1.E0,0.E0,0.E0));
#18831=DIRECTION('',(0.E0,0.E0,-1.E0));
#18832=AXIS2_PLACEMENT_3D('',#18829,#18830,#18831);
#18833=PLANE('',#18832);
#18834=ORIENTED_EDGE('',*,*,#17083,.F.);
#18836=ORIENTED_EDGE('',*,*,#18835,.T.);
#18838=ORIENTED_EDGE('',*,*,#18837,.T.);
#18839=ORIENTED_EDGE('',*,*,#18821,.F.);
#18840=EDGE_LOOP('',(#18834,#18836,#18838,#18839));
#18841=FACE_OUTER_BOUND('',#18840,.F.);
#18843=CARTESIAN_POINT('',(1.469E0,-2.5E-2,1.501E0));
#18844=DIRECTION('',(0.E0,-1.E0,0.E0));
#18845=DIRECTION('',(-1.E0,0.E0,0.E0));
#18846=AXIS2_PLACEMENT_3D('',#18843,#18844,#18845);
#18847=CYLINDRICAL_SURFACE('',#18846,1.19E-1);
#18848=ORIENTED_EDGE('',*,*,#17081,.F.);
#18850=ORIENTED_EDGE('',*,*,#18849,.T.);
#18852=ORIENTED_EDGE('',*,*,#18851,.T.);
#18853=ORIENTED_EDGE('',*,*,#18835,.F.);
#18854=EDGE_LOOP('',(#18848,#18850,#18852,#18853));
#18855=FACE_OUTER_BOUND('',#18854,.F.);
#18857=CARTESIAN_POINT('',(1.85E0,-2.5E-2,1.62E0));
#18858=DIRECTION('',(0.E0,0.E0,-1.E0));
#18859=DIRECTION('',(-1.E0,0.E0,0.E0));
#18860=AXIS2_PLACEMENT_3D('',#18857,#18858,#18859);
#18861=PLANE('',#18860);
#18862=ORIENTED_EDGE('',*,*,#17079,.F.);
#18863=ORIENTED_EDGE('',*,*,#18019,.T.);
#18865=ORIENTED_EDGE('',*,*,#18864,.T.);
#18866=ORIENTED_EDGE('',*,*,#18849,.F.);
#18867=EDGE_LOOP('',(#18862,#18863,#18865,#18866));
#18868=FACE_OUTER_BOUND('',#18867,.F.);
#18870=CARTESIAN_POINT('',(0.E0,1.75E-1,0.E0));
#18871=DIRECTION('',(0.E0,-1.E0,0.E0));
#18872=DIRECTION('',(-1.E0,0.E0,0.E0));
#18873=AXIS2_PLACEMENT_3D('',#18870,#18871,#18872);
#18874=PLANE('',#18873);
#18875=ORIENTED_EDGE('',*,*,#18017,.T.);
#18876=ORIENTED_EDGE('',*,*,#18809,.F.);
#18877=ORIENTED_EDGE('',*,*,#18823,.F.);
#18878=ORIENTED_EDGE('',*,*,#18837,.F.);
#18879=ORIENTED_EDGE('',*,*,#18851,.F.);
#18880=ORIENTED_EDGE('',*,*,#18864,.F.);
#18881=EDGE_LOOP('',(#18875,#18876,#18877,#18878,#18879,#18880));
#18882=FACE_OUTER_BOUND('',#18881,.F.);
#18884=CARTESIAN_POINT('',(1.469E0,-2.5E-2,1.88E0));
#18885=DIRECTION('',(0.E0,0.E0,1.E0));
#18886=DIRECTION('',(1.E0,0.E0,0.E0));
#18887=AXIS2_PLACEMENT_3D('',#18884,#18885,#18886);
#18888=PLANE('',#18887);
#18889=ORIENTED_EDGE('',*,*,#17075,.T.);
#18891=ORIENTED_EDGE('',*,*,#18890,.T.);
#18893=ORIENTED_EDGE('',*,*,#18892,.T.);
#18894=ORIENTED_EDGE('',*,*,#18022,.F.);
#18895=EDGE_LOOP('',(#18889,#18891,#18893,#18894));
#18896=FACE_OUTER_BOUND('',#18895,.F.);
#18898=CARTESIAN_POINT('',(1.469E0,-2.5E-2,1.999E0));
#18899=DIRECTION('',(0.E0,-1.E0,0.E0));
#18900=DIRECTION('',(-1.E0,0.E0,0.E0));
#18901=AXIS2_PLACEMENT_3D('',#18898,#18899,#18900);
#18902=CYLINDRICAL_SURFACE('',#18901,1.19E-1);
#18903=ORIENTED_EDGE('',*,*,#17073,.F.);
#18905=ORIENTED_EDGE('',*,*,#18904,.T.);
#18907=ORIENTED_EDGE('',*,*,#18906,.T.);
#18908=ORIENTED_EDGE('',*,*,#18890,.F.);
#18909=EDGE_LOOP('',(#18903,#18905,#18907,#18908));
#18910=FACE_OUTER_BOUND('',#18909,.F.);
#18912=CARTESIAN_POINT('',(1.35E0,-2.5E-2,2.001E0));
#18913=DIRECTION('',(1.E0,0.E0,0.E0));
#18914=DIRECTION('',(0.E0,0.E0,-1.E0));
#18915=AXIS2_PLACEMENT_3D('',#18912,#18913,#18914);
#18916=PLANE('',#18915);
#18917=ORIENTED_EDGE('',*,*,#17071,.F.);
#18919=ORIENTED_EDGE('',*,*,#18918,.T.);
#18921=ORIENTED_EDGE('',*,*,#18920,.T.);
#18922=ORIENTED_EDGE('',*,*,#18904,.F.);
#18923=EDGE_LOOP('',(#18917,#18919,#18921,#18922));
#18924=FACE_OUTER_BOUND('',#18923,.F.);
#18926=CARTESIAN_POINT('',(1.469E0,-2.5E-2,2.001E0));
#18927=DIRECTION('',(0.E0,-1.E0,0.E0));
#18928=DIRECTION('',(-1.E0,0.E0,0.E0));
#18929=AXIS2_PLACEMENT_3D('',#18926,#18927,#18928);
#18930=CYLINDRICAL_SURFACE('',#18929,1.19E-1);
#18931=ORIENTED_EDGE('',*,*,#17069,.F.);
#18933=ORIENTED_EDGE('',*,*,#18932,.T.);
#18935=ORIENTED_EDGE('',*,*,#18934,.T.);
#18936=ORIENTED_EDGE('',*,*,#18918,.F.);
#18937=EDGE_LOOP('',(#18931,#18933,#18935,#18936));
#18938=FACE_OUTER_BOUND('',#18937,.F.);
#18940=CARTESIAN_POINT('',(1.85E0,-2.5E-2,2.12E0));
#18941=DIRECTION('',(0.E0,0.E0,-1.E0));
#18942=DIRECTION('',(-1.E0,0.E0,0.E0));
#18943=AXIS2_PLACEMENT_3D('',#18940,#18941,#18942);
#18944=PLANE('',#18943);
#18945=ORIENTED_EDGE('',*,*,#17067,.F.);
#18946=ORIENTED_EDGE('',*,*,#18026,.T.);
#18948=ORIENTED_EDGE('',*,*,#18947,.T.);
#18949=ORIENTED_EDGE('',*,*,#18932,.F.);
#18950=EDGE_LOOP('',(#18945,#18946,#18948,#18949));
#18951=FACE_OUTER_BOUND('',#18950,.F.);
#18953=CARTESIAN_POINT('',(0.E0,1.75E-1,0.E0));
#18954=DIRECTION('',(0.E0,-1.E0,0.E0));
#18955=DIRECTION('',(-1.E0,0.E0,0.E0));
#18956=AXIS2_PLACEMENT_3D('',#18953,#18954,#18955);
#18957=PLANE('',#18956);
#18958=ORIENTED_EDGE('',*,*,#18024,.T.);
#18959=ORIENTED_EDGE('',*,*,#18892,.F.);
#18960=ORIENTED_EDGE('',*,*,#18906,.F.);
#18961=ORIENTED_EDGE('',*,*,#18920,.F.);
#18962=ORIENTED_EDGE('',*,*,#18934,.F.);
#18963=ORIENTED_EDGE('',*,*,#18947,.F.);
#18964=EDGE_LOOP('',(#18958,#18959,#18960,#18961,#18962,#18963));
#18965=FACE_OUTER_BOUND('',#18964,.F.);
#18967=CARTESIAN_POINT('',(1.469E0,-2.5E-2,2.38E0));
#18968=DIRECTION('',(0.E0,0.E0,1.E0));
#18969=DIRECTION('',(1.E0,0.E0,0.E0));
#18970=AXIS2_PLACEMENT_3D('',#18967,#18968,#18969);
#18971=PLANE('',#18970);
#18972=ORIENTED_EDGE('',*,*,#17063,.T.);
#18974=ORIENTED_EDGE('',*,*,#18973,.T.);
#18976=ORIENTED_EDGE('',*,*,#18975,.T.);
#18977=ORIENTED_EDGE('',*,*,#18029,.F.);
#18978=EDGE_LOOP('',(#18972,#18974,#18976,#18977));
#18979=FACE_OUTER_BOUND('',#18978,.F.);
#18981=CARTESIAN_POINT('',(1.469E0,-2.5E-2,2.499E0));
#18982=DIRECTION('',(0.E0,-1.E0,0.E0));
#18983=DIRECTION('',(-1.E0,0.E0,0.E0));
#18984=AXIS2_PLACEMENT_3D('',#18981,#18982,#18983);
#18985=CYLINDRICAL_SURFACE('',#18984,1.19E-1);
#18986=ORIENTED_EDGE('',*,*,#17061,.F.);
#18988=ORIENTED_EDGE('',*,*,#18987,.T.);
#18990=ORIENTED_EDGE('',*,*,#18989,.T.);
#18991=ORIENTED_EDGE('',*,*,#18973,.F.);
#18992=EDGE_LOOP('',(#18986,#18988,#18990,#18991));
#18993=FACE_OUTER_BOUND('',#18992,.F.);
#18995=CARTESIAN_POINT('',(1.35E0,-2.5E-2,2.501E0));
#18996=DIRECTION('',(1.E0,0.E0,0.E0));
#18997=DIRECTION('',(0.E0,0.E0,-1.E0));
#18998=AXIS2_PLACEMENT_3D('',#18995,#18996,#18997);
#18999=PLANE('',#18998);
#19000=ORIENTED_EDGE('',*,*,#17059,.F.);
#19002=ORIENTED_EDGE('',*,*,#19001,.T.);
#19004=ORIENTED_EDGE('',*,*,#19003,.T.);
#19005=ORIENTED_EDGE('',*,*,#18987,.F.);
#19006=EDGE_LOOP('',(#19000,#19002,#19004,#19005));
#19007=FACE_OUTER_BOUND('',#19006,.F.);
#19009=CARTESIAN_POINT('',(1.469E0,-2.5E-2,2.501E0));
#19010=DIRECTION('',(0.E0,-1.E0,0.E0));
#19011=DIRECTION('',(-1.E0,0.E0,0.E0));
#19012=AXIS2_PLACEMENT_3D('',#19009,#19010,#19011);
#19013=CYLINDRICAL_SURFACE('',#19012,1.19E-1);
#19014=ORIENTED_EDGE('',*,*,#17057,.F.);
#19016=ORIENTED_EDGE('',*,*,#19015,.T.);
#19018=ORIENTED_EDGE('',*,*,#19017,.T.);
#19019=ORIENTED_EDGE('',*,*,#19001,.F.);
#19020=EDGE_LOOP('',(#19014,#19016,#19018,#19019));
#19021=FACE_OUTER_BOUND('',#19020,.F.);
#19023=CARTESIAN_POINT('',(1.85E0,-2.5E-2,2.62E0));
#19024=DIRECTION('',(0.E0,0.E0,-1.E0));
#19025=DIRECTION('',(-1.E0,0.E0,0.E0));
#19026=AXIS2_PLACEMENT_3D('',#19023,#19024,#19025);
#19027=PLANE('',#19026);
#19028=ORIENTED_EDGE('',*,*,#17055,.F.);
#19029=ORIENTED_EDGE('',*,*,#18033,.T.);
#19031=ORIENTED_EDGE('',*,*,#19030,.T.);
#19032=ORIENTED_EDGE('',*,*,#19015,.F.);
#19033=EDGE_LOOP('',(#19028,#19029,#19031,#19032));
#19034=FACE_OUTER_BOUND('',#19033,.F.);
#19036=CARTESIAN_POINT('',(0.E0,1.75E-1,0.E0));
#19037=DIRECTION('',(0.E0,-1.E0,0.E0));
#19038=DIRECTION('',(-1.E0,0.E0,0.E0));
#19039=AXIS2_PLACEMENT_3D('',#19036,#19037,#19038);
#19040=PLANE('',#19039);
#19041=ORIENTED_EDGE('',*,*,#18031,.T.);
#19042=ORIENTED_EDGE('',*,*,#18975,.F.);
#19043=ORIENTED_EDGE('',*,*,#18989,.F.);
#19044=ORIENTED_EDGE('',*,*,#19003,.F.);
#19045=ORIENTED_EDGE('',*,*,#19017,.F.);
#19046=ORIENTED_EDGE('',*,*,#19030,.F.);
#19047=EDGE_LOOP('',(#19041,#19042,#19043,#19044,#19045,#19046));
#19048=FACE_OUTER_BOUND('',#19047,.F.);
#19050=CARTESIAN_POINT('',(1.469E0,-2.5E-2,2.88E0));
#19051=DIRECTION('',(0.E0,0.E0,1.E0));
#19052=DIRECTION('',(1.E0,0.E0,0.E0));
#19053=AXIS2_PLACEMENT_3D('',#19050,#19051,#19052);
#19054=PLANE('',#19053);
#19055=ORIENTED_EDGE('',*,*,#17051,.T.);
#19057=ORIENTED_EDGE('',*,*,#19056,.T.);
#19059=ORIENTED_EDGE('',*,*,#19058,.T.);
#19060=ORIENTED_EDGE('',*,*,#18036,.F.);
#19061=EDGE_LOOP('',(#19055,#19057,#19059,#19060));
#19062=FACE_OUTER_BOUND('',#19061,.F.);
#19064=CARTESIAN_POINT('',(1.469E0,-2.5E-2,2.999E0));
#19065=DIRECTION('',(0.E0,-1.E0,0.E0));
#19066=DIRECTION('',(-1.E0,0.E0,0.E0));
#19067=AXIS2_PLACEMENT_3D('',#19064,#19065,#19066);
#19068=CYLINDRICAL_SURFACE('',#19067,1.19E-1);
#19069=ORIENTED_EDGE('',*,*,#17049,.F.);
#19071=ORIENTED_EDGE('',*,*,#19070,.T.);
#19073=ORIENTED_EDGE('',*,*,#19072,.T.);
#19074=ORIENTED_EDGE('',*,*,#19056,.F.);
#19075=EDGE_LOOP('',(#19069,#19071,#19073,#19074));
#19076=FACE_OUTER_BOUND('',#19075,.F.);
#19078=CARTESIAN_POINT('',(1.35E0,-2.5E-2,3.001E0));
#19079=DIRECTION('',(1.E0,0.E0,0.E0));
#19080=DIRECTION('',(0.E0,0.E0,-1.E0));
#19081=AXIS2_PLACEMENT_3D('',#19078,#19079,#19080);
#19082=PLANE('',#19081);
#19083=ORIENTED_EDGE('',*,*,#17047,.F.);
#19085=ORIENTED_EDGE('',*,*,#19084,.T.);
#19087=ORIENTED_EDGE('',*,*,#19086,.T.);
#19088=ORIENTED_EDGE('',*,*,#19070,.F.);
#19089=EDGE_LOOP('',(#19083,#19085,#19087,#19088));
#19090=FACE_OUTER_BOUND('',#19089,.F.);
#19092=CARTESIAN_POINT('',(1.469E0,-2.5E-2,3.001E0));
#19093=DIRECTION('',(0.E0,-1.E0,0.E0));
#19094=DIRECTION('',(-1.E0,0.E0,0.E0));
#19095=AXIS2_PLACEMENT_3D('',#19092,#19093,#19094);
#19096=CYLINDRICAL_SURFACE('',#19095,1.19E-1);
#19097=ORIENTED_EDGE('',*,*,#17045,.F.);
#19099=ORIENTED_EDGE('',*,*,#19098,.T.);
#19101=ORIENTED_EDGE('',*,*,#19100,.T.);
#19102=ORIENTED_EDGE('',*,*,#19084,.F.);
#19103=EDGE_LOOP('',(#19097,#19099,#19101,#19102));
#19104=FACE_OUTER_BOUND('',#19103,.F.);
#19106=CARTESIAN_POINT('',(1.85E0,-2.5E-2,3.12E0));
#19107=DIRECTION('',(0.E0,0.E0,-1.E0));
#19108=DIRECTION('',(-1.E0,0.E0,0.E0));
#19109=AXIS2_PLACEMENT_3D('',#19106,#19107,#19108);
#19110=PLANE('',#19109);
#19111=ORIENTED_EDGE('',*,*,#17043,.F.);
#19112=ORIENTED_EDGE('',*,*,#18040,.T.);
#19114=ORIENTED_EDGE('',*,*,#19113,.T.);
#19115=ORIENTED_EDGE('',*,*,#19098,.F.);
#19116=EDGE_LOOP('',(#19111,#19112,#19114,#19115));
#19117=FACE_OUTER_BOUND('',#19116,.F.);
#19119=CARTESIAN_POINT('',(0.E0,1.75E-1,0.E0));
#19120=DIRECTION('',(0.E0,-1.E0,0.E0));
#19121=DIRECTION('',(-1.E0,0.E0,0.E0));
#19122=AXIS2_PLACEMENT_3D('',#19119,#19120,#19121);
#19123=PLANE('',#19122);
#19124=ORIENTED_EDGE('',*,*,#18038,.T.);
#19125=ORIENTED_EDGE('',*,*,#19058,.F.);
#19126=ORIENTED_EDGE('',*,*,#19072,.F.);
#19127=ORIENTED_EDGE('',*,*,#19086,.F.);
#19128=ORIENTED_EDGE('',*,*,#19100,.F.);
#19129=ORIENTED_EDGE('',*,*,#19113,.F.);
#19130=EDGE_LOOP('',(#19124,#19125,#19126,#19127,#19128,#19129));
#19131=FACE_OUTER_BOUND('',#19130,.F.);
#19133=CARTESIAN_POINT('',(-1.75E0,0.E0,3.5E0));
#19134=DIRECTION('',(0.E0,0.E0,1.E0));
#19135=DIRECTION('',(1.E0,0.E0,0.E0));
#19136=AXIS2_PLACEMENT_3D('',#19133,#19134,#19135);
#19137=PLANE('',#19136);
#19139=ORIENTED_EDGE('',*,*,#19138,.F.);
#19140=ORIENTED_EDGE('',*,*,#16979,.F.);
#19141=ORIENTED_EDGE('',*,*,#17380,.T.);
#19143=ORIENTED_EDGE('',*,*,#19142,.T.);
#19144=ORIENTED_EDGE('',*,*,#18043,.F.);
#19145=ORIENTED_EDGE('',*,*,#17039,.F.);
#19147=ORIENTED_EDGE('',*,*,#19146,.T.);
#19149=ORIENTED_EDGE('',*,*,#19148,.F.);
#19151=ORIENTED_EDGE('',*,*,#19150,.F.);
#19152=ORIENTED_EDGE('',*,*,#17027,.F.);
#19154=ORIENTED_EDGE('',*,*,#19153,.T.);
#19156=ORIENTED_EDGE('',*,*,#19155,.F.);
#19158=ORIENTED_EDGE('',*,*,#19157,.F.);
#19159=ORIENTED_EDGE('',*,*,#17015,.F.);
#19161=ORIENTED_EDGE('',*,*,#19160,.T.);
#19163=ORIENTED_EDGE('',*,*,#19162,.F.);
#19165=ORIENTED_EDGE('',*,*,#19164,.F.);
#19166=ORIENTED_EDGE('',*,*,#17003,.F.);
#19168=ORIENTED_EDGE('',*,*,#19167,.T.);
#19170=ORIENTED_EDGE('',*,*,#19169,.F.);
#19172=ORIENTED_EDGE('',*,*,#19171,.F.);
#19173=ORIENTED_EDGE('',*,*,#16991,.F.);
#19175=ORIENTED_EDGE('',*,*,#19174,.T.);
#19177=ORIENTED_EDGE('',*,*,#19176,.F.);
#19178=EDGE_LOOP('',(#19139,#19140,#19141,#19143,#19144,#19145,#19147,#19149,
#19151,#19152,#19154,#19156,#19158,#19159,#19161,#19163,#19165,#19166,#19168,
#19170,#19172,#19173,#19175,#19177));
#19179=FACE_OUTER_BOUND('',#19178,.F.);
#19181=CARTESIAN_POINT('',(-1.12E0,-2.5E-2,3.6E0));
#19182=DIRECTION('',(1.E0,0.E0,0.E0));
#19183=DIRECTION('',(0.E0,0.E0,-1.E0));
#19184=AXIS2_PLACEMENT_3D('',#19181,#19182,#19183);
#19185=PLANE('',#19184);
#19186=ORIENTED_EDGE('',*,*,#16981,.F.);
#19187=ORIENTED_EDGE('',*,*,#19138,.T.);
#19189=ORIENTED_EDGE('',*,*,#19188,.T.);
#19191=ORIENTED_EDGE('',*,*,#19190,.F.);
#19192=EDGE_LOOP('',(#19186,#19187,#19189,#19191));
#19193=FACE_OUTER_BOUND('',#19192,.F.);
#19195=CARTESIAN_POINT('',(0.E0,1.75E-1,0.E0));
#19196=DIRECTION('',(0.E0,-1.E0,0.E0));
#19197=DIRECTION('',(1.E0,0.E0,0.E0));
#19198=AXIS2_PLACEMENT_3D('',#19195,#19196,#19197);
#19199=PLANE('',#19198);
#19200=ORIENTED_EDGE('',*,*,#19176,.T.);
#19202=ORIENTED_EDGE('',*,*,#19201,.F.);
#19204=ORIENTED_EDGE('',*,*,#19203,.F.);
#19206=ORIENTED_EDGE('',*,*,#19205,.F.);
#19208=ORIENTED_EDGE('',*,*,#19207,.F.);
#19209=ORIENTED_EDGE('',*,*,#19188,.F.);
#19210=EDGE_LOOP('',(#19200,#19202,#19204,#19206,#19208,#19209));
#19211=FACE_OUTER_BOUND('',#19210,.F.);
#19213=CARTESIAN_POINT('',(-8.8E-1,-2.5E-2,3.219E0));
#19214=DIRECTION('',(-1.E0,0.E0,0.E0));
#19215=DIRECTION('',(0.E0,0.E0,1.E0));
#19216=AXIS2_PLACEMENT_3D('',#19213,#19214,#19215);
#19217=PLANE('',#19216);
#19218=ORIENTED_EDGE('',*,*,#16989,.T.);
#19220=ORIENTED_EDGE('',*,*,#19219,.T.);
#19221=ORIENTED_EDGE('',*,*,#19201,.T.);
#19222=ORIENTED_EDGE('',*,*,#19174,.F.);
#19223=EDGE_LOOP('',(#19218,#19220,#19221,#19222));
#19224=FACE_OUTER_BOUND('',#19223,.F.);
#19226=CARTESIAN_POINT('',(-9.99E-1,-2.5E-2,3.219E0));
#19227=DIRECTION('',(0.E0,-1.E0,0.E0));
#19228=DIRECTION('',(1.E0,0.E0,0.E0));
#19229=AXIS2_PLACEMENT_3D('',#19226,#19227,#19228);
#19230=CYLINDRICAL_SURFACE('',#19229,1.19E-1);
#19231=ORIENTED_EDGE('',*,*,#16987,.F.);
#19233=ORIENTED_EDGE('',*,*,#19232,.T.);
#19234=ORIENTED_EDGE('',*,*,#19203,.T.);
#19235=ORIENTED_EDGE('',*,*,#19219,.F.);
#19236=EDGE_LOOP('',(#19231,#19233,#19234,#19235));
#19237=FACE_OUTER_BOUND('',#19236,.F.);
#19239=CARTESIAN_POINT('',(-1.001E0,-2.5E-2,3.1E0));
#19240=DIRECTION('',(0.E0,0.E0,1.E0));
#19241=DIRECTION('',(1.E0,0.E0,0.E0));
#19242=AXIS2_PLACEMENT_3D('',#19239,#19240,#19241);
#19243=PLANE('',#19242);
#19244=ORIENTED_EDGE('',*,*,#16985,.F.);
#19246=ORIENTED_EDGE('',*,*,#19245,.T.);
#19247=ORIENTED_EDGE('',*,*,#19205,.T.);
#19248=ORIENTED_EDGE('',*,*,#19232,.F.);
#19249=EDGE_LOOP('',(#19244,#19246,#19247,#19248));
#19250=FACE_OUTER_BOUND('',#19249,.F.);
#19252=CARTESIAN_POINT('',(-1.001E0,-2.5E-2,3.219E0));
#19253=DIRECTION('',(0.E0,-1.E0,0.E0));
#19254=DIRECTION('',(1.E0,0.E0,0.E0));
#19255=AXIS2_PLACEMENT_3D('',#19252,#19253,#19254);
#19256=CYLINDRICAL_SURFACE('',#19255,1.19E-1);
#19257=ORIENTED_EDGE('',*,*,#16983,.F.);
#19258=ORIENTED_EDGE('',*,*,#19190,.T.);
#19259=ORIENTED_EDGE('',*,*,#19207,.T.);
#19260=ORIENTED_EDGE('',*,*,#19245,.F.);
#19261=EDGE_LOOP('',(#19257,#19258,#19259,#19260));
#19262=FACE_OUTER_BOUND('',#19261,.F.);
#19264=CARTESIAN_POINT('',(0.E0,9.75E-1,0.E0));
#19265=DIRECTION('',(0.E0,1.E0,0.E0));
#19266=DIRECTION('',(1.E0,0.E0,0.E0));
#19267=AXIS2_PLACEMENT_3D('',#19264,#19265,#19266);
#19268=PLANE('',#19267);
#19269=ORIENTED_EDGE('',*,*,#17378,.F.);
#19270=ORIENTED_EDGE('',*,*,#17527,.F.);
#19271=ORIENTED_EDGE('',*,*,#18045,.F.);
#19272=ORIENTED_EDGE('',*,*,#19142,.F.);
#19273=EDGE_LOOP('',(#19269,#19270,#19271,#19272));
#19274=FACE_OUTER_BOUND('',#19273,.F.);
#19276=FILL_AREA_STYLE_COLOUR('',#3);
#19277=FILL_AREA_STYLE('',(#19276));
#19278=SURFACE_STYLE_FILL_AREA(#19277);
#19279=SURFACE_SIDE_STYLE('',(#19278));
#19280=SURFACE_STYLE_USAGE(.NEGATIVE.,#19279);
#19281=PRESENTATION_STYLE_ASSIGNMENT((#19280));
#19282=STYLED_ITEM('',(#19281),#19275);
#19283=CARTESIAN_POINT('',(1.12E0,-2.5E-2,3.219E0));
#19284=DIRECTION('',(-1.E0,0.E0,0.E0));
#19285=DIRECTION('',(0.E0,0.E0,1.E0));
#19286=AXIS2_PLACEMENT_3D('',#19283,#19284,#19285);
#19287=PLANE('',#19286);
#19288=ORIENTED_EDGE('',*,*,#17037,.T.);
#19290=ORIENTED_EDGE('',*,*,#19289,.T.);
#19292=ORIENTED_EDGE('',*,*,#19291,.T.);
#19293=ORIENTED_EDGE('',*,*,#19146,.F.);
#19294=EDGE_LOOP('',(#19288,#19290,#19292,#19293));
#19295=FACE_OUTER_BOUND('',#19294,.F.);
#19297=CARTESIAN_POINT('',(1.001E0,-2.5E-2,3.219E0));
#19298=DIRECTION('',(0.E0,-1.E0,0.E0));
#19299=DIRECTION('',(1.E0,0.E0,0.E0));
#19300=AXIS2_PLACEMENT_3D('',#19297,#19298,#19299);
#19301=CYLINDRICAL_SURFACE('',#19300,1.19E-1);
#19302=ORIENTED_EDGE('',*,*,#17035,.F.);
#19304=ORIENTED_EDGE('',*,*,#19303,.T.);
#19306=ORIENTED_EDGE('',*,*,#19305,.T.);
#19307=ORIENTED_EDGE('',*,*,#19289,.F.);
#19308=EDGE_LOOP('',(#19302,#19304,#19306,#19307));
#19309=FACE_OUTER_BOUND('',#19308,.F.);
#19311=CARTESIAN_POINT('',(9.99E-1,-2.5E-2,3.1E0));
#19312=DIRECTION('',(0.E0,0.E0,1.E0));
#19313=DIRECTION('',(1.E0,0.E0,0.E0));
#19314=AXIS2_PLACEMENT_3D('',#19311,#19312,#19313);
#19315=PLANE('',#19314);
#19316=ORIENTED_EDGE('',*,*,#17033,.F.);
#19318=ORIENTED_EDGE('',*,*,#19317,.T.);
#19320=ORIENTED_EDGE('',*,*,#19319,.T.);
#19321=ORIENTED_EDGE('',*,*,#19303,.F.);
#19322=EDGE_LOOP('',(#19316,#19318,#19320,#19321));
#19323=FACE_OUTER_BOUND('',#19322,.F.);
#19325=CARTESIAN_POINT('',(9.99E-1,-2.5E-2,3.219E0));
#19326=DIRECTION('',(0.E0,-1.E0,0.E0));
#19327=DIRECTION('',(1.E0,0.E0,0.E0));
#19328=AXIS2_PLACEMENT_3D('',#19325,#19326,#19327);
#19329=CYLINDRICAL_SURFACE('',#19328,1.19E-1);
#19330=ORIENTED_EDGE('',*,*,#17031,.F.);
#19332=ORIENTED_EDGE('',*,*,#19331,.T.);
#19334=ORIENTED_EDGE('',*,*,#19333,.T.);
#19335=ORIENTED_EDGE('',*,*,#19317,.F.);
#19336=EDGE_LOOP('',(#19330,#19332,#19334,#19335));
#19337=FACE_OUTER_BOUND('',#19336,.F.);
#19339=CARTESIAN_POINT('',(8.8E-1,-2.5E-2,3.6E0));
#19340=DIRECTION('',(1.E0,0.E0,0.E0));
#19341=DIRECTION('',(0.E0,0.E0,-1.E0));
#19342=AXIS2_PLACEMENT_3D('',#19339,#19340,#19341);
#19343=PLANE('',#19342);
#19344=ORIENTED_EDGE('',*,*,#17029,.F.);
#19345=ORIENTED_EDGE('',*,*,#19150,.T.);
#19347=ORIENTED_EDGE('',*,*,#19346,.T.);
#19348=ORIENTED_EDGE('',*,*,#19331,.F.);
#19349=EDGE_LOOP('',(#19344,#19345,#19347,#19348));
#19350=FACE_OUTER_BOUND('',#19349,.F.);
#19352=CARTESIAN_POINT('',(0.E0,1.75E-1,0.E0));
#19353=DIRECTION('',(0.E0,-1.E0,0.E0));
#19354=DIRECTION('',(1.E0,0.E0,0.E0));
#19355=AXIS2_PLACEMENT_3D('',#19352,#19353,#19354);
#19356=PLANE('',#19355);
#19357=ORIENTED_EDGE('',*,*,#19148,.T.);
#19358=ORIENTED_EDGE('',*,*,#19291,.F.);
#19359=ORIENTED_EDGE('',*,*,#19305,.F.);
#19360=ORIENTED_EDGE('',*,*,#19319,.F.);
#19361=ORIENTED_EDGE('',*,*,#19333,.F.);
#19362=ORIENTED_EDGE('',*,*,#19346,.F.);
#19363=EDGE_LOOP('',(#19357,#19358,#19359,#19360,#19361,#19362));
#19364=FACE_OUTER_BOUND('',#19363,.F.);
#19366=CARTESIAN_POINT('',(6.2E-1,-2.5E-2,3.219E0));
#19367=DIRECTION('',(-1.E0,0.E0,0.E0));
#19368=DIRECTION('',(0.E0,0.E0,1.E0));
#19369=AXIS2_PLACEMENT_3D('',#19366,#19367,#19368);
#19370=PLANE('',#19369);
#19371=ORIENTED_EDGE('',*,*,#17025,.T.);
#19373=ORIENTED_EDGE('',*,*,#19372,.T.);
#19375=ORIENTED_EDGE('',*,*,#19374,.T.);
#19376=ORIENTED_EDGE('',*,*,#19153,.F.);
#19377=EDGE_LOOP('',(#19371,#19373,#19375,#19376));
#19378=FACE_OUTER_BOUND('',#19377,.F.);
#19380=CARTESIAN_POINT('',(5.01E-1,-2.5E-2,3.219E0));
#19381=DIRECTION('',(0.E0,-1.E0,0.E0));
#19382=DIRECTION('',(1.E0,0.E0,0.E0));
#19383=AXIS2_PLACEMENT_3D('',#19380,#19381,#19382);
#19384=CYLINDRICAL_SURFACE('',#19383,1.19E-1);
#19385=ORIENTED_EDGE('',*,*,#17023,.F.);
#19387=ORIENTED_EDGE('',*,*,#19386,.T.);
#19389=ORIENTED_EDGE('',*,*,#19388,.T.);
#19390=ORIENTED_EDGE('',*,*,#19372,.F.);
#19391=EDGE_LOOP('',(#19385,#19387,#19389,#19390));
#19392=FACE_OUTER_BOUND('',#19391,.F.);
#19394=CARTESIAN_POINT('',(4.99E-1,-2.5E-2,3.1E0));
#19395=DIRECTION('',(0.E0,0.E0,1.E0));
#19396=DIRECTION('',(1.E0,0.E0,0.E0));
#19397=AXIS2_PLACEMENT_3D('',#19394,#19395,#19396);
#19398=PLANE('',#19397);
#19399=ORIENTED_EDGE('',*,*,#17021,.F.);
#19401=ORIENTED_EDGE('',*,*,#19400,.T.);
#19403=ORIENTED_EDGE('',*,*,#19402,.T.);
#19404=ORIENTED_EDGE('',*,*,#19386,.F.);
#19405=EDGE_LOOP('',(#19399,#19401,#19403,#19404));
#19406=FACE_OUTER_BOUND('',#19405,.F.);
#19408=CARTESIAN_POINT('',(4.99E-1,-2.5E-2,3.219E0));
#19409=DIRECTION('',(0.E0,-1.E0,0.E0));
#19410=DIRECTION('',(1.E0,0.E0,0.E0));
#19411=AXIS2_PLACEMENT_3D('',#19408,#19409,#19410);
#19412=CYLINDRICAL_SURFACE('',#19411,1.19E-1);
#19413=ORIENTED_EDGE('',*,*,#17019,.F.);
#19415=ORIENTED_EDGE('',*,*,#19414,.T.);
#19417=ORIENTED_EDGE('',*,*,#19416,.T.);
#19418=ORIENTED_EDGE('',*,*,#19400,.F.);
#19419=EDGE_LOOP('',(#19413,#19415,#19417,#19418));
#19420=FACE_OUTER_BOUND('',#19419,.F.);
#19422=CARTESIAN_POINT('',(3.8E-1,-2.5E-2,3.6E0));
#19423=DIRECTION('',(1.E0,0.E0,0.E0));
#19424=DIRECTION('',(0.E0,0.E0,-1.E0));
#19425=AXIS2_PLACEMENT_3D('',#19422,#19423,#19424);
#19426=PLANE('',#19425);
#19427=ORIENTED_EDGE('',*,*,#17017,.F.);
#19428=ORIENTED_EDGE('',*,*,#19157,.T.);
#19430=ORIENTED_EDGE('',*,*,#19429,.T.);
#19431=ORIENTED_EDGE('',*,*,#19414,.F.);
#19432=EDGE_LOOP('',(#19427,#19428,#19430,#19431));
#19433=FACE_OUTER_BOUND('',#19432,.F.);
#19435=CARTESIAN_POINT('',(0.E0,1.75E-1,0.E0));
#19436=DIRECTION('',(0.E0,-1.E0,0.E0));
#19437=DIRECTION('',(1.E0,0.E0,0.E0));
#19438=AXIS2_PLACEMENT_3D('',#19435,#19436,#19437);
#19439=PLANE('',#19438);
#19440=ORIENTED_EDGE('',*,*,#19155,.T.);
#19441=ORIENTED_EDGE('',*,*,#19374,.F.);
#19442=ORIENTED_EDGE('',*,*,#19388,.F.);
#19443=ORIENTED_EDGE('',*,*,#19402,.F.);
#19444=ORIENTED_EDGE('',*,*,#19416,.F.);
#19445=ORIENTED_EDGE('',*,*,#19429,.F.);
#19446=EDGE_LOOP('',(#19440,#19441,#19442,#19443,#19444,#19445));
#19447=FACE_OUTER_BOUND('',#19446,.F.);
#19449=CARTESIAN_POINT('',(1.2E-1,-2.5E-2,3.219E0));
#19450=DIRECTION('',(-1.E0,0.E0,0.E0));
#19451=DIRECTION('',(0.E0,0.E0,1.E0));
#19452=AXIS2_PLACEMENT_3D('',#19449,#19450,#19451);
#19453=PLANE('',#19452);
#19454=ORIENTED_EDGE('',*,*,#17013,.T.);
#19456=ORIENTED_EDGE('',*,*,#19455,.T.);
#19458=ORIENTED_EDGE('',*,*,#19457,.T.);
#19459=ORIENTED_EDGE('',*,*,#19160,.F.);
#19460=EDGE_LOOP('',(#19454,#19456,#19458,#19459));
#19461=FACE_OUTER_BOUND('',#19460,.F.);
#19463=CARTESIAN_POINT('',(1.E-3,-2.5E-2,3.219E0));
#19464=DIRECTION('',(0.E0,-1.E0,0.E0));
#19465=DIRECTION('',(1.E0,0.E0,0.E0));
#19466=AXIS2_PLACEMENT_3D('',#19463,#19464,#19465);
#19467=CYLINDRICAL_SURFACE('',#19466,1.19E-1);
#19468=ORIENTED_EDGE('',*,*,#17011,.F.);
#19470=ORIENTED_EDGE('',*,*,#19469,.T.);
#19472=ORIENTED_EDGE('',*,*,#19471,.T.);
#19473=ORIENTED_EDGE('',*,*,#19455,.F.);
#19474=EDGE_LOOP('',(#19468,#19470,#19472,#19473));
#19475=FACE_OUTER_BOUND('',#19474,.F.);
#19477=CARTESIAN_POINT('',(-1.E-3,-2.5E-2,3.1E0));
#19478=DIRECTION('',(0.E0,0.E0,1.E0));
#19479=DIRECTION('',(1.E0,0.E0,0.E0));
#19480=AXIS2_PLACEMENT_3D('',#19477,#19478,#19479);
#19481=PLANE('',#19480);
#19482=ORIENTED_EDGE('',*,*,#17009,.F.);
#19484=ORIENTED_EDGE('',*,*,#19483,.T.);
#19486=ORIENTED_EDGE('',*,*,#19485,.T.);
#19487=ORIENTED_EDGE('',*,*,#19469,.F.);
#19488=EDGE_LOOP('',(#19482,#19484,#19486,#19487));
#19489=FACE_OUTER_BOUND('',#19488,.F.);
#19491=CARTESIAN_POINT('',(-1.E-3,-2.5E-2,3.219E0));
#19492=DIRECTION('',(0.E0,-1.E0,0.E0));
#19493=DIRECTION('',(1.E0,0.E0,0.E0));
#19494=AXIS2_PLACEMENT_3D('',#19491,#19492,#19493);
#19495=CYLINDRICAL_SURFACE('',#19494,1.19E-1);
#19496=ORIENTED_EDGE('',*,*,#17007,.F.);
#19498=ORIENTED_EDGE('',*,*,#19497,.T.);
#19500=ORIENTED_EDGE('',*,*,#19499,.T.);
#19501=ORIENTED_EDGE('',*,*,#19483,.F.);
#19502=EDGE_LOOP('',(#19496,#19498,#19500,#19501));
#19503=FACE_OUTER_BOUND('',#19502,.F.);
#19505=CARTESIAN_POINT('',(-1.2E-1,-2.5E-2,3.6E0));
#19506=DIRECTION('',(1.E0,0.E0,0.E0));
#19507=DIRECTION('',(0.E0,0.E0,-1.E0));
#19508=AXIS2_PLACEMENT_3D('',#19505,#19506,#19507);
#19509=PLANE('',#19508);
#19510=ORIENTED_EDGE('',*,*,#17005,.F.);
#19511=ORIENTED_EDGE('',*,*,#19164,.T.);
#19513=ORIENTED_EDGE('',*,*,#19512,.T.);
#19514=ORIENTED_EDGE('',*,*,#19497,.F.);
#19515=EDGE_LOOP('',(#19510,#19511,#19513,#19514));
#19516=FACE_OUTER_BOUND('',#19515,.F.);
#19518=CARTESIAN_POINT('',(0.E0,1.75E-1,0.E0));
#19519=DIRECTION('',(0.E0,-1.E0,0.E0));
#19520=DIRECTION('',(1.E0,0.E0,0.E0));
#19521=AXIS2_PLACEMENT_3D('',#19518,#19519,#19520);
#19522=PLANE('',#19521);
#19523=ORIENTED_EDGE('',*,*,#19162,.T.);
#19524=ORIENTED_EDGE('',*,*,#19457,.F.);
#19525=ORIENTED_EDGE('',*,*,#19471,.F.);
#19526=ORIENTED_EDGE('',*,*,#19485,.F.);
#19527=ORIENTED_EDGE('',*,*,#19499,.F.);
#19528=ORIENTED_EDGE('',*,*,#19512,.F.);
#19529=EDGE_LOOP('',(#19523,#19524,#19525,#19526,#19527,#19528));
#19530=FACE_OUTER_BOUND('',#19529,.F.);
#19532=CARTESIAN_POINT('',(-3.8E-1,-2.5E-2,3.219E0));
#19533=DIRECTION('',(-1.E0,0.E0,0.E0));
#19534=DIRECTION('',(0.E0,0.E0,1.E0));
#19535=AXIS2_PLACEMENT_3D('',#19532,#19533,#19534);
#19536=PLANE('',#19535);
#19537=ORIENTED_EDGE('',*,*,#17001,.T.);
#19539=ORIENTED_EDGE('',*,*,#19538,.T.);
#19541=ORIENTED_EDGE('',*,*,#19540,.T.);
#19542=ORIENTED_EDGE('',*,*,#19167,.F.);
#19543=EDGE_LOOP('',(#19537,#19539,#19541,#19542));
#19544=FACE_OUTER_BOUND('',#19543,.F.);
#19546=CARTESIAN_POINT('',(-4.99E-1,-2.5E-2,3.219E0));
#19547=DIRECTION('',(0.E0,-1.E0,0.E0));
#19548=DIRECTION('',(1.E0,0.E0,0.E0));
#19549=AXIS2_PLACEMENT_3D('',#19546,#19547,#19548);
#19550=CYLINDRICAL_SURFACE('',#19549,1.19E-1);
#19551=ORIENTED_EDGE('',*,*,#16999,.F.);
#19553=ORIENTED_EDGE('',*,*,#19552,.T.);
#19555=ORIENTED_EDGE('',*,*,#19554,.T.);
#19556=ORIENTED_EDGE('',*,*,#19538,.F.);
#19557=EDGE_LOOP('',(#19551,#19553,#19555,#19556));
#19558=FACE_OUTER_BOUND('',#19557,.F.);
#19560=CARTESIAN_POINT('',(-5.01E-1,-2.5E-2,3.1E0));
#19561=DIRECTION('',(0.E0,0.E0,1.E0));
#19562=DIRECTION('',(1.E0,0.E0,0.E0));
#19563=AXIS2_PLACEMENT_3D('',#19560,#19561,#19562);
#19564=PLANE('',#19563);
#19565=ORIENTED_EDGE('',*,*,#16997,.F.);
#19567=ORIENTED_EDGE('',*,*,#19566,.T.);
#19569=ORIENTED_EDGE('',*,*,#19568,.T.);
#19570=ORIENTED_EDGE('',*,*,#19552,.F.);
#19571=EDGE_LOOP('',(#19565,#19567,#19569,#19570));
#19572=FACE_OUTER_BOUND('',#19571,.F.);
#19574=CARTESIAN_POINT('',(-5.01E-1,-2.5E-2,3.219E0));
#19575=DIRECTION('',(0.E0,-1.E0,0.E0));
#19576=DIRECTION('',(1.E0,0.E0,0.E0));
#19577=AXIS2_PLACEMENT_3D('',#19574,#19575,#19576);
#19578=CYLINDRICAL_SURFACE('',#19577,1.19E-1);
#19579=ORIENTED_EDGE('',*,*,#16995,.F.);
#19581=ORIENTED_EDGE('',*,*,#19580,.T.);
#19583=ORIENTED_EDGE('',*,*,#19582,.T.);
#19584=ORIENTED_EDGE('',*,*,#19566,.F.);
#19585=EDGE_LOOP('',(#19579,#19581,#19583,#19584));
#19586=FACE_OUTER_BOUND('',#19585,.F.);
#19588=CARTESIAN_POINT('',(-6.2E-1,-2.5E-2,3.6E0));
#19589=DIRECTION('',(1.E0,0.E0,0.E0));
#19590=DIRECTION('',(0.E0,0.E0,-1.E0));
#19591=AXIS2_PLACEMENT_3D('',#19588,#19589,#19590);
#19592=PLANE('',#19591);
#19593=ORIENTED_EDGE('',*,*,#16993,.F.);
#19594=ORIENTED_EDGE('',*,*,#19171,.T.);
#19596=ORIENTED_EDGE('',*,*,#19595,.T.);
#19597=ORIENTED_EDGE('',*,*,#19580,.F.);
#19598=EDGE_LOOP('',(#19593,#19594,#19596,#19597));
#19599=FACE_OUTER_BOUND('',#19598,.F.);
#19601=CARTESIAN_POINT('',(0.E0,1.75E-1,0.E0));
#19602=DIRECTION('',(0.E0,-1.E0,0.E0));
#19603=DIRECTION('',(1.E0,0.E0,0.E0));
#19604=AXIS2_PLACEMENT_3D('',#19601,#19602,#19603);
#19605=PLANE('',#19604);
#19606=ORIENTED_EDGE('',*,*,#19169,.T.);
#19607=ORIENTED_EDGE('',*,*,#19540,.F.);
#19608=ORIENTED_EDGE('',*,*,#19554,.F.);
#19609=ORIENTED_EDGE('',*,*,#19568,.F.);
#19610=ORIENTED_EDGE('',*,*,#19582,.F.);
#19611=ORIENTED_EDGE('',*,*,#19595,.F.);
#19612=EDGE_LOOP('',(#19606,#19607,#19608,#19609,#19610,#19611));
#19613=FACE_OUTER_BOUND('',#19612,.F.);
#19615=CARTESIAN_POINT('',(-1.85E0,-2.5E-2,3.12E0));
#19616=DIRECTION('',(0.E0,0.E0,1.E0));
#19617=DIRECTION('',(1.E0,0.E0,0.E0));
#19618=AXIS2_PLACEMENT_3D('',#19615,#19616,#19617);
#19619=PLANE('',#19618);
#19620=ORIENTED_EDGE('',*,*,#16975,.T.);
#19622=ORIENTED_EDGE('',*,*,#19621,.T.);
#19624=ORIENTED_EDGE('',*,*,#19623,.F.);
#19625=ORIENTED_EDGE('',*,*,#17383,.F.);
#19626=EDGE_LOOP('',(#19620,#19622,#19624,#19625));
#19627=FACE_OUTER_BOUND('',#19626,.F.);
#19629=CARTESIAN_POINT('',(-1.469E0,-2.5E-2,3.001E0));
#19630=DIRECTION('',(0.E0,1.E0,0.E0));
#19631=DIRECTION('',(1.E0,0.E0,0.E0));
#19632=AXIS2_PLACEMENT_3D('',#19629,#19630,#19631);
#19633=CYLINDRICAL_SURFACE('',#19632,1.19E-1);
#19634=ORIENTED_EDGE('',*,*,#16973,.T.);
#19636=ORIENTED_EDGE('',*,*,#19635,.T.);
#19638=ORIENTED_EDGE('',*,*,#19637,.F.);
#19639=ORIENTED_EDGE('',*,*,#19621,.F.);
#19640=EDGE_LOOP('',(#19634,#19636,#19638,#19639));
#19641=FACE_OUTER_BOUND('',#19640,.F.);
#19643=CARTESIAN_POINT('',(-1.35E0,-2.5E-2,3.001E0));
#19644=DIRECTION('',(1.E0,0.E0,0.E0));
#19645=DIRECTION('',(0.E0,0.E0,-1.E0));
#19646=AXIS2_PLACEMENT_3D('',#19643,#19644,#19645);
#19647=PLANE('',#19646);
#19648=ORIENTED_EDGE('',*,*,#16971,.T.);
#19650=ORIENTED_EDGE('',*,*,#19649,.T.);
#19652=ORIENTED_EDGE('',*,*,#19651,.F.);
#19653=ORIENTED_EDGE('',*,*,#19635,.F.);
#19654=EDGE_LOOP('',(#19648,#19650,#19652,#19653));
#19655=FACE_OUTER_BOUND('',#19654,.F.);
#19657=CARTESIAN_POINT('',(-1.469E0,-2.5E-2,2.999E0));
#19658=DIRECTION('',(0.E0,1.E0,0.E0));
#19659=DIRECTION('',(1.E0,0.E0,0.E0));
#19660=AXIS2_PLACEMENT_3D('',#19657,#19658,#19659);
#19661=CYLINDRICAL_SURFACE('',#19660,1.19E-1);
#19662=ORIENTED_EDGE('',*,*,#16969,.T.);
#19664=ORIENTED_EDGE('',*,*,#19663,.T.);
#19666=ORIENTED_EDGE('',*,*,#19665,.F.);
#19667=ORIENTED_EDGE('',*,*,#19649,.F.);
#19668=EDGE_LOOP('',(#19662,#19664,#19666,#19667));
#19669=FACE_OUTER_BOUND('',#19668,.F.);
#19671=CARTESIAN_POINT('',(-1.469E0,-2.5E-2,2.88E0));
#19672=DIRECTION('',(0.E0,0.E0,-1.E0));
#19673=DIRECTION('',(-1.E0,0.E0,0.E0));
#19674=AXIS2_PLACEMENT_3D('',#19671,#19672,#19673);
#19675=PLANE('',#19674);
#19676=ORIENTED_EDGE('',*,*,#16967,.F.);
#19677=ORIENTED_EDGE('',*,*,#17387,.T.);
#19679=ORIENTED_EDGE('',*,*,#19678,.F.);
#19680=ORIENTED_EDGE('',*,*,#19663,.F.);
#19681=EDGE_LOOP('',(#19676,#19677,#19679,#19680));
#19682=FACE_OUTER_BOUND('',#19681,.F.);
#19684=CARTESIAN_POINT('',(0.E0,1.75E-1,0.E0));
#19685=DIRECTION('',(0.E0,1.E0,0.E0));
#19686=DIRECTION('',(1.E0,0.E0,0.E0));
#19687=AXIS2_PLACEMENT_3D('',#19684,#19685,#19686);
#19688=PLANE('',#19687);
#19689=ORIENTED_EDGE('',*,*,#17385,.F.);
#19690=ORIENTED_EDGE('',*,*,#19623,.T.);
#19691=ORIENTED_EDGE('',*,*,#19637,.T.);
#19692=ORIENTED_EDGE('',*,*,#19651,.T.);
#19693=ORIENTED_EDGE('',*,*,#19665,.T.);
#19694=ORIENTED_EDGE('',*,*,#19678,.T.);
#19695=EDGE_LOOP('',(#19689,#19690,#19691,#19692,#19693,#19694));
#19696=FACE_OUTER_BOUND('',#19695,.F.);
#19698=CARTESIAN_POINT('',(-1.85E0,-2.5E-2,2.62E0));
#19699=DIRECTION('',(0.E0,0.E0,1.E0));
#19700=DIRECTION('',(1.E0,0.E0,0.E0));
#19701=AXIS2_PLACEMENT_3D('',#19698,#19699,#19700);
#19702=PLANE('',#19701);
#19703=ORIENTED_EDGE('',*,*,#16963,.T.);
#19705=ORIENTED_EDGE('',*,*,#19704,.T.);
#19707=ORIENTED_EDGE('',*,*,#19706,.F.);
#19708=ORIENTED_EDGE('',*,*,#17390,.F.);
#19709=EDGE_LOOP('',(#19703,#19705,#19707,#19708));
#19710=FACE_OUTER_BOUND('',#19709,.F.);
#19712=CARTESIAN_POINT('',(-1.469E0,-2.5E-2,2.501E0));
#19713=DIRECTION('',(0.E0,1.E0,0.E0));
#19714=DIRECTION('',(1.E0,0.E0,0.E0));
#19715=AXIS2_PLACEMENT_3D('',#19712,#19713,#19714);
#19716=CYLINDRICAL_SURFACE('',#19715,1.19E-1);
#19717=ORIENTED_EDGE('',*,*,#16961,.T.);
#19719=ORIENTED_EDGE('',*,*,#19718,.T.);
#19721=ORIENTED_EDGE('',*,*,#19720,.F.);
#19722=ORIENTED_EDGE('',*,*,#19704,.F.);
#19723=EDGE_LOOP('',(#19717,#19719,#19721,#19722));
#19724=FACE_OUTER_BOUND('',#19723,.F.);
#19726=CARTESIAN_POINT('',(-1.35E0,-2.5E-2,2.501E0));
#19727=DIRECTION('',(1.E0,0.E0,0.E0));
#19728=DIRECTION('',(0.E0,0.E0,-1.E0));
#19729=AXIS2_PLACEMENT_3D('',#19726,#19727,#19728);
#19730=PLANE('',#19729);
#19731=ORIENTED_EDGE('',*,*,#16959,.T.);
#19733=ORIENTED_EDGE('',*,*,#19732,.T.);
#19735=ORIENTED_EDGE('',*,*,#19734,.F.);
#19736=ORIENTED_EDGE('',*,*,#19718,.F.);
#19737=EDGE_LOOP('',(#19731,#19733,#19735,#19736));
#19738=FACE_OUTER_BOUND('',#19737,.F.);
#19740=CARTESIAN_POINT('',(-1.469E0,-2.5E-2,2.499E0));
#19741=DIRECTION('',(0.E0,1.E0,0.E0));
#19742=DIRECTION('',(1.E0,0.E0,0.E0));
#19743=AXIS2_PLACEMENT_3D('',#19740,#19741,#19742);
#19744=CYLINDRICAL_SURFACE('',#19743,1.19E-1);
#19745=ORIENTED_EDGE('',*,*,#16957,.T.);
#19747=ORIENTED_EDGE('',*,*,#19746,.T.);
#19749=ORIENTED_EDGE('',*,*,#19748,.F.);
#19750=ORIENTED_EDGE('',*,*,#19732,.F.);
#19751=EDGE_LOOP('',(#19745,#19747,#19749,#19750));
#19752=FACE_OUTER_BOUND('',#19751,.F.);
#19754=CARTESIAN_POINT('',(-1.469E0,-2.5E-2,2.38E0));
#19755=DIRECTION('',(0.E0,0.E0,-1.E0));
#19756=DIRECTION('',(-1.E0,0.E0,0.E0));
#19757=AXIS2_PLACEMENT_3D('',#19754,#19755,#19756);
#19758=PLANE('',#19757);
#19759=ORIENTED_EDGE('',*,*,#16955,.F.);
#19760=ORIENTED_EDGE('',*,*,#17394,.T.);
#19762=ORIENTED_EDGE('',*,*,#19761,.F.);
#19763=ORIENTED_EDGE('',*,*,#19746,.F.);
#19764=EDGE_LOOP('',(#19759,#19760,#19762,#19763));
#19765=FACE_OUTER_BOUND('',#19764,.F.);
#19767=CARTESIAN_POINT('',(0.E0,1.75E-1,0.E0));
#19768=DIRECTION('',(0.E0,1.E0,0.E0));
#19769=DIRECTION('',(1.E0,0.E0,0.E0));
#19770=AXIS2_PLACEMENT_3D('',#19767,#19768,#19769);
#19771=PLANE('',#19770);
#19772=ORIENTED_EDGE('',*,*,#17392,.F.);
#19773=ORIENTED_EDGE('',*,*,#19706,.T.);
#19774=ORIENTED_EDGE('',*,*,#19720,.T.);
#19775=ORIENTED_EDGE('',*,*,#19734,.T.);
#19776=ORIENTED_EDGE('',*,*,#19748,.T.);
#19777=ORIENTED_EDGE('',*,*,#19761,.T.);
#19778=EDGE_LOOP('',(#19772,#19773,#19774,#19775,#19776,#19777));
#19779=FACE_OUTER_BOUND('',#19778,.F.);
#19781=CARTESIAN_POINT('',(-1.85E0,-2.5E-2,2.12E0));
#19782=DIRECTION('',(0.E0,0.E0,1.E0));
#19783=DIRECTION('',(1.E0,0.E0,0.E0));
#19784=AXIS2_PLACEMENT_3D('',#19781,#19782,#19783);
#19785=PLANE('',#19784);
#19786=ORIENTED_EDGE('',*,*,#16951,.T.);
#19788=ORIENTED_EDGE('',*,*,#19787,.T.);
#19790=ORIENTED_EDGE('',*,*,#19789,.F.);
#19791=ORIENTED_EDGE('',*,*,#17397,.F.);
#19792=EDGE_LOOP('',(#19786,#19788,#19790,#19791));
#19793=FACE_OUTER_BOUND('',#19792,.F.);
#19795=CARTESIAN_POINT('',(-1.469E0,-2.5E-2,2.001E0));
#19796=DIRECTION('',(0.E0,1.E0,0.E0));
#19797=DIRECTION('',(1.E0,0.E0,0.E0));
#19798=AXIS2_PLACEMENT_3D('',#19795,#19796,#19797);
#19799=CYLINDRICAL_SURFACE('',#19798,1.19E-1);
#19800=ORIENTED_EDGE('',*,*,#16949,.T.);
#19802=ORIENTED_EDGE('',*,*,#19801,.T.);
#19804=ORIENTED_EDGE('',*,*,#19803,.F.);
#19805=ORIENTED_EDGE('',*,*,#19787,.F.);
#19806=EDGE_LOOP('',(#19800,#19802,#19804,#19805));
#19807=FACE_OUTER_BOUND('',#19806,.F.);
#19809=CARTESIAN_POINT('',(-1.35E0,-2.5E-2,2.001E0));
#19810=DIRECTION('',(1.E0,0.E0,0.E0));
#19811=DIRECTION('',(0.E0,0.E0,-1.E0));
#19812=AXIS2_PLACEMENT_3D('',#19809,#19810,#19811);
#19813=PLANE('',#19812);
#19814=ORIENTED_EDGE('',*,*,#16947,.T.);
#19816=ORIENTED_EDGE('',*,*,#19815,.T.);
#19818=ORIENTED_EDGE('',*,*,#19817,.F.);
#19819=ORIENTED_EDGE('',*,*,#19801,.F.);
#19820=EDGE_LOOP('',(#19814,#19816,#19818,#19819));
#19821=FACE_OUTER_BOUND('',#19820,.F.);
#19823=CARTESIAN_POINT('',(-1.469E0,-2.5E-2,1.999E0));
#19824=DIRECTION('',(0.E0,1.E0,0.E0));
#19825=DIRECTION('',(1.E0,0.E0,0.E0));
#19826=AXIS2_PLACEMENT_3D('',#19823,#19824,#19825);
#19827=CYLINDRICAL_SURFACE('',#19826,1.19E-1);
#19828=ORIENTED_EDGE('',*,*,#16945,.T.);
#19830=ORIENTED_EDGE('',*,*,#19829,.T.);
#19832=ORIENTED_EDGE('',*,*,#19831,.F.);
#19833=ORIENTED_EDGE('',*,*,#19815,.F.);
#19834=EDGE_LOOP('',(#19828,#19830,#19832,#19833));
#19835=FACE_OUTER_BOUND('',#19834,.F.);
#19837=CARTESIAN_POINT('',(-1.469E0,-2.5E-2,1.88E0));
#19838=DIRECTION('',(0.E0,0.E0,-1.E0));
#19839=DIRECTION('',(-1.E0,0.E0,0.E0));
#19840=AXIS2_PLACEMENT_3D('',#19837,#19838,#19839);
#19841=PLANE('',#19840);
#19842=ORIENTED_EDGE('',*,*,#16943,.F.);
#19843=ORIENTED_EDGE('',*,*,#17401,.T.);
#19845=ORIENTED_EDGE('',*,*,#19844,.F.);
#19846=ORIENTED_EDGE('',*,*,#19829,.F.);
#19847=EDGE_LOOP('',(#19842,#19843,#19845,#19846));
#19848=FACE_OUTER_BOUND('',#19847,.F.);
#19850=CARTESIAN_POINT('',(0.E0,1.75E-1,0.E0));
#19851=DIRECTION('',(0.E0,1.E0,0.E0));
#19852=DIRECTION('',(1.E0,0.E0,0.E0));
#19853=AXIS2_PLACEMENT_3D('',#19850,#19851,#19852);
#19854=PLANE('',#19853);
#19855=ORIENTED_EDGE('',*,*,#17399,.F.);
#19856=ORIENTED_EDGE('',*,*,#19789,.T.);
#19857=ORIENTED_EDGE('',*,*,#19803,.T.);
#19858=ORIENTED_EDGE('',*,*,#19817,.T.);
#19859=ORIENTED_EDGE('',*,*,#19831,.T.);
#19860=ORIENTED_EDGE('',*,*,#19844,.T.);
#19861=EDGE_LOOP('',(#19855,#19856,#19857,#19858,#19859,#19860));
#19862=FACE_OUTER_BOUND('',#19861,.F.);
#19864=CARTESIAN_POINT('',(-1.85E0,-2.5E-2,1.62E0));
#19865=DIRECTION('',(0.E0,0.E0,1.E0));
#19866=DIRECTION('',(1.E0,0.E0,0.E0));
#19867=AXIS2_PLACEMENT_3D('',#19864,#19865,#19866);
#19868=PLANE('',#19867);
#19869=ORIENTED_EDGE('',*,*,#16939,.T.);
#19871=ORIENTED_EDGE('',*,*,#19870,.T.);
#19873=ORIENTED_EDGE('',*,*,#19872,.F.);
#19874=ORIENTED_EDGE('',*,*,#17404,.F.);
#19875=EDGE_LOOP('',(#19869,#19871,#19873,#19874));
#19876=FACE_OUTER_BOUND('',#19875,.F.);
#19878=CARTESIAN_POINT('',(-1.469E0,-2.5E-2,1.501E0));
#19879=DIRECTION('',(0.E0,1.E0,0.E0));
#19880=DIRECTION('',(1.E0,0.E0,0.E0));
#19881=AXIS2_PLACEMENT_3D('',#19878,#19879,#19880);
#19882=CYLINDRICAL_SURFACE('',#19881,1.19E-1);
#19883=ORIENTED_EDGE('',*,*,#16937,.T.);
#19885=ORIENTED_EDGE('',*,*,#19884,.T.);
#19887=ORIENTED_EDGE('',*,*,#19886,.F.);
#19888=ORIENTED_EDGE('',*,*,#19870,.F.);
#19889=EDGE_LOOP('',(#19883,#19885,#19887,#19888));
#19890=FACE_OUTER_BOUND('',#19889,.F.);
#19892=CARTESIAN_POINT('',(-1.35E0,-2.5E-2,1.501E0));
#19893=DIRECTION('',(1.E0,0.E0,0.E0));
#19894=DIRECTION('',(0.E0,0.E0,-1.E0));
#19895=AXIS2_PLACEMENT_3D('',#19892,#19893,#19894);
#19896=PLANE('',#19895);
#19897=ORIENTED_EDGE('',*,*,#16935,.T.);
#19899=ORIENTED_EDGE('',*,*,#19898,.T.);
#19901=ORIENTED_EDGE('',*,*,#19900,.F.);
#19902=ORIENTED_EDGE('',*,*,#19884,.F.);
#19903=EDGE_LOOP('',(#19897,#19899,#19901,#19902));
#19904=FACE_OUTER_BOUND('',#19903,.F.);
#19906=CARTESIAN_POINT('',(-1.469E0,-2.5E-2,1.499E0));
#19907=DIRECTION('',(0.E0,1.E0,0.E0));
#19908=DIRECTION('',(1.E0,0.E0,0.E0));
#19909=AXIS2_PLACEMENT_3D('',#19906,#19907,#19908);
#19910=CYLINDRICAL_SURFACE('',#19909,1.19E-1);
#19911=ORIENTED_EDGE('',*,*,#16933,.T.);
#19913=ORIENTED_EDGE('',*,*,#19912,.T.);
#19915=ORIENTED_EDGE('',*,*,#19914,.F.);
#19916=ORIENTED_EDGE('',*,*,#19898,.F.);
#19917=EDGE_LOOP('',(#19911,#19913,#19915,#19916));
#19918=FACE_OUTER_BOUND('',#19917,.F.);
#19920=CARTESIAN_POINT('',(-1.469E0,-2.5E-2,1.38E0));
#19921=DIRECTION('',(0.E0,0.E0,-1.E0));
#19922=DIRECTION('',(-1.E0,0.E0,0.E0));
#19923=AXIS2_PLACEMENT_3D('',#19920,#19921,#19922);
#19924=PLANE('',#19923);
#19925=ORIENTED_EDGE('',*,*,#16931,.F.);
#19926=ORIENTED_EDGE('',*,*,#17408,.T.);
#19928=ORIENTED_EDGE('',*,*,#19927,.F.);
#19929=ORIENTED_EDGE('',*,*,#19912,.F.);
#19930=EDGE_LOOP('',(#19925,#19926,#19928,#19929));
#19931=FACE_OUTER_BOUND('',#19930,.F.);
#19933=CARTESIAN_POINT('',(0.E0,1.75E-1,0.E0));
#19934=DIRECTION('',(0.E0,1.E0,0.E0));
#19935=DIRECTION('',(1.E0,0.E0,0.E0));
#19936=AXIS2_PLACEMENT_3D('',#19933,#19934,#19935);
#19937=PLANE('',#19936);
#19938=ORIENTED_EDGE('',*,*,#17406,.F.);
#19939=ORIENTED_EDGE('',*,*,#19872,.T.);
#19940=ORIENTED_EDGE('',*,*,#19886,.T.);
#19941=ORIENTED_EDGE('',*,*,#19900,.T.);
#19942=ORIENTED_EDGE('',*,*,#19914,.T.);
#19943=ORIENTED_EDGE('',*,*,#19927,.T.);
#19944=EDGE_LOOP('',(#19938,#19939,#19940,#19941,#19942,#19943));
#19945=FACE_OUTER_BOUND('',#19944,.F.);
#19947=CARTESIAN_POINT('',(-1.85E0,-2.5E-2,1.12E0));
#19948=DIRECTION('',(0.E0,0.E0,1.E0));
#19949=DIRECTION('',(1.E0,0.E0,0.E0));
#19950=AXIS2_PLACEMENT_3D('',#19947,#19948,#19949);
#19951=PLANE('',#19950);
#19952=ORIENTED_EDGE('',*,*,#16927,.T.);
#19954=ORIENTED_EDGE('',*,*,#19953,.T.);
#19956=ORIENTED_EDGE('',*,*,#19955,.F.);
#19957=ORIENTED_EDGE('',*,*,#17411,.F.);
#19958=EDGE_LOOP('',(#19952,#19954,#19956,#19957));
#19959=FACE_OUTER_BOUND('',#19958,.F.);
#19961=CARTESIAN_POINT('',(-1.469E0,-2.5E-2,1.001E0));
#19962=DIRECTION('',(0.E0,1.E0,0.E0));
#19963=DIRECTION('',(1.E0,0.E0,0.E0));
#19964=AXIS2_PLACEMENT_3D('',#19961,#19962,#19963);
#19965=CYLINDRICAL_SURFACE('',#19964,1.19E-1);
#19966=ORIENTED_EDGE('',*,*,#16925,.T.);
#19968=ORIENTED_EDGE('',*,*,#19967,.T.);
#19970=ORIENTED_EDGE('',*,*,#19969,.F.);
#19971=ORIENTED_EDGE('',*,*,#19953,.F.);
#19972=EDGE_LOOP('',(#19966,#19968,#19970,#19971));
#19973=FACE_OUTER_BOUND('',#19972,.F.);
#19975=CARTESIAN_POINT('',(-1.35E0,-2.5E-2,1.001E0));
#19976=DIRECTION('',(1.E0,0.E0,0.E0));
#19977=DIRECTION('',(0.E0,0.E0,-1.E0));
#19978=AXIS2_PLACEMENT_3D('',#19975,#19976,#19977);
#19979=PLANE('',#19978);
#19980=ORIENTED_EDGE('',*,*,#16923,.T.);
#19982=ORIENTED_EDGE('',*,*,#19981,.T.);
#19984=ORIENTED_EDGE('',*,*,#19983,.F.);
#19985=ORIENTED_EDGE('',*,*,#19967,.F.);
#19986=EDGE_LOOP('',(#19980,#19982,#19984,#19985));
#19987=FACE_OUTER_BOUND('',#19986,.F.);
#19989=CARTESIAN_POINT('',(-1.469E0,-2.5E-2,9.99E-1));
#19990=DIRECTION('',(0.E0,1.E0,0.E0));
#19991=DIRECTION('',(1.E0,0.E0,0.E0));
#19992=AXIS2_PLACEMENT_3D('',#19989,#19990,#19991);
#19993=CYLINDRICAL_SURFACE('',#19992,1.19E-1);
#19994=ORIENTED_EDGE('',*,*,#16921,.T.);
#19996=ORIENTED_EDGE('',*,*,#19995,.T.);
#19998=ORIENTED_EDGE('',*,*,#19997,.F.);
#19999=ORIENTED_EDGE('',*,*,#19981,.F.);
#20000=EDGE_LOOP('',(#19994,#19996,#19998,#19999));
#20001=FACE_OUTER_BOUND('',#20000,.F.);
#20003=CARTESIAN_POINT('',(-1.469E0,-2.5E-2,8.8E-1));
#20004=DIRECTION('',(0.E0,0.E0,-1.E0));
#20005=DIRECTION('',(-1.E0,0.E0,0.E0));
#20006=AXIS2_PLACEMENT_3D('',#20003,#20004,#20005);
#20007=PLANE('',#20006);
#20008=ORIENTED_EDGE('',*,*,#16919,.F.);
#20009=ORIENTED_EDGE('',*,*,#17415,.T.);
#20011=ORIENTED_EDGE('',*,*,#20010,.F.);
#20012=ORIENTED_EDGE('',*,*,#19995,.F.);
#20013=EDGE_LOOP('',(#20008,#20009,#20011,#20012));
#20014=FACE_OUTER_BOUND('',#20013,.F.);
#20016=CARTESIAN_POINT('',(0.E0,1.75E-1,0.E0));
#20017=DIRECTION('',(0.E0,1.E0,0.E0));
#20018=DIRECTION('',(1.E0,0.E0,0.E0));
#20019=AXIS2_PLACEMENT_3D('',#20016,#20017,#20018);
#20020=PLANE('',#20019);
#20021=ORIENTED_EDGE('',*,*,#17413,.F.);
#20022=ORIENTED_EDGE('',*,*,#19955,.T.);
#20023=ORIENTED_EDGE('',*,*,#19969,.T.);
#20024=ORIENTED_EDGE('',*,*,#19983,.T.);
#20025=ORIENTED_EDGE('',*,*,#19997,.T.);
#20026=ORIENTED_EDGE('',*,*,#20010,.T.);
#20027=EDGE_LOOP('',(#20021,#20022,#20023,#20024,#20025,#20026));
#20028=FACE_OUTER_BOUND('',#20027,.F.);
#20030=CARTESIAN_POINT('',(-1.85E0,-2.5E-2,6.2E-1));
#20031=DIRECTION('',(0.E0,0.E0,1.E0));
#20032=DIRECTION('',(1.E0,0.E0,0.E0));
#20033=AXIS2_PLACEMENT_3D('',#20030,#20031,#20032);
#20034=PLANE('',#20033);
#20035=ORIENTED_EDGE('',*,*,#16915,.T.);
#20037=ORIENTED_EDGE('',*,*,#20036,.T.);
#20039=ORIENTED_EDGE('',*,*,#20038,.F.);
#20040=ORIENTED_EDGE('',*,*,#17418,.F.);
#20041=EDGE_LOOP('',(#20035,#20037,#20039,#20040));
#20042=FACE_OUTER_BOUND('',#20041,.F.);
#20044=CARTESIAN_POINT('',(-1.469E0,-2.5E-2,5.01E-1));
#20045=DIRECTION('',(0.E0,1.E0,0.E0));
#20046=DIRECTION('',(1.E0,0.E0,0.E0));
#20047=AXIS2_PLACEMENT_3D('',#20044,#20045,#20046);
#20048=CYLINDRICAL_SURFACE('',#20047,1.19E-1);
#20049=ORIENTED_EDGE('',*,*,#16913,.T.);
#20051=ORIENTED_EDGE('',*,*,#20050,.T.);
#20053=ORIENTED_EDGE('',*,*,#20052,.F.);
#20054=ORIENTED_EDGE('',*,*,#20036,.F.);
#20055=EDGE_LOOP('',(#20049,#20051,#20053,#20054));
#20056=FACE_OUTER_BOUND('',#20055,.F.);
#20058=CARTESIAN_POINT('',(-1.35E0,-2.5E-2,5.01E-1));
#20059=DIRECTION('',(1.E0,0.E0,0.E0));
#20060=DIRECTION('',(0.E0,0.E0,-1.E0));
#20061=AXIS2_PLACEMENT_3D('',#20058,#20059,#20060);
#20062=PLANE('',#20061);
#20063=ORIENTED_EDGE('',*,*,#16911,.T.);
#20065=ORIENTED_EDGE('',*,*,#20064,.T.);
#20067=ORIENTED_EDGE('',*,*,#20066,.F.);
#20068=ORIENTED_EDGE('',*,*,#20050,.F.);
#20069=EDGE_LOOP('',(#20063,#20065,#20067,#20068));
#20070=FACE_OUTER_BOUND('',#20069,.F.);
#20072=CARTESIAN_POINT('',(-1.469E0,-2.5E-2,4.99E-1));
#20073=DIRECTION('',(0.E0,1.E0,0.E0));
#20074=DIRECTION('',(1.E0,0.E0,0.E0));
#20075=AXIS2_PLACEMENT_3D('',#20072,#20073,#20074);
#20076=CYLINDRICAL_SURFACE('',#20075,1.19E-1);
#20077=ORIENTED_EDGE('',*,*,#16909,.T.);
#20079=ORIENTED_EDGE('',*,*,#20078,.T.);
#20081=ORIENTED_EDGE('',*,*,#20080,.F.);
#20082=ORIENTED_EDGE('',*,*,#20064,.F.);
#20083=EDGE_LOOP('',(#20077,#20079,#20081,#20082));
#20084=FACE_OUTER_BOUND('',#20083,.F.);
#20086=CARTESIAN_POINT('',(-1.469E0,-2.5E-2,3.8E-1));
#20087=DIRECTION('',(0.E0,0.E0,-1.E0));
#20088=DIRECTION('',(-1.E0,0.E0,0.E0));
#20089=AXIS2_PLACEMENT_3D('',#20086,#20087,#20088);
#20090=PLANE('',#20089);
#20091=ORIENTED_EDGE('',*,*,#16907,.F.);
#20092=ORIENTED_EDGE('',*,*,#17422,.T.);
#20094=ORIENTED_EDGE('',*,*,#20093,.F.);
#20095=ORIENTED_EDGE('',*,*,#20078,.F.);
#20096=EDGE_LOOP('',(#20091,#20092,#20094,#20095));
#20097=FACE_OUTER_BOUND('',#20096,.F.);
#20099=CARTESIAN_POINT('',(0.E0,1.75E-1,0.E0));
#20100=DIRECTION('',(0.E0,1.E0,0.E0));
#20101=DIRECTION('',(1.E0,0.E0,0.E0));
#20102=AXIS2_PLACEMENT_3D('',#20099,#20100,#20101);
#20103=PLANE('',#20102);
#20104=ORIENTED_EDGE('',*,*,#17420,.F.);
#20105=ORIENTED_EDGE('',*,*,#20038,.T.);
#20106=ORIENTED_EDGE('',*,*,#20052,.T.);
#20107=ORIENTED_EDGE('',*,*,#20066,.T.);
#20108=ORIENTED_EDGE('',*,*,#20080,.T.);
#20109=ORIENTED_EDGE('',*,*,#20093,.T.);
#20110=EDGE_LOOP('',(#20104,#20105,#20106,#20107,#20108,#20109));
#20111=FACE_OUTER_BOUND('',#20110,.F.);
#20113=CARTESIAN_POINT('',(-1.85E0,-2.5E-2,1.2E-1));
#20114=DIRECTION('',(0.E0,0.E0,1.E0));
#20115=DIRECTION('',(1.E0,0.E0,0.E0));
#20116=AXIS2_PLACEMENT_3D('',#20113,#20114,#20115);
#20117=PLANE('',#20116);
#20118=ORIENTED_EDGE('',*,*,#16903,.T.);
#20120=ORIENTED_EDGE('',*,*,#20119,.T.);
#20122=ORIENTED_EDGE('',*,*,#20121,.F.);
#20123=ORIENTED_EDGE('',*,*,#17425,.F.);
#20124=EDGE_LOOP('',(#20118,#20120,#20122,#20123));
#20125=FACE_OUTER_BOUND('',#20124,.F.);
#20127=CARTESIAN_POINT('',(-1.469E0,-2.5E-2,1.E-3));
#20128=DIRECTION('',(0.E0,1.E0,0.E0));
#20129=DIRECTION('',(1.E0,0.E0,0.E0));
#20130=AXIS2_PLACEMENT_3D('',#20127,#20128,#20129);
#20131=CYLINDRICAL_SURFACE('',#20130,1.19E-1);
#20132=ORIENTED_EDGE('',*,*,#16901,.T.);
#20134=ORIENTED_EDGE('',*,*,#20133,.T.);
#20136=ORIENTED_EDGE('',*,*,#20135,.F.);
#20137=ORIENTED_EDGE('',*,*,#20119,.F.);
#20138=EDGE_LOOP('',(#20132,#20134,#20136,#20137));
#20139=FACE_OUTER_BOUND('',#20138,.F.);
#20141=CARTESIAN_POINT('',(-1.35E0,-2.5E-2,1.E-3));
#20142=DIRECTION('',(1.E0,0.E0,0.E0));
#20143=DIRECTION('',(0.E0,0.E0,-1.E0));
#20144=AXIS2_PLACEMENT_3D('',#20141,#20142,#20143);
#20145=PLANE('',#20144);
#20146=ORIENTED_EDGE('',*,*,#16899,.T.);
#20148=ORIENTED_EDGE('',*,*,#20147,.T.);
#20150=ORIENTED_EDGE('',*,*,#20149,.F.);
#20151=ORIENTED_EDGE('',*,*,#20133,.F.);
#20152=EDGE_LOOP('',(#20146,#20148,#20150,#20151));
#20153=FACE_OUTER_BOUND('',#20152,.F.);
#20155=CARTESIAN_POINT('',(-1.469E0,-2.5E-2,-1.E-3));
#20156=DIRECTION('',(0.E0,1.E0,0.E0));
#20157=DIRECTION('',(1.E0,0.E0,0.E0));
#20158=AXIS2_PLACEMENT_3D('',#20155,#20156,#20157);
#20159=CYLINDRICAL_SURFACE('',#20158,1.19E-1);
#20160=ORIENTED_EDGE('',*,*,#16897,.T.);
#20162=ORIENTED_EDGE('',*,*,#20161,.T.);
#20164=ORIENTED_EDGE('',*,*,#20163,.F.);
#20165=ORIENTED_EDGE('',*,*,#20147,.F.);
#20166=EDGE_LOOP('',(#20160,#20162,#20164,#20165));
#20167=FACE_OUTER_BOUND('',#20166,.F.);
#20169=CARTESIAN_POINT('',(-1.469E0,-2.5E-2,-1.2E-1));
#20170=DIRECTION('',(0.E0,0.E0,-1.E0));
#20171=DIRECTION('',(-1.E0,0.E0,0.E0));
#20172=AXIS2_PLACEMENT_3D('',#20169,#20170,#20171);
#20173=PLANE('',#20172);
#20174=ORIENTED_EDGE('',*,*,#16895,.F.);
#20175=ORIENTED_EDGE('',*,*,#17429,.T.);
#20177=ORIENTED_EDGE('',*,*,#20176,.F.);
#20178=ORIENTED_EDGE('',*,*,#20161,.F.);
#20179=EDGE_LOOP('',(#20174,#20175,#20177,#20178));
#20180=FACE_OUTER_BOUND('',#20179,.F.);
#20182=CARTESIAN_POINT('',(0.E0,1.75E-1,0.E0));
#20183=DIRECTION('',(0.E0,1.E0,0.E0));
#20184=DIRECTION('',(1.E0,0.E0,0.E0));
#20185=AXIS2_PLACEMENT_3D('',#20182,#20183,#20184);
#20186=PLANE('',#20185);
#20187=ORIENTED_EDGE('',*,*,#17427,.F.);
#20188=ORIENTED_EDGE('',*,*,#20121,.T.);
#20189=ORIENTED_EDGE('',*,*,#20135,.T.);
#20190=ORIENTED_EDGE('',*,*,#20149,.T.);
#20191=ORIENTED_EDGE('',*,*,#20163,.T.);
#20192=ORIENTED_EDGE('',*,*,#20176,.T.);
#20193=EDGE_LOOP('',(#20187,#20188,#20189,#20190,#20191,#20192));
#20194=FACE_OUTER_BOUND('',#20193,.F.);
#20196=CARTESIAN_POINT('',(-1.85E0,-2.5E-2,-3.8E-1));
#20197=DIRECTION('',(0.E0,0.E0,1.E0));
#20198=DIRECTION('',(1.E0,0.E0,0.E0));
#20199=AXIS2_PLACEMENT_3D('',#20196,#20197,#20198);
#20200=PLANE('',#20199);
#20201=ORIENTED_EDGE('',*,*,#16891,.T.);
#20203=ORIENTED_EDGE('',*,*,#20202,.T.);
#20205=ORIENTED_EDGE('',*,*,#20204,.F.);
#20206=ORIENTED_EDGE('',*,*,#17432,.F.);
#20207=EDGE_LOOP('',(#20201,#20203,#20205,#20206));
#20208=FACE_OUTER_BOUND('',#20207,.F.);
#20210=CARTESIAN_POINT('',(-1.469E0,-2.5E-2,-4.99E-1));
#20211=DIRECTION('',(0.E0,1.E0,0.E0));
#20212=DIRECTION('',(1.E0,0.E0,0.E0));
#20213=AXIS2_PLACEMENT_3D('',#20210,#20211,#20212);
#20214=CYLINDRICAL_SURFACE('',#20213,1.19E-1);
#20215=ORIENTED_EDGE('',*,*,#16889,.T.);
#20217=ORIENTED_EDGE('',*,*,#20216,.T.);
#20219=ORIENTED_EDGE('',*,*,#20218,.F.);
#20220=ORIENTED_EDGE('',*,*,#20202,.F.);
#20221=EDGE_LOOP('',(#20215,#20217,#20219,#20220));
#20222=FACE_OUTER_BOUND('',#20221,.F.);
#20224=CARTESIAN_POINT('',(-1.35E0,-2.5E-2,-4.99E-1));
#20225=DIRECTION('',(1.E0,0.E0,0.E0));
#20226=DIRECTION('',(0.E0,0.E0,-1.E0));
#20227=AXIS2_PLACEMENT_3D('',#20224,#20225,#20226);
#20228=PLANE('',#20227);
#20229=ORIENTED_EDGE('',*,*,#16887,.T.);
#20231=ORIENTED_EDGE('',*,*,#20230,.T.);
#20233=ORIENTED_EDGE('',*,*,#20232,.F.);
#20234=ORIENTED_EDGE('',*,*,#20216,.F.);
#20235=EDGE_LOOP('',(#20229,#20231,#20233,#20234));
#20236=FACE_OUTER_BOUND('',#20235,.F.);
#20238=CARTESIAN_POINT('',(-1.469E0,-2.5E-2,-5.01E-1));
#20239=DIRECTION('',(0.E0,1.E0,0.E0));
#20240=DIRECTION('',(1.E0,0.E0,0.E0));
#20241=AXIS2_PLACEMENT_3D('',#20238,#20239,#20240);
#20242=CYLINDRICAL_SURFACE('',#20241,1.19E-1);
#20243=ORIENTED_EDGE('',*,*,#16885,.T.);
#20245=ORIENTED_EDGE('',*,*,#20244,.T.);
#20247=ORIENTED_EDGE('',*,*,#20246,.F.);
#20248=ORIENTED_EDGE('',*,*,#20230,.F.);
#20249=EDGE_LOOP('',(#20243,#20245,#20247,#20248));
#20250=FACE_OUTER_BOUND('',#20249,.F.);
#20252=CARTESIAN_POINT('',(-1.469E0,-2.5E-2,-6.2E-1));
#20253=DIRECTION('',(0.E0,0.E0,-1.E0));
#20254=DIRECTION('',(-1.E0,0.E0,0.E0));
#20255=AXIS2_PLACEMENT_3D('',#20252,#20253,#20254);
#20256=PLANE('',#20255);
#20257=ORIENTED_EDGE('',*,*,#16883,.F.);
#20258=ORIENTED_EDGE('',*,*,#17436,.T.);
#20260=ORIENTED_EDGE('',*,*,#20259,.F.);
#20261=ORIENTED_EDGE('',*,*,#20244,.F.);
#20262=EDGE_LOOP('',(#20257,#20258,#20260,#20261));
#20263=FACE_OUTER_BOUND('',#20262,.F.);
#20265=CARTESIAN_POINT('',(0.E0,1.75E-1,0.E0));
#20266=DIRECTION('',(0.E0,1.E0,0.E0));
#20267=DIRECTION('',(1.E0,0.E0,0.E0));
#20268=AXIS2_PLACEMENT_3D('',#20265,#20266,#20267);
#20269=PLANE('',#20268);
#20270=ORIENTED_EDGE('',*,*,#17434,.F.);
#20271=ORIENTED_EDGE('',*,*,#20204,.T.);
#20272=ORIENTED_EDGE('',*,*,#20218,.T.);
#20273=ORIENTED_EDGE('',*,*,#20232,.T.);
#20274=ORIENTED_EDGE('',*,*,#20246,.T.);
#20275=ORIENTED_EDGE('',*,*,#20259,.T.);
#20276=EDGE_LOOP('',(#20270,#20271,#20272,#20273,#20274,#20275));
#20277=FACE_OUTER_BOUND('',#20276,.F.);
#20279=CARTESIAN_POINT('',(-1.85E0,-2.5E-2,-8.8E-1));
#20280=DIRECTION('',(0.E0,0.E0,1.E0));
#20281=DIRECTION('',(1.E0,0.E0,0.E0));
#20282=AXIS2_PLACEMENT_3D('',#20279,#20280,#20281);
#20283=PLANE('',#20282);
#20284=ORIENTED_EDGE('',*,*,#16879,.T.);
#20286=ORIENTED_EDGE('',*,*,#20285,.T.);
#20288=ORIENTED_EDGE('',*,*,#20287,.F.);
#20289=ORIENTED_EDGE('',*,*,#17439,.F.);
#20290=EDGE_LOOP('',(#20284,#20286,#20288,#20289));
#20291=FACE_OUTER_BOUND('',#20290,.F.);
#20293=CARTESIAN_POINT('',(-1.469E0,-2.5E-2,-9.99E-1));
#20294=DIRECTION('',(0.E0,1.E0,0.E0));
#20295=DIRECTION('',(1.E0,0.E0,0.E0));
#20296=AXIS2_PLACEMENT_3D('',#20293,#20294,#20295);
#20297=CYLINDRICAL_SURFACE('',#20296,1.19E-1);
#20298=ORIENTED_EDGE('',*,*,#16877,.T.);
#20300=ORIENTED_EDGE('',*,*,#20299,.T.);
#20302=ORIENTED_EDGE('',*,*,#20301,.F.);
#20303=ORIENTED_EDGE('',*,*,#20285,.F.);
#20304=EDGE_LOOP('',(#20298,#20300,#20302,#20303));
#20305=FACE_OUTER_BOUND('',#20304,.F.);
#20307=CARTESIAN_POINT('',(-1.35E0,-2.5E-2,-9.99E-1));
#20308=DIRECTION('',(1.E0,0.E0,0.E0));
#20309=DIRECTION('',(0.E0,0.E0,-1.E0));
#20310=AXIS2_PLACEMENT_3D('',#20307,#20308,#20309);
#20311=PLANE('',#20310);
#20312=ORIENTED_EDGE('',*,*,#16875,.T.);
#20314=ORIENTED_EDGE('',*,*,#20313,.T.);
#20316=ORIENTED_EDGE('',*,*,#20315,.F.);
#20317=ORIENTED_EDGE('',*,*,#20299,.F.);
#20318=EDGE_LOOP('',(#20312,#20314,#20316,#20317));
#20319=FACE_OUTER_BOUND('',#20318,.F.);
#20321=CARTESIAN_POINT('',(-1.469E0,-2.5E-2,-1.001E0));
#20322=DIRECTION('',(0.E0,1.E0,0.E0));
#20323=DIRECTION('',(1.E0,0.E0,0.E0));
#20324=AXIS2_PLACEMENT_3D('',#20321,#20322,#20323);
#20325=CYLINDRICAL_SURFACE('',#20324,1.19E-1);
#20326=ORIENTED_EDGE('',*,*,#16873,.T.);
#20328=ORIENTED_EDGE('',*,*,#20327,.T.);
#20330=ORIENTED_EDGE('',*,*,#20329,.F.);
#20331=ORIENTED_EDGE('',*,*,#20313,.F.);
#20332=EDGE_LOOP('',(#20326,#20328,#20330,#20331));
#20333=FACE_OUTER_BOUND('',#20332,.F.);
#20335=CARTESIAN_POINT('',(-1.469E0,-2.5E-2,-1.12E0));
#20336=DIRECTION('',(0.E0,0.E0,-1.E0));
#20337=DIRECTION('',(-1.E0,0.E0,0.E0));
#20338=AXIS2_PLACEMENT_3D('',#20335,#20336,#20337);
#20339=PLANE('',#20338);
#20340=ORIENTED_EDGE('',*,*,#16871,.F.);
#20341=ORIENTED_EDGE('',*,*,#17443,.T.);
#20343=ORIENTED_EDGE('',*,*,#20342,.F.);
#20344=ORIENTED_EDGE('',*,*,#20327,.F.);
#20345=EDGE_LOOP('',(#20340,#20341,#20343,#20344));
#20346=FACE_OUTER_BOUND('',#20345,.F.);
#20348=CARTESIAN_POINT('',(0.E0,1.75E-1,0.E0));
#20349=DIRECTION('',(0.E0,1.E0,0.E0));
#20350=DIRECTION('',(1.E0,0.E0,0.E0));
#20351=AXIS2_PLACEMENT_3D('',#20348,#20349,#20350);
#20352=PLANE('',#20351);
#20353=ORIENTED_EDGE('',*,*,#17441,.F.);
#20354=ORIENTED_EDGE('',*,*,#20287,.T.);
#20355=ORIENTED_EDGE('',*,*,#20301,.T.);
#20356=ORIENTED_EDGE('',*,*,#20315,.T.);
#20357=ORIENTED_EDGE('',*,*,#20329,.T.);
#20358=ORIENTED_EDGE('',*,*,#20342,.T.);
#20359=EDGE_LOOP('',(#20353,#20354,#20355,#20356,#20357,#20358));
#20360=FACE_OUTER_BOUND('',#20359,.F.);
#20362=CARTESIAN_POINT('',(-1.85E0,-2.5E-2,-1.38E0));
#20363=DIRECTION('',(0.E0,0.E0,1.E0));
#20364=DIRECTION('',(1.E0,0.E0,0.E0));
#20365=AXIS2_PLACEMENT_3D('',#20362,#20363,#20364);
#20366=PLANE('',#20365);
#20367=ORIENTED_EDGE('',*,*,#16867,.T.);
#20369=ORIENTED_EDGE('',*,*,#20368,.T.);
#20371=ORIENTED_EDGE('',*,*,#20370,.F.);
#20372=ORIENTED_EDGE('',*,*,#17446,.F.);
#20373=EDGE_LOOP('',(#20367,#20369,#20371,#20372));
#20374=FACE_OUTER_BOUND('',#20373,.F.);
#20376=CARTESIAN_POINT('',(-1.469E0,-2.5E-2,-1.499E0));
#20377=DIRECTION('',(0.E0,1.E0,0.E0));
#20378=DIRECTION('',(1.E0,0.E0,0.E0));
#20379=AXIS2_PLACEMENT_3D('',#20376,#20377,#20378);
#20380=CYLINDRICAL_SURFACE('',#20379,1.19E-1);
#20381=ORIENTED_EDGE('',*,*,#16865,.T.);
#20383=ORIENTED_EDGE('',*,*,#20382,.T.);
#20385=ORIENTED_EDGE('',*,*,#20384,.F.);
#20386=ORIENTED_EDGE('',*,*,#20368,.F.);
#20387=EDGE_LOOP('',(#20381,#20383,#20385,#20386));
#20388=FACE_OUTER_BOUND('',#20387,.F.);
#20390=CARTESIAN_POINT('',(-1.35E0,-2.5E-2,-1.499E0));
#20391=DIRECTION('',(1.E0,0.E0,0.E0));
#20392=DIRECTION('',(0.E0,0.E0,-1.E0));
#20393=AXIS2_PLACEMENT_3D('',#20390,#20391,#20392);
#20394=PLANE('',#20393);
#20395=ORIENTED_EDGE('',*,*,#16863,.T.);
#20397=ORIENTED_EDGE('',*,*,#20396,.T.);
#20399=ORIENTED_EDGE('',*,*,#20398,.F.);
#20400=ORIENTED_EDGE('',*,*,#20382,.F.);
#20401=EDGE_LOOP('',(#20395,#20397,#20399,#20400));
#20402=FACE_OUTER_BOUND('',#20401,.F.);
#20404=CARTESIAN_POINT('',(-1.469E0,-2.5E-2,-1.501E0));
#20405=DIRECTION('',(0.E0,1.E0,0.E0));
#20406=DIRECTION('',(1.E0,0.E0,0.E0));
#20407=AXIS2_PLACEMENT_3D('',#20404,#20405,#20406);
#20408=CYLINDRICAL_SURFACE('',#20407,1.19E-1);
#20409=ORIENTED_EDGE('',*,*,#16861,.T.);
#20411=ORIENTED_EDGE('',*,*,#20410,.T.);
#20413=ORIENTED_EDGE('',*,*,#20412,.F.);
#20414=ORIENTED_EDGE('',*,*,#20396,.F.);
#20415=EDGE_LOOP('',(#20409,#20411,#20413,#20414));
#20416=FACE_OUTER_BOUND('',#20415,.F.);
#20418=CARTESIAN_POINT('',(-1.469E0,-2.5E-2,-1.62E0));
#20419=DIRECTION('',(0.E0,0.E0,-1.E0));
#20420=DIRECTION('',(-1.E0,0.E0,0.E0));
#20421=AXIS2_PLACEMENT_3D('',#20418,#20419,#20420);
#20422=PLANE('',#20421);
#20423=ORIENTED_EDGE('',*,*,#16859,.F.);
#20424=ORIENTED_EDGE('',*,*,#17450,.T.);
#20426=ORIENTED_EDGE('',*,*,#20425,.F.);
#20427=ORIENTED_EDGE('',*,*,#20410,.F.);
#20428=EDGE_LOOP('',(#20423,#20424,#20426,#20427));
#20429=FACE_OUTER_BOUND('',#20428,.F.);
#20431=CARTESIAN_POINT('',(0.E0,1.75E-1,0.E0));
#20432=DIRECTION('',(0.E0,1.E0,0.E0));
#20433=DIRECTION('',(1.E0,0.E0,0.E0));
#20434=AXIS2_PLACEMENT_3D('',#20431,#20432,#20433);
#20435=PLANE('',#20434);
#20436=ORIENTED_EDGE('',*,*,#17448,.F.);
#20437=ORIENTED_EDGE('',*,*,#20370,.T.);
#20438=ORIENTED_EDGE('',*,*,#20384,.T.);
#20439=ORIENTED_EDGE('',*,*,#20398,.T.);
#20440=ORIENTED_EDGE('',*,*,#20412,.T.);
#20441=ORIENTED_EDGE('',*,*,#20425,.T.);
#20442=EDGE_LOOP('',(#20436,#20437,#20438,#20439,#20440,#20441));
#20443=FACE_OUTER_BOUND('',#20442,.F.);
#20445=CARTESIAN_POINT('',(-1.85E0,-2.5E-2,-1.88E0));
#20446=DIRECTION('',(0.E0,0.E0,1.E0));
#20447=DIRECTION('',(1.E0,0.E0,0.E0));
#20448=AXIS2_PLACEMENT_3D('',#20445,#20446,#20447);
#20449=PLANE('',#20448);
#20450=ORIENTED_EDGE('',*,*,#16855,.T.);
#20452=ORIENTED_EDGE('',*,*,#20451,.T.);
#20454=ORIENTED_EDGE('',*,*,#20453,.F.);
#20455=ORIENTED_EDGE('',*,*,#17453,.F.);
#20456=EDGE_LOOP('',(#20450,#20452,#20454,#20455));
#20457=FACE_OUTER_BOUND('',#20456,.F.);
#20459=CARTESIAN_POINT('',(-1.469E0,-2.5E-2,-1.999E0));
#20460=DIRECTION('',(0.E0,1.E0,0.E0));
#20461=DIRECTION('',(1.E0,0.E0,0.E0));
#20462=AXIS2_PLACEMENT_3D('',#20459,#20460,#20461);
#20463=CYLINDRICAL_SURFACE('',#20462,1.19E-1);
#20464=ORIENTED_EDGE('',*,*,#16853,.T.);
#20466=ORIENTED_EDGE('',*,*,#20465,.T.);
#20468=ORIENTED_EDGE('',*,*,#20467,.F.);
#20469=ORIENTED_EDGE('',*,*,#20451,.F.);
#20470=EDGE_LOOP('',(#20464,#20466,#20468,#20469));
#20471=FACE_OUTER_BOUND('',#20470,.F.);
#20473=CARTESIAN_POINT('',(-1.35E0,-2.5E-2,-1.999E0));
#20474=DIRECTION('',(1.E0,0.E0,0.E0));
#20475=DIRECTION('',(0.E0,0.E0,-1.E0));
#20476=AXIS2_PLACEMENT_3D('',#20473,#20474,#20475);
#20477=PLANE('',#20476);
#20478=ORIENTED_EDGE('',*,*,#16851,.T.);
#20480=ORIENTED_EDGE('',*,*,#20479,.T.);
#20482=ORIENTED_EDGE('',*,*,#20481,.F.);
#20483=ORIENTED_EDGE('',*,*,#20465,.F.);
#20484=EDGE_LOOP('',(#20478,#20480,#20482,#20483));
#20485=FACE_OUTER_BOUND('',#20484,.F.);
#20487=CARTESIAN_POINT('',(-1.469E0,-2.5E-2,-2.001E0));
#20488=DIRECTION('',(0.E0,1.E0,0.E0));
#20489=DIRECTION('',(1.E0,0.E0,0.E0));
#20490=AXIS2_PLACEMENT_3D('',#20487,#20488,#20489);
#20491=CYLINDRICAL_SURFACE('',#20490,1.19E-1);
#20492=ORIENTED_EDGE('',*,*,#16849,.T.);
#20494=ORIENTED_EDGE('',*,*,#20493,.T.);
#20496=ORIENTED_EDGE('',*,*,#20495,.F.);
#20497=ORIENTED_EDGE('',*,*,#20479,.F.);
#20498=EDGE_LOOP('',(#20492,#20494,#20496,#20497));
#20499=FACE_OUTER_BOUND('',#20498,.F.);
#20501=CARTESIAN_POINT('',(-1.469E0,-2.5E-2,-2.12E0));
#20502=DIRECTION('',(0.E0,0.E0,-1.E0));
#20503=DIRECTION('',(-1.E0,0.E0,0.E0));
#20504=AXIS2_PLACEMENT_3D('',#20501,#20502,#20503);
#20505=PLANE('',#20504);
#20506=ORIENTED_EDGE('',*,*,#16847,.F.);
#20507=ORIENTED_EDGE('',*,*,#17457,.T.);
#20509=ORIENTED_EDGE('',*,*,#20508,.F.);
#20510=ORIENTED_EDGE('',*,*,#20493,.F.);
#20511=EDGE_LOOP('',(#20506,#20507,#20509,#20510));
#20512=FACE_OUTER_BOUND('',#20511,.F.);
#20514=CARTESIAN_POINT('',(0.E0,1.75E-1,0.E0));
#20515=DIRECTION('',(0.E0,1.E0,0.E0));
#20516=DIRECTION('',(1.E0,0.E0,0.E0));
#20517=AXIS2_PLACEMENT_3D('',#20514,#20515,#20516);
#20518=PLANE('',#20517);
#20519=ORIENTED_EDGE('',*,*,#17455,.F.);
#20520=ORIENTED_EDGE('',*,*,#20453,.T.);
#20521=ORIENTED_EDGE('',*,*,#20467,.T.);
#20522=ORIENTED_EDGE('',*,*,#20481,.T.);
#20523=ORIENTED_EDGE('',*,*,#20495,.T.);
#20524=ORIENTED_EDGE('',*,*,#20508,.T.);
#20525=EDGE_LOOP('',(#20519,#20520,#20521,#20522,#20523,#20524));
#20526=FACE_OUTER_BOUND('',#20525,.F.);
#20528=CARTESIAN_POINT('',(-1.85E0,-2.5E-2,-2.38E0));
#20529=DIRECTION('',(0.E0,0.E0,1.E0));
#20530=DIRECTION('',(1.E0,0.E0,0.E0));
#20531=AXIS2_PLACEMENT_3D('',#20528,#20529,#20530);
#20532=PLANE('',#20531);
#20533=ORIENTED_EDGE('',*,*,#16843,.T.);
#20535=ORIENTED_EDGE('',*,*,#20534,.T.);
#20537=ORIENTED_EDGE('',*,*,#20536,.F.);
#20538=ORIENTED_EDGE('',*,*,#17460,.F.);
#20539=EDGE_LOOP('',(#20533,#20535,#20537,#20538));
#20540=FACE_OUTER_BOUND('',#20539,.F.);
#20542=CARTESIAN_POINT('',(-1.469E0,-2.5E-2,-2.499E0));
#20543=DIRECTION('',(0.E0,1.E0,0.E0));
#20544=DIRECTION('',(1.E0,0.E0,0.E0));
#20545=AXIS2_PLACEMENT_3D('',#20542,#20543,#20544);
#20546=CYLINDRICAL_SURFACE('',#20545,1.19E-1);
#20547=ORIENTED_EDGE('',*,*,#16841,.T.);
#20549=ORIENTED_EDGE('',*,*,#20548,.T.);
#20551=ORIENTED_EDGE('',*,*,#20550,.F.);
#20552=ORIENTED_EDGE('',*,*,#20534,.F.);
#20553=EDGE_LOOP('',(#20547,#20549,#20551,#20552));
#20554=FACE_OUTER_BOUND('',#20553,.F.);
#20556=CARTESIAN_POINT('',(-1.35E0,-2.5E-2,-2.499E0));
#20557=DIRECTION('',(1.E0,0.E0,0.E0));
#20558=DIRECTION('',(0.E0,0.E0,-1.E0));
#20559=AXIS2_PLACEMENT_3D('',#20556,#20557,#20558);
#20560=PLANE('',#20559);
#20561=ORIENTED_EDGE('',*,*,#16839,.T.);
#20563=ORIENTED_EDGE('',*,*,#20562,.T.);
#20565=ORIENTED_EDGE('',*,*,#20564,.F.);
#20566=ORIENTED_EDGE('',*,*,#20548,.F.);
#20567=EDGE_LOOP('',(#20561,#20563,#20565,#20566));
#20568=FACE_OUTER_BOUND('',#20567,.F.);
#20570=CARTESIAN_POINT('',(-1.469E0,-2.5E-2,-2.501E0));
#20571=DIRECTION('',(0.E0,1.E0,0.E0));
#20572=DIRECTION('',(1.E0,0.E0,0.E0));
#20573=AXIS2_PLACEMENT_3D('',#20570,#20571,#20572);
#20574=CYLINDRICAL_SURFACE('',#20573,1.19E-1);
#20575=ORIENTED_EDGE('',*,*,#16837,.T.);
#20577=ORIENTED_EDGE('',*,*,#20576,.T.);
#20579=ORIENTED_EDGE('',*,*,#20578,.F.);
#20580=ORIENTED_EDGE('',*,*,#20562,.F.);
#20581=EDGE_LOOP('',(#20575,#20577,#20579,#20580));
#20582=FACE_OUTER_BOUND('',#20581,.F.);
#20584=CARTESIAN_POINT('',(-1.469E0,-2.5E-2,-2.62E0));
#20585=DIRECTION('',(0.E0,0.E0,-1.E0));
#20586=DIRECTION('',(-1.E0,0.E0,0.E0));
#20587=AXIS2_PLACEMENT_3D('',#20584,#20585,#20586);
#20588=PLANE('',#20587);
#20589=ORIENTED_EDGE('',*,*,#16835,.F.);
#20590=ORIENTED_EDGE('',*,*,#17464,.T.);
#20592=ORIENTED_EDGE('',*,*,#20591,.F.);
#20593=ORIENTED_EDGE('',*,*,#20576,.F.);
#20594=EDGE_LOOP('',(#20589,#20590,#20592,#20593));
#20595=FACE_OUTER_BOUND('',#20594,.F.);
#20597=CARTESIAN_POINT('',(0.E0,1.75E-1,0.E0));
#20598=DIRECTION('',(0.E0,1.E0,0.E0));
#20599=DIRECTION('',(1.E0,0.E0,0.E0));
#20600=AXIS2_PLACEMENT_3D('',#20597,#20598,#20599);
#20601=PLANE('',#20600);
#20602=ORIENTED_EDGE('',*,*,#17462,.F.);
#20603=ORIENTED_EDGE('',*,*,#20536,.T.);
#20604=ORIENTED_EDGE('',*,*,#20550,.T.);
#20605=ORIENTED_EDGE('',*,*,#20564,.T.);
#20606=ORIENTED_EDGE('',*,*,#20578,.T.);
#20607=ORIENTED_EDGE('',*,*,#20591,.T.);
#20608=EDGE_LOOP('',(#20602,#20603,#20604,#20605,#20606,#20607));
#20609=FACE_OUTER_BOUND('',#20608,.F.);
#20611=CARTESIAN_POINT('',(-1.125E0,-2.5E-2,-2.875E0));
#20612=DIRECTION('',(-1.E0,0.E0,0.E0));
#20613=DIRECTION('',(0.E0,0.E0,1.E0));
#20614=AXIS2_PLACEMENT_3D('',#20611,#20612,#20613);
#20615=PLANE('',#20614);
#20616=ORIENTED_EDGE('',*,*,#17273,.T.);
#20618=ORIENTED_EDGE('',*,*,#20617,.T.);
#20620=ORIENTED_EDGE('',*,*,#20619,.F.);
#20622=ORIENTED_EDGE('',*,*,#20621,.T.);
#20623=EDGE_LOOP('',(#20616,#20618,#20620,#20622));
#20624=FACE_OUTER_BOUND('',#20623,.F.);
#20626=CARTESIAN_POINT('',(-1.125E0,-2.5E-2,-2.875E0));
#20627=DIRECTION('',(-1.E0,0.E0,0.E0));
#20628=DIRECTION('',(0.E0,0.E0,1.E0));
#20629=AXIS2_PLACEMENT_3D('',#20626,#20627,#20628);
#20630=PLANE('',#20629);
#20632=ORIENTED_EDGE('',*,*,#20631,.T.);
#20634=ORIENTED_EDGE('',*,*,#20633,.F.);
#20636=ORIENTED_EDGE('',*,*,#20635,.F.);
#20637=ORIENTED_EDGE('',*,*,#17287,.T.);
#20638=EDGE_LOOP('',(#20632,#20634,#20636,#20637));
#20639=FACE_OUTER_BOUND('',#20638,.F.);
#20641=CARTESIAN_POINT('',(1.125E0,1.75E-1,-1.361E0));
#20642=DIRECTION('',(0.E0,0.E0,-1.E0));
#20643=DIRECTION('',(-1.E0,0.E0,0.E0));
#20644=AXIS2_PLACEMENT_3D('',#20641,#20642,#20643);
#20645=PLANE('',#20644);
#20646=ORIENTED_EDGE('',*,*,#17281,.F.);
#20648=ORIENTED_EDGE('',*,*,#20647,.T.);
#20650=ORIENTED_EDGE('',*,*,#20649,.F.);
#20651=ORIENTED_EDGE('',*,*,#20617,.F.);
#20652=EDGE_LOOP('',(#20646,#20648,#20650,#20651));
#20653=FACE_OUTER_BOUND('',#20652,.F.);
#20655=CARTESIAN_POINT('',(1.125E0,-2.5E-2,2.875E0));
#20656=DIRECTION('',(1.E0,0.E0,0.E0));
#20657=DIRECTION('',(0.E0,0.E0,-1.E0));
#20658=AXIS2_PLACEMENT_3D('',#20655,#20656,#20657);
#20659=PLANE('',#20658);
#20660=ORIENTED_EDGE('',*,*,#17291,.T.);
#20662=ORIENTED_EDGE('',*,*,#20661,.T.);
#20664=ORIENTED_EDGE('',*,*,#20663,.F.);
#20666=ORIENTED_EDGE('',*,*,#20665,.F.);
#20667=EDGE_LOOP('',(#20660,#20662,#20664,#20666));
#20668=FACE_OUTER_BOUND('',#20667,.F.);
#20670=CARTESIAN_POINT('',(1.125E0,-2.5E-2,2.875E0));
#20671=DIRECTION('',(1.E0,0.E0,0.E0));
#20672=DIRECTION('',(0.E0,0.E0,-1.E0));
#20673=AXIS2_PLACEMENT_3D('',#20670,#20671,#20672);
#20674=PLANE('',#20673);
#20676=ORIENTED_EDGE('',*,*,#20675,.T.);
#20678=ORIENTED_EDGE('',*,*,#20677,.F.);
#20679=ORIENTED_EDGE('',*,*,#20647,.F.);
#20680=ORIENTED_EDGE('',*,*,#17279,.T.);
#20681=EDGE_LOOP('',(#20676,#20678,#20679,#20680));
#20682=FACE_OUTER_BOUND('',#20681,.F.);
#20684=CARTESIAN_POINT('',(-1.125E0,1.75E-1,-9.61E-1));
#20685=DIRECTION('',(0.E0,0.E0,1.E0));
#20686=DIRECTION('',(1.E0,0.E0,0.E0));
#20687=AXIS2_PLACEMENT_3D('',#20684,#20685,#20686);
#20688=PLANE('',#20687);
#20689=ORIENTED_EDGE('',*,*,#17289,.F.);
#20690=ORIENTED_EDGE('',*,*,#20635,.T.);
#20692=ORIENTED_EDGE('',*,*,#20691,.T.);
#20693=ORIENTED_EDGE('',*,*,#20661,.F.);
#20694=EDGE_LOOP('',(#20689,#20690,#20692,#20693));
#20695=FACE_OUTER_BOUND('',#20694,.F.);
#20697=CARTESIAN_POINT('',(0.E0,1.75E-1,0.E0));
#20698=DIRECTION('',(0.E0,1.E0,0.E0));
#20699=DIRECTION('',(1.E0,0.E0,0.E0));
#20700=AXIS2_PLACEMENT_3D('',#20697,#20698,#20699);
#20701=PLANE('',#20700);
#20702=ORIENTED_EDGE('',*,*,#20691,.F.);
#20703=ORIENTED_EDGE('',*,*,#20633,.T.);
#20705=ORIENTED_EDGE('',*,*,#20704,.T.);
#20706=ORIENTED_EDGE('',*,*,#20663,.T.);
#20707=EDGE_LOOP('',(#20702,#20703,#20705,#20706));
#20708=FACE_OUTER_BOUND('',#20707,.F.);
#20710=CARTESIAN_POINT('',(0.E0,1.75E-1,0.E0));
#20711=DIRECTION('',(0.E0,1.E0,0.E0));
#20712=DIRECTION('',(1.E0,0.E0,0.E0));
#20713=AXIS2_PLACEMENT_3D('',#20710,#20711,#20712);
#20714=PLANE('',#20713);
#20715=ORIENTED_EDGE('',*,*,#20649,.T.);
#20716=ORIENTED_EDGE('',*,*,#20677,.T.);
#20718=ORIENTED_EDGE('',*,*,#20717,.T.);
#20720=ORIENTED_EDGE('',*,*,#20719,.T.);
#20721=ORIENTED_EDGE('',*,*,#20619,.T.);
#20722=EDGE_LOOP('',(#20715,#20716,#20718,#20720,#20721));
#20723=FACE_OUTER_BOUND('',#20722,.F.);
#20725=CARTESIAN_POINT('',(-1.125E0,-2.5E-2,2.875E0));
#20726=DIRECTION('',(0.E0,0.E0,1.E0));
#20727=DIRECTION('',(1.E0,0.E0,0.E0));
#20728=AXIS2_PLACEMENT_3D('',#20725,#20726,#20727);
#20729=PLANE('',#20728);
#20730=ORIENTED_EDGE('',*,*,#17285,.T.);
#20731=ORIENTED_EDGE('',*,*,#20665,.T.);
#20732=ORIENTED_EDGE('',*,*,#20704,.F.);
#20733=ORIENTED_EDGE('',*,*,#20631,.F.);
#20734=EDGE_LOOP('',(#20730,#20731,#20732,#20733));
#20735=FACE_OUTER_BOUND('',#20734,.F.);
#20737=CARTESIAN_POINT('',(1.125E0,-2.5E-2,-2.875E0));
#20738=DIRECTION('',(0.E0,0.E0,-1.E0));
#20739=DIRECTION('',(-1.E0,0.E0,0.E0));
#20740=AXIS2_PLACEMENT_3D('',#20737,#20738,#20739);
#20741=PLANE('',#20740);
#20742=ORIENTED_EDGE('',*,*,#17277,.T.);
#20744=ORIENTED_EDGE('',*,*,#20743,.F.);
#20745=ORIENTED_EDGE('',*,*,#20717,.F.);
#20746=ORIENTED_EDGE('',*,*,#20675,.F.);
#20747=EDGE_LOOP('',(#20742,#20744,#20745,#20746));
#20748=FACE_OUTER_BOUND('',#20747,.F.);
#20750=CARTESIAN_POINT('',(-9.75E-1,7.5E-2,-2.725E0));
#20751=DIRECTION('',(-7.071067811865E-1,0.E0,-7.071067811865E-1));
#20752=DIRECTION('',(7.071067811865E-1,0.E0,-7.071067811865E-1));
#20753=AXIS2_PLACEMENT_3D('',#20750,#20751,#20752);
#20754=PLANE('',#20753);
#20755=ORIENTED_EDGE('',*,*,#17275,.F.);
#20756=ORIENTED_EDGE('',*,*,#20621,.F.);
#20757=ORIENTED_EDGE('',*,*,#20719,.F.);
#20758=ORIENTED_EDGE('',*,*,#20743,.T.);
#20759=EDGE_LOOP('',(#20755,#20756,#20757,#20758));
#20760=FACE_OUTER_BOUND('',#20759,.F.);
#20762=CLOSED_SHELL('',(#17295,#17310,#17324,#17338,#17352,#17366,#17470,#17484,
#17533,#17547,#17561,#17575,#17589,#17602,#17616,#17630,#17644,#17658,#17672,
#17685,#17699,#17713,#17727,#17741,#17755,#17768,#17782,#17796,#17810,#17824,
#17838,#17851,#17865,#17879,#17893,#17907,#17921,#17934,#17948,#18053,#18072,
#18085,#18098,#18111,#18124,#18136,#18150,#18164,#18178,#18192,#18205,#18219,
#18233,#18247,#18261,#18275,#18288,#18302,#18316,#18330,#18344,#18358,#18371,
#18385,#18399,#18413,#18427,#18441,#18454,#18468,#18482,#18496,#18510,#18524,
#18537,#18551,#18565,#18579,#18593,#18607,#18620,#18634,#18648,#18662,#18676,
#18690,#18703,#18717,#18731,#18745,#18759,#18773,#18786,#18800,#18814,#18828,
#18842,#18856,#18869,#18883,#18897,#18911,#18925,#18939,#18952,#18966,#18980,
#18994,#19008,#19022,#19035,#19049,#19063,#19077,#19091,#19105,#19118,#19132,
#19180,#19194,#19212,#19225,#19238,#19251,#19263,#19275,#19296,#19310,#19324,
#19338,#19351,#19365,#19379,#19393,#19407,#19421,#19434,#19448,#19462,#19476,
#19490,#19504,#19517,#19531,#19545,#19559,#19573,#19587,#19600,#19614,#19628,
#19642,#19656,#19670,#19683,#19697,#19711,#19725,#19739,#19753,#19766,#19780,
#19794,#19808,#19822,#19836,#19849,#19863,#19877,#19891,#19905,#19919,#19932,
#19946,#19960,#19974,#19988,#20002,#20015,#20029,#20043,#20057,#20071,#20085,
#20098,#20112,#20126,#20140,#20154,#20168,#20181,#20195,#20209,#20223,#20237,
#20251,#20264,#20278,#20292,#20306,#20320,#20334,#20347,#20361,#20375,#20389,
#20403,#20417,#20430,#20444,#20458,#20472,#20486,#20500,#20513,#20527,#20541,
#20555,#20569,#20583,#20596,#20610,#20625,#20640,#20654,#20669,#20683,#20696,
#20709,#20724,#20736,#20749,#20761));
#20763=MANIFOLD_SOLID_BREP('',#20762);
#20764=FILL_AREA_STYLE_COLOUR('',#3);
#20765=FILL_AREA_STYLE('',(#20764));
#20766=SURFACE_STYLE_FILL_AREA(#20765);
#20767=SURFACE_SIDE_STYLE('',(#20766));
#20768=SURFACE_STYLE_USAGE(.BOTH.,#20767);
#20769=PRESENTATION_STYLE_ASSIGNMENT((#20768));
#10956=STYLED_ITEM('',(#20769),#20763);
#20772=PLANE_ANGLE_MEASURE_WITH_UNIT(PLANE_ANGLE_MEASURE(1.745329251994E-2),
#20771);
#20773=(CONVERSION_BASED_UNIT('DEGREE',#20772)NAMED_UNIT(*)PLANE_ANGLE_UNIT());
#20775=UNCERTAINTY_MEASURE_WITH_UNIT(LENGTH_MEASURE(3.586882232877E-4),#20770,
'distance_accuracy_value',
'Maximum model space distance between geometric entities at asserted connectivities');
#20777=CARTESIAN_POINT('',(0.E0,0.E0,0.E0));
#20778=DIRECTION('',(0.E0,0.E0,1.E0));
#20779=DIRECTION('',(1.E0,0.E0,0.E0));
#20782=PRODUCT_CONTEXT('',#10841,'mechanical');
#20783=PRODUCT('BODY','BODY','NOT SPECIFIED',(#20782));
#20784=PRODUCT_DEFINITION_FORMATION('33','LAST_VERSION',#20783);
#20792=DERIVED_UNIT_ELEMENT(#20791,2.E0);
#20793=DERIVED_UNIT((#20792));
#20794=MEASURE_REPRESENTATION_ITEM('surface area measure',AREA_MEASURE(
7.728819822428E1),#20793);
#20799=DERIVED_UNIT_ELEMENT(#20798,3.E0);
#20800=DERIVED_UNIT((#20799));
#20801=MEASURE_REPRESENTATION_ITEM('volume measure',VOLUME_MEASURE(
2.122230341003E1),#20800);
#20805=CARTESIAN_POINT('centre point',(-3.803536747744E-4,5.377338787580E-1,
-9.646008762943E-3));
#20810=DERIVED_UNIT_ELEMENT(#20809,2.E0);
#20811=DERIVED_UNIT((#20810));
#20812=MEASURE_REPRESENTATION_ITEM('surface area measure',AREA_MEASURE(
7.728819822428E1),#20811);
#20817=DERIVED_UNIT_ELEMENT(#20816,3.E0);
#20818=DERIVED_UNIT((#20817));
#20819=MEASURE_REPRESENTATION_ITEM('volume measure',VOLUME_MEASURE(
2.122230341003E1),#20818);
#20823=CARTESIAN_POINT('centre point',(-3.803536747744E-4,5.377338787580E-1,
-9.646008762943E-3));
#20828=DRAUGHTING_MODEL('Default',(#20840,#20841,#20857),#10890);
#20829=PRESENTATION_VIEW('Default',(#20848,#20861),#10890);
#20830=CARTESIAN_POINT('',(0.E0,0.E0,0.E0));
#20831=CARTESIAN_POINT('',(-4.741420330009E0,-3.572066244864E0,
1.635538828818E1));
#20832=DIRECTION('',(0.E0,0.E0,1.E0));
#20833=DIRECTION('',(1.E0,0.E0,0.E0));
#20834=AXIS2_PLACEMENT_3D('',#20831,#20832,#20833);
#20836=VIEW_VOLUME(.PARALLEL.,#20830,1.635538828818E1,1.635538828818E1,.T.,0.E0,
.F.,.T.,#20835);
#20837=CARTESIAN_POINT('',(2.001950872856E0,1.102617927278E1,1.330995918131E1));
#20838=DIRECTION('',(3.894183423087E-1,7.214918620107E-1,5.725406952575E-1));
#20839=DIRECTION('',(9.210609940029E-1,-3.050418666329E-1,-2.420663234065E-1));
#20840=AXIS2_PLACEMENT_3D('',#20837,#20838,#20839);
#20841=CAMERA_MODEL_D3_WITH_HLHSR('DEFAULT',#20840,#20836,.F.);
#20843=CARTESIAN_POINT('',(-5.161895516618E2,-3.888841623622E2,
1.780580492790E3));
#20844=DIRECTION('',(0.E0,0.E0,1.E0));
#20845=DIRECTION('',(1.E0,0.E0,0.E0));
#20846=AXIS2_PLACEMENT_3D('',#20843,#20844,#20845);
#20848=(CAMERA_IMAGE()CAMERA_IMAGE_3D_WITH_SCALE()GEOMETRIC_REPRESENTATION_ITEM(
)MAPPED_ITEM(#20842,#20847)REPRESENTATION_ITEM(''));
#20849=CARTESIAN_POINT('',(-4.741420330009E0,-3.572066244864E0,
1.635538828818E1));
#20850=DIRECTION('',(0.E0,0.E0,1.E0));
#20851=DIRECTION('',(1.E0,0.E0,0.E0));
#20852=AXIS2_PLACEMENT_3D('',#20849,#20850,#20851);
#20853=REPRESENTATION_MAP(#20852,#20781);
#20854=CARTESIAN_POINT('',(0.E0,0.E0));
#20855=DIRECTION('',(1.E0,0.E0));
#20856=AXIS2_PLACEMENT_2D('',#20854,#20855);
#20857=MAPPED_ITEM('',#20853,#20856);
#20858=CARTESIAN_POINT('',(-4.741420330009E0,-3.572066244864E0,
1.635538828818E1));
#20859=DIRECTION('',(0.E0,0.E0,1.E0));
#20860=DIRECTION('',(1.E0,0.E0,0.E0));
#20861=AXIS2_PLACEMENT_3D('',#20858,#20859,#20860);
#20862=REPRESENTATION_MAP(#20861,#20829);
#20863=CARTESIAN_POINT('',(0.E0,0.E0));
#20864=DIRECTION('',(1.E0,0.E0));
#20865=AXIS2_PLACEMENT_2D('',#20863,#20864);
#20866=MAPPED_ITEM('',#20862,#20865);
#20868=CARTESIAN_POINT('',(0.E0,0.E0));
#20869=DIRECTION('',(1.E0,0.E0));
#20870=AXIS2_PLACEMENT_2D('',#20868,#20869);
#20871=PLANAR_BOX('',1.E3,8.4375E2,#20870);
#20872=PRESENTATION_SIZE(#20867,#20871);
#20873=PRESENTATION_SET();
#20874=AREA_IN_SET(#20867,#20873);
#20875=APPLIED_PRESENTED_ITEM((#20785));
#20876=PRESENTED_ITEM_REPRESENTATION(#20873,#20875);
#20879=CARTESIAN_POINT('centre point',(-3.803536747744E-4,9.646008762943E-3,
5.627338787580E-1));
#20883=CARTESIAN_POINT('',(0.E0,0.E0,2.5E-2));
#20884=DIRECTION('',(0.E0,-1.E0,0.E0));
#20885=DIRECTION('',(1.E0,0.E0,0.E0));
#20886=AXIS2_PLACEMENT_3D('',#20883,#20884,#20885);
#20887=ITEM_DEFINED_TRANSFORMATION('','',#20780,#20886);
#20888=(REPRESENTATION_RELATIONSHIP('','',#20781,#10942)REPRESENTATION_RELATIONSHIP_WITH_TRANSFORMATION(#20887)SHAPE_REPRESENTATION_RELATIONSHIP());
#20889=CONTEXT_DEPENDENT_SHAPE_REPRESENTATION(#20888,#20878);
#20892=PLANE_ANGLE_MEASURE_WITH_UNIT(PLANE_ANGLE_MEASURE(1.745329251994E-2),
#20891);
#20893=(CONVERSION_BASED_UNIT('DEGREE',#20892)NAMED_UNIT(*)PLANE_ANGLE_UNIT());
#20895=UNCERTAINTY_MEASURE_WITH_UNIT(LENGTH_MEASURE(4.711830725474E-4),#20890,
'distance_accuracy_value',
'Maximum model space distance between geometric entities at asserted connectivities');
#20897=CARTESIAN_POINT('',(0.E0,0.E0,0.E0));
#20898=DIRECTION('',(0.E0,0.E0,1.E0));
#20899=DIRECTION('',(1.E0,0.E0,0.E0));
#20902=PRODUCT_DEFINITION_CONTEXT('part definition',#10841,'design');
#20903=PRODUCT_CONTEXT('',#10841,'mechanical');
#20904=PRODUCT('PIN1_AREA','PIN1_AREA','NOT SPECIFIED',(#20903));
#20905=PRODUCT_DEFINITION_FORMATION('14','LAST_VERSION',#20904);
#20909=DRAUGHTING_MODEL('Default',(#20921,#20922,#20938),#10890);
#20910=PRESENTATION_VIEW('Default',(#20929,#20942),#10890);
#20911=CARTESIAN_POINT('',(0.E0,0.E0,0.E0));
#20912=CARTESIAN_POINT('',(-3.670883597072E0,-1.403909936857E0,
8.238947033310E0));
#20913=DIRECTION('',(0.E0,0.E0,1.E0));
#20914=DIRECTION('',(1.E0,0.E0,0.E0));
#20915=AXIS2_PLACEMENT_3D('',#20912,#20913,#20914);
#20917=VIEW_VOLUME(.PARALLEL.,#20911,8.238947033310E0,8.238947033310E0,.T.,0.E0,
.F.,.T.,#20916);
#20918=CARTESIAN_POINT('',(-1.727105987077E-1,6.191422009408E0,
6.705450190871E0));
#20919=DIRECTION('',(3.894183423087E-1,7.214918620107E-1,5.725406952575E-1));
#20920=DIRECTION('',(9.210609940029E-1,-3.050418666329E-1,-2.420663234065E-1));
#20921=AXIS2_PLACEMENT_3D('',#20918,#20919,#20920);
#20922=CAMERA_MODEL_D3_WITH_HLHSR('DEFAULT',#20921,#20917,.F.);
#20924=CARTESIAN_POINT('',(-5.581274160868E2,-2.134528662532E2,
1.252663588310E3));
#20925=DIRECTION('',(0.E0,0.E0,1.E0));
#20926=DIRECTION('',(1.E0,0.E0,0.E0));
#20927=AXIS2_PLACEMENT_3D('',#20924,#20925,#20926);
#20929=(CAMERA_IMAGE()CAMERA_IMAGE_3D_WITH_SCALE()GEOMETRIC_REPRESENTATION_ITEM(
)MAPPED_ITEM(#20923,#20928)REPRESENTATION_ITEM(''));
#20930=CARTESIAN_POINT('',(-3.670883597072E0,-1.403909936857E0,
8.238947033310E0));
#20931=DIRECTION('',(0.E0,0.E0,1.E0));
#20932=DIRECTION('',(1.E0,0.E0,0.E0));
#20933=AXIS2_PLACEMENT_3D('',#20930,#20931,#20932);
#20934=REPRESENTATION_MAP(#20933,#20901);
#20935=CARTESIAN_POINT('',(0.E0,0.E0));
#20936=DIRECTION('',(1.E0,0.E0));
#20937=AXIS2_PLACEMENT_2D('',#20935,#20936);
#20938=MAPPED_ITEM('',#20934,#20937);
#20939=CARTESIAN_POINT('',(-3.670883597072E0,-1.403909936857E0,
8.238947033310E0));
#20940=DIRECTION('',(0.E0,0.E0,1.E0));
#20941=DIRECTION('',(1.E0,0.E0,0.E0));
#20942=AXIS2_PLACEMENT_3D('',#20939,#20940,#20941);
#20943=REPRESENTATION_MAP(#20942,#20910);
#20944=CARTESIAN_POINT('',(0.E0,0.E0));
#20945=DIRECTION('',(1.E0,0.E0));
#20946=AXIS2_PLACEMENT_2D('',#20944,#20945);
#20947=MAPPED_ITEM('',#20943,#20946);
#20949=CARTESIAN_POINT('',(0.E0,0.E0));
#20950=DIRECTION('',(1.E0,0.E0));
#20951=AXIS2_PLACEMENT_2D('',#20949,#20950);
#20952=PLANAR_BOX('',1.E3,8.4375E2,#20951);
#20953=PRESENTATION_SIZE(#20948,#20952);
#20954=PRESENTATION_SET();
#20955=AREA_IN_SET(#20948,#20954);
#20956=APPLIED_PRESENTED_ITEM((#20906));
#20957=PRESENTED_ITEM_REPRESENTATION(#20954,#20956);
#20960=CARTESIAN_POINT('',(0.E0,0.E0,1.E0));
#20961=DIRECTION('',(0.E0,-1.E0,0.E0));
#20962=DIRECTION('',(1.E0,0.E0,0.E0));
#20963=AXIS2_PLACEMENT_3D('',#20960,#20961,#20962);
#20964=ITEM_DEFINED_TRANSFORMATION('','',#20900,#20963);
#20965=(REPRESENTATION_RELATIONSHIP('','',#20901,#10942)REPRESENTATION_RELATIONSHIP_WITH_TRANSFORMATION(#20964)SHAPE_REPRESENTATION_RELATIONSHIP());
#20966=CONTEXT_DEPENDENT_SHAPE_REPRESENTATION(#20965,#20959);
#20969=PLANE_ANGLE_MEASURE_WITH_UNIT(PLANE_ANGLE_MEASURE(1.745329251994E-2),
#20968);
#20970=(CONVERSION_BASED_UNIT('DEGREE',#20969)NAMED_UNIT(*)PLANE_ANGLE_UNIT());
#20972=UNCERTAINTY_MEASURE_WITH_UNIT(LENGTH_MEASURE(3.439334708837E-4),#20967,
'distance_accuracy_value',
'Maximum model space distance between geometric entities at asserted connectivities');
#20974=CARTESIAN_POINT('',(0.E0,0.E0,0.E0));
#20975=DIRECTION('',(0.E0,0.E0,1.E0));
#20976=DIRECTION('',(1.E0,0.E0,0.E0));
#20978=MECHANICAL_DESIGN_GEOMETRIC_PRESENTATION_REPRESENTATION('',(#35,#42,#50,
#57,#65,#72,#79,#86,#93,#100,#107,#114,#121,#128,#136,#143,#151,#158,#229,#27,
#328,#335,#343,#350,#358,#365,#372,#379,#386,#393,#400,#407,#414,#421,#429,#436,
#444,#451,#517,#321,#616,#623,#631,#638,#646,#653,#660,#667,#674,#681,#688,#695,
#702,#709,#717,#724,#732,#739,#805,#609,#904,#911,#919,#926,#934,#941,#948,#955,
#962,#969,#976,#983,#990,#997,#1005,#1012,#1020,#1027,#1093,#897,#1192,#1199,
#1207,#1214,#1222,#1229,#1236,#1243,#1250,#1257,#1264,#1271,#1278,#1285,#1293,
#1300,#1308,#1315,#1381,#1185,#1480,#1487,#1495,#1502,#1510,#1517,#1524,#1531,
#1538,#1545,#1552,#1559,#1566,#1573,#1581,#1588,#1596,#1603,#1669,#1473,#1768,
#1775,#1783,#1790,#1798,#1805,#1812,#1819,#1826,#1833,#1840,#1847,#1854,#1861,
#1869,#1876,#1884,#1891,#1957,#1761,#2056,#2063,#2071,#2078,#2086,#2093,#2100,
#2107,#2114,#2121,#2128,#2135,#2142,#2149,#2157,#2164,#2172,#2179,#2245,#2049,
#2344,#2351,#2359,#2366,#2374,#2381,#2388,#2395,#2402,#2409,#2416,#2423,#2430,
#2437,#2445,#2452,#2460,#2467,#2533,#2337,#2632,#2639,#2647,#2654,#2662,#2669,
#2676,#2683,#2690,#2697,#2704,#2711,#2718,#2725,#2733,#2740,#2748,#2755,#2821,
#2625,#2920,#2927,#2935,#2942,#2950,#2957,#2964,#2971,#2978,#2985,#2992,#2999,
#3006,#3013,#3021,#3028,#3036,#3043,#3109,#2913,#3208,#3215,#3223,#3230,#3238,
#3245,#3252,#3259,#3266,#3273,#3280,#3287,#3294,#3301,#3309,#3316,#3324,#3331,
#3397,#3201,#3496,#3503,#3511,#3518,#3526,#3533,#3540,#3547,#3554,#3561,#3568,
#3575,#3582,#3589,#3597,#3604,#3612,#3619,#3685,#3489,#3784,#3791,#3799,#3806,
#3814,#3821,#3828,#3835,#3842,#3849,#3856,#3863,#3870,#3877,#3885,#3892,#3900,
#3907,#3973,#3777,#4072,#4079,#4087,#4094,#4102,#4109,#4116,#4123,#4130,#4137,
#4144,#4151,#4158,#4165,#4173,#4180,#4188,#4195,#4261,#4065,#4360,#4367,#4375,
#4382,#4390,#4397,#4404,#4411,#4418,#4425,#4432,#4439,#4446,#4453,#4461,#4468,
#4476,#4483,#4549,#4353,#4648,#4655,#4663,#4670,#4678,#4685,#4692,#4699,#4706,
#4713,#4720,#4727,#4734,#4741,#4749,#4756,#4764,#4771,#4837,#4641,#4936,#4943,
#4951,#4958,#4966,#4973,#4980,#4987,#4994,#5001,#5008,#5015,#5022,#5029,#5037,
#5044,#5052,#5059,#5125,#4929,#5224,#5231,#5238,#5245,#5252,#5259,#5266,#5273,
#5280,#5287,#5294,#5301,#5217,#5417,#5424,#5431,#5438,#5445,#5452,#5459,#5466,
#5473,#5480,#5487,#5494,#5501,#5508,#5515,#5410,#5652,#5659,#5667,#5674,#5682,
#5689,#5696,#5703,#5710,#5717,#5724,#5731,#5738,#5745,#5753,#5760,#5768,#5775,
#5841,#5645,#5940,#5947,#5955,#5962,#5970,#5977,#5984,#5991,#5998,#6005,#6012,
#6019,#6026,#6033,#6041,#6048,#6056,#6063,#6129,#5933,#6228,#6235,#6243,#6250,
#6258,#6265,#6272,#6279,#6286,#6293,#6300,#6307,#6314,#6321,#6329,#6336,#6344,
#6351,#6417,#6221,#6516,#6523,#6531,#6538,#6546,#6553,#6560,#6567,#6574,#6581,
#6588,#6595,#6602,#6609,#6617,#6624,#6632,#6639,#6705,#6509,#6804,#6811,#6819,
#6826,#6834,#6841,#6848,#6855,#6862,#6869,#6876,#6883,#6890,#6897,#6905,#6912,
#6920,#6927,#6993,#6797,#7092,#7099,#7107,#7114,#7122,#7129,#7136,#7143,#7150,
#7157,#7164,#7171,#7178,#7185,#7193,#7200,#7208,#7215,#7281,#7085,#7380,#7387,
#7395,#7402,#7410,#7417,#7424,#7431,#7438,#7445,#7452,#7459,#7466,#7473,#7481,
#7488,#7496,#7503,#7569,#7373,#7668,#7675,#7683,#7690,#7698,#7705,#7712,#7719,
#7726,#7733,#7740,#7747,#7754,#7761,#7769,#7776,#7784,#7791,#7857,#7661,#7956,
#7963,#7971,#7978,#7986,#7993,#8000,#8007,#8014,#8021,#8028,#8035,#8042,#8049,
#8057,#8064,#8072,#8079,#8145,#7949,#8244,#8251,#8259,#8266,#8274,#8281,#8288,
#8295,#8302,#8309,#8316,#8323,#8330,#8337,#8345,#8352,#8360,#8367,#8433,#8237,
#8532,#8539,#8547,#8554,#8562,#8569,#8576,#8583,#8590,#8597,#8604,#8611,#8618,
#8625,#8633,#8640,#8648,#8655,#8721,#8525,#8820,#8827,#8835,#8842,#8850,#8857,
#8864,#8871,#8878,#8885,#8892,#8899,#8906,#8913,#8921,#8928,#8936,#8943,#9009,
#8813,#9108,#9115,#9123,#9130,#9138,#9145,#9152,#9159,#9166,#9173,#9180,#9187,
#9194,#9201,#9209,#9216,#9224,#9231,#9297,#9101,#9396,#9403,#9411,#9418,#9426,
#9433,#9440,#9447,#9454,#9461,#9468,#9475,#9482,#9489,#9497,#9504,#9512,#9519,
#9585,#9389,#9684,#9691,#9699,#9706,#9714,#9721,#9728,#9735,#9742,#9749,#9756,
#9763,#9770,#9777,#9785,#9792,#9800,#9807,#9873,#9677,#9972,#9979,#9987,#9994,
#10002,#10009,#10016,#10023,#10030,#10037,#10044,#10051,#10058,#10065,#10073,
#10080,#10088,#10095,#10161,#9965,#10260,#10267,#10275,#10282,#10290,#10297,
#10304,#10311,#10318,#10325,#10332,#10339,#10346,#10353,#10361,#10368,#10376,
#10383,#10449,#10253,#10548,#10555,#10563,#10570,#10578,#10585,#10592,#10599,
#10606,#10613,#10620,#10627,#10634,#10641,#10649,#10656,#10664,#10671,#10737,
#10541,#10963,#10970,#10977,#10985,#10992,#11000,#11007,#11014,#11021,#11029,
#11036,#11044,#11051,#11058,#11065,#11073,#11080,#11088,#11095,#11102,#11109,
#11117,#11124,#11132,#11139,#11146,#11153,#11161,#11168,#11176,#11183,#11190,
#11197,#11205,#11212,#11220,#11227,#11234,#11241,#11249,#11256,#11264,#11271,
#11278,#11285,#11293,#11300,#11308,#11315,#11322,#11329,#11337,#11344,#11352,
#11359,#11366,#11373,#11381,#11388,#11396,#11403,#11410,#11417,#11425,#11432,
#11440,#11447,#11454,#11461,#11469,#11476,#11484,#11491,#11498,#11505,#11512,
#11520,#11527,#11535,#11542,#11549,#11556,#11564,#11571,#11579,#11586,#11593,
#11600,#11608,#11615,#11623,#11630,#11637,#11644,#11652,#11659,#11667,#11674,
#11681,#11688,#11696,#11703,#11711,#11718,#11725,#11732,#11739,#11747,#11754,
#11762,#11769,#11776,#11783,#11791,#11798,#11806,#11813,#11820,#11827,#11835,
#11842,#11850,#11857,#11864,#11871,#11879,#11886,#11894,#11901,#11908,#11915,
#11923,#11930,#11938,#11945,#11952,#11959,#11967,#11974,#11982,#11989,#11996,
#12003,#12011,#12018,#12026,#12033,#12040,#12047,#12055,#12062,#12070,#12077,
#12084,#12091,#12099,#12106,#12114,#12121,#12128,#12135,#12143,#12150,#12158,
#12165,#12172,#12179,#12187,#12194,#12202,#12209,#12216,#12223,#12231,#12238,
#12246,#12253,#12260,#12267,#12275,#12282,#12290,#12297,#12304,#12311,#12318,
#12326,#12333,#12341,#12348,#12355,#12362,#12370,#12377,#12385,#12392,#12399,
#12406,#12414,#12421,#12429,#12436,#12443,#12450,#12458,#12465,#12473,#12480,
#12487,#12494,#12502,#12509,#12517,#12524,#12531,#12538,#12545,#12553,#12560,
#12568,#12575,#12582,#12589,#12596,#12603,#12610,#12617,#12624,#12631,#12638,
#12645,#12652,#12659,#12666,#12673,#12680,#12687,#12694,#12701,#12708,#12715,
#12722,#12729,#12736,#12743,#12750,#12757,#12764,#12771,#12778,#12785,#12792,
#12799,#12806,#12813,#12820,#12827,#12834,#12841,#12848,#12855,#12862,#12869,
#12876,#12883,#12890,#12897,#12904,#12911,#12918,#12925,#12932,#12939,#12946,
#12954,#12961,#12969,#12976,#12983,#12990,#12997,#13004,#13011,#13018,#13025,
#13032,#13039,#13046,#13053,#13060,#13067,#13074,#13081,#13088,#13095,#13102,
#13109,#13116,#13123,#13131,#13138,#13146,#13153,#13160,#13167,#13174,#13181,
#13188,#13196,#13203,#13211,#13218,#13225,#13232,#13239,#13246,#13253,#13261,
#13268,#13276,#13283,#13290,#13297,#13304,#13311,#13318,#13326,#13333,#13341,
#13348,#13355,#13362,#13369,#13376,#13383,#13391,#13398,#13406,#13413,#13420,
#13427,#13434,#13441,#13448,#13455,#13462,#13469,#13476,#13483,#13490,#13497,
#13504,#13511,#13518,#13525,#13532,#13539,#13546,#13553,#13560,#13567,#13574,
#13581,#13588,#13595,#13602,#13609,#13616,#13623,#13630,#13637,#13644,#13651,
#13658,#13665,#13672,#13679,#13686,#13693,#13700,#13708,#13715,#13723,#13730,
#13737,#13744,#13751,#13758,#13765,#13772,#13779,#13786,#13793,#13801,#13808,
#13816,#13823,#13830,#13837,#13844,#13851,#13858,#13866,#13873,#13881,#13888,
#13895,#13902,#13909,#13916,#13923,#13931,#13938,#13946,#13953,#13960,#13967,
#13974,#13981,#13988,#13996,#14003,#14011,#14018,#14025,#14032,#14039,#14046,
#14053,#14061,#14068,#14076,#14083,#14090,#14097,#14104,#14111,#14118,#14126,
#14133,#14141,#14148,#14155,#14162,#14169,#14176,#14183,#14191,#14198,#14206,
#14213,#14220,#14227,#14234,#14241,#14248,#14256,#14263,#14271,#14278,#14285,
#14292,#14299,#14306,#14313,#14321,#14328,#14336,#14343,#14350,#14357,#14364,
#14371,#14378,#14386,#14393,#14401,#14408,#14415,#14422,#14429,#14436,#14443,
#14451,#14458,#14466,#14473,#14480,#14487,#14494,#14501,#14508,#14516,#14523,
#14531,#14538,#14545,#14552,#14559,#14566,#14573,#14580,#14587,#14594,#14601,
#14608,#14615,#14622,#14629,#14636,#14643,#14650,#14657,#14665,#14672,#14680,
#14687,#14694,#14701,#14708,#14715,#14722,#14729,#14736,#14743,#14750,#14757,
#14764,#14771,#14778,#14786,#14793,#14801,#14808,#14815,#14822,#14829,#14836,
#14843,#14851,#14858,#14866,#14873,#14880,#14887,#14894,#14901,#14908,#14916,
#14923,#14931,#14938,#14945,#14952,#14959,#14966,#14973,#14981,#14988,#14996,
#15003,#15010,#15017,#15024,#15031,#15038,#15046,#15053,#15061,#15068,#15075,
#15082,#15089,#15096,#15103,#15111,#15118,#15126,#15133,#15140,#15147,#15154,
#15161,#15168,#15176,#15183,#15191,#15198,#15205,#15212,#15219,#15226,#15233,
#15241,#15248,#15256,#15263,#15270,#15277,#15284,#15291,#15298,#15306,#15313,
#15321,#15328,#15335,#15342,#15349,#15356,#15363,#15371,#15378,#15386,#15393,
#15400,#15407,#15414,#15421,#15428,#15436,#15443,#15451,#15458,#15465,#15472,
#15479,#15486,#15493,#15501,#15508,#15516,#15523,#15530,#15537,#15544,#15551,
#15558,#15566,#15573,#15581,#15588,#15595,#15602,#15609,#15616,#15623,#15631,
#15638,#15646,#15653,#15660,#15667,#15674,#15681,#15688,#15696,#15703,#15711,
#15718,#15725,#15732,#15739,#15746,#15753,#15761,#15768,#15776,#15783,#15790,
#15797,#15804,#15811,#15818,#15825,#15832,#15839,#15846,#15853,#15860,#15867,
#15874,#15881,#15888,#15895,#15902,#15909,#19282,#10956),#20973);
#20979=PRODUCT_CONTEXT('',#10841,'mechanical');
#20980=PRODUCT('QFN_ASM','QFN_ASM','NOT SPECIFIED',(#20979));
#20981=PRODUCT_DEFINITION_FORMATION('78','LAST_VERSION',#20980);
#20984=DERIVED_UNIT_ELEMENT(#20983,2.E0);
#20985=DERIVED_UNIT((#20984));
#20986=MEASURE_REPRESENTATION_ITEM('surface area measure',AREA_MEASURE(
1.201329549920E2),#20985);
#20991=DERIVED_UNIT_ELEMENT(#20990,3.E0);
#20992=DERIVED_UNIT((#20991));
#20993=MEASURE_REPRESENTATION_ITEM('volume measure',VOLUME_MEASURE(
2.426824215910E1),#20992);
#20997=CARTESIAN_POINT('centre point',(4.751113018632E-5,-1.205051392359E-3,
5.046555456601E-1));
#21001=PRODUCT_RELATED_PRODUCT_CATEGORY('part','',(#20980,#10845,#20783,
#20904));
#21002=DRAUGHTING_MODEL('Default',(#21014,#21015,#21031),#10890);
#21003=PRESENTATION_VIEW('Default',(#21022,#21035),#10890);
#21004=CARTESIAN_POINT('',(0.E0,0.E0,0.E0));
#21005=CARTESIAN_POINT('',(-5.661329517806E0,-3.897757737407E0,
1.749384229107E1));
#21006=DIRECTION('',(0.E0,0.E0,1.E0));
#21007=DIRECTION('',(1.E0,0.E0,0.E0));
#21008=AXIS2_PLACEMENT_3D('',#21005,#21006,#21007);
#21010=VIEW_VOLUME(.PARALLEL.,#21004,1.749384229107E1,1.749384229107E1,.T.,0.E0,
.F.,.T.,#21009);
#21011=CARTESIAN_POINT('',(1.597993272548E0,1.192572230856E1,1.443957237294E1));
#21012=DIRECTION('',(3.894183423087E-1,7.214918620107E-1,5.725406952575E-1));
#21013=DIRECTION('',(9.210609940029E-1,-3.050418666329E-1,-2.420663234065E-1));
#21014=AXIS2_PLACEMENT_3D('',#21011,#21012,#21013);
#21015=CAMERA_MODEL_D3_WITH_HLHSR('DEFAULT',#21014,#21010,.F.);
#21017=CARTESIAN_POINT('',(-5.284751199430E2,-3.638488064166E2,
1.633019306500E3));
#21018=DIRECTION('',(0.E0,0.E0,1.E0));
#21019=DIRECTION('',(1.E0,0.E0,0.E0));
#21020=AXIS2_PLACEMENT_3D('',#21017,#21018,#21019);
#21022=(CAMERA_IMAGE()CAMERA_IMAGE_3D_WITH_SCALE()GEOMETRIC_REPRESENTATION_ITEM(
)MAPPED_ITEM(#21016,#21021)REPRESENTATION_ITEM(''));
#21023=CARTESIAN_POINT('',(-5.661329517806E0,-3.897757737407E0,
1.749384229107E1));
#21024=DIRECTION('',(0.E0,0.E0,1.E0));
#21025=DIRECTION('',(1.E0,0.E0,0.E0));
#21026=AXIS2_PLACEMENT_3D('',#21023,#21024,#21025);
#21027=REPRESENTATION_MAP(#21026,#10942);
#21028=CARTESIAN_POINT('',(0.E0,0.E0));
#21029=DIRECTION('',(1.E0,0.E0));
#21030=AXIS2_PLACEMENT_2D('',#21028,#21029);
#21031=MAPPED_ITEM('',#21027,#21030);
#21032=CARTESIAN_POINT('',(-5.661329517806E0,-3.897757737407E0,
1.749384229107E1));
#21033=DIRECTION('',(0.E0,0.E0,1.E0));
#21034=DIRECTION('',(1.E0,0.E0,0.E0));
#21035=AXIS2_PLACEMENT_3D('',#21032,#21033,#21034);
#21036=REPRESENTATION_MAP(#21035,#21003);
#21037=CARTESIAN_POINT('',(0.E0,0.E0));
#21038=DIRECTION('',(1.E0,0.E0));
#21039=AXIS2_PLACEMENT_2D('',#21037,#21038);
#21040=MAPPED_ITEM('',#21036,#21039);
#21042=CARTESIAN_POINT('',(0.E0,0.E0));
#21043=DIRECTION('',(1.E0,0.E0));
#21044=AXIS2_PLACEMENT_2D('',#21042,#21043);
#21045=PLANAR_BOX('',1.E3,8.4375E2,#21044);
#21046=PRESENTATION_SIZE(#21041,#21045);
#21047=PRESENTATION_SET();
#21048=AREA_IN_SET(#21041,#21047);
#21049=APPLIED_PRESENTED_ITEM((#20982));
#21050=PRESENTED_ITEM_REPRESENTATION(#21047,#21049);
#1=COLOUR_RGB('',0.E0,4.3E-1,1.E0);
#2=COLOUR_RGB('',0.E0,6.6E-1,0.E0);
#3=COLOUR_RGB('',9.8039E-2,9.8039E-2,9.8039E-2);
#4=COLOUR_RGB('',1.80392E-1,2.7451E-1,9.8039E-2);
#5=COLOUR_RGB('',3.E-1,1.29412E-1,2.5098E-1);
#6=COLOUR_RGB('',3.13725E-1,3.13725E-1,3.13725E-1);
#7=COLOUR_RGB('',3.2E-1,4.9E-1,1.76471E-1);
#8=COLOUR_RGB('',3.5E-1,3.5E-1,3.5E-1);
#9=COLOUR_RGB('',3.92157E-1,3.92157E-1,3.92157E-1);
#10=COLOUR_RGB('',5.7E-1,0.E0,1.E0);
#11=COLOUR_RGB('',5.9E-1,3.E-1,0.E0);
#12=COLOUR_RGB('',6.E-1,6.E-1,6.E-1);
#13=COLOUR_RGB('',6.2E-1,3.3E-1,2.3E-1);
#14=COLOUR_RGB('',6.35294E-1,6.86275E-1,7.4902E-1);
#15=COLOUR_RGB('',6.9E-1,0.E0,0.E0);
#16=COLOUR_RGB('',7.E-1,7.E-1,7.E-1);
#17=COLOUR_RGB('',8.23529E-1,7.05882E-1,4.31373E-1);
#18=COLOUR_RGB('',8.39216E-1,8.90196E-1,7.68627E-1);
#19=COLOUR_RGB('',8.62745E-1,8.62745E-1,8.62745E-1);
#20=COLOUR_RGB('',8.7E-1,7.5E-1,4.9E-1);
#21=COLOUR_RGB('',9.80392E-1,9.80392E-1,9.80392E-1);
#22=COLOUR_RGB('',9.9E-1,1.E0,0.E0);
#23=COLOUR_RGB('',1.E0,5.E-1,0.E0);
#24=COLOUR_RGB('',1.E0,6.19608E-1,5.17647E-1);
#25=COLOUR_RGB('',1.E0,6.2E-1,5.2E-1);
#26=DRAUGHTING_PRE_DEFINED_COLOUR('white');
#47=CIRCLE('',#46,1.19E-1);
#62=CIRCLE('',#61,1.19E-1);
#133=CIRCLE('',#132,1.19E-1);
#148=CIRCLE('',#147,1.19E-1);
#188=EDGE_CURVE('',#177,#178,#31,.T.);
#190=EDGE_CURVE('',#177,#161,#39,.T.);
#192=EDGE_CURVE('',#161,#162,#47,.T.);
#194=EDGE_CURVE('',#162,#164,#54,.T.);
#196=EDGE_CURVE('',#164,#166,#62,.T.);
#198=EDGE_CURVE('',#166,#178,#69,.T.);
#202=ADVANCED_FACE('',(#201),#187,.F.);
#209=EDGE_CURVE('',#178,#182,#76,.T.);
#211=EDGE_CURVE('',#181,#182,#118,.T.);
#213=EDGE_CURVE('',#177,#181,#111,.T.);
#217=ADVANCED_FACE('',(#216),#207,.F.);
#237=EDGE_CURVE('',#166,#174,#83,.T.);
#239=EDGE_CURVE('',#174,#182,#125,.T.);
#243=ADVANCED_FACE('',(#242),#234,.T.);
#250=EDGE_CURVE('',#164,#172,#90,.T.);
#252=EDGE_CURVE('',#172,#174,#133,.T.);
#257=ADVANCED_FACE('',(#256),#248,.T.);
#264=EDGE_CURVE('',#162,#170,#97,.T.);
#266=EDGE_CURVE('',#170,#172,#140,.T.);
#271=ADVANCED_FACE('',(#270),#262,.T.);
#278=EDGE_CURVE('',#161,#169,#104,.T.);
#280=EDGE_CURVE('',#169,#170,#148,.T.);
#285=ADVANCED_FACE('',(#284),#276,.T.);
#292=EDGE_CURVE('',#181,#169,#155,.T.);
#298=ADVANCED_FACE('',(#297),#290,.T.);
#312=ADVANCED_FACE('',(#311),#303,.T.);
#340=CIRCLE('',#339,1.19E-1);
#355=CIRCLE('',#354,1.19E-1);
#426=CIRCLE('',#425,1.19E-1);
#441=CIRCLE('',#440,1.19E-1);
#481=EDGE_CURVE('',#470,#471,#325,.T.);
#483=EDGE_CURVE('',#470,#454,#332,.T.);
#485=EDGE_CURVE('',#454,#455,#340,.T.);
#487=EDGE_CURVE('',#455,#457,#347,.T.);
#489=EDGE_CURVE('',#457,#459,#355,.T.);
#491=EDGE_CURVE('',#459,#471,#362,.T.);
#495=ADVANCED_FACE('',(#494),#480,.F.);
#502=EDGE_CURVE('',#471,#475,#369,.T.);
#504=EDGE_CURVE('',#474,#475,#411,.T.);
#506=EDGE_CURVE('',#470,#474,#404,.T.);
#510=ADVANCED_FACE('',(#509),#500,.F.);
#525=EDGE_CURVE('',#459,#467,#376,.T.);
#527=EDGE_CURVE('',#467,#475,#418,.T.);
#531=ADVANCED_FACE('',(#530),#522,.T.);
#538=EDGE_CURVE('',#457,#465,#383,.T.);
#540=EDGE_CURVE('',#465,#467,#426,.T.);
#545=ADVANCED_FACE('',(#544),#536,.T.);
#552=EDGE_CURVE('',#455,#463,#390,.T.);
#554=EDGE_CURVE('',#463,#465,#433,.T.);
#559=ADVANCED_FACE('',(#558),#550,.T.);
#566=EDGE_CURVE('',#454,#462,#397,.T.);
#568=EDGE_CURVE('',#462,#463,#441,.T.);
#573=ADVANCED_FACE('',(#572),#564,.T.);
#580=EDGE_CURVE('',#474,#462,#448,.T.);
#586=ADVANCED_FACE('',(#585),#578,.T.);
#600=ADVANCED_FACE('',(#599),#591,.T.);
#628=CIRCLE('',#627,1.19E-1);
#643=CIRCLE('',#642,1.19E-1);
#714=CIRCLE('',#713,1.19E-1);
#729=CIRCLE('',#728,1.19E-1);
#769=EDGE_CURVE('',#758,#759,#613,.T.);
#771=EDGE_CURVE('',#758,#742,#620,.T.);
#773=EDGE_CURVE('',#742,#743,#628,.T.);
#775=EDGE_CURVE('',#743,#745,#635,.T.);
#777=EDGE_CURVE('',#745,#747,#643,.T.);
#779=EDGE_CURVE('',#747,#759,#650,.T.);
#783=ADVANCED_FACE('',(#782),#768,.F.);
#790=EDGE_CURVE('',#759,#763,#657,.T.);
#792=EDGE_CURVE('',#762,#763,#699,.T.);
#794=EDGE_CURVE('',#758,#762,#692,.T.);
#798=ADVANCED_FACE('',(#797),#788,.F.);
#813=EDGE_CURVE('',#747,#755,#664,.T.);
#815=EDGE_CURVE('',#755,#763,#706,.T.);
#819=ADVANCED_FACE('',(#818),#810,.T.);
#826=EDGE_CURVE('',#745,#753,#671,.T.);
#828=EDGE_CURVE('',#753,#755,#714,.T.);
#833=ADVANCED_FACE('',(#832),#824,.T.);
#840=EDGE_CURVE('',#743,#751,#678,.T.);
#842=EDGE_CURVE('',#751,#753,#721,.T.);
#847=ADVANCED_FACE('',(#846),#838,.T.);
#854=EDGE_CURVE('',#742,#750,#685,.T.);
#856=EDGE_CURVE('',#750,#751,#729,.T.);
#861=ADVANCED_FACE('',(#860),#852,.T.);
#868=EDGE_CURVE('',#762,#750,#736,.T.);
#874=ADVANCED_FACE('',(#873),#866,.T.);
#888=ADVANCED_FACE('',(#887),#879,.T.);
#916=CIRCLE('',#915,1.19E-1);
#931=CIRCLE('',#930,1.19E-1);
#1002=CIRCLE('',#1001,1.19E-1);
#1017=CIRCLE('',#1016,1.19E-1);
#1057=EDGE_CURVE('',#1046,#1047,#901,.T.);
#1059=EDGE_CURVE('',#1046,#1030,#908,.T.);
#1061=EDGE_CURVE('',#1030,#1031,#916,.T.);
#1063=EDGE_CURVE('',#1031,#1033,#923,.T.);
#1065=EDGE_CURVE('',#1033,#1035,#931,.T.);
#1067=EDGE_CURVE('',#1035,#1047,#938,.T.);
#1071=ADVANCED_FACE('',(#1070),#1056,.F.);
#1078=EDGE_CURVE('',#1047,#1051,#945,.T.);
#1080=EDGE_CURVE('',#1050,#1051,#987,.T.);
#1082=EDGE_CURVE('',#1046,#1050,#980,.T.);
#1086=ADVANCED_FACE('',(#1085),#1076,.F.);
#1101=EDGE_CURVE('',#1035,#1043,#952,.T.);
#1103=EDGE_CURVE('',#1043,#1051,#994,.T.);
#1107=ADVANCED_FACE('',(#1106),#1098,.T.);
#1114=EDGE_CURVE('',#1033,#1041,#959,.T.);
#1116=EDGE_CURVE('',#1041,#1043,#1002,.T.);
#1121=ADVANCED_FACE('',(#1120),#1112,.T.);
#1128=EDGE_CURVE('',#1031,#1039,#966,.T.);
#1130=EDGE_CURVE('',#1039,#1041,#1009,.T.);
#1135=ADVANCED_FACE('',(#1134),#1126,.T.);
#1142=EDGE_CURVE('',#1030,#1038,#973,.T.);
#1144=EDGE_CURVE('',#1038,#1039,#1017,.T.);
#1149=ADVANCED_FACE('',(#1148),#1140,.T.);
#1156=EDGE_CURVE('',#1050,#1038,#1024,.T.);
#1162=ADVANCED_FACE('',(#1161),#1154,.T.);
#1176=ADVANCED_FACE('',(#1175),#1167,.T.);
#1204=CIRCLE('',#1203,1.19E-1);
#1219=CIRCLE('',#1218,1.19E-1);
#1290=CIRCLE('',#1289,1.19E-1);
#1305=CIRCLE('',#1304,1.19E-1);
#1345=EDGE_CURVE('',#1334,#1335,#1189,.T.);
#1347=EDGE_CURVE('',#1334,#1318,#1196,.T.);
#1349=EDGE_CURVE('',#1318,#1319,#1204,.T.);
#1351=EDGE_CURVE('',#1319,#1321,#1211,.T.);
#1353=EDGE_CURVE('',#1321,#1323,#1219,.T.);
#1355=EDGE_CURVE('',#1323,#1335,#1226,.T.);
#1359=ADVANCED_FACE('',(#1358),#1344,.F.);
#1366=EDGE_CURVE('',#1335,#1339,#1233,.T.);
#1368=EDGE_CURVE('',#1338,#1339,#1275,.T.);
#1370=EDGE_CURVE('',#1334,#1338,#1268,.T.);
#1374=ADVANCED_FACE('',(#1373),#1364,.F.);
#1389=EDGE_CURVE('',#1323,#1331,#1240,.T.);
#1391=EDGE_CURVE('',#1331,#1339,#1282,.T.);
#1395=ADVANCED_FACE('',(#1394),#1386,.T.);
#1402=EDGE_CURVE('',#1321,#1329,#1247,.T.);
#1404=EDGE_CURVE('',#1329,#1331,#1290,.T.);
#1409=ADVANCED_FACE('',(#1408),#1400,.T.);
#1416=EDGE_CURVE('',#1319,#1327,#1254,.T.);
#1418=EDGE_CURVE('',#1327,#1329,#1297,.T.);
#1423=ADVANCED_FACE('',(#1422),#1414,.T.);
#1430=EDGE_CURVE('',#1318,#1326,#1261,.T.);
#1432=EDGE_CURVE('',#1326,#1327,#1305,.T.);
#1437=ADVANCED_FACE('',(#1436),#1428,.T.);
#1444=EDGE_CURVE('',#1338,#1326,#1312,.T.);
#1450=ADVANCED_FACE('',(#1449),#1442,.T.);
#1464=ADVANCED_FACE('',(#1463),#1455,.T.);
#1492=CIRCLE('',#1491,1.19E-1);
#1507=CIRCLE('',#1506,1.19E-1);
#1578=CIRCLE('',#1577,1.19E-1);
#1593=CIRCLE('',#1592,1.19E-1);
#1633=EDGE_CURVE('',#1622,#1623,#1477,.T.);
#1635=EDGE_CURVE('',#1611,#1623,#1484,.T.);
#1637=EDGE_CURVE('',#1609,#1611,#1492,.T.);
#1639=EDGE_CURVE('',#1607,#1609,#1499,.T.);
#1641=EDGE_CURVE('',#1606,#1607,#1507,.T.);
#1643=EDGE_CURVE('',#1622,#1606,#1514,.T.);
#1647=ADVANCED_FACE('',(#1646),#1632,.T.);
#1654=EDGE_CURVE('',#1622,#1626,#1521,.T.);
#1656=EDGE_CURVE('',#1626,#1627,#1563,.T.);
#1658=EDGE_CURVE('',#1623,#1627,#1549,.T.);
#1662=ADVANCED_FACE('',(#1661),#1652,.F.);
#1677=EDGE_CURVE('',#1606,#1614,#1528,.T.);
#1679=EDGE_CURVE('',#1626,#1614,#1570,.T.);
#1683=ADVANCED_FACE('',(#1682),#1674,.F.);
#1690=EDGE_CURVE('',#1607,#1615,#1535,.T.);
#1692=EDGE_CURVE('',#1614,#1615,#1578,.T.);
#1697=ADVANCED_FACE('',(#1696),#1688,.T.);
#1704=EDGE_CURVE('',#1609,#1617,#1542,.T.);
#1706=EDGE_CURVE('',#1615,#1617,#1585,.T.);
#1711=ADVANCED_FACE('',(#1710),#1702,.F.);
#1718=EDGE_CURVE('',#1611,#1619,#1556,.T.);
#1720=EDGE_CURVE('',#1617,#1619,#1593,.T.);
#1725=ADVANCED_FACE('',(#1724),#1716,.T.);
#1732=EDGE_CURVE('',#1619,#1627,#1600,.T.);
#1738=ADVANCED_FACE('',(#1737),#1730,.F.);
#1752=ADVANCED_FACE('',(#1751),#1743,.F.);
#1780=CIRCLE('',#1779,1.19E-1);
#1795=CIRCLE('',#1794,1.19E-1);
#1866=CIRCLE('',#1865,1.19E-1);
#1881=CIRCLE('',#1880,1.19E-1);
#1921=EDGE_CURVE('',#1910,#1911,#1765,.T.);
#1923=EDGE_CURVE('',#1899,#1911,#1772,.T.);
#1925=EDGE_CURVE('',#1897,#1899,#1780,.T.);
#1927=EDGE_CURVE('',#1895,#1897,#1787,.T.);
#1929=EDGE_CURVE('',#1894,#1895,#1795,.T.);
#1931=EDGE_CURVE('',#1910,#1894,#1802,.T.);
#1935=ADVANCED_FACE('',(#1934),#1920,.T.);
#1942=EDGE_CURVE('',#1910,#1914,#1809,.T.);
#1944=EDGE_CURVE('',#1914,#1915,#1851,.T.);
#1946=EDGE_CURVE('',#1911,#1915,#1837,.T.);
#1950=ADVANCED_FACE('',(#1949),#1940,.F.);
#1965=EDGE_CURVE('',#1894,#1902,#1816,.T.);
#1967=EDGE_CURVE('',#1914,#1902,#1858,.T.);
#1971=ADVANCED_FACE('',(#1970),#1962,.F.);
#1978=EDGE_CURVE('',#1895,#1903,#1823,.T.);
#1980=EDGE_CURVE('',#1902,#1903,#1866,.T.);
#1985=ADVANCED_FACE('',(#1984),#1976,.T.);
#1992=EDGE_CURVE('',#1897,#1905,#1830,.T.);
#1994=EDGE_CURVE('',#1903,#1905,#1873,.T.);
#1999=ADVANCED_FACE('',(#1998),#1990,.F.);
#2006=EDGE_CURVE('',#1899,#1907,#1844,.T.);
#2008=EDGE_CURVE('',#1905,#1907,#1881,.T.);
#2013=ADVANCED_FACE('',(#2012),#2004,.T.);
#2020=EDGE_CURVE('',#1907,#1915,#1888,.T.);
#2026=ADVANCED_FACE('',(#2025),#2018,.F.);
#2040=ADVANCED_FACE('',(#2039),#2031,.F.);
#2068=CIRCLE('',#2067,1.19E-1);
#2083=CIRCLE('',#2082,1.19E-1);
#2154=CIRCLE('',#2153,1.19E-1);
#2169=CIRCLE('',#2168,1.19E-1);
#2209=EDGE_CURVE('',#2198,#2199,#2053,.T.);
#2211=EDGE_CURVE('',#2187,#2199,#2060,.T.);
#2213=EDGE_CURVE('',#2185,#2187,#2068,.T.);
#2215=EDGE_CURVE('',#2183,#2185,#2075,.T.);
#2217=EDGE_CURVE('',#2182,#2183,#2083,.T.);
#2219=EDGE_CURVE('',#2198,#2182,#2090,.T.);
#2223=ADVANCED_FACE('',(#2222),#2208,.T.);
#2230=EDGE_CURVE('',#2198,#2202,#2097,.T.);
#2232=EDGE_CURVE('',#2202,#2203,#2139,.T.);
#2234=EDGE_CURVE('',#2199,#2203,#2125,.T.);
#2238=ADVANCED_FACE('',(#2237),#2228,.F.);
#2253=EDGE_CURVE('',#2182,#2190,#2104,.T.);
#2255=EDGE_CURVE('',#2202,#2190,#2146,.T.);
#2259=ADVANCED_FACE('',(#2258),#2250,.F.);
#2266=EDGE_CURVE('',#2183,#2191,#2111,.T.);
#2268=EDGE_CURVE('',#2190,#2191,#2154,.T.);
#2273=ADVANCED_FACE('',(#2272),#2264,.T.);
#2280=EDGE_CURVE('',#2185,#2193,#2118,.T.);
#2282=EDGE_CURVE('',#2191,#2193,#2161,.T.);
#2287=ADVANCED_FACE('',(#2286),#2278,.F.);
#2294=EDGE_CURVE('',#2187,#2195,#2132,.T.);
#2296=EDGE_CURVE('',#2193,#2195,#2169,.T.);
#2301=ADVANCED_FACE('',(#2300),#2292,.T.);
#2308=EDGE_CURVE('',#2195,#2203,#2176,.T.);
#2314=ADVANCED_FACE('',(#2313),#2306,.F.);
#2328=ADVANCED_FACE('',(#2327),#2319,.F.);
#2356=CIRCLE('',#2355,1.19E-1);
#2371=CIRCLE('',#2370,1.19E-1);
#2442=CIRCLE('',#2441,1.19E-1);
#2457=CIRCLE('',#2456,1.19E-1);
#2497=EDGE_CURVE('',#2486,#2487,#2341,.T.);
#2499=EDGE_CURVE('',#2475,#2487,#2348,.T.);
#2501=EDGE_CURVE('',#2473,#2475,#2356,.T.);
#2503=EDGE_CURVE('',#2471,#2473,#2363,.T.);
#2505=EDGE_CURVE('',#2470,#2471,#2371,.T.);
#2507=EDGE_CURVE('',#2486,#2470,#2378,.T.);
#2511=ADVANCED_FACE('',(#2510),#2496,.T.);
#2518=EDGE_CURVE('',#2486,#2490,#2385,.T.);
#2520=EDGE_CURVE('',#2490,#2491,#2427,.T.);
#2522=EDGE_CURVE('',#2487,#2491,#2413,.T.);
#2526=ADVANCED_FACE('',(#2525),#2516,.F.);
#2541=EDGE_CURVE('',#2470,#2478,#2392,.T.);
#2543=EDGE_CURVE('',#2490,#2478,#2434,.T.);
#2547=ADVANCED_FACE('',(#2546),#2538,.F.);
#2554=EDGE_CURVE('',#2471,#2479,#2399,.T.);
#2556=EDGE_CURVE('',#2478,#2479,#2442,.T.);
#2561=ADVANCED_FACE('',(#2560),#2552,.T.);
#2568=EDGE_CURVE('',#2473,#2481,#2406,.T.);
#2570=EDGE_CURVE('',#2479,#2481,#2449,.T.);
#2575=ADVANCED_FACE('',(#2574),#2566,.F.);
#2582=EDGE_CURVE('',#2475,#2483,#2420,.T.);
#2584=EDGE_CURVE('',#2481,#2483,#2457,.T.);
#2589=ADVANCED_FACE('',(#2588),#2580,.T.);
#2596=EDGE_CURVE('',#2483,#2491,#2464,.T.);
#2602=ADVANCED_FACE('',(#2601),#2594,.F.);
#2616=ADVANCED_FACE('',(#2615),#2607,.F.);
#2644=CIRCLE('',#2643,1.19E-1);
#2659=CIRCLE('',#2658,1.19E-1);
#2730=CIRCLE('',#2729,1.19E-1);
#2745=CIRCLE('',#2744,1.19E-1);
#2785=EDGE_CURVE('',#2774,#2775,#2629,.T.);
#2787=EDGE_CURVE('',#2763,#2775,#2636,.T.);
#2789=EDGE_CURVE('',#2761,#2763,#2644,.T.);
#2791=EDGE_CURVE('',#2759,#2761,#2651,.T.);
#2793=EDGE_CURVE('',#2758,#2759,#2659,.T.);
#2795=EDGE_CURVE('',#2774,#2758,#2666,.T.);
#2799=ADVANCED_FACE('',(#2798),#2784,.T.);
#2806=EDGE_CURVE('',#2774,#2778,#2673,.T.);
#2808=EDGE_CURVE('',#2778,#2779,#2715,.T.);
#2810=EDGE_CURVE('',#2775,#2779,#2701,.T.);
#2814=ADVANCED_FACE('',(#2813),#2804,.F.);
#2829=EDGE_CURVE('',#2758,#2766,#2680,.T.);
#2831=EDGE_CURVE('',#2778,#2766,#2722,.T.);
#2835=ADVANCED_FACE('',(#2834),#2826,.F.);
#2842=EDGE_CURVE('',#2759,#2767,#2687,.T.);
#2844=EDGE_CURVE('',#2766,#2767,#2730,.T.);
#2849=ADVANCED_FACE('',(#2848),#2840,.T.);
#2856=EDGE_CURVE('',#2761,#2769,#2694,.T.);
#2858=EDGE_CURVE('',#2767,#2769,#2737,.T.);
#2863=ADVANCED_FACE('',(#2862),#2854,.F.);
#2870=EDGE_CURVE('',#2763,#2771,#2708,.T.);
#2872=EDGE_CURVE('',#2769,#2771,#2745,.T.);
#2877=ADVANCED_FACE('',(#2876),#2868,.T.);
#2884=EDGE_CURVE('',#2771,#2779,#2752,.T.);
#2890=ADVANCED_FACE('',(#2889),#2882,.F.);
#2904=ADVANCED_FACE('',(#2903),#2895,.F.);
#2932=CIRCLE('',#2931,1.19E-1);
#2947=CIRCLE('',#2946,1.19E-1);
#3018=CIRCLE('',#3017,1.19E-1);
#3033=CIRCLE('',#3032,1.19E-1);
#3073=EDGE_CURVE('',#3062,#3063,#2917,.T.);
#3075=EDGE_CURVE('',#3062,#3046,#2924,.T.);
#3077=EDGE_CURVE('',#3046,#3047,#2932,.T.);
#3079=EDGE_CURVE('',#3047,#3049,#2939,.T.);
#3081=EDGE_CURVE('',#3049,#3051,#2947,.T.);
#3083=EDGE_CURVE('',#3051,#3063,#2954,.T.);
#3087=ADVANCED_FACE('',(#3086),#3072,.F.);
#3094=EDGE_CURVE('',#3063,#3067,#2961,.T.);
#3096=EDGE_CURVE('',#3065,#3067,#3003,.T.);
#3098=EDGE_CURVE('',#3062,#3065,#2996,.T.);
#3102=ADVANCED_FACE('',(#3101),#3092,.F.);
#3117=EDGE_CURVE('',#3051,#3059,#2968,.T.);
#3119=EDGE_CURVE('',#3059,#3067,#3010,.T.);
#3123=ADVANCED_FACE('',(#3122),#3114,.T.);
#3130=EDGE_CURVE('',#3049,#3057,#2975,.T.);
#3132=EDGE_CURVE('',#3057,#3059,#3018,.T.);
#3137=ADVANCED_FACE('',(#3136),#3128,.T.);
#3144=EDGE_CURVE('',#3047,#3055,#2982,.T.);
#3146=EDGE_CURVE('',#3055,#3057,#3025,.T.);
#3151=ADVANCED_FACE('',(#3150),#3142,.T.);
#3158=EDGE_CURVE('',#3046,#3054,#2989,.T.);
#3160=EDGE_CURVE('',#3054,#3055,#3033,.T.);
#3165=ADVANCED_FACE('',(#3164),#3156,.T.);
#3172=EDGE_CURVE('',#3065,#3054,#3040,.T.);
#3178=ADVANCED_FACE('',(#3177),#3170,.T.);
#3192=ADVANCED_FACE('',(#3191),#3183,.T.);
#3220=CIRCLE('',#3219,1.19E-1);
#3235=CIRCLE('',#3234,1.19E-1);
#3306=CIRCLE('',#3305,1.19E-1);
#3321=CIRCLE('',#3320,1.19E-1);
#3361=EDGE_CURVE('',#3350,#3351,#3205,.T.);
#3363=EDGE_CURVE('',#3350,#3334,#3212,.T.);
#3365=EDGE_CURVE('',#3334,#3335,#3220,.T.);
#3367=EDGE_CURVE('',#3335,#3337,#3227,.T.);
#3369=EDGE_CURVE('',#3337,#3339,#3235,.T.);
#3371=EDGE_CURVE('',#3339,#3351,#3242,.T.);
#3375=ADVANCED_FACE('',(#3374),#3360,.F.);
#3382=EDGE_CURVE('',#3351,#3355,#3249,.T.);
#3384=EDGE_CURVE('',#3353,#3355,#3291,.T.);
#3386=EDGE_CURVE('',#3350,#3353,#3284,.T.);
#3390=ADVANCED_FACE('',(#3389),#3380,.F.);
#3405=EDGE_CURVE('',#3339,#3347,#3256,.T.);
#3407=EDGE_CURVE('',#3347,#3355,#3298,.T.);
#3411=ADVANCED_FACE('',(#3410),#3402,.T.);
#3418=EDGE_CURVE('',#3337,#3345,#3263,.T.);
#3420=EDGE_CURVE('',#3345,#3347,#3306,.T.);
#3425=ADVANCED_FACE('',(#3424),#3416,.T.);
#3432=EDGE_CURVE('',#3335,#3343,#3270,.T.);
#3434=EDGE_CURVE('',#3343,#3345,#3313,.T.);
#3439=ADVANCED_FACE('',(#3438),#3430,.T.);
#3446=EDGE_CURVE('',#3334,#3342,#3277,.T.);
#3448=EDGE_CURVE('',#3342,#3343,#3321,.T.);
#3453=ADVANCED_FACE('',(#3452),#3444,.T.);
#3460=EDGE_CURVE('',#3353,#3342,#3328,.T.);
#3466=ADVANCED_FACE('',(#3465),#3458,.T.);
#3480=ADVANCED_FACE('',(#3479),#3471,.T.);
#3508=CIRCLE('',#3507,1.19E-1);
#3523=CIRCLE('',#3522,1.19E-1);
#3594=CIRCLE('',#3593,1.19E-1);
#3609=CIRCLE('',#3608,1.19E-1);
#3649=EDGE_CURVE('',#3638,#3639,#3493,.T.);
#3651=EDGE_CURVE('',#3638,#3622,#3500,.T.);
#3653=EDGE_CURVE('',#3622,#3623,#3508,.T.);
#3655=EDGE_CURVE('',#3623,#3625,#3515,.T.);
#3657=EDGE_CURVE('',#3625,#3627,#3523,.T.);
#3659=EDGE_CURVE('',#3627,#3639,#3530,.T.);
#3663=ADVANCED_FACE('',(#3662),#3648,.F.);
#3670=EDGE_CURVE('',#3639,#3643,#3537,.T.);
#3672=EDGE_CURVE('',#3641,#3643,#3579,.T.);
#3674=EDGE_CURVE('',#3638,#3641,#3572,.T.);
#3678=ADVANCED_FACE('',(#3677),#3668,.F.);
#3693=EDGE_CURVE('',#3627,#3635,#3544,.T.);
#3695=EDGE_CURVE('',#3635,#3643,#3586,.T.);
#3699=ADVANCED_FACE('',(#3698),#3690,.T.);
#3706=EDGE_CURVE('',#3625,#3633,#3551,.T.);
#3708=EDGE_CURVE('',#3633,#3635,#3594,.T.);
#3713=ADVANCED_FACE('',(#3712),#3704,.T.);
#3720=EDGE_CURVE('',#3623,#3631,#3558,.T.);
#3722=EDGE_CURVE('',#3631,#3633,#3601,.T.);
#3727=ADVANCED_FACE('',(#3726),#3718,.T.);
#3734=EDGE_CURVE('',#3622,#3630,#3565,.T.);
#3736=EDGE_CURVE('',#3630,#3631,#3609,.T.);
#3741=ADVANCED_FACE('',(#3740),#3732,.T.);
#3748=EDGE_CURVE('',#3641,#3630,#3616,.T.);
#3754=ADVANCED_FACE('',(#3753),#3746,.T.);
#3768=ADVANCED_FACE('',(#3767),#3759,.T.);
#3796=CIRCLE('',#3795,1.19E-1);
#3811=CIRCLE('',#3810,1.19E-1);
#3882=CIRCLE('',#3881,1.19E-1);
#3897=CIRCLE('',#3896,1.19E-1);
#3937=EDGE_CURVE('',#3926,#3927,#3781,.T.);
#3939=EDGE_CURVE('',#3926,#3910,#3788,.T.);
#3941=EDGE_CURVE('',#3910,#3911,#3796,.T.);
#3943=EDGE_CURVE('',#3911,#3913,#3803,.T.);
#3945=EDGE_CURVE('',#3913,#3915,#3811,.T.);
#3947=EDGE_CURVE('',#3915,#3927,#3818,.T.);
#3951=ADVANCED_FACE('',(#3950),#3936,.F.);
#3958=EDGE_CURVE('',#3927,#3931,#3825,.T.);
#3960=EDGE_CURVE('',#3929,#3931,#3867,.T.);
#3962=EDGE_CURVE('',#3926,#3929,#3860,.T.);
#3966=ADVANCED_FACE('',(#3965),#3956,.F.);
#3981=EDGE_CURVE('',#3915,#3923,#3832,.T.);
#3983=EDGE_CURVE('',#3923,#3931,#3874,.T.);
#3987=ADVANCED_FACE('',(#3986),#3978,.T.);
#3994=EDGE_CURVE('',#3913,#3921,#3839,.T.);
#3996=EDGE_CURVE('',#3921,#3923,#3882,.T.);
#4001=ADVANCED_FACE('',(#4000),#3992,.T.);
#4008=EDGE_CURVE('',#3911,#3919,#3846,.T.);
#4010=EDGE_CURVE('',#3919,#3921,#3889,.T.);
#4015=ADVANCED_FACE('',(#4014),#4006,.T.);
#4022=EDGE_CURVE('',#3910,#3918,#3853,.T.);
#4024=EDGE_CURVE('',#3918,#3919,#3897,.T.);
#4029=ADVANCED_FACE('',(#4028),#4020,.T.);
#4036=EDGE_CURVE('',#3929,#3918,#3904,.T.);
#4042=ADVANCED_FACE('',(#4041),#4034,.T.);
#4056=ADVANCED_FACE('',(#4055),#4047,.T.);
#4084=CIRCLE('',#4083,1.19E-1);
#4099=CIRCLE('',#4098,1.19E-1);
#4170=CIRCLE('',#4169,1.19E-1);
#4185=CIRCLE('',#4184,1.19E-1);
#4225=EDGE_CURVE('',#4214,#4215,#4069,.T.);
#4227=EDGE_CURVE('',#4203,#4215,#4076,.T.);
#4229=EDGE_CURVE('',#4201,#4203,#4084,.T.);
#4231=EDGE_CURVE('',#4199,#4201,#4091,.T.);
#4233=EDGE_CURVE('',#4198,#4199,#4099,.T.);
#4235=EDGE_CURVE('',#4214,#4198,#4106,.T.);
#4239=ADVANCED_FACE('',(#4238),#4224,.T.);
#4246=EDGE_CURVE('',#4214,#4217,#4113,.T.);
#4248=EDGE_CURVE('',#4217,#4219,#4155,.T.);
#4250=EDGE_CURVE('',#4215,#4219,#4141,.T.);
#4254=ADVANCED_FACE('',(#4253),#4244,.F.);
#4269=EDGE_CURVE('',#4198,#4206,#4120,.T.);
#4271=EDGE_CURVE('',#4217,#4206,#4162,.T.);
#4275=ADVANCED_FACE('',(#4274),#4266,.F.);
#4282=EDGE_CURVE('',#4199,#4207,#4127,.T.);
#4284=EDGE_CURVE('',#4206,#4207,#4170,.T.);
#4289=ADVANCED_FACE('',(#4288),#4280,.T.);
#4296=EDGE_CURVE('',#4201,#4209,#4134,.T.);
#4298=EDGE_CURVE('',#4207,#4209,#4177,.T.);
#4303=ADVANCED_FACE('',(#4302),#4294,.F.);
#4310=EDGE_CURVE('',#4203,#4211,#4148,.T.);
#4312=EDGE_CURVE('',#4209,#4211,#4185,.T.);
#4317=ADVANCED_FACE('',(#4316),#4308,.T.);
#4324=EDGE_CURVE('',#4211,#4219,#4192,.T.);
#4330=ADVANCED_FACE('',(#4329),#4322,.F.);
#4344=ADVANCED_FACE('',(#4343),#4335,.F.);
#4372=CIRCLE('',#4371,1.19E-1);
#4387=CIRCLE('',#4386,1.19E-1);
#4458=CIRCLE('',#4457,1.19E-1);
#4473=CIRCLE('',#4472,1.19E-1);
#4513=EDGE_CURVE('',#4502,#4503,#4357,.T.);
#4515=EDGE_CURVE('',#4491,#4503,#4364,.T.);
#4517=EDGE_CURVE('',#4489,#4491,#4372,.T.);
#4519=EDGE_CURVE('',#4487,#4489,#4379,.T.);
#4521=EDGE_CURVE('',#4486,#4487,#4387,.T.);
#4523=EDGE_CURVE('',#4502,#4486,#4394,.T.);
#4527=ADVANCED_FACE('',(#4526),#4512,.T.);
#4534=EDGE_CURVE('',#4502,#4505,#4401,.T.);
#4536=EDGE_CURVE('',#4505,#4507,#4443,.T.);
#4538=EDGE_CURVE('',#4503,#4507,#4429,.T.);
#4542=ADVANCED_FACE('',(#4541),#4532,.F.);
#4557=EDGE_CURVE('',#4486,#4494,#4408,.T.);
#4559=EDGE_CURVE('',#4505,#4494,#4450,.T.);
#4563=ADVANCED_FACE('',(#4562),#4554,.F.);
#4570=EDGE_CURVE('',#4487,#4495,#4415,.T.);
#4572=EDGE_CURVE('',#4494,#4495,#4458,.T.);
#4577=ADVANCED_FACE('',(#4576),#4568,.T.);
#4584=EDGE_CURVE('',#4489,#4497,#4422,.T.);
#4586=EDGE_CURVE('',#4495,#4497,#4465,.T.);
#4591=ADVANCED_FACE('',(#4590),#4582,.F.);
#4598=EDGE_CURVE('',#4491,#4499,#4436,.T.);
#4600=EDGE_CURVE('',#4497,#4499,#4473,.T.);
#4605=ADVANCED_FACE('',(#4604),#4596,.T.);
#4612=EDGE_CURVE('',#4499,#4507,#4480,.T.);
#4618=ADVANCED_FACE('',(#4617),#4610,.F.);
#4632=ADVANCED_FACE('',(#4631),#4623,.F.);
#4660=CIRCLE('',#4659,1.19E-1);
#4675=CIRCLE('',#4674,1.19E-1);
#4746=CIRCLE('',#4745,1.19E-1);
#4761=CIRCLE('',#4760,1.19E-1);
#4801=EDGE_CURVE('',#4790,#4791,#4645,.T.);
#4803=EDGE_CURVE('',#4779,#4791,#4652,.T.);
#4805=EDGE_CURVE('',#4777,#4779,#4660,.T.);
#4807=EDGE_CURVE('',#4775,#4777,#4667,.T.);
#4809=EDGE_CURVE('',#4774,#4775,#4675,.T.);
#4811=EDGE_CURVE('',#4790,#4774,#4682,.T.);
#4815=ADVANCED_FACE('',(#4814),#4800,.T.);
#4822=EDGE_CURVE('',#4790,#4793,#4689,.T.);
#4824=EDGE_CURVE('',#4793,#4795,#4731,.T.);
#4826=EDGE_CURVE('',#4791,#4795,#4717,.T.);
#4830=ADVANCED_FACE('',(#4829),#4820,.F.);
#4845=EDGE_CURVE('',#4774,#4782,#4696,.T.);
#4847=EDGE_CURVE('',#4793,#4782,#4738,.T.);
#4851=ADVANCED_FACE('',(#4850),#4842,.F.);
#4858=EDGE_CURVE('',#4775,#4783,#4703,.T.);
#4860=EDGE_CURVE('',#4782,#4783,#4746,.T.);
#4865=ADVANCED_FACE('',(#4864),#4856,.T.);
#4872=EDGE_CURVE('',#4777,#4785,#4710,.T.);
#4874=EDGE_CURVE('',#4783,#4785,#4753,.T.);
#4879=ADVANCED_FACE('',(#4878),#4870,.F.);
#4886=EDGE_CURVE('',#4779,#4787,#4724,.T.);
#4888=EDGE_CURVE('',#4785,#4787,#4761,.T.);
#4893=ADVANCED_FACE('',(#4892),#4884,.T.);
#4900=EDGE_CURVE('',#4787,#4795,#4768,.T.);
#4906=ADVANCED_FACE('',(#4905),#4898,.F.);
#4920=ADVANCED_FACE('',(#4919),#4911,.F.);
#4948=CIRCLE('',#4947,1.19E-1);
#4963=CIRCLE('',#4962,1.19E-1);
#5034=CIRCLE('',#5033,1.19E-1);
#5049=CIRCLE('',#5048,1.19E-1);
#5089=EDGE_CURVE('',#5078,#5079,#4933,.T.);
#5091=EDGE_CURVE('',#5067,#5079,#4940,.T.);
#5093=EDGE_CURVE('',#5065,#5067,#4948,.T.);
#5095=EDGE_CURVE('',#5063,#5065,#4955,.T.);
#5097=EDGE_CURVE('',#5062,#5063,#4963,.T.);
#5099=EDGE_CURVE('',#5078,#5062,#4970,.T.);
#5103=ADVANCED_FACE('',(#5102),#5088,.T.);
#5110=EDGE_CURVE('',#5078,#5081,#4977,.T.);
#5112=EDGE_CURVE('',#5081,#5083,#5019,.T.);
#5114=EDGE_CURVE('',#5079,#5083,#5005,.T.);
#5118=ADVANCED_FACE('',(#5117),#5108,.F.);
#5133=EDGE_CURVE('',#5062,#5070,#4984,.T.);
#5135=EDGE_CURVE('',#5081,#5070,#5026,.T.);
#5139=ADVANCED_FACE('',(#5138),#5130,.F.);
#5146=EDGE_CURVE('',#5063,#5071,#4991,.T.);
#5148=EDGE_CURVE('',#5070,#5071,#5034,.T.);
#5153=ADVANCED_FACE('',(#5152),#5144,.T.);
#5160=EDGE_CURVE('',#5065,#5073,#4998,.T.);
#5162=EDGE_CURVE('',#5071,#5073,#5041,.T.);
#5167=ADVANCED_FACE('',(#5166),#5158,.F.);
#5174=EDGE_CURVE('',#5067,#5075,#5012,.T.);
#5176=EDGE_CURVE('',#5073,#5075,#5049,.T.);
#5181=ADVANCED_FACE('',(#5180),#5172,.T.);
#5188=EDGE_CURVE('',#5075,#5083,#5056,.T.);
#5194=ADVANCED_FACE('',(#5193),#5186,.F.);
#5208=ADVANCED_FACE('',(#5207),#5199,.F.);
#5323=EDGE_CURVE('',#5312,#5313,#5221,.T.);
#5325=EDGE_CURVE('',#5312,#5304,#5228,.T.);
#5327=EDGE_CURVE('',#5304,#5305,#5235,.T.);
#5329=EDGE_CURVE('',#5305,#5313,#5242,.T.);
#5333=ADVANCED_FACE('',(#5332),#5322,.F.);
#5340=EDGE_CURVE('',#5313,#5317,#5249,.T.);
#5342=EDGE_CURVE('',#5315,#5317,#5277,.T.);
#5344=EDGE_CURVE('',#5312,#5315,#5270,.T.);
#5348=ADVANCED_FACE('',(#5347),#5338,.F.);
#5356=EDGE_CURVE('',#5305,#5309,#5256,.T.);
#5358=EDGE_CURVE('',#5309,#5317,#5284,.T.);
#5362=ADVANCED_FACE('',(#5361),#5353,.T.);
#5369=EDGE_CURVE('',#5304,#5308,#5263,.T.);
#5371=EDGE_CURVE('',#5308,#5309,#5291,.T.);
#5376=ADVANCED_FACE('',(#5375),#5367,.T.);
#5383=EDGE_CURVE('',#5315,#5308,#5298,.T.);
#5389=ADVANCED_FACE('',(#5388),#5381,.T.);
#5401=ADVANCED_FACE('',(#5400),#5394,.T.);
#5541=EDGE_CURVE('',#5530,#5531,#5414,.T.);
#5543=EDGE_CURVE('',#5531,#5518,#5421,.T.);
#5545=EDGE_CURVE('',#5518,#5523,#5428,.T.);
#5547=EDGE_CURVE('',#5522,#5523,#5435,.T.);
#5549=EDGE_CURVE('',#5522,#5530,#5442,.T.);
#5553=ADVANCED_FACE('',(#5552),#5540,.F.);
#5560=EDGE_CURVE('',#5530,#5533,#5449,.T.);
#5562=EDGE_CURVE('',#5533,#5535,#5484,.T.);
#5564=EDGE_CURVE('',#5531,#5535,#5477,.T.);
#5568=ADVANCED_FACE('',(#5567),#5558,.F.);
#5576=EDGE_CURVE('',#5527,#5522,#5456,.T.);
#5578=EDGE_CURVE('',#5527,#5533,#5491,.T.);
#5582=ADVANCED_FACE('',(#5581),#5573,.T.);
#5589=EDGE_CURVE('',#5525,#5523,#5463,.T.);
#5591=EDGE_CURVE('',#5525,#5527,#5498,.T.);
#5596=ADVANCED_FACE('',(#5595),#5587,.T.);
#5604=EDGE_CURVE('',#5518,#5519,#5470,.T.);
#5606=EDGE_CURVE('',#5519,#5525,#5505,.T.);
#5610=ADVANCED_FACE('',(#5609),#5601,.T.);
#5617=EDGE_CURVE('',#5535,#5519,#5512,.T.);
#5623=ADVANCED_FACE('',(#5622),#5615,.T.);
#5636=ADVANCED_FACE('',(#5635),#5628,.T.);
#5664=CIRCLE('',#5663,1.19E-1);
#5679=CIRCLE('',#5678,1.19E-1);
#5750=CIRCLE('',#5749,1.19E-1);
#5765=CIRCLE('',#5764,1.19E-1);
#5805=EDGE_CURVE('',#5794,#5795,#5649,.T.);
#5807=EDGE_CURVE('',#5794,#5778,#5656,.T.);
#5809=EDGE_CURVE('',#5778,#5779,#5664,.T.);
#5811=EDGE_CURVE('',#5779,#5781,#5671,.T.);
#5813=EDGE_CURVE('',#5781,#5783,#5679,.T.);
#5815=EDGE_CURVE('',#5783,#5795,#5686,.T.);
#5819=ADVANCED_FACE('',(#5818),#5804,.F.);
#5826=EDGE_CURVE('',#5795,#5799,#5693,.T.);
#5828=EDGE_CURVE('',#5798,#5799,#5735,.T.);
#5830=EDGE_CURVE('',#5794,#5798,#5728,.T.);
#5834=ADVANCED_FACE('',(#5833),#5824,.F.);
#5849=EDGE_CURVE('',#5783,#5791,#5700,.T.);
#5851=EDGE_CURVE('',#5791,#5799,#5742,.T.);
#5855=ADVANCED_FACE('',(#5854),#5846,.T.);
#5862=EDGE_CURVE('',#5781,#5789,#5707,.T.);
#5864=EDGE_CURVE('',#5789,#5791,#5750,.T.);
#5869=ADVANCED_FACE('',(#5868),#5860,.T.);
#5876=EDGE_CURVE('',#5779,#5787,#5714,.T.);
#5878=EDGE_CURVE('',#5787,#5789,#5757,.T.);
#5883=ADVANCED_FACE('',(#5882),#5874,.T.);
#5890=EDGE_CURVE('',#5778,#5786,#5721,.T.);
#5892=EDGE_CURVE('',#5786,#5787,#5765,.T.);
#5897=ADVANCED_FACE('',(#5896),#5888,.T.);
#5904=EDGE_CURVE('',#5798,#5786,#5772,.T.);
#5910=ADVANCED_FACE('',(#5909),#5902,.T.);
#5924=ADVANCED_FACE('',(#5923),#5915,.T.);
#5952=CIRCLE('',#5951,1.19E-1);
#5967=CIRCLE('',#5966,1.19E-1);
#6038=CIRCLE('',#6037,1.19E-1);
#6053=CIRCLE('',#6052,1.19E-1);
#6093=EDGE_CURVE('',#6082,#6083,#5937,.T.);
#6095=EDGE_CURVE('',#6082,#6066,#5944,.T.);
#6097=EDGE_CURVE('',#6066,#6067,#5952,.T.);
#6099=EDGE_CURVE('',#6067,#6069,#5959,.T.);
#6101=EDGE_CURVE('',#6069,#6071,#5967,.T.);
#6103=EDGE_CURVE('',#6071,#6083,#5974,.T.);
#6107=ADVANCED_FACE('',(#6106),#6092,.F.);
#6114=EDGE_CURVE('',#6083,#6087,#5981,.T.);
#6116=EDGE_CURVE('',#6086,#6087,#6023,.T.);
#6118=EDGE_CURVE('',#6082,#6086,#6016,.T.);
#6122=ADVANCED_FACE('',(#6121),#6112,.F.);
#6137=EDGE_CURVE('',#6071,#6079,#5988,.T.);
#6139=EDGE_CURVE('',#6079,#6087,#6030,.T.);
#6143=ADVANCED_FACE('',(#6142),#6134,.T.);
#6150=EDGE_CURVE('',#6069,#6077,#5995,.T.);
#6152=EDGE_CURVE('',#6077,#6079,#6038,.T.);
#6157=ADVANCED_FACE('',(#6156),#6148,.T.);
#6164=EDGE_CURVE('',#6067,#6075,#6002,.T.);
#6166=EDGE_CURVE('',#6075,#6077,#6045,.T.);
#6171=ADVANCED_FACE('',(#6170),#6162,.T.);
#6178=EDGE_CURVE('',#6066,#6074,#6009,.T.);
#6180=EDGE_CURVE('',#6074,#6075,#6053,.T.);
#6185=ADVANCED_FACE('',(#6184),#6176,.T.);
#6192=EDGE_CURVE('',#6086,#6074,#6060,.T.);
#6198=ADVANCED_FACE('',(#6197),#6190,.T.);
#6212=ADVANCED_FACE('',(#6211),#6203,.T.);
#6240=CIRCLE('',#6239,1.19E-1);
#6255=CIRCLE('',#6254,1.19E-1);
#6326=CIRCLE('',#6325,1.19E-1);
#6341=CIRCLE('',#6340,1.19E-1);
#6381=EDGE_CURVE('',#6370,#6371,#6225,.T.);
#6383=EDGE_CURVE('',#6370,#6354,#6232,.T.);
#6385=EDGE_CURVE('',#6354,#6355,#6240,.T.);
#6387=EDGE_CURVE('',#6355,#6357,#6247,.T.);
#6389=EDGE_CURVE('',#6357,#6359,#6255,.T.);
#6391=EDGE_CURVE('',#6359,#6371,#6262,.T.);
#6395=ADVANCED_FACE('',(#6394),#6380,.F.);
#6402=EDGE_CURVE('',#6371,#6375,#6269,.T.);
#6404=EDGE_CURVE('',#6374,#6375,#6311,.T.);
#6406=EDGE_CURVE('',#6370,#6374,#6304,.T.);
#6410=ADVANCED_FACE('',(#6409),#6400,.F.);
#6425=EDGE_CURVE('',#6359,#6367,#6276,.T.);
#6427=EDGE_CURVE('',#6367,#6375,#6318,.T.);
#6431=ADVANCED_FACE('',(#6430),#6422,.T.);
#6438=EDGE_CURVE('',#6357,#6365,#6283,.T.);
#6440=EDGE_CURVE('',#6365,#6367,#6326,.T.);
#6445=ADVANCED_FACE('',(#6444),#6436,.T.);
#6452=EDGE_CURVE('',#6355,#6363,#6290,.T.);
#6454=EDGE_CURVE('',#6363,#6365,#6333,.T.);
#6459=ADVANCED_FACE('',(#6458),#6450,.T.);
#6466=EDGE_CURVE('',#6354,#6362,#6297,.T.);
#6468=EDGE_CURVE('',#6362,#6363,#6341,.T.);
#6473=ADVANCED_FACE('',(#6472),#6464,.T.);
#6480=EDGE_CURVE('',#6374,#6362,#6348,.T.);
#6486=ADVANCED_FACE('',(#6485),#6478,.T.);
#6500=ADVANCED_FACE('',(#6499),#6491,.T.);
#6528=CIRCLE('',#6527,1.19E-1);
#6543=CIRCLE('',#6542,1.19E-1);
#6614=CIRCLE('',#6613,1.19E-1);
#6629=CIRCLE('',#6628,1.19E-1);
#6669=EDGE_CURVE('',#6658,#6659,#6513,.T.);
#6671=EDGE_CURVE('',#6658,#6642,#6520,.T.);
#6673=EDGE_CURVE('',#6642,#6643,#6528,.T.);
#6675=EDGE_CURVE('',#6643,#6645,#6535,.T.);
#6677=EDGE_CURVE('',#6645,#6647,#6543,.T.);
#6679=EDGE_CURVE('',#6647,#6659,#6550,.T.);
#6683=ADVANCED_FACE('',(#6682),#6668,.F.);
#6690=EDGE_CURVE('',#6659,#6663,#6557,.T.);
#6692=EDGE_CURVE('',#6662,#6663,#6599,.T.);
#6694=EDGE_CURVE('',#6658,#6662,#6592,.T.);
#6698=ADVANCED_FACE('',(#6697),#6688,.F.);
#6713=EDGE_CURVE('',#6647,#6655,#6564,.T.);
#6715=EDGE_CURVE('',#6655,#6663,#6606,.T.);
#6719=ADVANCED_FACE('',(#6718),#6710,.T.);
#6726=EDGE_CURVE('',#6645,#6653,#6571,.T.);
#6728=EDGE_CURVE('',#6653,#6655,#6614,.T.);
#6733=ADVANCED_FACE('',(#6732),#6724,.T.);
#6740=EDGE_CURVE('',#6643,#6651,#6578,.T.);
#6742=EDGE_CURVE('',#6651,#6653,#6621,.T.);
#6747=ADVANCED_FACE('',(#6746),#6738,.T.);
#6754=EDGE_CURVE('',#6642,#6650,#6585,.T.);
#6756=EDGE_CURVE('',#6650,#6651,#6629,.T.);
#6761=ADVANCED_FACE('',(#6760),#6752,.T.);
#6768=EDGE_CURVE('',#6662,#6650,#6636,.T.);
#6774=ADVANCED_FACE('',(#6773),#6766,.T.);
#6788=ADVANCED_FACE('',(#6787),#6779,.T.);
#6816=CIRCLE('',#6815,1.19E-1);
#6831=CIRCLE('',#6830,1.19E-1);
#6902=CIRCLE('',#6901,1.19E-1);
#6917=CIRCLE('',#6916,1.19E-1);
#6957=EDGE_CURVE('',#6946,#6947,#6801,.T.);
#6959=EDGE_CURVE('',#6946,#6930,#6808,.T.);
#6961=EDGE_CURVE('',#6930,#6931,#6816,.T.);
#6963=EDGE_CURVE('',#6931,#6933,#6823,.T.);
#6965=EDGE_CURVE('',#6933,#6935,#6831,.T.);
#6967=EDGE_CURVE('',#6935,#6947,#6838,.T.);
#6971=ADVANCED_FACE('',(#6970),#6956,.F.);
#6978=EDGE_CURVE('',#6947,#6951,#6845,.T.);
#6980=EDGE_CURVE('',#6950,#6951,#6887,.T.);
#6982=EDGE_CURVE('',#6946,#6950,#6880,.T.);
#6986=ADVANCED_FACE('',(#6985),#6976,.F.);
#7001=EDGE_CURVE('',#6935,#6943,#6852,.T.);
#7003=EDGE_CURVE('',#6943,#6951,#6894,.T.);
#7007=ADVANCED_FACE('',(#7006),#6998,.T.);
#7014=EDGE_CURVE('',#6933,#6941,#6859,.T.);
#7016=EDGE_CURVE('',#6941,#6943,#6902,.T.);
#7021=ADVANCED_FACE('',(#7020),#7012,.T.);
#7028=EDGE_CURVE('',#6931,#6939,#6866,.T.);
#7030=EDGE_CURVE('',#6939,#6941,#6909,.T.);
#7035=ADVANCED_FACE('',(#7034),#7026,.T.);
#7042=EDGE_CURVE('',#6930,#6938,#6873,.T.);
#7044=EDGE_CURVE('',#6938,#6939,#6917,.T.);
#7049=ADVANCED_FACE('',(#7048),#7040,.T.);
#7056=EDGE_CURVE('',#6950,#6938,#6924,.T.);
#7062=ADVANCED_FACE('',(#7061),#7054,.T.);
#7076=ADVANCED_FACE('',(#7075),#7067,.T.);
#7104=CIRCLE('',#7103,1.19E-1);
#7119=CIRCLE('',#7118,1.19E-1);
#7190=CIRCLE('',#7189,1.19E-1);
#7205=CIRCLE('',#7204,1.19E-1);
#7245=EDGE_CURVE('',#7234,#7235,#7089,.T.);
#7247=EDGE_CURVE('',#7223,#7235,#7096,.T.);
#7249=EDGE_CURVE('',#7221,#7223,#7104,.T.);
#7251=EDGE_CURVE('',#7219,#7221,#7111,.T.);
#7253=EDGE_CURVE('',#7218,#7219,#7119,.T.);
#7255=EDGE_CURVE('',#7234,#7218,#7126,.T.);
#7259=ADVANCED_FACE('',(#7258),#7244,.T.);
#7266=EDGE_CURVE('',#7234,#7238,#7133,.T.);
#7268=EDGE_CURVE('',#7238,#7239,#7175,.T.);
#7270=EDGE_CURVE('',#7235,#7239,#7161,.T.);
#7274=ADVANCED_FACE('',(#7273),#7264,.F.);
#7289=EDGE_CURVE('',#7218,#7226,#7140,.T.);
#7291=EDGE_CURVE('',#7238,#7226,#7182,.T.);
#7295=ADVANCED_FACE('',(#7294),#7286,.F.);
#7302=EDGE_CURVE('',#7219,#7227,#7147,.T.);
#7304=EDGE_CURVE('',#7226,#7227,#7190,.T.);
#7309=ADVANCED_FACE('',(#7308),#7300,.T.);
#7316=EDGE_CURVE('',#7221,#7229,#7154,.T.);
#7318=EDGE_CURVE('',#7227,#7229,#7197,.T.);
#7323=ADVANCED_FACE('',(#7322),#7314,.F.);
#7330=EDGE_CURVE('',#7223,#7231,#7168,.T.);
#7332=EDGE_CURVE('',#7229,#7231,#7205,.T.);
#7337=ADVANCED_FACE('',(#7336),#7328,.T.);
#7344=EDGE_CURVE('',#7231,#7239,#7212,.T.);
#7350=ADVANCED_FACE('',(#7349),#7342,.F.);
#7364=ADVANCED_FACE('',(#7363),#7355,.F.);
#7392=CIRCLE('',#7391,1.19E-1);
#7407=CIRCLE('',#7406,1.19E-1);
#7478=CIRCLE('',#7477,1.19E-1);
#7493=CIRCLE('',#7492,1.19E-1);
#7533=EDGE_CURVE('',#7522,#7523,#7377,.T.);
#7535=EDGE_CURVE('',#7511,#7523,#7384,.T.);
#7537=EDGE_CURVE('',#7509,#7511,#7392,.T.);
#7539=EDGE_CURVE('',#7507,#7509,#7399,.T.);
#7541=EDGE_CURVE('',#7506,#7507,#7407,.T.);
#7543=EDGE_CURVE('',#7522,#7506,#7414,.T.);
#7547=ADVANCED_FACE('',(#7546),#7532,.T.);
#7554=EDGE_CURVE('',#7522,#7526,#7421,.T.);
#7556=EDGE_CURVE('',#7526,#7527,#7463,.T.);
#7558=EDGE_CURVE('',#7523,#7527,#7449,.T.);
#7562=ADVANCED_FACE('',(#7561),#7552,.F.);
#7577=EDGE_CURVE('',#7506,#7514,#7428,.T.);
#7579=EDGE_CURVE('',#7526,#7514,#7470,.T.);
#7583=ADVANCED_FACE('',(#7582),#7574,.F.);
#7590=EDGE_CURVE('',#7507,#7515,#7435,.T.);
#7592=EDGE_CURVE('',#7514,#7515,#7478,.T.);
#7597=ADVANCED_FACE('',(#7596),#7588,.T.);
#7604=EDGE_CURVE('',#7509,#7517,#7442,.T.);
#7606=EDGE_CURVE('',#7515,#7517,#7485,.T.);
#7611=ADVANCED_FACE('',(#7610),#7602,.F.);
#7618=EDGE_CURVE('',#7511,#7519,#7456,.T.);
#7620=EDGE_CURVE('',#7517,#7519,#7493,.T.);
#7625=ADVANCED_FACE('',(#7624),#7616,.T.);
#7632=EDGE_CURVE('',#7519,#7527,#7500,.T.);
#7638=ADVANCED_FACE('',(#7637),#7630,.F.);
#7652=ADVANCED_FACE('',(#7651),#7643,.F.);
#7680=CIRCLE('',#7679,1.19E-1);
#7695=CIRCLE('',#7694,1.19E-1);
#7766=CIRCLE('',#7765,1.19E-1);
#7781=CIRCLE('',#7780,1.19E-1);
#7821=EDGE_CURVE('',#7810,#7811,#7665,.T.);
#7823=EDGE_CURVE('',#7799,#7811,#7672,.T.);
#7825=EDGE_CURVE('',#7797,#7799,#7680,.T.);
#7827=EDGE_CURVE('',#7795,#7797,#7687,.T.);
#7829=EDGE_CURVE('',#7794,#7795,#7695,.T.);
#7831=EDGE_CURVE('',#7810,#7794,#7702,.T.);
#7835=ADVANCED_FACE('',(#7834),#7820,.T.);
#7842=EDGE_CURVE('',#7810,#7814,#7709,.T.);
#7844=EDGE_CURVE('',#7814,#7815,#7751,.T.);
#7846=EDGE_CURVE('',#7811,#7815,#7737,.T.);
#7850=ADVANCED_FACE('',(#7849),#7840,.F.);
#7865=EDGE_CURVE('',#7794,#7802,#7716,.T.);
#7867=EDGE_CURVE('',#7814,#7802,#7758,.T.);
#7871=ADVANCED_FACE('',(#7870),#7862,.F.);
#7878=EDGE_CURVE('',#7795,#7803,#7723,.T.);
#7880=EDGE_CURVE('',#7802,#7803,#7766,.T.);
#7885=ADVANCED_FACE('',(#7884),#7876,.T.);
#7892=EDGE_CURVE('',#7797,#7805,#7730,.T.);
#7894=EDGE_CURVE('',#7803,#7805,#7773,.T.);
#7899=ADVANCED_FACE('',(#7898),#7890,.F.);
#7906=EDGE_CURVE('',#7799,#7807,#7744,.T.);
#7908=EDGE_CURVE('',#7805,#7807,#7781,.T.);
#7913=ADVANCED_FACE('',(#7912),#7904,.T.);
#7920=EDGE_CURVE('',#7807,#7815,#7788,.T.);
#7926=ADVANCED_FACE('',(#7925),#7918,.F.);
#7940=ADVANCED_FACE('',(#7939),#7931,.F.);
#7968=CIRCLE('',#7967,1.19E-1);
#7983=CIRCLE('',#7982,1.19E-1);
#8054=CIRCLE('',#8053,1.19E-1);
#8069=CIRCLE('',#8068,1.19E-1);
#8109=EDGE_CURVE('',#8098,#8099,#7953,.T.);
#8111=EDGE_CURVE('',#8087,#8099,#7960,.T.);
#8113=EDGE_CURVE('',#8085,#8087,#7968,.T.);
#8115=EDGE_CURVE('',#8083,#8085,#7975,.T.);
#8117=EDGE_CURVE('',#8082,#8083,#7983,.T.);
#8119=EDGE_CURVE('',#8098,#8082,#7990,.T.);
#8123=ADVANCED_FACE('',(#8122),#8108,.T.);
#8130=EDGE_CURVE('',#8098,#8102,#7997,.T.);
#8132=EDGE_CURVE('',#8102,#8103,#8039,.T.);
#8134=EDGE_CURVE('',#8099,#8103,#8025,.T.);
#8138=ADVANCED_FACE('',(#8137),#8128,.F.);
#8153=EDGE_CURVE('',#8082,#8090,#8004,.T.);
#8155=EDGE_CURVE('',#8102,#8090,#8046,.T.);
#8159=ADVANCED_FACE('',(#8158),#8150,.F.);
#8166=EDGE_CURVE('',#8083,#8091,#8011,.T.);
#8168=EDGE_CURVE('',#8090,#8091,#8054,.T.);
#8173=ADVANCED_FACE('',(#8172),#8164,.T.);
#8180=EDGE_CURVE('',#8085,#8093,#8018,.T.);
#8182=EDGE_CURVE('',#8091,#8093,#8061,.T.);
#8187=ADVANCED_FACE('',(#8186),#8178,.F.);
#8194=EDGE_CURVE('',#8087,#8095,#8032,.T.);
#8196=EDGE_CURVE('',#8093,#8095,#8069,.T.);
#8201=ADVANCED_FACE('',(#8200),#8192,.T.);
#8208=EDGE_CURVE('',#8095,#8103,#8076,.T.);
#8214=ADVANCED_FACE('',(#8213),#8206,.F.);
#8228=ADVANCED_FACE('',(#8227),#8219,.F.);
#8256=CIRCLE('',#8255,1.19E-1);
#8271=CIRCLE('',#8270,1.19E-1);
#8342=CIRCLE('',#8341,1.19E-1);
#8357=CIRCLE('',#8356,1.19E-1);
#8397=EDGE_CURVE('',#8386,#8387,#8241,.T.);
#8399=EDGE_CURVE('',#8375,#8387,#8248,.T.);
#8401=EDGE_CURVE('',#8373,#8375,#8256,.T.);
#8403=EDGE_CURVE('',#8371,#8373,#8263,.T.);
#8405=EDGE_CURVE('',#8370,#8371,#8271,.T.);
#8407=EDGE_CURVE('',#8386,#8370,#8278,.T.);
#8411=ADVANCED_FACE('',(#8410),#8396,.T.);
#8418=EDGE_CURVE('',#8386,#8390,#8285,.T.);
#8420=EDGE_CURVE('',#8390,#8391,#8327,.T.);
#8422=EDGE_CURVE('',#8387,#8391,#8313,.T.);
#8426=ADVANCED_FACE('',(#8425),#8416,.F.);
#8441=EDGE_CURVE('',#8370,#8378,#8292,.T.);
#8443=EDGE_CURVE('',#8390,#8378,#8334,.T.);
#8447=ADVANCED_FACE('',(#8446),#8438,.F.);
#8454=EDGE_CURVE('',#8371,#8379,#8299,.T.);
#8456=EDGE_CURVE('',#8378,#8379,#8342,.T.);
#8461=ADVANCED_FACE('',(#8460),#8452,.T.);
#8468=EDGE_CURVE('',#8373,#8381,#8306,.T.);
#8470=EDGE_CURVE('',#8379,#8381,#8349,.T.);
#8475=ADVANCED_FACE('',(#8474),#8466,.F.);
#8482=EDGE_CURVE('',#8375,#8383,#8320,.T.);
#8484=EDGE_CURVE('',#8381,#8383,#8357,.T.);
#8489=ADVANCED_FACE('',(#8488),#8480,.T.);
#8496=EDGE_CURVE('',#8383,#8391,#8364,.T.);
#8502=ADVANCED_FACE('',(#8501),#8494,.F.);
#8516=ADVANCED_FACE('',(#8515),#8507,.F.);
#8544=CIRCLE('',#8543,1.19E-1);
#8559=CIRCLE('',#8558,1.19E-1);
#8630=CIRCLE('',#8629,1.19E-1);
#8645=CIRCLE('',#8644,1.19E-1);
#8685=EDGE_CURVE('',#8674,#8675,#8529,.T.);
#8687=EDGE_CURVE('',#8674,#8658,#8536,.T.);
#8689=EDGE_CURVE('',#8658,#8659,#8544,.T.);
#8691=EDGE_CURVE('',#8659,#8661,#8551,.T.);
#8693=EDGE_CURVE('',#8661,#8663,#8559,.T.);
#8695=EDGE_CURVE('',#8663,#8675,#8566,.T.);
#8699=ADVANCED_FACE('',(#8698),#8684,.F.);
#8706=EDGE_CURVE('',#8675,#8679,#8573,.T.);
#8708=EDGE_CURVE('',#8677,#8679,#8615,.T.);
#8710=EDGE_CURVE('',#8674,#8677,#8608,.T.);
#8714=ADVANCED_FACE('',(#8713),#8704,.F.);
#8729=EDGE_CURVE('',#8663,#8671,#8580,.T.);
#8731=EDGE_CURVE('',#8671,#8679,#8622,.T.);
#8735=ADVANCED_FACE('',(#8734),#8726,.T.);
#8742=EDGE_CURVE('',#8661,#8669,#8587,.T.);
#8744=EDGE_CURVE('',#8669,#8671,#8630,.T.);
#8749=ADVANCED_FACE('',(#8748),#8740,.T.);
#8756=EDGE_CURVE('',#8659,#8667,#8594,.T.);
#8758=EDGE_CURVE('',#8667,#8669,#8637,.T.);
#8763=ADVANCED_FACE('',(#8762),#8754,.T.);
#8770=EDGE_CURVE('',#8658,#8666,#8601,.T.);
#8772=EDGE_CURVE('',#8666,#8667,#8645,.T.);
#8777=ADVANCED_FACE('',(#8776),#8768,.T.);
#8784=EDGE_CURVE('',#8677,#8666,#8652,.T.);
#8790=ADVANCED_FACE('',(#8789),#8782,.T.);
#8804=ADVANCED_FACE('',(#8803),#8795,.T.);
#8832=CIRCLE('',#8831,1.19E-1);
#8847=CIRCLE('',#8846,1.19E-1);
#8918=CIRCLE('',#8917,1.19E-1);
#8933=CIRCLE('',#8932,1.19E-1);
#8973=EDGE_CURVE('',#8962,#8963,#8817,.T.);
#8975=EDGE_CURVE('',#8951,#8963,#8824,.T.);
#8977=EDGE_CURVE('',#8949,#8951,#8832,.T.);
#8979=EDGE_CURVE('',#8947,#8949,#8839,.T.);
#8981=EDGE_CURVE('',#8946,#8947,#8847,.T.);
#8983=EDGE_CURVE('',#8962,#8946,#8854,.T.);
#8987=ADVANCED_FACE('',(#8986),#8972,.T.);
#8994=EDGE_CURVE('',#8962,#8965,#8861,.T.);
#8996=EDGE_CURVE('',#8965,#8967,#8903,.T.);
#8998=EDGE_CURVE('',#8963,#8967,#8889,.T.);
#9002=ADVANCED_FACE('',(#9001),#8992,.F.);
#9017=EDGE_CURVE('',#8946,#8954,#8868,.T.);
#9019=EDGE_CURVE('',#8965,#8954,#8910,.T.);
#9023=ADVANCED_FACE('',(#9022),#9014,.F.);
#9030=EDGE_CURVE('',#8947,#8955,#8875,.T.);
#9032=EDGE_CURVE('',#8954,#8955,#8918,.T.);
#9037=ADVANCED_FACE('',(#9036),#9028,.T.);
#9044=EDGE_CURVE('',#8949,#8957,#8882,.T.);
#9046=EDGE_CURVE('',#8955,#8957,#8925,.T.);
#9051=ADVANCED_FACE('',(#9050),#9042,.F.);
#9058=EDGE_CURVE('',#8951,#8959,#8896,.T.);
#9060=EDGE_CURVE('',#8957,#8959,#8933,.T.);
#9065=ADVANCED_FACE('',(#9064),#9056,.T.);
#9072=EDGE_CURVE('',#8959,#8967,#8940,.T.);
#9078=ADVANCED_FACE('',(#9077),#9070,.F.);
#9092=ADVANCED_FACE('',(#9091),#9083,.F.);
#9120=CIRCLE('',#9119,1.19E-1);
#9135=CIRCLE('',#9134,1.19E-1);
#9206=CIRCLE('',#9205,1.19E-1);
#9221=CIRCLE('',#9220,1.19E-1);
#9261=EDGE_CURVE('',#9250,#9251,#9105,.T.);
#9263=EDGE_CURVE('',#9250,#9234,#9112,.T.);
#9265=EDGE_CURVE('',#9234,#9235,#9120,.T.);
#9267=EDGE_CURVE('',#9235,#9237,#9127,.T.);
#9269=EDGE_CURVE('',#9237,#9239,#9135,.T.);
#9271=EDGE_CURVE('',#9239,#9251,#9142,.T.);
#9275=ADVANCED_FACE('',(#9274),#9260,.F.);
#9282=EDGE_CURVE('',#9251,#9255,#9149,.T.);
#9284=EDGE_CURVE('',#9254,#9255,#9191,.T.);
#9286=EDGE_CURVE('',#9250,#9254,#9184,.T.);
#9290=ADVANCED_FACE('',(#9289),#9280,.F.);
#9305=EDGE_CURVE('',#9239,#9247,#9156,.T.);
#9307=EDGE_CURVE('',#9247,#9255,#9198,.T.);
#9311=ADVANCED_FACE('',(#9310),#9302,.T.);
#9318=EDGE_CURVE('',#9237,#9245,#9163,.T.);
#9320=EDGE_CURVE('',#9245,#9247,#9206,.T.);
#9325=ADVANCED_FACE('',(#9324),#9316,.T.);
#9332=EDGE_CURVE('',#9235,#9243,#9170,.T.);
#9334=EDGE_CURVE('',#9243,#9245,#9213,.T.);
#9339=ADVANCED_FACE('',(#9338),#9330,.T.);
#9346=EDGE_CURVE('',#9234,#9242,#9177,.T.);
#9348=EDGE_CURVE('',#9242,#9243,#9221,.T.);
#9353=ADVANCED_FACE('',(#9352),#9344,.T.);
#9360=EDGE_CURVE('',#9254,#9242,#9228,.T.);
#9366=ADVANCED_FACE('',(#9365),#9358,.T.);
#9380=ADVANCED_FACE('',(#9379),#9371,.T.);
#9408=CIRCLE('',#9407,1.19E-1);
#9423=CIRCLE('',#9422,1.19E-1);
#9494=CIRCLE('',#9493,1.19E-1);
#9509=CIRCLE('',#9508,1.19E-1);
#9549=EDGE_CURVE('',#9538,#9539,#9393,.T.);
#9551=EDGE_CURVE('',#9538,#9522,#9400,.T.);
#9553=EDGE_CURVE('',#9522,#9523,#9408,.T.);
#9555=EDGE_CURVE('',#9523,#9525,#9415,.T.);
#9557=EDGE_CURVE('',#9525,#9527,#9423,.T.);
#9559=EDGE_CURVE('',#9527,#9539,#9430,.T.);
#9563=ADVANCED_FACE('',(#9562),#9548,.F.);
#9570=EDGE_CURVE('',#9539,#9543,#9437,.T.);
#9572=EDGE_CURVE('',#9542,#9543,#9479,.T.);
#9574=EDGE_CURVE('',#9538,#9542,#9472,.T.);
#9578=ADVANCED_FACE('',(#9577),#9568,.F.);
#9593=EDGE_CURVE('',#9527,#9535,#9444,.T.);
#9595=EDGE_CURVE('',#9535,#9543,#9486,.T.);
#9599=ADVANCED_FACE('',(#9598),#9590,.T.);
#9606=EDGE_CURVE('',#9525,#9533,#9451,.T.);
#9608=EDGE_CURVE('',#9533,#9535,#9494,.T.);
#9613=ADVANCED_FACE('',(#9612),#9604,.T.);
#9620=EDGE_CURVE('',#9523,#9531,#9458,.T.);
#9622=EDGE_CURVE('',#9531,#9533,#9501,.T.);
#9627=ADVANCED_FACE('',(#9626),#9618,.T.);
#9634=EDGE_CURVE('',#9522,#9530,#9465,.T.);
#9636=EDGE_CURVE('',#9530,#9531,#9509,.T.);
#9641=ADVANCED_FACE('',(#9640),#9632,.T.);
#9648=EDGE_CURVE('',#9542,#9530,#9516,.T.);
#9654=ADVANCED_FACE('',(#9653),#9646,.T.);
#9668=ADVANCED_FACE('',(#9667),#9659,.T.);
#9696=CIRCLE('',#9695,1.19E-1);
#9711=CIRCLE('',#9710,1.19E-1);
#9782=CIRCLE('',#9781,1.19E-1);
#9797=CIRCLE('',#9796,1.19E-1);
#9837=EDGE_CURVE('',#9826,#9827,#9681,.T.);
#9839=EDGE_CURVE('',#9815,#9827,#9688,.T.);
#9841=EDGE_CURVE('',#9813,#9815,#9696,.T.);
#9843=EDGE_CURVE('',#9811,#9813,#9703,.T.);
#9845=EDGE_CURVE('',#9810,#9811,#9711,.T.);
#9847=EDGE_CURVE('',#9826,#9810,#9718,.T.);
#9851=ADVANCED_FACE('',(#9850),#9836,.T.);
#9858=EDGE_CURVE('',#9826,#9830,#9725,.T.);
#9860=EDGE_CURVE('',#9830,#9831,#9767,.T.);
#9862=EDGE_CURVE('',#9827,#9831,#9753,.T.);
#9866=ADVANCED_FACE('',(#9865),#9856,.F.);
#9881=EDGE_CURVE('',#9810,#9818,#9732,.T.);
#9883=EDGE_CURVE('',#9830,#9818,#9774,.T.);
#9887=ADVANCED_FACE('',(#9886),#9878,.F.);
#9894=EDGE_CURVE('',#9811,#9819,#9739,.T.);
#9896=EDGE_CURVE('',#9818,#9819,#9782,.T.);
#9901=ADVANCED_FACE('',(#9900),#9892,.T.);
#9908=EDGE_CURVE('',#9813,#9821,#9746,.T.);
#9910=EDGE_CURVE('',#9819,#9821,#9789,.T.);
#9915=ADVANCED_FACE('',(#9914),#9906,.F.);
#9922=EDGE_CURVE('',#9815,#9823,#9760,.T.);
#9924=EDGE_CURVE('',#9821,#9823,#9797,.T.);
#9929=ADVANCED_FACE('',(#9928),#9920,.T.);
#9936=EDGE_CURVE('',#9823,#9831,#9804,.T.);
#9942=ADVANCED_FACE('',(#9941),#9934,.F.);
#9956=ADVANCED_FACE('',(#9955),#9947,.F.);
#9984=CIRCLE('',#9983,1.19E-1);
#9999=CIRCLE('',#9998,1.19E-1);
#10070=CIRCLE('',#10069,1.19E-1);
#10085=CIRCLE('',#10084,1.19E-1);
#10125=EDGE_CURVE('',#10114,#10115,#9969,.T.);
#10127=EDGE_CURVE('',#10103,#10115,#9976,.T.);
#10129=EDGE_CURVE('',#10101,#10103,#9984,.T.);
#10131=EDGE_CURVE('',#10099,#10101,#9991,.T.);
#10133=EDGE_CURVE('',#10098,#10099,#9999,.T.);
#10135=EDGE_CURVE('',#10114,#10098,#10006,.T.);
#10139=ADVANCED_FACE('',(#10138),#10124,.T.);
#10146=EDGE_CURVE('',#10114,#10118,#10013,.T.);
#10148=EDGE_CURVE('',#10118,#10119,#10055,.T.);
#10150=EDGE_CURVE('',#10115,#10119,#10041,.T.);
#10154=ADVANCED_FACE('',(#10153),#10144,.F.);
#10169=EDGE_CURVE('',#10098,#10106,#10020,.T.);
#10171=EDGE_CURVE('',#10118,#10106,#10062,.T.);
#10175=ADVANCED_FACE('',(#10174),#10166,.F.);
#10182=EDGE_CURVE('',#10099,#10107,#10027,.T.);
#10184=EDGE_CURVE('',#10106,#10107,#10070,.T.);
#10189=ADVANCED_FACE('',(#10188),#10180,.T.);
#10196=EDGE_CURVE('',#10101,#10109,#10034,.T.);
#10198=EDGE_CURVE('',#10107,#10109,#10077,.T.);
#10203=ADVANCED_FACE('',(#10202),#10194,.F.);
#10210=EDGE_CURVE('',#10103,#10111,#10048,.T.);
#10212=EDGE_CURVE('',#10109,#10111,#10085,.T.);
#10217=ADVANCED_FACE('',(#10216),#10208,.T.);
#10224=EDGE_CURVE('',#10111,#10119,#10092,.T.);
#10230=ADVANCED_FACE('',(#10229),#10222,.F.);
#10244=ADVANCED_FACE('',(#10243),#10235,.F.);
#10272=CIRCLE('',#10271,1.19E-1);
#10287=CIRCLE('',#10286,1.19E-1);
#10358=CIRCLE('',#10357,1.19E-1);
#10373=CIRCLE('',#10372,1.19E-1);
#10413=EDGE_CURVE('',#10402,#10403,#10257,.T.);
#10415=EDGE_CURVE('',#10402,#10386,#10264,.T.);
#10417=EDGE_CURVE('',#10386,#10387,#10272,.T.);
#10419=EDGE_CURVE('',#10387,#10389,#10279,.T.);
#10421=EDGE_CURVE('',#10389,#10391,#10287,.T.);
#10423=EDGE_CURVE('',#10391,#10403,#10294,.T.);
#10427=ADVANCED_FACE('',(#10426),#10412,.F.);
#10434=EDGE_CURVE('',#10403,#10407,#10301,.T.);
#10436=EDGE_CURVE('',#10406,#10407,#10343,.T.);
#10438=EDGE_CURVE('',#10402,#10406,#10336,.T.);
#10442=ADVANCED_FACE('',(#10441),#10432,.F.);
#10457=EDGE_CURVE('',#10391,#10399,#10308,.T.);
#10459=EDGE_CURVE('',#10399,#10407,#10350,.T.);
#10463=ADVANCED_FACE('',(#10462),#10454,.T.);
#10470=EDGE_CURVE('',#10389,#10397,#10315,.T.);
#10472=EDGE_CURVE('',#10397,#10399,#10358,.T.);
#10477=ADVANCED_FACE('',(#10476),#10468,.T.);
#10484=EDGE_CURVE('',#10387,#10395,#10322,.T.);
#10486=EDGE_CURVE('',#10395,#10397,#10365,.T.);
#10491=ADVANCED_FACE('',(#10490),#10482,.T.);
#10498=EDGE_CURVE('',#10386,#10394,#10329,.T.);
#10500=EDGE_CURVE('',#10394,#10395,#10373,.T.);
#10505=ADVANCED_FACE('',(#10504),#10496,.T.);
#10512=EDGE_CURVE('',#10406,#10394,#10380,.T.);
#10518=ADVANCED_FACE('',(#10517),#10510,.T.);
#10532=ADVANCED_FACE('',(#10531),#10523,.T.);
#10560=CIRCLE('',#10559,1.19E-1);
#10575=CIRCLE('',#10574,1.19E-1);
#10646=CIRCLE('',#10645,1.19E-1);
#10661=CIRCLE('',#10660,1.19E-1);
#10701=EDGE_CURVE('',#10690,#10691,#10545,.T.);
#10703=EDGE_CURVE('',#10679,#10691,#10552,.T.);
#10705=EDGE_CURVE('',#10677,#10679,#10560,.T.);
#10707=EDGE_CURVE('',#10675,#10677,#10567,.T.);
#10709=EDGE_CURVE('',#10674,#10675,#10575,.T.);
#10711=EDGE_CURVE('',#10690,#10674,#10582,.T.);
#10715=ADVANCED_FACE('',(#10714),#10700,.T.);
#10722=EDGE_CURVE('',#10690,#10694,#10589,.T.);
#10724=EDGE_CURVE('',#10694,#10695,#10631,.T.);
#10726=EDGE_CURVE('',#10691,#10695,#10617,.T.);
#10730=ADVANCED_FACE('',(#10729),#10720,.F.);
#10745=EDGE_CURVE('',#10674,#10682,#10596,.T.);
#10747=EDGE_CURVE('',#10694,#10682,#10638,.T.);
#10751=ADVANCED_FACE('',(#10750),#10742,.F.);
#10758=EDGE_CURVE('',#10675,#10683,#10603,.T.);
#10760=EDGE_CURVE('',#10682,#10683,#10646,.T.);
#10765=ADVANCED_FACE('',(#10764),#10756,.T.);
#10772=EDGE_CURVE('',#10677,#10685,#10610,.T.);
#10774=EDGE_CURVE('',#10683,#10685,#10653,.T.);
#10779=ADVANCED_FACE('',(#10778),#10770,.F.);
#10786=EDGE_CURVE('',#10679,#10687,#10624,.T.);
#10788=EDGE_CURVE('',#10685,#10687,#10661,.T.);
#10793=ADVANCED_FACE('',(#10792),#10784,.T.);
#10800=EDGE_CURVE('',#10687,#10695,#10668,.T.);
#10806=ADVANCED_FACE('',(#10805),#10798,.F.);
#10820=ADVANCED_FACE('',(#10819),#10811,.F.);
#10829=(LENGTH_UNIT()NAMED_UNIT(*)SI_UNIT(.MILLI.,.METRE.));
#10830=(NAMED_UNIT(*)PLANE_ANGLE_UNIT()SI_UNIT($,.RADIAN.));
#10833=(NAMED_UNIT(*)SI_UNIT($,.STERADIAN.)SOLID_ANGLE_UNIT());
#10835=(GEOMETRIC_REPRESENTATION_CONTEXT(3)GLOBAL_UNCERTAINTY_ASSIGNED_CONTEXT((
#10834))GLOBAL_UNIT_ASSIGNED_CONTEXT((#10829,#10832,#10833))REPRESENTATION_CONTEXT('ID1','3'));
#10839=AXIS2_PLACEMENT_3D('',#10836,#10837,#10838);
#10840=ADVANCED_BREP_SHAPE_REPRESENTATION('',(#10839,#314,#602,#890,#1178,#1466,
#1754,#2042,#2330,#2618,#2906,#3194,#3482,#3770,#4058,#4346,#4634,#4922,#5210,
#5403,#5638,#5926,#6214,#6502,#6790,#7078,#7366,#7654,#7942,#8230,#8518,#8806,
#9094,#9382,#9670,#9958,#10246,#10534,#10822),#10835);
#10847=PRODUCT_DEFINITION('part definition','',#10846,#10843);
#10848=PRODUCT_DEFINITION_SHAPE('','SHAPE FOR FRAME.',#10847);
#10849=SHAPE_ASPECT('','solid data associated with FRAME',#10848,.F.);
#10850=PROPERTY_DEFINITION('',
'shape for solid data with which properties are associated',#10849);
#10851=SHAPE_REPRESENTATION('',(#10822),#10835);
#10852=SHAPE_DEFINITION_REPRESENTATION(#10850,#10851);
#10853=(LENGTH_UNIT()NAMED_UNIT(*)SI_UNIT(.MILLI.,.METRE.));
#10857=PROPERTY_DEFINITION('geometric validation property','area of FRAME',
#10849);
#10858=REPRESENTATION('surface area',(#10856),#10835);
#10859=PROPERTY_DEFINITION_REPRESENTATION(#10857,#10858);
#10860=(LENGTH_UNIT()NAMED_UNIT(*)SI_UNIT(.MILLI.,.METRE.));
#10864=PROPERTY_DEFINITION('geometric validation property','volume of FRAME',
#10849);
#10865=REPRESENTATION('volume',(#10863),#10835);
#10866=PROPERTY_DEFINITION_REPRESENTATION(#10864,#10865);
#10868=PROPERTY_DEFINITION('geometric validation property','centroid of FRAME',
#10849);
#10869=REPRESENTATION('centroid',(#10867),#10835);
#10870=PROPERTY_DEFINITION_REPRESENTATION(#10868,#10869);
#10871=(LENGTH_UNIT()NAMED_UNIT(*)SI_UNIT(.MILLI.,.METRE.));
#10875=PROPERTY_DEFINITION('geometric validation property','area of FRAME',
#10848);
#10876=REPRESENTATION('surface area',(#10874),#10835);
#10877=PROPERTY_DEFINITION_REPRESENTATION(#10875,#10876);
#10878=(LENGTH_UNIT()NAMED_UNIT(*)SI_UNIT(.MILLI.,.METRE.));
#10882=PROPERTY_DEFINITION('geometric validation property','volume of FRAME',
#10848);
#10883=REPRESENTATION('volume',(#10881),#10835);
#10884=PROPERTY_DEFINITION_REPRESENTATION(#10882,#10883);
#10886=PROPERTY_DEFINITION('geometric validation property','centroid of FRAME',
#10848);
#10887=REPRESENTATION('centroid',(#10885),#10835);
#10888=PROPERTY_DEFINITION_REPRESENTATION(#10886,#10887);
#10889=SHAPE_DEFINITION_REPRESENTATION(#10848,#10840);
#10898=PLANAR_BOX('',8.470518460954E0,7.146999951430E0,#10897);
#10905=CAMERA_USAGE(#10904,#10891);
#10910=PLANAR_BOX('',1.E3,8.4375E2,#10909);
#10930=PRESENTATION_AREA('',(#10929,#10934),#10890);
#10940=SHAPE_DEFINITION_REPRESENTATION(#10941,#10942);
#10941=PRODUCT_DEFINITION_SHAPE('','SHAPE FOR QFN_ASM.',#20982);
#10942=SHAPE_REPRESENTATION('',(#10952,#20886,#20963,#20977),#20973);
#10943=NEXT_ASSEMBLY_USAGE_OCCURRENCE('0','Next assembly relationship','FRAME',
#20982,#10847,$);
#10944=PRODUCT_DEFINITION_SHAPE('Placement #0',
'Placement of FRAME with respect to QFN_ASM',#10943);
#10946=PROPERTY_DEFINITION('geometric validation property','centroid of FRAME',
#10944);
#10947=REPRESENTATION('centroid',(#10945),#10835);
#10948=PROPERTY_DEFINITION_REPRESENTATION(#10946,#10947);
#10982=CIRCLE('',#10981,1.19E-1);
#10997=CIRCLE('',#10996,1.19E-1);
#11026=CIRCLE('',#11025,1.19E-1);
#11041=CIRCLE('',#11040,1.19E-1);
#11070=CIRCLE('',#11069,1.19E-1);
#11085=CIRCLE('',#11084,1.19E-1);
#11114=CIRCLE('',#11113,1.19E-1);
#11129=CIRCLE('',#11128,1.19E-1);
#11158=CIRCLE('',#11157,1.19E-1);
#11173=CIRCLE('',#11172,1.19E-1);
#11202=CIRCLE('',#11201,1.19E-1);
#11217=CIRCLE('',#11216,1.19E-1);
#11246=CIRCLE('',#11245,1.19E-1);
#11261=CIRCLE('',#11260,1.19E-1);
#11290=CIRCLE('',#11289,1.19E-1);
#11305=CIRCLE('',#11304,1.19E-1);
#11334=CIRCLE('',#11333,1.19E-1);
#11349=CIRCLE('',#11348,1.19E-1);
#11378=CIRCLE('',#11377,1.19E-1);
#11393=CIRCLE('',#11392,1.19E-1);
#11422=CIRCLE('',#11421,1.19E-1);
#11437=CIRCLE('',#11436,1.19E-1);
#11466=CIRCLE('',#11465,1.19E-1);
#11481=CIRCLE('',#11480,1.19E-1);
#11517=CIRCLE('',#11516,1.19E-1);
#11532=CIRCLE('',#11531,1.19E-1);
#11561=CIRCLE('',#11560,1.19E-1);
#11576=CIRCLE('',#11575,1.19E-1);
#11605=CIRCLE('',#11604,1.19E-1);
#11620=CIRCLE('',#11619,1.19E-1);
#11649=CIRCLE('',#11648,1.19E-1);
#11664=CIRCLE('',#11663,1.19E-1);
#11693=CIRCLE('',#11692,1.19E-1);
#11708=CIRCLE('',#11707,1.19E-1);
#11744=CIRCLE('',#11743,1.19E-1);
#11759=CIRCLE('',#11758,1.19E-1);
#11788=CIRCLE('',#11787,1.19E-1);
#11803=CIRCLE('',#11802,1.19E-1);
#11832=CIRCLE('',#11831,1.19E-1);
#11847=CIRCLE('',#11846,1.19E-1);
#11876=CIRCLE('',#11875,1.19E-1);
#11891=CIRCLE('',#11890,1.19E-1);
#11920=CIRCLE('',#11919,1.19E-1);
#11935=CIRCLE('',#11934,1.19E-1);
#11964=CIRCLE('',#11963,1.19E-1);
#11979=CIRCLE('',#11978,1.19E-1);
#12008=CIRCLE('',#12007,1.19E-1);
#12023=CIRCLE('',#12022,1.19E-1);
#12052=CIRCLE('',#12051,1.19E-1);
#12067=CIRCLE('',#12066,1.19E-1);
#12096=CIRCLE('',#12095,1.19E-1);
#12111=CIRCLE('',#12110,1.19E-1);
#12140=CIRCLE('',#12139,1.19E-1);
#12155=CIRCLE('',#12154,1.19E-1);
#12184=CIRCLE('',#12183,1.19E-1);
#12199=CIRCLE('',#12198,1.19E-1);
#12228=CIRCLE('',#12227,1.19E-1);
#12243=CIRCLE('',#12242,1.19E-1);
#12272=CIRCLE('',#12271,1.19E-1);
#12287=CIRCLE('',#12286,1.19E-1);
#12323=CIRCLE('',#12322,1.19E-1);
#12338=CIRCLE('',#12337,1.19E-1);
#12367=CIRCLE('',#12366,1.19E-1);
#12382=CIRCLE('',#12381,1.19E-1);
#12411=CIRCLE('',#12410,1.19E-1);
#12426=CIRCLE('',#12425,1.19E-1);
#12455=CIRCLE('',#12454,1.19E-1);
#12470=CIRCLE('',#12469,1.19E-1);
#12499=CIRCLE('',#12498,1.19E-1);
#12514=CIRCLE('',#12513,1.19E-1);
#12550=CIRCLE('',#12549,1.19E-1);
#12565=CIRCLE('',#12564,1.19E-1);
#12951=CIRCLE('',#12950,1.19E-1);
#12966=CIRCLE('',#12965,1.19E-1);
#13128=CIRCLE('',#13127,1.19E-1);
#13143=CIRCLE('',#13142,1.19E-1);
#13193=CIRCLE('',#13192,1.19E-1);
#13208=CIRCLE('',#13207,1.19E-1);
#13258=CIRCLE('',#13257,1.19E-1);
#13273=CIRCLE('',#13272,1.19E-1);
#13323=CIRCLE('',#13322,1.19E-1);
#13338=CIRCLE('',#13337,1.19E-1);
#13388=CIRCLE('',#13387,1.19E-1);
#13403=CIRCLE('',#13402,1.19E-1);
#13705=CIRCLE('',#13704,1.19E-1);
#13720=CIRCLE('',#13719,1.19E-1);
#13798=CIRCLE('',#13797,1.19E-1);
#13813=CIRCLE('',#13812,1.19E-1);
#13863=CIRCLE('',#13862,1.19E-1);
#13878=CIRCLE('',#13877,1.19E-1);
#13928=CIRCLE('',#13927,1.19E-1);
#13943=CIRCLE('',#13942,1.19E-1);
#13993=CIRCLE('',#13992,1.19E-1);
#14008=CIRCLE('',#14007,1.19E-1);
#14058=CIRCLE('',#14057,1.19E-1);
#14073=CIRCLE('',#14072,1.19E-1);
#14123=CIRCLE('',#14122,1.19E-1);
#14138=CIRCLE('',#14137,1.19E-1);
#14188=CIRCLE('',#14187,1.19E-1);
#14203=CIRCLE('',#14202,1.19E-1);
#14253=CIRCLE('',#14252,1.19E-1);
#14268=CIRCLE('',#14267,1.19E-1);
#14318=CIRCLE('',#14317,1.19E-1);
#14333=CIRCLE('',#14332,1.19E-1);
#14383=CIRCLE('',#14382,1.19E-1);
#14398=CIRCLE('',#14397,1.19E-1);
#14448=CIRCLE('',#14447,1.19E-1);
#14463=CIRCLE('',#14462,1.19E-1);
#14513=CIRCLE('',#14512,1.19E-1);
#14528=CIRCLE('',#14527,1.19E-1);
#14662=CIRCLE('',#14661,1.19E-1);
#14677=CIRCLE('',#14676,1.19E-1);
#14783=CIRCLE('',#14782,1.19E-1);
#14798=CIRCLE('',#14797,1.19E-1);
#14848=CIRCLE('',#14847,1.19E-1);
#14863=CIRCLE('',#14862,1.19E-1);
#14913=CIRCLE('',#14912,1.19E-1);
#14928=CIRCLE('',#14927,1.19E-1);
#14978=CIRCLE('',#14977,1.19E-1);
#14993=CIRCLE('',#14992,1.19E-1);
#15043=CIRCLE('',#15042,1.19E-1);
#15058=CIRCLE('',#15057,1.19E-1);
#15108=CIRCLE('',#15107,1.19E-1);
#15123=CIRCLE('',#15122,1.19E-1);
#15173=CIRCLE('',#15172,1.19E-1);
#15188=CIRCLE('',#15187,1.19E-1);
#15238=CIRCLE('',#15237,1.19E-1);
#15253=CIRCLE('',#15252,1.19E-1);
#15303=CIRCLE('',#15302,1.19E-1);
#15318=CIRCLE('',#15317,1.19E-1);
#15368=CIRCLE('',#15367,1.19E-1);
#15383=CIRCLE('',#15382,1.19E-1);
#15433=CIRCLE('',#15432,1.19E-1);
#15448=CIRCLE('',#15447,1.19E-1);
#15498=CIRCLE('',#15497,1.19E-1);
#15513=CIRCLE('',#15512,1.19E-1);
#15563=CIRCLE('',#15562,1.19E-1);
#15578=CIRCLE('',#15577,1.19E-1);
#15628=CIRCLE('',#15627,1.19E-1);
#15643=CIRCLE('',#15642,1.19E-1);
#15693=CIRCLE('',#15692,1.19E-1);
#15708=CIRCLE('',#15707,1.19E-1);
#15758=CIRCLE('',#15757,1.19E-1);
#15773=CIRCLE('',#15772,1.19E-1);
#16831=EDGE_CURVE('',#15938,#15939,#10960,.T.);
#16833=EDGE_CURVE('',#15938,#15950,#10967,.T.);
#16835=EDGE_CURVE('',#15950,#15951,#10974,.T.);
#16837=EDGE_CURVE('',#16349,#15951,#10982,.T.);
#16839=EDGE_CURVE('',#16347,#16349,#10989,.T.);
#16841=EDGE_CURVE('',#15947,#16347,#10997,.T.);
#16843=EDGE_CURVE('',#15946,#15947,#11004,.T.);
#16845=EDGE_CURVE('',#15946,#15958,#11011,.T.);
#16847=EDGE_CURVE('',#15958,#15959,#11018,.T.);
#16849=EDGE_CURVE('',#16353,#15959,#11026,.T.);
#16851=EDGE_CURVE('',#16351,#16353,#11033,.T.);
#16853=EDGE_CURVE('',#15955,#16351,#11041,.T.);
#16855=EDGE_CURVE('',#15954,#15955,#11048,.T.);
#16857=EDGE_CURVE('',#15954,#15966,#11055,.T.);
#16859=EDGE_CURVE('',#15966,#15967,#11062,.T.);
#16861=EDGE_CURVE('',#16357,#15967,#11070,.T.);
#16863=EDGE_CURVE('',#16355,#16357,#11077,.T.);
#16865=EDGE_CURVE('',#15963,#16355,#11085,.T.);
#16867=EDGE_CURVE('',#15962,#15963,#11092,.T.);
#16869=EDGE_CURVE('',#15962,#15974,#11099,.T.);
#16871=EDGE_CURVE('',#15974,#15975,#11106,.T.);
#16873=EDGE_CURVE('',#16361,#15975,#11114,.T.);
#16875=EDGE_CURVE('',#16359,#16361,#11121,.T.);
#16877=EDGE_CURVE('',#15971,#16359,#11129,.T.);
#16879=EDGE_CURVE('',#15970,#15971,#11136,.T.);
#16881=EDGE_CURVE('',#15970,#16167,#11143,.T.);
#16883=EDGE_CURVE('',#16167,#16519,#11150,.T.);
#16885=EDGE_CURVE('',#16517,#16519,#11158,.T.);
#16887=EDGE_CURVE('',#16515,#16517,#11165,.T.);
#16889=EDGE_CURVE('',#16513,#16515,#11173,.T.);
#16891=EDGE_CURVE('',#16512,#16513,#11180,.T.);
#16893=EDGE_CURVE('',#16512,#16531,#11187,.T.);
#16895=EDGE_CURVE('',#16531,#16529,#11194,.T.);
#16897=EDGE_CURVE('',#16527,#16529,#11202,.T.);
#16899=EDGE_CURVE('',#16525,#16527,#11209,.T.);
#16901=EDGE_CURVE('',#16523,#16525,#11217,.T.);
#16903=EDGE_CURVE('',#16522,#16523,#11224,.T.);
#16905=EDGE_CURVE('',#16522,#16543,#11231,.T.);
#16907=EDGE_CURVE('',#16543,#16541,#11238,.T.);
#16909=EDGE_CURVE('',#16539,#16541,#11246,.T.);
#16911=EDGE_CURVE('',#16537,#16539,#11253,.T.);
#16913=EDGE_CURVE('',#16535,#16537,#11261,.T.);
#16915=EDGE_CURVE('',#16534,#16535,#11268,.T.);
#16917=EDGE_CURVE('',#16534,#16555,#11275,.T.);
#16919=EDGE_CURVE('',#16555,#16553,#11282,.T.);
#16921=EDGE_CURVE('',#16551,#16553,#11290,.T.);
#16923=EDGE_CURVE('',#16549,#16551,#11297,.T.);
#16925=EDGE_CURVE('',#16547,#16549,#11305,.T.);
#16927=EDGE_CURVE('',#16546,#16547,#11312,.T.);
#16929=EDGE_CURVE('',#16546,#16567,#11319,.T.);
#16931=EDGE_CURVE('',#16567,#16565,#11326,.T.);
#16933=EDGE_CURVE('',#16563,#16565,#11334,.T.);
#16935=EDGE_CURVE('',#16561,#16563,#11341,.T.);
#16937=EDGE_CURVE('',#16559,#16561,#11349,.T.);
#16939=EDGE_CURVE('',#16558,#16559,#11356,.T.);
#16941=EDGE_CURVE('',#16558,#16683,#11363,.T.);
#16943=EDGE_CURVE('',#16683,#16725,#11370,.T.);
#16945=EDGE_CURVE('',#16723,#16725,#11378,.T.);
#16947=EDGE_CURVE('',#16721,#16723,#11385,.T.);
#16949=EDGE_CURVE('',#16719,#16721,#11393,.T.);
#16951=EDGE_CURVE('',#16718,#16719,#11400,.T.);
#16953=EDGE_CURVE('',#16718,#16737,#11407,.T.);
#16955=EDGE_CURVE('',#16737,#16735,#11414,.T.);
#16957=EDGE_CURVE('',#16733,#16735,#11422,.T.);
#16959=EDGE_CURVE('',#16731,#16733,#11429,.T.);
#16961=EDGE_CURVE('',#16729,#16731,#11437,.T.);
#16963=EDGE_CURVE('',#16728,#16729,#11444,.T.);
#16965=EDGE_CURVE('',#16728,#16771,#11451,.T.);
#16967=EDGE_CURVE('',#16771,#16797,#11458,.T.);
#16969=EDGE_CURVE('',#16795,#16797,#11466,.T.);
#16971=EDGE_CURVE('',#16793,#16795,#11473,.T.);
#16973=EDGE_CURVE('',#16791,#16793,#11481,.T.);
#16975=EDGE_CURVE('',#16790,#16791,#11488,.T.);
#16977=EDGE_CURVE('',#16790,#15921,#11495,.T.);
#16979=EDGE_CURVE('',#15921,#16050,#11502,.T.);
#16981=EDGE_CURVE('',#16050,#16051,#11509,.T.);
#16983=EDGE_CURVE('',#16051,#16399,#11517,.T.);
#16985=EDGE_CURVE('',#16399,#16401,#11524,.T.);
#16987=EDGE_CURVE('',#16401,#16055,#11532,.T.);
#16989=EDGE_CURVE('',#16054,#16055,#11539,.T.);
#16991=EDGE_CURVE('',#16054,#16058,#11546,.T.);
#16993=EDGE_CURVE('',#16058,#16059,#11553,.T.);
#16995=EDGE_CURVE('',#16059,#16403,#11561,.T.);
#16997=EDGE_CURVE('',#16403,#16405,#11568,.T.);
#16999=EDGE_CURVE('',#16405,#16063,#11576,.T.);
#17001=EDGE_CURVE('',#16062,#16063,#11583,.T.);
#17003=EDGE_CURVE('',#16062,#16066,#11590,.T.);
#17005=EDGE_CURVE('',#16066,#16067,#11597,.T.);
#17007=EDGE_CURVE('',#16067,#16407,#11605,.T.);
#17009=EDGE_CURVE('',#16407,#16409,#11612,.T.);
#17011=EDGE_CURVE('',#16409,#16071,#11620,.T.);
#17013=EDGE_CURVE('',#16070,#16071,#11627,.T.);
#17015=EDGE_CURVE('',#16070,#16074,#11634,.T.);
#17017=EDGE_CURVE('',#16074,#16075,#11641,.T.);
#17019=EDGE_CURVE('',#16075,#16411,#11649,.T.);
#17021=EDGE_CURVE('',#16411,#16413,#11656,.T.);
#17023=EDGE_CURVE('',#16413,#16079,#11664,.T.);
#17025=EDGE_CURVE('',#16078,#16079,#11671,.T.);
#17027=EDGE_CURVE('',#16078,#16169,#11678,.T.);
#17029=EDGE_CURVE('',#16169,#16627,#11685,.T.);
#17031=EDGE_CURVE('',#16627,#16629,#11693,.T.);
#17033=EDGE_CURVE('',#16629,#16631,#11700,.T.);
#17035=EDGE_CURVE('',#16631,#16633,#11708,.T.);
#17037=EDGE_CURVE('',#16171,#16633,#11715,.T.);
#17039=EDGE_CURVE('',#16171,#15923,#11722,.T.);
#17041=EDGE_CURVE('',#15923,#16173,#11729,.T.);
#17043=EDGE_CURVE('',#16173,#16799,#11736,.T.);
#17045=EDGE_CURVE('',#16799,#16801,#11744,.T.);
#17047=EDGE_CURVE('',#16801,#16803,#11751,.T.);
#17049=EDGE_CURVE('',#16803,#16805,#11759,.T.);
#17051=EDGE_CURVE('',#16176,#16805,#11766,.T.);
#17053=EDGE_CURVE('',#16176,#16177,#11773,.T.);
#17055=EDGE_CURVE('',#16177,#16747,#11780,.T.);
#17057=EDGE_CURVE('',#16747,#16749,#11788,.T.);
#17059=EDGE_CURVE('',#16749,#16751,#11795,.T.);
#17061=EDGE_CURVE('',#16751,#16753,#11803,.T.);
#17063=EDGE_CURVE('',#16180,#16753,#11810,.T.);
#17065=EDGE_CURVE('',#16180,#16181,#11817,.T.);
#17067=EDGE_CURVE('',#16181,#16739,#11824,.T.);
#17069=EDGE_CURVE('',#16739,#16741,#11832,.T.);
#17071=EDGE_CURVE('',#16741,#16743,#11839,.T.);
#17073=EDGE_CURVE('',#16743,#16745,#11847,.T.);
#17075=EDGE_CURVE('',#16184,#16745,#11854,.T.);
#17077=EDGE_CURVE('',#16184,#16185,#11861,.T.);
#17079=EDGE_CURVE('',#16185,#16611,#11868,.T.);
#17081=EDGE_CURVE('',#16611,#16613,#11876,.T.);
#17083=EDGE_CURVE('',#16613,#16615,#11883,.T.);
#17085=EDGE_CURVE('',#16615,#16617,#11891,.T.);
#17087=EDGE_CURVE('',#16188,#16617,#11898,.T.);
#17089=EDGE_CURVE('',#16188,#16189,#11905,.T.);
#17091=EDGE_CURVE('',#16189,#16603,#11912,.T.);
#17093=EDGE_CURVE('',#16603,#16605,#11920,.T.);
#17095=EDGE_CURVE('',#16605,#16607,#11927,.T.);
#17097=EDGE_CURVE('',#16607,#16609,#11935,.T.);
#17099=EDGE_CURVE('',#16192,#16609,#11942,.T.);
#17101=EDGE_CURVE('',#16192,#16193,#11949,.T.);
#17103=EDGE_CURVE('',#16193,#16593,#11956,.T.);
#17105=EDGE_CURVE('',#16593,#16595,#11964,.T.);
#17107=EDGE_CURVE('',#16595,#16597,#11971,.T.);
#17109=EDGE_CURVE('',#16597,#16599,#11979,.T.);
#17111=EDGE_CURVE('',#16601,#16599,#11986,.T.);
#17113=EDGE_CURVE('',#16601,#16582,#11993,.T.);
#17115=EDGE_CURVE('',#16582,#16583,#12000,.T.);
#17117=EDGE_CURVE('',#16583,#16585,#12008,.T.);
#17119=EDGE_CURVE('',#16585,#16587,#12015,.T.);
#17121=EDGE_CURVE('',#16587,#16589,#12023,.T.);
#17123=EDGE_CURVE('',#16591,#16589,#12030,.T.);
#17125=EDGE_CURVE('',#16591,#16570,#12037,.T.);
#17127=EDGE_CURVE('',#16570,#16571,#12044,.T.);
#17129=EDGE_CURVE('',#16571,#16573,#12052,.T.);
#17131=EDGE_CURVE('',#16573,#16575,#12059,.T.);
#17133=EDGE_CURVE('',#16575,#16577,#12067,.T.);
#17135=EDGE_CURVE('',#16579,#16577,#12074,.T.);
#17137=EDGE_CURVE('',#16579,#16010,#12081,.T.);
#17139=EDGE_CURVE('',#16010,#16011,#12088,.T.);
#17141=EDGE_CURVE('',#16011,#16379,#12096,.T.);
#17143=EDGE_CURVE('',#16379,#16381,#12103,.T.);
#17145=EDGE_CURVE('',#16381,#16015,#12111,.T.);
#17147=EDGE_CURVE('',#16014,#16015,#12118,.T.);
#17149=EDGE_CURVE('',#16014,#16002,#12125,.T.);
#17151=EDGE_CURVE('',#16002,#16003,#12132,.T.);
#17153=EDGE_CURVE('',#16003,#16375,#12140,.T.);
#17155=EDGE_CURVE('',#16375,#16377,#12147,.T.);
#17157=EDGE_CURVE('',#16377,#16007,#12155,.T.);
#17159=EDGE_CURVE('',#16006,#16007,#12162,.T.);
#17161=EDGE_CURVE('',#16006,#15994,#12169,.T.);
#17163=EDGE_CURVE('',#15994,#15995,#12176,.T.);
#17165=EDGE_CURVE('',#15995,#16371,#12184,.T.);
#17167=EDGE_CURVE('',#16371,#16373,#12191,.T.);
#17169=EDGE_CURVE('',#16373,#15999,#12199,.T.);
#17171=EDGE_CURVE('',#15998,#15999,#12206,.T.);
#17173=EDGE_CURVE('',#15998,#15986,#12213,.T.);
#17175=EDGE_CURVE('',#15986,#15987,#12220,.T.);
#17177=EDGE_CURVE('',#15987,#16367,#12228,.T.);
#17179=EDGE_CURVE('',#16367,#16369,#12235,.T.);
#17181=EDGE_CURVE('',#16369,#15991,#12243,.T.);
#17183=EDGE_CURVE('',#15990,#15991,#12250,.T.);
#17185=EDGE_CURVE('',#15990,#15978,#12257,.T.);
#17187=EDGE_CURVE('',#15978,#15979,#12264,.T.);
#17189=EDGE_CURVE('',#15979,#16363,#12272,.T.);
#17191=EDGE_CURVE('',#16363,#16365,#12279,.T.);
#17193=EDGE_CURVE('',#16365,#15983,#12287,.T.);
#17195=EDGE_CURVE('',#15982,#15983,#12294,.T.);
#17197=EDGE_CURVE('',#15982,#15925,#12301,.T.);
#17199=EDGE_CURVE('',#15925,#16195,#12308,.T.);
#17201=EDGE_CURVE('',#16195,#16625,#12315,.T.);
#17203=EDGE_CURVE('',#16623,#16625,#12323,.T.);
#17205=EDGE_CURVE('',#16621,#16623,#12330,.T.);
#17207=EDGE_CURVE('',#16619,#16621,#12338,.T.);
#17209=EDGE_CURVE('',#16197,#16619,#12345,.T.);
#17211=EDGE_CURVE('',#16197,#16046,#12352,.T.);
#17213=EDGE_CURVE('',#16046,#16047,#12359,.T.);
#17215=EDGE_CURVE('',#16397,#16047,#12367,.T.);
#17217=EDGE_CURVE('',#16395,#16397,#12374,.T.);
#17219=EDGE_CURVE('',#16043,#16395,#12382,.T.);
#17221=EDGE_CURVE('',#16042,#16043,#12389,.T.);
#17223=EDGE_CURVE('',#16042,#16038,#12396,.T.);
#17225=EDGE_CURVE('',#16038,#16039,#12403,.T.);
#17227=EDGE_CURVE('',#16393,#16039,#12411,.T.);
#17229=EDGE_CURVE('',#16391,#16393,#12418,.T.);
#17231=EDGE_CURVE('',#16035,#16391,#12426,.T.);
#17233=EDGE_CURVE('',#16034,#16035,#12433,.T.);
#17235=EDGE_CURVE('',#16034,#16030,#12440,.T.);
#17237=EDGE_CURVE('',#16030,#16031,#12447,.T.);
#17239=EDGE_CURVE('',#16389,#16031,#12455,.T.);
#17241=EDGE_CURVE('',#16387,#16389,#12462,.T.);
#17243=EDGE_CURVE('',#16027,#16387,#12470,.T.);
#17245=EDGE_CURVE('',#16026,#16027,#12477,.T.);
#17247=EDGE_CURVE('',#16026,#16022,#12484,.T.);
#17249=EDGE_CURVE('',#16022,#16023,#12491,.T.);
#17251=EDGE_CURVE('',#16385,#16023,#12499,.T.);
#17253=EDGE_CURVE('',#16383,#16385,#12506,.T.);
#17255=EDGE_CURVE('',#16019,#16383,#12514,.T.);
#17257=EDGE_CURVE('',#16018,#16019,#12521,.T.);
#17259=EDGE_CURVE('',#16018,#15919,#12528,.T.);
#17261=EDGE_CURVE('',#15919,#15942,#12535,.T.);
#17263=EDGE_CURVE('',#15942,#15943,#12542,.T.);
#17265=EDGE_CURVE('',#16345,#15943,#12550,.T.);
#17267=EDGE_CURVE('',#16343,#16345,#12557,.T.);
#17269=EDGE_CURVE('',#15939,#16343,#12565,.T.);
#17273=EDGE_CURVE('',#16082,#16083,#12572,.T.);
#17275=EDGE_CURVE('',#16082,#16093,#12579,.T.);
#17277=EDGE_CURVE('',#16092,#16093,#12586,.T.);
#17279=EDGE_CURVE('',#16825,#16092,#12593,.T.);
#17281=EDGE_CURVE('',#16825,#16083,#12600,.T.);
#17285=EDGE_CURVE('',#16086,#16087,#12607,.T.);
#17287=EDGE_CURVE('',#16823,#16086,#12614,.T.);
#17289=EDGE_CURVE('',#16823,#16089,#12621,.T.);
#17291=EDGE_CURVE('',#16087,#16089,#12628,.T.);
#17295=ADVANCED_FACE('',(#17272,#17284,#17294),#16830,.F.);
#17302=EDGE_CURVE('',#15939,#16200,#12635,.T.);
#17304=EDGE_CURVE('',#16096,#16200,#12943,.T.);
#17306=EDGE_CURVE('',#15938,#16096,#12936,.T.);
#17310=ADVANCED_FACE('',(#17309),#17300,.F.);
#17317=EDGE_CURVE('',#16343,#16201,#12642,.T.);
#17319=EDGE_CURVE('',#16200,#16201,#12951,.T.);
#17324=ADVANCED_FACE('',(#17323),#17315,.F.);
#17331=EDGE_CURVE('',#16345,#16203,#12649,.T.);
#17333=EDGE_CURVE('',#16201,#16203,#12958,.T.);
#17338=ADVANCED_FACE('',(#17337),#17329,.F.);
#17345=EDGE_CURVE('',#15943,#16205,#12656,.T.);
#17347=EDGE_CURVE('',#16203,#16205,#12966,.T.);
#17352=ADVANCED_FACE('',(#17351),#17343,.F.);
#17359=EDGE_CURVE('',#15942,#16097,#12670,.T.);
#17361=EDGE_CURVE('',#16205,#16097,#12973,.T.);
#17366=ADVANCED_FACE('',(#17365),#17357,.F.);
#17372=EDGE_CURVE('',#16096,#16097,#12663,.T.);
#17376=EDGE_CURVE('',#15919,#15912,#12677,.T.);
#17378=EDGE_CURVE('',#15912,#15913,#14719,.T.);
#17380=EDGE_CURVE('',#15921,#15913,#14549,.T.);
#17383=EDGE_CURVE('',#16790,#16808,#12684,.T.);
#17385=EDGE_CURVE('',#16808,#16809,#12691,.T.);
#17387=EDGE_CURVE('',#16771,#16809,#12698,.T.);
#17390=EDGE_CURVE('',#16728,#16760,#12705,.T.);
#17392=EDGE_CURVE('',#16760,#16761,#12712,.T.);
#17394=EDGE_CURVE('',#16737,#16761,#12719,.T.);
#17397=EDGE_CURVE('',#16718,#16756,#12726,.T.);
#17399=EDGE_CURVE('',#16756,#16757,#12733,.T.);
#17401=EDGE_CURVE('',#16683,#16757,#12740,.T.);
#17404=EDGE_CURVE('',#16558,#16652,#12747,.T.);
#17406=EDGE_CURVE('',#16652,#16653,#12754,.T.);
#17408=EDGE_CURVE('',#16567,#16653,#12761,.T.);
#17411=EDGE_CURVE('',#16546,#16648,#12768,.T.);
#17413=EDGE_CURVE('',#16648,#16649,#12775,.T.);
#17415=EDGE_CURVE('',#16555,#16649,#12782,.T.);
#17418=EDGE_CURVE('',#16534,#16644,#12789,.T.);
#17420=EDGE_CURVE('',#16644,#16645,#12796,.T.);
#17422=EDGE_CURVE('',#16543,#16645,#12803,.T.);
#17425=EDGE_CURVE('',#16522,#16640,#12810,.T.);
#17427=EDGE_CURVE('',#16640,#16641,#12817,.T.);
#17429=EDGE_CURVE('',#16531,#16641,#12824,.T.);
#17432=EDGE_CURVE('',#16512,#16636,#12831,.T.);
#17434=EDGE_CURVE('',#16636,#16637,#12838,.T.);
#17436=EDGE_CURVE('',#16167,#16637,#12845,.T.);
#17439=EDGE_CURVE('',#15970,#16112,#12852,.T.);
#17441=EDGE_CURVE('',#16112,#16113,#12859,.T.);
#17443=EDGE_CURVE('',#15974,#16113,#12866,.T.);
#17446=EDGE_CURVE('',#15962,#16108,#12873,.T.);
#17448=EDGE_CURVE('',#16108,#16109,#12880,.T.);
#17450=EDGE_CURVE('',#15966,#16109,#12887,.T.);
#17453=EDGE_CURVE('',#15954,#16104,#12894,.T.);
#17455=EDGE_CURVE('',#16104,#16105,#12901,.T.);
#17457=EDGE_CURVE('',#15958,#16105,#12908,.T.);
#17460=EDGE_CURVE('',#15946,#16100,#12915,.T.);
#17462=EDGE_CURVE('',#16100,#16101,#12922,.T.);
#17464=EDGE_CURVE('',#15950,#16101,#12929,.T.);
#17470=ADVANCED_FACE('',(#17469),#17371,.T.);
#17484=ADVANCED_FACE('',(#17483),#17475,.F.);
#17490=EDGE_CURVE('',#16018,#16151,#12980,.T.);
#17492=EDGE_CURVE('',#16151,#16153,#12987,.T.);
#17494=EDGE_CURVE('',#16022,#16153,#12994,.T.);
#17497=EDGE_CURVE('',#16026,#16155,#13001,.T.);
#17499=EDGE_CURVE('',#16155,#16157,#13008,.T.);
#17501=EDGE_CURVE('',#16030,#16157,#13015,.T.);
#17504=EDGE_CURVE('',#16034,#16159,#13022,.T.);
#17506=EDGE_CURVE('',#16159,#16161,#13029,.T.);
#17508=EDGE_CURVE('',#16038,#16161,#13036,.T.);
#17511=EDGE_CURVE('',#16042,#16163,#13043,.T.);
#17513=EDGE_CURVE('',#16163,#16165,#13050,.T.);
#17515=EDGE_CURVE('',#16046,#16165,#13057,.T.);
#17518=EDGE_CURVE('',#16197,#16679,#13064,.T.);
#17520=EDGE_CURVE('',#16679,#16681,#13071,.T.);
#17522=EDGE_CURVE('',#16195,#16681,#13078,.T.);
#17525=EDGE_CURVE('',#15925,#15917,#13085,.T.);
#17527=EDGE_CURVE('',#15917,#15912,#14726,.T.);
#17533=ADVANCED_FACE('',(#17532),#17489,.T.);
#17540=EDGE_CURVE('',#16019,#16280,#13092,.T.);
#17542=EDGE_CURVE('',#16151,#16280,#13120,.T.);
#17547=ADVANCED_FACE('',(#17546),#17538,.F.);
#17554=EDGE_CURVE('',#16383,#16281,#13099,.T.);
#17556=EDGE_CURVE('',#16280,#16281,#13128,.T.);
#17561=ADVANCED_FACE('',(#17560),#17552,.F.);
#17568=EDGE_CURVE('',#16385,#16283,#13106,.T.);
#17570=EDGE_CURVE('',#16281,#16283,#13135,.T.);
#17575=ADVANCED_FACE('',(#17574),#17566,.F.);
#17582=EDGE_CURVE('',#16023,#16285,#13113,.T.);
#17584=EDGE_CURVE('',#16283,#16285,#13143,.T.);
#17589=ADVANCED_FACE('',(#17588),#17580,.F.);
#17597=EDGE_CURVE('',#16285,#16153,#13150,.T.);
#17602=ADVANCED_FACE('',(#17601),#17594,.F.);
#17616=ADVANCED_FACE('',(#17615),#17607,.F.);
#17623=EDGE_CURVE('',#16027,#16288,#13157,.T.);
#17625=EDGE_CURVE('',#16155,#16288,#13185,.T.);
#17630=ADVANCED_FACE('',(#17629),#17621,.F.);
#17637=EDGE_CURVE('',#16387,#16289,#13164,.T.);
#17639=EDGE_CURVE('',#16288,#16289,#13193,.T.);
#17644=ADVANCED_FACE('',(#17643),#17635,.F.);
#17651=EDGE_CURVE('',#16389,#16291,#13171,.T.);
#17653=EDGE_CURVE('',#16289,#16291,#13200,.T.);
#17658=ADVANCED_FACE('',(#17657),#17649,.F.);
#17665=EDGE_CURVE('',#16031,#16293,#13178,.T.);
#17667=EDGE_CURVE('',#16291,#16293,#13208,.T.);
#17672=ADVANCED_FACE('',(#17671),#17663,.F.);
#17680=EDGE_CURVE('',#16293,#16157,#13215,.T.);
#17685=ADVANCED_FACE('',(#17684),#17677,.F.);
#17699=ADVANCED_FACE('',(#17698),#17690,.F.);
#17706=EDGE_CURVE('',#16035,#16296,#13222,.T.);
#17708=EDGE_CURVE('',#16159,#16296,#13250,.T.);
#17713=ADVANCED_FACE('',(#17712),#17704,.F.);
#17720=EDGE_CURVE('',#16391,#16297,#13229,.T.);
#17722=EDGE_CURVE('',#16296,#16297,#13258,.T.);
#17727=ADVANCED_FACE('',(#17726),#17718,.F.);
#17734=EDGE_CURVE('',#16393,#16299,#13236,.T.);
#17736=EDGE_CURVE('',#16297,#16299,#13265,.T.);
#17741=ADVANCED_FACE('',(#17740),#17732,.F.);
#17748=EDGE_CURVE('',#16039,#16301,#13243,.T.);
#17750=EDGE_CURVE('',#16299,#16301,#13273,.T.);
#17755=ADVANCED_FACE('',(#17754),#17746,.F.);
#17763=EDGE_CURVE('',#16301,#16161,#13280,.T.);
#17768=ADVANCED_FACE('',(#17767),#17760,.F.);
#17782=ADVANCED_FACE('',(#17781),#17773,.F.);
#17789=EDGE_CURVE('',#16043,#16304,#13287,.T.);
#17791=EDGE_CURVE('',#16163,#16304,#13315,.T.);
#17796=ADVANCED_FACE('',(#17795),#17787,.F.);
#17803=EDGE_CURVE('',#16395,#16305,#13294,.T.);
#17805=EDGE_CURVE('',#16304,#16305,#13323,.T.);
#17810=ADVANCED_FACE('',(#17809),#17801,.F.);
#17817=EDGE_CURVE('',#16397,#16307,#13301,.T.);
#17819=EDGE_CURVE('',#16305,#16307,#13330,.T.);
#17824=ADVANCED_FACE('',(#17823),#17815,.F.);
#17831=EDGE_CURVE('',#16047,#16309,#13308,.T.);
#17833=EDGE_CURVE('',#16307,#16309,#13338,.T.);
#17838=ADVANCED_FACE('',(#17837),#17829,.F.);
#17846=EDGE_CURVE('',#16309,#16165,#13345,.T.);
#17851=ADVANCED_FACE('',(#17850),#17843,.F.);
#17865=ADVANCED_FACE('',(#17864),#17856,.F.);
#17872=EDGE_CURVE('',#16619,#16496,#13352,.T.);
#17874=EDGE_CURVE('',#16679,#16496,#13380,.T.);
#17879=ADVANCED_FACE('',(#17878),#17870,.F.);
#17886=EDGE_CURVE('',#16621,#16497,#13359,.T.);
#17888=EDGE_CURVE('',#16496,#16497,#13388,.T.);
#17893=ADVANCED_FACE('',(#17892),#17884,.F.);
#17900=EDGE_CURVE('',#16623,#16499,#13366,.T.);
#17902=EDGE_CURVE('',#16497,#16499,#13395,.T.);
#17907=ADVANCED_FACE('',(#17906),#17898,.F.);
#17914=EDGE_CURVE('',#16625,#16501,#13373,.T.);
#17916=EDGE_CURVE('',#16499,#16501,#13403,.T.);
#17921=ADVANCED_FACE('',(#17920),#17912,.F.);
#17929=EDGE_CURVE('',#16501,#16681,#13410,.T.);
#17934=ADVANCED_FACE('',(#17933),#17926,.F.);
#17948=ADVANCED_FACE('',(#17947),#17939,.F.);
#17954=EDGE_CURVE('',#16132,#16133,#13417,.T.);
#17956=EDGE_CURVE('',#15978,#16132,#13424,.T.);
#17959=EDGE_CURVE('',#15990,#16137,#13431,.T.);
#17961=EDGE_CURVE('',#16136,#16137,#13438,.T.);
#17963=EDGE_CURVE('',#15986,#16136,#13445,.T.);
#17966=EDGE_CURVE('',#15998,#16141,#13452,.T.);
#17968=EDGE_CURVE('',#16140,#16141,#13459,.T.);
#17970=EDGE_CURVE('',#15994,#16140,#13466,.T.);
#17973=EDGE_CURVE('',#16006,#16145,#13473,.T.);
#17975=EDGE_CURVE('',#16144,#16145,#13480,.T.);
#17977=EDGE_CURVE('',#16002,#16144,#13487,.T.);
#17980=EDGE_CURVE('',#16014,#16149,#13494,.T.);
#17982=EDGE_CURVE('',#16148,#16149,#13501,.T.);
#17984=EDGE_CURVE('',#16010,#16148,#13508,.T.);
#17987=EDGE_CURVE('',#16579,#16661,#13515,.T.);
#17989=EDGE_CURVE('',#16660,#16661,#13522,.T.);
#17991=EDGE_CURVE('',#16570,#16660,#13529,.T.);
#17994=EDGE_CURVE('',#16591,#16665,#13536,.T.);
#17996=EDGE_CURVE('',#16664,#16665,#13543,.T.);
#17998=EDGE_CURVE('',#16582,#16664,#13550,.T.);
#18001=EDGE_CURVE('',#16601,#16669,#13557,.T.);
#18003=EDGE_CURVE('',#16668,#16669,#13564,.T.);
#18005=EDGE_CURVE('',#16193,#16668,#13571,.T.);
#18008=EDGE_CURVE('',#16192,#16673,#13578,.T.);
#18010=EDGE_CURVE('',#16672,#16673,#13585,.T.);
#18012=EDGE_CURVE('',#16189,#16672,#13592,.T.);
#18015=EDGE_CURVE('',#16188,#16677,#13599,.T.);
#18017=EDGE_CURVE('',#16676,#16677,#13606,.T.);
#18019=EDGE_CURVE('',#16185,#16676,#13613,.T.);
#18022=EDGE_CURVE('',#16184,#16765,#13620,.T.);
#18024=EDGE_CURVE('',#16764,#16765,#13627,.T.);
#18026=EDGE_CURVE('',#16181,#16764,#13634,.T.);
#18029=EDGE_CURVE('',#16180,#16769,#13641,.T.);
#18031=EDGE_CURVE('',#16768,#16769,#13648,.T.);
#18033=EDGE_CURVE('',#16177,#16768,#13655,.T.);
#18036=EDGE_CURVE('',#16176,#16813,#13662,.T.);
#18038=EDGE_CURVE('',#16812,#16813,#13669,.T.);
#18040=EDGE_CURVE('',#16173,#16812,#13676,.T.);
#18043=EDGE_CURVE('',#15923,#15915,#13683,.T.);
#18045=EDGE_CURVE('',#15915,#15917,#14733,.T.);
#18049=EDGE_CURVE('',#15982,#16133,#13690,.T.);
#18053=ADVANCED_FACE('',(#18052),#17953,.T.);
#18060=EDGE_CURVE('',#16245,#16133,#13697,.T.);
#18062=EDGE_CURVE('',#16243,#16245,#13705,.T.);
#18064=EDGE_CURVE('',#16241,#16243,#13712,.T.);
#18066=EDGE_CURVE('',#16240,#16241,#13720,.T.);
#18068=EDGE_CURVE('',#16132,#16240,#13727,.T.);
#18072=ADVANCED_FACE('',(#18071),#18058,.T.);
#18079=EDGE_CURVE('',#15983,#16245,#13734,.T.);
#18085=ADVANCED_FACE('',(#18084),#18077,.T.);
#18092=EDGE_CURVE('',#16365,#16243,#13741,.T.);
#18098=ADVANCED_FACE('',(#18097),#18090,.F.);
#18105=EDGE_CURVE('',#16363,#16241,#13748,.T.);
#18111=ADVANCED_FACE('',(#18110),#18103,.T.);
#18118=EDGE_CURVE('',#15979,#16240,#13755,.T.);
#18124=ADVANCED_FACE('',(#18123),#18116,.F.);
#18136=ADVANCED_FACE('',(#18135),#18129,.T.);
#18143=EDGE_CURVE('',#15991,#16253,#13762,.T.);
#18145=EDGE_CURVE('',#16253,#16137,#13790,.T.);
#18150=ADVANCED_FACE('',(#18149),#18141,.T.);
#18157=EDGE_CURVE('',#16369,#16251,#13769,.T.);
#18159=EDGE_CURVE('',#16251,#16253,#13798,.T.);
#18164=ADVANCED_FACE('',(#18163),#18155,.F.);
#18171=EDGE_CURVE('',#16367,#16249,#13776,.T.);
#18173=EDGE_CURVE('',#16249,#16251,#13805,.T.);
#18178=ADVANCED_FACE('',(#18177),#18169,.T.);
#18185=EDGE_CURVE('',#15987,#16248,#13783,.T.);
#18187=EDGE_CURVE('',#16248,#16249,#13813,.T.);
#18192=ADVANCED_FACE('',(#18191),#18183,.F.);
#18200=EDGE_CURVE('',#16136,#16248,#13820,.T.);
#18205=ADVANCED_FACE('',(#18204),#18197,.T.);
#18219=ADVANCED_FACE('',(#18218),#18210,.T.);
#18226=EDGE_CURVE('',#15999,#16261,#13827,.T.);
#18228=EDGE_CURVE('',#16261,#16141,#13855,.T.);
#18233=ADVANCED_FACE('',(#18232),#18224,.T.);
#18240=EDGE_CURVE('',#16373,#16259,#13834,.T.);
#18242=EDGE_CURVE('',#16259,#16261,#13863,.T.);
#18247=ADVANCED_FACE('',(#18246),#18238,.F.);
#18254=EDGE_CURVE('',#16371,#16257,#13841,.T.);
#18256=EDGE_CURVE('',#16257,#16259,#13870,.T.);
#18261=ADVANCED_FACE('',(#18260),#18252,.T.);
#18268=EDGE_CURVE('',#15995,#16256,#13848,.T.);
#18270=EDGE_CURVE('',#16256,#16257,#13878,.T.);
#18275=ADVANCED_FACE('',(#18274),#18266,.F.);
#18283=EDGE_CURVE('',#16140,#16256,#13885,.T.);
#18288=ADVANCED_FACE('',(#18287),#18280,.T.);
#18302=ADVANCED_FACE('',(#18301),#18293,.T.);
#18309=EDGE_CURVE('',#16007,#16269,#13892,.T.);
#18311=EDGE_CURVE('',#16269,#16145,#13920,.T.);
#18316=ADVANCED_FACE('',(#18315),#18307,.T.);
#18323=EDGE_CURVE('',#16377,#16267,#13899,.T.);
#18325=EDGE_CURVE('',#16267,#16269,#13928,.T.);
#18330=ADVANCED_FACE('',(#18329),#18321,.F.);
#18337=EDGE_CURVE('',#16375,#16265,#13906,.T.);
#18339=EDGE_CURVE('',#16265,#16267,#13935,.T.);
#18344=ADVANCED_FACE('',(#18343),#18335,.T.);
#18351=EDGE_CURVE('',#16003,#16264,#13913,.T.);
#18353=EDGE_CURVE('',#16264,#16265,#13943,.T.);
#18358=ADVANCED_FACE('',(#18357),#18349,.F.);
#18366=EDGE_CURVE('',#16144,#16264,#13950,.T.);
#18371=ADVANCED_FACE('',(#18370),#18363,.T.);
#18385=ADVANCED_FACE('',(#18384),#18376,.T.);
#18392=EDGE_CURVE('',#16015,#16277,#13957,.T.);
#18394=EDGE_CURVE('',#16277,#16149,#13985,.T.);
#18399=ADVANCED_FACE('',(#18398),#18390,.T.);
#18406=EDGE_CURVE('',#16381,#16275,#13964,.T.);
#18408=EDGE_CURVE('',#16275,#16277,#13993,.T.);
#18413=ADVANCED_FACE('',(#18412),#18404,.F.);
#18420=EDGE_CURVE('',#16379,#16273,#13971,.T.);
#18422=EDGE_CURVE('',#16273,#16275,#14000,.T.);
#18427=ADVANCED_FACE('',(#18426),#18418,.T.);
#18434=EDGE_CURVE('',#16011,#16272,#13978,.T.);
#18436=EDGE_CURVE('',#16272,#16273,#14008,.T.);
#18441=ADVANCED_FACE('',(#18440),#18432,.F.);
#18449=EDGE_CURVE('',#16148,#16272,#14015,.T.);
#18454=ADVANCED_FACE('',(#18453),#18446,.T.);
#18468=ADVANCED_FACE('',(#18467),#18459,.T.);
#18475=EDGE_CURVE('',#16577,#16461,#14022,.T.);
#18477=EDGE_CURVE('',#16461,#16661,#14050,.T.);
#18482=ADVANCED_FACE('',(#18481),#18473,.T.);
#18489=EDGE_CURVE('',#16575,#16459,#14029,.T.);
#18491=EDGE_CURVE('',#16459,#16461,#14058,.T.);
#18496=ADVANCED_FACE('',(#18495),#18487,.F.);
#18503=EDGE_CURVE('',#16573,#16457,#14036,.T.);
#18505=EDGE_CURVE('',#16457,#16459,#14065,.T.);
#18510=ADVANCED_FACE('',(#18509),#18501,.T.);
#18517=EDGE_CURVE('',#16571,#16456,#14043,.T.);
#18519=EDGE_CURVE('',#16456,#16457,#14073,.T.);
#18524=ADVANCED_FACE('',(#18523),#18515,.F.);
#18532=EDGE_CURVE('',#16660,#16456,#14080,.T.);
#18537=ADVANCED_FACE('',(#18536),#18529,.T.);
#18551=ADVANCED_FACE('',(#18550),#18542,.T.);
#18558=EDGE_CURVE('',#16589,#16469,#14087,.T.);
#18560=EDGE_CURVE('',#16469,#16665,#14115,.T.);
#18565=ADVANCED_FACE('',(#18564),#18556,.T.);
#18572=EDGE_CURVE('',#16587,#16467,#14094,.T.);
#18574=EDGE_CURVE('',#16467,#16469,#14123,.T.);
#18579=ADVANCED_FACE('',(#18578),#18570,.F.);
#18586=EDGE_CURVE('',#16585,#16465,#14101,.T.);
#18588=EDGE_CURVE('',#16465,#16467,#14130,.T.);
#18593=ADVANCED_FACE('',(#18592),#18584,.T.);
#18600=EDGE_CURVE('',#16583,#16464,#14108,.T.);
#18602=EDGE_CURVE('',#16464,#16465,#14138,.T.);
#18607=ADVANCED_FACE('',(#18606),#18598,.F.);
#18615=EDGE_CURVE('',#16664,#16464,#14145,.T.);
#18620=ADVANCED_FACE('',(#18619),#18612,.T.);
#18634=ADVANCED_FACE('',(#18633),#18625,.T.);
#18641=EDGE_CURVE('',#16599,#16477,#14152,.T.);
#18643=EDGE_CURVE('',#16477,#16669,#14180,.T.);
#18648=ADVANCED_FACE('',(#18647),#18639,.T.);
#18655=EDGE_CURVE('',#16597,#16475,#14159,.T.);
#18657=EDGE_CURVE('',#16475,#16477,#14188,.T.);
#18662=ADVANCED_FACE('',(#18661),#18653,.F.);
#18669=EDGE_CURVE('',#16595,#16473,#14166,.T.);
#18671=EDGE_CURVE('',#16473,#16475,#14195,.T.);
#18676=ADVANCED_FACE('',(#18675),#18667,.T.);
#18683=EDGE_CURVE('',#16593,#16472,#14173,.T.);
#18685=EDGE_CURVE('',#16472,#16473,#14203,.T.);
#18690=ADVANCED_FACE('',(#18689),#18681,.F.);
#18698=EDGE_CURVE('',#16668,#16472,#14210,.T.);
#18703=ADVANCED_FACE('',(#18702),#18695,.T.);
#18717=ADVANCED_FACE('',(#18716),#18708,.T.);
#18724=EDGE_CURVE('',#16609,#16485,#14217,.T.);
#18726=EDGE_CURVE('',#16485,#16673,#14245,.T.);
#18731=ADVANCED_FACE('',(#18730),#18722,.T.);
#18738=EDGE_CURVE('',#16607,#16483,#14224,.T.);
#18740=EDGE_CURVE('',#16483,#16485,#14253,.T.);
#18745=ADVANCED_FACE('',(#18744),#18736,.F.);
#18752=EDGE_CURVE('',#16605,#16481,#14231,.T.);
#18754=EDGE_CURVE('',#16481,#16483,#14260,.T.);
#18759=ADVANCED_FACE('',(#18758),#18750,.T.);
#18766=EDGE_CURVE('',#16603,#16480,#14238,.T.);
#18768=EDGE_CURVE('',#16480,#16481,#14268,.T.);
#18773=ADVANCED_FACE('',(#18772),#18764,.F.);
#18781=EDGE_CURVE('',#16672,#16480,#14275,.T.);
#18786=ADVANCED_FACE('',(#18785),#18778,.T.);
#18800=ADVANCED_FACE('',(#18799),#18791,.T.);
#18807=EDGE_CURVE('',#16617,#16493,#14282,.T.);
#18809=EDGE_CURVE('',#16493,#16677,#14310,.T.);
#18814=ADVANCED_FACE('',(#18813),#18805,.T.);
#18821=EDGE_CURVE('',#16615,#16491,#14289,.T.);
#18823=EDGE_CURVE('',#16491,#16493,#14318,.T.);
#18828=ADVANCED_FACE('',(#18827),#18819,.F.);
#18835=EDGE_CURVE('',#16613,#16489,#14296,.T.);
#18837=EDGE_CURVE('',#16489,#16491,#14325,.T.);
#18842=ADVANCED_FACE('',(#18841),#18833,.T.);
#18849=EDGE_CURVE('',#16611,#16488,#14303,.T.);
#18851=EDGE_CURVE('',#16488,#16489,#14333,.T.);
#18856=ADVANCED_FACE('',(#18855),#18847,.F.);
#18864=EDGE_CURVE('',#16676,#16488,#14340,.T.);
#18869=ADVANCED_FACE('',(#18868),#18861,.T.);
#18883=ADVANCED_FACE('',(#18882),#18874,.T.);
#18890=EDGE_CURVE('',#16745,#16707,#14347,.T.);
#18892=EDGE_CURVE('',#16707,#16765,#14375,.T.);
#18897=ADVANCED_FACE('',(#18896),#18888,.T.);
#18904=EDGE_CURVE('',#16743,#16705,#14354,.T.);
#18906=EDGE_CURVE('',#16705,#16707,#14383,.T.);
#18911=ADVANCED_FACE('',(#18910),#18902,.F.);
#18918=EDGE_CURVE('',#16741,#16703,#14361,.T.);
#18920=EDGE_CURVE('',#16703,#16705,#14390,.T.);
#18925=ADVANCED_FACE('',(#18924),#18916,.T.);
#18932=EDGE_CURVE('',#16739,#16702,#14368,.T.);
#18934=EDGE_CURVE('',#16702,#16703,#14398,.T.);
#18939=ADVANCED_FACE('',(#18938),#18930,.F.);
#18947=EDGE_CURVE('',#16764,#16702,#14405,.T.);
#18952=ADVANCED_FACE('',(#18951),#18944,.T.);
#18966=ADVANCED_FACE('',(#18965),#18957,.T.);
#18973=EDGE_CURVE('',#16753,#16715,#14412,.T.);
#18975=EDGE_CURVE('',#16715,#16769,#14440,.T.);
#18980=ADVANCED_FACE('',(#18979),#18971,.T.);
#18987=EDGE_CURVE('',#16751,#16713,#14419,.T.);
#18989=EDGE_CURVE('',#16713,#16715,#14448,.T.);
#18994=ADVANCED_FACE('',(#18993),#18985,.F.);
#19001=EDGE_CURVE('',#16749,#16711,#14426,.T.);
#19003=EDGE_CURVE('',#16711,#16713,#14455,.T.);
#19008=ADVANCED_FACE('',(#19007),#18999,.T.);
#19015=EDGE_CURVE('',#16747,#16710,#14433,.T.);
#19017=EDGE_CURVE('',#16710,#16711,#14463,.T.);
#19022=ADVANCED_FACE('',(#19021),#19013,.F.);
#19030=EDGE_CURVE('',#16768,#16710,#14470,.T.);
#19035=ADVANCED_FACE('',(#19034),#19027,.T.);
#19049=ADVANCED_FACE('',(#19048),#19040,.T.);
#19056=EDGE_CURVE('',#16805,#16787,#14477,.T.);
#19058=EDGE_CURVE('',#16787,#16813,#14505,.T.);
#19063=ADVANCED_FACE('',(#19062),#19054,.T.);
#19070=EDGE_CURVE('',#16803,#16785,#14484,.T.);
#19072=EDGE_CURVE('',#16785,#16787,#14513,.T.);
#19077=ADVANCED_FACE('',(#19076),#19068,.F.);
#19084=EDGE_CURVE('',#16801,#16783,#14491,.T.);
#19086=EDGE_CURVE('',#16783,#16785,#14520,.T.);
#19091=ADVANCED_FACE('',(#19090),#19082,.T.);
#19098=EDGE_CURVE('',#16799,#16782,#14498,.T.);
#19100=EDGE_CURVE('',#16782,#16783,#14528,.T.);
#19105=ADVANCED_FACE('',(#19104),#19096,.F.);
#19113=EDGE_CURVE('',#16812,#16782,#14535,.T.);
#19118=ADVANCED_FACE('',(#19117),#19110,.T.);
#19132=ADVANCED_FACE('',(#19131),#19123,.T.);
#19138=EDGE_CURVE('',#16050,#16115,#14542,.T.);
#19142=EDGE_CURVE('',#15913,#15915,#14740,.T.);
#19146=EDGE_CURVE('',#16171,#16657,#14556,.T.);
#19148=EDGE_CURVE('',#16655,#16657,#14563,.T.);
#19150=EDGE_CURVE('',#16169,#16655,#14570,.T.);
#19153=EDGE_CURVE('',#16078,#16129,#14577,.T.);
#19155=EDGE_CURVE('',#16127,#16129,#14584,.T.);
#19157=EDGE_CURVE('',#16074,#16127,#14591,.T.);
#19160=EDGE_CURVE('',#16070,#16125,#14598,.T.);
#19162=EDGE_CURVE('',#16123,#16125,#14605,.T.);
#19164=EDGE_CURVE('',#16066,#16123,#14612,.T.);
#19167=EDGE_CURVE('',#16062,#16121,#14619,.T.);
#19169=EDGE_CURVE('',#16119,#16121,#14626,.T.);
#19171=EDGE_CURVE('',#16058,#16119,#14633,.T.);
#19174=EDGE_CURVE('',#16054,#16117,#14640,.T.);
#19176=EDGE_CURVE('',#16115,#16117,#14647,.T.);
#19180=ADVANCED_FACE('',(#19179),#19137,.T.);
#19188=EDGE_CURVE('',#16115,#16312,#14684,.T.);
#19190=EDGE_CURVE('',#16051,#16312,#14712,.T.);
#19194=ADVANCED_FACE('',(#19193),#19185,.T.);
#19201=EDGE_CURVE('',#16317,#16117,#14654,.T.);
#19203=EDGE_CURVE('',#16315,#16317,#14662,.T.);
#19205=EDGE_CURVE('',#16313,#16315,#14669,.T.);
#19207=EDGE_CURVE('',#16312,#16313,#14677,.T.);
#19212=ADVANCED_FACE('',(#19211),#19199,.T.);
#19219=EDGE_CURVE('',#16055,#16317,#14691,.T.);
#19225=ADVANCED_FACE('',(#19224),#19217,.T.);
#19232=EDGE_CURVE('',#16401,#16315,#14698,.T.);
#19238=ADVANCED_FACE('',(#19237),#19230,.F.);
#19245=EDGE_CURVE('',#16399,#16313,#14705,.T.);
#19251=ADVANCED_FACE('',(#19250),#19243,.T.);
#19263=ADVANCED_FACE('',(#19262),#19256,.F.);
#19275=ADVANCED_FACE('',(#19274),#19268,.T.);
#19289=EDGE_CURVE('',#16633,#16509,#14747,.T.);
#19291=EDGE_CURVE('',#16509,#16657,#14775,.T.);
#19296=ADVANCED_FACE('',(#19295),#19287,.T.);
#19303=EDGE_CURVE('',#16631,#16507,#14754,.T.);
#19305=EDGE_CURVE('',#16507,#16509,#14783,.T.);
#19310=ADVANCED_FACE('',(#19309),#19301,.F.);
#19317=EDGE_CURVE('',#16629,#16505,#14761,.T.);
#19319=EDGE_CURVE('',#16505,#16507,#14790,.T.);
#19324=ADVANCED_FACE('',(#19323),#19315,.T.);
#19331=EDGE_CURVE('',#16627,#16504,#14768,.T.);
#19333=EDGE_CURVE('',#16504,#16505,#14798,.T.);
#19338=ADVANCED_FACE('',(#19337),#19329,.F.);
#19346=EDGE_CURVE('',#16655,#16504,#14805,.T.);
#19351=ADVANCED_FACE('',(#19350),#19343,.T.);
#19365=ADVANCED_FACE('',(#19364),#19356,.T.);
#19372=EDGE_CURVE('',#16079,#16341,#14812,.T.);
#19374=EDGE_CURVE('',#16341,#16129,#14840,.T.);
#19379=ADVANCED_FACE('',(#19378),#19370,.T.);
#19386=EDGE_CURVE('',#16413,#16339,#14819,.T.);
#19388=EDGE_CURVE('',#16339,#16341,#14848,.T.);
#19393=ADVANCED_FACE('',(#19392),#19384,.F.);
#19400=EDGE_CURVE('',#16411,#16337,#14826,.T.);
#19402=EDGE_CURVE('',#16337,#16339,#14855,.T.);
#19407=ADVANCED_FACE('',(#19406),#19398,.T.);
#19414=EDGE_CURVE('',#16075,#16336,#14833,.T.);
#19416=EDGE_CURVE('',#16336,#16337,#14863,.T.);
#19421=ADVANCED_FACE('',(#19420),#19412,.F.);
#19429=EDGE_CURVE('',#16127,#16336,#14870,.T.);
#19434=ADVANCED_FACE('',(#19433),#19426,.T.);
#19448=ADVANCED_FACE('',(#19447),#19439,.T.);
#19455=EDGE_CURVE('',#16071,#16333,#14877,.T.);
#19457=EDGE_CURVE('',#16333,#16125,#14905,.T.);
#19462=ADVANCED_FACE('',(#19461),#19453,.T.);
#19469=EDGE_CURVE('',#16409,#16331,#14884,.T.);
#19471=EDGE_CURVE('',#16331,#16333,#14913,.T.);
#19476=ADVANCED_FACE('',(#19475),#19467,.F.);
#19483=EDGE_CURVE('',#16407,#16329,#14891,.T.);
#19485=EDGE_CURVE('',#16329,#16331,#14920,.T.);
#19490=ADVANCED_FACE('',(#19489),#19481,.T.);
#19497=EDGE_CURVE('',#16067,#16328,#14898,.T.);
#19499=EDGE_CURVE('',#16328,#16329,#14928,.T.);
#19504=ADVANCED_FACE('',(#19503),#19495,.F.);
#19512=EDGE_CURVE('',#16123,#16328,#14935,.T.);
#19517=ADVANCED_FACE('',(#19516),#19509,.T.);
#19531=ADVANCED_FACE('',(#19530),#19522,.T.);
#19538=EDGE_CURVE('',#16063,#16325,#14942,.T.);
#19540=EDGE_CURVE('',#16325,#16121,#14970,.T.);
#19545=ADVANCED_FACE('',(#19544),#19536,.T.);
#19552=EDGE_CURVE('',#16405,#16323,#14949,.T.);
#19554=EDGE_CURVE('',#16323,#16325,#14978,.T.);
#19559=ADVANCED_FACE('',(#19558),#19550,.F.);
#19566=EDGE_CURVE('',#16403,#16321,#14956,.T.);
#19568=EDGE_CURVE('',#16321,#16323,#14985,.T.);
#19573=ADVANCED_FACE('',(#19572),#19564,.T.);
#19580=EDGE_CURVE('',#16059,#16320,#14963,.T.);
#19582=EDGE_CURVE('',#16320,#16321,#14993,.T.);
#19587=ADVANCED_FACE('',(#19586),#19578,.F.);
#19595=EDGE_CURVE('',#16119,#16320,#15000,.T.);
#19600=ADVANCED_FACE('',(#19599),#19592,.T.);
#19614=ADVANCED_FACE('',(#19613),#19605,.T.);
#19621=EDGE_CURVE('',#16791,#16774,#15007,.T.);
#19623=EDGE_CURVE('',#16808,#16774,#15035,.T.);
#19628=ADVANCED_FACE('',(#19627),#19619,.F.);
#19635=EDGE_CURVE('',#16793,#16775,#15014,.T.);
#19637=EDGE_CURVE('',#16774,#16775,#15043,.T.);
#19642=ADVANCED_FACE('',(#19641),#19633,.F.);
#19649=EDGE_CURVE('',#16795,#16777,#15021,.T.);
#19651=EDGE_CURVE('',#16775,#16777,#15050,.T.);
#19656=ADVANCED_FACE('',(#19655),#19647,.F.);
#19663=EDGE_CURVE('',#16797,#16779,#15028,.T.);
#19665=EDGE_CURVE('',#16777,#16779,#15058,.T.);
#19670=ADVANCED_FACE('',(#19669),#19661,.F.);
#19678=EDGE_CURVE('',#16779,#16809,#15065,.T.);
#19683=ADVANCED_FACE('',(#19682),#19675,.F.);
#19697=ADVANCED_FACE('',(#19696),#19688,.F.);
#19704=EDGE_CURVE('',#16729,#16694,#15072,.T.);
#19706=EDGE_CURVE('',#16760,#16694,#15100,.T.);
#19711=ADVANCED_FACE('',(#19710),#19702,.F.);
#19718=EDGE_CURVE('',#16731,#16695,#15079,.T.);
#19720=EDGE_CURVE('',#16694,#16695,#15108,.T.);
#19725=ADVANCED_FACE('',(#19724),#19716,.F.);
#19732=EDGE_CURVE('',#16733,#16697,#15086,.T.);
#19734=EDGE_CURVE('',#16695,#16697,#15115,.T.);
#19739=ADVANCED_FACE('',(#19738),#19730,.F.);
#19746=EDGE_CURVE('',#16735,#16699,#15093,.T.);
#19748=EDGE_CURVE('',#16697,#16699,#15123,.T.);
#19753=ADVANCED_FACE('',(#19752),#19744,.F.);
#19761=EDGE_CURVE('',#16699,#16761,#15130,.T.);
#19766=ADVANCED_FACE('',(#19765),#19758,.F.);
#19780=ADVANCED_FACE('',(#19779),#19771,.F.);
#19787=EDGE_CURVE('',#16719,#16686,#15137,.T.);
#19789=EDGE_CURVE('',#16756,#16686,#15165,.T.);
#19794=ADVANCED_FACE('',(#19793),#19785,.F.);
#19801=EDGE_CURVE('',#16721,#16687,#15144,.T.);
#19803=EDGE_CURVE('',#16686,#16687,#15173,.T.);
#19808=ADVANCED_FACE('',(#19807),#19799,.F.);
#19815=EDGE_CURVE('',#16723,#16689,#15151,.T.);
#19817=EDGE_CURVE('',#16687,#16689,#15180,.T.);
#19822=ADVANCED_FACE('',(#19821),#19813,.F.);
#19829=EDGE_CURVE('',#16725,#16691,#15158,.T.);
#19831=EDGE_CURVE('',#16689,#16691,#15188,.T.);
#19836=ADVANCED_FACE('',(#19835),#19827,.F.);
#19844=EDGE_CURVE('',#16691,#16757,#15195,.T.);
#19849=ADVANCED_FACE('',(#19848),#19841,.F.);
#19863=ADVANCED_FACE('',(#19862),#19854,.F.);
#19870=EDGE_CURVE('',#16559,#16448,#15202,.T.);
#19872=EDGE_CURVE('',#16652,#16448,#15230,.T.);
#19877=ADVANCED_FACE('',(#19876),#19868,.F.);
#19884=EDGE_CURVE('',#16561,#16449,#15209,.T.);
#19886=EDGE_CURVE('',#16448,#16449,#15238,.T.);
#19891=ADVANCED_FACE('',(#19890),#19882,.F.);
#19898=EDGE_CURVE('',#16563,#16451,#15216,.T.);
#19900=EDGE_CURVE('',#16449,#16451,#15245,.T.);
#19905=ADVANCED_FACE('',(#19904),#19896,.F.);
#19912=EDGE_CURVE('',#16565,#16453,#15223,.T.);
#19914=EDGE_CURVE('',#16451,#16453,#15253,.T.);
#19919=ADVANCED_FACE('',(#19918),#19910,.F.);
#19927=EDGE_CURVE('',#16453,#16653,#15260,.T.);
#19932=ADVANCED_FACE('',(#19931),#19924,.F.);
#19946=ADVANCED_FACE('',(#19945),#19937,.F.);
#19953=EDGE_CURVE('',#16547,#16440,#15267,.T.);
#19955=EDGE_CURVE('',#16648,#16440,#15295,.T.);
#19960=ADVANCED_FACE('',(#19959),#19951,.F.);
#19967=EDGE_CURVE('',#16549,#16441,#15274,.T.);
#19969=EDGE_CURVE('',#16440,#16441,#15303,.T.);
#19974=ADVANCED_FACE('',(#19973),#19965,.F.);
#19981=EDGE_CURVE('',#16551,#16443,#15281,.T.);
#19983=EDGE_CURVE('',#16441,#16443,#15310,.T.);
#19988=ADVANCED_FACE('',(#19987),#19979,.F.);
#19995=EDGE_CURVE('',#16553,#16445,#15288,.T.);
#19997=EDGE_CURVE('',#16443,#16445,#15318,.T.);
#20002=ADVANCED_FACE('',(#20001),#19993,.F.);
#20010=EDGE_CURVE('',#16445,#16649,#15325,.T.);
#20015=ADVANCED_FACE('',(#20014),#20007,.F.);
#20029=ADVANCED_FACE('',(#20028),#20020,.F.);
#20036=EDGE_CURVE('',#16535,#16432,#15332,.T.);
#20038=EDGE_CURVE('',#16644,#16432,#15360,.T.);
#20043=ADVANCED_FACE('',(#20042),#20034,.F.);
#20050=EDGE_CURVE('',#16537,#16433,#15339,.T.);
#20052=EDGE_CURVE('',#16432,#16433,#15368,.T.);
#20057=ADVANCED_FACE('',(#20056),#20048,.F.);
#20064=EDGE_CURVE('',#16539,#16435,#15346,.T.);
#20066=EDGE_CURVE('',#16433,#16435,#15375,.T.);
#20071=ADVANCED_FACE('',(#20070),#20062,.F.);
#20078=EDGE_CURVE('',#16541,#16437,#15353,.T.);
#20080=EDGE_CURVE('',#16435,#16437,#15383,.T.);
#20085=ADVANCED_FACE('',(#20084),#20076,.F.);
#20093=EDGE_CURVE('',#16437,#16645,#15390,.T.);
#20098=ADVANCED_FACE('',(#20097),#20090,.F.);
#20112=ADVANCED_FACE('',(#20111),#20103,.F.);
#20119=EDGE_CURVE('',#16523,#16424,#15397,.T.);
#20121=EDGE_CURVE('',#16640,#16424,#15425,.T.);
#20126=ADVANCED_FACE('',(#20125),#20117,.F.);
#20133=EDGE_CURVE('',#16525,#16425,#15404,.T.);
#20135=EDGE_CURVE('',#16424,#16425,#15433,.T.);
#20140=ADVANCED_FACE('',(#20139),#20131,.F.);
#20147=EDGE_CURVE('',#16527,#16427,#15411,.T.);
#20149=EDGE_CURVE('',#16425,#16427,#15440,.T.);
#20154=ADVANCED_FACE('',(#20153),#20145,.F.);
#20161=EDGE_CURVE('',#16529,#16429,#15418,.T.);
#20163=EDGE_CURVE('',#16427,#16429,#15448,.T.);
#20168=ADVANCED_FACE('',(#20167),#20159,.F.);
#20176=EDGE_CURVE('',#16429,#16641,#15455,.T.);
#20181=ADVANCED_FACE('',(#20180),#20173,.F.);
#20195=ADVANCED_FACE('',(#20194),#20186,.F.);
#20202=EDGE_CURVE('',#16513,#16416,#15462,.T.);
#20204=EDGE_CURVE('',#16636,#16416,#15490,.T.);
#20209=ADVANCED_FACE('',(#20208),#20200,.F.);
#20216=EDGE_CURVE('',#16515,#16417,#15469,.T.);
#20218=EDGE_CURVE('',#16416,#16417,#15498,.T.);
#20223=ADVANCED_FACE('',(#20222),#20214,.F.);
#20230=EDGE_CURVE('',#16517,#16419,#15476,.T.);
#20232=EDGE_CURVE('',#16417,#16419,#15505,.T.);
#20237=ADVANCED_FACE('',(#20236),#20228,.F.);
#20244=EDGE_CURVE('',#16519,#16421,#15483,.T.);
#20246=EDGE_CURVE('',#16419,#16421,#15513,.T.);
#20251=ADVANCED_FACE('',(#20250),#20242,.F.);
#20259=EDGE_CURVE('',#16421,#16637,#15520,.T.);
#20264=ADVANCED_FACE('',(#20263),#20256,.F.);
#20278=ADVANCED_FACE('',(#20277),#20269,.F.);
#20285=EDGE_CURVE('',#15971,#16232,#15527,.T.);
#20287=EDGE_CURVE('',#16112,#16232,#15555,.T.);
#20292=ADVANCED_FACE('',(#20291),#20283,.F.);
#20299=EDGE_CURVE('',#16359,#16233,#15534,.T.);
#20301=EDGE_CURVE('',#16232,#16233,#15563,.T.);
#20306=ADVANCED_FACE('',(#20305),#20297,.F.);
#20313=EDGE_CURVE('',#16361,#16235,#15541,.T.);
#20315=EDGE_CURVE('',#16233,#16235,#15570,.T.);
#20320=ADVANCED_FACE('',(#20319),#20311,.F.);
#20327=EDGE_CURVE('',#15975,#16237,#15548,.T.);
#20329=EDGE_CURVE('',#16235,#16237,#15578,.T.);
#20334=ADVANCED_FACE('',(#20333),#20325,.F.);
#20342=EDGE_CURVE('',#16237,#16113,#15585,.T.);
#20347=ADVANCED_FACE('',(#20346),#20339,.F.);
#20361=ADVANCED_FACE('',(#20360),#20352,.F.);
#20368=EDGE_CURVE('',#15963,#16224,#15592,.T.);
#20370=EDGE_CURVE('',#16108,#16224,#15620,.T.);
#20375=ADVANCED_FACE('',(#20374),#20366,.F.);
#20382=EDGE_CURVE('',#16355,#16225,#15599,.T.);
#20384=EDGE_CURVE('',#16224,#16225,#15628,.T.);
#20389=ADVANCED_FACE('',(#20388),#20380,.F.);
#20396=EDGE_CURVE('',#16357,#16227,#15606,.T.);
#20398=EDGE_CURVE('',#16225,#16227,#15635,.T.);
#20403=ADVANCED_FACE('',(#20402),#20394,.F.);
#20410=EDGE_CURVE('',#15967,#16229,#15613,.T.);
#20412=EDGE_CURVE('',#16227,#16229,#15643,.T.);
#20417=ADVANCED_FACE('',(#20416),#20408,.F.);
#20425=EDGE_CURVE('',#16229,#16109,#15650,.T.);
#20430=ADVANCED_FACE('',(#20429),#20422,.F.);
#20444=ADVANCED_FACE('',(#20443),#20435,.F.);
#20451=EDGE_CURVE('',#15955,#16216,#15657,.T.);
#20453=EDGE_CURVE('',#16104,#16216,#15685,.T.);
#20458=ADVANCED_FACE('',(#20457),#20449,.F.);
#20465=EDGE_CURVE('',#16351,#16217,#15664,.T.);
#20467=EDGE_CURVE('',#16216,#16217,#15693,.T.);
#20472=ADVANCED_FACE('',(#20471),#20463,.F.);
#20479=EDGE_CURVE('',#16353,#16219,#15671,.T.);
#20481=EDGE_CURVE('',#16217,#16219,#15700,.T.);
#20486=ADVANCED_FACE('',(#20485),#20477,.F.);
#20493=EDGE_CURVE('',#15959,#16221,#15678,.T.);
#20495=EDGE_CURVE('',#16219,#16221,#15708,.T.);
#20500=ADVANCED_FACE('',(#20499),#20491,.F.);
#20508=EDGE_CURVE('',#16221,#16105,#15715,.T.);
#20513=ADVANCED_FACE('',(#20512),#20505,.F.);
#20527=ADVANCED_FACE('',(#20526),#20518,.F.);
#20534=EDGE_CURVE('',#15947,#16208,#15722,.T.);
#20536=EDGE_CURVE('',#16100,#16208,#15750,.T.);
#20541=ADVANCED_FACE('',(#20540),#20532,.F.);
#20548=EDGE_CURVE('',#16347,#16209,#15729,.T.);
#20550=EDGE_CURVE('',#16208,#16209,#15758,.T.);
#20555=ADVANCED_FACE('',(#20554),#20546,.F.);
#20562=EDGE_CURVE('',#16349,#16211,#15736,.T.);
#20564=EDGE_CURVE('',#16209,#16211,#15765,.T.);
#20569=ADVANCED_FACE('',(#20568),#20560,.F.);
#20576=EDGE_CURVE('',#15951,#16213,#15743,.T.);
#20578=EDGE_CURVE('',#16211,#16213,#15773,.T.);
#20583=ADVANCED_FACE('',(#20582),#20574,.F.);
#20591=EDGE_CURVE('',#16213,#16101,#15780,.T.);
#20596=ADVANCED_FACE('',(#20595),#20588,.F.);
#20610=ADVANCED_FACE('',(#20609),#20601,.F.);
#20617=EDGE_CURVE('',#16083,#16820,#15787,.T.);
#20619=EDGE_CURVE('',#15933,#16820,#15885,.T.);
#20621=EDGE_CURVE('',#15933,#16082,#15794,.T.);
#20625=ADVANCED_FACE('',(#20624),#20615,.F.);
#20631=EDGE_CURVE('',#16086,#15928,#15892,.T.);
#20633=EDGE_CURVE('',#16816,#15928,#15836,.T.);
#20635=EDGE_CURVE('',#16823,#16816,#15801,.T.);
#20640=ADVANCED_FACE('',(#20639),#20630,.F.);
#20647=EDGE_CURVE('',#16825,#16821,#15822,.T.);
#20649=EDGE_CURVE('',#16820,#16821,#15857,.T.);
#20654=ADVANCED_FACE('',(#20653),#20645,.T.);
#20661=EDGE_CURVE('',#16089,#16817,#15808,.T.);
#20663=EDGE_CURVE('',#15929,#16817,#15850,.T.);
#20665=EDGE_CURVE('',#16087,#15929,#15815,.T.);
#20669=ADVANCED_FACE('',(#20668),#20659,.F.);
#20675=EDGE_CURVE('',#16092,#15935,#15906,.T.);
#20677=EDGE_CURVE('',#16821,#15935,#15864,.T.);
#20683=ADVANCED_FACE('',(#20682),#20674,.F.);
#20691=EDGE_CURVE('',#16816,#16817,#15829,.T.);
#20696=ADVANCED_FACE('',(#20695),#20688,.T.);
#20704=EDGE_CURVE('',#15928,#15929,#15843,.T.);
#20709=ADVANCED_FACE('',(#20708),#20701,.F.);
#20717=EDGE_CURVE('',#15935,#15932,#15871,.T.);
#20719=EDGE_CURVE('',#15932,#15933,#15878,.T.);
#20724=ADVANCED_FACE('',(#20723),#20714,.F.);
#20736=ADVANCED_FACE('',(#20735),#20729,.F.);
#20743=EDGE_CURVE('',#15932,#16093,#15899,.T.);
#20749=ADVANCED_FACE('',(#20748),#20741,.F.);
#20761=ADVANCED_FACE('',(#20760),#20754,.F.);
#20770=(LENGTH_UNIT()NAMED_UNIT(*)SI_UNIT(.MILLI.,.METRE.));
#20771=(NAMED_UNIT(*)PLANE_ANGLE_UNIT()SI_UNIT($,.RADIAN.));
#20774=(NAMED_UNIT(*)SI_UNIT($,.STERADIAN.)SOLID_ANGLE_UNIT());
#20776=(GEOMETRIC_REPRESENTATION_CONTEXT(3)GLOBAL_UNCERTAINTY_ASSIGNED_CONTEXT((
#20775))GLOBAL_UNIT_ASSIGNED_CONTEXT((#20770,#20773,#20774))REPRESENTATION_CONTEXT('ID2','3'));
#20780=AXIS2_PLACEMENT_3D('',#20777,#20778,#20779);
#20781=ADVANCED_BREP_SHAPE_REPRESENTATION('',(#20780,#20763),#20776);
#20785=PRODUCT_DEFINITION('part definition','',#20784,#10843);
#20786=PRODUCT_DEFINITION_SHAPE('','SHAPE FOR BODY.',#20785);
#20787=SHAPE_ASPECT('','solid data associated with BODY',#20786,.F.);
#20788=PROPERTY_DEFINITION('',
'shape for solid data with which properties are associated',#20787);
#20789=SHAPE_REPRESENTATION('',(#20763),#20776);
#20790=SHAPE_DEFINITION_REPRESENTATION(#20788,#20789);
#20791=(LENGTH_UNIT()NAMED_UNIT(*)SI_UNIT(.MILLI.,.METRE.));
#20795=PROPERTY_DEFINITION('geometric validation property','area of BODY',
#20787);
#20796=REPRESENTATION('surface area',(#20794),#20776);
#20797=PROPERTY_DEFINITION_REPRESENTATION(#20795,#20796);
#20798=(LENGTH_UNIT()NAMED_UNIT(*)SI_UNIT(.MILLI.,.METRE.));
#20802=PROPERTY_DEFINITION('geometric validation property','volume of BODY',
#20787);
#20803=REPRESENTATION('volume',(#20801),#20776);
#20804=PROPERTY_DEFINITION_REPRESENTATION(#20802,#20803);
#20806=PROPERTY_DEFINITION('geometric validation property','centroid of BODY',
#20787);
#20807=REPRESENTATION('centroid',(#20805),#20776);
#20808=PROPERTY_DEFINITION_REPRESENTATION(#20806,#20807);
#20809=(LENGTH_UNIT()NAMED_UNIT(*)SI_UNIT(.MILLI.,.METRE.));
#20813=PROPERTY_DEFINITION('geometric validation property','area of BODY',
#20786);
#20814=REPRESENTATION('surface area',(#20812),#20776);
#20815=PROPERTY_DEFINITION_REPRESENTATION(#20813,#20814);
#20816=(LENGTH_UNIT()NAMED_UNIT(*)SI_UNIT(.MILLI.,.METRE.));
#20820=PROPERTY_DEFINITION('geometric validation property','volume of BODY',
#20786);
#20821=REPRESENTATION('volume',(#20819),#20776);
#20822=PROPERTY_DEFINITION_REPRESENTATION(#20820,#20821);
#20824=PROPERTY_DEFINITION('geometric validation property','centroid of BODY',
#20786);
#20825=REPRESENTATION('centroid',(#20823),#20776);
#20826=PROPERTY_DEFINITION_REPRESENTATION(#20824,#20825);
#20827=SHAPE_DEFINITION_REPRESENTATION(#20786,#20781);
#20835=PLANAR_BOX('',9.185424840050E0,7.750202208792E0,#20834);
#20842=CAMERA_USAGE(#20841,#20828);
#20847=PLANAR_BOX('',1.E3,8.4375E2,#20846);
#20867=PRESENTATION_AREA('',(#20866,#20871),#10890);
#20877=NEXT_ASSEMBLY_USAGE_OCCURRENCE('1','Next assembly relationship','BODY',
#20982,#20785,$);
#20878=PRODUCT_DEFINITION_SHAPE('Placement #1',
'Placement of BODY with respect to QFN_ASM',#20877);
#20880=PROPERTY_DEFINITION('geometric validation property','centroid of BODY',
#20878);
#20881=REPRESENTATION('centroid',(#20879),#20776);
#20882=PROPERTY_DEFINITION_REPRESENTATION(#20880,#20881);
#20890=(LENGTH_UNIT()NAMED_UNIT(*)SI_UNIT(.MILLI.,.METRE.));
#20891=(NAMED_UNIT(*)PLANE_ANGLE_UNIT()SI_UNIT($,.RADIAN.));
#20894=(NAMED_UNIT(*)SI_UNIT($,.STERADIAN.)SOLID_ANGLE_UNIT());
#20896=(GEOMETRIC_REPRESENTATION_CONTEXT(3)GLOBAL_UNCERTAINTY_ASSIGNED_CONTEXT((
#20895))GLOBAL_UNIT_ASSIGNED_CONTEXT((#20890,#20893,#20894))REPRESENTATION_CONTEXT('ID3','3'));
#20900=AXIS2_PLACEMENT_3D('',#20897,#20898,#20899);
#20901=SHAPE_REPRESENTATION('',(#20900),#20896);
#20906=PRODUCT_DEFINITION('part definition','',#20905,#20902);
#20907=PRODUCT_DEFINITION_SHAPE('','SHAPE FOR PIN1_AREA.',#20906);
#20908=SHAPE_DEFINITION_REPRESENTATION(#20907,#20901);
#20916=PLANAR_BOX('',6.577142586561E0,5.549464057411E0,#20915);
#20923=CAMERA_USAGE(#20922,#20909);
#20928=PLANAR_BOX('',1.E3,8.4375E2,#20927);
#20948=PRESENTATION_AREA('',(#20947,#20952),#10890);
#20958=NEXT_ASSEMBLY_USAGE_OCCURRENCE('2','Next assembly relationship',
'PIN1_AREA',#20982,#20906,$);
#20959=PRODUCT_DEFINITION_SHAPE('Placement #2',
'Placement of PIN1_AREA with respect to QFN_ASM',#20958);
#20967=(LENGTH_UNIT()NAMED_UNIT(*)SI_UNIT(.MILLI.,.METRE.));
#20968=(NAMED_UNIT(*)PLANE_ANGLE_UNIT()SI_UNIT($,.RADIAN.));
#20971=(NAMED_UNIT(*)SI_UNIT($,.STERADIAN.)SOLID_ANGLE_UNIT());
#20973=(GEOMETRIC_REPRESENTATION_CONTEXT(3)GLOBAL_UNCERTAINTY_ASSIGNED_CONTEXT((
#20972))GLOBAL_UNIT_ASSIGNED_CONTEXT((#20967,#20970,#20971))REPRESENTATION_CONTEXT('ID4','3'));
#20977=AXIS2_PLACEMENT_3D('',#20974,#20975,#20976);
#20982=PRODUCT_DEFINITION('part definition','',#20981,#20902);
#20983=(LENGTH_UNIT()NAMED_UNIT(*)SI_UNIT(.MILLI.,.METRE.));
#20987=PROPERTY_DEFINITION('geometric validation property','area of QFN_ASM',
#10941);
#20988=REPRESENTATION('surface area',(#20986),#20973);
#20989=PROPERTY_DEFINITION_REPRESENTATION(#20987,#20988);
#20990=(LENGTH_UNIT()NAMED_UNIT(*)SI_UNIT(.MILLI.,.METRE.));
#20994=PROPERTY_DEFINITION('geometric validation property','volume of QFN_ASM',
#10941);
#20995=REPRESENTATION('volume',(#20993),#20973);
#20996=PROPERTY_DEFINITION_REPRESENTATION(#20994,#20995);
#20998=PROPERTY_DEFINITION('geometric validation property',
'centroid of QFN_ASM',#10941);
#20999=REPRESENTATION('centroid',(#20997),#20973);
#21000=PROPERTY_DEFINITION_REPRESENTATION(#20998,#20999);
#21009=PLANAR_BOX('',1.071257530235E1,9.038735411355E0,#21008);
#21016=CAMERA_USAGE(#21015,#21002);
#21021=PLANAR_BOX('',1.E3,8.4375E2,#21020);
#21041=PRESENTATION_AREA('',(#21040,#21045),#10890);
ENDSEC;
END-ISO-10303-21;
