ISO-10303-21;
HEADER;
FILE_DESCRIPTION (( 'STEP AP214' ),
    '1' );
FILE_NAME ('031-5329-51RFX.STEP',
    '2023-05-09T13:11:27',
    ( '' ),
    ( '' ),
    'SwSTEP 2.0',
    'SolidWorks 2021',
    '' );
FILE_SCHEMA (( 'AUTOMOTIVE_DESIGN' ));
ENDSEC;

DATA;
#1 = ORIENTED_EDGE ( 'NONE', *, *, #99, .T. ) ;
#2 = ORIENTED_EDGE ( 'NONE', *, *, #2480, .T. ) ;
#3 = DIRECTION ( 'NONE',  ( -1.000000000000000000, 0.000000000000000000, 0.000000000000000000 ) ) ;
#4 = CARTESIAN_POINT ( 'NONE',  ( 6.695240617399668359, -4.549999999999998934, -0.5463012761530227079 ) ) ;
#5 = CARTESIAN_POINT ( 'NONE',  ( 3.500000000000000000, 0.6939740629158983598, -0.1500000000000025480 ) ) ;
#6 = DIRECTION ( 'NONE',  ( 0.000000000000000000, 0.000000000000000000, -1.000000000000000000 ) ) ;
#7 = EDGE_CURVE ( 'NONE', #3238, #1603, #11, .T. ) ;
#8 = DIRECTION ( 'NONE',  ( 0.000000000000000000, 0.000000000000000000, -1.000000000000000000 ) ) ;
#9 = ADVANCED_FACE ( 'NONE', ( #1942 ), #3436, .F. ) ;
#10 = VERTEX_POINT ( 'NONE', #1329 ) ;
#11 = LINE ( 'NONE', #3549, #617 ) ;
#12 = CARTESIAN_POINT ( 'NONE',  ( 0.000000000000000000, 0.000000000000000000, 0.000000000000000000 ) ) ;
#13 = VERTEX_POINT ( 'NONE', #2475 ) ;
#14 = CYLINDRICAL_SURFACE ( 'NONE', #378, 2.350000000000000089 ) ;
#15 = PLANE ( 'NONE',  #3023 ) ;
#16 = ORIENTED_EDGE ( 'NONE', *, *, #2186, .F. ) ;
#17 = DIRECTION ( 'NONE',  ( -1.000000000000000000, 0.000000000000000000, 0.000000000000000000 ) ) ;
#18 = VERTEX_POINT ( 'NONE', #2714 ) ;
#19 = VERTEX_POINT ( 'NONE', #564 ) ;
#20 = FACE_OUTER_BOUND ( 'NONE', #2502, .T. ) ;
#21 = DIRECTION ( 'NONE',  ( -1.000000000000000000, -0.000000000000000000, -0.000000000000000000 ) ) ;
#22 = ADVANCED_FACE ( 'NONE', ( #1649 ), #333, .F. ) ;
#23 = CARTESIAN_POINT ( 'NONE',  ( 16.63999999999999702, 4.502384549069001096, 3.158881664814999990 ) ) ;
#24 = CIRCLE ( 'NONE', #531, 3.000000264195432642 ) ;
#25 = DIRECTION ( 'NONE',  ( 0.000000000000000000, 0.000000000000000000, 1.000000000000000000 ) ) ;
#26 = DIRECTION ( 'NONE',  ( -1.000000000000000000, 0.000000000000000000, 0.000000000000000000 ) ) ;
#27 = AXIS2_PLACEMENT_3D ( 'NONE', #1659, #631, #346 ) ;
#28 = VERTEX_POINT ( 'NONE', #2695 ) ;
#29 = CARTESIAN_POINT ( 'NONE',  ( 3.499999999999857447, 0.9987898295349361133, 0.1499999999999770961 ) ) ;
#30 = CARTESIAN_POINT ( 'NONE',  ( 1.740060788364986344, -4.549999999999999822, 0.2763107456027166231 ) ) ;
#31 = EDGE_CURVE ( 'NONE', #271, #329, #2504, .T. ) ;
#32 = VECTOR ( 'NONE', #1701, 1000.000000000000000 ) ;
#33 = VERTEX_POINT ( 'NONE', #1382 ) ;
#34 = DIRECTION ( 'NONE',  ( 0.000000000000000000, 1.000000000000000000, 0.000000000000000000 ) ) ;
#35 = CARTESIAN_POINT ( 'NONE',  ( 20.60206887245692897, -3.761808075912326021, -2.418305191657874609 ) ) ;
#36 = CIRCLE ( 'NONE', #3550, 5.500000000000000000 ) ;
#37 = EDGE_LOOP ( 'NONE', ( #660, #530, #2930, #900 ) ) ;
#38 = CARTESIAN_POINT ( 'NONE',  ( 3.500000000000000000, -0.1499999999999981626, -0.6939740629158993590 ) ) ;
#39 = ORIENTED_EDGE ( 'NONE', *, *, #2309, .F. ) ;
#40 = CIRCLE ( 'NONE', #2039, 1.064999999999999947 ) ;
#41 = VECTOR ( 'NONE', #2337, 1000.000000000000000 ) ;
#42 = ORIENTED_EDGE ( 'NONE', *, *, #1612, .F. ) ;
#43 = CIRCLE ( 'NONE', #3442, 0.7099999999999999645 ) ;
#44 = CARTESIAN_POINT ( 'NONE',  ( 15.29999992042545998, 3.000000264195402444, 2.127726366468877028E-09 ) ) ;
#45 = EDGE_CURVE ( 'NONE', #643, #3486, #2491, .T. ) ;
#46 = VECTOR ( 'NONE', #3216, 1000.000000000000114 ) ;
#47 = CARTESIAN_POINT ( 'NONE',  ( 20.80000000000000071, 0.000000000000000000, 1.348273484663000001E-14 ) ) ;
#48 = AXIS2_PLACEMENT_3D ( 'NONE', #2440, #2739, #2457 ) ;
#49 = PLANE ( 'NONE',  #3303 ) ;
#50 = CARTESIAN_POINT ( 'NONE',  ( 16.63999999999999702, 1.020831856546000102E-14, 0.5000000000000000000 ) ) ;
#51 = ORIENTED_EDGE ( 'NONE', *, *, #576, .F. ) ;
#52 = DIRECTION ( 'NONE',  ( 0.000000000000000000, 1.000000000000000000, -0.000000000000000000 ) ) ;
#53 = CARTESIAN_POINT ( 'NONE',  ( 3.500000000000000000, -0.1499999999999999944, 0.000000000000000000 ) ) ;
#54 = ORIENTED_EDGE ( 'NONE', *, *, #2983, .F. ) ;
#55 = CARTESIAN_POINT ( 'NONE',  ( 15.87999999999999901, 0.5000000000000000000, 0.000000000000000000 ) ) ;
#56 = DIRECTION ( 'NONE',  ( 0.000000000000000000, -1.000000000000000000, 0.000000000000000000 ) ) ;
#57 = ORIENTED_EDGE ( 'NONE', *, *, #3430, .T. ) ;
#58 = DIRECTION ( 'NONE',  ( 0.000000000000000000, 0.000000000000000000, -1.000000000000000000 ) ) ;
#59 = ORIENTED_EDGE ( 'NONE', *, *, #1207, .T. ) ;
#60 = ORIENTED_EDGE ( 'NONE', *, *, #935, .T. ) ;
#61 = EDGE_CURVE ( 'NONE', #717, #2141, #3269, .T. ) ;
#62 = CARTESIAN_POINT ( 'NONE',  ( 4.455000000000000071, 0.000000000000000000, 0.000000000000000000 ) ) ;
#63 = CARTESIAN_POINT ( 'NONE',  ( 4.823481414751460861, 4.549999999999998934, 1.033741262987152743 ) ) ;
#64 = CARTESIAN_POINT ( 'NONE',  ( 5.876306817195000143, 4.550000000000009592, -1.528888485142015918 ) ) ;
#65 = CARTESIAN_POINT ( 'NONE',  ( 15.50000024500354989, 2.799999927309551939, -2.087100401758078489E-10 ) ) ;
#66 = EDGE_CURVE ( 'NONE', #980, #474, #1109, .T. ) ;
#67 = CARTESIAN_POINT ( 'NONE',  ( 3.500000000000000000, 0.1499999999999999944, 0.000000000000000000 ) ) ;
#68 = CARTESIAN_POINT ( 'NONE',  ( 1.785602511632151224, 4.775752431303958545, 0.5514354449639707889 ) ) ;
#69 = B_SPLINE_CURVE_WITH_KNOTS ( 'NONE', 3,
 ( #1057, #1872, #1889, #521, #3330, #3275, #1627, #859, #3061, #2679, #230, #2404, #3000, #3530, #2131, #3257, #246, #1345 ),
 .UNSPECIFIED., .F., .F.,
 ( 4, 2, 2, 2, 2, 2, 2, 2, 4 ),
 ( 0.000000000000000000, 0.1250000000000000000, 0.2500000000000000000, 0.3750000000000000000, 0.5000000000000000000, 0.6250000000000000000, 0.7500000000000000000, 0.8750000000000000000, 1.000000000000000000 ),
 .UNSPECIFIED. ) ;
#70 = CARTESIAN_POINT ( 'NONE',  ( 20.60206887245767149, -2.418305191658411513, -3.761808075912862925 ) ) ;
#71 = LINE ( 'NONE', #3103, #261 ) ;
#72 = VERTEX_POINT ( 'NONE', #1609 ) ;
#73 = CARTESIAN_POINT ( 'NONE',  ( 1.923832989448064579, -4.706775014113436129, -0.9435539197814838408 ) ) ;
#74 = ORIENTED_EDGE ( 'NONE', *, *, #1691, .F. ) ;
#75 = ORIENTED_EDGE ( 'NONE', *, *, #384, .F. ) ;
#76 = CARTESIAN_POINT ( 'NONE',  ( 3.499999999999857447, 0.1499999999999764855, 0.9987898295349361133 ) ) ;
#77 = EDGE_CURVE ( 'NONE', #2976, #1156, #222, .T. ) ;
#78 = ADVANCED_FACE ( 'NONE', ( #3306, #1924 ), #2208, .F. ) ;
#79 = FACE_OUTER_BOUND ( 'NONE', #182, .T. ) ;
#80 = CARTESIAN_POINT ( 'NONE',  ( 15.29999992042544221, 0.000000000000000000, 0.000000000000000000 ) ) ;
#81 = SURFACE_STYLE_USAGE ( .BOTH. , #2814 ) ;
#82 = CIRCLE ( 'NONE', #1292, 5.500000000000000000 ) ;
#83 = CYLINDRICAL_SURFACE ( 'NONE', #162, 0.9899999999999999911 ) ;
#84 = DIRECTION ( 'NONE',  ( -1.000000000000000000, 0.000000000000000000, 0.000000000000000000 ) ) ;
#85 = EDGE_CURVE ( 'NONE', #711, #3356, #69, .T. ) ;
#86 = AXIS2_PLACEMENT_3D ( 'NONE', #1324, #3, #2411 ) ;
#87 = DIRECTION ( 'NONE',  ( -1.000000000000000000, 0.000000000000000000, 0.000000000000000000 ) ) ;
#88 = PLANE ( 'NONE',  #1698 ) ;
#89 = ORIENTED_EDGE ( 'NONE', *, *, #996, .F. ) ;
#90 = VECTOR ( 'NONE', #124, 1000.000000000000000 ) ;
#91 = LINE ( 'NONE', #2591, #2857 ) ;
#92 = ORIENTED_EDGE ( 'NONE', *, *, #3472, .T. ) ;
#93 = EDGE_CURVE ( 'NONE', #2169, #755, #1231, .T. ) ;
#94 = DIRECTION ( 'NONE',  ( 1.000000000000000000, -0.000000000000000000, -0.000000000000000000 ) ) ;
#95 = ORIENTED_EDGE ( 'NONE', *, *, #2520, .T. ) ;
#96 = AXIS2_PLACEMENT_3D ( 'NONE', #2230, #637, #1708 ) ;
#97 = DIRECTION ( 'NONE',  ( -1.000000000000000000, 0.000000000000000000, 0.000000000000000000 ) ) ;
#98 = AXIS2_PLACEMENT_3D ( 'NONE', #2009, #1423, #602 ) ;
#99 = EDGE_CURVE ( 'NONE', #3052, #3314, #40, .T. ) ;
#100 = LINE ( 'NONE', #1680, #2854 ) ;
#101 = CARTESIAN_POINT ( 'NONE',  ( 15.50000024500356233, -1.420169017215999799E-14, 0.000000000000000000 ) ) ;
#102 = AXIS2_PLACEMENT_3D ( 'NONE', #826, #3067, #1635 ) ;
#103 = CARTESIAN_POINT ( 'NONE',  ( 16.63999999999999702, -2.418305191658049580, -3.761808075912050686 ) ) ;
#104 = CARTESIAN_POINT ( 'NONE',  ( 14.59999999999999964, 0.000000000000000000, 0.000000000000000000 ) ) ;
#105 = ADVANCED_FACE ( 'NONE', ( #3348 ), #83, .T. ) ;
#106 = DIRECTION ( 'NONE',  ( 1.000000000000000000, 0.000000000000000000, 0.000000000000000000 ) ) ;
#107 = EDGE_CURVE ( 'NONE', #2620, #625, #120, .T. ) ;
#108 = CARTESIAN_POINT ( 'NONE',  ( 21.10000000000000142, -4.502384549069000208, -3.158881664814999990 ) ) ;
#109 = DIRECTION ( 'NONE',  ( -1.000000000000000000, -0.000000000000000000, -0.000000000000000000 ) ) ;
#110 = FACE_OUTER_BOUND ( 'NONE', #1949, .T. ) ;
#111 = ORIENTED_EDGE ( 'NONE', *, *, #799, .T. ) ;
#112 = DIRECTION ( 'NONE',  ( -1.000000000000000000, 0.000000000000000000, 0.000000000000000000 ) ) ;
#113 = ORIENTED_EDGE ( 'NONE', *, *, #690, .T. ) ;
#114 = DIRECTION ( 'NONE',  ( 1.000000000000000000, 0.000000000000000000, 0.000000000000000000 ) ) ;
#115 = ORIENTED_EDGE ( 'NONE', *, *, #1822, .T. ) ;
#116 = ORIENTED_EDGE ( 'NONE', *, *, #1354, .T. ) ;
#117 = DIRECTION ( 'NONE',  ( 0.000000000000000000, 0.000000000000000000, 1.000000000000000000 ) ) ;
#118 = CARTESIAN_POINT ( 'NONE',  ( 6.740000000000001101, 4.800000000000000711, 0.1392512262000135392 ) ) ;
#119 = CARTESIAN_POINT ( 'NONE',  ( 1.966129510117017309, -4.685560566971732399, 1.074283447376941369 ) ) ;
#120 = LINE ( 'NONE', #67, #2800 ) ;
#121 = CARTESIAN_POINT ( 'NONE',  ( 1.899608790712525641, 4.718798855789641422, 0.8817202671710239192 ) ) ;
#122 = ADVANCED_FACE ( 'NONE', ( #1204 ), #790, .F. ) ;
#123 = CARTESIAN_POINT ( 'NONE',  ( 6.728582701168793534, -4.793938814107209900, -0.2771989553441707721 ) ) ;
#124 = DIRECTION ( 'NONE',  ( -1.000000000000000000, 0.000000000000000000, 0.000000000000000000 ) ) ;
#125 = ORIENTED_EDGE ( 'NONE', *, *, #421, .T. ) ;
#126 = CARTESIAN_POINT ( 'NONE',  ( 3.586600644019000139, 0.000000000000000000, 0.000000000000000000 ) ) ;
#127 = ORIENTED_EDGE ( 'NONE', *, *, #656, .F. ) ;
#128 = DIRECTION ( 'NONE',  ( -1.000000000000000000, 0.000000000000000000, 0.000000000000000000 ) ) ;
#129 = ORIENTED_EDGE ( 'NONE', *, *, #1139, .T. ) ;
#130 = VERTEX_POINT ( 'NONE', #3417 ) ;
#131 = LINE ( 'NONE', #150, #156 ) ;
#132 = PLANE ( 'NONE',  #2252 ) ;
#133 = EDGE_CURVE ( 'NONE', #2667, #2620, #2674, .T. ) ;
#134 = DIRECTION ( 'NONE',  ( -1.000000000000000000, 0.000000000000000000, 0.000000000000000000 ) ) ;
#135 = LINE ( 'NONE', #1237, #1919 ) ;
#136 = CARTESIAN_POINT ( 'NONE',  ( 9.299999999999998934, 3.924999999999999822, 3.876951502988402860E-15 ) ) ;
#137 = CIRCLE ( 'NONE', #3481, 5.500000000000000000 ) ;
#138 = DIRECTION ( 'NONE',  ( 1.000000000000000000, 0.000000000000000000, 0.000000000000000000 ) ) ;
#139 = CARTESIAN_POINT ( 'NONE',  ( 2.165151738453552355E-13, 0.000000000000000000, 0.000000000000000000 ) ) ;
#140 = EDGE_LOOP ( 'NONE', ( #2897, #554, #3117, #2032 ) ) ;
#141 = CARTESIAN_POINT ( 'NONE',  ( 20.60206887245691476, 3.761808075912326910, 2.418305191657873721 ) ) ;
#142 = CIRCLE ( 'NONE', #1520, 4.799999999999999822 ) ;
#143 = ORIENTED_EDGE ( 'NONE', *, *, #1227, .F. ) ;
#144 = CARTESIAN_POINT ( 'NONE',  ( 15.36666669528483098, 2.933333485233439397, -5.814126876260440134E-10 ) ) ;
#145 = ORIENTED_EDGE ( 'NONE', *, *, #3099, .T. ) ;
#146 = EDGE_CURVE ( 'NONE', #2169, #1930, #1436, .T. ) ;
#147 = CIRCLE ( 'NONE', #658, 3.050000000000000266 ) ;
#148 = ORIENTED_EDGE ( 'NONE', *, *, #3331, .F. ) ;
#149 = AXIS2_PLACEMENT_3D ( 'NONE', #2326, #180, #2950 ) ;
#150 = CARTESIAN_POINT ( 'NONE',  ( 0.000000000000000000, 3.008737276666074489, 0.5000000000000124345 ) ) ;
#151 = ADVANCED_FACE ( 'NONE', ( #2298 ), #2026, .F. ) ;
#152 = LINE ( 'NONE', #1254, #2712 ) ;
#153 = CIRCLE ( 'NONE', #608, 3.050000000000000266 ) ;
#154 = DIRECTION ( 'NONE',  ( 0.000000000000000000, 0.000000000000000000, -1.000000000000000000 ) ) ;
#155 = CARTESIAN_POINT ( 'NONE',  ( 16.63999999999999702, -0.5000000000000067724, 3.008737276666075822 ) ) ;
#156 = VECTOR ( 'NONE', #668, 1000.000000000000000 ) ;
#157 = CARTESIAN_POINT ( 'NONE',  ( 9.299999999999998934, 3.000000000000000000, 2.963275034131263782E-15 ) ) ;
#158 = CARTESIAN_POINT ( 'NONE',  ( 6.516622969570287083, 4.550000000000001599, 1.069459605495911347 ) ) ;
#159 = DIRECTION ( 'NONE',  ( -1.000000000000000000, 0.000000000000000000, 0.000000000000000000 ) ) ;
#160 = VERTEX_POINT ( 'NONE', #3113 ) ;
#161 = DIRECTION ( 'NONE',  ( 0.000000000000000000, -1.000000000000000000, 0.000000000000000000 ) ) ;
#162 = AXIS2_PLACEMENT_3D ( 'NONE', #3077, #912, #2263 ) ;
#163 = ORIENTED_EDGE ( 'NONE', *, *, #2128, .T. ) ;
#164 = CARTESIAN_POINT ( 'NONE',  ( 9.299999999999998934, -3.411400536755901935, 0.9102820492982033329 ) ) ;
#165 = AXIS2_PLACEMENT_3D ( 'NONE', #1094, #1628, #2501 ) ;
#166 = ORIENTED_EDGE ( 'NONE', *, *, #2592, .T. ) ;
#167 = EDGE_CURVE ( 'NONE', #1861, #995, #2152, .T. ) ;
#168 = EDGE_CURVE ( 'NONE', #2352, #639, #1753, .T. ) ;
#169 = ORIENTED_EDGE ( 'NONE', *, *, #1001, .F. ) ;
#170 = DIRECTION ( 'NONE',  ( 1.000000000000000000, 0.000000000000000000, 0.000000000000000000 ) ) ;
#171 = CARTESIAN_POINT ( 'NONE',  ( 3.040000000000000036, 2.350000000000000089, 4.930256217938608300E-15 ) ) ;
#172 = CARTESIAN_POINT ( 'NONE',  ( 21.10000000000001563, 2.777770263849057564, 4.121273148103059114 ) ) ;
#173 = DIRECTION ( 'NONE',  ( 1.000000000000000000, 0.000000000000000000, 0.000000000000000000 ) ) ;
#174 = DIRECTION ( 'NONE',  ( 1.000000000000000000, 0.000000000000000000, 0.000000000000000000 ) ) ;
#175 = ADVANCED_FACE ( 'NONE', ( #1957, #2775 ), #2853, .F. ) ;
#176 = DIRECTION ( 'NONE',  ( 0.000000000000000000, -0.7071067811865474617, -0.7071067811865474617 ) ) ;
#177 = ORIENTED_EDGE ( 'NONE', *, *, #2128, .F. ) ;
#178 = CYLINDRICAL_SURFACE ( 'NONE', #1819, 5.500000000000000000 ) ;
#179 = ORIENTED_EDGE ( 'NONE', *, *, #99, .F. ) ;
#180 = DIRECTION ( 'NONE',  ( -1.000000000000000000, 0.000000000000000000, 0.000000000000000000 ) ) ;
#181 = VERTEX_POINT ( 'NONE', #949 ) ;
#182 = EDGE_LOOP ( 'NONE', ( #3024, #1529, #1079, #1789, #298, #2528, #2972, #611 ) ) ;
#183 = ORIENTED_EDGE ( 'NONE', *, *, #1227, .T. ) ;
#184 = CARTESIAN_POINT ( 'NONE',  ( 8.409999999999989484, 0.000000000000000000, 0.000000000000000000 ) ) ;
#185 = EDGE_CURVE ( 'NONE', #2765, #2013, #315, .T. ) ;
#186 = DIRECTION ( 'NONE',  ( 0.000000000000000000, 0.000000000000000000, -1.000000000000000000 ) ) ;
#187 = EDGE_CURVE ( 'NONE', #1602, #3159, #2608, .T. ) ;
#188 = DIRECTION ( 'NONE',  ( 1.000000000000000000, 0.000000000000000000, 0.000000000000000000 ) ) ;
#189 = DIRECTION ( 'NONE',  ( 0.000000000000000000, -0.9762960071199325851, 0.2164396139381071504 ) ) ;
#190 = DIRECTION ( 'NONE',  ( -1.000000000000000000, 0.000000000000000000, 0.000000000000000000 ) ) ;
#191 = ADVANCED_FACE ( 'NONE', ( #635 ), #337, .T. ) ;
#192 = DIRECTION ( 'NONE',  ( -1.000000000000000000, -0.000000000000000000, -0.000000000000000000 ) ) ;
#193 = CARTESIAN_POINT ( 'NONE',  ( 22.15500000000000114, 4.550000000000023803, 1.528888485141994380 ) ) ;
#194 = VERTEX_POINT ( 'NONE', #621 ) ;
#195 = CARTESIAN_POINT ( 'NONE',  ( 6.218004044485093473, 4.550000000000012257, 1.528888485142069653 ) ) ;
#196 = EDGE_CURVE ( 'NONE', #514, #1158, #490, .T. ) ;
#197 = ORIENTED_EDGE ( 'NONE', *, *, #3440, .F. ) ;
#198 = CARTESIAN_POINT ( 'NONE',  ( 5.876306817195030341, -4.549999999999999822, 1.528888485141964404 ) ) ;
#199 = ORIENTED_EDGE ( 'NONE', *, *, #1290, .T. ) ;
#200 = AXIS2_PLACEMENT_3D ( 'NONE', #1039, #2657, #1276 ) ;
#201 = CONICAL_SURFACE ( 'NONE', #2654, 4.670000000000002593, 0.7853981633972997312 ) ;
#202 = ORIENTED_EDGE ( 'NONE', *, *, #1112, .T. ) ;
#203 = DIRECTION ( 'NONE',  ( 0.000000000000000000, 0.000000000000000000, 1.000000000000000000 ) ) ;
#204 = CIRCLE ( 'NONE', #1969, 0.2699909289179458494 ) ;
#205 = FACE_OUTER_BOUND ( 'NONE', #428, .T. ) ;
#206 = DIRECTION ( 'NONE',  ( -1.000000000000000000, 0.000000000000000000, 0.000000000000000000 ) ) ;
#207 = ADVANCED_FACE ( 'NONE', ( #1181 ), #2673, .F. ) ;
#208 = VECTOR ( 'NONE', #1072, 1000.000000000000227 ) ;
#209 = CARTESIAN_POINT ( 'NONE',  ( 3.500000000000000000, 0.000000000000000000, 0.000000000000000000 ) ) ;
#210 = LINE ( 'NONE', #1260, #1064 ) ;
#211 = VECTOR ( 'NONE', #192, 1000.000000000000000 ) ;
#212 = EDGE_CURVE ( 'NONE', #2141, #1111, #1365, .T. ) ;
#213 = CARTESIAN_POINT ( 'NONE',  ( 3.500000000000000000, 0.000000000000000000, 0.000000000000000000 ) ) ;
#214 = ADVANCED_FACE ( 'NONE', ( #436 ), #1309, .F. ) ;
#215 = VECTOR ( 'NONE', #1198, 1000.000000000000000 ) ;
#216 = ORIENTED_EDGE ( 'NONE', *, *, #777, .T. ) ;
#217 = LINE ( 'NONE', #1044, #2733 ) ;
#218 = VERTEX_POINT ( 'NONE', #2926 ) ;
#219 = AXIS2_PLACEMENT_3D ( 'NONE', #679, #3118, #1774 ) ;
#220 = DIRECTION ( 'NONE',  ( 0.000000000000000000, -1.000000000000000000, 0.000000000000000000 ) ) ;
#221 = ORIENTED_EDGE ( 'NONE', *, *, #2402, .F. ) ;
#222 = CIRCLE ( 'NONE', #1585, 5.500000000000000000 ) ;
#223 = CIRCLE ( 'NONE', #1717, 3.050000000000000266 ) ;
#224 = ORIENTED_EDGE ( 'NONE', *, *, #1739, .T. ) ;
#225 = CARTESIAN_POINT ( 'NONE',  ( 15.50000000000000178, -0.6347807619512868538, 0.3695163538879856491 ) ) ;
#226 = CARTESIAN_POINT ( 'NONE',  ( 2.092907665997959743, 4.549999999999999822, 1.310130005508254758 ) ) ;
#227 = FACE_OUTER_BOUND ( 'NONE', #1959, .T. ) ;
#228 = CARTESIAN_POINT ( 'NONE',  ( 20.60206887245767149, -2.418305191658411513, -3.761808075912862925 ) ) ;
#229 = CARTESIAN_POINT ( 'NONE',  ( 5.229999999999998650, -5.500000000000000000, -0.1310771303830428336 ) ) ;
#230 = CARTESIAN_POINT ( 'NONE',  ( 9.299999999999998934, -0.9102820492978903610, -3.411400536756031610 ) ) ;
#231 = FACE_OUTER_BOUND ( 'NONE', #3478, .T. ) ;
#232 = EDGE_CURVE ( 'NONE', #789, #2344, #3441, .T. ) ;
#233 = EDGE_CURVE ( 'NONE', #2104, #1578, #1799, .T. ) ;
#234 = ORIENTED_EDGE ( 'NONE', *, *, #719, .T. ) ;
#235 = CARTESIAN_POINT ( 'NONE',  ( 6.472126654460175210, 4.665887982175394910, -1.128385930842626506 ) ) ;
#236 = CARTESIAN_POINT ( 'NONE',  ( 5.031123135719891337, 5.466956297876297555, 0.6089546065720705670 ) ) ;
#237 = ORIENTED_EDGE ( 'NONE', *, *, #1592, .F. ) ;
#238 = ORIENTED_EDGE ( 'NONE', *, *, #2551, .F. ) ;
#239 = CARTESIAN_POINT ( 'NONE',  ( 15.49999999999999822, 0.3695163538880106846, 0.6347807619512794153 ) ) ;
#240 = EDGE_CURVE ( 'NONE', #1059, #1629, #3198, .T. ) ;
#241 = CARTESIAN_POINT ( 'NONE',  ( 20.76784595261290534, -2.538265213074339055, 3.881768097328339273 ) ) ;
#242 = CARTESIAN_POINT ( 'NONE',  ( 3.499999999999857447, 0.9987898295349361133, 0.1499999999999770961 ) ) ;
#243 = CARTESIAN_POINT ( 'NONE',  ( 21.10000000000000142, 3.217335854398999828, -4.560838738653000490 ) ) ;
#244 = ADVANCED_FACE ( 'NONE', ( #1020 ), #1362, .F. ) ;
#245 = CARTESIAN_POINT ( 'NONE',  ( 4.370181219927871119, -5.410185072370023995, -0.9898977186817955465 ) ) ;
#246 = CARTESIAN_POINT ( 'NONE',  ( 9.300000000000000711, -3.500000000000001332, -0.4639381977623005526 ) ) ;
#247 = CARTESIAN_POINT ( 'NONE',  ( -0.4650000000000000244, 3.924999999999999822, 8.234576874642143070E-15 ) ) ;
#248 = EDGE_LOOP ( 'NONE', ( #2839, #2067, #867, #2635 ) ) ;
#249 = CARTESIAN_POINT ( 'NONE',  ( 3.500000000000000000, -1.039230484541310062, 0.1500000000000444866 ) ) ;
#250 = CARTESIAN_POINT ( 'NONE',  ( 3.250000000000000000, 5.500000000000000000, -2.270087534307787793E-15 ) ) ;
#251 = ADVANCED_FACE ( 'NONE', ( #2045 ), #2318, .F. ) ;
#252 = ORIENTED_EDGE ( 'NONE', *, *, #2358, .T. ) ;
#253 = VECTOR ( 'NONE', #3344, 1000.000000000000114 ) ;
#254 = VERTEX_POINT ( 'NONE', #2655 ) ;
#255 = ADVANCED_FACE ( 'NONE', ( #469 ), #704, .F. ) ;
#256 = CYLINDRICAL_SURFACE ( 'NONE', #1409, 4.799999999999999822 ) ;
#257 = AXIS2_PLACEMENT_3D ( 'NONE', #2161, #2199, #2730 ) ;
#258 = DIRECTION ( 'NONE',  ( -1.000000000000000000, -0.000000000000000000, -0.000000000000000000 ) ) ;
#259 = DIRECTION ( 'NONE',  ( -1.000000000000000000, 0.000000000000000000, 0.000000000000000000 ) ) ;
#260 = DIRECTION ( 'NONE',  ( 1.000000000000000000, 0.000000000000000000, 0.000000000000000000 ) ) ;
#261 = VECTOR ( 'NONE', #624, 1000.000000000000000 ) ;
#262 = CARTESIAN_POINT ( 'NONE',  ( 15.88000000000000256, 5.477225575051662965, 0.4999999999999748534 ) ) ;
#263 = CARTESIAN_POINT ( 'NONE',  ( 21.10000000000001563, 4.121273148103047568, -2.777770263849047350 ) ) ;
#264 = CIRCLE ( 'NONE', #661, 0.7099999999999999645 ) ;
#265 = CARTESIAN_POINT ( 'NONE',  ( 8.700000000000162714, 0.000000000000000000, 0.000000000000000000 ) ) ;
#266 = VERTEX_POINT ( 'NONE', #3179 ) ;
#267 = AXIS2_PLACEMENT_3D ( 'NONE', #1272, #2923, #942 ) ;
#268 = VECTOR ( 'NONE', #1801, 1000.000000000000114 ) ;
#269 = CARTESIAN_POINT ( 'NONE',  ( 15.87999999999999901, 0.000000000000000000, 0.000000000000000000 ) ) ;
#270 = CARTESIAN_POINT ( 'NONE',  ( 7.799999999999999822, 0.000000000000000000, 0.000000000000000000 ) ) ;
#271 = VERTEX_POINT ( 'NONE', #2335 ) ;
#272 = DIRECTION ( 'NONE',  ( -1.000000000000000000, 0.000000000000000000, 0.000000000000000000 ) ) ;
#273 = ORIENTED_EDGE ( 'NONE', *, *, #1103, .T. ) ;
#274 = VERTEX_POINT ( 'NONE', #742 ) ;
#275 = DIRECTION ( 'NONE',  ( -1.000000000000000000, 0.000000000000000000, 0.000000000000000000 ) ) ;
#276 = EDGE_CURVE ( 'NONE', #254, #939, #2943, .T. ) ;
#277 = EDGE_CURVE ( 'NONE', #1376, #3309, #1486, .T. ) ;
#278 = CARTESIAN_POINT ( 'NONE',  ( 1.963431214811113268, 4.550000000000000711, 1.069241907291683669 ) ) ;
#279 = CARTESIAN_POINT ( 'NONE',  ( 2.603693182804970085, -4.550000000000010481, -1.528888485141954412 ) ) ;
#280 = CARTESIAN_POINT ( 'NONE',  ( 2.261995955514859880, -4.549999999999999822, -1.528888485142015030 ) ) ;
#281 = CARTESIAN_POINT ( 'NONE',  ( 3.741481529163200204, -5.431766470222100018, -0.8651295104749098241 ) ) ;
#282 = ORIENTED_EDGE ( 'NONE', *, *, #2849, .T. ) ;
#283 = LINE ( 'NONE', #53, #1199 ) ;
#284 = ORIENTED_EDGE ( 'NONE', *, *, #1576, .T. ) ;
#285 = CARTESIAN_POINT ( 'NONE',  ( 5.204170427930419706E-15, 4.799999999999999822, 0.000000000000000000 ) ) ;
#286 = CARTESIAN_POINT ( 'NONE',  ( 4.738692443450444713, 5.431803927559816003, 0.8648807447269063475 ) ) ;
#287 = ORIENTED_EDGE ( 'NONE', *, *, #2873, .F. ) ;
#288 = CARTESIAN_POINT ( 'NONE',  ( 16.63999999999999702, 2.418305191658050024, -3.761808075912050242 ) ) ;
#289 = ORIENTED_EDGE ( 'NONE', *, *, #885, .F. ) ;
#290 = ADVANCED_FACE ( 'NONE', ( #1289 ), #2625, .F. ) ;
#291 = ORIENTED_EDGE ( 'NONE', *, *, #3119, .T. ) ;
#292 = CARTESIAN_POINT ( 'NONE',  ( 3.586600644019000139, 0.000000000000000000, 0.000000000000000000 ) ) ;
#293 = CARTESIAN_POINT ( 'NONE',  ( 6.218004044484999326, -4.550000000000010481, -1.528888485142001930 ) ) ;
#294 = LINE ( 'NONE', #1089, #380 ) ;
#295 = CARTESIAN_POINT ( 'NONE',  ( 20.60206887245692897, -3.761808075912326021, -2.418305191657874609 ) ) ;
#296 = CARTESIAN_POINT ( 'NONE',  ( 3.499999999999716227, 0.000000000000000000, 0.000000000000000000 ) ) ;
#297 = CARTESIAN_POINT ( 'NONE',  ( 5.104649979572200458, -5.478605254901812494, -0.4993080351456267163 ) ) ;
#298 = ORIENTED_EDGE ( 'NONE', *, *, #2628, .F. ) ;
#299 = DIRECTION ( 'NONE',  ( 0.000000000000000000, 0.000000000000000000, 1.000000000000000000 ) ) ;
#300 = DIRECTION ( 'NONE',  ( 0.000000000000000000, 0.000000000000000000, 1.000000000000000000 ) ) ;
#301 = ORIENTED_EDGE ( 'NONE', *, *, #2107, .F. ) ;
#302 = CARTESIAN_POINT ( 'NONE',  ( 3.249999999999999556, 5.500000000000000000, -0.1310771303830431112 ) ) ;
#303 = CARTESIAN_POINT ( 'NONE',  ( 3.500000000000000000, 1.039230484541344035, 0.1499999999999540035 ) ) ;
#304 = ORIENTED_EDGE ( 'NONE', *, *, #2742, .F. ) ;
#305 = EDGE_CURVE ( 'NONE', #2307, #1633, #2386, .T. ) ;
#306 = CYLINDRICAL_SURFACE ( 'NONE', #614, 4.799999999999999822 ) ;
#307 = ORIENTED_EDGE ( 'NONE', *, *, #644, .F. ) ;
#308 = VERTEX_POINT ( 'NONE', #2604 ) ;
#309 = LINE ( 'NONE', #2789, #2192 ) ;
#310 = FACE_OUTER_BOUND ( 'NONE', #37, .T. ) ;
#311 = DIRECTION ( 'NONE',  ( 0.000000000000000000, 0.000000000000000000, 1.000000000000000000 ) ) ;
#312 = DIRECTION ( 'NONE',  ( 1.000000000000000000, -0.000000000000000000, -0.000000000000000000 ) ) ;
#313 = AXIS2_PLACEMENT_3D ( 'NONE', #1461, #2810, #97 ) ;
#314 = VERTEX_POINT ( 'NONE', #155 ) ;
#315 = LINE ( 'NONE', #2500, #1312 ) ;
#316 = CARTESIAN_POINT ( 'NONE',  ( 20.79999375307514953, -0.4699968187035530320, -1.462763047290477842E-09 ) ) ;
#317 = AXIS2_PLACEMENT_3D ( 'NONE', #139, #3462, #2064 ) ;
#318 = VERTEX_POINT ( 'NONE', #2587 ) ;
#319 = EDGE_CURVE ( 'NONE', #479, #898, #135, .T. ) ;
#320 = ADVANCED_FACE ( 'NONE', ( #416 ), #1622, .F. ) ;
#321 = CARTESIAN_POINT ( 'NONE',  ( 20.80000000000000071, 0.000000000000000000, 1.348273484663000001E-14 ) ) ;
#322 = DIRECTION ( 'NONE',  ( 0.000000000000000000, 0.000000000000000000, -1.000000000000000000 ) ) ;
#323 = CONICAL_SURFACE ( 'NONE', #1245, 4.349653663743000109, 0.5394002416196738148 ) ;
#324 = VERTEX_POINT ( 'NONE', #1590 ) ;
#325 = CARTESIAN_POINT ( 'NONE',  ( 21.10000000000000142, 0.000000000000000000, 0.000000000000000000 ) ) ;
#326 = ORIENTED_EDGE ( 'NONE', *, *, #2786, .T. ) ;
#327 = AXIS2_PLACEMENT_3D ( 'NONE', #2153, #1668, #2758 ) ;
#328 = VECTOR ( 'NONE', #2245, 1000.000000000000000 ) ;
#329 = VERTEX_POINT ( 'NONE', #242 ) ;
#330 = AXIS2_PLACEMENT_3D ( 'NONE', #2437, #259, #1360 ) ;
#331 = DIRECTION ( 'NONE',  ( 0.000000000000000000, 0.000000000000000000, -1.000000000000000000 ) ) ;
#332 = CARTESIAN_POINT ( 'NONE',  ( 7.799999999999999822, 0.000000000000000000, 0.000000000000000000 ) ) ;
#333 = TOROIDAL_SURFACE ( 'NONE', #2978, 13.65000000000000036, 9.000000000000000000 ) ;
#334 = CARTESIAN_POINT ( 'NONE',  ( 6.680047103551385312, 4.768957484085509790, 0.5492097071996279167 ) ) ;
#335 = CARTESIAN_POINT ( 'NONE',  ( 15.88000000000000256, 0.000000000000000000, 0.000000000000000000 ) ) ;
#336 = CIRCLE ( 'NONE', #165, 0.4699999999999999734 ) ;
#337 = PLANE ( 'NONE',  #672 ) ;
#338 = LINE ( 'NONE', #2283, #3419 ) ;
#339 = CARTESIAN_POINT ( 'NONE',  ( 8.560000000000000497, -3.925000000000010925, 4.117288437321095201E-15 ) ) ;
#340 = CARTESIAN_POINT ( 'NONE',  ( 15.50000000000000000, -0.1875702617489734825, -0.7098546990639388321 ) ) ;
#341 = ORIENTED_EDGE ( 'NONE', *, *, #1247, .F. ) ;
#342 = CARTESIAN_POINT ( 'NONE',  ( 2.104163195430923228, -4.620334354622920969, -1.306740986720787090 ) ) ;
#343 = EDGE_CURVE ( 'NONE', #1059, #905, #488, .T. ) ;
#344 = VERTEX_POINT ( 'NONE', #1073 ) ;
#345 = ORIENTED_EDGE ( 'NONE', *, *, #421, .F. ) ;
#346 = DIRECTION ( 'NONE',  ( 0.000000000000000000, 1.000000000000000000, 0.000000000000000000 ) ) ;
#347 = CARTESIAN_POINT ( 'NONE',  ( 8.560000000000000497, 3.925000000000010925, 4.117288437321071535E-15 ) ) ;
#348 = ADVANCED_FACE ( 'NONE', ( #2113 ), #1190, .F. ) ;
#349 = CARTESIAN_POINT ( 'NONE',  ( 4.960170135879910625, -4.549999999999999822, -1.087319448800570632 ) ) ;
#350 = LINE ( 'NONE', #1682, #2844 ) ;
#351 = DIRECTION ( 'NONE',  ( -1.000000000000000000, -0.000000000000000000, -0.000000000000000000 ) ) ;
#352 = EDGE_CURVE ( 'NONE', #28, #274, #547, .T. ) ;
#353 = DIRECTION ( 'NONE',  ( 1.000000000000000000, 0.000000000000000000, 0.000000000000000000 ) ) ;
#354 = DIRECTION ( 'NONE',  ( 1.000000000000000000, -0.000000000000000000, -0.000000000000000000 ) ) ;
#355 = CARTESIAN_POINT ( 'NONE',  ( 15.50000000000000000, 0.3693108673336113479, -0.6345752753969123861 ) ) ;
#356 = EDGE_LOOP ( 'NONE', ( #2465, #830, #2232, #1765 ) ) ;
#357 = CARTESIAN_POINT ( 'NONE',  ( 4.240000000015538895, -4.549999999999999822, -0.9591663046625510392 ) ) ;
#358 = VERTEX_POINT ( 'NONE', #1643 ) ;
#359 = DIRECTION ( 'NONE',  ( -1.000000000000000000, -0.000000000000000000, -0.000000000000000000 ) ) ;
#360 = ORIENTED_EDGE ( 'NONE', *, *, #3284, .T. ) ;
#361 = CYLINDRICAL_SURFACE ( 'NONE', #313, 0.9899999999999999911 ) ;
#362 = EDGE_CURVE ( 'NONE', #1578, #3374, #775, .T. ) ;
#363 = LINE ( 'NONE', #1448, #666 ) ;
#364 = CARTESIAN_POINT ( 'NONE',  ( 6.694321602705816332, 4.776273255760486336, 0.4815462088551604736 ) ) ;
#365 = CARTESIAN_POINT ( 'NONE',  ( 16.63999999999999702, -0.4999999999999997780, 0.000000000000000000 ) ) ;
#366 = APPLICATION_PROTOCOL_DEFINITION ( 'draft international standard', 'automotive_design', 1998, #2991 ) ;
#367 = AXIS2_PLACEMENT_3D ( 'NONE', #101, #2848, #311 ) ;
#368 = CARTESIAN_POINT ( 'NONE',  ( 21.33500000000000085, -0.4699999999999999734, 9.860512435877215416E-16 ) ) ;
#369 = CARTESIAN_POINT ( 'NONE',  ( 1.740000000000002656, 4.800000000000002487, 0.2782997017181257915 ) ) ;
#370 = VECTOR ( 'NONE', #756, 1000.000000000000000 ) ;
#371 = FACE_OUTER_BOUND ( 'NONE', #1029, .T. ) ;
#372 = DIRECTION ( 'NONE',  ( -1.000000000000000000, 0.000000000000000000, 0.000000000000000000 ) ) ;
#373 = ORIENTED_EDGE ( 'NONE', *, *, #963, .F. ) ;
#374 = LINE ( 'NONE', #2289, #1368 ) ;
#375 = ORIENTED_EDGE ( 'NONE', *, *, #1053, .F. ) ;
#376 = LINE ( 'NONE', #662, #3200 ) ;
#377 = ORIENTED_EDGE ( 'NONE', *, *, #2480, .F. ) ;
#378 = AXIS2_PLACEMENT_3D ( 'NONE', #3533, #1652, #1061 ) ;
#379 = B_SPLINE_CURVE_WITH_KNOTS ( 'NONE', 3,
 ( #3542, #241, #2098, #3270 ),
 .UNSPECIFIED., .F., .F.,
 ( 4, 4 ),
 ( 2.093147943645965692E-15, 0.0007115937633396431788 ),
 .UNSPECIFIED. ) ;
#380 = VECTOR ( 'NONE', #518, 1000.000000000000000 ) ;
#381 = ORIENTED_EDGE ( 'NONE', *, *, #2313, .F. ) ;
#382 = CARTESIAN_POINT ( 'NONE',  ( 5.365075417662217738, 4.550000000000000711, 1.246226642740154267 ) ) ;
#383 = DIRECTION ( 'NONE',  ( 1.000000000000000000, -0.000000000000000000, -0.000000000000000000 ) ) ;
#384 = EDGE_CURVE ( 'NONE', #847, #767, #1568, .T. ) ;
#385 = PLANE ( 'NONE',  #2720 ) ;
#386 =( LENGTH_UNIT ( ) NAMED_UNIT ( * ) SI_UNIT ( .MILLI., .METRE. ) );
#387 = DIRECTION ( 'NONE',  ( 1.000000000000000000, 0.000000000000000000, 0.000000000000000000 ) ) ;
#388 = LINE ( 'NONE', #3150, #2183 ) ;
#389 = AXIS2_PLACEMENT_3D ( 'NONE', #748, #2476, #300 ) ;
#390 = CARTESIAN_POINT ( 'NONE',  ( 6.680059181136156710, -4.768963734998899362, -0.5491548667886297919 ) ) ;
#391 = CARTESIAN_POINT ( 'NONE',  ( 15.50000000000000178, -0.6345752753968879611, -0.3693108673336184533 ) ) ;
#392 = ORIENTED_EDGE ( 'NONE', *, *, #1263, .F. ) ;
#393 = DIRECTION ( 'NONE',  ( 1.000000000000000000, 0.000000000000000000, 0.000000000000000000 ) ) ;
#394 = ORIENTED_EDGE ( 'NONE', *, *, #3125, .T. ) ;
#395 = CARTESIAN_POINT ( 'NONE',  ( 6.740000000000001101, -4.799999999999999822, 4.741240054610022367E-15 ) ) ;
#396 = ORIENTED_EDGE ( 'NONE', *, *, #1001, .T. ) ;
#397 = EDGE_CURVE ( 'NONE', #1743, #3053, #2364, .T. ) ;
#398 = ORIENTED_EDGE ( 'NONE', *, *, #1196, .F. ) ;
#399 = CARTESIAN_POINT ( 'NONE',  ( 5.104534516779268394, -5.478587119893369994, 0.4994743793164100887 ) ) ;
#400 = DIRECTION ( 'NONE',  ( -1.000000000000000000, -0.000000000000000000, -0.000000000000000000 ) ) ;
#401 = CARTESIAN_POINT ( 'NONE',  ( 21.10000000000000142, 2.418305191658097986, 3.761808075912102201 ) ) ;
#402 = CARTESIAN_POINT ( 'NONE',  ( 2.603693182804970530, -4.550000000000011369, 1.528888485141949083 ) ) ;
#403 = DIRECTION ( 'NONE',  ( 0.000000000000000000, 0.000000000000000000, -1.000000000000000000 ) ) ;
#404 = CARTESIAN_POINT ( 'NONE',  ( 6.740060788365095590, 4.550000000000000711, 0.2763107456021364761 ) ) ;
#405 = EDGE_CURVE ( 'NONE', #1482, #752, #294, .T. ) ;
#406 = ORIENTED_EDGE ( 'NONE', *, *, #1506, .T. ) ;
#407 = DIRECTION ( 'NONE',  ( 1.000000000000000000, 0.000000000000000000, 0.000000000000000000 ) ) ;
#408 = ORIENTED_EDGE ( 'NONE', *, *, #1594, .F. ) ;
#409 = DIRECTION ( 'NONE',  ( 0.000000000000000000, 1.000000000000000000, 0.000000000000000000 ) ) ;
#410 = ADVANCED_FACE ( 'NONE', ( #558 ), #1588, .F. ) ;
#411 = ORIENTED_EDGE ( 'NONE', *, *, #935, .F. ) ;
#412 = ORIENTED_EDGE ( 'NONE', *, *, #1249, .T. ) ;
#413 = CARTESIAN_POINT ( 'NONE',  ( 3.631100241976314980, -5.443573666474932793, 0.7911653515007585069 ) ) ;
#414 = DIRECTION ( 'NONE',  ( 0.000000000000000000, 1.000000000000000000, 0.000000000000000000 ) ) ;
#415 = CARTESIAN_POINT ( 'NONE',  ( 15.88000000000000256, -5.477225575051662965, -0.4999999999999806266 ) ) ;
#416 = FACE_OUTER_BOUND ( 'NONE', #2863, .T. ) ;
#417 = DIRECTION ( 'NONE',  ( 1.000000000000000000, -0.000000000000000000, -0.000000000000000000 ) ) ;
#418 = DIRECTION ( 'NONE',  ( 1.000000000000000000, 0.000000000000000000, 0.000000000000000000 ) ) ;
#419 = ORIENTED_EDGE ( 'NONE', *, *, #1090, .T. ) ;
#420 = CARTESIAN_POINT ( 'NONE',  ( 7.799999999999999822, 0.7099999999999999645, 0.000000000000000000 ) ) ;
#421 = EDGE_CURVE ( 'NONE', #3136, #3406, #486, .T. ) ;
#422 = EDGE_CURVE ( 'NONE', #1111, #3432, #901, .T. ) ;
#423 = ORIENTED_EDGE ( 'NONE', *, *, #1270, .F. ) ;
#424 = CARTESIAN_POINT ( 'NONE',  ( 16.64000000000000057, 0.4999999999999878431, -5.477225575051662076 ) ) ;
#425 = AXIS2_PLACEMENT_3D ( 'NONE', #62, #1159, #3321 ) ;
#426 = ORIENTED_EDGE ( 'NONE', *, *, #133, .F. ) ;
#427 = AXIS2_PLACEMENT_3D ( 'NONE', #1474, #2246, #2506 ) ;
#428 = EDGE_LOOP ( 'NONE', ( #2072, #443, #751, #1670 ) ) ;
#429 = VECTOR ( 'NONE', #1019, 1000.000000000000000 ) ;
#430 = CARTESIAN_POINT ( 'NONE',  ( 3.741307556549552160, -5.431803927559816891, 0.8648807447269054594 ) ) ;
#431 = CARTESIAN_POINT ( 'NONE',  ( 3.673201288038619783, 0.000000000000000000, 0.000000000000000000 ) ) ;
#432 = EDGE_CURVE ( 'NONE', #735, #1803, #2751, .T. ) ;
#433 = EDGE_CURVE ( 'NONE', #1941, #864, #3544, .T. ) ;
#434 = CIRCLE ( 'NONE', #3261, 4.799999999999999822 ) ;
#435 = CARTESIAN_POINT ( 'NONE',  ( 16.64000000000000057, 3.158881664815019530, -4.502384549069024189 ) ) ;
#436 = FACE_OUTER_BOUND ( 'NONE', #356, .T. ) ;
#437 = CONICAL_SURFACE ( 'NONE', #906, 0.8599953275981000456, 1.047193544813347588 ) ;
#438 = DIRECTION ( 'NONE',  ( 1.000000000000000000, -0.000000000000000000, -0.000000000000000000 ) ) ;
#439 = VECTOR ( 'NONE', #3168, 1000.000000000000227 ) ;
#440 = CARTESIAN_POINT ( 'NONE',  ( 3.499999999999682920, 0.9987898295352409805, -0.1499999999999848954 ) ) ;
#441 = ORIENTED_EDGE ( 'NONE', *, *, #2752, .F. ) ;
#442 = CARTESIAN_POINT ( 'NONE',  ( 3.299999999999999822, 0.000000000000000000, 0.000000000000000000 ) ) ;
#443 = ORIENTED_EDGE ( 'NONE', *, *, #2219, .T. ) ;
#444 = LINE ( 'NONE', #2896, #1755 ) ;
#445 = EDGE_LOOP ( 'NONE', ( #2448, #39 ) ) ;
#446 = EDGE_CURVE ( 'NONE', #1429, #314, #1379, .T. ) ;
#447 = EDGE_LOOP ( 'NONE', ( #532, #1032 ) ) ;
#448 = VERTEX_POINT ( 'NONE', #1900 ) ;
#449 = CARTESIAN_POINT ( 'NONE',  ( 16.64000000000000057, -3.158881664815056389, -4.502384549068998432 ) ) ;
#450 = LINE ( 'NONE', #171, #1697 ) ;
#451 = DIRECTION ( 'NONE',  ( -1.000000000000000000, -0.000000000000000000, -0.000000000000000000 ) ) ;
#452 = EDGE_CURVE ( 'NONE', #1687, #1941, #1054, .T. ) ;
#453 = CARTESIAN_POINT ( 'NONE',  ( 22.15500000000000114, -4.550000000000020250, -1.528888485142004150 ) ) ;
#454 = CARTESIAN_POINT ( 'NONE',  ( 22.15500000000000114, -3.158881664815010648, 4.502384549069032182 ) ) ;
#455 = CARTESIAN_POINT ( 'NONE',  ( 4.823481414751460861, 4.549999999999998934, -1.033741262987152520 ) ) ;
#456 = ADVANCED_FACE ( 'NONE', ( #227 ), #1106, .T. ) ;
#457 = ORIENTED_EDGE ( 'NONE', *, *, #3484, .T. ) ;
#458 = PLANE ( 'NONE',  #1316 ) ;
#459 = ORIENTED_EDGE ( 'NONE', *, *, #2328, .T. ) ;
#460 = PLANE ( 'NONE',  #2261 ) ;
#461 = VERTEX_POINT ( 'NONE', #3253 ) ;
#462 = EDGE_LOOP ( 'NONE', ( #737, #1843, #3174 ) ) ;
#463 = ORIENTED_EDGE ( 'NONE', *, *, #2354, .T. ) ;
#464 = CARTESIAN_POINT ( 'NONE',  ( 16.63999999999999702, 3.158881664815000434, -4.502384549069000208 ) ) ;
#465 = CARTESIAN_POINT ( 'NONE',  ( 21.10000000000000142, 4.502384549069025965, -3.158881664815021306 ) ) ;
#466 = EDGE_CURVE ( 'NONE', #698, #1483, #793, .T. ) ;
#467 = ADVANCED_FACE ( 'NONE', ( #2811 ), #2515, .T. ) ;
#468 = CARTESIAN_POINT ( 'NONE',  ( 20.89999153097999951, 0.000000000000000000, 0.000000000000000000 ) ) ;
#469 = FACE_OUTER_BOUND ( 'NONE', #1944, .T. ) ;
#470 = CARTESIAN_POINT ( 'NONE',  ( 12.70000000000000107, 0.000000000000000000, 0.000000000000000000 ) ) ;
#471 = FACE_OUTER_BOUND ( 'NONE', #1613, .T. ) ;
#472 = ORIENTED_EDGE ( 'NONE', *, *, #707, .F. ) ;
#473 = DIRECTION ( 'NONE',  ( 0.000000000000000000, 0.000000000000000000, 1.000000000000000000 ) ) ;
#474 = VERTEX_POINT ( 'NONE', #886 ) ;
#475 = CIRCLE ( 'NONE', #2474, 5.500000000000000000 ) ;
#476 = DIRECTION ( 'NONE',  ( -0.000000000000000000, -0.000000000000000000, -1.000000000000000000 ) ) ;
#477 = ORIENTED_EDGE ( 'NONE', *, *, #1221, .F. ) ;
#478 = CIRCLE ( 'NONE', #3541, 3.924999999999999822 ) ;
#479 = VERTEX_POINT ( 'NONE', #347 ) ;
#480 = ORIENTED_EDGE ( 'NONE', *, *, #1705, .F. ) ;
#481 = AXIS2_PLACEMENT_3D ( 'NONE', #1218, #2334, #2586 ) ;
#482 = DIRECTION ( 'NONE',  ( 0.000000000000000000, 1.000000000000000000, 0.000000000000000000 ) ) ;
#483 = DIRECTION ( 'NONE',  ( 0.000000000000000000, 0.000000000000000000, 1.000000000000000000 ) ) ;
#484 = AXIS2_PLACEMENT_3D ( 'NONE', #2989, #3048, #34 ) ;
#485 = ADVANCED_FACE ( 'NONE', ( #3092 ), #1484, .T. ) ;
#486 = LINE ( 'NONE', #2163, #3553 ) ;
#487 = EDGE_CURVE ( 'NONE', #501, #461, #363, .T. ) ;
#488 = B_SPLINE_CURVE_WITH_KNOTS ( 'NONE', 3,
 ( #279, #3235, #797, #1606, #3565, #537 ),
 .UNSPECIFIED., .F., .F.,
 ( 4, 2, 4 ),
 ( -0.002178706533926841413, -0.001305351523851541740, -0.0004319965137762420658 ),
 .UNSPECIFIED. ) ;
#489 = DIRECTION ( 'NONE',  ( -1.000000000000000000, -0.000000000000000000, -0.000000000000000000 ) ) ;
#490 = CIRCLE ( 'NONE', #961, 3.050000000000000266 ) ;
#491 = AXIS2_PLACEMENT_3D ( 'NONE', #1887, #1342, #3305 ) ;
#492 = PLANE ( 'NONE',  #1813 ) ;
#493 = AXIS2_PLACEMENT_3D ( 'NONE', #47, #1144, #2239 ) ;
#494 = ORIENTED_EDGE ( 'NONE', *, *, #2047, .T. ) ;
#495 = ORIENTED_EDGE ( 'NONE', *, *, #2949, .T. ) ;
#496 = DIRECTION ( 'NONE',  ( 0.000000000000000000, 1.000000000000000000, 0.000000000000000000 ) ) ;
#497 = ORIENTED_EDGE ( 'NONE', *, *, #876, .T. ) ;
#498 = FACE_OUTER_BOUND ( 'NONE', #1232, .T. ) ;
#499 = CARTESIAN_POINT ( 'NONE',  ( 4.848899758023683226, 5.443573666474934569, 0.7911653515007592841 ) ) ;
#500 = ORIENTED_EDGE ( 'NONE', *, *, #627, .F. ) ;
#501 = VERTEX_POINT ( 'NONE', #575 ) ;
#502 = ORIENTED_EDGE ( 'NONE', *, *, #3017, .T. ) ;
#503 = ADVANCED_FACE ( 'NONE', ( #79 ), #2548, .T. ) ;
#504 = CARTESIAN_POINT ( 'NONE',  ( 15.50000000000000178, 0.7099999999999998535, 0.1879218192673758892 ) ) ;
#505 = CARTESIAN_POINT ( 'NONE',  ( 1.963377030429713122, 4.550000000000000711, -1.069459605495911347 ) ) ;
#506 = DIRECTION ( 'NONE',  ( -1.000000000000000000, 0.000000000000000000, 0.000000000000000000 ) ) ;
#507 = LINE ( 'NONE', #1664, #3015 ) ;
#508 = CARTESIAN_POINT ( 'NONE',  ( 4.094273464922824957, 4.549999999999999822, 0.9591663046637598500 ) ) ;
#509 = CARTESIAN_POINT ( 'NONE',  ( 14.30000000000000071, 0.000000000000000000, 0.000000000000000000 ) ) ;
#510 = FACE_OUTER_BOUND ( 'NONE', #3060, .T. ) ;
#511 = ORIENTED_EDGE ( 'NONE', *, *, #1549, .T. ) ;
#512 = CARTESIAN_POINT ( 'NONE',  ( 6.694398015622166298, 4.775752720980599442, -0.5514322353023115575 ) ) ;
#513 = CARTESIAN_POINT ( 'NONE',  ( 21.10000000000000142, 3.217335854398999828, -4.560838738653000490 ) ) ;
#514 = VERTEX_POINT ( 'NONE', #1718 ) ;
#515 = ORIENTED_EDGE ( 'NONE', *, *, #2920, .F. ) ;
#516 = FACE_OUTER_BOUND ( 'NONE', #1934, .T. ) ;
#517 = CARTESIAN_POINT ( 'NONE',  ( 6.218004044485000215, -4.549999999999999822, 1.528888485142002374 ) ) ;
#518 = DIRECTION ( 'NONE',  ( -1.000000000000000000, -0.000000000000000000, -0.000000000000000000 ) ) ;
#519 = CYLINDRICAL_SURFACE ( 'NONE', #2899, 1.064999999999999947 ) ;
#520 = CARTESIAN_POINT ( 'NONE',  ( 20.79999375307505005, 0.4699968187034690437, 7.313761683095080537E-10 ) ) ;
#521 = CARTESIAN_POINT ( 'NONE',  ( 9.299999999999997158, 3.055756190823108565, -1.768501977257424196 ) ) ;
#522 = CARTESIAN_POINT ( 'NONE',  ( 1.963431214811196535, -4.550000000000000711, 1.069241907291896609 ) ) ;
#523 = ORIENTED_EDGE ( 'NONE', *, *, #1226, .F. ) ;
#524 = CARTESIAN_POINT ( 'NONE',  ( 15.87999999999999901, 0.5000000000000000000, 0.000000000000000000 ) ) ;
#525 = CARTESIAN_POINT ( 'NONE',  ( 20.49999999999971223, -3.315547120859707153, 2.864566146710493033 ) ) ;
#526 = ORIENTED_EDGE ( 'NONE', *, *, #2509, .F. ) ;
#527 = ADVANCED_FACE ( 'NONE', ( #3073 ), #2555, .T. ) ;
#528 = CARTESIAN_POINT ( 'NONE',  ( 15.88000000000000256, 0.4999999999999882871, 5.477225575051662076 ) ) ;
#529 = EDGE_CURVE ( 'NONE', #625, #19, #744, .T. ) ;
#530 = ORIENTED_EDGE ( 'NONE', *, *, #1410, .T. ) ;
#531 = AXIS2_PLACEMENT_3D ( 'NONE', #1556, #691, #2368 ) ;
#532 = ORIENTED_EDGE ( 'NONE', *, *, #187, .F. ) ;
#533 = LINE ( 'NONE', #2398, #370 ) ;
#534 = AXIS2_PLACEMENT_3D ( 'NONE', #1640, #2142, #2977 ) ;
#535 = CARTESIAN_POINT ( 'NONE',  ( 3.500000000000000000, -0.3747146803517487079, -1.006795714243326145 ) ) ;
#536 = AXIS2_PLACEMENT_3D ( 'NONE', #1665, #2531, #1201 ) ;
#537 = CARTESIAN_POINT ( 'NONE',  ( 4.240000000015538895, -4.549999999999999822, -0.9591663046625510392 ) ) ;
#538 = DIRECTION ( 'NONE',  ( -0.000000000000000000, -1.000000000000000000, -0.000000000000000000 ) ) ;
#539 = CIRCLE ( 'NONE', #1642, 4.799999999999999822 ) ;
#540 = DIRECTION ( 'NONE',  ( 0.000000000000000000, 0.7071067811865475727, -0.7071067811865475727 ) ) ;
#541 = CARTESIAN_POINT ( 'NONE',  ( 3.586600644019000139, 0.000000000000000000, 0.000000000000000000 ) ) ;
#543 = EDGE_CURVE ( 'NONE', #2538, #2667, #100, .T. ) ;
#542 = VECTOR ( 'NONE', #87, 1000.000000000000000 ) ;
#544 = CARTESIAN_POINT ( 'NONE',  ( 1.739939211635013638, -4.550000000000000711, -0.2763107456025590825 ) ) ;
#545 = B_SPLINE_CURVE_WITH_KNOTS ( 'NONE', 3,
 ( #1531, #3466, #144, #3187 ),
 .UNSPECIFIED., .F., .F.,
 ( 4, 4 ),
 ( 0.000000000000000000, 1.000000000000000000 ),
 .UNSPECIFIED. ) ;
#546 = ORIENTED_EDGE ( 'NONE', *, *, #187, .T. ) ;
#547 = CIRCLE ( 'NONE', #2668, 4.799999999999999822 ) ;
#548 = CARTESIAN_POINT ( 'NONE',  ( 15.87999999999999901, -0.5000000000000000000, 0.000000000000000000 ) ) ;
#549 = LINE ( 'NONE', #1333, #2369 ) ;
#550 = EDGE_LOOP ( 'NONE', ( #2686, #457, #657, #696 ) ) ;
#551 = DIRECTION ( 'NONE',  ( 1.000000000000000000, 0.000000000000000000, 0.000000000000000000 ) ) ;
#552 = CIRCLE ( 'NONE', #1021, 3.050000000000000266 ) ;
#553 = ORIENTED_EDGE ( 'NONE', *, *, #196, .T. ) ;
#554 = ORIENTED_EDGE ( 'NONE', *, *, #93, .T. ) ;
#555 = DIRECTION ( 'NONE',  ( 0.9998751594334005510, 0.01580080846133604180, -3.314980177232297879E-17 ) ) ;
#556 = CONICAL_SURFACE ( 'NONE', #3157, 0.3621000000000000330, 1.029744258676459800 ) ;
#557 = CARTESIAN_POINT ( 'NONE',  ( 15.88000000000000256, 0.000000000000000000, 0.000000000000000000 ) ) ;
#558 = FACE_OUTER_BOUND ( 'NONE', #550, .T. ) ;
#559 = CARTESIAN_POINT ( 'NONE',  ( 16.63999999999999702, 0.000000000000000000, -0.5000000000000000000 ) ) ;
#560 = B_SPLINE_CURVE_WITH_KNOTS ( 'NONE', 3,
 ( #1915, #1391, #1069, #3036 ),
 .UNSPECIFIED., .F., .F.,
 ( 4, 4 ),
 ( 2.077977980518465285E-15, 0.0007115937633396365652 ),
 .UNSPECIFIED. ) ;
#561 = CYLINDRICAL_SURFACE ( 'NONE', #536, 5.500000000000000000 ) ;
#562 = EDGE_CURVE ( 'NONE', #28, #1445, #2768, .T. ) ;
#563 = CARTESIAN_POINT ( 'NONE',  ( 3.276032585000608677, -5.495155145829767385, -0.2601180676455808749 ) ) ;
#564 = CARTESIAN_POINT ( 'NONE',  ( 3.500000000000000000, 1.039230484541330046, -0.1500000000000474842 ) ) ;
#565 = CARTESIAN_POINT ( 'NONE',  ( 21.10000000000000142, -0.7990306627408000351, -6.979143930311000332 ) ) ;
#566 = ORIENTED_EDGE ( 'NONE', *, *, #2031, .F. ) ;
#567 = CARTESIAN_POINT ( 'NONE',  ( 6.740000000000000213, 4.799999999999998934, -0.2782980407320109761 ) ) ;
#568 = DIRECTION ( 'NONE',  ( 0.000000000000000000, 0.000000000000000000, -1.000000000000000000 ) ) ;
#569 = ORIENTED_EDGE ( 'NONE', *, *, #943, .F. ) ;
#570 = DIRECTION ( 'NONE',  ( 0.000000000000000000, -0.7071067811865475727, 0.7071067811865475727 ) ) ;
#571 = ORIENTED_EDGE ( 'NONE', *, *, #2786, .F. ) ;
#572 = ORIENTED_EDGE ( 'NONE', *, *, #2920, .T. ) ;
#573 = ADVANCED_FACE ( 'NONE', ( #3398 ), #3124, .F. ) ;
#574 = CARTESIAN_POINT ( 'NONE',  ( 1.740000000000001990, 4.799999999999998934, -0.1392512261994531542 ) ) ;
#575 = CARTESIAN_POINT ( 'NONE',  ( 16.64000000000000057, 0.4999999999999883982, 5.477225575051662076 ) ) ;
#576 = EDGE_CURVE ( 'NONE', #2426, #752, #43, .T. ) ;
#577 = CARTESIAN_POINT ( 'NONE',  ( 20.50019825783913419, -2.863296306383781964, -3.316816961186417778 ) ) ;
#578 = EDGE_CURVE ( 'NONE', #181, #3500, #3324, .T. ) ;
#579 = LINE ( 'NONE', #365, #1527 ) ;
#580 = CARTESIAN_POINT ( 'NONE',  ( 4.240000000000000213, 0.000000000000000000, 0.000000000000000000 ) ) ;
#581 = ORIENTED_EDGE ( 'NONE', *, *, #1488, .F. ) ;
#582 = DIRECTION ( 'NONE',  ( 0.000000000000000000, 0.000000000000000000, 1.000000000000000000 ) ) ;
#583 = LINE ( 'NONE', #860, #1597 ) ;
#584 = EDGE_LOOP ( 'NONE', ( #2634, #179 ) ) ;
#585 = CARTESIAN_POINT ( 'NONE',  ( 6.625272862751824476, -4.741219925055682793, -0.7517438427847091820 ) ) ;
#586 = CARTESIAN_POINT ( 'NONE',  ( 3.499999999999682920, 0.9987898295352409805, -0.1499999999999848954 ) ) ;
#587 = EDGE_LOOP ( 'NONE', ( #307, #2, #419, #3186, #2809, #3215, #360, #2158, #1838, #202, #1824, #858 ) ) ;
#588 = LINE ( 'NONE', #2746, #2038 ) ;
#589 = ORIENTED_EDGE ( 'NONE', *, *, #1396, .T. ) ;
#590 = ORIENTED_EDGE ( 'NONE', *, *, #799, .F. ) ;
#591 = DIRECTION ( 'NONE',  ( 0.000000000000000000, 0.000000000000000000, 1.000000000000000000 ) ) ;
#592 = CARTESIAN_POINT ( 'NONE',  ( 3.299999999999999822, 0.000000000000000000, 0.000000000000000000 ) ) ;
#593 = AXIS2_PLACEMENT_3D ( 'NONE', #2204, #856, #1870 ) ;
#594 = CARTESIAN_POINT ( 'NONE',  ( 16.64000000000000057, 0.000000000000000000, 0.000000000000000000 ) ) ;
#595 = CARTESIAN_POINT ( 'NONE',  ( 3.568022902027476739, -0.8796505390534757884, 0.1499999999999618305 ) ) ;
#596 = ADVANCED_FACE ( 'NONE', ( #310 ), #2035, .F. ) ;
#597 = AXIS2_PLACEMENT_3D ( 'NONE', #1653, #1136, #1386 ) ;
#598 = EDGE_CURVE ( 'NONE', #3159, #1602, #1865, .T. ) ;
#599 = CARTESIAN_POINT ( 'NONE',  ( 21.10000000000000142, -3.217335854398999828, 4.560838738653000490 ) ) ;
#600 = DIRECTION ( 'NONE',  ( 1.000000000000000000, -0.000000000000000000, -0.000000000000000000 ) ) ;
#601 = VECTOR ( 'NONE', #2891, 1000.000000000000000 ) ;
#602 = DIRECTION ( 'NONE',  ( 0.000000000000000000, 0.000000000000000000, -1.000000000000000000 ) ) ;
#603 = CARTESIAN_POINT ( 'NONE',  ( 3.499999999999999556, -0.9023054867498440101, 0.5827861210439829742 ) ) ;
#604 = VECTOR ( 'NONE', #94, 1000.000000000000000 ) ;
#605 = VERTEX_POINT ( 'NONE', #3193 ) ;
#606 = CARTESIAN_POINT ( 'NONE',  ( 3.299999999999999822, 1.064999999999999947, 0.000000000000000000 ) ) ;
#607 = EDGE_LOOP ( 'NONE', ( #1514, #3079 ) ) ;
#608 = AXIS2_PLACEMENT_3D ( 'NONE', #104, #3128, #2796 ) ;
#609 = EDGE_CURVE ( 'NONE', #3502, #18, #2062, .T. ) ;
#610 = PRODUCT_DEFINITION_CONTEXT ( 'detailed design', #3358, 'design' ) ;
#611 = ORIENTED_EDGE ( 'NONE', *, *, #1257, .T. ) ;
#612 = CIRCLE ( 'NONE', #2092, 0.2699909289179458494 ) ;
#613 = DIRECTION ( 'NONE',  ( 1.000000000000000000, 0.000000000000000000, 0.000000000000000000 ) ) ;
#614 = AXIS2_PLACEMENT_3D ( 'NONE', #1155, #880, #1674 ) ;
#615 = EDGE_CURVE ( 'NONE', #3260, #2426, #685, .T. ) ;
#616 = DIRECTION ( 'NONE',  ( -0.000000000000000000, -0.000000000000000000, -1.000000000000000000 ) ) ;
#617 = VECTOR ( 'NONE', #3021, 1000.000000000000000 ) ;
#618 = DIRECTION ( 'NONE',  ( 0.000000000000000000, 0.000000000000000000, 1.000000000000000000 ) ) ;
#619 = CARTESIAN_POINT ( 'NONE',  ( 3.673201288038619783, -0.6939740629157918894, 0.1499999999999769018 ) ) ;
#620 = DIRECTION ( 'NONE',  ( 0.000000000000000000, -0.9762960071199325851, 0.2164396139381071504 ) ) ;
#621 = CARTESIAN_POINT ( 'NONE',  ( 21.10000000000000142, -3.158881664815015977, 4.502384549069027742 ) ) ;
#622 = DIRECTION ( 'NONE',  ( -0.000000000000000000, 1.000000000000000000, -0.000000000000000000 ) ) ;
#623 = DIRECTION ( 'NONE',  ( 0.000000000000000000, 0.7071067811865474617, 0.7071067811865474617 ) ) ;
#624 = DIRECTION ( 'NONE',  ( -1.000000000000000000, 0.000000000000000000, 0.000000000000000000 ) ) ;
#625 = VERTEX_POINT ( 'NONE', #1500 ) ;
#626 = DIRECTION ( 'NONE',  ( -1.000000000000000000, -0.000000000000000000, -0.000000000000000000 ) ) ;
#627 = EDGE_CURVE ( 'NONE', #1320, #2169, #1812, .T. ) ;
#628 = ORIENTED_EDGE ( 'NONE', *, *, #233, .F. ) ;
#629 = CARTESIAN_POINT ( 'NONE',  ( 3.500000000000000000, 0.1500000000000459854, 1.039230484541321831 ) ) ;
#630 = ORIENTED_EDGE ( 'NONE', *, *, #2831, .F. ) ;
#631 = DIRECTION ( 'NONE',  ( -1.000000000000000000, 0.000000000000000000, 0.000000000000000000 ) ) ;
#632 = CARTESIAN_POINT ( 'NONE',  ( 4.532244694837259225, 4.549999999999999822, 0.9591663046600944487 ) ) ;
#633 = CARTESIAN_POINT ( 'NONE',  ( 5.365765522212247340, -4.550000000000001599, -1.246596704433753811 ) ) ;
#634 = CARTESIAN_POINT ( 'NONE',  ( 3.499999999999857447, -0.9987898295349363353, 0.1499999999999765965 ) ) ;
#635 = FACE_OUTER_BOUND ( 'NONE', #2002, .T. ) ;
#636 = LINE ( 'NONE', #108, #768 ) ;
#637 = DIRECTION ( 'NONE',  ( 1.000000000000000000, 0.000000000000000000, 0.000000000000000000 ) ) ;
#638 = CARTESIAN_POINT ( 'NONE',  ( 3.500000000000000000, -0.3739698406799714103, 1.006903222589575764 ) ) ;
#639 = VERTEX_POINT ( 'NONE', #2884 ) ;
#640 = CARTESIAN_POINT ( 'NONE',  ( 14.59999999999999964, 3.050000000000000266, 0.000000000000000000 ) ) ;
#641 = ORIENTED_EDGE ( 'NONE', *, *, #2966, .T. ) ;
#642 = CARTESIAN_POINT ( 'NONE',  ( 6.695186433018256444, -4.549999999999999822, 0.5460835779486254982 ) ) ;
#643 = VERTEX_POINT ( 'NONE', #2600 ) ;
#644 = EDGE_CURVE ( 'NONE', #881, #3410, #1707, .T. ) ;
#645 = VERTEX_POINT ( 'NONE', #3455 ) ;
#646 = DIRECTION ( 'NONE',  ( 0.000000000000000000, 1.000000000000000000, 0.000000000000000000 ) ) ;
#647 = FACE_OUTER_BOUND ( 'NONE', #785, .T. ) ;
#648 = AXIS2_PLACEMENT_3D ( 'NONE', #1491, #2874, #403 ) ;
#649 = CARTESIAN_POINT ( 'NONE',  ( 20.60206887245765728, 2.418305191658414621, 3.761808075912868254 ) ) ;
#650 = CONICAL_SURFACE ( 'NONE', #1406, 2.900000178907000237, 0.7853981941667564914 ) ;
#651 = CARTESIAN_POINT ( 'NONE',  ( 20.60206887245690766, -2.418305191657873277, 3.761808075912326910 ) ) ;
#652 = CARTESIAN_POINT ( 'NONE',  ( 15.87999999999999901, 0.000000000000000000, 0.000000000000000000 ) ) ;
#653 = VECTOR ( 'NONE', #1817, 1000.000000000000000 ) ;
#654 = LINE ( 'NONE', #2801, #542 ) ;
#655 = CARTESIAN_POINT ( 'NONE',  ( 15.88000000000000256, -0.4999999999999813483, -5.477225575051662965 ) ) ;
#656 = EDGE_CURVE ( 'NONE', #181, #2633, #131, .T. ) ;
#657 = ORIENTED_EDGE ( 'NONE', *, *, #1352, .F. ) ;
#658 = AXIS2_PLACEMENT_3D ( 'NONE', #2781, #1995, #3352 ) ;
#659 = CARTESIAN_POINT ( 'NONE',  ( 20.80000000000000071, 0.000000000000000000, 1.348273484663000001E-14 ) ) ;
#660 = ORIENTED_EDGE ( 'NONE', *, *, #943, .T. ) ;
#661 = AXIS2_PLACEMENT_3D ( 'NONE', #1212, #2291, #2880 ) ;
#662 = CARTESIAN_POINT ( 'NONE',  ( 4.240000000000000213, -4.549999999999999822, -1.528888485141999931 ) ) ;
#663 = VERTEX_POINT ( 'NONE', #449 ) ;
#664 = AXIS2_PLACEMENT_3D ( 'NONE', #1823, #745, #3182 ) ;
#665 = EDGE_CURVE ( 'NONE', #2594, #1297, #612, .T. ) ;
#666 = VECTOR ( 'NONE', #616, 1000.000000000000000 ) ;
#667 = ORIENTED_EDGE ( 'NONE', *, *, #1779, .F. ) ;
#668 = DIRECTION ( 'NONE',  ( 1.000000000000000000, 0.000000000000000000, 0.000000000000000000 ) ) ;
#669 = CARTESIAN_POINT ( 'NONE',  ( 21.10000000000000142, -3.217335854398999828, 4.560838738653000490 ) ) ;
#670 = AXIS2_PLACEMENT_3D ( 'NONE', #184, #1285, #2362 ) ;
#671 = CARTESIAN_POINT ( 'NONE',  ( 4.240000000000000213, 6.049999999999999822, 0.000000000000000000 ) ) ;
#672 = AXIS2_PLACEMENT_3D ( 'NONE', #1738, #1975, #3097 ) ;
#673 = DIRECTION ( 'NONE',  ( -1.000000000000000000, 0.000000000000000000, 0.000000000000000000 ) ) ;
#674 = CARTESIAN_POINT ( 'NONE',  ( 20.99999816616985271, 0.2699927626864976338, 1.493868948367912482E-09 ) ) ;
#675 = EDGE_CURVE ( 'NONE', #2723, #789, #998, .T. ) ;
#676 = CARTESIAN_POINT ( 'NONE',  ( 6.516568785188995072, 4.550000000000000711, -1.069241907291363702 ) ) ;
#677 = DIRECTION ( 'NONE',  ( 0.000000000000000000, 0.000000000000000000, -1.000000000000000000 ) ) ;
#678 = ORIENTED_EDGE ( 'NONE', *, *, #3055, .T. ) ;
#679 = CARTESIAN_POINT ( 'NONE',  ( 21.33500000000000085, 0.000000000000000000, 0.000000000000000000 ) ) ;
#680 = ORIENTED_EDGE ( 'NONE', *, *, #305, .T. ) ;
#681 = CARTESIAN_POINT ( 'NONE',  ( 4.240000000000000213, -4.549999999999999822, 0.000000000000000000 ) ) ;
#682 = ORIENTED_EDGE ( 'NONE', *, *, #3472, .F. ) ;
#683 = B_SPLINE_CURVE_WITH_KNOTS ( 'NONE', 3,
 ( #634, #595, #1737, #619 ),
 .UNSPECIFIED., .F., .F.,
 ( 4, 4 ),
 ( 0.000000000000000000, 1.000000000000000000 ),
 .UNSPECIFIED. ) ;
#684 = ORIENTED_EDGE ( 'NONE', *, *, #820, .T. ) ;
#685 = LINE ( 'NONE', #1766, #2325 ) ;
#686 = LINE ( 'NONE', #2096, #3138 ) ;
#687 = CARTESIAN_POINT ( 'NONE',  ( 22.15500000000000114, 4.502384549069025965, -3.158881664815018198 ) ) ;
#688 = EDGE_CURVE ( 'NONE', #3336, #3350, #3469, .T. ) ;
#689 = CARTESIAN_POINT ( 'NONE',  ( 3.519829864120084917, -4.549999999999999822, 1.087319448800561750 ) ) ;
#690 = EDGE_CURVE ( 'NONE', #3053, #1269, #2612, .T. ) ;
#691 = DIRECTION ( 'NONE',  ( 1.000000000000000000, -0.000000000000000000, -0.000000000000000000 ) ) ;
#692 = CARTESIAN_POINT ( 'NONE',  ( 16.63999999999999702, -2.418305191657999842, 3.761808075912000060 ) ) ;
#693 = PRODUCT ( '031-5329-51RFX', '031-5329-51RFX', '', ( #3347 ) ) ;
#694 = ORIENTED_EDGE ( 'NONE', *, *, #3488, .F. ) ;
#695 = DIRECTION ( 'NONE',  ( -1.000000000000000000, 0.000000000000000000, 0.000000000000000000 ) ) ;
#696 = ORIENTED_EDGE ( 'NONE', *, *, #319, .T. ) ;
#697 = CARTESIAN_POINT ( 'NONE',  ( 9.300000000000000711, 2.803270047568891421, 2.146374194244611733 ) ) ;
#698 = VERTEX_POINT ( 'NONE', #1794 ) ;
#699 = EDGE_CURVE ( 'NONE', #956, #3338, #1016, .T. ) ;
#700 = VERTEX_POINT ( 'NONE', #2073 ) ;
#701 = DIRECTION ( 'NONE',  ( -1.000000000000000000, -0.000000000000000000, -0.000000000000000000 ) ) ;
#702 = DIRECTION ( 'NONE',  ( -0.000000000000000000, -0.7071067811865474617, 0.7071067811865474617 ) ) ;
#703 = DIRECTION ( 'NONE',  ( 0.000000000000000000, -1.000000000000000000, 0.000000000000000000 ) ) ;
#704 = PLANE ( 'NONE',  #2143 ) ;
#705 = DIRECTION ( 'NONE',  ( -1.000000000000000000, 0.000000000000000000, 0.000000000000000000 ) ) ;
#706 = EDGE_CURVE ( 'NONE', #2302, #898, #3035, .T. ) ;
#707 = EDGE_CURVE ( 'NONE', #2544, #663, #3489, .T. ) ;
#708 = VECTOR ( 'NONE', #417, 1000.000000000000000 ) ;
#709 = LINE ( 'NONE', #2876, #268 ) ;
#710 = CARTESIAN_POINT ( 'NONE',  ( 3.625756664706824228, -0.7780474843613964797, -0.1500000000000884515 ) ) ;
#711 = VERTEX_POINT ( 'NONE', #739 ) ;
#712 = CARTESIAN_POINT ( 'NONE',  ( 21.10000000000000142, -4.502384549069025077, 3.158881664815022194 ) ) ;
#713 = AXIS2_PLACEMENT_3D ( 'NONE', #292, #275, #1587 ) ;
#714 = VERTEX_POINT ( 'NONE', #1216 ) ;
#715 = CARTESIAN_POINT ( 'NONE',  ( 5.623128649630041664, -4.549999999999999822, 1.381923745741799658 ) ) ;
#716 = AXIS2_PLACEMENT_3D ( 'NONE', #2904, #2316, #1818 ) ;
#717 = VERTEX_POINT ( 'NONE', #2294 ) ;
#718 = CIRCLE ( 'NONE', #481, 4.650000000000001243 ) ;
#719 = EDGE_CURVE ( 'NONE', #3052, #2381, #2868, .T. ) ;
#720 = ORIENTED_EDGE ( 'NONE', *, *, #1806, .F. ) ;
#721 = VECTOR ( 'NONE', #2698, 1000.000000000000000 ) ;
#722 = CARTESIAN_POINT ( 'NONE',  ( 3.979380502468405467, -5.415138250939979692, 0.9637376890317843614 ) ) ;
#723 = FACE_OUTER_BOUND ( 'NONE', #2037, .T. ) ;
#724 = EDGE_CURVE ( 'NONE', #1211, #1787, #1712, .T. ) ;
#725 = CARTESIAN_POINT ( 'NONE',  ( 1.834192860517011248, -4.751572965496891676, 0.6834767998313834303 ) ) ;
#726 = DIRECTION ( 'NONE',  ( -1.000000000000000000, 0.000000000000000000, 0.000000000000000000 ) ) ;
#727 = FACE_OUTER_BOUND ( 'NONE', #587, .T. ) ;
#728 = CYLINDRICAL_SURFACE ( 'NONE', #3147, 4.799999999999999822 ) ;
#729 = CARTESIAN_POINT ( 'NONE',  ( 22.15500000000000114, -0.4999999999999626965, -5.477225575051663853 ) ) ;
#730 = ORIENTED_EDGE ( 'NONE', *, *, #1335, .F. ) ;
#731 = CARTESIAN_POINT ( 'NONE',  ( 12.69999999999999929, 1.069081346886999938E-14, 0.000000000000000000 ) ) ;
#732 = VECTOR ( 'NONE', #3259, 1000.000000000000000 ) ;
#733 = VERTEX_POINT ( 'NONE', #1138 ) ;
#734 = CARTESIAN_POINT ( 'NONE',  ( 9.300000000000000711, -3.499999999999999556, 0.4643193720677604164 ) ) ;
#735 = VERTEX_POINT ( 'NONE', #2382 ) ;
#736 = EDGE_CURVE ( 'NONE', #847, #993, #1764, .T. ) ;
#737 = ORIENTED_EDGE ( 'NONE', *, *, #2413, .T. ) ;
#738 = ORIENTED_EDGE ( 'NONE', *, *, #675, .T. ) ;
#739 = CARTESIAN_POINT ( 'NONE',  ( 9.299999999999998934, 3.500000000000000000, 0.000000000000000000 ) ) ;
#740 = CARTESIAN_POINT ( 'NONE',  ( 21.10000000000000142, 0.000000000000000000, 0.000000000000000000 ) ) ;
#741 = CARTESIAN_POINT ( 'NONE',  ( 6.472134400402167032, -4.665889786940114803, 1.128378431577427676 ) ) ;
#742 = CARTESIAN_POINT ( 'NONE',  ( 12.69999999999999929, 4.799999999999999822, 5.878304635907299142E-16 ) ) ;
#743 = CARTESIAN_POINT ( 'NONE',  ( 22.15500000000000114, 4.550000000000019362, -1.528888485142006814 ) ) ;
#744 = B_SPLINE_CURVE_WITH_KNOTS ( 'NONE', 3,
 ( #1989, #925, #2568, #2792, #2493, #2827 ),
 .UNSPECIFIED., .F., .F.,
 ( 4, 2, 4 ),
 ( 0.000000000000000000, 0.5000000000000000000, 1.000000000000000000 ),
 .UNSPECIFIED. ) ;
#745 = DIRECTION ( 'NONE',  ( 1.000000000000000000, 0.000000000000000000, 0.000000000000000000 ) ) ;
#746 = CARTESIAN_POINT ( 'NONE',  ( 3.673201288038619783, -0.6939740629157918894, -0.1499999999999765410 ) ) ;
#747 = ORIENTED_EDGE ( 'NONE', *, *, #991, .F. ) ;
#748 = CARTESIAN_POINT ( 'NONE',  ( 21.10000000000000142, 0.000000000000000000, 0.000000000000000000 ) ) ;
#749 = ORIENTED_EDGE ( 'NONE', *, *, #446, .F. ) ;
#750 = CARTESIAN_POINT ( 'NONE',  ( 9.299999999999998934, 3.055963939649175121, 1.768381824367389221 ) ) ;
#751 = ORIENTED_EDGE ( 'NONE', *, *, #2516, .T. ) ;
#752 = VERTEX_POINT ( 'NONE', #1948 ) ;
#753 = ADVANCED_FACE ( 'NONE', ( #3509 ), #2110, .F. ) ;
#754 = EDGE_CURVE ( 'NONE', #3338, #2250, #588, .T. ) ;
#755 = VERTEX_POINT ( 'NONE', #1306 ) ;
#756 = DIRECTION ( 'NONE',  ( -1.000000000000000000, 0.000000000000000000, 0.000000000000000000 ) ) ;
#757 = LINE ( 'NONE', #1052, #2606 ) ;
#758 = DIRECTION ( 'NONE',  ( 0.000000000000000000, 0.000000000000000000, 1.000000000000000000 ) ) ;
#759 = CARTESIAN_POINT ( 'NONE',  ( 4.239999999984461532, 4.549999999999999822, 0.9591663046625554800 ) ) ;
#760 = FACE_OUTER_BOUND ( 'NONE', #2187, .T. ) ;
#761 = ORIENTED_EDGE ( 'NONE', *, *, #1028, .F. ) ;
#762 = CARTESIAN_POINT ( 'NONE',  ( 20.60206887245765728, -3.761808075912867366, 2.418305191658414177 ) ) ;
#763 = EDGE_LOOP ( 'NONE', ( #127, #2999, #1773, #3447 ) ) ;
#764 = AXIS2_PLACEMENT_3D ( 'NONE', #652, #353, #1182 ) ;
#765 = ADVANCED_FACE ( 'NONE', ( #1403, #1963 ), #809, .F. ) ;
#766 = CARTESIAN_POINT ( 'NONE',  ( 16.63999999999999702, -3.008737276666075822, 0.5000000000000067724 ) ) ;
#767 = VERTEX_POINT ( 'NONE', #865 ) ;
#768 = VECTOR ( 'NONE', #1205, 1000.000000000000114 ) ;
#769 = VECTOR ( 'NONE', #702, 1000.000000000000114 ) ;
#770 = ORIENTED_EDGE ( 'NONE', *, *, #1257, .F. ) ;
#771 = CONICAL_SURFACE ( 'NONE', #954, 2.900000178907000237, 0.7853981941667564914 ) ;
#772 = DIRECTION ( 'NONE',  ( -1.000000000000000000, -0.000000000000000000, -0.000000000000000000 ) ) ;
#773 = CARTESIAN_POINT ( 'NONE',  ( 9.299999999999998934, 0.000000000000000000, 0.000000000000000000 ) ) ;
#774 = AXIS2_PLACEMENT_3D ( 'NONE', #1916, #21, #903 ) ;
#775 = LINE ( 'NONE', #3302, #1076 ) ;
#776 = FACE_OUTER_BOUND ( 'NONE', #2567, .T. ) ;
#777 = EDGE_CURVE ( 'NONE', #448, #791, #1648, .T. ) ;
#778 = AXIS2_PLACEMENT_3D ( 'NONE', #916, #354, #1184 ) ;
#779 = DIRECTION ( 'NONE',  ( 0.000000000000000000, 0.000000000000000000, 1.000000000000000000 ) ) ;
#780 = AXIS2_PLACEMENT_3D ( 'NONE', #1781, #2636, #2584 ) ;
#781 = AXIS2_PLACEMENT_3D ( 'NONE', #2830, #3059, #2281 ) ;
#782 = CARTESIAN_POINT ( 'NONE',  ( 16.63999999999999702, 1.020831856546000102E-14, -0.5000000000000000000 ) ) ;
#783 = DIRECTION ( 'NONE',  ( -1.000000000000000000, 0.000000000000000000, 0.000000000000000000 ) ) ;
#784 = EDGE_CURVE ( 'NONE', #3063, #314, #552, .T. ) ;
#785 = EDGE_LOOP ( 'NONE', ( #1654, #3412, #571, #1295, #301 ) ) ;
#786 = AXIS2_PLACEMENT_3D ( 'NONE', #3315, #1373, #1932 ) ;
#787 = CARTESIAN_POINT ( 'NONE',  ( 5.104534516779271058, 5.478587119893369994, -0.4994743793164099777 ) ) ;
#788 = CARTESIAN_POINT ( 'NONE',  ( 20.76784595261291599, -3.881768097328332168, -2.538265213074331950 ) ) ;
#789 = VERTEX_POINT ( 'NONE', #288 ) ;
#790 = TOROIDAL_SURFACE ( 'NONE', #1534, 13.65000000000000036, 9.000000000000000000 ) ;
#791 = VERTEX_POINT ( 'NONE', #528 ) ;
#792 = CONICAL_SURFACE ( 'NONE', #2980, 4.670000000000002593, 0.7853981633972997312 ) ;
#793 = B_SPLINE_CURVE_WITH_KNOTS ( 'NONE', 3,
 ( #3381, #870, #382, #63, #632, #1412 ),
 .UNSPECIFIED., .F., .F.,
 ( 4, 2, 4 ),
 ( -0.001315064107821023931, -0.0004395208288983546785, 0.0004360224500243145736 ),
 .UNSPECIFIED. ) ;
#794 = ORIENTED_EDGE ( 'NONE', *, *, #736, .T. ) ;
#795 = CARTESIAN_POINT ( 'NONE',  ( 0.000000000000000000, -0.5000000000000028866, -3.008737276666076266 ) ) ;
#796 = DIRECTION ( 'NONE',  ( 0.000000000000000000, 0.000000000000000000, -1.000000000000000000 ) ) ;
#797 = CARTESIAN_POINT ( 'NONE',  ( 3.114924582337776471, -4.550000000000000711, -1.246226642740151158 ) ) ;
#798 = CARTESIAN_POINT ( 'NONE',  ( 8.500000000000000000, -3.000000000000000000, 3.673940397442059868E-16 ) ) ;
#799 = EDGE_CURVE ( 'NONE', #1787, #1095, #2797, .T. ) ;
#800 = DIRECTION ( 'NONE',  ( 0.000000000000000000, 0.000000000000000000, -1.000000000000000000 ) ) ;
#801 = ADVANCED_FACE ( 'NONE', ( #2784 ), #2722, .F. ) ;
#802 = ORIENTED_EDGE ( 'NONE', *, *, #846, .F. ) ;
#803 = LINE ( 'NONE', #1890, #2042 ) ;
#804 = ORIENTED_EDGE ( 'NONE', *, *, #2251, .F. ) ;
#805 = FACE_OUTER_BOUND ( 'NONE', #3454, .T. ) ;
#806 = CARTESIAN_POINT ( 'NONE',  ( 20.53525503257945317, -3.539407292805012428, 2.640705974765187314 ) ) ;
#807 = B_SPLINE_CURVE_WITH_KNOTS ( 'NONE', 3,
 ( #2890, #1277, #676, #2945, #1557, #404, #1240, #158, #1507, #2321 ),
 .UNSPECIFIED., .F., .F.,
 ( 4, 2, 2, 2, 4 ),
 ( 0.000000000000000000, 0.2500000000000000000, 0.5000000000000000000, 0.7500000000000000000, 1.000000000000000000 ),
 .UNSPECIFIED. ) ;
#808 = ORIENTED_EDGE ( 'NONE', *, *, #2370, .F. ) ;
#809 = PLANE ( 'NONE',  #3503 ) ;
#810 = ORIENTED_EDGE ( 'NONE', *, *, #3496, .T. ) ;
#811 = EDGE_CURVE ( 'NONE', #3425, #3508, #1923, .T. ) ;
#812 = VERTEX_POINT ( 'NONE', #2464 ) ;
#813 = PLANE ( 'NONE',  #3191 ) ;
#814 = DIRECTION ( 'NONE',  ( 0.000000000000000000, 0.000000000000000000, 1.000000000000000000 ) ) ;
#815 = DIRECTION ( 'NONE',  ( 0.000000000000000000, 0.000000000000000000, 1.000000000000000000 ) ) ;
#816 = CARTESIAN_POINT ( 'NONE',  ( 16.64000000000000057, 0.000000000000000000, 0.000000000000000000 ) ) ;
#817 = FACE_BOUND ( 'NONE', #1675, .T. ) ;
#818 = CARTESIAN_POINT ( 'NONE',  ( 3.625756664707886046, 0.7780474843595504009, 0.1499999999999234168 ) ) ;
#819 = LINE ( 'NONE', #247, #3214 ) ;
#820 = EDGE_CURVE ( 'NONE', #1007, #194, #969, .T. ) ;
#821 = ADVANCED_FACE ( 'NONE', ( #2510 ), #2193, .F. ) ;
#822 = ORIENTED_EDGE ( 'NONE', *, *, #3002, .F. ) ;
#823 = CARTESIAN_POINT ( 'NONE',  ( 4.368620890377689747, 5.410147752207429050, -0.9901016665129810379 ) ) ;
#824 = CARTESIAN_POINT ( 'NONE',  ( 6.218004044485000215, 4.549999999999999822, -1.528888485142004816 ) ) ;
#825 = ORIENTED_EDGE ( 'NONE', *, *, #2653, .F. ) ;
#826 = CARTESIAN_POINT ( 'NONE',  ( 21.10000000000004405, 0.000000000000000000, 1.348273484663000001E-14 ) ) ;
#827 = ADVANCED_FACE ( 'NONE', ( #3337 ), #306, .T. ) ;
#828 = ORIENTED_EDGE ( 'NONE', *, *, #146, .T. ) ;
#829 = AXIS2_PLACEMENT_3D ( 'NONE', #1200, #383, #2495 ) ;
#830 = ORIENTED_EDGE ( 'NONE', *, *, #7, .F. ) ;
#831 = CARTESIAN_POINT ( 'NONE',  ( 16.63999999999999702, -0.5000000000000013323, -3.008737276666076710 ) ) ;
#832 = EDGE_CURVE ( 'NONE', #1252, #3209, #2485, .T. ) ;
#833 = CARTESIAN_POINT ( 'NONE',  ( 15.87999999999999901, 0.000000000000000000, -0.5000000000000000000 ) ) ;
#834 = DIRECTION ( 'NONE',  ( 1.000000000000000000, -0.000000000000000000, -0.000000000000000000 ) ) ;
#835 = CARTESIAN_POINT ( 'NONE',  ( 16.63999999999999346, -3.761808075912049798, -2.418305191658050468 ) ) ;
#836 = AXIS2_PLACEMENT_3D ( 'NONE', #2068, #1841, #1246 ) ;
#837 = CARTESIAN_POINT ( 'NONE',  ( 7.799999999999999822, 0.1499999999999985234, -0.6939740629158992480 ) ) ;
#838 = CARTESIAN_POINT ( 'NONE',  ( 4.848899758023685003, -5.443573666474935457, -0.7911653515007587290 ) ) ;
#839 = CARTESIAN_POINT ( 'NONE',  ( 3.568022902028229915, 0.8796505390521531798, 0.1499999999999822309 ) ) ;
#840 = VECTOR ( 'NONE', #623, 1000.000000000000114 ) ;
#841 = CARTESIAN_POINT ( 'NONE',  ( 21.10000000000001563, -4.121273148103057338, 2.777770263849056231 ) ) ;
#842 = ORIENTED_EDGE ( 'NONE', *, *, #2592, .F. ) ;
#843 = AXIS2_PLACEMENT_3D ( 'NONE', #1160, #1173, #1734 ) ;
#844 = CARTESIAN_POINT ( 'NONE',  ( 6.556162304255840567, 4.706774946139213434, -0.9435544431223464867 ) ) ;
#845 = DIRECTION ( 'NONE',  ( 1.000000000000000000, 0.000000000000000000, 0.000000000000000000 ) ) ;
#846 = EDGE_CURVE ( 'NONE', #33, #1510, #3354, .T. ) ;
#847 = VERTEX_POINT ( 'NONE', #2303 ) ;
#848 = DIRECTION ( 'NONE',  ( -1.000000000000000000, 0.000000000000000000, 0.000000000000000000 ) ) ;
#849 = AXIS2_PLACEMENT_3D ( 'NONE', #1656, #1895, #203 ) ;
#850 = ORIENTED_EDGE ( 'NONE', *, *, #699, .T. ) ;
#851 = ADVANCED_FACE ( 'NONE', ( #1982 ), #437, .F. ) ;
#852 = ORIENTED_EDGE ( 'NONE', *, *, #2873, .T. ) ;
#853 = EDGE_CURVE ( 'NONE', #735, #2667, #3037, .T. ) ;
#854 = CARTESIAN_POINT ( 'NONE',  ( 15.87999999999999901, -0.5000000000000000000, 0.000000000000000000 ) ) ;
#855 = DIRECTION ( 'NONE',  ( 0.000000000000000000, 0.000000000000000000, -1.000000000000000000 ) ) ;
#856 = DIRECTION ( 'NONE',  ( 0.000000000000000000, -1.000000000000000000, 0.000000000000000000 ) ) ;
#857 = DIRECTION ( 'NONE',  ( 0.000000000000000000, 0.000000000000000000, -1.000000000000000000 ) ) ;
#858 = ORIENTED_EDGE ( 'NONE', *, *, #1925, .T. ) ;
#859 = CARTESIAN_POINT ( 'NONE',  ( 9.300000000000000711, 0.9102261835232462461, -3.411265664844261192 ) ) ;
#860 = CARTESIAN_POINT ( 'NONE',  ( 21.10000000000000142, 4.502384549069000208, 3.158881664814999990 ) ) ;
#861 = EDGE_LOOP ( 'NONE', ( #2513, #1745, #3205, #502 ) ) ;
#862 = DIRECTION ( 'NONE',  ( 1.000000000000000000, 0.000000000000000000, 0.000000000000000000 ) ) ;
#863 = PLANE ( 'NONE',  #597 ) ;
#864 = VERTEX_POINT ( 'NONE', #955 ) ;
#865 = CARTESIAN_POINT ( 'NONE',  ( 15.50000024500355700, -2.799999927309566150, 2.087091075884903352E-10 ) ) ;
#866 = ORIENTED_EDGE ( 'NONE', *, *, #1432, .T. ) ;
#867 = ORIENTED_EDGE ( 'NONE', *, *, #777, .F. ) ;
#868 = CARTESIAN_POINT ( 'NONE',  ( 16.64000000000000057, -4.502384549069027742, -3.158881664815014201 ) ) ;
#869 = EDGE_CURVE ( 'NONE', #1578, #2544, #91, .T. ) ;
#870 = CARTESIAN_POINT ( 'NONE',  ( 5.623128649630038112, 4.549999999999999822, 1.381923745741805432 ) ) ;
#871 = DIRECTION ( 'NONE',  ( 0.000000000000000000, 1.000000000000000000, 0.000000000000000000 ) ) ;
#872 = DIRECTION ( 'NONE',  ( 0.000000000000000000, 0.000000000000000000, 1.000000000000000000 ) ) ;
#873 = DIRECTION ( 'NONE',  ( 0.000000000000000000, 0.000000000000000000, -1.000000000000000000 ) ) ;
#874 = DIRECTION ( 'NONE',  ( 0.000000000000000000, -0.7071067811865479058, 0.7071067811865470176 ) ) ;
#875 = ORIENTED_EDGE ( 'NONE', *, *, #3012, .F. ) ;
#876 = EDGE_CURVE ( 'NONE', #1930, #160, #1310, .T. ) ;
#877 = FACE_OUTER_BOUND ( 'NONE', #2218, .T. ) ;
#878 = CARTESIAN_POINT ( 'NONE',  ( 15.87999999999999901, 3.008737276666075378, -0.5000000000000108802 ) ) ;
#879 = VERTEX_POINT ( 'NONE', #2271 ) ;
#880 = DIRECTION ( 'NONE',  ( -1.000000000000000000, 0.000000000000000000, 0.000000000000000000 ) ) ;
#881 = VERTEX_POINT ( 'NONE', #640 ) ;
#882 = EDGE_CURVE ( 'NONE', #474, #2704, #1711, .T. ) ;
#883 = EDGE_LOOP ( 'NONE', ( #1129, #3047, #3228, #546 ) ) ;
#884 = FACE_OUTER_BOUND ( 'NONE', #1547, .T. ) ;
#885 = EDGE_CURVE ( 'NONE', #605, #1633, #3322, .T. ) ;
#886 = CARTESIAN_POINT ( 'NONE',  ( 16.64000000000000057, -5.477225575051662965, -0.4999999999999806266 ) ) ;
#887 = CIRCLE ( 'NONE', #1351, 3.000000264195425093 ) ;
#888 = FACE_OUTER_BOUND ( 'NONE', #2860, .T. ) ;
#889 = DIRECTION ( 'NONE',  ( 0.000000000000000000, -1.000000000000000000, 0.000000000000000000 ) ) ;
#890 = CIRCLE ( 'NONE', #3085, 0.7099999999997809175 ) ;
#891 = SURFACE_STYLE_FILL_AREA ( #1956 ) ;
#892 = DIRECTION ( 'NONE',  ( -1.000000000000000000, -0.000000000000000000, -0.000000000000000000 ) ) ;
#893 = CARTESIAN_POINT ( 'NONE',  ( 1.923839232949279054, 4.706774191307557587, 0.9435581811532323115 ) ) ;
#894 = AXIS2_PLACEMENT_3D ( 'NONE', #910, #312, #3042 ) ;
#895 = DIRECTION ( 'NONE',  ( 0.000000000000000000, 0.000000000000000000, -1.000000000000000000 ) ) ;
#896 = CARTESIAN_POINT ( 'NONE',  ( 8.409999999999991260, -4.075000000000000178, 4.025115254694969856E-15 ) ) ;
#897 = AXIS2_PLACEMENT_3D ( 'NONE', #1105, #359, #3411 ) ;
#898 = VERTEX_POINT ( 'NONE', #2805 ) ;
#899 = CARTESIAN_POINT ( 'NONE',  ( 1.739999999999999991, -4.799999999999999822, -5.878304635907290267E-16 ) ) ;
#900 = ORIENTED_EDGE ( 'NONE', *, *, #2682, .T. ) ;
#901 = CIRCLE ( 'NONE', #2205, 0.4699999999999999734 ) ;
#902 = VECTOR ( 'NONE', #895, 1000.000000000000000 ) ;
#903 = DIRECTION ( 'NONE',  ( 0.000000000000000000, 0.000000000000000000, -1.000000000000000000 ) ) ;
#904 = UNCERTAINTY_MEASURE_WITH_UNIT (LENGTH_MEASURE( 1.000000000000000082E-05 ), #1940, 'distance_accuracy_value', 'NONE');
#905 = VERTEX_POINT ( 'NONE', #357 ) ;
#906 = AXIS2_PLACEMENT_3D ( 'NONE', #126, #1759, #919 ) ;
#907 = DIRECTION ( 'NONE',  ( -1.000000000000000000, 0.000000000000000000, 0.000000000000000000 ) ) ;
#908 = DIRECTION ( 'NONE',  ( 0.000000000000000000, 0.000000000000000000, -1.000000000000000000 ) ) ;
#909 = DIRECTION ( 'NONE',  ( 0.000000000000000000, 1.000000000000000000, 0.000000000000000000 ) ) ;
#910 = CARTESIAN_POINT ( 'NONE',  ( 3.673201288038619783, 0.000000000000000000, 0.000000000000000000 ) ) ;
#911 = FILL_AREA_STYLE_COLOUR ( '', #3554 ) ;
#912 = DIRECTION ( 'NONE',  ( 0.000000000000000000, -1.000000000000000000, 0.000000000000000000 ) ) ;
#913 = CARTESIAN_POINT ( 'NONE',  ( 15.88000000000000256, 0.000000000000000000, 0.000000000000000000 ) ) ;
#914 = EDGE_CURVE ( 'NONE', #1331, #1603, #2380, .T. ) ;
#915 = ADVANCED_FACE ( 'NONE', ( #3448 ), #1744, .T. ) ;
#916 = CARTESIAN_POINT ( 'NONE',  ( 2.165151738453552355E-13, 0.000000000000000000, 0.000000000000000000 ) ) ;
#917 = DIRECTION ( 'NONE',  ( -1.000000000000000000, 0.000000000000000000, 0.000000000000000000 ) ) ;
#918 = ORIENTED_EDGE ( 'NONE', *, *, #2511, .F. ) ;
#919 = DIRECTION ( 'NONE',  ( 0.000000000000000000, 0.000000000000000000, -1.000000000000000000 ) ) ;
#920 = EDGE_LOOP ( 'NONE', ( #197, #2703, #2292, #1543 ) ) ;
#921 = DIRECTION ( 'NONE',  ( -1.000000000000000000, 0.000000000000000000, 0.000000000000000000 ) ) ;
#922 = ORIENTED_EDGE ( 'NONE', *, *, #405, .T. ) ;
#923 = CARTESIAN_POINT ( 'NONE',  ( 21.10000000000001563, 4.121273148103047568, -2.777770263849047350 ) ) ;
#924 = EDGE_LOOP ( 'NONE', ( #2085, #2235, #1167, #406 ) ) ;
#925 = CARTESIAN_POINT ( 'NONE',  ( 3.500000000000000000, 0.3739698406799188413, -1.006903222589611735 ) ) ;
#926 = CARTESIAN_POINT ( 'NONE',  ( 7.799999999999999822, 0.1500000000000000777, 0.6939740629158988039 ) ) ;
#927 = ADVANCED_FACE ( 'NONE', ( #2837 ), #2878, .F. ) ;
#928 = CARTESIAN_POINT ( 'NONE',  ( 3.658339473407565379, 4.549999999999999822, -1.041880016835680767 ) ) ;
#929 = DIRECTION ( 'NONE',  ( 1.000000000000000000, 0.000000000000000000, 0.000000000000000000 ) ) ;
#930 = CARTESIAN_POINT ( 'NONE',  ( 3.625756664706823784, 0.1500000000000905331, -0.7780474843613967018 ) ) ;
#931 = CARTESIAN_POINT ( 'NONE',  ( 3.499999999999857447, -0.9987898295349363353, 0.1499999999999765965 ) ) ;
#932 = DIRECTION ( 'NONE',  ( 1.000000000000000000, 0.000000000000000000, 0.000000000000000000 ) ) ;
#933 = CARTESIAN_POINT ( 'NONE',  ( 3.673201288038746348, 0.6939740629158983598, -0.1500000000000025480 ) ) ;
#934 = ORIENTED_EDGE ( 'NONE', *, *, #232, .T. ) ;
#935 = EDGE_CURVE ( 'NONE', #898, #33, #374, .T. ) ;
#936 = CARTESIAN_POINT ( 'NONE',  ( 3.500000000000000000, 0.000000000000000000, 0.000000000000000000 ) ) ;
#937 = ORIENTED_EDGE ( 'NONE', *, *, #2752, .T. ) ;
#938 = CARTESIAN_POINT ( 'NONE',  ( 2.261995955514907397, -4.549999999999999822, 1.528888485142074982 ) ) ;
#939 = VERTEX_POINT ( 'NONE', #3407 ) ;
#940 = ADVANCED_FACE ( 'NONE', ( #2012 ), #792, .F. ) ;
#941 = ORIENTED_EDGE ( 'NONE', *, *, #1624, .F. ) ;
#942 = DIRECTION ( 'NONE',  ( 0.000000000000000000, 0.000000000000000000, -1.000000000000000000 ) ) ;
#943 = EDGE_CURVE ( 'NONE', #1842, #864, #2808, .T. ) ;
#944 = EDGE_CURVE ( 'NONE', #1629, #879, #1519, .T. ) ;
#945 = CARTESIAN_POINT ( 'NONE',  ( 16.63999999999999702, 3.761808075912000504, 2.418305191658000286 ) ) ;
#946 = CIRCLE ( 'NONE', #1404, 1.009990655195836640 ) ;
#947 = FACE_OUTER_BOUND ( 'NONE', #248, .T. ) ;
#948 = AXIS2_PLACEMENT_3D ( 'NONE', #987, #2319, #1291 ) ;
#949 = CARTESIAN_POINT ( 'NONE',  ( 15.87999999999999901, 3.008737276666075822, 0.5000000000000063283 ) ) ;
#950 = DIRECTION ( 'NONE',  ( -1.000000000000000000, 0.000000000000000000, 0.000000000000000000 ) ) ;
#951 = AXIS2_PLACEMENT_3D ( 'NONE', #1567, #2637, #186 ) ;
#952 = DIRECTION ( 'NONE',  ( 0.000000000000000000, 1.000000000000000000, 0.000000000000000000 ) ) ;
#953 = VERTEX_POINT ( 'NONE', #2663 ) ;
#954 = AXIS2_PLACEMENT_3D ( 'NONE', #2472, #1128, #857 ) ;
#955 = CARTESIAN_POINT ( 'NONE',  ( 20.60206887245691476, 3.761808075912326910, 2.418305191657873721 ) ) ;
#956 = VERTEX_POINT ( 'NONE', #420 ) ;
#957 = EDGE_CURVE ( 'NONE', #1214, #1743, #217, .T. ) ;
#958 = VECTOR ( 'NONE', #451, 1000.000000000000000 ) ;
#959 = CARTESIAN_POINT ( 'NONE',  ( 2.603693182804969641, 4.550000000000012257, 1.528888485141949083 ) ) ;
#960 = ORIENTED_EDGE ( 'NONE', *, *, #3272, .F. ) ;
#961 = AXIS2_PLACEMENT_3D ( 'NONE', #2533, #1722, #2815 ) ;
#962 = CIRCLE ( 'NONE', #1420, 5.500000000000000000 ) ;
#963 = EDGE_CURVE ( 'NONE', #33, #1043, #2385, .T. ) ;
#964 = ADVANCED_FACE ( 'NONE', ( #231, #2066 ), #1296, .F. ) ;
#965 = AXIS2_PLACEMENT_3D ( 'NONE', #2847, #3343, #1464 ) ;
#966 = ORIENTED_EDGE ( 'NONE', *, *, #1396, .F. ) ;
#967 = CARTESIAN_POINT ( 'NONE',  ( 3.250000000000001332, -5.500000000000000000, 0.1310771303830431944 ) ) ;
#968 = DIRECTION ( 'NONE',  ( 0.000000000000000000, -0.7071067811865475727, -0.7071067811865475727 ) ) ;
#969 = CIRCLE ( 'NONE', #1255, 5.500000000000000000 ) ;
#970 = CARTESIAN_POINT ( 'NONE',  ( 2.856531576864605793, 4.549999999999999822, -1.382120977300698605 ) ) ;
#971 = AXIS2_PLACEMENT_3D ( 'NONE', #2349, #3493, #1259 ) ;
#972 = DIRECTION ( 'NONE',  ( 1.000000000000000000, -0.000000000000000000, -0.000000000000000000 ) ) ;
#973 = FACE_OUTER_BOUND ( 'NONE', #1224, .T. ) ;
#974 = AXIS2_PLACEMENT_3D ( 'NONE', #731, #1528, #2645 ) ;
#975 = CARTESIAN_POINT ( 'NONE',  ( 0.000000000000000000, 0.5000000000000113243, 3.008737276666074933 ) ) ;
#976 = ORIENTED_EDGE ( 'NONE', *, *, #2256, .F. ) ;
#977 = CARTESIAN_POINT ( 'NONE',  ( 2.007865599597837392, -4.665889786940114803, -1.128378431577429009 ) ) ;
#978 = ORIENTED_EDGE ( 'NONE', *, *, #2771, .F. ) ;
#979 = DIRECTION ( 'NONE',  ( 0.000000000000000000, -1.000000000000000000, 0.000000000000000000 ) ) ;
#980 = VERTEX_POINT ( 'NONE', #3517 ) ;
#981 = ORIENTED_EDGE ( 'NONE', *, *, #433, .F. ) ;
#982 = DIRECTION ( 'NONE',  ( 0.000000000000000000, 0.000000000000000000, -1.000000000000000000 ) ) ;
#983 = CARTESIAN_POINT ( 'NONE',  ( 21.10000000000000142, 3.217335854398999828, -4.560838738653000490 ) ) ;
#984 = ADVANCED_FACE ( 'NONE', ( #2117 ), #178, .T. ) ;
#985 = DIRECTION ( 'NONE',  ( 0.000000000000000000, 0.000000000000000000, 1.000000000000000000 ) ) ;
#986 = CARTESIAN_POINT ( 'NONE',  ( 2.856531576864611566, -4.549999999999999822, 1.382120977300703712 ) ) ;
#987 = CARTESIAN_POINT ( 'NONE',  ( 8.560000000000000497, 0.000000000000000000, 0.000000000000000000 ) ) ;
#988 = LINE ( 'NONE', #3445, #1304 ) ;
#989 = ORIENTED_EDGE ( 'NONE', *, *, #1446, .T. ) ;
#990 = DIRECTION ( 'NONE',  ( 1.000000000000000000, 0.000000000000000000, 0.000000000000000000 ) ) ;
#991 = EDGE_CURVE ( 'NONE', #812, #1252, #1850, .T. ) ;
#992 = B_SPLINE_CURVE_WITH_KNOTS ( 'NONE', 3,
 ( #172, #1502, #1539, #649 ),
 .UNSPECIFIED., .F., .F.,
 ( 4, 4 ),
 ( 4.574253976840017916E-17, 0.0007115937633406177682 ),
 .UNSPECIFIED. ) ;
#993 = VERTEX_POINT ( 'NONE', #2390 ) ;
#994 = CARTESIAN_POINT ( 'NONE',  ( 9.299999999999997158, -3.055756190823108565, 1.768501977257424196 ) ) ;
#995 = VERTEX_POINT ( 'NONE', #3531 ) ;
#996 = EDGE_CURVE ( 'NONE', #1230, #13, #3240, .T. ) ;
#997 = ORIENTED_EDGE ( 'NONE', *, *, #1369, .T. ) ;
#998 = LINE ( 'NONE', #464, #2264 ) ;
#999 = LINE ( 'NONE', #3456, #1523 ) ;
#1000 = DIRECTION ( 'NONE',  ( 0.000000000000000000, 0.000000000000000000, 1.000000000000000000 ) ) ;
#1001 = EDGE_CURVE ( 'NONE', #1095, #2372, #2494, .T. ) ;
#1002 = CARTESIAN_POINT ( 'NONE',  ( 16.63999999999999702, -4.502384549069000208, -3.158881664814999990 ) ) ;
#1003 = CARTESIAN_POINT ( 'NONE',  ( 21.10000000000001563, -2.777770263849044685, -4.121273148103045791 ) ) ;
#1004 = AXIS2_PLACEMENT_3D ( 'NONE', #559, #6, #1681 ) ;
#1005 = DIRECTION ( 'NONE',  ( -1.000000000000000000, -0.000000000000000000, -0.000000000000000000 ) ) ;
#1006 = CARTESIAN_POINT ( 'NONE',  ( 7.799999999999999822, 0.000000000000000000, 0.000000000000000000 ) ) ;
#1007 = VERTEX_POINT ( 'NONE', #712 ) ;
#1008 = DIRECTION ( 'NONE',  ( 0.000000000000000000, 0.000000000000000000, -1.000000000000000000 ) ) ;
#1009 = ORIENTED_EDGE ( 'NONE', *, *, #1050, .T. ) ;
#1010 = CARTESIAN_POINT ( 'NONE',  ( 3.499999999999825473, -0.1499999999999843958, 0.9987898295349922906 ) ) ;
#1011 = VECTOR ( 'NONE', #1294, 1000.000000000000000 ) ;
#1012 = ORIENTED_EDGE ( 'NONE', *, *, #853, .F. ) ;
#1013 = ORIENTED_EDGE ( 'NONE', *, *, #3488, .T. ) ;
#1014 = ORIENTED_EDGE ( 'NONE', *, *, #1869, .T. ) ;
#1015 = VECTOR ( 'NONE', #176, 1000.000000000000114 ) ;
#1016 = LINE ( 'NONE', #2621, #3202 ) ;
#1017 = DIRECTION ( 'NONE',  ( 0.000000000000000000, -1.000000000000000000, 0.000000000000000000 ) ) ;
#1018 = VECTOR ( 'NONE', #701, 1000.000000000000000 ) ;
#1019 = DIRECTION ( 'NONE',  ( 1.000000000000000000, -0.000000000000000000, -0.000000000000000000 ) ) ;
#1020 = FACE_OUTER_BOUND ( 'NONE', #2277, .T. ) ;
#1021 = AXIS2_PLACEMENT_3D ( 'NONE', #2174, #3008, #3296 ) ;
#1022 = DIRECTION ( 'NONE',  ( 0.000000000000000000, 1.000000000000000000, 0.000000000000000000 ) ) ;
#1023 = DIRECTION ( 'NONE',  ( 0.000000000000000000, 1.000000000000000000, 0.000000000000000000 ) ) ;
#1024 = EDGE_LOOP ( 'NONE', ( #3007, #526, #1616, #3277 ) ) ;
#1025 = DIRECTION ( 'NONE',  ( -1.000000000000000000, 0.000000000000000000, 0.000000000000000000 ) ) ;
#1026 = AXIS2_PLACEMENT_3D ( 'NONE', #3464, #695, #473 ) ;
#1027 = ADVANCED_FACE ( 'NONE', ( #3501 ), #458, .F. ) ;
#1028 = EDGE_CURVE ( 'NONE', #218, #2609, #2274, .T. ) ;
#1029 = EDGE_LOOP ( 'NONE', ( #3413, #2819, #641, #2462 ) ) ;
#1030 = DIRECTION ( 'NONE',  ( 1.000000000000000000, -0.000000000000000000, -0.000000000000000000 ) ) ;
#1031 = B_SPLINE_CURVE_WITH_KNOTS ( 'NONE', 3,
 ( #293, #2000, #3121, #4, #3038, #3301, #642, #1762, #1392, #1746 ),
 .UNSPECIFIED., .F., .F.,
 ( 4, 2, 2, 2, 4 ),
 ( 0.000000000000000000, 0.2500000000000000000, 0.5000000000000000000, 0.7500000000000000000, 1.000000000000000000 ),
 .UNSPECIFIED. ) ;
#1032 = ORIENTED_EDGE ( 'NONE', *, *, #598, .F. ) ;
#1033 = EDGE_LOOP ( 'NONE', ( #1894, #2922, #1334, #2394, #2919, #3467, #2049, #3450 ) ) ;
#1034 = ORIENTED_EDGE ( 'NONE', *, *, #963, .T. ) ;
#1035 = DIRECTION ( 'NONE',  ( 0.000000000000000000, 0.000000000000000000, 1.000000000000000000 ) ) ;
#1036 = CARTESIAN_POINT ( 'NONE',  ( 0.000000000000000000, 0.5000000000000045519, -3.008737276666075822 ) ) ;
#1037 = CARTESIAN_POINT ( 'NONE',  ( 15.88000000000000256, 0.000000000000000000, 0.000000000000000000 ) ) ;
#1038 = CARTESIAN_POINT ( 'NONE',  ( 21.10000000000000142, 2.418305191658099762, -3.761808075912100424 ) ) ;
#1039 = CARTESIAN_POINT ( 'NONE',  ( 16.64000000000000057, 0.000000000000000000, 0.000000000000000000 ) ) ;
#1040 = ADVANCED_FACE ( 'NONE', ( #1058, #2087 ), #2915, .T. ) ;
#1041 = CARTESIAN_POINT ( 'NONE',  ( 3.249999999999998224, -5.500000000000000888, -0.1310775803318456889 ) ) ;
#1042 = ORIENTED_EDGE ( 'NONE', *, *, #2935, .F. ) ;
#1043 = VERTEX_POINT ( 'NONE', #3479 ) ;
#1044 = CARTESIAN_POINT ( 'NONE',  ( 3.500000000000000000, -0.1500000000000006051, 0.6939740629158988039 ) ) ;
#1045 = VERTEX_POINT ( 'NONE', #195 ) ;
#1046 = CARTESIAN_POINT ( 'NONE',  ( 4.532244694837257448, -4.549999999999999822, 0.9591663046601178744 ) ) ;
#1047 = ORIENTED_EDGE ( 'NONE', *, *, #240, .T. ) ;
#1048 = EDGE_LOOP ( 'NONE', ( #2155, #472, #2664, #1154, #2442 ) ) ;
#1049 = ORIENTED_EDGE ( 'NONE', *, *, #1549, .F. ) ;
#1050 = EDGE_CURVE ( 'NONE', #501, #3562, #3327, .T. ) ;
#1051 = CARTESIAN_POINT ( 'NONE',  ( 15.50000000000000533, -0.1875702617489736768, 0.7101453009360613189 ) ) ;
#1052 = CARTESIAN_POINT ( 'NONE',  ( 16.63999999999999702, 3.761808075912000504, -2.418305191658000286 ) ) ;
#1053 = EDGE_CURVE ( 'NONE', #1564, #1996, #3224, .T. ) ;
#1054 = LINE ( 'NONE', #23, #1761 ) ;
#1055 = DIRECTION ( 'NONE',  ( -1.000000000000000000, -0.000000000000000000, 0.000000000000000000 ) ) ;
#1056 = CARTESIAN_POINT ( 'NONE',  ( 3.981513495401160174, -5.415014459290325988, -0.9644451579018343823 ) ) ;
#1057 = CARTESIAN_POINT ( 'NONE',  ( 9.299999999999998934, 3.500000000000000000, 0.000000000000000000 ) ) ;
#1058 = FACE_BOUND ( 'NONE', #607, .T. ) ;
#1059 = VERTEX_POINT ( 'NONE', #2374 ) ;
#1060 = CIRCLE ( 'NONE', #1344, 4.799999999999999822 ) ;
#1061 = DIRECTION ( 'NONE',  ( 0.000000000000000000, -1.000000000000000000, 0.000000000000000000 ) ) ;
#1062 = CARTESIAN_POINT ( 'NONE',  ( 4.111379109622311567, 5.410147752207429050, 0.9901016665129812599 ) ) ;
#1063 = ORIENTED_EDGE ( 'NONE', *, *, #3034, .F. ) ;
#1064 = VECTOR ( 'NONE', #3513, 1000.000000000000000 ) ;
#1065 = ORIENTED_EDGE ( 'NONE', *, *, #3440, .T. ) ;
#1066 = AXIS2_PLACEMENT_3D ( 'NONE', #740, #2902, #2346 ) ;
#1067 = ORIENTED_EDGE ( 'NONE', *, *, #1685, .F. ) ;
#1068 = AXIS2_PLACEMENT_3D ( 'NONE', #2241, #3364, #889 ) ;
#1069 = CARTESIAN_POINT ( 'NONE',  ( 20.93384361949399874, 2.658072914259388853, -4.001575798513388627 ) ) ;
#1070 = ADVANCED_FACE ( 'NONE', ( #2931 ), #556, .F. ) ;
#1071 = ADVANCED_FACE ( 'NONE', ( #1279 ), #2353, .F. ) ;
#1072 = DIRECTION ( 'NONE',  ( 0.8580168844517193083, 0.5136214812444712674, -1.077568298541443898E-15 ) ) ;
#1073 = CARTESIAN_POINT ( 'NONE',  ( 3.499999999999857447, 0.1499999999999764855, 0.9987898295349361133 ) ) ;
#1074 = CARTESIAN_POINT ( 'NONE',  ( 21.10000000000000142, 3.761808075912102201, -2.418305191658097986 ) ) ;
#1075 = CARTESIAN_POINT ( 'NONE',  ( 4.239999999984461532, 4.549999999999999822, 0.9591663046625554800 ) ) ;
#1076 = VECTOR ( 'NONE', #1868, 1000.000000000000000 ) ;
#1077 = DIRECTION ( 'NONE',  ( 0.000000000000000000, -0.9762960071199325851, -0.2164396139381071504 ) ) ;
#1078 = DIRECTION ( 'NONE',  ( 1.000000000000000000, 0.000000000000000000, 0.000000000000000000 ) ) ;
#1079 = ORIENTED_EDGE ( 'NONE', *, *, #784, .T. ) ;
#1080 = AXIS2_PLACEMENT_3D ( 'NONE', #3390, #3134, #3423 ) ;
#1081 = CARTESIAN_POINT ( 'NONE',  ( 5.031792032064468678, 5.467035799160981036, -0.6083859796176095402 ) ) ;
#1082 = CARTESIAN_POINT ( 'NONE',  ( 5.204102861133653946, 5.495178821358742915, 0.2596801384185905004 ) ) ;
#1083 = ORIENTED_EDGE ( 'NONE', *, *, #1028, .T. ) ;
#1084 = ORIENTED_EDGE ( 'NONE', *, *, #85, .T. ) ;
#1085 = ORIENTED_EDGE ( 'NONE', *, *, #2358, .F. ) ;
#1086 = DIRECTION ( 'NONE',  ( 1.000000000000000000, 0.000000000000000000, 0.000000000000000000 ) ) ;
#1087 = DIRECTION ( 'NONE',  ( 1.000000000000000000, 0.000000000000000000, 0.000000000000000000 ) ) ;
#1088 = EDGE_CURVE ( 'NONE', #2992, #1303, #2185, .T. ) ;
#1089 = CARTESIAN_POINT ( 'NONE',  ( 3.500000000000000000, -0.7099999999999999645, -1.489566772228260348E-15 ) ) ;
#1090 = EDGE_CURVE ( 'NONE', #1151, #181, #223, .T. ) ;
#1091 = CARTESIAN_POINT ( 'NONE',  ( 3.673201288038619783, 0.1499999999999766520, 0.6939740629157918894 ) ) ;
#1092 = CARTESIAN_POINT ( 'NONE',  ( 2.603693182804969641, 4.550000000000012257, 1.528888485141949083 ) ) ;
#1093 = CARTESIAN_POINT ( 'NONE',  ( 4.240000000000000213, 0.000000000000000000, 0.000000000000000000 ) ) ;
#1094 = CARTESIAN_POINT ( 'NONE',  ( 20.79998420906478884, 0.000000000000000000, 0.000000000000000000 ) ) ;
#1095 = VERTEX_POINT ( 'NONE', #841 ) ;
#1096 = CARTESIAN_POINT ( 'NONE',  ( 3.250000000000000000, 5.500000000000000000, -2.270087534307787793E-15 ) ) ;
#1097 = CARTESIAN_POINT ( 'NONE',  ( 3.741481529163197095, 5.431766470222100907, 0.8651295104749089360 ) ) ;
#1098 = ORIENTED_EDGE ( 'NONE', *, *, #3234, .F. ) ;
#1099 = ADVANCED_FACE ( 'NONE', ( #510 ), #3022, .F. ) ;
#1100 = DIRECTION ( 'NONE',  ( 0.000000000000000000, 0.000000000000000000, 1.000000000000000000 ) ) ;
#1101 = ORIENTED_EDGE ( 'NONE', *, *, #3272, .T. ) ;
#1102 = ORIENTED_EDGE ( 'NONE', *, *, #2433, .F. ) ;
#1103 = EDGE_CURVE ( 'NONE', #2913, #1629, #1131, .T. ) ;
#1104 = DIRECTION ( 'NONE',  ( -0.000000000000000000, 1.000000000000000000, 0.000000000000000000 ) ) ;
#1105 = CARTESIAN_POINT ( 'NONE',  ( 9.799999999999998934, 0.000000000000000000, 0.000000000000000000 ) ) ;
#1106 = CYLINDRICAL_SURFACE ( 'NONE', #1479, 4.799999999999999822 ) ;
#1107 = DIRECTION ( 'NONE',  ( -1.000000000000000000, 0.000000000000000000, 0.000000000000000000 ) ) ;
#1108 = CARTESIAN_POINT ( 'NONE',  ( 21.10000000000001563, 2.777770263849057564, 4.121273148103059114 ) ) ;
#1109 = LINE ( 'NONE', #782, #3449 ) ;
#1110 = DIRECTION ( 'NONE',  ( 0.000000000000000000, 0.000000000000000000, 1.000000000000000000 ) ) ;
#1111 = VERTEX_POINT ( 'NONE', #316 ) ;
#1112 = EDGE_CURVE ( 'NONE', #3063, #1425, #1150, .T. ) ;
#1113 = CARTESIAN_POINT ( 'NONE',  ( 5.230000000000000426, 5.500000000000000000, -3.053452685874064349E-16 ) ) ;
#1114 = CARTESIAN_POINT ( 'NONE',  ( 5.104649979572201346, 5.478605254901813382, 0.4993080351456271604 ) ) ;
#1115 = ORIENTED_EDGE ( 'NONE', *, *, #1513, .T. ) ;
#1116 = B_SPLINE_CURVE_WITH_KNOTS ( 'NONE', 3,
 ( #2162, #1641, #3233, #2399, #535, #1899 ),
 .UNSPECIFIED., .F., .F.,
 ( 4, 2, 4 ),
 ( 0.000000000000000000, 0.5000000000000000000, 1.000000000000000000 ),
 .UNSPECIFIED. ) ;
#1117 = DIRECTION ( 'NONE',  ( 1.000000000000000000, 0.000000000000000000, 0.000000000000000000 ) ) ;
#1118 = AXIS2_PLACEMENT_3D ( 'NONE', #2458, #1078, #2154 ) ;
#1119 = ORIENTED_EDGE ( 'NONE', *, *, #1705, .T. ) ;
#1120 = ORIENTED_EDGE ( 'NONE', *, *, #422, .F. ) ;
#1121 = DIRECTION ( 'NONE',  ( -0.000000000000000000, 0.7071067811865475727, 0.7071067811865475727 ) ) ;
#1122 = AXIS2_PLACEMENT_3D ( 'NONE', #1967, #1716, #2222 ) ;
#1123 = DIRECTION ( 'NONE',  ( 0.000000000000000000, 1.000000000000000000, 0.000000000000000000 ) ) ;
#1124 = CIRCLE ( 'NONE', #2487, 3.050000000000000266 ) ;
#1125 = DIRECTION ( 'NONE',  ( 1.000000000000000000, 0.000000000000000000, 0.000000000000000000 ) ) ;
#1126 = PLANE ( 'NONE',  #593 ) ;
#1127 = CONICAL_SURFACE ( 'NONE', #1186, 0.3699960379921000131, 0.7853813648086748200 ) ;
#1128 = DIRECTION ( 'NONE',  ( -1.000000000000000000, 0.000000000000000000, 0.000000000000000000 ) ) ;
#1129 = ORIENTED_EDGE ( 'NONE', *, *, #2285, .T. ) ;
#1130 = CIRCLE ( 'NONE', #96, 0.7099999999999999645 ) ;
#1131 = B_SPLINE_CURVE_WITH_KNOTS ( 'NONE', 3,
 ( #1873, #1398, #522, #1669, #30, #544, #2168, #2420, #3307, #1650 ),
 .UNSPECIFIED., .F., .F.,
 ( 4, 2, 2, 2, 4 ),
 ( 0.000000000000000000, 0.2500000000000000555, 0.5000000000000000000, 0.7500000000000000000, 1.000000000000000000 ),
 .UNSPECIFIED. ) ;
#1132 = CARTESIAN_POINT ( 'NONE',  ( 15.87999999999999901, 3.050000000000000266, -3.735172737399425174E-16 ) ) ;
#1133 = ORIENTED_EDGE ( 'NONE', *, *, #185, .T. ) ;
#1134 = AXIS2_PLACEMENT_3D ( 'NONE', #3526, #506, #758 ) ;
#1135 = CARTESIAN_POINT ( 'NONE',  ( 6.301821339494781959, 4.586437571104760913, -1.420449609358876764 ) ) ;
#1136 = DIRECTION ( 'NONE',  ( 0.000000000000000000, 0.7071067811865475727, -0.7071067811865475727 ) ) ;
#1137 = ORIENTED_EDGE ( 'NONE', *, *, #45, .T. ) ;
#1138 = CARTESIAN_POINT ( 'NONE',  ( 3.500000000000000000, -1.039230484540999866, -0.1499999999999999944 ) ) ;
#1139 = EDGE_CURVE ( 'NONE', #3429, #812, #2804, .T. ) ;
#1140 = ORIENTED_EDGE ( 'NONE', *, *, #706, .F. ) ;
#1141 = VECTOR ( 'NONE', #1521, 1000.000000000000000 ) ;
#1142 = EDGE_LOOP ( 'NONE', ( #148, #1067, #177 ) ) ;
#1143 = CARTESIAN_POINT ( 'NONE',  ( 20.80000000000000071, 0.000000000000000000, 1.348273484663000001E-14 ) ) ;
#1144 = DIRECTION ( 'NONE',  ( 1.000000000000000000, 0.000000000000000000, 0.000000000000000000 ) ) ;
#1145 = CARTESIAN_POINT ( 'NONE',  ( 4.385726535077178134, -4.549999999999999822, -0.9591663046637841639 ) ) ;
#1146 = DIRECTION ( 'NONE',  ( -1.000000000000000000, 0.000000000000000000, 0.000000000000000000 ) ) ;
#1147 = ORIENTED_EDGE ( 'NONE', *, *, #3537, .F. ) ;
#1148 = DIRECTION ( 'NONE',  ( 1.000000000000000000, -0.000000000000000000, -0.000000000000000000 ) ) ;
#1149 = EDGE_CURVE ( 'NONE', #3425, #2118, #583, .T. ) ;
#1150 = LINE ( 'NONE', #1346, #1655 ) ;
#1151 = VERTEX_POINT ( 'NONE', #1132 ) ;
#1152 = CARTESIAN_POINT ( 'NONE',  ( 7.799999999999999822, -0.6939740629158990259, -0.1499999999999994948 ) ) ;
#1153 = CARTESIAN_POINT ( 'NONE',  ( 6.740000000000000213, 5.500000000000000000, 0.000000000000000000 ) ) ;
#1154 = ORIENTED_EDGE ( 'NONE', *, *, #277, .F. ) ;
#1155 = CARTESIAN_POINT ( 'NONE',  ( 22.15500000000000114, 0.000000000000000000, 0.000000000000000000 ) ) ;
#1156 = VERTEX_POINT ( 'NONE', #2696 ) ;
#1157 = B_SPLINE_CURVE_WITH_KNOTS ( 'NONE', 3,
 ( #1075, #508, #3019, #2115, #2678, #2418, #2456, #1092 ),
 .UNSPECIFIED., .F., .F.,
 ( 4, 2, 2, 4 ),
 ( 0.0004360224500243145736, 0.0008726082652028352557, 0.001309194080381355938, 0.002182365710738397302 ),
 .UNSPECIFIED. ) ;
#1158 = VERTEX_POINT ( 'NONE', #3291 ) ;
#1159 = DIRECTION ( 'NONE',  ( -1.000000000000000000, 0.000000000000000000, 0.000000000000000000 ) ) ;
#1160 = CARTESIAN_POINT ( 'NONE',  ( 16.63999999999999702, 1.020831856546000102E-14, 0.000000000000000000 ) ) ;
#1161 = LINE ( 'NONE', #1990, #2249 ) ;
#1162 = CARTESIAN_POINT ( 'NONE',  ( 3.250000000000000000, 6.049999999999999822, -4.396483177515619269E-15 ) ) ;
#1163 = DIRECTION ( 'NONE',  ( -0.000000000000000000, 0.7071067811865474617, -0.7071067811865474617 ) ) ;
#1164 = CARTESIAN_POINT ( 'NONE',  ( 16.64000000000000057, 0.000000000000000000, 0.000000000000000000 ) ) ;
#1165 = LINE ( 'NONE', #1492, #328 ) ;
#1166 = CARTESIAN_POINT ( 'NONE',  ( 3.500000000000000444, -0.5826187537418918705, 0.9021381194477590126 ) ) ;
#1167 = ORIENTED_EDGE ( 'NONE', *, *, #3034, .T. ) ;
#1168 = CARTESIAN_POINT ( 'NONE',  ( 1.899606500879759352, -4.718797893926680587, -0.8817255654097515549 ) ) ;
#1169 = ORIENTED_EDGE ( 'NONE', *, *, #1432, .F. ) ;
#1170 = ORIENTED_EDGE ( 'NONE', *, *, #2726, .F. ) ;
#1171 = CARTESIAN_POINT ( 'NONE',  ( 21.10000000000000142, 4.502384549069022412, 3.158881664815022194 ) ) ;
#1172 = CIRCLE ( 'NONE', #829, 0.7099999999997809175 ) ;
#1173 = DIRECTION ( 'NONE',  ( 1.000000000000000000, 0.000000000000000000, 0.000000000000000000 ) ) ;
#1174 = EDGE_CURVE ( 'NONE', #1320, #160, #803, .T. ) ;
#1175 = AXIS2_PLACEMENT_3D ( 'NONE', #2111, #1767, #2869 ) ;
#1176 = DIRECTION ( 'NONE',  ( -1.000000000000000000, 0.000000000000000000, 0.000000000000000000 ) ) ;
#1177 = EDGE_CURVE ( 'NONE', #3432, #3535, #336, .T. ) ;
#1178 = CARTESIAN_POINT ( 'NONE',  ( 0.000000000000000000, 3.050000000000000266, 0.000000000000000000 ) ) ;
#1179 = CIRCLE ( 'NONE', #2138, 5.500000000000000000 ) ;
#1180 = FACE_OUTER_BOUND ( 'NONE', #1374, .T. ) ;
#1181 = FACE_OUTER_BOUND ( 'NONE', #2483, .T. ) ;
#1182 = DIRECTION ( 'NONE',  ( 0.000000000000000000, 0.000000000000000000, -1.000000000000000000 ) ) ;
#1183 = AXIS2_PLACEMENT_3D ( 'NONE', #1662, #114, #1123 ) ;
#1184 = DIRECTION ( 'NONE',  ( 0.000000000000000000, 0.000000000000000000, 1.000000000000000000 ) ) ;
#1185 = CARTESIAN_POINT ( 'NONE',  ( 9.299999999999998934, -3.000000000000000000, 3.673940397442059868E-16 ) ) ;
#1186 = AXIS2_PLACEMENT_3D ( 'NONE', #468, #206, #2412 ) ;
#1187 = ORIENTED_EDGE ( 'NONE', *, *, #2284, .F. ) ;
#1188 = DIRECTION ( 'NONE',  ( 0.000000000000000000, 0.000000000000000000, 1.000000000000000000 ) ) ;
#1189 = EDGE_LOOP ( 'NONE', ( #694, #2937, #2803, #1780, #2877 ) ) ;
#1190 = CONICAL_SURFACE ( 'NONE', #330, 4.000000000000000000, 0.7853981633972997312 ) ;
#1191 = AXIS2_PLACEMENT_3D ( 'NONE', #1332, #2423, #1906 ) ;
#1192 = CARTESIAN_POINT ( 'NONE',  ( 21.10000000000004405, 0.000000000000000000, 1.348273484663000001E-14 ) ) ;
#1193 = ORIENTED_EDGE ( 'NONE', *, *, #1739, .F. ) ;
#1194 = VECTOR ( 'NONE', #112, 1000.000000000000000 ) ;
#1195 = PRESENTATION_LAYER_ASSIGNMENT (  '', '', ( #2613 ) ) ;
#1196 = EDGE_CURVE ( 'NONE', #2118, #1687, #2740, .T. ) ;
#1197 = FACE_OUTER_BOUND ( 'NONE', #2051, .T. ) ;
#1198 = DIRECTION ( 'NONE',  ( -1.000000000000000000, 0.000000000000000000, 0.000000000000000000 ) ) ;
#1199 = VECTOR ( 'NONE', #3551, 1000.000000000000000 ) ;
#1200 = CARTESIAN_POINT ( 'NONE',  ( 3.673201288038619783, 0.000000000000000000, 0.000000000000000000 ) ) ;
#1201 = DIRECTION ( 'NONE',  ( 0.000000000000000000, 1.000000000000000000, 0.000000000000000000 ) ) ;
#1202 = EDGE_CURVE ( 'NONE', #2065, #812, #283, .T. ) ;
#1203 =( NAMED_UNIT ( * ) SI_UNIT ( $, .STERADIAN. ) SOLID_ANGLE_UNIT ( ) );
#1204 = FACE_OUTER_BOUND ( 'NONE', #1617, .T. ) ;
#1205 = DIRECTION ( 'NONE',  ( -0.000000000000000000, -0.7071067811865474617, -0.7071067811865474617 ) ) ;
#1206 = CARTESIAN_POINT ( 'NONE',  ( 6.218004044484999326, -4.550000000000010481, -1.528888485142001930 ) ) ;
#1207 = EDGE_CURVE ( 'NONE', #1331, #479, #819, .T. ) ;
#1208 = CARTESIAN_POINT ( 'NONE',  ( 20.60206887245765728, -3.761808075912867366, 2.418305191658414177 ) ) ;
#1209 = ORIENTED_EDGE ( 'NONE', *, *, #1090, .F. ) ;
#1210 = DIRECTION ( 'NONE',  ( 0.000000000000000000, 0.000000000000000000, -1.000000000000000000 ) ) ;
#1211 = VERTEX_POINT ( 'NONE', #1926 ) ;
#1212 = CARTESIAN_POINT ( 'NONE',  ( 7.799999999999999822, 0.000000000000000000, 0.000000000000000000 ) ) ;
#1213 = EDGE_CURVE ( 'NONE', #3209, #2538, #2018, .T. ) ;
#1214 = VERTEX_POINT ( 'NONE', #1904 ) ;
#1215 = ORIENTED_EDGE ( 'NONE', *, *, #2285, .F. ) ;
#1216 = CARTESIAN_POINT ( 'NONE',  ( 2.165151738453551345E-13, -4.499307327485361441, 4.444228358140410632E-15 ) ) ;
#1217 = LINE ( 'NONE', #945, #253 ) ;
#1218 = CARTESIAN_POINT ( 'NONE',  ( 4.240000000000001101, 0.000000000000000000, 0.000000000000000000 ) ) ;
#1219 = CARTESIAN_POINT ( 'NONE',  ( 4.240000000000000213, 0.000000000000000000, 0.000000000000000000 ) ) ;
#1220 = CARTESIAN_POINT ( 'NONE',  ( 5.230000000000000426, 6.049999999999999822, 2.077001555642222059E-15 ) ) ;
#1221 = EDGE_CURVE ( 'NONE', #3053, #1367, #3276, .T. ) ;
#1222 = CARTESIAN_POINT ( 'NONE',  ( 5.876306817195030341, -4.549999999999999822, 1.528888485141964404 ) ) ;
#1223 = CARTESIAN_POINT ( 'NONE',  ( 9.799999999999998934, 1.064999999999999947, 0.000000000000000000 ) ) ;
#1224 = EDGE_LOOP ( 'NONE', ( #966, #2892, #553, #1927, #1085, #3506, #2836, #377, #2883, #1267, #291, #1065 ) ) ;
#1225 = CARTESIAN_POINT ( 'NONE',  ( 21.10000000000000142, 0.000000000000000000, 0.000000000000000000 ) ) ;
#1226 = EDGE_CURVE ( 'NONE', #1482, #3338, #2895, .T. ) ;
#1227 = EDGE_CURVE ( 'NONE', #2561, #3136, #1060, .T. ) ;
#1228 = ORIENTED_EDGE ( 'NONE', *, *, #107, .F. ) ;
#1229 = LINE ( 'NONE', #2840, #604 ) ;
#1230 = VERTEX_POINT ( 'NONE', #2299 ) ;
#1231 = B_SPLINE_CURVE_WITH_KNOTS ( 'NONE', 3,
 ( #263, #3401, #1489, #2282 ),
 .UNSPECIFIED., .F., .F.,
 ( 4, 4 ),
 ( 4.023894803044249109E-17, 0.0007115937633406067093 ),
 .UNSPECIFIED. ) ;
#1232 = EDGE_LOOP ( 'NONE', ( #1147, #2685 ) ) ;
#1233 = CARTESIAN_POINT ( 'NONE',  ( 5.203967414999391750, -5.495155145829766496, 0.2601180676455813190 ) ) ;
#1234 = CARTESIAN_POINT ( 'NONE',  ( 20.86665915868439214, -0.4033272904328887853, -2.835599687471899138E-09 ) ) ;
#1235 = PLANE ( 'NONE',  #2961 ) ;
#1236 = VECTOR ( 'NONE', #2164, 1000.000000000000000 ) ;
#1237 = CARTESIAN_POINT ( 'NONE',  ( 8.484999999999999432, 4.000000000000000000, 0.000000000000000000 ) ) ;
#1238 = CARTESIAN_POINT ( 'NONE',  ( 22.15500000000000114, -3.158881664815028856, -4.502384549069018860 ) ) ;
#1239 = VECTOR ( 'NONE', #907, 1000.000000000000000 ) ;
#1240 = CARTESIAN_POINT ( 'NONE',  ( 6.695186433018294636, 4.549999999999999822, 0.5460835779486847841 ) ) ;
#1241 = ORIENTED_EDGE ( 'NONE', *, *, #233, .T. ) ;
#1242 = VECTOR ( 'NONE', #3178, 1000.000000000000000 ) ;
#1243 = CARTESIAN_POINT ( 'NONE',  ( 2.261995955514859880, -4.549999999999999822, -1.528888485142015030 ) ) ;
#1244 = ORIENTED_EDGE ( 'NONE', *, *, #2856, .T. ) ;
#1245 = AXIS2_PLACEMENT_3D ( 'NONE', #1459, #128, #2036 ) ;
#1246 = DIRECTION ( 'NONE',  ( 0.000000000000000000, 0.000000000000000000, 1.000000000000000000 ) ) ;
#1247 = EDGE_CURVE ( 'NONE', #1425, #2214, #3300, .T. ) ;
#1248 = EDGE_LOOP ( 'NONE', ( #1829, #3120, #1456, #381, #2541, #224, #1014, #2785, #2173, #497, #3108, #116, #3298, #1811, #3225, #1119, #997, #1387, #866, #3573 ) ) ;
#1249 = EDGE_CURVE ( 'NONE', #2577, #3030, #1740, .T. ) ;
#1250 = TOROIDAL_SURFACE ( 'NONE', #1703, 13.65000000000000036, 9.000000000000000000 ) ;
#1251 = VECTOR ( 'NONE', #2078, 1000.000000000000114 ) ;
#1252 = VERTEX_POINT ( 'NONE', #1977 ) ;
#1253 = CARTESIAN_POINT ( 'NONE',  ( 5.230000000000000426, -5.500000000000000000, 1.436918910999559722E-16 ) ) ;
#1254 = CARTESIAN_POINT ( 'NONE',  ( 3.000000000000000000, 3.000000000000000000, 6.293944108006733798E-15 ) ) ;
#1255 = AXIS2_PLACEMENT_3D ( 'NONE', #325, #272, #1426 ) ;
#1256 = CARTESIAN_POINT ( 'NONE',  ( 16.63999999999999702, 3.008737276666075822, 0.5000000000000063283 ) ) ;
#1257 = EDGE_CURVE ( 'NONE', #308, #2322, #2816, .T. ) ;
#1258 = AXIS2_PLACEMENT_3D ( 'NONE', #3459, #3473, #189 ) ;
#1259 = DIRECTION ( 'NONE',  ( 0.000000000000000000, -1.000000000000000000, 0.000000000000000000 ) ) ;
#1260 = CARTESIAN_POINT ( 'NONE',  ( 3.500000000000000000, 0.6939740629158990259, 0.1499999999999996336 ) ) ;
#1261 = AXIS2_PLACEMENT_3D ( 'NONE', #442, #2965, #1008 ) ;
#1262 = CARTESIAN_POINT ( 'NONE',  ( 0.000000000000000000, -3.008737276666075378, -0.5000000000000086597 ) ) ;
#1263 = EDGE_CURVE ( 'NONE', #2648, #2357, #137, .T. ) ;
#1264 = B_SPLINE_CURVE_WITH_KNOTS ( 'NONE', 3,
 ( #1311, #2114, #1541, #2387 ),
 .UNSPECIFIED., .F., .F.,
 ( 4, 4 ),
 ( 2.087214878114918020E-15, 0.0007115937633396420946 ),
 .UNSPECIFIED. ) ;
#1265 = EDGE_LOOP ( 'NONE', ( #749, #3283, #1749, #918 ) ) ;
#1266 = CARTESIAN_POINT ( 'NONE',  ( 16.63999999999999702, -0.4999999999999997780, 0.000000000000000000 ) ) ;
#1267 = ORIENTED_EDGE ( 'NONE', *, *, #1925, .F. ) ;
#1268 = CARTESIAN_POINT ( 'NONE',  ( 9.300000000000000711, -2.146374194244655254, 2.803270047569032197 ) ) ;
#1269 = VERTEX_POINT ( 'NONE', #931 ) ;
#1270 = EDGE_CURVE ( 'NONE', #2322, #1007, #388, .T. ) ;
#1271 = ORIENTED_EDGE ( 'NONE', *, *, #1174, .T. ) ;
#1272 = CARTESIAN_POINT ( 'NONE',  ( 14.59999999999999964, 0.000000000000000000, 0.000000000000000000 ) ) ;
#1273 = DIRECTION ( 'NONE',  ( 1.000000000000000000, -0.000000000000000000, -0.000000000000000000 ) ) ;
#1274 = CARTESIAN_POINT ( 'NONE',  ( 1.854727368865309867, -4.741219813747855838, 0.7517445375451916600 ) ) ;
#1275 = DIRECTION ( 'NONE',  ( 0.000000000000000000, 1.000000000000000000, 0.000000000000000000 ) ) ;
#1276 = DIRECTION ( 'NONE',  ( 0.000000000000000000, 0.000000000000000000, 1.000000000000000000 ) ) ;
#1277 = CARTESIAN_POINT ( 'NONE',  ( 6.387092334002039351, 4.549999999999999822, -1.310130005508253204 ) ) ;
#1278 = ORIENTED_EDGE ( 'NONE', *, *, #3084, .F. ) ;
#1279 = FACE_OUTER_BOUND ( 'NONE', #3213, .T. ) ;
#1280 = ORIENTED_EDGE ( 'NONE', *, *, #2453, .F. ) ;
#1281 = DIRECTION ( 'NONE',  ( 1.000000000000000000, 0.000000000000000000, 0.000000000000000000 ) ) ;
#1282 = ORIENTED_EDGE ( 'NONE', *, *, #1869, .F. ) ;
#1283 = ORIENTED_EDGE ( 'NONE', *, *, #1988, .F. ) ;
#1284 = ORIENTED_EDGE ( 'NONE', *, *, #2516, .F. ) ;
#1285 = DIRECTION ( 'NONE',  ( -1.000000000000000000, 0.000000000000000000, 0.000000000000000000 ) ) ;
#1286 = DIRECTION ( 'NONE',  ( 1.000000000000000000, 0.000000000000000000, 0.000000000000000000 ) ) ;
#1287 = CARTESIAN_POINT ( 'NONE',  ( 4.094273464922817851, 4.549999999999999822, -0.9591663046637841639 ) ) ;
#1288 = EDGE_CURVE ( 'NONE', #2594, #3535, #1885, .T. ) ;
#1289 = FACE_OUTER_BOUND ( 'NONE', #1966, .T. ) ;
#1290 = EDGE_CURVE ( 'NONE', #1303, #3406, #2397, .T. ) ;
#1291 = DIRECTION ( 'NONE',  ( 0.000000000000000000, 0.000000000000000000, -1.000000000000000000 ) ) ;
#1292 = AXIS2_PLACEMENT_3D ( 'NONE', #2517, #3361, #618 ) ;
#1293 = CARTESIAN_POINT ( 'NONE',  ( 20.60206887245767149, 3.761808075912862037, -2.418305191658412845 ) ) ;
#1294 = DIRECTION ( 'NONE',  ( 1.000000000000000000, -0.000000000000000000, -0.000000000000000000 ) ) ;
#1295 = ORIENTED_EDGE ( 'NONE', *, *, #2806, .F. ) ;
#1296 = PLANE ( 'NONE',  #3043 ) ;
#1297 = VERTEX_POINT ( 'NONE', #2799 ) ;
#1298 = CARTESIAN_POINT ( 'NONE',  ( 4.823481414751465302, -4.549999999999998934, 1.033741262987153409 ) ) ;
#1299 = CIRCLE ( 'NONE', #894, 0.7099999999997809175 ) ;
#1300 = ORIENTED_EDGE ( 'NONE', *, *, #1336, .T. ) ;
#1301 = ORIENTED_EDGE ( 'NONE', *, *, #2898, .F. ) ;
#1302 = VECTOR ( 'NONE', #979, 1000.000000000000000 ) ;
#1303 = VERTEX_POINT ( 'NONE', #2266 ) ;
#1305 = EDGE_CURVE ( 'NONE', #1603, #1331, #2360, .T. ) ;
#1304 = VECTOR ( 'NONE', #2101, 1000.000000000000000 ) ;
#1306 = CARTESIAN_POINT ( 'NONE',  ( 20.60206887245767149, 3.761808075912862037, -2.418305191658412845 ) ) ;
#1307 = DIRECTION ( 'NONE',  ( 1.000000000000000000, 0.000000000000000000, 0.000000000000000000 ) ) ;
#1308 = CARTESIAN_POINT ( 'NONE',  ( 2.261995955514859880, 4.549999999999999822, 1.528888485142015030 ) ) ;
#1309 = CYLINDRICAL_SURFACE ( 'NONE', #971, 3.924999999999999822 ) ;
#1310 = CIRCLE ( 'NONE', #1427, 5.500000000000000000 ) ;
#1311 = CARTESIAN_POINT ( 'NONE',  ( 20.60206887245691476, 3.761808075912326910, 2.418305191657873721 ) ) ;
#1312 = VECTOR ( 'NONE', #1148, 1000.000000000000000 ) ;
#1313 = CARTESIAN_POINT ( 'NONE',  ( 5.623128649630042553, 4.549999999999999822, -1.381923745741800102 ) ) ;
#1314 = ORIENTED_EDGE ( 'NONE', *, *, #2736, .F. ) ;
#1315 = CARTESIAN_POINT ( 'NONE',  ( 3.673201288038619783, -0.1499999999999756806, -0.6939740629157921115 ) ) ;
#1316 = AXIS2_PLACEMENT_3D ( 'NONE', #1559, #161, #1854 ) ;
#1317 = ORIENTED_EDGE ( 'NONE', *, *, #433, .T. ) ;
#1318 = CARTESIAN_POINT ( 'NONE',  ( 9.300000000000000711, 1.768501977257737057, 3.055756190822977114 ) ) ;
#1319 = EDGE_LOOP ( 'NONE', ( #423, #770, #1859, #169, #3167 ) ) ;
#1320 = VERTEX_POINT ( 'NONE', #2588 ) ;
#1321 = EDGE_CURVE ( 'NONE', #2865, #3280, #2573, .T. ) ;
#1322 = EDGE_CURVE ( 'NONE', #1687, #3340, #475, .T. ) ;
#1323 = EDGE_LOOP ( 'NONE', ( #3329, #166, #1133, #2946, #2088, #684, #1638, #1695, #95, #216, #1300, #1009, #1013, #1636, #2053, #2466, #2120, #2001, #89, #2427 ) ) ;
#1324 = CARTESIAN_POINT ( 'NONE',  ( 16.64000000000000057, 0.000000000000000000, 0.000000000000000000 ) ) ;
#1325 = CARTESIAN_POINT ( 'NONE',  ( 6.556167010551937402, -4.706775014113434352, 0.9435539197814970525 ) ) ;
#1326 = DIRECTION ( 'NONE',  ( 0.000000000000000000, 1.000000000000000000, 0.000000000000000000 ) ) ;
#1327 = CARTESIAN_POINT ( 'NONE',  ( 5.876306817195000143, 0.000000000000000000, 0.000000000000000000 ) ) ;
#1328 = DIRECTION ( 'NONE',  ( 0.7071067811866525998, 0.7071067811864425456, -1.483496853060005573E-15 ) ) ;
#1329 = CARTESIAN_POINT ( 'NONE',  ( 21.00000000000000000, 0.000000000000000000, -0.2699909289179458494 ) ) ;
#1330 = CARTESIAN_POINT ( 'NONE',  ( 6.740000000000000213, 0.000000000000000000, 0.000000000000000000 ) ) ;
#1331 = VERTEX_POINT ( 'NONE', #136 ) ;
#1332 = CARTESIAN_POINT ( 'NONE',  ( 3.000000000000000000, 0.000000000000000000, 0.000000000000000000 ) ) ;
#1333 = CARTESIAN_POINT ( 'NONE',  ( 16.63999999999999702, 1.020831856546000102E-14, 0.5000000000000000000 ) ) ;
#1334 = ORIENTED_EDGE ( 'NONE', *, *, #1322, .F. ) ;
#1335 = EDGE_CURVE ( 'NONE', #329, #344, #946, .T. ) ;
#1336 = EDGE_CURVE ( 'NONE', #791, #501, #338, .T. ) ;
#1337 = ORIENTED_EDGE ( 'NONE', *, *, #1088, .F. ) ;
#1338 = LINE ( 'NONE', #3011, #2957 ) ;
#1339 = DIRECTION ( 'NONE',  ( 0.000000000000000000, 0.000000000000000000, 1.000000000000000000 ) ) ;
#1340 = CARTESIAN_POINT ( 'NONE',  ( 3.568022902027074839, -0.1499999999998984646, 0.8796505390541888847 ) ) ;
#1341 = DIRECTION ( 'NONE',  ( 0.000000000000000000, 0.000000000000000000, 1.000000000000000000 ) ) ;
#1342 = DIRECTION ( 'NONE',  ( -1.000000000000000000, 0.000000000000000000, 0.000000000000000000 ) ) ;
#1343 = ORIENTED_EDGE ( 'NONE', *, *, #422, .T. ) ;
#1344 = AXIS2_PLACEMENT_3D ( 'NONE', #12, #84, #3418 ) ;
#1345 = CARTESIAN_POINT ( 'NONE',  ( 9.299999999999998934, -3.500000000000000000, 0.000000000000000000 ) ) ;
#1346 = CARTESIAN_POINT ( 'NONE',  ( 0.000000000000000000, -3.008737276666074489, 0.5000000000000134337 ) ) ;
#1347 = ORIENTED_EDGE ( 'NONE', *, *, #1845, .F. ) ;
#1348 = CARTESIAN_POINT ( 'NONE',  ( 3.448876864280106869, 5.466956297876297555, -0.6089546065720710111 ) ) ;
#1349 = CARTESIAN_POINT ( 'NONE',  ( 2.094488791663300820, 4.622819746719529554, -1.312175591563640165 ) ) ;
#1350 = ORIENTED_EDGE ( 'NONE', *, *, #2903, .F. ) ;
#1351 = AXIS2_PLACEMENT_3D ( 'NONE', #80, #2224, #1751 ) ;
#1352 = EDGE_CURVE ( 'NONE', #479, #3238, #478, .T. ) ;
#1353 = CIRCLE ( 'NONE', #951, 0.9899999999999999911 ) ;
#1354 = EDGE_CURVE ( 'NONE', #2723, #3030, #3135, .T. ) ;
#1355 = ORIENTED_EDGE ( 'NONE', *, *, #2949, .F. ) ;
#1356 = VECTOR ( 'NONE', #159, 1000.000000000000000 ) ;
#1357 = CARTESIAN_POINT ( 'NONE',  ( 4.455000000000000071, -4.137499999999999289, 8.680397915625954012E-15 ) ) ;
#1358 = LINE ( 'NONE', #2384, #1414 ) ;
#1359 = CIRCLE ( 'NONE', #774, 3.000000000000000000 ) ;
#1360 = DIRECTION ( 'NONE',  ( 0.000000000000000000, 1.000000000000000000, 0.000000000000000000 ) ) ;
#1361 = PLANE ( 'NONE',  #2075 ) ;
#1362 = CONICAL_SURFACE ( 'NONE', #2973, 0.8599953275981000456, 1.047193544813347588 ) ;
#1363 = EDGE_CURVE ( 'NONE', #2270, #1156, #636, .T. ) ;
#1364 = FACE_OUTER_BOUND ( 'NONE', #2582, .T. ) ;
#1365 = LINE ( 'NONE', #368, #1141 ) ;
#1366 = DIRECTION ( 'NONE',  ( -1.000000000000000000, -0.000000000000000000, -0.000000000000000000 ) ) ;
#1367 = VERTEX_POINT ( 'NONE', #3402 ) ;
#1368 = VECTOR ( 'NONE', #2861, 1000.000000000000000 ) ;
#1369 = EDGE_CURVE ( 'NONE', #663, #2976, #3130, .T. ) ;
#1370 = CARTESIAN_POINT ( 'NONE',  ( 3.741307556549553048, 5.431803927559817780, -0.8648807447269062365 ) ) ;
#1371 = CARTESIAN_POINT ( 'NONE',  ( 3.500000000000000000, 0.3747146803518119351, 1.006795714243325035 ) ) ;
#1372 = ORIENTED_EDGE ( 'NONE', *, *, #1177, .T. ) ;
#1373 = DIRECTION ( 'NONE',  ( 0.000000000000000000, -0.7071067811865475727, -0.7071067811865475727 ) ) ;
#1374 = EDGE_LOOP ( 'NONE', ( #2389, #3033, #1601, #1350 ) ) ;
#1375 = B_SPLINE_CURVE_WITH_KNOTS ( 'NONE', 3,
 ( #1096, #302, #1400, #2761, #1348, #2718, #1370, #2407, #1928, #823, #2444, #2481, #2970, #1081, #787, #2171, #3262, #1113 ),
 .UNSPECIFIED., .F., .F.,
 ( 4, 2, 2, 2, 2, 2, 2, 2, 4 ),
 ( 2.110852478370555402E-18, 0.0003875899924735666871, 0.0007751799849471312058, 0.001162769977420695941, 0.001550359969894259159, 0.001937949962367822377, 0.002325539954841385811, 0.002713129947314948595, 0.003100719939788511813 ),
 .UNSPECIFIED. ) ;
#1376 = VERTEX_POINT ( 'NONE', #1003 ) ;
#1377 = LINE ( 'NONE', #795, #3371 ) ;
#1378 = DIRECTION ( 'NONE',  ( 0.000000000000000000, 0.000000000000000000, 1.000000000000000000 ) ) ;
#1379 = LINE ( 'NONE', #2454, #3094 ) ;
#1380 = FACE_OUTER_BOUND ( 'NONE', #3172, .T. ) ;
#1381 = CARTESIAN_POINT ( 'NONE',  ( 3.448207967935529972, -5.467035799160981924, -0.6083859796176098733 ) ) ;
#1382 = CARTESIAN_POINT ( 'NONE',  ( 0.5000000000004317657, 4.200000000000247979, 0.000000000000000000 ) ) ;
#1383 = DIRECTION ( 'NONE',  ( 0.000000000000000000, 0.000000000000000000, 1.000000000000000000 ) ) ;
#1384 = ORIENTED_EDGE ( 'NONE', *, *, #2581, .T. ) ;
#1385 = CARTESIAN_POINT ( 'NONE',  ( 6.375829153864800425, 4.620331739788326786, -1.306750358268185419 ) ) ;
#1386 = DIRECTION ( 'NONE',  ( -1.000000000000000000, 0.000000000000000000, 0.000000000000000000 ) ) ;
#1387 = ORIENTED_EDGE ( 'NONE', *, *, #77, .T. ) ;
#1388 = CARTESIAN_POINT ( 'NONE',  ( 21.10000000000004405, 0.000000000000000000, 1.348273484663000001E-14 ) ) ;
#1389 = VERTEX_POINT ( 'NONE', #2959 ) ;
#1390 = ORIENTED_EDGE ( 'NONE', *, *, #2391, .F. ) ;
#1391 = CARTESIAN_POINT ( 'NONE',  ( 20.76784595261291599, 2.538265213074330617, -3.881768097328330835 ) ) ;
#1392 = CARTESIAN_POINT ( 'NONE',  ( 6.387322750634070623, -4.549999999999999822, 1.309831903302302925 ) ) ;
#1393 = DIRECTION ( 'NONE',  ( -1.000000000000000000, 0.000000000000000000, 0.000000000000000000 ) ) ;
#1394 = PLANE ( 'NONE',  #2129 ) ;
#1395 = CARTESIAN_POINT ( 'NONE',  ( 3.250000000000000000, -5.500000000000000000, 1.526726342937032421E-16 ) ) ;
#1396 = EDGE_CURVE ( 'NONE', #1996, #980, #1851, .T. ) ;
#1397 = DIRECTION ( 'NONE',  ( -0.000000000000000000, -1.000000000000000000, -0.000000000000000000 ) ) ;
#1398 = CARTESIAN_POINT ( 'NONE',  ( 2.092907665998032130, -4.549999999999999822, 1.310130005508374218 ) ) ;
#1399 = ORIENTED_EDGE ( 'NONE', *, *, #688, .F. ) ;
#1400 = CARTESIAN_POINT ( 'NONE',  ( 3.275897138866346481, 5.495178821358742915, -0.2596801384185926098 ) ) ;
#1401 = CARTESIAN_POINT ( 'NONE',  ( 3.499999999999999556, 0.5827861210440842266, 0.9023054867498325748 ) ) ;
#1402 = ORIENTED_EDGE ( 'NONE', *, *, #914, .F. ) ;
#1403 = FACE_OUTER_BOUND ( 'NONE', #1142, .T. ) ;
#1404 = AXIS2_PLACEMENT_3D ( 'NONE', #1958, #600, #2027 ) ;
#1405 = ORIENTED_EDGE ( 'NONE', *, *, #1775, .T. ) ;
#1406 = AXIS2_PLACEMENT_3D ( 'NONE', #3545, #1937, #2734 ) ;
#1407 = EDGE_LOOP ( 'NONE', ( #761, #3317 ) ) ;
#1408 = CARTESIAN_POINT ( 'NONE',  ( 1.799952896448616890, 4.768957484085601273, -0.5492097071988499835 ) ) ;
#1409 = AXIS2_PLACEMENT_3D ( 'NONE', #2123, #2689, #482 ) ;
#1410 = EDGE_CURVE ( 'NONE', #864, #3425, #1264, .T. ) ;
#1411 = AXIS2_PLACEMENT_3D ( 'NONE', #671, #3471, #1518 ) ;
#1412 = CARTESIAN_POINT ( 'NONE',  ( 4.239999999984461532, 4.549999999999999822, 0.9591663046625554800 ) ) ;
#1413 = CARTESIAN_POINT ( 'NONE',  ( 16.64000000000000057, 4.502384549069022412, 3.158881664815022194 ) ) ;
#1414 = VECTOR ( 'NONE', #2690, 1000.000000000000114 ) ;
#1415 = CARTESIAN_POINT ( 'NONE',  ( 16.63999999999999702, 3.008737276666075378, -0.5000000000000108802 ) ) ;
#1416 =( NAMED_UNIT ( * ) SI_UNIT ( $, .STERADIAN. ) SOLID_ANGLE_UNIT ( ) );
#1417 = ORIENTED_EDGE ( 'NONE', *, *, #2754, .T. ) ;
#1418 = DIRECTION ( 'NONE',  ( 0.000000000000000000, -0.9762960071199325851, -0.2164396139381071504 ) ) ;
#1419 = AXIS2_PLACEMENT_3D ( 'NONE', #1452, #387, #3384 ) ;
#1420 = AXIS2_PLACEMENT_3D ( 'NONE', #3514, #2998, #3044 ) ;
#1421 = DIRECTION ( 'NONE',  ( -1.000000000000000000, -0.000000000000000000, -0.000000000000000000 ) ) ;
#1422 = ORIENTED_EDGE ( 'NONE', *, *, #1611, .T. ) ;
#1423 = DIRECTION ( 'NONE',  ( 1.000000000000000000, 0.000000000000000000, 0.000000000000000000 ) ) ;
#1424 = CARTESIAN_POINT ( 'NONE',  ( 15.50000000000000178, 0.6347807619512861876, -0.3695163538879856491 ) ) ;
#1425 = VERTEX_POINT ( 'NONE', #1522 ) ;
#1426 = DIRECTION ( 'NONE',  ( 0.000000000000000000, 0.000000000000000000, 1.000000000000000000 ) ) ;
#1427 = AXIS2_PLACEMENT_3D ( 'NONE', #1225, #3105, #1188 ) ;
#1428 = B_SPLINE_CURVE_WITH_KNOTS ( 'NONE', 3,
 ( #586, #1725, #2834, #933 ),
 .UNSPECIFIED., .F., .F.,
 ( 4, 4 ),
 ( 0.000000000000000000, 1.000000000000000000 ),
 .UNSPECIFIED. ) ;
#1429 = VERTEX_POINT ( 'NONE', #2079 ) ;
#1430 = ORIENTED_EDGE ( 'NONE', *, *, #719, .F. ) ;
#1431 = LINE ( 'NONE', #1935, #2783 ) ;
#1432 = EDGE_CURVE ( 'NONE', #1156, #2104, #3236, .T. ) ;
#1433 = DIRECTION ( 'NONE',  ( 0.000000000000000000, 1.000000000000000000, 0.000000000000000000 ) ) ;
#1434 = CARTESIAN_POINT ( 'NONE',  ( 6.625248144426774566, 4.741208489932481562, 0.7518158165130540693 ) ) ;
#1435 = DIRECTION ( 'NONE',  ( 0.000000000000000000, 1.000000000000000000, 0.000000000000000000 ) ) ;
#1436 = LINE ( 'NONE', #599, #2329 ) ;
#1437 = CARTESIAN_POINT ( 'NONE',  ( 8.560000000000000497, 0.000000000000000000, 0.000000000000000000 ) ) ;
#1438 = DIRECTION ( 'NONE',  ( -1.000000000000000000, 0.000000000000000000, 0.000000000000000000 ) ) ;
#1439 = LINE ( 'NONE', #2523, #2905 ) ;
#1440 = ORIENTED_EDGE ( 'NONE', *, *, #2354, .F. ) ;
#1441 = DIRECTION ( 'NONE',  ( -1.000000000000000000, -0.000000000000000000, -0.000000000000000000 ) ) ;
#1442 = ORIENTED_EDGE ( 'NONE', *, *, #362, .T. ) ;
#1443 = EDGE_CURVE ( 'NONE', #1551, #1730, #2605, .T. ) ;
#1444 = UNCERTAINTY_MEASURE_WITH_UNIT (LENGTH_MEASURE( 1.000000000000000082E-05 ), #386, 'distance_accuracy_value', 'NONE');
#1445 = VERTEX_POINT ( 'NONE', #2640 ) ;
#1446 = EDGE_CURVE ( 'NONE', #1912, #1230, #2019, .T. ) ;
#1447 = FACE_OUTER_BOUND ( 'NONE', #2220, .T. ) ;
#1448 = CARTESIAN_POINT ( 'NONE',  ( 16.63999999999999702, 0.5000000000000002220, 0.000000000000000000 ) ) ;
#1449 = CARTESIAN_POINT ( 'NONE',  ( 5.876306817195030341, -4.549999999999999822, -1.528888485141947307 ) ) ;
#1450 = LINE ( 'NONE', #50, #2081 ) ;
#1451 = EDGE_CURVE ( 'NONE', #2013, #2322, #1572, .T. ) ;
#1452 = CARTESIAN_POINT ( 'NONE',  ( 9.299999999999998934, 0.000000000000000000, 0.000000000000000000 ) ) ;
#1453 = CARTESIAN_POINT ( 'NONE',  ( 20.93332774551203457, 0.3366609434439692405, 2.607369148015894805E-09 ) ) ;
#1454 = FACE_OUTER_BOUND ( 'NONE', #2590, .T. ) ;
#1455 = CARTESIAN_POINT ( 'NONE',  ( 12.70000000000000107, 0.000000000000000000, 0.000000000000000000 ) ) ;
#1456 = ORIENTED_EDGE ( 'NONE', *, *, #2060, .T. ) ;
#1457 = DIRECTION ( 'NONE',  ( 0.000000000000000000, -8.881784197001252323E-16, -1.000000000000000000 ) ) ;
#1458 = ORIENTED_EDGE ( 'NONE', *, *, #1288, .F. ) ;
#1459 = CARTESIAN_POINT ( 'NONE',  ( 0.2500000000000000000, 0.000000000000000000, 0.000000000000000000 ) ) ;
#1460 = EDGE_LOOP ( 'NONE', ( #1814, #3190 ) ) ;
#1461 = CARTESIAN_POINT ( 'NONE',  ( 4.240000000000000213, 6.049999999999999822, 0.000000000000000000 ) ) ;
#1462 = ADVANCED_FACE ( 'NONE', ( #973 ), #2046, .F. ) ;
#1463 = CIRCLE ( 'NONE', #2710, 5.500000000000000000 ) ;
#1464 = DIRECTION ( 'NONE',  ( 0.000000000000000000, 1.000000000000000000, 0.000000000000000000 ) ) ;
#1465 = CONICAL_SURFACE ( 'NONE', #27, 0.3621000000000000330, 1.029744258676459800 ) ;
#1466 = DIRECTION ( 'NONE',  ( 0.000000000000000000, -0.7071067811865475727, -0.7071067811865475727 ) ) ;
#1467 = CARTESIAN_POINT ( 'NONE',  ( 3.499999999999682920, 0.1499999999999851175, -0.9987898295352409805 ) ) ;
#1468 = VECTOR ( 'NONE', #3572, 1000.000000000000000 ) ;
#1469 = DIRECTION ( 'NONE',  ( -0.000000000000000000, -0.000000000000000000, -1.000000000000000000 ) ) ;
#1470 = DIRECTION ( 'NONE',  ( -1.000000000000000000, -0.000000000000000000, -0.000000000000000000 ) ) ;
#1471 = CONICAL_SURFACE ( 'NONE', #149, 4.137499999999999289, 0.01580146602146591250 ) ;
#1472 = ADVANCED_FACE ( 'NONE', ( #727 ), #2677, .F. ) ;
#1473 = CARTESIAN_POINT ( 'NONE',  ( 6.740000000000001101, -4.799999999999999822, 4.741240054610022367E-15 ) ) ;
#1474 = CARTESIAN_POINT ( 'NONE',  ( 8.500000000000000000, 0.000000000000000000, 0.000000000000000000 ) ) ;
#1475 = CIRCLE ( 'NONE', #2969, 2.350000000000000089 ) ;
#1476 = ORIENTED_EDGE ( 'NONE', *, *, #3346, .T. ) ;
#1477 = DIRECTION ( 'NONE',  ( 0.000000000000000000, 1.000000000000000000, 0.000000000000000000 ) ) ;
#1478 = EDGE_LOOP ( 'NONE', ( #989, #3319 ) ) ;
#1479 = AXIS2_PLACEMENT_3D ( 'NONE', #3014, #1917, #1326 ) ;
#1480 = EDGE_CURVE ( 'NONE', #3238, #479, #1748, .T. ) ;
#1481 = LINE ( 'NONE', #2014, #1914 ) ;
#1482 = VERTEX_POINT ( 'NONE', #2928 ) ;
#1483 = VERTEX_POINT ( 'NONE', #759 ) ;
#1484 = CYLINDRICAL_SURFACE ( 'NONE', #965, 5.500000000000000000 ) ;
#1485 = DIRECTION ( 'NONE',  ( -1.000000000000000000, -0.000000000000000000, -0.000000000000000000 ) ) ;
#1486 = B_SPLINE_CURVE_WITH_KNOTS ( 'NONE', 3,
 ( #1570, #2367, #1784, #2942 ),
 .UNSPECIFIED., .F., .F.,
 ( 4, 4 ),
 ( 3.607901639910057570E-17, 0.0007115937633406070346 ),
 .UNSPECIFIED. ) ;
#1487 = PLANE ( 'NONE',  #716 ) ;
#1488 = EDGE_CURVE ( 'NONE', #879, #2561, #3165, .T. ) ;
#1489 = CARTESIAN_POINT ( 'NONE',  ( 20.76784595261290889, 3.881768097328329503, -2.538265213074329729 ) ) ;
#1490 = EDGE_CURVE ( 'NONE', #194, #3391, #2907, .T. ) ;
#1491 = CARTESIAN_POINT ( 'NONE',  ( 9.299999999999998934, 0.000000000000000000, 0.000000000000000000 ) ) ;
#1492 = CARTESIAN_POINT ( 'NONE',  ( 22.15500000000000114, 4.550000000000019362, -1.528888485142006814 ) ) ;
#1493 = FACE_OUTER_BOUND ( 'NONE', #2953, .T. ) ;
#1494 = ORIENTED_EDGE ( 'NONE', *, *, #2047, .F. ) ;
#1495 = DIRECTION ( 'NONE',  ( 0.000000000000000000, -0.7071067811865475727, 0.7071067811865475727 ) ) ;
#1496 = ORIENTED_EDGE ( 'NONE', *, *, #2414, .T. ) ;
#1497 = DIRECTION ( 'NONE',  ( 0.000000000000000000, 0.000000000000000000, -1.000000000000000000 ) ) ;
#1498 = ORIENTED_EDGE ( 'NONE', *, *, #1410, .F. ) ;
#1499 = ORIENTED_EDGE ( 'NONE', *, *, #1729, .T. ) ;
#1500 = CARTESIAN_POINT ( 'NONE',  ( 3.500000000000000000, 0.1499999999999999944, -1.039230484540999866 ) ) ;
#1501 = CARTESIAN_POINT ( 'NONE',  ( 16.63999999999999702, 3.761808075912087990, 2.418305191658012721 ) ) ;
#1502 = CARTESIAN_POINT ( 'NONE',  ( 20.93384361949398453, 2.658072914259395070, 4.001575798513394844 ) ) ;
#1503 = DIRECTION ( 'NONE',  ( -1.000000000000000000, -0.000000000000000000, -0.000000000000000000 ) ) ;
#1504 = CARTESIAN_POINT ( 'NONE',  ( 1.740000000000001101, 4.799999999999999822, -9.482480109220044735E-15 ) ) ;
#1505 = EDGE_CURVE ( 'NONE', #266, #271, #210, .T. ) ;
#1506 = EDGE_CURVE ( 'NONE', #2116, #847, #24, .T. ) ;
#1507 = CARTESIAN_POINT ( 'NONE',  ( 6.387322750633921409, 4.549999999999999822, 1.309831903302526968 ) ) ;
#1508 = ORIENTED_EDGE ( 'NONE', *, *, #724, .F. ) ;
#1509 = CARTESIAN_POINT ( 'NONE',  ( 20.53539903949220857, 3.539886643344192674, 2.640226624226007957 ) ) ;
#1510 = VERTEX_POINT ( 'NONE', #1849 ) ;
#1511 = CARTESIAN_POINT ( 'NONE',  ( 4.239999999984460644, -4.549999999999999822, 0.9591663046625505951 ) ) ;
#1512 = ORIENTED_EDGE ( 'NONE', *, *, #1834, .F. ) ;
#1513 = EDGE_CURVE ( 'NONE', #2054, #3314, #2100, .T. ) ;
#1514 = ORIENTED_EDGE ( 'NONE', *, *, #1576, .F. ) ;
#1515 = DIRECTION ( 'NONE',  ( 1.000000000000000000, 0.000000000000000000, 0.000000000000000000 ) ) ;
#1516 = LINE ( 'NONE', #983, #769 ) ;
#1517 = EDGE_CURVE ( 'NONE', #2176, #1693, #3220, .T. ) ;
#1518 = DIRECTION ( 'NONE',  ( -1.000000000000000000, 0.000000000000000000, 0.000000000000000000 ) ) ;
#1519 = B_SPLINE_CURVE_WITH_KNOTS ( 'NONE', 3,
 ( #1243, #2323, #342, #977, #2050, #73, #1168, #2248, #3372, #899 ),
 .UNSPECIFIED., .F., .F.,
 ( 4, 2, 2, 2, 4 ),
 ( 0.000000000000000000, 0.2500000000000007216, 0.3750000000000007216, 0.5000000000000007772, 1.000000000000000000 ),
 .UNSPECIFIED. ) ;
#1520 = AXIS2_PLACEMENT_3D ( 'NONE', #3528, #1623, #3304 ) ;
#1521 = DIRECTION ( 'NONE',  ( 1.000000000000000000, -0.000000000000000000, -0.000000000000000000 ) ) ;
#1522 = CARTESIAN_POINT ( 'NONE',  ( 15.87999999999999901, -3.008737276666075822, 0.5000000000000067724 ) ) ;
#1523 = VECTOR ( 'NONE', #2651, 1000.000000000000000 ) ;
#1524 = CARTESIAN_POINT ( 'NONE',  ( 4.239999999984459755, 4.549999999999999822, -0.9591663046625503730 ) ) ;
#1525 = LINE ( 'NONE', #193, #1356 ) ;
#1526 = VERTEX_POINT ( 'NONE', #157 ) ;
#1527 = VECTOR ( 'NONE', #2206, 1000.000000000000000 ) ;
#1528 = DIRECTION ( 'NONE',  ( -1.000000000000000000, 0.000000000000000000, 0.000000000000000000 ) ) ;
#1529 = ORIENTED_EDGE ( 'NONE', *, *, #2509, .T. ) ;
#1530 = CIRCLE ( 'NONE', #2547, 4.074999999999988631 ) ;
#1531 = CARTESIAN_POINT ( 'NONE',  ( 15.50000024500354989, 2.799999927309551939, -2.087100401758078489E-10 ) ) ;
#1532 = EDGE_LOOP ( 'NONE', ( #2375, #2341, #2932, #3376 ) ) ;
#1533 = EDGE_CURVE ( 'NONE', #1376, #2976, #2336, .T. ) ;
#1534 = AXIS2_PLACEMENT_3D ( 'NONE', #1219, #2554, #1418 ) ;
#1535 = AXIS2_PLACEMENT_3D ( 'NONE', #592, #1125, #646 ) ;
#1536 = VERTEX_POINT ( 'NONE', #2147 ) ;
#1537 = DIRECTION ( 'NONE',  ( 1.000000000000000000, -0.000000000000000000, -0.000000000000000000 ) ) ;
#1538 = CARTESIAN_POINT ( 'NONE',  ( 15.87999999999999901, 0.000000000000000000, -0.5000000000000000000 ) ) ;
#1539 = CARTESIAN_POINT ( 'NONE',  ( 20.76784595261290178, 2.538265213074339055, 3.881768097328338829 ) ) ;
#1540 = DIRECTION ( 'NONE',  ( 0.000000000000000000, 0.000000000000000000, -1.000000000000000000 ) ) ;
#1541 = CARTESIAN_POINT ( 'NONE',  ( 20.93384361949399164, 4.001575798513397508, 2.658072914259396402 ) ) ;
#1542 = LINE ( 'NONE', #975, #2790 ) ;
#1543 = ORIENTED_EDGE ( 'NONE', *, *, #66, .F. ) ;
#1544 = DIRECTION ( 'NONE',  ( -1.000000000000000000, 0.000000000000000000, 0.000000000000000000 ) ) ;
#1545 = EDGE_LOOP ( 'NONE', ( #3552, #1442, #237, #1422 ) ) ;
#1546 = LINE ( 'NONE', #2615, #2846 ) ;
#1547 = EDGE_LOOP ( 'NONE', ( #1933, #1897, #392, #1618 ) ) ;
#1548 = ORIENTED_EDGE ( 'NONE', *, *, #3346, .F. ) ;
#1549 = EDGE_CURVE ( 'NONE', #698, #3350, #3080, .T. ) ;
#1550 = ADVANCED_FACE ( 'NONE', ( #3058 ), #650, .T. ) ;
#1551 = VERTEX_POINT ( 'NONE', #1091 ) ;
#1552 = CARTESIAN_POINT ( 'NONE',  ( 3.448876864280106869, -5.466956297876298443, 0.6089546065720702339 ) ) ;
#1553 = DIRECTION ( 'NONE',  ( 1.000000000000000000, 0.000000000000000000, 0.000000000000000000 ) ) ;
#1554 = CARTESIAN_POINT ( 'NONE',  ( 1.739999999999999991, -4.799999999999999822, -5.878304635907290267E-16 ) ) ;
#1555 = CARTESIAN_POINT ( 'NONE',  ( 3.946649504879712556, -4.550000000000000711, 0.9770973772543585234 ) ) ;
#1556 = CARTESIAN_POINT ( 'NONE',  ( 15.29999992042543333, -1.420169017215999799E-14, 0.000000000000000000 ) ) ;
#1557 = CARTESIAN_POINT ( 'NONE',  ( 6.739939211634903060, 4.549999999999999822, -0.2763107456019834873 ) ) ;
#1558 = ORIENTED_EDGE ( 'NONE', *, *, #305, .F. ) ;
#1559 = CARTESIAN_POINT ( 'NONE',  ( 15.87999999999999901, -0.5000000000000000000, 0.000000000000000000 ) ) ;
#1560 = ORIENTED_EDGE ( 'NONE', *, *, #1149, .T. ) ;
#1561 = EDGE_CURVE ( 'NONE', #3429, #733, #2982, .T. ) ;
#1562 = DIRECTION ( 'NONE',  ( 0.000000000000000000, -1.000000000000000000, 0.000000000000000000 ) ) ;
#1563 = EDGE_LOOP ( 'NONE', ( #3089, #398, #3188, #1498, #981 ) ) ;
#1564 = VERTEX_POINT ( 'NONE', #1644 ) ;
#1565 = CARTESIAN_POINT ( 'NONE',  ( 3.499999999999716227, 0.000000000000000000, 0.000000000000000000 ) ) ;
#1566 = ADVANCED_FACE ( 'NONE', ( #1380 ), #2416, .F. ) ;
#1567 = CARTESIAN_POINT ( 'NONE',  ( 4.240000000000000213, 4.549999999999999822, 0.000000000000000000 ) ) ;
#1568 = B_SPLINE_CURVE_WITH_KNOTS ( 'NONE', 3,
 ( #2981, #1848, #2691, #2180 ),
 .UNSPECIFIED., .F., .F.,
 ( 4, 4 ),
 ( 0.000000000000000000, 1.000000000000000000 ),
 .UNSPECIFIED. ) ;
#1569 = CARTESIAN_POINT ( 'NONE',  ( 0.2500000000000000000, -4.349653663743000109, 9.125492349595052724E-15 ) ) ;
#1570 = CARTESIAN_POINT ( 'NONE',  ( 21.10000000000001563, -2.777770263849044685, -4.121273148103045791 ) ) ;
#1571 = CARTESIAN_POINT ( 'NONE',  ( 0.000000000000000000, 0.000000000000000000, 0.000000000000000000 ) ) ;
#1572 = CIRCLE ( 'NONE', #200, 5.500000000000000000 ) ;
#1573 = LINE ( 'NONE', #1262, #41 ) ;
#1574 = ORIENTED_EDGE ( 'NONE', *, *, #3003, .F. ) ;
#1575 = CARTESIAN_POINT ( 'NONE',  ( 3.568022902027476739, -0.1499999999999624967, -0.8796505390534756774 ) ) ;
#1576 = EDGE_CURVE ( 'NONE', #274, #28, #142, .T. ) ;
#1577 = CONICAL_SURFACE ( 'NONE', #713, 0.8599953275981000456, 1.047193544813347588 ) ;
#1578 = VERTEX_POINT ( 'NONE', #835 ) ;
#1579 = CARTESIAN_POINT ( 'NONE',  ( 9.300000000000000711, 3.500000000000001332, 0.4639381977623005526 ) ) ;
#1580 = AXIS2_PLACEMENT_3D ( 'NONE', #270, #2137, #568 ) ;
#1581 = VERTEX_POINT ( 'NONE', #3288 ) ;
#1582 = ORIENTED_EDGE ( 'NONE', *, *, #3125, .F. ) ;
#1583 = CIRCLE ( 'NONE', #2140, 0.4699999999999999734 ) ;
#1584 = EDGE_LOOP ( 'NONE', ( #1284, #394, #1793, #2579 ) ) ;
#1585 = AXIS2_PLACEMENT_3D ( 'NONE', #1595, #2184, #299 ) ;
#1586 = AXIS2_PLACEMENT_3D ( 'NONE', #213, #418, #1023 ) ;
#1587 = DIRECTION ( 'NONE',  ( 0.000000000000000000, 0.000000000000000000, -1.000000000000000000 ) ) ;
#1588 = CONICAL_SURFACE ( 'NONE', #2430, 4.000000000000000000, 0.7853981633972997312 ) ;
#1589 = LINE ( 'NONE', #1569, #208 ) ;
#1590 = CARTESIAN_POINT ( 'NONE',  ( 3.250000000000000000, 4.549999999999999822, -2.198241588757809634E-15 ) ) ;
#1591 = CARTESIAN_POINT ( 'NONE',  ( 16.63999999999999702, 0.000000000000000000, 0.000000000000000000 ) ) ;
#1592 = EDGE_CURVE ( 'NONE', #3309, #3374, #2570, .T. ) ;
#1593 = CARTESIAN_POINT ( 'NONE',  ( 8.500000000000000000, 0.000000000000000000, 0.000000000000000000 ) ) ;
#1594 = EDGE_CURVE ( 'NONE', #755, #358, #2711, .T. ) ;
#1595 = CARTESIAN_POINT ( 'NONE',  ( 21.10000000000000142, 0.000000000000000000, 0.000000000000000000 ) ) ;
#1596 = CARTESIAN_POINT ( 'NONE',  ( 9.299999999999998934, 0.000000000000000000, 0.000000000000000000 ) ) ;
#1597 = VECTOR ( 'NONE', #3062, 1000.000000000000114 ) ;
#1598 = EDGE_LOOP ( 'NONE', ( #183, #1101 ) ) ;
#1599 = CARTESIAN_POINT ( 'NONE',  ( 8.500000000000000000, -2.350000000000000089, 2.877919977996279827E-16 ) ) ;
#1600 = DIRECTION ( 'NONE',  ( 0.000000000000000000, 0.000000000000000000, -1.000000000000000000 ) ) ;
#1601 = ORIENTED_EDGE ( 'NONE', *, *, #3430, .F. ) ;
#1602 = VERTEX_POINT ( 'NONE', #1607 ) ;
#1603 = VERTEX_POINT ( 'NONE', #3041 ) ;
#1604 = DIRECTION ( 'NONE',  ( 0.000000000000000000, 1.000000000000000000, 0.000000000000000000 ) ) ;
#1605 = CARTESIAN_POINT ( 'NONE',  ( 2.261995955514907397, 4.549999999999999822, -1.528888485142074982 ) ) ;
#1606 = CARTESIAN_POINT ( 'NONE',  ( 3.656518585248533348, -4.549999999999998934, -1.033741262987146303 ) ) ;
#1607 = CARTESIAN_POINT ( 'NONE',  ( 8.500000000000000000, 2.350000000000000089, 2.321232110069490035E-15 ) ) ;
#1608 = CARTESIAN_POINT ( 'NONE',  ( 0.000000000000000000, 1.224606353822000025E-14, 0.000000000000000000 ) ) ;
#1609 = CARTESIAN_POINT ( 'NONE',  ( 15.87999999999999901, 0.5000000000000056621, 3.008737276666076266 ) ) ;
#1610 = DIRECTION ( 'NONE',  ( 1.000000000000000000, -0.000000000000000000, -0.000000000000000000 ) ) ;
#1611 = EDGE_CURVE ( 'NONE', #3309, #2544, #507, .T. ) ;
#1612 = EDGE_CURVE ( 'NONE', #2104, #474, #1463, .T. ) ;
#1613 = EDGE_LOOP ( 'NONE', ( #441, #2807, #2311, #2782, #2034, #2583, #2191, #1826, #2921, #2951, #3212, #3394 ) ) ;
#1614 = CARTESIAN_POINT ( 'NONE',  ( 6.501773451165359319, 4.680191319787359916, -1.067630362497599572 ) ) ;
#1615 = FACE_OUTER_BOUND ( 'NONE', #1319, .T. ) ;
#1616 = ORIENTED_EDGE ( 'NONE', *, *, #185, .F. ) ;
#1617 = EDGE_LOOP ( 'NONE', ( #3523, #3333, #810, #2355 ) ) ;
#1618 = ORIENTED_EDGE ( 'NONE', *, *, #3362, .F. ) ;
#1619 = CARTESIAN_POINT ( 'NONE',  ( 15.50000000000000178, 0.6345752753968866289, 0.3693108673336184533 ) ) ;
#1620 = ADVANCED_FACE ( 'NONE', ( #1901 ), #1394, .F. ) ;
#1621 = CARTESIAN_POINT ( 'NONE',  ( 6.301826418800366092, -4.586439779211946899, 1.420443037991637958 ) ) ;
#1622 = PLANE ( 'NONE',  #1134 ) ;
#1623 = DIRECTION ( 'NONE',  ( -1.000000000000000000, 0.000000000000000000, 0.000000000000000000 ) ) ;
#1624 = EDGE_CURVE ( 'NONE', #2275, #2565, #2127, .T. ) ;
#1625 = B_SPLINE_CURVE_WITH_KNOTS ( 'NONE', 3,
 ( #2172, #3312, #1082, #1114, #236, #499, #286, #3279, #3534, #1062, #3026, #1097, #2684, #1907, #1893, #1929, #2699, #2461 ),
 .UNSPECIFIED., .F., .F.,
 ( 4, 2, 2, 2, 2, 2, 2, 2, 4 ),
 ( 9.629649721936178196E-35, 0.0003875899924735659282, 0.0007751799849471318563, 0.001162769977420697893, 0.001550359969894263713, 0.001937949962367826930, 0.002325539954841390148, 0.002713129947314953366, 0.003100719939788516583 ),
 .UNSPECIFIED. ) ;
#1626 = CARTESIAN_POINT ( 'NONE',  ( 5.230000000000000426, -5.500000000000000000, 1.436918910999559722E-16 ) ) ;
#1627 = CARTESIAN_POINT ( 'NONE',  ( 9.299999999999998934, 1.768557843032381838, -3.055891062734748420 ) ) ;
#1628 = DIRECTION ( 'NONE',  ( 1.000000000000000000, -0.000000000000000000, -0.000000000000000000 ) ) ;
#1629 = VERTEX_POINT ( 'NONE', #280 ) ;
#1630 = AXIS2_PLACEMENT_3D ( 'NONE', #3093, #1485, #2240 ) ;
#1631 = DIRECTION ( 'NONE',  ( 0.000000000000000000, 0.000000000000000000, 1.000000000000000000 ) ) ;
#1632 = CARTESIAN_POINT ( 'NONE',  ( 3.040000000000000036, -2.350000000000000089, 0.000000000000000000 ) ) ;
#1633 = VERTEX_POINT ( 'NONE', #798 ) ;
#1634 = CIRCLE ( 'NONE', #86, 5.500000000000000000 ) ;
#1635 = DIRECTION ( 'NONE',  ( 0.000000000000000000, 0.000000000000000000, -1.000000000000000000 ) ) ;
#1636 = ORIENTED_EDGE ( 'NONE', *, *, #3522, .T. ) ;
#1637 = CIRCLE ( 'NONE', #2658, 1.064999999999999947 ) ;
#1638 = ORIENTED_EDGE ( 'NONE', *, *, #1490, .T. ) ;
#1639 = CIRCLE ( 'NONE', #3258, 5.500000000000000000 ) ;
#1640 = CARTESIAN_POINT ( 'NONE',  ( 0.2500000000000000000, 0.000000000000000000, 0.000000000000000000 ) ) ;
#1641 = CARTESIAN_POINT ( 'NONE',  ( 3.500000000000000000, -1.006903222589599523, -0.3739698406799233932 ) ) ;
#1642 = AXIS2_PLACEMENT_3D ( 'NONE', #1671, #2156, #2683 ) ;
#1643 = CARTESIAN_POINT ( 'NONE',  ( 16.63999999999999702, 3.761808075912050686, -2.418305191658049580 ) ) ;
#1644 = CARTESIAN_POINT ( 'NONE',  ( 16.64000000000000057, -0.4999999999999812372, -5.477225575051662965 ) ) ;
#1645 = AXIS2_PLACEMENT_3D ( 'NONE', #2278, #1750, #1433 ) ;
#1646 = CIRCLE ( 'NONE', #778, 4.499307327485361441 ) ;
#1647 = DIRECTION ( 'NONE',  ( 1.000000000000000000, 0.000000000000000000, 0.000000000000000000 ) ) ;
#1648 = CIRCLE ( 'NONE', #2146, 5.500000000000000000 ) ;
#1649 = FACE_OUTER_BOUND ( 'NONE', #2948, .T. ) ;
#1650 = CARTESIAN_POINT ( 'NONE',  ( 2.261995955514859880, -4.549999999999999822, -1.528888485142015030 ) ) ;
#1651 = ORIENTED_EDGE ( 'NONE', *, *, #1594, .T. ) ;
#1652 = DIRECTION ( 'NONE',  ( 1.000000000000000000, 0.000000000000000000, 0.000000000000000000 ) ) ;
#1653 = CARTESIAN_POINT ( 'NONE',  ( 21.10000000000000142, -4.560838738653000490, -3.217335854398999828 ) ) ;
#1654 = ORIENTED_EDGE ( 'NONE', *, *, #3101, .F. ) ;
#1655 = VECTOR ( 'NONE', #1421, 1000.000000000000000 ) ;
#1656 = CARTESIAN_POINT ( 'NONE',  ( 15.29999992042544221, 0.000000000000000000, 0.000000000000000000 ) ) ;
#1657 = ORIENTED_EDGE ( 'NONE', *, *, #2434, .T. ) ;
#1658 = EDGE_LOOP ( 'NONE', ( #3518, #3184, #1905, #1355, #273, #2406, #2305, #1405, #1710, #1778 ) ) ;
#1659 = CARTESIAN_POINT ( 'NONE',  ( 8.909039409360001827, 0.000000000000000000, 0.000000000000000000 ) ) ;
#1660 = ADVANCED_FACE ( 'NONE', ( #2471 ), #1361, .F. ) ;
#1661 = ADVANCED_FACE ( 'NONE', ( #776, #2997 ), #1126, .F. ) ;
#1662 = CARTESIAN_POINT ( 'NONE',  ( 3.500000000000000000, 0.000000000000000000, 0.000000000000000000 ) ) ;
#1663 = DIRECTION ( 'NONE',  ( 1.000000000000000000, -0.000000000000000000, -0.000000000000000000 ) ) ;
#1664 = CARTESIAN_POINT ( 'NONE',  ( 21.10000000000000142, -2.418305191658097986, -3.761808075912102201 ) ) ;
#1665 = CARTESIAN_POINT ( 'NONE',  ( 22.15500000000000114, 0.000000000000000000, 0.000000000000000000 ) ) ;
#1666 = CARTESIAN_POINT ( 'NONE',  ( 8.484999999999999432, -4.000000000000000000, 8.391925477342311731E-15 ) ) ;
#1667 = ORIENTED_EDGE ( 'NONE', *, *, #3017, .F. ) ;
#1668 = DIRECTION ( 'NONE',  ( 1.000000000000000000, 0.000000000000000000, 0.000000000000000000 ) ) ;
#1669 = CARTESIAN_POINT ( 'NONE',  ( 1.784759382600223487, -4.549999999999998934, 0.5463012761527038519 ) ) ;
#1670 = ORIENTED_EDGE ( 'NONE', *, *, #1911, .T. ) ;
#1671 = CARTESIAN_POINT ( 'NONE',  ( 2.603693182805001172, 0.000000000000000000, 0.000000000000000000 ) ) ;
#1672 = CARTESIAN_POINT ( 'NONE',  ( 21.00000000000000000, 0.000000000000000000, 0.000000000000000000 ) ) ;
#1673 = ORIENTED_EDGE ( 'NONE', *, *, #397, .F. ) ;
#1674 = DIRECTION ( 'NONE',  ( 0.000000000000000000, 1.000000000000000000, 0.000000000000000000 ) ) ;
#1675 = EDGE_LOOP ( 'NONE', ( #3480, #1913 ) ) ;
#1676 = ADVANCED_FACE ( 'NONE', ( #1884 ), #519, .F. ) ;
#1677 = ORIENTED_EDGE ( 'NONE', *, *, #2244, .F. ) ;
#1678 = CARTESIAN_POINT ( 'NONE',  ( 1.751419599323548182, 4.793937294187269771, -0.2772310935359253992 ) ) ;
#1679 = EDGE_CURVE ( 'NONE', #993, #2116, #887, .T. ) ;
#1680 = CARTESIAN_POINT ( 'NONE',  ( 3.500000000000000000, 0.1499999999999985234, -0.6939740629158992480 ) ) ;
#1681 = DIRECTION ( 'NONE',  ( 0.000000000000000000, -1.000000000000000000, 0.000000000000000000 ) ) ;
#1682 = CARTESIAN_POINT ( 'NONE',  ( 22.15500000000000114, -0.4999999999999737987, 5.477225575051662965 ) ) ;
#1683 = ORIENTED_EDGE ( 'NONE', *, *, #2742, .T. ) ;
#1684 = CARTESIAN_POINT ( 'NONE',  ( 20.49999999999723599, -3.090056633784943330, 3.090056633785257301 ) ) ;
#1685 = EDGE_CURVE ( 'NONE', #767, #2488, #3367, .T. ) ;
#1686 = CARTESIAN_POINT ( 'NONE',  ( 22.15500000000000114, 4.502384549069022412, 3.158881664815022638 ) ) ;
#1687 = VERTEX_POINT ( 'NONE', #1413 ) ;
#1688 = CARTESIAN_POINT ( 'NONE',  ( 6.385541162606701349, -4.622832768625018574, -1.312136838135547601 ) ) ;
#1689 = CARTESIAN_POINT ( 'NONE',  ( 20.60206887245692897, 2.418305191657874609, -3.761808075912325577 ) ) ;
#1690 = ORIENTED_EDGE ( 'NONE', *, *, #675, .F. ) ;
#1691 = EDGE_CURVE ( 'NONE', #1941, #2106, #1217, .T. ) ;
#1692 = CARTESIAN_POINT ( 'NONE',  ( 21.10000000000000142, 4.560838738653000490, 3.217335854398999828 ) ) ;
#1693 = VERTEX_POINT ( 'NONE', #3126 ) ;
#1694 = VECTOR ( 'NONE', #2401, 1000.000000000000000 ) ;
#1695 = ORIENTED_EDGE ( 'NONE', *, *, #2628, .T. ) ;
#1696 = CARTESIAN_POINT ( 'NONE',  ( 16.63999999999999702, 2.418305191658050024, 3.761808075912050686 ) ) ;
#1697 = VECTOR ( 'NONE', #1286, 1000.000000000000000 ) ;
#1698 = AXIS2_PLACEMENT_3D ( 'NONE', #2301, #56, #322 ) ;
#1699 = CARTESIAN_POINT ( 'NONE',  ( 22.15500000000000114, -4.799999999999999822, 1.007031057281077376E-14 ) ) ;
#1700 = DIRECTION ( 'NONE',  ( 0.000000000000000000, 0.000000000000000000, 1.000000000000000000 ) ) ;
#1701 = DIRECTION ( 'NONE',  ( 0.000000000000000000, -1.000000000000000000, 0.000000000000000000 ) ) ;
#1702 = CARTESIAN_POINT ( 'NONE',  ( 3.673201288038746348, 0.1499999999999985234, -0.6939740629158992480 ) ) ;
#1703 = AXIS2_PLACEMENT_3D ( 'NONE', #580, #2532, #620 ) ;
#1704 = CARTESIAN_POINT ( 'NONE',  ( 16.63999999999999702, -3.761808075911999616, 2.418305191658000286 ) ) ;
#1705 = EDGE_CURVE ( 'NONE', #1564, #663, #1798, .T. ) ;
#1706 = EDGE_CURVE ( 'NONE', #3030, #2648, #1161, .T. ) ;
#1707 = CIRCLE ( 'NONE', #267, 3.050000000000000266 ) ;
#1708 = DIRECTION ( 'NONE',  ( 0.000000000000000000, 0.000000000000000000, -1.000000000000000000 ) ) ;
#1709 = DIRECTION ( 'NONE',  ( -1.000000000000000000, -0.000000000000000000, -0.000000000000000000 ) ) ;
#1710 = ORIENTED_EDGE ( 'NONE', *, *, #2960, .T. ) ;
#1711 = LINE ( 'NONE', #2033, #1194 ) ;
#1712 = CIRCLE ( 'NONE', #3561, 4.969999999999953566 ) ;
#1713 = ORIENTED_EDGE ( 'NONE', *, *, #1174, .F. ) ;
#1714 = AXIS2_PLACEMENT_3D ( 'NONE', #509, #1903, #3290 ) ;
#1715 = ORIENTED_EDGE ( 'NONE', *, *, #3522, .F. ) ;
#1716 = DIRECTION ( 'NONE',  ( -1.000000000000000000, 0.000000000000000000, 0.000000000000000000 ) ) ;
#1717 = AXIS2_PLACEMENT_3D ( 'NONE', #2987, #3001, #3332 ) ;
#1718 = CARTESIAN_POINT ( 'NONE',  ( 15.87999999999999901, -0.5000000000000015543, -3.008737276666076710 ) ) ;
#1719 = CARTESIAN_POINT ( 'NONE',  ( 4.240000000015538895, -4.549999999999999822, -0.9591663046625510392 ) ) ;
#1720 = DIRECTION ( 'NONE',  ( -1.000000000000000000, -0.000000000000000000, -0.000000000000000000 ) ) ;
#1721 = CARTESIAN_POINT ( 'NONE',  ( 16.64000000000000057, 3.158881664815029744, 4.502384549069017972 ) ) ;
#1722 = DIRECTION ( 'NONE',  ( 1.000000000000000000, 0.000000000000000000, 0.000000000000000000 ) ) ;
#1723 = DIRECTION ( 'NONE',  ( 1.000000000000000000, -0.000000000000000000, -0.000000000000000000 ) ) ;
#1724 = CARTESIAN_POINT ( 'NONE',  ( 20.60206887245692897, -3.761808075912326021, -2.418305191657874609 ) ) ;
#1725 = CARTESIAN_POINT ( 'NONE',  ( 3.568022902028335608, 0.8796505390519565593, -0.1500000000000620004 ) ) ;
#1726 = ORIENTED_EDGE ( 'NONE', *, *, #2148, .F. ) ;
#1727 = EDGE_CURVE ( 'NONE', #1743, #3260, #1172, .T. ) ;
#1728 = CARTESIAN_POINT ( 'NONE',  ( 20.60206887245765728, 2.418305191658414621, 3.761808075912868254 ) ) ;
#1729 = EDGE_CURVE ( 'NONE', #3314, #3052, #3189, .T. ) ;
#1730 = VERTEX_POINT ( 'NONE', #926 ) ;
#1731 = FACE_OUTER_BOUND ( 'NONE', #2727, .T. ) ;
#1732 = ORIENTED_EDGE ( 'NONE', *, *, #1880, .F. ) ;
#1733 = CARTESIAN_POINT ( 'NONE',  ( 21.33500000000000085, 0.4699999999999999734, 0.000000000000000000 ) ) ;
#1734 = DIRECTION ( 'NONE',  ( 0.000000000000000000, 1.000000000000000000, 0.000000000000000000 ) ) ;
#1735 = ADVANCED_FACE ( 'NONE', ( #647 ), #2769, .F. ) ;
#1736 = CARTESIAN_POINT ( 'NONE',  ( 21.10000000000004405, -3.514320702497110815, 3.514320702497124138 ) ) ;
#1737 = CARTESIAN_POINT ( 'NONE',  ( 3.625756664707132426, -0.7780474843608579105, 0.1500000000000515366 ) ) ;
#1738 = CARTESIAN_POINT ( 'NONE',  ( 16.63999999999999702, 1.020831856546000102E-14, 0.000000000000000000 ) ) ;
#1739 = EDGE_CURVE ( 'NONE', #13, #639, #82, .T. ) ;
#1740 = LINE ( 'NONE', #2832, #3245 ) ;
#1741 = CARTESIAN_POINT ( 'NONE',  ( 0.000000000000000000, 0.000000000000000000, 0.000000000000000000 ) ) ;
#1742 = CARTESIAN_POINT ( 'NONE',  ( 7.799999999999999822, -0.6939740629158988039, 0.1500000000000005773 ) ) ;
#1743 = VERTEX_POINT ( 'NONE', #2793 ) ;
#1744 = CYLINDRICAL_SURFACE ( 'NONE', #219, 0.4699999999999999734 ) ;
#1745 = ORIENTED_EDGE ( 'NONE', *, *, #665, .F. ) ;
#1746 = CARTESIAN_POINT ( 'NONE',  ( 6.218004044485000215, -4.549999999999999822, 1.528888485142002374 ) ) ;
#1747 = ORIENTED_EDGE ( 'NONE', *, *, #61, .T. ) ;
#1748 = CIRCLE ( 'NONE', #948, 3.924999999999999822 ) ;
#1749 = ORIENTED_EDGE ( 'NONE', *, *, #2520, .F. ) ;
#1750 = DIRECTION ( 'NONE',  ( 1.000000000000000000, 0.000000000000000000, 0.000000000000000000 ) ) ;
#1751 = DIRECTION ( 'NONE',  ( 0.000000000000000000, -8.881784197001252323E-16, 1.000000000000000000 ) ) ;
#1752 = FACE_OUTER_BOUND ( 'NONE', #1658, .T. ) ;
#1753 = LINE ( 'NONE', #2242, #2029 ) ;
#1754 = DIRECTION ( 'NONE',  ( -1.000000000000000000, 0.000000000000000000, 0.000000000000000000 ) ) ;
#1755 = VECTOR ( 'NONE', #476, 1000.000000000000000 ) ;
#1756 = DIRECTION ( 'NONE',  ( 0.000000000000000000, 0.000000000000000000, 1.000000000000000000 ) ) ;
#1757 = CARTESIAN_POINT ( 'NONE',  ( 15.49999999999999822, -0.3695163538880106291, -0.6347807619512794153 ) ) ;
#1758 = VERTEX_POINT ( 'NONE', #64 ) ;
#1759 = DIRECTION ( 'NONE',  ( -1.000000000000000000, 0.000000000000000000, 0.000000000000000000 ) ) ;
#1760 = ORIENTED_EDGE ( 'NONE', *, *, #3162, .T. ) ;
#1761 = VECTOR ( 'NONE', #2125, 1000.000000000000000 ) ;
#1762 = CARTESIAN_POINT ( 'NONE',  ( 6.516622969570423862, -4.550000000000001599, 1.069459605495678645 ) ) ;
#1763 = ORIENTED_EDGE ( 'NONE', *, *, #3521, .F. ) ;
#1764 = CIRCLE ( 'NONE', #849, 3.000000264195425093 ) ;
#1765 = ORIENTED_EDGE ( 'NONE', *, *, #1207, .F. ) ;
#1766 = CARTESIAN_POINT ( 'NONE',  ( 3.500000000000000000, -0.6939740629158988039, 0.1500000000000005773 ) ) ;
#1767 = DIRECTION ( 'NONE',  ( 0.000000000000000000, -1.000000000000000000, 0.000000000000000000 ) ) ;
#1768 = ADVANCED_FACE ( 'NONE', ( #888 ), #49, .T. ) ;
#1769 = FACE_OUTER_BOUND ( 'NONE', #1024, .T. ) ;
#1770 = DIRECTION ( 'NONE',  ( 0.000000000000000000, 0.000000000000000000, 1.000000000000000000 ) ) ;
#1771 = CARTESIAN_POINT ( 'NONE',  ( 2.104171748936930264, 4.620331328527846892, 1.306751739535035872 ) ) ;
#1772 = CARTESIAN_POINT ( 'NONE',  ( 20.60206887245692897, 2.418305191657874609, -3.761808075912325577 ) ) ;
#1773 = ORIENTED_EDGE ( 'NONE', *, *, #3281, .F. ) ;
#1774 = DIRECTION ( 'NONE',  ( 0.000000000000000000, 1.000000000000000000, 0.000000000000000000 ) ) ;
#1775 = EDGE_CURVE ( 'NONE', #905, #318, #2614, .T. ) ;
#1776 = ORIENTED_EDGE ( 'NONE', *, *, #1335, .T. ) ;
#1777 = LINE ( 'NONE', #833, #3492 ) ;
#1778 = ORIENTED_EDGE ( 'NONE', *, *, #2985, .T. ) ;
#1779 = EDGE_CURVE ( 'NONE', #1043, #33, #3018, .T. ) ;
#1780 = ORIENTED_EDGE ( 'NONE', *, *, #2682, .F. ) ;
#1781 = CARTESIAN_POINT ( 'NONE',  ( 21.10000000000004405, 0.000000000000000000, 1.348273484663000001E-14 ) ) ;
#1782 = DIRECTION ( 'NONE',  ( 0.000000000000000000, -0.7071067811865475727, 0.7071067811865475727 ) ) ;
#1783 = CARTESIAN_POINT ( 'NONE',  ( 1.751417316426306048, -4.793938809949369606, 0.2771990782340470472 ) ) ;
#1784 = CARTESIAN_POINT ( 'NONE',  ( 20.76784595261291244, -2.538265213074329285, -3.881768097328329503 ) ) ;
#1785 = CARTESIAN_POINT ( 'NONE',  ( 3.299999999999999822, -1.064999999999999947, -2.234350158342390325E-15 ) ) ;
#1786 = CARTESIAN_POINT ( 'NONE',  ( 5.876306817195000143, 4.550000000000009592, -1.528888485142015918 ) ) ;
#1787 = VERTEX_POINT ( 'NONE', #1736 ) ;
#1788 = DIRECTION ( 'NONE',  ( 1.000000000000000000, -0.000000000000000000, -0.000000000000000000 ) ) ;
#1789 = ORIENTED_EDGE ( 'NONE', *, *, #2511, .T. ) ;
#1790 = CARTESIAN_POINT ( 'NONE',  ( 9.300000000000000711, 3.411192787929834935, 0.9104022021882387516 ) ) ;
#1791 = EDGE_CURVE ( 'NONE', #3158, #1045, #2794, .T. ) ;
#1792 = ORIENTED_EDGE ( 'NONE', *, *, #2107, .T. ) ;
#1793 = ORIENTED_EDGE ( 'NONE', *, *, #1321, .F. ) ;
#1794 = CARTESIAN_POINT ( 'NONE',  ( 5.876306817195000143, 4.550000000000012257, 1.528888485141999709 ) ) ;
#1795 = FACE_OUTER_BOUND ( 'NONE', #1532, .T. ) ;
#1796 = AXIS2_PLACEMENT_3D ( 'NONE', #594, #2260, #1700 ) ;
#1797 = CARTESIAN_POINT ( 'NONE',  ( 3.673201288038746348, 0.1499999999999985234, -0.6939740629158992480 ) ) ;
#1798 = CIRCLE ( 'NONE', #1796, 5.500000000000000000 ) ;
#1799 = LINE ( 'NONE', #1002, #1251 ) ;
#1800 = DIRECTION ( 'NONE',  ( -0.000000000000000000, -0.7071067811865474617, -0.7071067811865474617 ) ) ;
#1801 = DIRECTION ( 'NONE',  ( 0.000000000000000000, 0.7071067811865474617, 0.7071067811865474617 ) ) ;
#1802 = PLANE ( 'NONE',  #1858 ) ;
#1803 = VERTEX_POINT ( 'NONE', #3146 ) ;
#1804 = CIRCLE ( 'NONE', #2257, 5.500000000000000000 ) ;
#1805 = DIRECTION ( 'NONE',  ( 0.000000000000000000, 1.000000000000000000, 0.000000000000000000 ) ) ;
#1806 = EDGE_CURVE ( 'NONE', #1095, #1007, #1516, .T. ) ;
#1807 = ADVANCED_FACE ( 'NONE', ( #3217 ), #2601, .T. ) ;
#1808 = ORIENTED_EDGE ( 'NONE', *, *, #1488, .T. ) ;
#1809 = CIRCLE ( 'NONE', #836, 0.4699999999999999734 ) ;
#1810 = CARTESIAN_POINT ( 'NONE',  ( 9.299999999999998934, -2.803373274061175202, 2.146477420736798258 ) ) ;
#1811 = ORIENTED_EDGE ( 'NONE', *, *, #1263, .T. ) ;
#1812 = CIRCLE ( 'NONE', #780, 4.969999999999953566 ) ;
#1813 = AXIS2_PLACEMENT_3D ( 'NONE', #1593, #929, #2772 ) ;
#1814 = ORIENTED_EDGE ( 'NONE', *, *, #1305, .T. ) ;
#1815 = ORIENTED_EDGE ( 'NONE', *, *, #3484, .F. ) ;
#1816 = CARTESIAN_POINT ( 'NONE',  ( 4.368620890377687083, -5.410147752207427274, 0.9901016665129810379 ) ) ;
#1817 = DIRECTION ( 'NONE',  ( 1.000000000000000000, 0.000000000000000000, 0.000000000000000000 ) ) ;
#1818 = DIRECTION ( 'NONE',  ( 0.000000000000000000, 0.000000000000000000, 1.000000000000000000 ) ) ;
#1819 = AXIS2_PLACEMENT_3D ( 'NONE', #1330, #990, #1805 ) ;
#1820 = DIRECTION ( 'NONE',  ( 1.000000000000000000, 0.000000000000000000, 0.000000000000000000 ) ) ;
#1821 = DIRECTION ( 'NONE',  ( 1.000000000000000000, 0.000000000000000000, 0.000000000000000000 ) ) ;
#1822 = EDGE_CURVE ( 'NONE', #605, #1526, #152, .T. ) ;
#1823 = CARTESIAN_POINT ( 'NONE',  ( 3.500000000000000000, 0.000000000000000000, 0.000000000000000000 ) ) ;
#1824 = ORIENTED_EDGE ( 'NONE', *, *, #1247, .T. ) ;
#1825 = CARTESIAN_POINT ( 'NONE',  ( 21.10000000000001563, -4.121273148103057338, 2.777770263849056231 ) ) ;
#1826 = ORIENTED_EDGE ( 'NONE', *, *, #832, .F. ) ;
#1827 = CARTESIAN_POINT ( 'NONE',  ( 14.30000000000000071, 0.000000000000000000, 0.000000000000000000 ) ) ;
#1828 = EDGE_LOOP ( 'NONE', ( #2197, #3104, #111, #396 ) ) ;
#1829 = ORIENTED_EDGE ( 'NONE', *, *, #882, .T. ) ;
#1830 = ORIENTED_EDGE ( 'NONE', *, *, #2806, .T. ) ;
#1831 = CARTESIAN_POINT ( 'NONE',  ( 4.240000000000000213, -4.549999999999999822, 1.528888485141999931 ) ) ;
#1832 = CARTESIAN_POINT ( 'NONE',  ( 3.040000000000000036, 0.000000000000000000, 0.000000000000000000 ) ) ;
#1833 = CARTESIAN_POINT ( 'NONE',  ( 8.700000000000162714, 0.000000000000000000, 0.000000000000000000 ) ) ;
#1834 = EDGE_CURVE ( 'NONE', #1158, #2577, #2056, .T. ) ;
#1835 = CARTESIAN_POINT ( 'NONE',  ( 3.658339473407563158, -4.549999999999998934, 1.041880016835673439 ) ) ;
#1836 = CARTESIAN_POINT ( 'NONE',  ( 3.500000000000000000, 0.1500000000000000777, 0.6939740629158988039 ) ) ;
#1837 = CARTESIAN_POINT ( 'NONE',  ( 1.740000000000001101, 4.799999999999999822, -9.482480109220044735E-15 ) ) ;
#1838 = ORIENTED_EDGE ( 'NONE', *, *, #784, .F. ) ;
#1839 = DIRECTION ( 'NONE',  ( 0.000000000000000000, 1.000000000000000000, 0.000000000000000000 ) ) ;
#1840 = EDGE_LOOP ( 'NONE', ( #238, #2563, #2599, #850, #523, #922, #51, #2700, #3243, #3264, #3192, #3009 ) ) ;
#1841 = DIRECTION ( 'NONE',  ( 1.000000000000000000, -0.000000000000000000, -0.000000000000000000 ) ) ;
#1842 = VERTEX_POINT ( 'NONE', #3435 ) ;
#1843 = ORIENTED_EDGE ( 'NONE', *, *, #1226, .T. ) ;
#1844 = CARTESIAN_POINT ( 'NONE',  ( 3.500000000000000000, -0.1500000000000459854, -1.039230484541318056 ) ) ;
#1845 = EDGE_CURVE ( 'NONE', #1111, #1297, #2927, .T. ) ;
#1846 = ADVANCED_FACE ( 'NONE', ( #723 ), #2939, .F. ) ;
#1847 = PLANE ( 'NONE',  #2198 ) ;
#1848 = CARTESIAN_POINT ( 'NONE',  ( 15.36666669528484519, -2.933333485233454052, 5.814071700749153376E-10 ) ) ;
#1849 = CARTESIAN_POINT ( 'NONE',  ( 2.165151738453551345E-13, 4.499307327485361441, 5.510062316985180518E-16 ) ) ;
#1850 = B_SPLINE_CURVE_WITH_KNOTS ( 'NONE', 3,
 ( #2947, #1575, #2132, #1315 ),
 .UNSPECIFIED., .F., .F.,
 ( 4, 4 ),
 ( 0.000000000000000000, 1.000000000000000000 ),
 .UNSPECIFIED. ) ;
#1851 = CIRCLE ( 'NONE', #3365, 3.050000000000000266 ) ;
#1852 = FACE_BOUND ( 'NONE', #447, .T. ) ;
#1853 = ORIENTED_EDGE ( 'NONE', *, *, #3537, .T. ) ;
#1854 = DIRECTION ( 'NONE',  ( 0.000000000000000000, 0.000000000000000000, -1.000000000000000000 ) ) ;
#1855 = AXIS2_PLACEMENT_3D ( 'NONE', #2432, #1104, #1086 ) ;
#1856 = ORIENTED_EDGE ( 'NONE', *, *, #754, .F. ) ;
#1857 = CARTESIAN_POINT ( 'NONE',  ( 15.87999999999999901, 0.000000000000000000, -0.5000000000000000000 ) ) ;
#1858 = AXIS2_PLACEMENT_3D ( 'NONE', #3477, #2084, #2660 ) ;
#1859 = ORIENTED_EDGE ( 'NONE', *, *, #2414, .F. ) ;
#1860 = AXIS2_PLACEMENT_3D ( 'NONE', #773, #258, #2436 ) ;
#1861 = VERTEX_POINT ( 'NONE', #2622 ) ;
#1862 = OPEN_SHELL ( 'NONE', ( #527, #765, #2624, #1550 ) ) ;
#1863 = AXIS2_PLACEMENT_3D ( 'NONE', #1608, #2150, #779 ) ;
#1864 = CARTESIAN_POINT ( 'NONE',  ( 15.50000000000000000, -0.3693108673336097936, 0.6345752753969123861 ) ) ;
#1865 = CIRCLE ( 'NONE', #3379, 2.350000000000000089 ) ;
#1866 = CARTESIAN_POINT ( 'NONE',  ( 1.740060788364989453, 4.549999999999999822, 0.2763107456023032316 ) ) ;
#1867 = ADVANCED_FACE ( 'NONE', ( #1795 ), #2383, .F. ) ;
#1868 = DIRECTION ( 'NONE',  ( 1.000000000000000000, 0.000000000000000000, -0.000000000000000000 ) ) ;
#1869 = EDGE_CURVE ( 'NONE', #639, #2275, #999, .T. ) ;
#1870 = DIRECTION ( 'NONE',  ( 0.000000000000000000, 0.000000000000000000, -1.000000000000000000 ) ) ;
#1871 = CARTESIAN_POINT ( 'NONE',  ( 3.250000000000000000, -5.500000000000000000, 1.526726342937032421E-16 ) ) ;
#1872 = CARTESIAN_POINT ( 'NONE',  ( 9.300000000000000711, 3.499999999999999556, -0.4643193720677604164 ) ) ;
#1873 = CARTESIAN_POINT ( 'NONE',  ( 2.261995955514907397, -4.549999999999999822, 1.528888485142074982 ) ) ;
#1874 = ORIENTED_EDGE ( 'NONE', *, *, #168, .F. ) ;
#1875 = CARTESIAN_POINT ( 'NONE',  ( 6.580393054677585063, 4.718799771862138392, -0.8817153371151542629 ) ) ;
#1876 = CARTESIAN_POINT ( 'NONE',  ( 16.64000000000000057, 5.477225575051662076, -0.4999999999999846234 ) ) ;
#1877 = ORIENTED_EDGE ( 'NONE', *, *, #2831, .T. ) ;
#1878 = EDGE_CURVE ( 'NONE', #700, #1252, #890, .T. ) ;
#1879 = ORIENTED_EDGE ( 'NONE', *, *, #1517, .F. ) ;
#1880 = EDGE_CURVE ( 'NONE', #218, #1602, #450, .T. ) ;
#1881 = CARTESIAN_POINT ( 'NONE',  ( 15.50000000000000000, -0.7100000000000002975, 0.1886841705814416292 ) ) ;
#1882 = CARTESIAN_POINT ( 'NONE',  ( 21.10000000000000142, 4.560838738653000490, 3.217335854398999828 ) ) ;
#1883 = CARTESIAN_POINT ( 'NONE',  ( 12.70000000000000107, 0.000000000000000000, 0.000000000000000000 ) ) ;
#1884 = FACE_OUTER_BOUND ( 'NONE', #2327, .T. ) ;
#1885 = B_SPLINE_CURVE_WITH_KNOTS ( 'NONE', 3,
 ( #674, #1453, #2521, #2008 ),
 .UNSPECIFIED., .F., .F.,
 ( 4, 4 ),
 ( -9.168886756551169659E-06, 1.000000000000000000 ),
 .UNSPECIFIED. ) ;
#1886 = ADVANCED_FACE ( 'NONE', ( #3195 ), #2924, .T. ) ;
#1887 = CARTESIAN_POINT ( 'NONE',  ( 21.33500000000000085, 0.000000000000000000, 0.000000000000000000 ) ) ;
#1888 = EDGE_LOOP ( 'NONE', ( #680, #459, #115, #572 ) ) ;
#1889 = CARTESIAN_POINT ( 'NONE',  ( 9.299999999999998934, 3.411400536755901935, -0.9102820492982033329 ) ) ;
#1890 = CARTESIAN_POINT ( 'NONE',  ( 21.10000000000000142, 3.158881664814999990, -4.502384549069000208 ) ) ;
#1891 = ORIENTED_EDGE ( 'NONE', *, *, #2935, .T. ) ;
#1892 = LINE ( 'NONE', #524, #3031 ) ;
#1893 = CARTESIAN_POINT ( 'NONE',  ( 3.375465483220729368, 5.478587119893369994, 0.4994743793164078127 ) ) ;
#1894 = ORIENTED_EDGE ( 'NONE', *, *, #2070, .T. ) ;
#1895 = DIRECTION ( 'NONE',  ( 1.000000000000000000, -0.000000000000000000, -0.000000000000000000 ) ) ;
#1896 = ORIENTED_EDGE ( 'NONE', *, *, #2413, .F. ) ;
#1897 = ORIENTED_EDGE ( 'NONE', *, *, #2433, .T. ) ;
#1898 = CARTESIAN_POINT ( 'NONE',  ( 21.10000000000000142, 6.979143930311000332, -0.7990306627408000351 ) ) ;
#1899 = CARTESIAN_POINT ( 'NONE',  ( 3.500000000000000000, -0.1500000000000459854, -1.039230484541318056 ) ) ;
#1900 = CARTESIAN_POINT ( 'NONE',  ( 15.88000000000000256, -0.4999999999999868994, 5.477225575051662076 ) ) ;
#1901 = FACE_OUTER_BOUND ( 'NONE', #2234, .T. ) ;
#1902 = LINE ( 'NONE', #3548, #3495 ) ;
#1903 = DIRECTION ( 'NONE',  ( 1.000000000000000000, -0.000000000000000000, -0.000000000000000000 ) ) ;
#1904 = CARTESIAN_POINT ( 'NONE',  ( 7.799999999999999822, -0.1500000000000006051, 0.6939740629158988039 ) ) ;
#1905 = ORIENTED_EDGE ( 'NONE', *, *, #276, .T. ) ;
#1906 = DIRECTION ( 'NONE',  ( 0.000000000000000000, -1.000000000000000000, 0.000000000000000000 ) ) ;
#1907 = CARTESIAN_POINT ( 'NONE',  ( 3.448207967935529528, 5.467035799160983700, 0.6083859796176085410 ) ) ;
#1908 = ORIENTED_EDGE ( 'NONE', *, *, #3250, .F. ) ;
#1909 = VECTOR ( 'NONE', #555, 1000.000000000000000 ) ;
#1910 = CARTESIAN_POINT ( 'NONE',  ( 3.500000000000000000, 0.000000000000000000, 0.000000000000000000 ) ) ;
#1911 = EDGE_CURVE ( 'NONE', #324, #2865, #1353, .T. ) ;
#1912 = VERTEX_POINT ( 'NONE', #3490 ) ;
#1913 = ORIENTED_EDGE ( 'NONE', *, *, #3250, .T. ) ;
#1914 = VECTOR ( 'NONE', #3156, 999.9999999999998863 ) ;
#1915 = CARTESIAN_POINT ( 'NONE',  ( 20.60206887245692897, 2.418305191657874609, -3.761808075912325577 ) ) ;
#1916 = CARTESIAN_POINT ( 'NONE',  ( 9.299999999999998934, 0.000000000000000000, 0.000000000000000000 ) ) ;
#1917 = DIRECTION ( 'NONE',  ( -1.000000000000000000, 0.000000000000000000, 0.000000000000000000 ) ) ;
#1918 = CARTESIAN_POINT ( 'NONE',  ( 20.49980342661857335, -3.312980013709188487, -2.867133253861012587 ) ) ;
#1919 = VECTOR ( 'NONE', #2887, 1000.000000000000000 ) ;
#1920 = MECHANICAL_DESIGN_GEOMETRIC_PRESENTATION_REPRESENTATION (  '', ( #2613 ), #2917 ) ;
#1921 = CARTESIAN_POINT ( 'NONE',  ( 9.799999999999998934, 0.000000000000000000, 0.000000000000000000 ) ) ;
#1922 = CARTESIAN_POINT ( 'NONE',  ( 3.375465483220729368, -5.478587119893369106, -0.4994743793164099777 ) ) ;
#1923 = CIRCLE ( 'NONE', #2558, 4.969999999999953566 ) ;
#1924 = FACE_BOUND ( 'NONE', #584, .T. ) ;
#1925 = EDGE_CURVE ( 'NONE', #2214, #3410, #686, .T. ) ;
#1926 = CARTESIAN_POINT ( 'NONE',  ( 21.10000000000001563, -2.777770263849060228, 4.121273148103060890 ) ) ;
#1927 = ORIENTED_EDGE ( 'NONE', *, *, #1834, .T. ) ;
#1928 = CARTESIAN_POINT ( 'NONE',  ( 4.109818780072130195, 5.410185072370022219, -0.9898977186817957685 ) ) ;
#1929 = CARTESIAN_POINT ( 'NONE',  ( 3.276032585000608233, 5.495155145829766496, 0.2601180676455789875 ) ) ;
#1930 = VERTEX_POINT ( 'NONE', #465 ) ;
#1931 = VECTOR ( 'NONE', #1788, 1000.000000000000000 ) ;
#1932 = DIRECTION ( 'NONE',  ( 0.000000000000000000, -0.7071067811865475727, 0.7071067811865475727 ) ) ;
#1933 = ORIENTED_EDGE ( 'NONE', *, *, #196, .F. ) ;
#1934 = EDGE_LOOP ( 'NONE', ( #2967, #3515, #3355, #3068 ) ) ;
#1935 = CARTESIAN_POINT ( 'NONE',  ( 20.89999153097999951, 0.000000000000000000, -0.3699960379921000131 ) ) ;
#1936 = CARTESIAN_POINT ( 'NONE',  ( 15.87999999999999901, 0.000000000000000000, 0.5000000000000000000 ) ) ;
#1937 = DIRECTION ( 'NONE',  ( -1.000000000000000000, 0.000000000000000000, 0.000000000000000000 ) ) ;
#1938 = CARTESIAN_POINT ( 'NONE',  ( 16.64000000000000057, 0.000000000000000000, 0.000000000000000000 ) ) ;
#1939 = ADVANCED_FACE ( 'NONE', ( #205 ), #3510, .T. ) ;
#1940 =( LENGTH_UNIT ( ) NAMED_UNIT ( * ) SI_UNIT ( .MILLI., .METRE. ) );
#1941 = VERTEX_POINT ( 'NONE', #1501 ) ;
#1942 = FACE_OUTER_BOUND ( 'NONE', #2649, .T. ) ;
#1943 = DIRECTION ( 'NONE',  ( -0.000000000000000000, 0.7071067811865474617, -0.7071067811865474617 ) ) ;
#1944 = EDGE_LOOP ( 'NONE', ( #3292, #2139, #500, #1271 ) ) ;
#1945 = DIRECTION ( 'NONE',  ( -1.000000000000000000, 0.000000000000000000, 0.000000000000000000 ) ) ;
#1946 = DIRECTION ( 'NONE',  ( 0.000000000000000000, 0.000000000000000000, -1.000000000000000000 ) ) ;
#1947 = EDGE_LOOP ( 'NONE', ( #495, #1760, #3020, #199, #345, #143, #581, #2916 ) ) ;
#1948 = CARTESIAN_POINT ( 'NONE',  ( 7.799999999999999822, -0.7099999999999999645, -7.013084247443990465E-16 ) ) ;
#1949 = EDGE_LOOP ( 'NONE', ( #2778, #375, #2629, #1102 ) ) ;
#1950 = ORIENTED_EDGE ( 'NONE', *, *, #1911, .F. ) ;
#1951 = CARTESIAN_POINT ( 'NONE',  ( 3.568022902028043397, 0.1499999999999354905, 0.8796505390524861356 ) ) ;
#1952 = ADVANCED_FACE ( 'NONE', ( #2585 ), #132, .F. ) ;
#1953 = DIRECTION ( 'NONE',  ( -1.000000000000000000, 0.000000000000000000, 0.000000000000000000 ) ) ;
#1954 = ADVANCED_FACE ( 'NONE', ( #2885 ), #2255, .T. ) ;
#1955 = FACE_OUTER_BOUND ( 'NONE', #1248, .T. ) ;
#1956 = FILL_AREA_STYLE ('',( #911 ) ) ;
#1957 = FACE_OUTER_BOUND ( 'NONE', #1460, .T. ) ;
#1958 = CARTESIAN_POINT ( 'NONE',  ( 3.499999999999716227, 0.000000000000000000, 0.000000000000000000 ) ) ;
#1959 = EDGE_LOOP ( 'NONE', ( #1657, #511, #1399, #282, #2988, #2040, #2824, #2763 ) ) ;
#1960 = CARTESIAN_POINT ( 'NONE',  ( 0.000000000000000000, 3.008737276666073157, -0.5000000000000217604 ) ) ;
#1961 = DIRECTION ( 'NONE',  ( 1.000000000000000000, 0.000000000000000000, 0.000000000000000000 ) ) ;
#1962 = ORIENTED_EDGE ( 'NONE', *, *, #562, .T. ) ;
#1963 = FACE_BOUND ( 'NONE', #445, .T. ) ;
#1964 = EDGE_LOOP ( 'NONE', ( #3010, #3070, #2343, #1815 ) ) ;
#1965 = VECTOR ( 'NONE', #438, 1000.000000000000000 ) ;
#1966 = EDGE_LOOP ( 'NONE', ( #3122, #3170, #1228, #2993 ) ) ;
#1967 = CARTESIAN_POINT ( 'NONE',  ( 15.50000024500356233, 0.000000000000000000, 0.000000000000000000 ) ) ;
#1968 = AXIS2_PLACEMENT_3D ( 'NONE', #3524, #3247, #3268 ) ;
#1969 = AXIS2_PLACEMENT_3D ( 'NONE', #1672, #3263, #1600 ) ;
#1970 = DIRECTION ( 'NONE',  ( 0.000000000000000000, -0.7071067811865475727, 0.7071067811865475727 ) ) ;
#1971 = CIRCLE ( 'NONE', #2964, 0.2699909289179458494 ) ;
#1972 = DIRECTION ( 'NONE',  ( -1.000000000000000000, 0.000000000000000000, 0.000000000000000000 ) ) ;
#1973 = ADVANCED_FACE ( 'NONE', ( #2954 ), #1577, .F. ) ;
#1974 = EDGE_CURVE ( 'NONE', #1996, #514, #1377, .T. ) ;
#1975 = DIRECTION ( 'NONE',  ( 1.000000000000000000, 0.000000000000000000, 0.000000000000000000 ) ) ;
#1976 = VECTOR ( 'NONE', #3351, 1000.000000000000000 ) ;
#1977 = CARTESIAN_POINT ( 'NONE',  ( 3.673201288038619783, -0.1499999999999756806, -0.6939740629157921115 ) ) ;
#1978 = VECTOR ( 'NONE', #3149, 1000.000000000000000 ) ;
#1979 = LINE ( 'NONE', #3102, #840 ) ;
#1980 = CARTESIAN_POINT ( 'NONE',  ( 16.64000000000000057, -4.502384549069022412, 3.158881664815021750 ) ) ;
#1981 = ORIENTED_EDGE ( 'NONE', *, *, #2754, .F. ) ;
#1982 = FACE_OUTER_BOUND ( 'NONE', #2339, .T. ) ;
#1983 = EDGE_LOOP ( 'NONE', ( #1512, #2151, #2396, #3453 ) ) ;
#1984 = DIRECTION ( 'NONE',  ( -1.000000000000000000, 0.000000000000000000, 0.000000000000000000 ) ) ;
#1985 = ADVANCED_FACE ( 'NONE', ( #3285 ), #256, .T. ) ;
#1986 = ORIENTED_EDGE ( 'NONE', *, *, #3119, .F. ) ;
#1987 = PLANE ( 'NONE',  #2022 ) ;
#1988 = EDGE_CURVE ( 'NONE', #2344, #1320, #560, .T. ) ;
#1989 = CARTESIAN_POINT ( 'NONE',  ( 3.500000000000000000, 0.1499999999999999944, -1.039230484540999866 ) ) ;
#1990 = CARTESIAN_POINT ( 'NONE',  ( 22.15500000000000114, 0.4999999999999755196, -5.477225575051662965 ) ) ;
#1991 = CARTESIAN_POINT ( 'NONE',  ( 16.63999999999999702, 0.5000000000000024425, -3.008737276666076266 ) ) ;
#1992 = CARTESIAN_POINT ( 'NONE',  ( 15.87999999999999901, 0.000000000000000000, 0.5000000000000000000 ) ) ;
#1993 = CARTESIAN_POINT ( 'NONE',  ( 2.178179174497319348, 4.586437347659222397, 1.420450274336872765 ) ) ;
#1994 = CARTESIAN_POINT ( 'NONE',  ( 6.513870619120200267, -4.685560649134842492, -1.074283170227915418 ) ) ;
#1995 = DIRECTION ( 'NONE',  ( 1.000000000000000000, 0.000000000000000000, 0.000000000000000000 ) ) ;
#1996 = VERTEX_POINT ( 'NONE', #831 ) ;
#1997 = B_SPLINE_CURVE_WITH_KNOTS ( 'NONE', 3,
 ( #2638, #1287, #3400, #928, #2005, #3438, #970, #2571 ),
 .UNSPECIFIED., .F., .F.,
 ( 4, 2, 2, 4 ),
 ( -0.0004319965137762355064, 3.498130741099966020E-06, 0.0004389927752584354384, 0.001309982064293105245 ),
 .UNSPECIFIED. ) ;
#1998 = DIRECTION ( 'NONE',  ( 0.000000000000000000, 0.7071067811865474617, -0.7071067811865474617 ) ) ;
#1999 = ORIENTED_EDGE ( 'NONE', *, *, #2889, .F. ) ;
#2000 = CARTESIAN_POINT ( 'NONE',  ( 6.387092334001967409, -4.549999999999999822, -1.310130005508373552 ) ) ;
#2001 = ORIENTED_EDGE ( 'NONE', *, *, #2825, .T. ) ;
#2002 = EDGE_LOOP ( 'NONE', ( #252, #412, #3143, #738, #92, #2377, #2963, #2774 ) ) ;
#2003 = DIRECTION ( 'NONE',  ( -1.000000000000000000, -0.000000000000000000, -0.000000000000000000 ) ) ;
#2004 = CARTESIAN_POINT ( 'NONE',  ( 5.623468423135386196, -4.549999999999999822, -1.382120977300694165 ) ) ;
#2005 = CARTESIAN_POINT ( 'NONE',  ( 3.519829864120085361, 4.549999999999999822, -1.087319448800569077 ) ) ;
#2006 =( NAMED_UNIT ( * ) PLANE_ANGLE_UNIT ( ) SI_UNIT ( $, .RADIAN. ) );
#2007 = CARTESIAN_POINT ( 'NONE',  ( 3.568022902027168097, 0.1499999999999331868, -0.8796505390540210190 ) ) ;
#2008 = CARTESIAN_POINT ( 'NONE',  ( 20.79999375307505005, 0.4699968187034690437, 7.313761683095080537E-10 ) ) ;
#2009 = CARTESIAN_POINT ( 'NONE',  ( 15.87999999999999901, 0.000000000000000000, 0.000000000000000000 ) ) ;
#2010 = CARTESIAN_POINT ( 'NONE',  ( 15.50000000000000000, 0.7099999999999997424, -0.1886841705814416292 ) ) ;
#2011 = ORIENTED_EDGE ( 'NONE', *, *, #1053, .T. ) ;
#2012 = FACE_OUTER_BOUND ( 'NONE', #140, .T. ) ;
#2013 = VERTEX_POINT ( 'NONE', #2467 ) ;
#2014 = CARTESIAN_POINT ( 'NONE',  ( 15.39999999956000032, 0.000000000000000000, -2.900000178907000237 ) ) ;
#2015 = ADVANCED_FACE ( 'NONE', ( #20 ), #813, .F. ) ;
#2016 = ORIENTED_EDGE ( 'NONE', *, *, #3142, .T. ) ;
#2017 = EDGE_CURVE ( 'NONE', #1389, #2175, #2259, .T. ) ;
#2018 = CIRCLE ( 'NONE', #1118, 0.7099999999999999645 ) ;
#2019 = CIRCLE ( 'NONE', #2540, 5.500000000000000000 ) ;
#2020 = ORIENTED_EDGE ( 'NONE', *, *, #2244, .T. ) ;
#2021 = CARTESIAN_POINT ( 'NONE',  ( 21.00000000000000000, 0.000000000000000000, 0.000000000000000000 ) ) ;
#2022 = AXIS2_PLACEMENT_3D ( 'NONE', #854, #2236, #591 ) ;
#2023 = CARTESIAN_POINT ( 'NONE',  ( 6.385511208335998390, 4.622819746719225797, 1.312175591564539223 ) ) ;
#2024 = CARTESIAN_POINT ( 'NONE',  ( 16.63999999999999702, 0.000000000000000000, 0.5000000000000000000 ) ) ;
#2025 = CIRCLE ( 'NONE', #1580, 0.7099999999999999645 ) ;
#2026 = PLANE ( 'NONE',  #3040 ) ;
#2027 = DIRECTION ( 'NONE',  ( 0.000000000000000000, -1.776356839400250465E-15, 1.000000000000000000 ) ) ;
#2028 = CARTESIAN_POINT ( 'NONE',  ( 15.50000024500356233, 0.000000000000000000, -2.799999927309561265 ) ) ;
#2029 = VECTOR ( 'NONE', #52, 1000.000000000000000 ) ;
#2031 = EDGE_CURVE ( 'NONE', #2765, #1425, #1338, .T. ) ;
#2030 = AXIS2_PLACEMENT_3D ( 'NONE', #3567, #540, #2756 ) ;
#2032 = ORIENTED_EDGE ( 'NONE', *, *, #1988, .T. ) ;
#2033 = CARTESIAN_POINT ( 'NONE',  ( 22.15500000000000114, -5.477225575051664741, -0.4999999999999611977 ) ) ;
#2034 = ORIENTED_EDGE ( 'NONE', *, *, #853, .T. ) ;
#2035 = CONICAL_SURFACE ( 'NONE', #493, 4.670000000000002593, 0.7853981633972997312 ) ;
#2036 = DIRECTION ( 'NONE',  ( 0.000000000000000000, 1.000000000000000000, 0.000000000000000000 ) ) ;
#2037 = EDGE_LOOP ( 'NONE', ( #3244, #1209, #1390, #2071, #1193, #3153 ) ) ;
#2038 = VECTOR ( 'NONE', #3051, 1000.000000000000227 ) ;
#2039 = AXIS2_PLACEMENT_3D ( 'NONE', #2419, #351, #2519 ) ;
#2040 = ORIENTED_EDGE ( 'NONE', *, *, #352, .T. ) ;
#2041 = CARTESIAN_POINT ( 'NONE',  ( 4.498486504598837143, -5.415014459290325988, 0.9644451579018338272 ) ) ;
#2042 = VECTOR ( 'NONE', #1943, 1000.000000000000114 ) ;
#2043 = CARTESIAN_POINT ( 'NONE',  ( 20.93332774551203457, -0.3366609434439692405, -2.607368594611253143E-09 ) ) ;
#2044 = CARTESIAN_POINT ( 'NONE',  ( 8.409999999999989484, 0.000000000000000000, 0.000000000000000000 ) ) ;
#2045 = FACE_OUTER_BOUND ( 'NONE', #1983, .T. ) ;
#2046 = CYLINDRICAL_SURFACE ( 'NONE', #2479, 3.050000000000000266 ) ;
#2047 = EDGE_CURVE ( 'NONE', #1043, #2302, #2705, .T. ) ;
#2048 = CARTESIAN_POINT ( 'NONE',  ( 3.500000000000000000, -0.6939740629158990259, -0.1499999999999994948 ) ) ;
#2049 = ORIENTED_EDGE ( 'NONE', *, *, #1050, .F. ) ;
#2050 = CARTESIAN_POINT ( 'NONE',  ( 1.978219398123468364, -4.680192620393741620, -1.067624498140384404 ) ) ;
#2051 = EDGE_LOOP ( 'NONE', ( #3227, #411, #1140, #1494 ) ) ;
#2052 = LINE ( 'NONE', #3171, #721 ) ;
#2053 = ORIENTED_EDGE ( 'NONE', *, *, #1196, .T. ) ;
#2054 = VERTEX_POINT ( 'NONE', #3563 ) ;
#2055 = CARTESIAN_POINT ( 'NONE',  ( 4.738518470836801555, -5.431766470222099130, 0.8651295104749099352 ) ) ;
#2056 = LINE ( 'NONE', #1036, #653 ) ;
#2057 = LINE ( 'NONE', #687, #3431 ) ;
#2058 = EDGE_CURVE ( 'NONE', #2275, #1536, #1634, .T. ) ;
#2059 = CARTESIAN_POINT ( 'NONE',  ( 15.87999999999999901, 0.5000000000000000000, 0.000000000000000000 ) ) ;
#2060 = EDGE_CURVE ( 'NONE', #2477, #1912, #533, .T. ) ;
#2061 = DIRECTION ( 'NONE',  ( -1.000000000000000000, 0.000000000000000000, 0.000000000000000000 ) ) ;
#2062 = B_SPLINE_CURVE_WITH_KNOTS ( 'NONE', 3,
 ( #2312, #967, #3414, #3434, #1552, #413, #430, #722, #2332, #1816, #2041, #2055, #3160, #2095, #399, #1233, #3145, #1253 ),
 .UNSPECIFIED., .F., .F.,
 ( 4, 2, 2, 2, 2, 2, 2, 2, 4 ),
 ( 1.483234948693210863E-19, 0.0003875899924735641392, 0.0007751799849471278448, 0.001162769977420691605, 0.001550359969894255473, 0.001937949962367819124, 0.002325539954841382775, 0.002713129947314946860, 0.003100719939788510945 ),
 .UNSPECIFIED. ) ;
#2063 = CARTESIAN_POINT ( 'NONE',  ( 14.59999999999999964, -3.050000000000000266, -3.012662951366785325E-15 ) ) ;
#2064 = DIRECTION ( 'NONE',  ( 0.000000000000000000, 0.000000000000000000, 1.000000000000000000 ) ) ;
#2065 = VERTEX_POINT ( 'NONE', #1844 ) ;
#2066 = FACE_BOUND ( 'NONE', #2486, .T. ) ;
#2067 = ORIENTED_EDGE ( 'NONE', *, *, #3221, .T. ) ;
#2068 = CARTESIAN_POINT ( 'NONE',  ( 20.79998420906478884, 0.000000000000000000, 0.000000000000000000 ) ) ;
#2069 = ORIENTED_EDGE ( 'NONE', *, *, #2549, .F. ) ;
#2070 = EDGE_CURVE ( 'NONE', #461, #2633, #3252, .T. ) ;
#2071 = ORIENTED_EDGE ( 'NONE', *, *, #168, .T. ) ;
#2072 = ORIENTED_EDGE ( 'NONE', *, *, #1321, .T. ) ;
#2073 = CARTESIAN_POINT ( 'NONE',  ( 3.673201288038619783, -0.6939740629157918894, -0.1499999999999765410 ) ) ;
#2074 = DIRECTION ( 'NONE',  ( 0.000000000000000000, 0.000000000000000000, 1.000000000000000000 ) ) ;
#2075 = AXIS2_PLACEMENT_3D ( 'NONE', #3254, #1107, #25 ) ;
#2076 = FACE_BOUND ( 'NONE', #3560, .T. ) ;
#2077 = CONICAL_SURFACE ( 'NONE', #425, 4.137499999999999289, 0.01580146602146591250 ) ;
#2078 = DIRECTION ( 'NONE',  ( 0.000000000000000000, 0.7071067811865479058, 0.7071067811865470176 ) ) ;
#2079 = CARTESIAN_POINT ( 'NONE',  ( 15.87999999999999901, -0.5000000000000068834, 3.008737276666075822 ) ) ;
#2080 = ADVANCED_FACE ( 'NONE', ( #3540 ), #2543, .F. ) ;
#2081 = VECTOR ( 'NONE', #3112, 1000.000000000000000 ) ;
#2082 = ADVANCED_FACE ( 'NONE', ( #516 ), #3299, .F. ) ;
#2083 = CARTESIAN_POINT ( 'NONE',  ( 3.499999999999825473, -0.9987898295349922906, -0.1499999999999856726 ) ) ;
#2084 = DIRECTION ( 'NONE',  ( 0.000000000000000000, -0.7071067811865475727, 0.7071067811865475727 ) ) ;
#2085 = ORIENTED_EDGE ( 'NONE', *, *, #384, .T. ) ;
#2086 = CIRCLE ( 'NONE', #3313, 3.050000000000000266 ) ;
#2087 = FACE_OUTER_BOUND ( 'NONE', #1478, .T. ) ;
#2088 = ORIENTED_EDGE ( 'NONE', *, *, #1270, .T. ) ;
#2089 = CIRCLE ( 'NONE', #3437, 2.799999927309561265 ) ;
#2090 = CARTESIAN_POINT ( 'NONE',  ( 5.365075417662223067, -4.550000000000000711, 1.246226642740157819 ) ) ;
#2091 = ORIENTED_EDGE ( 'NONE', *, *, #3396, .F. ) ;
#2092 = AXIS2_PLACEMENT_3D ( 'NONE', #2021, #2901, #3175 ) ;
#2093 = ADVANCED_FACE ( 'NONE', ( #2177 ), #1465, .F. ) ;
#2094 = ORIENTED_EDGE ( 'NONE', *, *, #66, .T. ) ;
#2095 = CARTESIAN_POINT ( 'NONE',  ( 5.031792032064470455, -5.467035799160983700, 0.6083859796176097623 ) ) ;
#2096 = CARTESIAN_POINT ( 'NONE',  ( 0.000000000000000000, -3.050000000000000266, -6.398843176473513168E-15 ) ) ;
#2097 = ADVANCED_FACE ( 'NONE', ( #1197 ), #2077, .F. ) ;
#2098 = CARTESIAN_POINT ( 'NONE',  ( 20.93384361949398809, -2.658072914259397290, 4.001575798513398396 ) ) ;
#2099 = CARTESIAN_POINT ( 'NONE',  ( 3.586600644019000139, 0.000000000000000000, 0.000000000000000000 ) ) ;
#2100 = LINE ( 'NONE', #1785, #3249 ) ;
#2101 = DIRECTION ( 'NONE',  ( 0.000000000000000000, 1.000000000000000000, 0.000000000000000000 ) ) ;
#2102 = EDGE_LOOP ( 'NONE', ( #2229, #3123, #408, #2766, #828 ) ) ;
#2103 = CARTESIAN_POINT ( 'NONE',  ( 8.909039409360001827, 0.000000000000000000, 0.000000000000000000 ) ) ;
#2104 = VERTEX_POINT ( 'NONE', #868 ) ;
#2105 = CARTESIAN_POINT ( 'NONE',  ( 9.299999999999998934, 2.146477420736938591, 2.803373274061217835 ) ) ;
#2106 = VERTEX_POINT ( 'NONE', #1696 ) ;
#2107 = EDGE_CURVE ( 'NONE', #130, #995, #309, .T. ) ;
#2108 = ADVANCED_FACE ( 'NONE', ( #884 ), #1987, .F. ) ;
#2109 = ORIENTED_EDGE ( 'NONE', *, *, #885, .T. ) ;
#2110 = PLANE ( 'NONE',  #3444 ) ;
#2111 = CARTESIAN_POINT ( 'NONE',  ( 4.240000000000000213, 6.049999999999999822, 0.000000000000000000 ) ) ;
#2112 = CARTESIAN_POINT ( 'NONE',  ( 21.00000000000000000, 0.000000000000000000, 0.000000000000000000 ) ) ;
#2113 = FACE_OUTER_BOUND ( 'NONE', #1964, .T. ) ;
#2114 = CARTESIAN_POINT ( 'NONE',  ( 20.76784595261290534, 3.881768097328338385, 2.538265213074338167 ) ) ;
#2115 = CARTESIAN_POINT ( 'NONE',  ( 3.658339473407568487, 4.549999999999998934, 1.041880016835676770 ) ) ;
#2116 = VERTEX_POINT ( 'NONE', #44 ) ;
#2117 = FACE_OUTER_BOUND ( 'NONE', #2290, .T. ) ;
#2118 = VERTEX_POINT ( 'NONE', #1171 ) ;
#2119 = CARTESIAN_POINT ( 'NONE',  ( 9.299999999999998934, -1.768557843032381838, 3.055891062734748420 ) ) ;
#2120 = ORIENTED_EDGE ( 'NONE', *, *, #3281, .T. ) ;
#2121 = ADVANCED_FACE ( 'NONE', ( #3357 ), #201, .F. ) ;
#2122 = ORIENTED_EDGE ( 'NONE', *, *, #944, .T. ) ;
#2123 = CARTESIAN_POINT ( 'NONE',  ( 22.15500000000000114, 0.000000000000000000, 0.000000000000000000 ) ) ;
#2124 = DIRECTION ( 'NONE',  ( 0.000000000000000000, 0.7071067811865479058, -0.7071067811865470176 ) ) ;
#2125 = DIRECTION ( 'NONE',  ( 0.000000000000000000, -0.7071067811865001662, -0.7071067811865949793 ) ) ;
#2126 = VECTOR ( 'NONE', #874, 1000.000000000000114 ) ;
#2127 = LINE ( 'NONE', #3016, #3424 ) ;
#2128 = EDGE_CURVE ( 'NONE', #3397, #767, #2841, .T. ) ;
#2129 = AXIS2_PLACEMENT_3D ( 'NONE', #243, #3273, #260 ) ;
#2130 = CARTESIAN_POINT ( 'NONE',  ( 4.500619497531595847, -5.415138250939977915, -0.9637376890317838063 ) ) ;
#2131 = CARTESIAN_POINT ( 'NONE',  ( 9.299999999999998934, -3.055963939649175121, -1.768381824367389221 ) ) ;
#2132 = CARTESIAN_POINT ( 'NONE',  ( 3.625756664707132426, -0.1500000000000513978, -0.7780474843608579105 ) ) ;
#2133 = AXIS2_PLACEMENT_3D ( 'NONE', #2530, #1953, #3382 ) ;
#2134 = EDGE_LOOP ( 'NONE', ( #2611, #1792, #2952, #1187, #1496 ) ) ;
#2135 = ADVANCED_FACE ( 'NONE', ( #1447 ), #361, .T. ) ;
#2136 = CARTESIAN_POINT ( 'NONE',  ( 7.799999999999999822, -0.1499999999999981626, -0.6939740629158993590 ) ) ;
#2137 = DIRECTION ( 'NONE',  ( 1.000000000000000000, 0.000000000000000000, 0.000000000000000000 ) ) ;
#2138 = AXIS2_PLACEMENT_3D ( 'NONE', #1455, #372, #3132 ) ;
#2139 = ORIENTED_EDGE ( 'NONE', *, *, #146, .F. ) ;
#2140 = AXIS2_PLACEMENT_3D ( 'NONE', #1827, #1030, #2632 ) ;
#2141 = VERTEX_POINT ( 'NONE', #3341 ) ;
#2142 = DIRECTION ( 'NONE',  ( -1.000000000000000000, 0.000000000000000000, 0.000000000000000000 ) ) ;
#2143 = AXIS2_PLACEMENT_3D ( 'NONE', #2906, #673, #1770 ) ;
#2144 = FACE_OUTER_BOUND ( 'NONE', #2760, .T. ) ;
#2145 = DIRECTION ( 'NONE',  ( 1.000000000000000000, 0.000000000000000000, 0.000000000000000000 ) ) ;
#2146 = AXIS2_PLACEMENT_3D ( 'NONE', #3575, #3231, #1100 ) ;
#2147 = CARTESIAN_POINT ( 'NONE',  ( 16.64000000000000057, 4.502384549069023301, -3.158881664815021306 ) ) ;
#2148 = EDGE_CURVE ( 'NONE', #344, #1551, #2304, .T. ) ;
#2149 = OPEN_SHELL ( 'NONE', ( #290, #851, #3408, #2871, #2093, #9, #1973, #1070, #244, #801, #927, #3457 ) ) ;
#2150 = DIRECTION ( 'NONE',  ( -1.000000000000000000, 0.000000000000000000, 0.000000000000000000 ) ) ;
#2151 = ORIENTED_EDGE ( 'NONE', *, *, #3362, .T. ) ;
#2152 = B_SPLINE_CURVE_WITH_KNOTS ( 'NONE', 3,
 ( #1684, #3129, #2798, #651 ),
 .UNSPECIFIED., .F., .F.,
 ( 4, 4 ),
 ( 0.0009546358437722574780, 0.001903856881208034271 ),
 .UNSPECIFIED. ) ;
#2153 = CARTESIAN_POINT ( 'NONE',  ( 3.299999999999999822, 0.000000000000000000, 0.000000000000000000 ) ) ;
#2154 = DIRECTION ( 'NONE',  ( 0.000000000000000000, 0.000000000000000000, -1.000000000000000000 ) ) ;
#2155 = ORIENTED_EDGE ( 'NONE', *, *, #1369, .F. ) ;
#2156 = DIRECTION ( 'NONE',  ( -1.000000000000000000, 0.000000000000000000, 0.000000000000000000 ) ) ;
#2157 = CARTESIAN_POINT ( 'NONE',  ( 21.10000000000002274, -4.121273148103049344, -2.777770263849049126 ) ) ;
#2158 = ORIENTED_EDGE ( 'NONE', *, *, #446, .T. ) ;
#2159 = VERTEX_POINT ( 'NONE', #3109 ) ;
#2160 = ORIENTED_EDGE ( 'NONE', *, *, #690, .F. ) ;
#2161 = CARTESIAN_POINT ( 'NONE',  ( 20.89999153097999951, 0.000000000000000000, 0.000000000000000000 ) ) ;
#2162 = CARTESIAN_POINT ( 'NONE',  ( 3.500000000000000000, -1.039230484540999866, -0.1499999999999999944 ) ) ;
#2163 = CARTESIAN_POINT ( 'NONE',  ( 22.15500000000000114, 4.799999999999999822, 0.000000000000000000 ) ) ;
#2164 = DIRECTION ( 'NONE',  ( -0.000000000000000000, -1.000000000000000000, -0.000000000000000000 ) ) ;
#2165 = PLANE ( 'NONE',  #2030 ) ;
#2166 = EDGE_CURVE ( 'NONE', #2865, #324, #2484, .T. ) ;
#2167 = CARTESIAN_POINT ( 'NONE',  ( 3.673201288038619783, 0.6939740629157918894, 0.1499999999999768185 ) ) ;
#2168 = CARTESIAN_POINT ( 'NONE',  ( 1.784813566981546140, -4.550000000000000711, -0.5460835779483707020 ) ) ;
#2169 = VERTEX_POINT ( 'NONE', #923 ) ;
#2170 = B_SPLINE_CURVE_WITH_KNOTS ( 'NONE', 3,
 ( #2990, #806, #525, #2445 ),
 .UNSPECIFIED., .F., .F.,
 ( 4, 4 ),
 ( 2.759253418449457598E-16, 0.0009546358437722574780 ),
 .UNSPECIFIED. ) ;
#2171 = CARTESIAN_POINT ( 'NONE',  ( 5.203967414999389973, 5.495155145829766496, -0.2601180676455813190 ) ) ;
#2172 = CARTESIAN_POINT ( 'NONE',  ( 5.230000000000000426, 5.500000000000000000, -3.053452685874064349E-16 ) ) ;
#2173 = ORIENTED_EDGE ( 'NONE', *, *, #2701, .T. ) ;
#2174 = CARTESIAN_POINT ( 'NONE',  ( 16.63999999999999702, 0.000000000000000000, 0.000000000000000000 ) ) ;
#2175 = VERTEX_POINT ( 'NONE', #2529 ) ;
#2176 = VERTEX_POINT ( 'NONE', #2254 ) ;
#2177 = FACE_OUTER_BOUND ( 'NONE', #2845, .T. ) ;
#2178 = DIRECTION ( 'NONE',  ( 1.000000000000000000, 0.000000000000000000, 0.000000000000000000 ) ) ;
#2179 = EDGE_CURVE ( 'NONE', #10, #3432, #1431, .T. ) ;
#2180 = CARTESIAN_POINT ( 'NONE',  ( 15.50000024500355700, -2.799999927309566150, 2.087091075884903352E-10 ) ) ;
#2181 = DIRECTION ( 'NONE',  ( 1.000000000000000000, -0.000000000000000000, -0.000000000000000000 ) ) ;
#2182 = CYLINDRICAL_SURFACE ( 'NONE', #491, 0.4699999999999999734 ) ;
#2183 = VECTOR ( 'NONE', #3349, 1000.000000000000000 ) ;
#2184 = DIRECTION ( 'NONE',  ( -1.000000000000000000, 0.000000000000000000, 0.000000000000000000 ) ) ;
#2185 = LINE ( 'NONE', #3046, #732 ) ;
#2186 = EDGE_CURVE ( 'NONE', #3535, #717, #3378, .T. ) ;
#2187 = EDGE_LOOP ( 'NONE', ( #289, #2331 ) ) ;
#2188 = VECTOR ( 'NONE', #2061, 1000.000000000000000 ) ;
#2189 = DIRECTION ( 'NONE',  ( -0.000000000000000000, -0.000000000000000000, 1.000000000000000000 ) ) ;
#2190 = DIRECTION ( 'NONE',  ( -0.000000000000000000, 0.7071067811865475727, 0.7071067811865475727 ) ) ;
#2191 = ORIENTED_EDGE ( 'NONE', *, *, #1213, .F. ) ;
#2192 = VECTOR ( 'NONE', #3091, 1000.000000000000000 ) ;
#2193 = PLANE ( 'NONE',  #786 ) ;
#2194 = EDGE_CURVE ( 'NONE', #3406, #2176, #2692, .T. ) ;
#2195 = ORIENTED_EDGE ( 'NONE', *, *, #846, .T. ) ;
#2196 = AXIS2_PLACEMENT_3D ( 'NONE', #3421, #917, #1946 ) ;
#2197 = ORIENTED_EDGE ( 'NONE', *, *, #2284, .T. ) ;
#2198 = AXIS2_PLACEMENT_3D ( 'NONE', #1882, #2995, #3218 ) ;
#2199 = DIRECTION ( 'NONE',  ( -1.000000000000000000, 0.000000000000000000, 0.000000000000000000 ) ) ;
#2200 = ADVANCED_FACE ( 'NONE', ( #2971 ), #863, .F. ) ;
#2201 = CARTESIAN_POINT ( 'NONE',  ( 2.603693182805001172, 0.000000000000000000, 0.000000000000000000 ) ) ;
#2202 = CIRCLE ( 'NONE', #98, 3.050000000000000266 ) ;
#2203 = DIRECTION ( 'NONE',  ( 1.000000000000000000, 0.000000000000000000, 0.000000000000000000 ) ) ;
#2204 = CARTESIAN_POINT ( 'NONE',  ( 4.240000000000000213, 4.549999999999999822, 0.000000000000000000 ) ) ;
#2205 = AXIS2_PLACEMENT_3D ( 'NONE', #2415, #834, #815 ) ;
#2206 = DIRECTION ( 'NONE',  ( 0.000000000000000000, 0.000000000000000000, 1.000000000000000000 ) ) ;
#2207 = VERTEX_POINT ( 'NONE', #824 ) ;
#2208 = PLANE ( 'NONE',  #327 ) ;
#2209 = DIRECTION ( 'NONE',  ( 0.000000000000000000, 0.7071067811865475727, -0.7071067811865475727 ) ) ;
#2210 = ORIENTED_EDGE ( 'NONE', *, *, #2179, .F. ) ;
#2211 = AXIS2_PLACEMENT_3D ( 'NONE', #2227, #892, #873 ) ;
#2212 = CARTESIAN_POINT ( 'NONE',  ( 6.740000000000000213, 4.799999999999999822, 5.878304635907299142E-16 ) ) ;
#2213 = CARTESIAN_POINT ( 'NONE',  ( 21.10000000000002274, -4.121273148103049344, -2.777770263849049126 ) ) ;
#2214 = VERTEX_POINT ( 'NONE', #2408 ) ;
#2215 = AXIS2_PLACEMENT_3D ( 'NONE', #565, #2209, #783 ) ;
#2216 = B_SPLINE_CURVE_WITH_KNOTS ( 'NONE', 3,
 ( #2342, #734, #164, #994, #1810, #1268, #2119, #2933, #2356, #3211, #3226, #1318, #2105, #697, #750, #1790, #1579, #3482 ),
 .UNSPECIFIED., .F., .F.,
 ( 4, 2, 2, 2, 2, 2, 2, 2, 4 ),
 ( 0.000000000000000000, 0.1250000000000000000, 0.2500000000000000000, 0.3750000000000000000, 0.5000000000000000000, 0.6250000000000000000, 0.7500000000000000000, 0.8750000000000000000, 1.000000000000000000 ),
 .UNSPECIFIED. ) ;
#2217 = DIRECTION ( 'NONE',  ( 1.000000000000000000, 0.000000000000000000, 0.000000000000000000 ) ) ;
#2218 = EDGE_LOOP ( 'NONE', ( #2688, #3539, #1830, #2409 ) ) ;
#2219 = EDGE_CURVE ( 'NONE', #3280, #2247, #1625, .T. ) ;
#2220 = EDGE_LOOP ( 'NONE', ( #1098, #2507, #3155, #3532 ) ) ;
#2221 = EDGE_CURVE ( 'NONE', #2633, #3340, #549, .T. ) ;
#2222 = DIRECTION ( 'NONE',  ( 0.000000000000000000, 0.000000000000000000, 1.000000000000000000 ) ) ;
#2223 = CARTESIAN_POINT ( 'NONE',  ( 8.500000000000000000, 0.000000000000000000, 0.000000000000000000 ) ) ;
#2224 = DIRECTION ( 'NONE',  ( 1.000000000000000000, -0.000000000000000000, -0.000000000000000000 ) ) ;
#2225 = DIRECTION ( 'NONE',  ( 0.000000000000000000, 0.000000000000000000, -1.000000000000000000 ) ) ;
#2226 =( NAMED_UNIT ( * ) PLANE_ANGLE_UNIT ( ) SI_UNIT ( $, .RADIAN. ) );
#2227 = CARTESIAN_POINT ( 'NONE',  ( 8.500000000000000000, 0.000000000000000000, 0.000000000000000000 ) ) ;
#2228 = CARTESIAN_POINT ( 'NONE',  ( 2.261995955514859880, 4.549999999999999822, 1.528888485142015030 ) ) ;
#2229 = ORIENTED_EDGE ( 'NONE', *, *, #2701, .F. ) ;
#2230 = CARTESIAN_POINT ( 'NONE',  ( 7.799999999999999822, 0.000000000000000000, 0.000000000000000000 ) ) ;
#2231 = CARTESIAN_POINT ( 'NONE',  ( 22.15500000000000114, 3.158881664815016421, -4.502384549069026853 ) ) ;
#2232 = ORIENTED_EDGE ( 'NONE', *, *, #1480, .T. ) ;
#2233 = DIRECTION ( 'NONE',  ( 1.000000000000000000, 0.000000000000000000, 0.000000000000000000 ) ) ;
#2234 = EDGE_LOOP ( 'NONE', ( #1690, #808, #1713, #1283, #3570 ) ) ;
#2235 = ORIENTED_EDGE ( 'NONE', *, *, #1685, .T. ) ;
#2236 = DIRECTION ( 'NONE',  ( -1.000000000000000000, 0.000000000000000000, 0.000000000000000000 ) ) ;
#2237 = EDGE_CURVE ( 'NONE', #752, #3266, #2025, .T. ) ;
#2238 = ADVANCED_FACE ( 'NONE', ( #1615 ), #15, .F. ) ;
#2239 = DIRECTION ( 'NONE',  ( 0.000000000000000000, -0.7071067811865475727, 0.7071067811865475727 ) ) ;
#2240 = DIRECTION ( 'NONE',  ( 0.000000000000000000, 0.000000000000000000, -1.000000000000000000 ) ) ;
#2241 = CARTESIAN_POINT ( 'NONE',  ( 3.000000000000000000, 0.000000000000000000, 0.000000000000000000 ) ) ;
#2242 = CARTESIAN_POINT ( 'NONE',  ( 15.87999999999999901, 0.000000000000000000, -0.5000000000000000000 ) ) ;
#2243 = DIRECTION ( 'NONE',  ( 0.000000000000000000, 0.000000000000000000, 1.000000000000000000 ) ) ;
#2244 = EDGE_CURVE ( 'NONE', #1297, #10, #204, .T. ) ;
#2245 = DIRECTION ( 'NONE',  ( 1.000000000000000000, -0.000000000000000000, -0.000000000000000000 ) ) ;
#2246 = DIRECTION ( 'NONE',  ( 1.000000000000000000, 0.000000000000000000, 0.000000000000000000 ) ) ;
#2247 = VERTEX_POINT ( 'NONE', #250 ) ;
#2248 = CARTESIAN_POINT ( 'NONE',  ( 1.785601857394218728, -4.775753386211065710, -0.5514310264010831020 ) ) ;
#2249 = VECTOR ( 'NONE', #1176, 1000.000000000000000 ) ;
#2250 = VERTEX_POINT ( 'NONE', #2762 ) ;
#2251 = EDGE_CURVE ( 'NONE', #2159, #2900, #3100, .T. ) ;
#2252 = AXIS2_PLACEMENT_3D ( 'NONE', #2315, #968, #1782 ) ;
#2253 = ORIENTED_EDGE ( 'NONE', *, *, #2463, .F. ) ;
#2254 = CARTESIAN_POINT ( 'NONE',  ( 2.261995955514907397, 4.549999999999999822, -1.528888485142074982 ) ) ;
#2255 = CONICAL_SURFACE ( 'NONE', #257, 0.3699960379921000131, 0.7853813648086748200 ) ;
#2256 = EDGE_CURVE ( 'NONE', #3374, #2270, #3310, .T. ) ;
#2257 = AXIS2_PLACEMENT_3D ( 'NONE', #1938, #134, #1000 ) ;
#2258 = CARTESIAN_POINT ( 'NONE',  ( 15.39999999956000032, 0.000000000000000000, 0.000000000000000000 ) ) ;
#2259 = B_SPLINE_CURVE_WITH_KNOTS ( 'NONE', 3,
 ( #2451, #504, #1619, #239, #2749, #1051, #1864, #225, #1881, #2994 ),
 .UNSPECIFIED., .F., .F.,
 ( 4, 2, 2, 2, 4 ),
 ( 0.000000000000000000, 0.2500000000000000000, 0.5000000000000000000, 0.7500000000000000000, 1.000000000000000000 ),
 .UNSPECIFIED. ) ;
#2260 = DIRECTION ( 'NONE',  ( -1.000000000000000000, 0.000000000000000000, 0.000000000000000000 ) ) ;
#2261 = AXIS2_PLACEMENT_3D ( 'NONE', #1857, #3504, #1562 ) ;
#2262 = CARTESIAN_POINT ( 'NONE',  ( 3.299999999999999822, -2.350000000000000089, 2.877919977996279827E-16 ) ) ;
#2263 = DIRECTION ( 'NONE',  ( -1.000000000000000000, 0.000000000000000000, 0.000000000000000000 ) ) ;
#2264 = VECTOR ( 'NONE', #2345, 1000.000000000000000 ) ;
#2265 = AXIS2_PLACEMENT_3D ( 'NONE', #321, #3081, #2505 ) ;
#2266 = CARTESIAN_POINT ( 'NONE',  ( 2.261995955514859880, 4.549999999999999822, 1.528888485142015030 ) ) ;
#2267 = AXIS2_PLACEMENT_3D ( 'NONE', #3154, #626, #1210 ) ;
#2268 = CARTESIAN_POINT ( 'NONE',  ( 15.50000024500356233, 0.000000000000000000, 0.000000000000000000 ) ) ;
#2269 = CARTESIAN_POINT ( 'NONE',  ( 3.500000000000000000, -1.006795714243304385, 0.3747146803518498492 ) ) ;
#2270 = VERTEX_POINT ( 'NONE', #2213 ) ;
#2271 = CARTESIAN_POINT ( 'NONE',  ( 1.739999999999999991, -4.799999999999999822, -5.878304635907290267E-16 ) ) ;
#2272 = ORIENTED_EDGE ( 'NONE', *, *, #2219, .F. ) ;
#2273 = DIRECTION ( 'NONE',  ( 0.000000000000000000, 0.000000000000000000, -1.000000000000000000 ) ) ;
#2274 = CIRCLE ( 'NONE', #1261, 2.350000000000000089 ) ;
#2275 = VERTEX_POINT ( 'NONE', #1876 ) ;
#2276 = CARTESIAN_POINT ( 'NONE',  ( 3.673201288038619783, 0.1499999999999766520, 0.6939740629157918894 ) ) ;
#2277 = EDGE_LOOP ( 'NONE', ( #2879, #2160, #1673, #2473 ) ) ;
#2278 = CARTESIAN_POINT ( 'NONE',  ( 21.00000000000000000, 0.000000000000000000, 0.000000000000000000 ) ) ;
#2279 = CARTESIAN_POINT ( 'NONE',  ( 6.218004044485093473, 4.550000000000012257, 1.528888485142069653 ) ) ;
#2280 = FACE_OUTER_BOUND ( 'NONE', #924, .T. ) ;
#2281 = DIRECTION ( 'NONE',  ( 1.000000000000000000, 0.000000000000000000, 0.000000000000000000 ) ) ;
#2282 = CARTESIAN_POINT ( 'NONE',  ( 20.60206887245767149, 3.761808075912862037, -2.418305191658412845 ) ) ;
#2283 = CARTESIAN_POINT ( 'NONE',  ( 22.15500000000000114, 0.4999999999999765743, 5.477225575051662965 ) ) ;
#2284 = EDGE_CURVE ( 'NONE', #2372, #1861, #2170, .T. ) ;
#2285 = EDGE_CURVE ( 'NONE', #3159, #2609, #3335, .T. ) ;
#2286 = LINE ( 'NONE', #1960, #2912 ) ;
#2287 = LINE ( 'NONE', #3405, #601 ) ;
#2288 = ORIENTED_EDGE ( 'NONE', *, *, #2186, .T. ) ;
#2289 = CARTESIAN_POINT ( 'NONE',  ( 4.455000000000000071, 4.137499999999999289, 0.000000000000000000 ) ) ;
#2290 = EDGE_LOOP ( 'NONE', ( #1582, #463 ) ) ;
#2291 = DIRECTION ( 'NONE',  ( 1.000000000000000000, 0.000000000000000000, 0.000000000000000000 ) ) ;
#2292 = ORIENTED_EDGE ( 'NONE', *, *, #882, .F. ) ;
#2293 = ORIENTED_EDGE ( 'NONE', *, *, #2856, .F. ) ;
#2294 = CARTESIAN_POINT ( 'NONE',  ( 14.30000000000000071, 0.4699999999999999734, 0.000000000000000000 ) ) ;
#2295 = CARTESIAN_POINT ( 'NONE',  ( 16.63999999999999702, 1.020831856546000102E-14, 0.000000000000000000 ) ) ;
#2296 = EDGE_CURVE ( 'NONE', #3389, #735, #1428, .T. ) ;
#2297 = CARTESIAN_POINT ( 'NONE',  ( 2.261995955514907397, -4.549999999999999822, 1.528888485142074982 ) ) ;
#2298 = FACE_OUTER_BOUND ( 'NONE', #763, .T. ) ;
#2299 = CARTESIAN_POINT ( 'NONE',  ( 12.69999999999999929, 5.500000000000000000, 0.000000000000000000 ) ) ;
#2300 = CARTESIAN_POINT ( 'NONE',  ( 6.740000000000001101, -4.800000000000000711, -0.1392337497817022207 ) ) ;
#2301 = CARTESIAN_POINT ( 'NONE',  ( 16.63999999999999702, -0.5000000000000000000, 0.000000000000000000 ) ) ;
#2302 = VERTEX_POINT ( 'NONE', #896 ) ;
#2303 = CARTESIAN_POINT ( 'NONE',  ( 15.29999992042547419, -3.000000264195409549, 3.469438525075866845E-09 ) ) ;
#2304 = B_SPLINE_CURVE_WITH_KNOTS ( 'NONE', 3,
 ( #76, #1951, #2545, #2276 ),
 .UNSPECIFIED., .F., .F.,
 ( 4, 4 ),
 ( 0.000000000000000000, 1.000000000000000000 ),
 .UNSPECIFIED. ) ;
#2305 = ORIENTED_EDGE ( 'NONE', *, *, #343, .T. ) ;
#2306 = DIRECTION ( 'NONE',  ( 0.000000000000000000, -1.000000000000000000, 0.000000000000000000 ) ) ;
#2307 = VERTEX_POINT ( 'NONE', #1185 ) ;
#2308 = AXIS2_PLACEMENT_3D ( 'NONE', #265, #3569, #1383 ) ;
#2309 = EDGE_CURVE ( 'NONE', #2175, #1389, #3181, .T. ) ;
#2310 = AXIS2_PLACEMENT_3D ( 'NONE', #3494, #1821, #1022 ) ;
#2311 = ORIENTED_EDGE ( 'NONE', *, *, #2449, .F. ) ;
#2312 = CARTESIAN_POINT ( 'NONE',  ( 3.250000000000000000, -5.500000000000000000, 1.526726342937032421E-16 ) ) ;
#2313 = EDGE_CURVE ( 'NONE', #1230, #1912, #1179, .T. ) ;
#2314 = AXIS2_PLACEMENT_3D ( 'NONE', #3395, #3071, #331 ) ;
#2315 = CARTESIAN_POINT ( 'NONE',  ( 21.10000000000000142, -6.979143930311000332, 0.7990306627408000351 ) ) ;
#2316 = DIRECTION ( 'NONE',  ( -1.000000000000000000, 0.000000000000000000, 0.000000000000000000 ) ) ;
#2317 = VECTOR ( 'NONE', #2518, 1000.000000000000000 ) ;
#2318 = PLANE ( 'NONE',  #3320 ) ;
#2319 = DIRECTION ( 'NONE',  ( -1.000000000000000000, -0.000000000000000000, -0.000000000000000000 ) ) ;
#2320 = CIRCLE ( 'NONE', #3027, 4.799999999999999822 ) ;
#2321 = CARTESIAN_POINT ( 'NONE',  ( 6.218004044485093473, 4.550000000000012257, 1.528888485142069653 ) ) ;
#2322 = VERTEX_POINT ( 'NONE', #1980 ) ;
#2323 = CARTESIAN_POINT ( 'NONE',  ( 2.178173581199636555, -4.586439779211946011, -1.420443037991645729 ) ) ;
#2324 = ORIENTED_EDGE ( 'NONE', *, *, #3316, .F. ) ;
#2325 = VECTOR ( 'NONE', #1515, 1000.000000000000000 ) ;
#2326 = CARTESIAN_POINT ( 'NONE',  ( 4.455000000000000071, 0.000000000000000000, 0.000000000000000000 ) ) ;
#2327 = EDGE_LOOP ( 'NONE', ( #2069, #1115, #1499, #234 ) ) ;
#2328 = EDGE_CURVE ( 'NONE', #1633, #605, #2716, .T. ) ;
#2329 = VECTOR ( 'NONE', #1163, 1000.000000000000114 ) ;
#2330 = ADVANCED_FACE ( 'NONE', ( #110 ), #88, .F. ) ;
#2331 = ORIENTED_EDGE ( 'NONE', *, *, #2328, .F. ) ;
#2332 = CARTESIAN_POINT ( 'NONE',  ( 4.109818780072129307, -5.410185072370023995, 0.9898977186817955465 ) ) ;
#2333 = DIRECTION ( 'NONE',  ( -1.000000000000000000, 0.000000000000000000, 0.000000000000000000 ) ) ;
#2334 = DIRECTION ( 'NONE',  ( -1.000000000000000000, 0.000000000000000000, 0.000000000000000000 ) ) ;
#2335 = CARTESIAN_POINT ( 'NONE',  ( 3.673201288038619783, 0.6939740629157918894, 0.1499999999999768185 ) ) ;
#2336 = LINE ( 'NONE', #3180, #2955 ) ;
#2337 = DIRECTION ( 'NONE',  ( 1.000000000000000000, 0.000000000000000000, 0.000000000000000000 ) ) ;
#2338 = FACE_OUTER_BOUND ( 'NONE', #2134, .T. ) ;
#2339 = EDGE_LOOP ( 'NONE', ( #2422, #1384, #426, #1012 ) ) ;
#2340 = DIRECTION ( 'NONE',  ( 0.000000000000000000, 0.000000000000000000, 1.000000000000000000 ) ) ;
#2341 = ORIENTED_EDGE ( 'NONE', *, *, #1533, .F. ) ;
#2342 = CARTESIAN_POINT ( 'NONE',  ( 9.299999999999998934, -3.500000000000000000, 0.000000000000000000 ) ) ;
#2343 = ORIENTED_EDGE ( 'NONE', *, *, #1480, .F. ) ;
#2344 = VERTEX_POINT ( 'NONE', #1689 ) ;
#2345 = DIRECTION ( 'NONE',  ( 0.000000000000000000, -0.7071067811865473507, 0.7071067811865477948 ) ) ;
#2346 = DIRECTION ( 'NONE',  ( 0.000000000000000000, 0.000000000000000000, 1.000000000000000000 ) ) ;
#2347 = ADVANCED_FACE ( 'NONE', ( #1493 ), #3255, .T. ) ;
#2348 = CARTESIAN_POINT ( 'NONE',  ( 2.094458896250135371, -4.622832743039415604, 1.312136914278759336 ) ) ;
#2349 = CARTESIAN_POINT ( 'NONE',  ( -0.4650000000000000244, 0.000000000000000000, 0.000000000000000000 ) ) ;
#2350 = DIRECTION ( 'NONE',  ( 1.000000000000000000, 0.000000000000000000, 0.000000000000000000 ) ) ;
#2351 = DIRECTION ( 'NONE',  ( -1.000000000000000000, 0.000000000000000000, 0.000000000000000000 ) ) ;
#2352 = VERTEX_POINT ( 'NONE', #878 ) ;
#2353 = PLANE ( 'NONE',  #389 ) ;
#2354 = EDGE_CURVE ( 'NONE', #2247, #3280, #3369, .T. ) ;
#2355 = ORIENTED_EDGE ( 'NONE', *, *, #3162, .F. ) ;
#2356 = CARTESIAN_POINT ( 'NONE',  ( 9.299999999999998934, -0.4644955124186320172, 3.500072992152519991 ) ) ;
#2357 = VERTEX_POINT ( 'NONE', #655 ) ;
#2358 = EDGE_CURVE ( 'NONE', #2565, #2577, #1124, .T. ) ;
#2359 = EDGE_LOOP ( 'NONE', ( #2894, #2524, #1726, #730 ) ) ;
#2360 = CIRCLE ( 'NONE', #648, 3.924999999999999822 ) ;
#2361 = ORIENTED_EDGE ( 'NONE', *, *, #7, .T. ) ;
#2362 = DIRECTION ( 'NONE',  ( 0.000000000000000000, 0.000000000000000000, 1.000000000000000000 ) ) ;
#2363 = CARTESIAN_POINT ( 'NONE',  ( 20.79999375307514953, -0.4699968187035530320, -1.462763047290477842E-09 ) ) ;
#2364 = B_SPLINE_CURVE_WITH_KNOTS ( 'NONE', 3,
 ( #2732, #3039, #1340, #2400 ),
 .UNSPECIFIED., .F., .F.,
 ( 4, 4 ),
 ( 0.000000000000000000, 1.000000000000000000 ),
 .UNSPECIFIED. ) ;
#2365 = AXIS2_PLACEMENT_3D ( 'NONE', #1327, #2181, #1341 ) ;
#2366 = CARTESIAN_POINT ( 'NONE',  ( 1.739939211635010308, 4.550000000000000711, -0.2763107456024561648 ) ) ;
#2367 = CARTESIAN_POINT ( 'NONE',  ( 20.93384361949399519, -2.658072914259384856, -4.001575798513384186 ) ) ;
#2368 = DIRECTION ( 'NONE',  ( 0.000000000000000000, 0.000000000000000000, 1.000000000000000000 ) ) ;
#2369 = VECTOR ( 'NONE', #2482, 1000.000000000000000 ) ;
#2370 = EDGE_CURVE ( 'NONE', #160, #2723, #3065, .T. ) ;
#2371 = CARTESIAN_POINT ( 'NONE',  ( 20.49980342661857335, 2.867133253861010811, -3.312980013709188931 ) ) ;
#2372 = VERTEX_POINT ( 'NONE', #1208 ) ;
#2373 = CIRCLE ( 'NONE', #3377, 4.969999999999953566 ) ;
#2374 = CARTESIAN_POINT ( 'NONE',  ( 2.603693182804970085, -4.550000000000010481, -1.528888485141954412 ) ) ;
#2375 = ORIENTED_EDGE ( 'NONE', *, *, #77, .F. ) ;
#2376 = CARTESIAN_POINT ( 'NONE',  ( -0.4650000000000000244, 0.000000000000000000, 0.000000000000000000 ) ) ;
#2377 = ORIENTED_EDGE ( 'NONE', *, *, #2823, .T. ) ;
#2378 = VECTOR ( 'NONE', #2145, 1000.000000000000000 ) ;
#2379 = ORIENTED_EDGE ( 'NONE', *, *, #3373, .F. ) ;
#2380 = CIRCLE ( 'NONE', #2267, 3.924999999999999822 ) ;
#2381 = VERTEX_POINT ( 'NONE', #1223 ) ;
#2382 = CARTESIAN_POINT ( 'NONE',  ( 3.673201288038746348, 0.6939740629158983598, -0.1500000000000025480 ) ) ;
#2383 = PLANE ( 'NONE',  #1066 ) ;
#2384 = CARTESIAN_POINT ( 'NONE',  ( 21.10000000000000142, -3.158881664814999990, 4.502384549069000208 ) ) ;
#2385 = CIRCLE ( 'NONE', #1026, 4.199999999999996625 ) ;
#2386 = LINE ( 'NONE', #3512, #2728 ) ;
#2387 = CARTESIAN_POINT ( 'NONE',  ( 21.10000000000001563, 4.121273148103059114, 2.777770263849058008 ) ) ;
#2388 = CARTESIAN_POINT ( 'NONE',  ( 22.15500000000000114, 0.000000000000000000, 0.000000000000000000 ) ) ;
#2389 = ORIENTED_EDGE ( 'NONE', *, *, #1775, .F. ) ;
#2390 = CARTESIAN_POINT ( 'NONE',  ( 15.29999992042544221, 0.000000000000000000, -3.000000264195424649 ) ) ;
#2391 = EDGE_CURVE ( 'NONE', #2352, #1151, #147, .T. ) ;
#2392 = ORIENTED_EDGE ( 'NONE', *, *, #1878, .T. ) ;
#2393 = FACE_OUTER_BOUND ( 'NONE', #920, .T. ) ;
#2394 = ORIENTED_EDGE ( 'NONE', *, *, #452, .T. ) ;
#2395 = ORIENTED_EDGE ( 'NONE', *, *, #1561, .F. ) ;
#2396 = ORIENTED_EDGE ( 'NONE', *, *, #1706, .F. ) ;
#2397 = B_SPLINE_CURVE_WITH_KNOTS ( 'NONE', 3,
 ( #2228, #1993, #1771, #2855, #3078, #893, #121, #68, #369, #1504 ),
 .UNSPECIFIED., .F., .F.,
 ( 4, 2, 2, 2, 4 ),
 ( 0.000000000000000000, 0.2499999999999998890, 0.3749999999999996669, 0.4999999999999997780, 1.000000000000000000 ),
 .UNSPECIFIED. ) ;
#2398 = CARTESIAN_POINT ( 'NONE',  ( 22.15500000000000114, -5.500000000000000000, 1.153889753134567705E-14 ) ) ;
#2399 = CARTESIAN_POINT ( 'NONE',  ( 3.499999999999999556, -0.5827861210439798656, -0.9023054867498915277 ) ) ;
#2400 = CARTESIAN_POINT ( 'NONE',  ( 3.499999999999825473, -0.1499999999999843958, 0.9987898295349922906 ) ) ;
#2401 = DIRECTION ( 'NONE',  ( -1.000000000000000000, 0.000000000000000000, 0.000000000000000000 ) ) ;
#2402 = EDGE_CURVE ( 'NONE', #1367, #3106, #2526, .T. ) ;
#2403 = CARTESIAN_POINT ( 'NONE',  ( 5.230000000000000426, -4.549999999999999822, 9.778807612633170442E-16 ) ) ;
#2404 = CARTESIAN_POINT ( 'NONE',  ( 9.300000000000000711, -1.768501977257737057, -3.055756190822977114 ) ) ;
#2405 = CARTESIAN_POINT ( 'NONE',  ( 22.15500000000000114, 5.500000000000000000, 0.000000000000000000 ) ) ;
#2406 = ORIENTED_EDGE ( 'NONE', *, *, #240, .F. ) ;
#2407 = CARTESIAN_POINT ( 'NONE',  ( 3.979380502468404579, 5.415138250939978803, -0.9637376890317844724 ) ) ;
#2408 = CARTESIAN_POINT ( 'NONE',  ( 15.87999999999999901, -3.050000000000000266, -3.012662951366785325E-15 ) ) ;
#2409 = ORIENTED_EDGE ( 'NONE', *, *, #724, .T. ) ;
#2410 = ORIENTED_EDGE ( 'NONE', *, *, #466, .F. ) ;
#2411 = DIRECTION ( 'NONE',  ( 0.000000000000000000, 0.000000000000000000, 1.000000000000000000 ) ) ;
#2412 = DIRECTION ( 'NONE',  ( 0.000000000000000000, 0.000000000000000000, -1.000000000000000000 ) ) ;
#2413 = EDGE_CURVE ( 'NONE', #2250, #1482, #1439, .T. ) ;
#2414 = EDGE_CURVE ( 'NONE', #2372, #308, #71, .T. ) ;
#2415 = CARTESIAN_POINT ( 'NONE',  ( 20.79998420906478884, 0.000000000000000000, 0.000000000000000000 ) ) ;
#2416 = PLANE ( 'NONE',  #1004 ) ;
#2417 = VECTOR ( 'NONE', #705, 1000.000000000000000 ) ;
#2418 = CARTESIAN_POINT ( 'NONE',  ( 3.114234477787749533, 4.550000000000001599, 1.246596704433746483 ) ) ;
#2419 = CARTESIAN_POINT ( 'NONE',  ( 3.299999999999999822, 0.000000000000000000, 0.000000000000000000 ) ) ;
#2420 = CARTESIAN_POINT ( 'NONE',  ( 1.963377030429772407, -4.550000000000000711, -1.069459605495933552 ) ) ;
#2421 = AXIS2_PLACEMENT_3D ( 'NONE', #1832, #3470, #1017 ) ;
#2422 = ORIENTED_EDGE ( 'NONE', *, *, #2296, .F. ) ;
#2423 = DIRECTION ( 'NONE',  ( 1.000000000000000000, 0.000000000000000000, 0.000000000000000000 ) ) ;
#2424 = CARTESIAN_POINT ( 'NONE',  ( 3.500000000000000000, 1.006903222589621283, 0.3739698406799067398 ) ) ;
#2425 = CIRCLE ( 'NONE', #317, 4.499307327485361441 ) ;
#2426 = VERTEX_POINT ( 'NONE', #1742 ) ;
#2427 = ORIENTED_EDGE ( 'NONE', *, *, #1446, .F. ) ;
#2428 = CIRCLE ( 'NONE', #897, 1.064999999999999947 ) ;
#2429 = ORIENTED_EDGE ( 'NONE', *, *, #3012, .T. ) ;
#2430 = AXIS2_PLACEMENT_3D ( 'NONE', #3287, #1393, #2958 ) ;
#2431 = VECTOR ( 'NONE', #2189, 1000.000000000000000 ) ;
#2432 = CARTESIAN_POINT ( 'NONE',  ( 16.63999999999999702, 0.5000000000000000000, 0.000000000000000000 ) ) ;
#2433 = EDGE_CURVE ( 'NONE', #514, #2357, #2287, .T. ) ;
#2434 = EDGE_CURVE ( 'NONE', #1045, #698, #1525, .T. ) ;
#2435 = PRODUCT_DEFINITION_FORMATION_WITH_SPECIFIED_SOURCE ( 'ANY', '', #693, .NOT_KNOWN. ) ;
#2436 = DIRECTION ( 'NONE',  ( 0.000000000000000000, 0.000000000000000000, -1.000000000000000000 ) ) ;
#2437 = CARTESIAN_POINT ( 'NONE',  ( 8.484999999999999432, 0.000000000000000000, 0.000000000000000000 ) ) ;
#2438 = CARTESIAN_POINT ( 'NONE',  ( 3.299999999999999822, 0.000000000000000000, 0.000000000000000000 ) ) ;
#2439 = CARTESIAN_POINT ( 'NONE',  ( 4.239999999999999325, 0.000000000000000000, 0.000000000000000000 ) ) ;
#2440 = CARTESIAN_POINT ( 'NONE',  ( 4.240000000000000213, -4.549999999999999822, 0.000000000000000000 ) ) ;
#2441 = CARTESIAN_POINT ( 'NONE',  ( 3.500000000000000000, -0.1499999999999999944, 0.000000000000000000 ) ) ;
#2442 = ORIENTED_EDGE ( 'NONE', *, *, #1533, .T. ) ;
#2443 = ADVANCED_FACE ( 'NONE', ( #2338 ), #1802, .F. ) ;
#2444 = CARTESIAN_POINT ( 'NONE',  ( 4.498486504598840696, 5.415014459290326876, -0.9644451579018339382 ) ) ;
#2445 = CARTESIAN_POINT ( 'NONE',  ( 20.49999999999723599, -3.090056633784943330, 3.090056633785257301 ) ) ;
#2446 = ORIENTED_EDGE ( 'NONE', *, *, #2434, .F. ) ;
#2447 = CARTESIAN_POINT ( 'NONE',  ( 21.10000000000004405, 0.000000000000000000, 1.348273484663000001E-14 ) ) ;
#2448 = ORIENTED_EDGE ( 'NONE', *, *, #2017, .F. ) ;
#2449 = EDGE_CURVE ( 'NONE', #1803, #956, #3546, .T. ) ;
#2450 = EDGE_LOOP ( 'NONE', ( #1402, #59, #2646, #2361 ) ) ;
#2451 = CARTESIAN_POINT ( 'NONE',  ( 15.50000000000000000, 0.7099999999999999645, -8.694992273946210705E-17 ) ) ;
#2452 = DIRECTION ( 'NONE',  ( 1.000000000000000000, 0.000000000000000000, 0.000000000000000000 ) ) ;
#2453 = EDGE_CURVE ( 'NONE', #714, #1510, #2425, .T. ) ;
#2454 = CARTESIAN_POINT ( 'NONE',  ( 0.000000000000000000, -0.5000000000000136557, 3.008737276666074489 ) ) ;
#2455 = CARTESIAN_POINT ( 'NONE',  ( 20.53544452054279645, -2.640075233117782805, -3.540038034452416493 ) ) ;
#2456 = CARTESIAN_POINT ( 'NONE',  ( 2.856531576864611122, 4.549999999999999822, 1.382120977300699494 ) ) ;
#2457 = DIRECTION ( 'NONE',  ( 0.000000000000000000, 0.000000000000000000, -1.000000000000000000 ) ) ;
#2458 = CARTESIAN_POINT ( 'NONE',  ( 7.799999999999999822, 0.000000000000000000, 0.000000000000000000 ) ) ;
#2459 = ORIENTED_EDGE ( 'NONE', *, *, #2166, .F. ) ;
#2460 = FACE_OUTER_BOUND ( 'NONE', #2527, .T. ) ;
#2461 = CARTESIAN_POINT ( 'NONE',  ( 3.250000000000000000, 5.500000000000000000, -2.270087534307787793E-15 ) ) ;
#2462 = ORIENTED_EDGE ( 'NONE', *, *, #277, .T. ) ;
#2463 = EDGE_CURVE ( 'NONE', #700, #3429, #2470, .T. ) ;
#2464 = CARTESIAN_POINT ( 'NONE',  ( 3.499999999999857447, -0.1499999999999765965, -0.9987898295349363353 ) ) ;
#2465 = ORIENTED_EDGE ( 'NONE', *, *, #1305, .F. ) ;
#2466 = ORIENTED_EDGE ( 'NONE', *, *, #1322, .T. ) ;
#2467 = CARTESIAN_POINT ( 'NONE',  ( 16.64000000000000057, -5.477225575051661188, 0.4999999999999908962 ) ) ;
#2468 = CARTESIAN_POINT ( 'NONE',  ( 5.230000000000000426, 4.549999999999999822, 9.778807612633170442E-16 ) ) ;
#2469 = CARTESIAN_POINT ( 'NONE',  ( 21.10000000000000142, 3.761808075912100424, 2.418305191658099762 ) ) ;
#2470 = B_SPLINE_CURVE_WITH_KNOTS ( 'NONE', 3,
 ( #746, #710, #2911, #3203 ),
 .UNSPECIFIED., .F., .F.,
 ( 4, 4 ),
 ( 0.000000000000000000, 1.000000000000000000 ),
 .UNSPECIFIED. ) ;
#2471 = FACE_OUTER_BOUND ( 'NONE', #3241, .T. ) ;
#2472 = CARTESIAN_POINT ( 'NONE',  ( 15.39999999956000032, -1.420169017215999799E-14, 0.000000000000000000 ) ) ;
#2473 = ORIENTED_EDGE ( 'NONE', *, *, #1727, .T. ) ;
#2474 = AXIS2_PLACEMENT_3D ( 'NONE', #1164, #950, #2243 ) ;
#2475 = CARTESIAN_POINT ( 'NONE',  ( 15.87999999999999901, 5.500000000000000000, 6.735557395310439065E-16 ) ) ;
#2476 = DIRECTION ( 'NONE',  ( -1.000000000000000000, 0.000000000000000000, 0.000000000000000000 ) ) ;
#2477 = VERTEX_POINT ( 'NONE', #2643 ) ;
#2478 = EDGE_CURVE ( 'NONE', #2357, #1564, #3183, .T. ) ;
#2479 = AXIS2_PLACEMENT_3D ( 'NONE', #1571, #2350, #3475 ) ;
#2480 = EDGE_CURVE ( 'NONE', #881, #1151, #3499, .T. ) ;
#2481 = CARTESIAN_POINT ( 'NONE',  ( 4.738518470836801555, 5.431766470222100907, -0.8651295104749100462 ) ) ;
#2482 = DIRECTION ( 'NONE',  ( 0.000000000000000000, 1.000000000000000000, 0.000000000000000000 ) ) ;
#2483 = EDGE_LOOP ( 'NONE', ( #1763, #2616, #287, #1170 ) ) ;
#2484 = CIRCLE ( 'NONE', #2314, 0.9899999999999999911 ) ;
#2485 = LINE ( 'NONE', #38, #2975 ) ;
#2486 = EDGE_LOOP ( 'NONE', ( #515, #1981 ) ) ;
#2487 = AXIS2_PLACEMENT_3D ( 'NONE', #2576, #1709, #2560 ) ;
#2488 = VERTEX_POINT ( 'NONE', #65 ) ;
#2489 = AXIS2_PLACEMENT_3D ( 'NONE', #2376, #1281, #220 ) ;
#2490 = CARTESIAN_POINT ( 'NONE',  ( 1.834211694419254579, 4.751563944740039069, -0.6835399524124528003 ) ) ;
#2491 = CIRCLE ( 'NONE', #48, 0.9899999999999999911 ) ;
#2492 = CIRCLE ( 'NONE', #3380, 4.650000000000001243 ) ;
#2493 = CARTESIAN_POINT ( 'NONE',  ( 3.500000000000000000, 1.006795714243335471, -0.3747146803517875102 ) ) ;
#2494 = B_SPLINE_CURVE_WITH_KNOTS ( 'NONE', 3,
 ( #1825, #3185, #2893, #762 ),
 .UNSPECIFIED., .F., .F.,
 ( 4, 4 ),
 ( 4.463332595970803951E-17, 0.0007115937633406182019 ),
 .UNSPECIFIED. ) ;
#2495 = DIRECTION ( 'NONE',  ( 0.000000000000000000, 0.000000000000000000, 1.000000000000000000 ) ) ;
#2496 = AXIS2_PLACEMENT_3D ( 'NONE', #209, #173, #1275 ) ;
#2497 = DIRECTION ( 'NONE',  ( -1.000000000000000000, 0.000000000000000000, 0.000000000000000000 ) ) ;
#2498 = SHELL_BASED_SURFACE_MODEL ( 'NONE', ( #1862, #2968, #2149, #2862 ) );
#2499 = VERTEX_POINT ( 'NONE', #2813 ) ;
#2500 = CARTESIAN_POINT ( 'NONE',  ( 22.15500000000000114, -5.477225575051662076, 0.4999999999999817923 ) ) ;
#2501 = DIRECTION ( 'NONE',  ( 0.000000000000000000, 8.881784197001252323E-16, 1.000000000000000000 ) ) ;
#2502 = EDGE_LOOP ( 'NONE', ( #74, #1317, #569, #3087 ) ) ;
#2503 = VECTOR ( 'NONE', #972, 1000.000000000000000 ) ;
#2504 = B_SPLINE_CURVE_WITH_KNOTS ( 'NONE', 3,
 ( #2167, #818, #839, #29 ),
 .UNSPECIFIED., .F., .F.,
 ( 4, 4 ),
 ( 0.000000000000000000, 1.000000000000000000 ),
 .UNSPECIFIED. ) ;
#2505 = DIRECTION ( 'NONE',  ( 0.000000000000000000, -0.7071067811865475727, 0.7071067811865475727 ) ) ;
#2506 = DIRECTION ( 'NONE',  ( 0.000000000000000000, 0.000000000000000000, -1.000000000000000000 ) ) ;
#2507 = ORIENTED_EDGE ( 'NONE', *, *, #609, .T. ) ;
#2508 = AXIS2_PLACEMENT_3D ( 'NONE', #2630, #1025, #2610 ) ;
#2509 = EDGE_CURVE ( 'NONE', #2013, #3063, #1450, .T. ) ;
#2510 = FACE_OUTER_BOUND ( 'NONE', #2102, .T. ) ;
#2511 = EDGE_CURVE ( 'NONE', #314, #2631, #579, .T. ) ;
#2512 = ORIENTED_EDGE ( 'NONE', *, *, #1679, .T. ) ;
#2513 = ORIENTED_EDGE ( 'NONE', *, *, #1845, .T. ) ;
#2514 = DIRECTION ( 'NONE',  ( -0.7071186594828129390, 0.000000000000000000, -0.7070949026907418222 ) ) ;
#2515 = PLANE ( 'NONE',  #1645 ) ;
#2516 = EDGE_CURVE ( 'NONE', #2247, #324, #2770, .T. ) ;
#2517 = CARTESIAN_POINT ( 'NONE',  ( 15.88000000000000256, 0.000000000000000000, 0.000000000000000000 ) ) ;
#2518 = DIRECTION ( 'NONE',  ( 1.000000000000000000, 0.000000000000000000, 0.000000000000000000 ) ) ;
#2519 = DIRECTION ( 'NONE',  ( 0.000000000000000000, 0.000000000000000000, -1.000000000000000000 ) ) ;
#2520 = EDGE_CURVE ( 'NONE', #2631, #448, #350, .T. ) ;
#2521 = CARTESIAN_POINT ( 'NONE',  ( 20.86665915868439214, 0.4033272904328887853, 2.835599641388653089E-09 ) ) ;
#2522 = CARTESIAN_POINT ( 'NONE',  ( 6.694330804675167279, -4.776278182869647893, -0.4814964936583875921 ) ) ;
#2523 = CARTESIAN_POINT ( 'NONE',  ( 8.909039409360001827, -0.3621000000000000330, 7.596790538364128327E-16 ) ) ;
#2524 = ORIENTED_EDGE ( 'NONE', *, *, #2551, .T. ) ;
#2525 = CARTESIAN_POINT ( 'NONE',  ( 20.49980342661855204, 3.312980013709190263, 2.867133253861009479 ) ) ;
#2526 = B_SPLINE_CURVE_WITH_KNOTS ( 'NONE', 3,
 ( #3082, #638, #1166, #603, #2269, #2802 ),
 .UNSPECIFIED., .F., .F.,
 ( 4, 2, 4 ),
 ( 0.000000000000000000, 0.5000000000000000000, 1.000000000000000000 ),
 .UNSPECIFIED. ) ;
#2527 = EDGE_LOOP ( 'NONE', ( #3282, #2109, #1558, #1417 ) ) ;
#2528 = ORIENTED_EDGE ( 'NONE', *, *, #3101, .T. ) ;
#2529 = CARTESIAN_POINT ( 'NONE',  ( 15.50000000000000000, -0.7099999999999999645, 0.000000000000000000 ) ) ;
#2530 = CARTESIAN_POINT ( 'NONE',  ( 0.4999999999999995559, 0.000000000000000000, 0.000000000000000000 ) ) ;
#2531 = DIRECTION ( 'NONE',  ( -1.000000000000000000, 0.000000000000000000, 0.000000000000000000 ) ) ;
#2532 = DIRECTION ( 'NONE',  ( 1.000000000000000000, 0.000000000000000000, 0.000000000000000000 ) ) ;
#2533 = CARTESIAN_POINT ( 'NONE',  ( 15.87999999999999901, 0.000000000000000000, 0.000000000000000000 ) ) ;
#2534 = CARTESIAN_POINT ( 'NONE',  ( 16.64000000000000057, 0.000000000000000000, 0.000000000000000000 ) ) ;
#2535 = VECTOR ( 'NONE', #2715, 1000.000000000000000 ) ;
#2536 = DIRECTION ( 'NONE',  ( 0.000000000000000000, -0.7071067811865475727, 0.7071067811865475727 ) ) ;
#2537 = CARTESIAN_POINT ( 'NONE',  ( 15.50000000000000000, -0.7099999999999999645, 0.000000000000000000 ) ) ;
#2538 = VERTEX_POINT ( 'NONE', #837 ) ;
#2539 = CARTESIAN_POINT ( 'NONE',  ( 3.673201288039000367, 0.000000000000000000, 0.000000000000000000 ) ) ;
#2540 = AXIS2_PLACEMENT_3D ( 'NONE', #470, #190, #3199 ) ;
#2541 = ORIENTED_EDGE ( 'NONE', *, *, #996, .T. ) ;
#2542 = FACE_OUTER_BOUND ( 'NONE', #1840, .T. ) ;
#2543 = CONICAL_SURFACE ( 'NONE', #534, 4.349653663743000109, 0.5394002416196738148 ) ;
#2544 = VERTEX_POINT ( 'NONE', #103 ) ;
#2545 = CARTESIAN_POINT ( 'NONE',  ( 3.625756664707699972, 0.1499999999999260814, 0.7780474843598798040 ) ) ;
#2546 = AXIS2_PLACEMENT_3D ( 'NONE', #2553, #1972, #1435 ) ;
#2547 = AXIS2_PLACEMENT_3D ( 'NONE', #2044, #3286, #483 ) ;
#2548 = PLANE ( 'NONE',  #843 ) ;
#2549 = EDGE_CURVE ( 'NONE', #2054, #2381, #1637, .T. ) ;
#2550 = CARTESIAN_POINT ( 'NONE',  ( 6.645788305580748734, 4.751563944739963574, 0.6835399524129421867 ) ) ;
#2551 = EDGE_CURVE ( 'NONE', #271, #1551, #1299, .T. ) ;
#2552 = CONICAL_SURFACE ( 'NONE', #2265, 4.670000000000002593, 0.7853981633972997312 ) ;
#2553 = CARTESIAN_POINT ( 'NONE',  ( 22.15500000000000114, 0.000000000000000000, 0.000000000000000000 ) ) ;
#2554 = DIRECTION ( 'NONE',  ( -1.000000000000000000, 0.000000000000000000, 0.000000000000000000 ) ) ;
#2555 = CONICAL_SURFACE ( 'NONE', #3265, 2.900000178907000237, 0.7853981941667564914 ) ;
#2556 = DIRECTION ( 'NONE',  ( -0.000000000000000000, -0.000000000000000000, -1.000000000000000000 ) ) ;
#2557 = B_SPLINE_CURVE_WITH_KNOTS ( 'NONE', 3,
 ( #1473, #2300, #123, #2522, #390, #2559, #585, #1994, #1688, #1206 ),
 .UNSPECIFIED., .F., .F.,
 ( 4, 2, 2, 2, 4 ),
 ( 0.000000000000000000, 0.2500000000000000555, 0.3750000000000002220, 0.5000000000000003331, 1.000000000000000000 ),
 .UNSPECIFIED. ) ;
#2558 = AXIS2_PLACEMENT_3D ( 'NONE', #1388, #2217, #3029 ) ;
#2559 = CARTESIAN_POINT ( 'NONE',  ( 6.645807284642531343, -4.751573031204499031, -0.6834763365196899754 ) ) ;
#2560 = DIRECTION ( 'NONE',  ( 0.000000000000000000, 0.000000000000000000, -1.000000000000000000 ) ) ;
#2561 = VERTEX_POINT ( 'NONE', #3345 ) ;
#2562 = CARTESIAN_POINT ( 'NONE',  ( 0.2500000000000000000, 4.349653663743000109, 0.000000000000000000 ) ) ;
#2563 = ORIENTED_EDGE ( 'NONE', *, *, #1505, .F. ) ;
#2564 = LINE ( 'NONE', #2864, #3197 ) ;
#2565 = VERTEX_POINT ( 'NONE', #1415 ) ;
#2566 = ADVANCED_FACE ( 'NONE', ( #2795 ), #561, .T. ) ;
#2567 = EDGE_LOOP ( 'NONE', ( #2410, #2446, #2091, #1548, #57, #2757, #1879, #978, #1337, #2717 ) ) ;
#2568 = CARTESIAN_POINT ( 'NONE',  ( 3.500000000000000444, 0.5826187537418265894, -0.9021381194477999799 ) ) ;
#2569 = CARTESIAN_POINT ( 'NONE',  ( 4.821660526592432383, -4.549999999999998934, -1.041880016835681877 ) ) ;
#2570 = B_SPLINE_CURVE_WITH_KNOTS ( 'NONE', 3,
 ( #228, #2455, #577, #1918, #3566, #295 ),
 .UNSPECIFIED., .F., .F.,
 ( 4, 2, 4 ),
 ( 2.740890540062183296E-16, 0.0009519284406041513599, 0.001903856881208028633 ),
 .UNSPECIFIED. ) ;
#2571 = CARTESIAN_POINT ( 'NONE',  ( 2.603693182804967865, 4.550000000000009592, -1.528888485141954856 ) ) ;
#2572 = CARTESIAN_POINT ( 'NONE',  ( 3.499999999999682920, 0.1499999999999851175, -0.9987898295352409805 ) ) ;
#2573 = LINE ( 'NONE', #1220, #3363 ) ;
#2574 = CARTESIAN_POINT ( 'NONE',  ( 3.673201288038619783, -0.6939740629157918894, 0.1499999999999769018 ) ) ;
#2575 = ADVANCED_FACE ( 'NONE', ( #2755 ), #3326, .T. ) ;
#2576 = CARTESIAN_POINT ( 'NONE',  ( 16.63999999999999702, 0.000000000000000000, 0.000000000000000000 ) ) ;
#2577 = VERTEX_POINT ( 'NONE', #1991 ) ;
#2578 = CARTESIAN_POINT ( 'NONE',  ( 20.50019825783911998, 2.863296306383781964, 3.316816961186417778 ) ) ;
#2579 = ORIENTED_EDGE ( 'NONE', *, *, #2166, .T. ) ;
#2580 = CARTESIAN_POINT ( 'NONE',  ( 6.740000000000000213, -4.799999999999998046, 0.2782940503536407983 ) ) ;
#2581 = EDGE_CURVE ( 'NONE', #3389, #2620, #2603, .T. ) ;
#2582 = EDGE_LOOP ( 'NONE', ( #3520, #1667, #2288, #1747 ) ) ;
#2583 = ORIENTED_EDGE ( 'NONE', *, *, #543, .F. ) ;
#2584 = DIRECTION ( 'NONE',  ( 0.000000000000000000, 0.000000000000000000, -1.000000000000000000 ) ) ;
#2585 = FACE_OUTER_BOUND ( 'NONE', #1545, .T. ) ;
#2586 = DIRECTION ( 'NONE',  ( 0.000000000000000000, 0.000000000000000000, 1.000000000000000000 ) ) ;
#2587 = CARTESIAN_POINT ( 'NONE',  ( 5.876306817195030341, -4.549999999999999822, -1.528888485141947307 ) ) ;
#2588 = CARTESIAN_POINT ( 'NONE',  ( 21.10000000000002274, 2.777770263849047350, -4.121273148103048456 ) ) ;
#2589 = CARTESIAN_POINT ( 'NONE',  ( 3.299999999999999822, 0.000000000000000000, 0.000000000000000000 ) ) ;
#2590 = EDGE_LOOP ( 'NONE', ( #2670, #3422, #1476, #2016, #2644, #284, #1962, #2596 ) ) ;
#2591 = CARTESIAN_POINT ( 'NONE',  ( 16.63999999999999702, -3.761808075911999616, -2.418305191658000286 ) ) ;
#2592 = EDGE_CURVE ( 'NONE', #2477, #2765, #3308, .T. ) ;
#2593 = ADVANCED_FACE ( 'NONE', ( #1955 ), #3075, .T. ) ;
#2594 = VERTEX_POINT ( 'NONE', #3095 ) ;
#2595 = LINE ( 'NONE', #3451, #1302 ) ;
#2596 = ORIENTED_EDGE ( 'NONE', *, *, #3342, .T. ) ;
#2597 = B_SPLINE_CURVE_WITH_KNOTS ( 'NONE', 3,
 ( #1293, #3201, #2909, #2371, #3222, #1772 ),
 .UNSPECIFIED., .F., .F.,
 ( 4, 2, 4 ),
 ( 2.722528156461524890E-16, 0.0009519284406041488662, 0.001903856881208025598 ),
 .UNSPECIFIED. ) ;
#2598 = AXIS2_PLACEMENT_3D ( 'NONE', #2534, #3366, #3114 ) ;
#2599 = ORIENTED_EDGE ( 'NONE', *, *, #3248, .F. ) ;
#2600 = CARTESIAN_POINT ( 'NONE',  ( 3.250000000000000000, -4.549999999999999822, 1.212400331155880195E-16 ) ) ;
#2601 = CYLINDRICAL_SURFACE ( 'NONE', #2421, 2.350000000000000089 ) ;
#2602 = CARTESIAN_POINT ( 'NONE',  ( 1.785669265705221997, -4.776278155730397046, 0.4814967702080549250 ) ) ;
#2603 = CIRCLE ( 'NONE', #3375, 1.009990655195836640 ) ;
#2604 = CARTESIAN_POINT ( 'NONE',  ( 16.63999999999999702, -3.761808075912050242, 2.418305191658049580 ) ) ;
#2605 = LINE ( 'NONE', #1836, #3485 ) ;
#2606 = VECTOR ( 'NONE', #2124, 1000.000000000000114 ) ;
#2607 = CARTESIAN_POINT ( 'NONE',  ( 20.79998420906478884, 0.000000000000000000, -0.4699999999999999734 ) ) ;
#2608 = CIRCLE ( 'NONE', #2211, 2.350000000000000089 ) ;
#2609 = VERTEX_POINT ( 'NONE', #2262 ) ;
#2610 = DIRECTION ( 'NONE',  ( 0.000000000000000000, 0.000000000000000000, 1.000000000000000000 ) ) ;
#2611 = ORIENTED_EDGE ( 'NONE', *, *, #3427, .F. ) ;
#2612 = CIRCLE ( 'NONE', #3559, 1.009990655195836640 ) ;
#2613 = STYLED_ITEM ( 'NONE', ( #3328 ), #3439 ) ;
#2614 = B_SPLINE_CURVE_WITH_KNOTS ( 'NONE', 3,
 ( #1719, #1145, #2812, #2569, #349, #633, #2004, #1449 ),
 .UNSPECIFIED., .F., .F.,
 ( 4, 2, 2, 4 ),
 ( -0.0004319965137762419574, 3.498130741092430815E-06, 0.0004389927752584268190, 0.001309982064293095487 ),
 .UNSPECIFIED. ) ;
#2615 = CARTESIAN_POINT ( 'NONE',  ( 3.500000000000000000, 0.000000000000000000, -0.1499999999999999944 ) ) ;
#2616 = ORIENTED_EDGE ( 'NONE', *, *, #343, .F. ) ;
#2617 = EDGE_CURVE ( 'NONE', #1269, #3260, #683, .T. ) ;
#2618 = AXIS2_PLACEMENT_3D ( 'NONE', #2539, #1441, #1457 ) ;
#2619 = AXIS2_PLACEMENT_3D ( 'NONE', #541, #3568, #3045 ) ;
#2620 = VERTEX_POINT ( 'NONE', #1467 ) ;
#2621 = CARTESIAN_POINT ( 'NONE',  ( 3.500000000000000000, 0.7099999999999999645, 0.000000000000000000 ) ) ;
#2622 = CARTESIAN_POINT ( 'NONE',  ( 20.49999999999723599, -3.090056633784943330, 3.090056633785257301 ) ) ;
#2623 = CARTESIAN_POINT ( 'NONE',  ( 1.799940911238098407, -4.768963697414614344, 0.5491552012775597902 ) ) ;
#2624 = ADVANCED_FACE ( 'NONE', ( #2280 ), #771, .T. ) ;
#2625 = PLANE ( 'NONE',  #2496 ) ;
#2626 = CARTESIAN_POINT ( 'NONE',  ( 22.15500000000000114, -4.502384549069033959, -3.158881664815005319 ) ) ;
#2627 = LINE ( 'NONE', #692, #1015 ) ;
#2628 = EDGE_CURVE ( 'NONE', #3391, #2631, #1804, .T. ) ;
#2629 = ORIENTED_EDGE ( 'NONE', *, *, #2478, .F. ) ;
#2630 = CARTESIAN_POINT ( 'NONE',  ( 16.64000000000000057, 0.000000000000000000, 0.000000000000000000 ) ) ;
#2631 = VERTEX_POINT ( 'NONE', #3163 ) ;
#2632 = DIRECTION ( 'NONE',  ( 0.000000000000000000, 0.000000000000000000, 1.000000000000000000 ) ) ;
#2633 = VERTEX_POINT ( 'NONE', #1256 ) ;
#2634 = ORIENTED_EDGE ( 'NONE', *, *, #1729, .F. ) ;
#2635 = ORIENTED_EDGE ( 'NONE', *, *, #3173, .F. ) ;
#2636 = DIRECTION ( 'NONE',  ( 1.000000000000000000, 0.000000000000000000, 0.000000000000000000 ) ) ;
#2637 = DIRECTION ( 'NONE',  ( -0.000000000000000000, 1.000000000000000000, -0.000000000000000000 ) ) ;
#2638 = CARTESIAN_POINT ( 'NONE',  ( 4.239999999984459755, 4.549999999999999822, -0.9591663046625503730 ) ) ;
#2639 = CARTESIAN_POINT ( 'NONE',  ( 3.114234477787749533, -4.550000000000001599, 1.246596704433746483 ) ) ;
#2640 = CARTESIAN_POINT ( 'NONE',  ( 6.740000000000001101, -4.799999999999999822, 4.741240054610022367E-15 ) ) ;
#2641 = B_SPLINE_CURVE_WITH_KNOTS ( 'NONE', 3,
 ( #517, #1621, #2731, #741, #2675, #1325, #3525, #2706, #2580, #395 ),
 .UNSPECIFIED., .F., .F.,
 ( 4, 2, 2, 2, 4 ),
 ( 0.000000000000000000, 0.2500000000000001665, 0.3750000000000004996, 0.5000000000000005551, 1.000000000000000000 ),
 .UNSPECIFIED. ) ;
#2642 = CYLINDRICAL_SURFACE ( 'NONE', #1586, 0.7099999999999999645 ) ;
#2643 = CARTESIAN_POINT ( 'NONE',  ( 15.87999999999999901, -5.500000000000000000, 5.432670895907316869E-15 ) ) ;
#2644 = ORIENTED_EDGE ( 'NONE', *, *, #2791, .T. ) ;
#2645 = DIRECTION ( 'NONE',  ( 0.000000000000000000, 0.000000000000000000, 1.000000000000000000 ) ) ;
#2646 = ORIENTED_EDGE ( 'NONE', *, *, #1352, .T. ) ;
#2647 = FACE_OUTER_BOUND ( 'NONE', #2450, .T. ) ;
#2648 = VERTEX_POINT ( 'NONE', #2851 ) ;
#2649 = EDGE_LOOP ( 'NONE', ( #747, #2842, #2253, #2392 ) ) ;
#2650 = DIRECTION ( 'NONE',  ( 1.000000000000000000, 0.000000000000000000, 0.000000000000000000 ) ) ;
#2651 = DIRECTION ( 'NONE',  ( 1.000000000000000000, -0.000000000000000000, -0.000000000000000000 ) ) ;
#2652 = DIRECTION ( 'NONE',  ( -1.000000000000000000, 0.000000000000000000, 0.000000000000000000 ) ) ;
#2653 = EDGE_CURVE ( 'NONE', #254, #1483, #718, .T. ) ;
#2654 = AXIS2_PLACEMENT_3D ( 'NONE', #1143, #613, #2826 ) ;
#2655 = CARTESIAN_POINT ( 'NONE',  ( 4.239999999984460644, -4.549999999999999822, 0.9591663046625505951 ) ) ;
#2656 = ADVANCED_FACE ( 'NONE', ( #1769 ), #1235, .F. ) ;
#2657 = DIRECTION ( 'NONE',  ( -1.000000000000000000, 0.000000000000000000, 0.000000000000000000 ) ) ;
#2658 = AXIS2_PLACEMENT_3D ( 'NONE', #1921, #1720, #2225 ) ;
#2659 = PLANE ( 'NONE',  #664 ) ;
#2660 = DIRECTION ( 'NONE',  ( -1.000000000000000000, 0.000000000000000000, 0.000000000000000000 ) ) ;
#2661 = ORIENTED_EDGE ( 'NONE', *, *, #85, .F. ) ;
#2662 = CIRCLE ( 'NONE', #2724, 0.7100000000000966649 ) ;
#2663 = CARTESIAN_POINT ( 'NONE',  ( 21.10000000000000142, 3.158881664815029744, 4.502384549069019748 ) ) ;
#2664 = ORIENTED_EDGE ( 'NONE', *, *, #1611, .F. ) ;
#2665 = VECTOR ( 'NONE', #1328, 1000.000000000000000 ) ;
#2666 = CARTESIAN_POINT ( 'NONE',  ( 3.299999999999999822, 1.064999999999999947, 0.000000000000000000 ) ) ;
#2667 = VERTEX_POINT ( 'NONE', #1797 ) ;
#2668 = AXIS2_PLACEMENT_3D ( 'NONE', #1883, #2996, #2676 ) ;
#2669 = VECTOR ( 'NONE', #551, 1000.000000000000000 ) ;
#2670 = ORIENTED_EDGE ( 'NONE', *, *, #2960, .F. ) ;
#2671 = ADVANCED_FACE ( 'NONE', ( #3148 ), #3127, .T. ) ;
#2672 = DIRECTION ( 'NONE',  ( 1.000000000000000000, 0.000000000000000000, 0.000000000000000000 ) ) ;
#2673 = TOROIDAL_SURFACE ( 'NONE', #1258, 13.65000000000000036, 9.000000000000000000 ) ;
#2674 = B_SPLINE_CURVE_WITH_KNOTS ( 'NONE', 3,
 ( #1702, #930, #2007, #2572 ),
 .UNSPECIFIED., .F., .F.,
 ( 4, 4 ),
 ( 0.000000000000000000, 1.000000000000000000 ),
 .UNSPECIFIED. ) ;
#2675 = CARTESIAN_POINT ( 'NONE',  ( 6.501780601876533616, -4.680192620393740732, 1.067624498140390177 ) ) ;
#2676 = DIRECTION ( 'NONE',  ( 0.000000000000000000, 0.000000000000000000, 1.000000000000000000 ) ) ;
#2677 = CYLINDRICAL_SURFACE ( 'NONE', #2310, 3.050000000000000266 ) ;
#2678 = CARTESIAN_POINT ( 'NONE',  ( 3.519829864120088025, 4.549999999999999822, 1.087319448800561750 ) ) ;
#2679 = CARTESIAN_POINT ( 'NONE',  ( 9.300000000000000711, -0.4644955124186318507, -3.499927007847480898 ) ) ;
#2680 = DIRECTION ( 'NONE',  ( 1.000000000000000000, 0.000000000000000000, 0.000000000000000000 ) ) ;
#2681 = ORIENTED_EDGE ( 'NONE', *, *, #1177, .F. ) ;
#2682 = EDGE_CURVE ( 'NONE', #3508, #1842, #992, .T. ) ;
#2683 = DIRECTION ( 'NONE',  ( 0.000000000000000000, 0.000000000000000000, 1.000000000000000000 ) ) ;
#2684 = CARTESIAN_POINT ( 'NONE',  ( 3.632532683851404265, 5.443396214446986292, 0.7924970549139490616 ) ) ;
#2685 = ORIENTED_EDGE ( 'NONE', *, *, #609, .F. ) ;
#2686 = ORIENTED_EDGE ( 'NONE', *, *, #2736, .T. ) ;
#2687 = EDGE_CURVE ( 'NONE', #879, #2913, #2737, .T. ) ;
#2688 = ORIENTED_EDGE ( 'NONE', *, *, #3207, .F. ) ;
#2689 = DIRECTION ( 'NONE',  ( -1.000000000000000000, 0.000000000000000000, 0.000000000000000000 ) ) ;
#2690 = DIRECTION ( 'NONE',  ( -0.000000000000000000, -0.7071067811865474617, 0.7071067811865474617 ) ) ;
#2691 = CARTESIAN_POINT ( 'NONE',  ( 15.43333347014420553, -2.866666706271513210, 4.969284453394390030E-10 ) ) ;
#2692 = B_SPLINE_CURVE_WITH_KNOTS ( 'NONE', 3,
 ( #3054, #574, #1678, #2767, #1408, #2490, #3049, #2719, #1349, #3294 ),
 .UNSPECIFIED., .F., .F.,
 ( 4, 2, 2, 2, 4 ),
 ( 0.000000000000000000, 0.2500000000000000000, 0.3750000000000000000, 0.5000000000000000000, 1.000000000000000000 ),
 .UNSPECIFIED. ) ;
#2693 = DIRECTION ( 'NONE',  ( -1.000000000000000000, 0.000000000000000000, 0.000000000000000000 ) ) ;
#2694 = FACE_OUTER_BOUND ( 'NONE', #1598, .T. ) ;
#2695 = CARTESIAN_POINT ( 'NONE',  ( 12.69999999999999929, -4.799999999999999822, 4.741240054610022367E-15 ) ) ;
#2696 = CARTESIAN_POINT ( 'NONE',  ( 21.10000000000000142, -4.502384549069027742, -3.158881664815013313 ) ) ;
#2697 = ORIENTED_EDGE ( 'NONE', *, *, #466, .T. ) ;
#2698 = DIRECTION ( 'NONE',  ( 0.000000000000000000, 0.7071067811865473507, -0.7071067811865477948 ) ) ;
#2699 = CARTESIAN_POINT ( 'NONE',  ( 3.250000000000000000, 5.500000000000000888, 0.1310775803318453558 ) ) ;
#2700 = ORIENTED_EDGE ( 'NONE', *, *, #615, .F. ) ;
#2701 = EDGE_CURVE ( 'NONE', #1536, #1930, #2057, .T. ) ;
#2702 = EDGE_CURVE ( 'NONE', #2106, #3562, #2870, .T. ) ;
#2703 = ORIENTED_EDGE ( 'NONE', *, *, #2889, .T. ) ;
#2704 = VERTEX_POINT ( 'NONE', #415 ) ;
#2705 = LINE ( 'NONE', #1357, #1909 ) ;
#2706 = CARTESIAN_POINT ( 'NONE',  ( 6.694398142605783697, -4.775753386211063933, 0.5514310264010837681 ) ) ;
#2707 = DIRECTION ( 'NONE',  ( 1.000000000000000000, 0.000000000000000000, 0.000000000000000000 ) ) ;
#2708 = ADVANCED_FACE ( 'NONE', ( #2076, #1752 ), #385, .T. ) ;
#2709 = ADVANCED_FACE ( 'NONE', ( #947 ), #1487, .F. ) ;
#2710 = AXIS2_PLACEMENT_3D ( 'NONE', #816, #2693, #2753 ) ;
#2711 = LINE ( 'NONE', #1074, #1694 ) ;
#2712 = VECTOR ( 'NONE', #1307, 1000.000000000000000 ) ;
#2713 = CARTESIAN_POINT ( 'NONE',  ( 4.111379109622312455, -5.410147752207430827, -0.9901016665129814820 ) ) ;
#2714 = CARTESIAN_POINT ( 'NONE',  ( 5.230000000000000426, -5.500000000000000000, 1.436918910999559722E-16 ) ) ;
#2715 = DIRECTION ( 'NONE',  ( 0.000000000000000000, 0.000000000000000000, 1.000000000000000000 ) ) ;
#2716 = CIRCLE ( 'NONE', #427, 3.000000000000000000 ) ;
#2717 = ORIENTED_EDGE ( 'NONE', *, *, #3496, .F. ) ;
#2718 = CARTESIAN_POINT ( 'NONE',  ( 3.631100241976316756, 5.443573666474932793, -0.7911653515007593951 ) ) ;
#2719 = CARTESIAN_POINT ( 'NONE',  ( 1.966168537119149740, 4.685545830855235572, -1.074346191144851304 ) ) ;
#2720 = AXIS2_PLACEMENT_3D ( 'NONE', #3196, #703, #154 ) ;
#2721 = EDGE_LOOP ( 'NONE', ( #3468, #852, #1047, #2122, #1808, #960, #125, #2821 ) ) ;
#2722 = PLANE ( 'NONE',  #3096 ) ;
#2723 = VERTEX_POINT ( 'NONE', #435 ) ;
#2724 = AXIS2_PLACEMENT_3D ( 'NONE', #1833, #2652, #1339 ) ;
#2725 = EDGE_CURVE ( 'NONE', #1842, #2106, #2925, .T. ) ;
#2726 = EDGE_CURVE ( 'NONE', #1581, #1693, #1997, .T. ) ;
#2727 = EDGE_LOOP ( 'NONE', ( #373, #2195, #1280, #1683 ) ) ;
#2728 = VECTOR ( 'NONE', #1503, 1000.000000000000000 ) ;
#2729 =( GEOMETRIC_REPRESENTATION_CONTEXT ( 3 ) GLOBAL_UNCERTAINTY_ASSIGNED_CONTEXT ( ( #1444 ) ) GLOBAL_UNIT_ASSIGNED_CONTEXT ( ( #386, #2006, #1416 ) ) REPRESENTATION_CONTEXT ( 'NONE', 'WORKASPACE' ) );
#2730 = DIRECTION ( 'NONE',  ( 0.000000000000000000, 0.000000000000000000, -1.000000000000000000 ) ) ;
#2731 = CARTESIAN_POINT ( 'NONE',  ( 6.375836804569077643, -4.620334354622925410, 1.306740986720779540 ) ) ;
#2732 = CARTESIAN_POINT ( 'NONE',  ( 3.673201288038619783, -0.1499999999999770406, 0.6939740629157918894 ) ) ;
#2733 = VECTOR ( 'NONE', #3206, 1000.000000000000000 ) ;
#2734 = DIRECTION ( 'NONE',  ( 0.000000000000000000, 0.000000000000000000, -1.000000000000000000 ) ) ;
#2736 = EDGE_CURVE ( 'NONE', #898, #2302, #1530, .T. ) ;
#2735 = VECTOR ( 'NONE', #2776, 1000.000000000000000 ) ;
#2737 = B_SPLINE_CURVE_WITH_KNOTS ( 'NONE', 3,
 ( #1554, #3458, #1783, #2602, #2623, #725, #1274, #119, #2348, #2297 ),
 .UNSPECIFIED., .F., .F.,
 ( 4, 2, 2, 2, 4 ),
 ( 0.000000000000000000, 0.2500000000000001665, 0.3750000000000001665, 0.5000000000000002220, 1.000000000000000000 ),
 .UNSPECIFIED. ) ;
#2738 = CARTESIAN_POINT ( 'NONE',  ( 5.204102861133653057, -5.495178821358742027, -0.2596801384185902783 ) ) ;
#2739 = DIRECTION ( 'NONE',  ( -0.000000000000000000, 1.000000000000000000, -0.000000000000000000 ) ) ;
#2740 = LINE ( 'NONE', #1686, #2735 ) ;
#2741 = ORIENTED_EDGE ( 'NONE', *, *, #1202, .F. ) ;
#2742 = EDGE_CURVE ( 'NONE', #714, #1043, #1589, .T. ) ;
#2743 = CYLINDRICAL_SURFACE ( 'NONE', #1191, 3.000000000000000000 ) ;
#2744 = CARTESIAN_POINT ( 'NONE',  ( 3.500000000000000444, 0.9021381194477458010, 0.5826187537418593410 ) ) ;
#2745 = ORIENTED_EDGE ( 'NONE', *, *, #3446, .F. ) ;
#2746 = CARTESIAN_POINT ( 'NONE',  ( 8.909039409360001827, 0.3621000000000000330, -1.608047028867076732E-15 ) ) ;
#2747 = EDGE_LOOP ( 'NONE', ( #3139, #1776, #1574, #804 ) ) ;
#2748 = EDGE_LOOP ( 'NONE', ( #16, #2681, #1120, #3353, #678 ) ) ;
#2749 = CARTESIAN_POINT ( 'NONE',  ( 15.50000000000000000, 0.1875702617489736490, 0.7098546990639388321 ) ) ;
#2750 = CARTESIAN_POINT ( 'NONE',  ( 5.876306817195000143, 0.000000000000000000, 0.000000000000000000 ) ) ;
#2751 = LINE ( 'NONE', #5, #3498 ) ;
#2752 = EDGE_CURVE ( 'NONE', #3338, #1482, #2662, .T. ) ;
#2753 = DIRECTION ( 'NONE',  ( 0.000000000000000000, 0.000000000000000000, 1.000000000000000000 ) ) ;
#2754 = EDGE_CURVE ( 'NONE', #2307, #1526, #2788, .T. ) ;
#2755 = FACE_OUTER_BOUND ( 'NONE', #1888, .T. ) ;
#2756 = DIRECTION ( 'NONE',  ( -1.000000000000000000, 0.000000000000000000, 0.000000000000000000 ) ) ;
#2757 = ORIENTED_EDGE ( 'NONE', *, *, #2726, .T. ) ;
#2758 = DIRECTION ( 'NONE',  ( 0.000000000000000000, 1.000000000000000000, 0.000000000000000000 ) ) ;
#2759 = CARTESIAN_POINT ( 'NONE',  ( 3.499999999999716227, 0.000000000000000000, 0.000000000000000000 ) ) ;
#2760 = EDGE_LOOP ( 'NONE', ( #630, #3004, #1372, #1458 ) ) ;
#2761 = CARTESIAN_POINT ( 'NONE',  ( 3.375350020427798636, 5.478605254901816046, -0.4993080351456285482 ) ) ;
#2762 = CARTESIAN_POINT ( 'NONE',  ( 9.126611039509976209, -8.131516293641283255E-17, 2.407412430484044816E-31 ) ) ;
#2763 = ORIENTED_EDGE ( 'NONE', *, *, #1791, .T. ) ;
#2764 = CARTESIAN_POINT ( 'NONE',  ( 15.50000000000000000, 1.174412433512999839E-14, 0.000000000000000000 ) ) ;
#2765 = VERTEX_POINT ( 'NONE', #2941 ) ;
#2766 = ORIENTED_EDGE ( 'NONE', *, *, #93, .F. ) ;
#2767 = CARTESIAN_POINT ( 'NONE',  ( 1.785678397294188313, 4.776273255760575154, -0.4815462088543123187 ) ) ;
#2768 = LINE ( 'NONE', #1699, #215 ) ;
#2769 = PLANE ( 'NONE',  #2838 ) ;
#2770 = LINE ( 'NONE', #1162, #32 ) ;
#2771 = EDGE_CURVE ( 'NONE', #1303, #2176, #3176, .T. ) ;
#2772 = DIRECTION ( 'NONE',  ( 0.000000000000000000, 1.000000000000000000, 0.000000000000000000 ) ) ;
#2773 = ADVANCED_FACE ( 'NONE', ( #2144 ), #1127, .T. ) ;
#2774 = ORIENTED_EDGE ( 'NONE', *, *, #1624, .T. ) ;
#2775 = FACE_BOUND ( 'NONE', #3133, .T. ) ;
#2776 = DIRECTION ( 'NONE',  ( -1.000000000000000000, 0.000000000000000000, 0.000000000000000000 ) ) ;
#2777 = B_SPLINE_CURVE_WITH_KNOTS ( 'NONE', 3,
 ( #1626, #229, #2738, #297, #2984, #838, #2962, #2130, #245, #2713, #1056, #281, #3237, #1381, #1922, #563, #1041, #1395 ),
 .UNSPECIFIED., .F., .F.,
 ( 4, 2, 2, 2, 2, 2, 2, 2, 4 ),
 ( 2.407412430484044549E-35, 0.0003875899924735638682, 0.0007751799849471276279, 0.001162769977420691388, 0.001550359969894255039, 0.001937949962367818690, 0.002325539954841383643, 0.002713129947314948595, 0.003100719939788513114 ),
 .UNSPECIFIED. ) ;
#2778 = ORIENTED_EDGE ( 'NONE', *, *, #1974, .F. ) ;
#2779 = VECTOR ( 'NONE', #2944, 1000.000000000000000 ) ;
#2780 = CARTESIAN_POINT ( 'NONE',  ( 9.299999999999998934, -3.500000000000000000, 0.000000000000000000 ) ) ;
#2781 = CARTESIAN_POINT ( 'NONE',  ( 15.87999999999999901, 0.000000000000000000, 0.000000000000000000 ) ) ;
#2782 = ORIENTED_EDGE ( 'NONE', *, *, #432, .F. ) ;
#2783 = VECTOR ( 'NONE', #2514, 1000.000000000000114 ) ;
#2784 = FACE_OUTER_BOUND ( 'NONE', #2934, .T. ) ;
#2785 = ORIENTED_EDGE ( 'NONE', *, *, #2058, .T. ) ;
#2786 = EDGE_CURVE ( 'NONE', #1211, #194, #1358, .T. ) ;
#2787 = EDGE_LOOP ( 'NONE', ( #145, #1853, #3297, #2293 ) ) ;
#2788 = CIRCLE ( 'NONE', #1860, 3.000000000000000000 ) ;
#2789 = CARTESIAN_POINT ( 'NONE',  ( 21.10000000000000142, -2.418305191658099762, 3.761808075912100424 ) ) ;
#2791 = EDGE_CURVE ( 'NONE', #3158, #274, #2956, .T. ) ;
#2790 = VECTOR ( 'NONE', #1005, 1000.000000000000000 ) ;
#2792 = CARTESIAN_POINT ( 'NONE',  ( 3.499999999999999556, 0.9023054867498799814, -0.5827861210440160589 ) ) ;
#2793 = CARTESIAN_POINT ( 'NONE',  ( 3.673201288038619783, -0.1499999999999770406, 0.6939740629157918894 ) ) ;
#2794 = B_SPLINE_CURVE_WITH_KNOTS ( 'NONE', 3,
 ( #2828, #118, #3074, #364, #334, #2550, #1434, #3415, #2023, #2279 ),
 .UNSPECIFIED., .F., .F.,
 ( 4, 2, 2, 2, 4 ),
 ( 0.000000000000000000, 0.2499999999999996669, 0.3749999999999996114, 0.4999999999999995559, 1.000000000000000000 ),
 .UNSPECIFIED. ) ;
#2795 = FACE_OUTER_BOUND ( 'NONE', #1323, .T. ) ;
#2796 = DIRECTION ( 'NONE',  ( 0.000000000000000000, 0.000000000000000000, -1.000000000000000000 ) ) ;
#2797 = CIRCLE ( 'NONE', #102, 4.969999999999953566 ) ;
#2798 = CARTESIAN_POINT ( 'NONE',  ( 20.53558865680931333, -2.639595452003415055, 3.540517815566785131 ) ) ;
#2799 = CARTESIAN_POINT ( 'NONE',  ( 20.99999816616984205, -0.2699927626864977448, -1.493869036234393433E-09 ) ) ;
#2800 = VECTOR ( 'NONE', #1469, 1000.000000000000000 ) ;
#2801 = CARTESIAN_POINT ( 'NONE',  ( 22.15500000000000114, 5.477225575051665629, 0.4999999999999498179 ) ) ;
#2802 = CARTESIAN_POINT ( 'NONE',  ( 3.500000000000000000, -1.039230484541310062, 0.1500000000000444866 ) ) ;
#2803 = ORIENTED_EDGE ( 'NONE', *, *, #2725, .F. ) ;
#2804 = CIRCLE ( 'NONE', #3452, 1.009990655195836640 ) ;
#2805 = CARTESIAN_POINT ( 'NONE',  ( 8.409999999999991260, 4.075000000000000178, 4.990435706525449201E-16 ) ) ;
#2806 = EDGE_CURVE ( 'NONE', #995, #1211, #379, .T. ) ;
#2807 = ORIENTED_EDGE ( 'NONE', *, *, #699, .F. ) ;
#2808 = B_SPLINE_CURVE_WITH_KNOTS ( 'NONE', 3,
 ( #1728, #2820, #2578, #2525, #1509, #141 ),
 .UNSPECIFIED., .F., .F.,
 ( 4, 2, 4 ),
 ( 2.765374486160865905E-16, 0.0009519284406041554798, 0.001903856881208034271 ),
 .UNSPECIFIED. ) ;
#2809 = ORIENTED_EDGE ( 'NONE', *, *, #2070, .F. ) ;
#2810 = DIRECTION ( 'NONE',  ( 0.000000000000000000, -1.000000000000000000, 0.000000000000000000 ) ) ;
#2811 = FACE_OUTER_BOUND ( 'NONE', #2974, .T. ) ;
#2812 = CARTESIAN_POINT ( 'NONE',  ( 4.533350495120283874, -4.550000000000000711, -0.9770973772543682934 ) ) ;
#2813 = CARTESIAN_POINT ( 'NONE',  ( 15.87999999999999901, -3.008737276666076266, -0.5000000000000043299 ) ) ;
#2814 = SURFACE_SIDE_STYLE ('',( #891 ) ) ;
#2815 = DIRECTION ( 'NONE',  ( 0.000000000000000000, 0.000000000000000000, -1.000000000000000000 ) ) ;
#2816 = LINE ( 'NONE', #1704, #2126 ) ;
#2817 = CARTESIAN_POINT ( 'NONE',  ( 16.64000000000000057, 5.477225575051662965, 0.4999999999999748534 ) ) ;
#2818 = CARTESIAN_POINT ( 'NONE',  ( 15.50000000000000533, 0.1875702617489735102, -0.7101453009360613189 ) ) ;
#2819 = ORIENTED_EDGE ( 'NONE', *, *, #2256, .T. ) ;
#2820 = CARTESIAN_POINT ( 'NONE',  ( 20.53544452054277869, 2.640075233117780584, 3.540038034452418714 ) ) ;
#2821 = ORIENTED_EDGE ( 'NONE', *, *, #2194, .T. ) ;
#2822 = DIRECTION ( 'NONE',  ( 0.000000000000000000, 0.000000000000000000, 1.000000000000000000 ) ) ;
#2823 = EDGE_CURVE ( 'NONE', #358, #1536, #757, .T. ) ;
#2824 = ORIENTED_EDGE ( 'NONE', *, *, #2791, .F. ) ;
#2825 = EDGE_CURVE ( 'NONE', #3500, #13, #36, .T. ) ;
#2826 = DIRECTION ( 'NONE',  ( 0.000000000000000000, -0.7071067811865475727, 0.7071067811865475727 ) ) ;
#2827 = CARTESIAN_POINT ( 'NONE',  ( 3.500000000000000000, 1.039230484541330046, -0.1500000000000474842 ) ) ;
#2828 = CARTESIAN_POINT ( 'NONE',  ( 6.740000000000000213, 4.799999999999999822, 5.878304635907299142E-16 ) ) ;
#2829 = DIRECTION ( 'NONE',  ( 0.000000000000000000, 0.000000000000000000, 1.000000000000000000 ) ) ;
#2830 = CARTESIAN_POINT ( 'NONE',  ( 0.000000000000000000, 0.000000000000000000, 0.000000000000000000 ) ) ;
#2831 = EDGE_CURVE ( 'NONE', #10, #2594, #1971, .T. ) ;
#2832 = CARTESIAN_POINT ( 'NONE',  ( 16.63999999999999702, 0.5000000000000002220, 0.000000000000000000 ) ) ;
#2833 = CARTESIAN_POINT ( 'NONE',  ( 3.299999999999999822, -1.064999999999999947, -1.051962637116598570E-15 ) ) ;
#2834 = CARTESIAN_POINT ( 'NONE',  ( 3.625756664707991295, 0.7780474843593558898, -0.1499999999999591660 ) ) ;
#2835 = EDGE_CURVE ( 'NONE', #733, #2065, #1116, .T. ) ;
#2836 = ORIENTED_EDGE ( 'NONE', *, *, #2391, .T. ) ;
#2837 = FACE_OUTER_BOUND ( 'NONE', #2747, .T. ) ;
#2838 = AXIS2_PLACEMENT_3D ( 'NONE', #669, #1466, #1970 ) ;
#2839 = ORIENTED_EDGE ( 'NONE', *, *, #3284, .F. ) ;
#2840 = CARTESIAN_POINT ( 'NONE',  ( 22.15500000000000114, -4.550000000000022915, 1.528888485141996822 ) ) ;
#2841 = CIRCLE ( 'NONE', #1122, 2.799999927309561265 ) ;
#2842 = ORIENTED_EDGE ( 'NONE', *, *, #1139, .F. ) ;
#2843 = ADVANCED_FACE ( 'NONE', ( #3013 ), #1847, .F. ) ;
#2844 = VECTOR ( 'NONE', #1146, 1000.000000000000000 ) ;
#2845 = EDGE_LOOP ( 'NONE', ( #1856, #937, #1896 ) ) ;
#2846 = VECTOR ( 'NONE', #3519, 1000.000000000000000 ) ;
#2847 = CARTESIAN_POINT ( 'NONE',  ( 6.740000000000000213, 0.000000000000000000, 0.000000000000000000 ) ) ;
#2848 = DIRECTION ( 'NONE',  ( -1.000000000000000000, 0.000000000000000000, 0.000000000000000000 ) ) ;
#2849 = EDGE_CURVE ( 'NONE', #3336, #1445, #2641, .T. ) ;
#2850 = AXIS2_PLACEMENT_3D ( 'NONE', #3131, #932, #2536 ) ;
#2851 = CARTESIAN_POINT ( 'NONE',  ( 15.88000000000000256, 0.4999999999999877320, -5.477225575051662076 ) ) ;
#2852 = APPLICATION_PROTOCOL_DEFINITION ( 'draft international standard', 'automotive_design', 1998, #3358 ) ;
#2853 = PLANE ( 'NONE',  #1419 ) ;
#2854 = VECTOR ( 'NONE', #2003, 1000.000000000000000 ) ;
#2855 = CARTESIAN_POINT ( 'NONE',  ( 2.007874643782290303, 4.665887365341157889, 1.128388460366454904 ) ) ;
#2856 = EDGE_CURVE ( 'NONE', #3486, #643, #3090, .T. ) ;
#2857 = VECTOR ( 'NONE', #1998, 1000.000000000000114 ) ;
#2858 = CARTESIAN_POINT ( 'NONE',  ( 8.700000000000189360, 0.7100000000000482592, -7.013084247443860303E-16 ) ) ;
#2859 = CARTESIAN_POINT ( 'NONE',  ( 15.50000000000000178, -0.7100000000000001865, -0.1879218192673758892 ) ) ;
#2860 = EDGE_LOOP ( 'NONE', ( #589, #2094, #42, #1241, #3295, #3370, #480, #2011 ) ) ;
#2861 = DIRECTION ( 'NONE',  ( -0.9998751594334005510, 0.01580080846133604180, 0.000000000000000000 ) ) ;
#2862 = OPEN_SHELL ( 'NONE', ( #122, #3547, #2121, #984, #3527, #2080, #2936, #1985, #827, #2097, #3032, #207, #1661, #2708, #22, #348, #410, #3383, #456, #1939, #105, #2671, #2135, #214, #3056, #1040, #485, #3141, #175, #2593, #2566, #1660, #3069, #1768, #2200, #1867, #753, #2330, #2108, #251, #191, #1620, #255, #821, #1566, #1846, #151, #1886, #2843, #1071, #3507, #2082, #2709, #1027, #503, #1735, #320, #2238, #2656, #1462, #1472, #1952, #3230, #1099, #940, #2015, #596, #2443, #3360, #78, #1807, #3208, #573, #1676, #3538, #2575, #3169, #964 ) ) ;
#2863 = EDGE_LOOP ( 'NONE', ( #3465, #720, #590, #1508, #326 ) ) ;
#2864 = CARTESIAN_POINT ( 'NONE',  ( 3.500000000000000000, 0.000000000000000000, 0.1499999999999999944 ) ) ;
#2865 = VERTEX_POINT ( 'NONE', #2468 ) ;
#2866 = ORIENTED_EDGE ( 'NONE', *, *, #811, .F. ) ;
#2867 = PRODUCT_DEFINITION ( 'UNKNOWN', '', #2435, #610 ) ;
#2868 = LINE ( 'NONE', #606, #2669 ) ;
#2869 = DIRECTION ( 'NONE',  ( -1.000000000000000000, 0.000000000000000000, 0.000000000000000000 ) ) ;
#2870 = LINE ( 'NONE', #3416, #1242 ) ;
#2871 = ADVANCED_FACE ( 'NONE', ( #2542 ), #3107, .F. ) ;
#2872 = CARTESIAN_POINT ( 'NONE',  ( 4.094273464922820516, -4.549999999999999822, 0.9591663046637838308 ) ) ;
#2873 = EDGE_CURVE ( 'NONE', #1693, #1059, #2320, .T. ) ;
#2874 = DIRECTION ( 'NONE',  ( -1.000000000000000000, -0.000000000000000000, -0.000000000000000000 ) ) ;
#2875 = B_SPLINE_CURVE_WITH_KNOTS ( 'NONE', 3,
 ( #3293, #1135, #1385, #235, #1614, #844, #1875, #512, #567, #2212 ),
 .UNSPECIFIED., .F., .F.,
 ( 4, 2, 2, 2, 4 ),
 ( 0.000000000000000000, 0.2499999999999998890, 0.3750000000000000555, 0.5000000000000002220, 1.000000000000000000 ),
 .UNSPECIFIED. ) ;
#2876 = CARTESIAN_POINT ( 'NONE',  ( 16.63999999999999702, 2.418305191658000730, -3.761808075912000060 ) ) ;
#2877 = ORIENTED_EDGE ( 'NONE', *, *, #3373, .T. ) ;
#2878 = PLANE ( 'NONE',  #3210 ) ;
#2879 = ORIENTED_EDGE ( 'NONE', *, *, #2617, .F. ) ;
#2880 = DIRECTION ( 'NONE',  ( 0.000000000000000000, 0.000000000000000000, -1.000000000000000000 ) ) ;
#2881 = ORIENTED_EDGE ( 'NONE', *, *, #1363, .F. ) ;
#2882 = EDGE_CURVE ( 'NONE', #1730, #1214, #264, .T. ) ;
#2883 = ORIENTED_EDGE ( 'NONE', *, *, #3555, .F. ) ;
#2884 = CARTESIAN_POINT ( 'NONE',  ( 15.88000000000000256, 5.477225575051662076, -0.4999999999999846234 ) ) ;
#2885 = FACE_OUTER_BOUND ( 'NONE', #861, .T. ) ;
#2886 = DIRECTION ( 'NONE',  ( 1.000000000000000000, -0.000000000000000000, -0.000000000000000000 ) ) ;
#2887 = DIRECTION ( 'NONE',  ( -0.7071067811866525998, 0.7071067811864425456, 0.000000000000000000 ) ) ;
#2888 = DIRECTION ( 'NONE',  ( -1.000000000000000000, -0.000000000000000000, -0.000000000000000000 ) ) ;
#2889 = EDGE_CURVE ( 'NONE', #2499, #2704, #1777, .T. ) ;
#2890 = CARTESIAN_POINT ( 'NONE',  ( 6.218004044485000215, 4.549999999999999822, -1.528888485142004816 ) ) ;
#2891 = DIRECTION ( 'NONE',  ( -0.000000000000000000, -0.000000000000000000, -1.000000000000000000 ) ) ;
#2892 = ORIENTED_EDGE ( 'NONE', *, *, #1974, .T. ) ;
#2893 = CARTESIAN_POINT ( 'NONE',  ( 20.76784595261290534, -3.881768097328335276, 2.538265213074336835 ) ) ;
#2894 = ORIENTED_EDGE ( 'NONE', *, *, #31, .F. ) ;
#2895 = CIRCLE ( 'NONE', #2308, 0.7100000000000966649 ) ;
#2896 = CARTESIAN_POINT ( 'NONE',  ( 3.500000000000000000, 0.1499999999999999944, 0.000000000000000000 ) ) ;
#2897 = ORIENTED_EDGE ( 'NONE', *, *, #627, .T. ) ;
#2898 = EDGE_CURVE ( 'NONE', #2381, #2054, #2428, .T. ) ;
#2899 = AXIS2_PLACEMENT_3D ( 'NONE', #2438, #3111, #909 ) ;
#2900 = VERTEX_POINT ( 'NONE', #629 ) ;
#2901 = DIRECTION ( 'NONE',  ( 1.000000000000000000, 0.000000000000000000, 0.000000000000000000 ) ) ;
#2902 = DIRECTION ( 'NONE',  ( -1.000000000000000000, 0.000000000000000000, 0.000000000000000000 ) ) ;
#2903 = EDGE_CURVE ( 'NONE', #318, #1758, #3433, .T. ) ;
#2904 = CARTESIAN_POINT ( 'NONE',  ( 15.87999999999999901, 0.5000000000000000000, 0.000000000000000000 ) ) ;
#2905 = VECTOR ( 'NONE', #3116, 1000.000000000000227 ) ;
#2906 = CARTESIAN_POINT ( 'NONE',  ( 21.10000000000000142, 0.000000000000000000, 0.000000000000000000 ) ) ;
#2907 = LINE ( 'NONE', #454, #2188 ) ;
#2908 = AXIS2_PLACEMENT_3D ( 'NONE', #2750, #3137, #1378 ) ;
#2909 = CARTESIAN_POINT ( 'NONE',  ( 20.50019825783913063, 3.316816961186418222, -2.863296306383781964 ) ) ;
#2910 = VECTOR ( 'NONE', #3057, 1000.000000000000000 ) ;
#2911 = CARTESIAN_POINT ( 'NONE',  ( 3.568022902027168097, -0.8796505390540204639, -0.1499999999999326317 ) ) ;
#2912 = VECTOR ( 'NONE', #109, 1000.000000000000000 ) ;
#2913 = VERTEX_POINT ( 'NONE', #938 ) ;
#2914 = B_SPLINE_CURVE_WITH_KNOTS ( 'NONE', 3,
 ( #1786, #1313, #3461, #455, #3166, #1524 ),
 .UNSPECIFIED., .F., .F.,
 ( 4, 2, 4 ),
 ( -0.002178706533926834041, -0.001305351523851534801, -0.0004319965137762355606 ),
 .UNSPECIFIED. ) ;
#2915 = PLANE ( 'NONE',  #974 ) ;
#2916 = ORIENTED_EDGE ( 'NONE', *, *, #2687, .T. ) ;
#2917 =( GEOMETRIC_REPRESENTATION_CONTEXT ( 3 ) GLOBAL_UNCERTAINTY_ASSIGNED_CONTEXT ( ( #904 ) ) GLOBAL_UNIT_ASSIGNED_CONTEXT ( ( #1940, #2226, #1203 ) ) REPRESENTATION_CONTEXT ( 'NONE', 'WORKASPACE' ) );
#2918 = FACE_OUTER_BOUND ( 'NONE', #3463, .T. ) ;
#2919 = ORIENTED_EDGE ( 'NONE', *, *, #1691, .T. ) ;
#2920 = EDGE_CURVE ( 'NONE', #1526, #2307, #1359, .T. ) ;
#2921 = ORIENTED_EDGE ( 'NONE', *, *, #1878, .F. ) ;
#2922 = ORIENTED_EDGE ( 'NONE', *, *, #2221, .T. ) ;
#2923 = DIRECTION ( 'NONE',  ( 1.000000000000000000, 0.000000000000000000, 0.000000000000000000 ) ) ;
#2924 = PLANE ( 'NONE',  #3543 ) ;
#2925 = LINE ( 'NONE', #401, #958 ) ;
#2926 = CARTESIAN_POINT ( 'NONE',  ( 3.299999999999999822, 2.350000000000000089, 2.321232110069490035E-15 ) ) ;
#2927 = B_SPLINE_CURVE_WITH_KNOTS ( 'NONE', 3,
 ( #2363, #1234, #2043, #3177 ),
 .UNSPECIFIED., .F., .F.,
 ( 4, 4 ),
 ( 0.000000000000000000, 1.000009168886730304 ),
 .UNSPECIFIED. ) ;
#2928 = CARTESIAN_POINT ( 'NONE',  ( 8.700000000000189360, -0.7100000000000485922, -4.347496136973685905E-17 ) ) ;
#2929 = LINE ( 'NONE', #2048, #211 ) ;
#2930 = ORIENTED_EDGE ( 'NONE', *, *, #811, .T. ) ;
#2931 = FACE_OUTER_BOUND ( 'NONE', #462, .T. ) ;
#2932 = ORIENTED_EDGE ( 'NONE', *, *, #2966, .F. ) ;
#2933 = CARTESIAN_POINT ( 'NONE',  ( 9.300000000000000711, -0.9102261835232462461, 3.411265664844261192 ) ) ;
#2934 = EDGE_LOOP ( 'NONE', ( #2741, #3083, #2395, #129 ) ) ;
#2935 = EDGE_CURVE ( 'NONE', #3397, #993, #1481, .T. ) ;
#2936 = ADVANCED_FACE ( 'NONE', ( #1731 ), #323, .F. ) ;
#2937 = ORIENTED_EDGE ( 'NONE', *, *, #2702, .F. ) ;
#2938 = CARTESIAN_POINT ( 'NONE',  ( 16.63999999999999702, -2.418305191657999842, -3.761808075912000060 ) ) ;
#2939 = PLANE ( 'NONE',  #3428 ) ;
#2940 = PRODUCT_DEFINITION_SHAPE ( 'NONE', 'NONE',  #2867 ) ;
#2941 = CARTESIAN_POINT ( 'NONE',  ( 15.88000000000000256, -5.477225575051661188, 0.4999999999999908962 ) ) ;
#2942 = CARTESIAN_POINT ( 'NONE',  ( 20.60206887245767149, -2.418305191658411513, -3.761808075912862925 ) ) ;
#2943 = B_SPLINE_CURVE_WITH_KNOTS ( 'NONE', 3,
 ( #3164, #2872, #1555, #1835, #689, #2639, #986, #402 ),
 .UNSPECIFIED., .F., .F.,
 ( 4, 2, 2, 4 ),
 ( -0.0004319965137762371327, 3.498130741097363935E-06, 0.0004389927752584318606, 0.001309982064293100908 ),
 .UNSPECIFIED. ) ;
#2944 = DIRECTION ( 'NONE',  ( -1.000000000000000000, 0.000000000000000000, 0.000000000000000000 ) ) ;
#2945 = CARTESIAN_POINT ( 'NONE',  ( 6.695240617399685235, 4.549999999999998934, -0.5463012761529425498 ) ) ;
#2946 = ORIENTED_EDGE ( 'NONE', *, *, #1451, .T. ) ;
#2947 = CARTESIAN_POINT ( 'NONE',  ( 3.499999999999857447, -0.1499999999999765965, -0.9987898295349363353 ) ) ;
#2948 = EDGE_LOOP ( 'NONE', ( #825, #1278, #1049, #2697 ) ) ;
#2949 = EDGE_CURVE ( 'NONE', #2913, #939, #1229, .T. ) ;
#2950 = DIRECTION ( 'NONE',  ( 0.000000000000000000, 1.000000000000000000, 0.000000000000000000 ) ) ;
#2951 = ORIENTED_EDGE ( 'NONE', *, *, #3409, .F. ) ;
#2952 = ORIENTED_EDGE ( 'NONE', *, *, #167, .F. ) ;
#2953 = EDGE_LOOP ( 'NONE', ( #2210, #1677, #1347, #1343 ) ) ;
#2954 = FACE_OUTER_BOUND ( 'NONE', #2359, .T. ) ;
#2955 = VECTOR ( 'NONE', #1800, 1000.000000000000114 ) ;
#2956 = LINE ( 'NONE', #3511, #429 ) ;
#2957 = VECTOR ( 'NONE', #1604, 1000.000000000000000 ) ;
#2958 = DIRECTION ( 'NONE',  ( 0.000000000000000000, 1.000000000000000000, 0.000000000000000000 ) ) ;
#2959 = CARTESIAN_POINT ( 'NONE',  ( 15.50000000000000000, 0.7099999999999999645, -8.694992273946210705E-17 ) ) ;
#2960 = EDGE_CURVE ( 'NONE', #318, #645, #376, .T. ) ;
#2961 = AXIS2_PLACEMENT_3D ( 'NONE', #2024, #985, #188 ) ;
#2962 = CARTESIAN_POINT ( 'NONE',  ( 4.738692443450447378, -5.431803927559817780, -0.8648807447269059034 ) ) ;
#2963 = ORIENTED_EDGE ( 'NONE', *, *, #2058, .F. ) ;
#2964 = AXIS2_PLACEMENT_3D ( 'NONE', #2112, #1087, #796 ) ;
#2965 = DIRECTION ( 'NONE',  ( 1.000000000000000000, 0.000000000000000000, 0.000000000000000000 ) ) ;
#2966 = EDGE_CURVE ( 'NONE', #2270, #1376, #2373, .T. ) ;
#2967 = ORIENTED_EDGE ( 'NONE', *, *, #3403, .F. ) ;
#2968 = OPEN_SHELL ( 'NONE', ( #2773, #467, #1954, #2347, #3516, #915 ) ) ;
#2969 = AXIS2_PLACEMENT_3D ( 'NONE', #2589, #138, #8 ) ;
#2970 = CARTESIAN_POINT ( 'NONE',  ( 4.847467316148594385, 5.443396214446986292, -0.7924970549139501719 ) ) ;
#2971 = FACE_OUTER_BOUND ( 'NONE', #3028, .T. ) ;
#2972 = ORIENTED_EDGE ( 'NONE', *, *, #3427, .T. ) ;
#2973 = AXIS2_PLACEMENT_3D ( 'NONE', #2099, #726, #1540 ) ;
#2974 = EDGE_LOOP ( 'NONE', ( #2020, #1877, #3239 ) ) ;
#2975 = VECTOR ( 'NONE', #2233, 1000.000000000000000 ) ;
#2976 = VERTEX_POINT ( 'NONE', #3392 ) ;
#2977 = DIRECTION ( 'NONE',  ( 0.000000000000000000, 1.000000000000000000, 0.000000000000000000 ) ) ;
#2978 = AXIS2_PLACEMENT_3D ( 'NONE', #1093, #2986, #1077 ) ;
#2979 = CARTESIAN_POINT ( 'NONE',  ( 1.784813566981706234, 4.550000000000000711, -0.5460835779486847841 ) ) ;
#2980 = AXIS2_PLACEMENT_3D ( 'NONE', #659, #393, #1495 ) ;
#2981 = CARTESIAN_POINT ( 'NONE',  ( 15.29999992042547419, -3.000000264195409549, 3.469438525075866845E-09 ) ) ;
#2982 = LINE ( 'NONE', #3325, #1236 ) ;
#2983 = EDGE_CURVE ( 'NONE', #2704, #2477, #1639, .T. ) ;
#2984 = CARTESIAN_POINT ( 'NONE',  ( 5.031123135719894002, -5.466956297876298443, -0.6089546065720697898 ) ) ;
#2985 = EDGE_CURVE ( 'NONE', #645, #3336, #1031, .T. ) ;
#2986 = DIRECTION ( 'NONE',  ( -1.000000000000000000, 0.000000000000000000, 0.000000000000000000 ) ) ;
#2987 = CARTESIAN_POINT ( 'NONE',  ( 15.87999999999999901, 0.000000000000000000, 0.000000000000000000 ) ) ;
#2988 = ORIENTED_EDGE ( 'NONE', *, *, #562, .F. ) ;
#2989 = CARTESIAN_POINT ( 'NONE',  ( 6.740000000000000213, 0.000000000000000000, 0.000000000000000000 ) ) ;
#2990 = CARTESIAN_POINT ( 'NONE',  ( 20.60206887245765728, -3.761808075912867366, 2.418305191658414177 ) ) ;
#2991 = APPLICATION_CONTEXT ( 'automotive_design' ) ;
#2992 = VERTEX_POINT ( 'NONE', #959 ) ;
#2993 = ORIENTED_EDGE ( 'NONE', *, *, #2581, .F. ) ;
#2994 = CARTESIAN_POINT ( 'NONE',  ( 15.50000000000000000, -0.7099999999999999645, 0.000000000000000000 ) ) ;
#2995 = DIRECTION ( 'NONE',  ( 0.000000000000000000, -0.7071067811865475727, 0.7071067811865475727 ) ) ;
#2996 = DIRECTION ( 'NONE',  ( -1.000000000000000000, 0.000000000000000000, 0.000000000000000000 ) ) ;
#2997 = FACE_BOUND ( 'NONE', #3246, .T. ) ;
#2998 = DIRECTION ( 'NONE',  ( -1.000000000000000000, 0.000000000000000000, 0.000000000000000000 ) ) ;
#2999 = ORIENTED_EDGE ( 'NONE', *, *, #578, .T. ) ;
#3000 = CARTESIAN_POINT ( 'NONE',  ( 9.299999999999998934, -2.146477420736938591, -2.803373274061217835 ) ) ;
#3001 = DIRECTION ( 'NONE',  ( 1.000000000000000000, 0.000000000000000000, 0.000000000000000000 ) ) ;
#3002 = EDGE_CURVE ( 'NONE', #3106, #1269, #2564, .T. ) ;
#3003 = EDGE_CURVE ( 'NONE', #2900, #344, #444, .T. ) ;
#3004 = ORIENTED_EDGE ( 'NONE', *, *, #2179, .T. ) ;
#3005 = CYLINDRICAL_SURFACE ( 'NONE', #484, 5.500000000000000000 ) ;
#3006 = CARTESIAN_POINT ( 'NONE',  ( 3.500000000000000000, 0.1500000000000459854, 1.039230484541321831 ) ) ;
#3007 = ORIENTED_EDGE ( 'NONE', *, *, #1112, .F. ) ;
#3008 = DIRECTION ( 'NONE',  ( -1.000000000000000000, -0.000000000000000000, -0.000000000000000000 ) ) ;
#3009 = ORIENTED_EDGE ( 'NONE', *, *, #1443, .F. ) ;
#3010 = ORIENTED_EDGE ( 'NONE', *, *, #706, .T. ) ;
#3011 = CARTESIAN_POINT ( 'NONE',  ( 15.87999999999999901, 0.000000000000000000, 0.5000000000000000000 ) ) ;
#3012 = EDGE_CURVE ( 'NONE', #3356, #711, #2216, .T. ) ;
#3013 = FACE_OUTER_BOUND ( 'NONE', #1563, .T. ) ;
#3014 = CARTESIAN_POINT ( 'NONE',  ( 22.15500000000000114, 0.000000000000000000, 0.000000000000000000 ) ) ;
#3015 = VECTOR ( 'NONE', #1055, 1000.000000000000000 ) ;
#3016 = CARTESIAN_POINT ( 'NONE',  ( 16.63999999999999702, 1.020831856546000102E-14, -0.5000000000000000000 ) ) ;
#3017 = EDGE_CURVE ( 'NONE', #3535, #1111, #1809, .T. ) ;
#3018 = CIRCLE ( 'NONE', #2133, 4.199999999999996625 ) ;
#3019 = CARTESIAN_POINT ( 'NONE',  ( 3.946649504879719661, 4.550000000000000711, 0.9770973772543617430 ) ) ;
#3020 = ORIENTED_EDGE ( 'NONE', *, *, #1088, .T. ) ;
#3021 = DIRECTION ( 'NONE',  ( 1.000000000000000000, 0.000000000000000000, 0.000000000000000000 ) ) ;
#3022 = PLANE ( 'NONE',  #2215 ) ;
#3023 = AXIS2_PLACEMENT_3D ( 'NONE', #513, #2190, #845 ) ;
#3024 = ORIENTED_EDGE ( 'NONE', *, *, #1451, .F. ) ;
#3025 = LINE ( 'NONE', #548, #2431 ) ;
#3026 = CARTESIAN_POINT ( 'NONE',  ( 3.981513495401159286, 5.415014459290326876, 0.9644451579018340492 ) ) ;
#3027 = AXIS2_PLACEMENT_3D ( 'NONE', #2201, #1984, #2822 ) ;
#3028 = EDGE_LOOP ( 'NONE', ( #628, #1169, #2881, #976, #3267 ) ) ;
#3029 = DIRECTION ( 'NONE',  ( 0.000000000000000000, 0.000000000000000000, -1.000000000000000000 ) ) ;
#3030 = VERTEX_POINT ( 'NONE', #424 ) ;
#3031 = VECTOR ( 'NONE', #1631, 1000.000000000000000 ) ;
#3032 = ADVANCED_FACE ( 'NONE', ( #2918 ), #1471, .F. ) ;
#3033 = ORIENTED_EDGE ( 'NONE', *, *, #3521, .T. ) ;
#3034 = EDGE_CURVE ( 'NONE', #2488, #2116, #545, .T. ) ;
#3035 = CIRCLE ( 'NONE', #670, 4.074999999999988631 ) ;
#3036 = CARTESIAN_POINT ( 'NONE',  ( 21.10000000000002274, 2.777770263849047350, -4.121273148103048456 ) ) ;
#3037 = CIRCLE ( 'NONE', #2618, 0.7099999999999999645 ) ;
#3038 = CARTESIAN_POINT ( 'NONE',  ( 6.739939211634903948, -4.549999999999999822, -0.2763107456020771902 ) ) ;
#3039 = CARTESIAN_POINT ( 'NONE',  ( 3.625756664706730970, -0.1500000000000827338, 0.7780474843615629021 ) ) ;
#3040 = AXIS2_PLACEMENT_3D ( 'NONE', #1992, #582, #106 ) ;
#3041 = CARTESIAN_POINT ( 'NONE',  ( 9.299999999999998934, -3.924999999999999822, 0.000000000000000000 ) ) ;
#3042 = DIRECTION ( 'NONE',  ( 0.000000000000000000, 8.881784197001252323E-16, 1.000000000000000000 ) ) ;
#3043 = AXIS2_PLACEMENT_3D ( 'NONE', #1596, #2680, #496 ) ;
#3044 = DIRECTION ( 'NONE',  ( 0.000000000000000000, 0.000000000000000000, 1.000000000000000000 ) ) ;
#3045 = DIRECTION ( 'NONE',  ( 0.000000000000000000, 0.000000000000000000, -1.000000000000000000 ) ) ;
#3046 = CARTESIAN_POINT ( 'NONE',  ( 22.15500000000000114, 4.550000000000023803, 1.528888485141994380 ) ) ;
#3047 = ORIENTED_EDGE ( 'NONE', *, *, #3474, .T. ) ;
#3048 = DIRECTION ( 'NONE',  ( 1.000000000000000000, 0.000000000000000000, 0.000000000000000000 ) ) ;
#3049 = CARTESIAN_POINT ( 'NONE',  ( 1.854751855573401276, 4.741208489932442482, -0.7518158165132973192 ) ) ;
#3050 = EDGE_LOOP ( 'NONE', ( #1440, #2272 ) ) ;
#3051 = DIRECTION ( 'NONE',  ( 0.5150380749102210221, -0.8571673007020119694, 3.806587492780674592E-15 ) ) ;
#3052 = VERTEX_POINT ( 'NONE', #2666 ) ;
#3053 = VERTEX_POINT ( 'NONE', #1010 ) ;
#3054 = CARTESIAN_POINT ( 'NONE',  ( 1.740000000000001101, 4.799999999999999822, -9.482480109220044735E-15 ) ) ;
#3055 = EDGE_CURVE ( 'NONE', #2141, #717, #1583, .T. ) ;
#3056 = ADVANCED_FACE ( 'NONE', ( #2647 ), #3242, .F. ) ;
#3057 = DIRECTION ( 'NONE',  ( 0.000000000000000000, 1.000000000000000000, 0.000000000000000000 ) ) ;
#3058 = FACE_OUTER_BOUND ( 'NONE', #3223, .T. ) ;
#3059 = DIRECTION ( 'NONE',  ( 0.000000000000000000, 0.000000000000000000, 1.000000000000000000 ) ) ;
#3060 = EDGE_LOOP ( 'NONE', ( #682, #934, #2745, #1651 ) ) ;
#3061 = CARTESIAN_POINT ( 'NONE',  ( 9.299999999999998934, 0.4644955124186320172, -3.500072992152519991 ) ) ;
#3062 = DIRECTION ( 'NONE',  ( -0.000000000000000000, 0.7071067811865474617, 0.7071067811865474617 ) ) ;
#3063 = VERTEX_POINT ( 'NONE', #766 ) ;
#3064 = CARTESIAN_POINT ( 'NONE',  ( 6.218004044485000215, -4.549999999999999822, 1.528888485142002374 ) ) ;
#3065 = LINE ( 'NONE', #2231, #90 ) ;
#3066 = ORIENTED_EDGE ( 'NONE', *, *, #3331, .T. ) ;
#3067 = DIRECTION ( 'NONE',  ( 1.000000000000000000, 0.000000000000000000, 0.000000000000000000 ) ) ;
#3068 = ORIENTED_EDGE ( 'NONE', *, *, #3221, .F. ) ;
#3069 = ADVANCED_FACE ( 'NONE', ( #2393 ), #460, .F. ) ;
#3070 = ORIENTED_EDGE ( 'NONE', *, *, #319, .F. ) ;
#3071 = DIRECTION ( 'NONE',  ( -0.000000000000000000, 1.000000000000000000, -0.000000000000000000 ) ) ;
#3072 = EDGE_CURVE ( 'NONE', #19, #3389, #1546, .T. ) ;
#3073 = FACE_OUTER_BOUND ( 'NONE', #3536, .T. ) ;
#3074 = CARTESIAN_POINT ( 'NONE',  ( 6.728580400676453799, 4.793937294187221809, 0.2772310935367756635 ) ) ;
#3075 = CYLINDRICAL_SURFACE ( 'NONE', #2546, 5.500000000000000000 ) ;
#3076 = SHAPE_DEFINITION_REPRESENTATION ( #2940, #3439 ) ;
#3077 = CARTESIAN_POINT ( 'NONE',  ( 4.240000000000000213, 6.049999999999999822, 0.000000000000000000 ) ) ;
#3078 = CARTESIAN_POINT ( 'NONE',  ( 1.978227947595073477, 4.680190647141492022, 1.067633287036994894 ) ) ;
#3079 = ORIENTED_EDGE ( 'NONE', *, *, #352, .F. ) ;
#3080 = CIRCLE ( 'NONE', #2365, 4.799999999999999822 ) ;
#3081 = DIRECTION ( 'NONE',  ( 1.000000000000000000, 0.000000000000000000, 0.000000000000000000 ) ) ;
#3082 = CARTESIAN_POINT ( 'NONE',  ( 3.500000000000000000, -0.1499999999999999944, 1.039230484540999866 ) ) ;
#3083 = ORIENTED_EDGE ( 'NONE', *, *, #2835, .F. ) ;
#3084 = EDGE_CURVE ( 'NONE', #3350, #254, #3574, .T. ) ;
#3085 = AXIS2_PLACEMENT_3D ( 'NONE', #431, #1273, #3161 ) ;
#3086 = DIRECTION ( 'NONE',  ( 0.000000000000000000, 1.000000000000000000, 0.000000000000000000 ) ) ;
#3087 = ORIENTED_EDGE ( 'NONE', *, *, #2725, .T. ) ;
#3088 = AXIS2_PLACEMENT_3D ( 'NONE', #335, #2497, #2829 ) ;
#3089 = ORIENTED_EDGE ( 'NONE', *, *, #452, .F. ) ;
#3090 = CIRCLE ( 'NONE', #3144, 0.9899999999999999911 ) ;
#3091 = DIRECTION ( 'NONE',  ( 1.000000000000000000, -0.000000000000000000, -0.000000000000000000 ) ) ;
#3092 = FACE_OUTER_BOUND ( 'NONE', #3050, .T. ) ;
#3093 = CARTESIAN_POINT ( 'NONE',  ( 3.299999999999999822, 0.000000000000000000, 0.000000000000000000 ) ) ;
#3094 = VECTOR ( 'NONE', #3271, 1000.000000000000000 ) ;
#3095 = CARTESIAN_POINT ( 'NONE',  ( 20.99999816616985271, 0.2699927626864976338, 1.493868948367912482E-09 ) ) ;
#3096 = AXIS2_PLACEMENT_3D ( 'NONE', #1910, #1117, #3086 ) ;
#3097 = DIRECTION ( 'NONE',  ( 0.000000000000000000, 1.000000000000000000, 0.000000000000000000 ) ) ;
#3098 = DIRECTION ( 'NONE',  ( 0.000000000000000000, 0.000000000000000000, 1.000000000000000000 ) ) ;
#3099 = EDGE_CURVE ( 'NONE', #3486, #18, #2595, .T. ) ;
#3100 = B_SPLINE_CURVE_WITH_KNOTS ( 'NONE', 3,
 ( #303, #2424, #2744, #1401, #1371, #3006 ),
 .UNSPECIFIED., .F., .F.,
 ( 4, 2, 4 ),
 ( 0.000000000000000000, 0.5000000000000000000, 1.000000000000000000 ),
 .UNSPECIFIED. ) ;
#3101 = EDGE_CURVE ( 'NONE', #3391, #130, #2052, .T. ) ;
#3102 = CARTESIAN_POINT ( 'NONE',  ( 21.10000000000000142, -4.560838738653000490, -3.217335854398999828 ) ) ;
#3103 = CARTESIAN_POINT ( 'NONE',  ( 21.10000000000000142, -3.761808075912102201, 2.418305191658097986 ) ) ;
#3104 = ORIENTED_EDGE ( 'NONE', *, *, #3207, .T. ) ;
#3105 = DIRECTION ( 'NONE',  ( -1.000000000000000000, 0.000000000000000000, 0.000000000000000000 ) ) ;
#3106 = VERTEX_POINT ( 'NONE', #249 ) ;
#3107 = CYLINDRICAL_SURFACE ( 'NONE', #1183, 0.7099999999999999645 ) ;
#3108 = ORIENTED_EDGE ( 'NONE', *, *, #2370, .T. ) ;
#3109 = CARTESIAN_POINT ( 'NONE',  ( 3.500000000000000000, 1.039230484541344035, 0.1499999999999540035 ) ) ;
#3110 = DIRECTION ( 'NONE',  ( -1.000000000000000000, 0.000000000000000000, 0.000000000000000000 ) ) ;
#3111 = DIRECTION ( 'NONE',  ( 1.000000000000000000, 0.000000000000000000, 0.000000000000000000 ) ) ;
#3112 = DIRECTION ( 'NONE',  ( 0.000000000000000000, 1.000000000000000000, 0.000000000000000000 ) ) ;
#3113 = CARTESIAN_POINT ( 'NONE',  ( 21.10000000000000142, 3.158881664815019530, -4.502384549069024189 ) ) ;
#3114 = DIRECTION ( 'NONE',  ( 0.000000000000000000, 0.000000000000000000, 1.000000000000000000 ) ) ;
#3115 = CARTESIAN_POINT ( 'NONE',  ( 3.250000000000000000, 6.049999999999999822, 0.000000000000000000 ) ) ;
#3116 = DIRECTION ( 'NONE',  ( -0.5150380749102210221, -0.8571673007020119694, 1.798321027276488307E-15 ) ) ;
#3117 = ORIENTED_EDGE ( 'NONE', *, *, #3446, .T. ) ;
#3118 = DIRECTION ( 'NONE',  ( -1.000000000000000000, 0.000000000000000000, 0.000000000000000000 ) ) ;
#3119 = EDGE_CURVE ( 'NONE', #2214, #2499, #2086, .T. ) ;
#3120 = ORIENTED_EDGE ( 'NONE', *, *, #2983, .T. ) ;
#3121 = CARTESIAN_POINT ( 'NONE',  ( 6.516568785188911583, -4.550000000000000711, -1.069241907291577753 ) ) ;
#3122 = ORIENTED_EDGE ( 'NONE', *, *, #3072, .F. ) ;
#3123 = ORIENTED_EDGE ( 'NONE', *, *, #2823, .F. ) ;
#3124 = CYLINDRICAL_SURFACE ( 'NONE', #1535, 1.064999999999999947 ) ;
#3125 = EDGE_CURVE ( 'NONE', #2247, #3280, #1375, .T. ) ;
#3126 = CARTESIAN_POINT ( 'NONE',  ( 2.603693182804967865, 4.550000000000009592, -1.528888485141954856 ) ) ;
#3127 = CYLINDRICAL_SURFACE ( 'NONE', #1411, 0.9899999999999999911 ) ;
#3128 = DIRECTION ( 'NONE',  ( 1.000000000000000000, 0.000000000000000000, 0.000000000000000000 ) ) ;
#3129 = CARTESIAN_POINT ( 'NONE',  ( 20.49999999999976907, -2.865845155167604297, 3.314268112402595889 ) ) ;
#3130 = LINE ( 'NONE', #1238, #1965 ) ;
#3131 = CARTESIAN_POINT ( 'NONE',  ( 20.80000000000000071, 0.000000000000000000, 1.348273484663000001E-14 ) ) ;
#3132 = DIRECTION ( 'NONE',  ( 0.000000000000000000, 0.000000000000000000, 1.000000000000000000 ) ) ;
#3133 = EDGE_LOOP ( 'NONE', ( #875, #2661 ) ) ;
#3134 = DIRECTION ( 'NONE',  ( 1.000000000000000000, 0.000000000000000000, 0.000000000000000000 ) ) ;
#3135 = CIRCLE ( 'NONE', #2598, 5.500000000000000000 ) ;
#3136 = VERTEX_POINT ( 'NONE', #285 ) ;
#3137 = DIRECTION ( 'NONE',  ( 1.000000000000000000, -0.000000000000000000, -0.000000000000000000 ) ) ;
#3138 = VECTOR ( 'NONE', #400, 1000.000000000000000 ) ;
#3139 = ORIENTED_EDGE ( 'NONE', *, *, #3393, .F. ) ;
#3140 = VECTOR ( 'NONE', #1961, 1000.000000000000000 ) ;
#3141 = ADVANCED_FACE ( 'NONE', ( #498 ), #3005, .T. ) ;
#3142 = EDGE_CURVE ( 'NONE', #2207, #3158, #2875, .T. ) ;
#3143 = ORIENTED_EDGE ( 'NONE', *, *, #1354, .F. ) ;
#3144 = AXIS2_PLACEMENT_3D ( 'NONE', #681, #3323, #1497 ) ;
#3145 = CARTESIAN_POINT ( 'NONE',  ( 5.229999999999999538, -5.500000000000001776, 0.1310775803318456056 ) ) ;
#3146 = CARTESIAN_POINT ( 'NONE',  ( 7.799999999999999822, 0.6939740629158983598, -0.1500000000000025480 ) ) ;
#3147 = AXIS2_PLACEMENT_3D ( 'NONE', #2388, #2351, #952 ) ;
#3148 = FACE_OUTER_BOUND ( 'NONE', #2787, .T. ) ;
#3149 = DIRECTION ( 'NONE',  ( -1.000000000000000000, 0.000000000000000000, 0.000000000000000000 ) ) ;
#3150 = CARTESIAN_POINT ( 'NONE',  ( 22.15500000000000114, -4.502384549069024189, 3.158881664815020418 ) ) ;
#3151 = CARTESIAN_POINT ( 'NONE',  ( 21.10000000000001563, 4.121273148103059114, 2.777770263849058008 ) ) ;
#3152 = DIRECTION ( 'NONE',  ( 1.000000000000000000, 0.000000000000000000, 0.000000000000000000 ) ) ;
#3153 = ORIENTED_EDGE ( 'NONE', *, *, #2825, .F. ) ;
#3154 = CARTESIAN_POINT ( 'NONE',  ( 9.299999999999998934, 0.000000000000000000, 0.000000000000000000 ) ) ;
#3155 = ORIENTED_EDGE ( 'NONE', *, *, #3099, .F. ) ;
#3156 = DIRECTION ( 'NONE',  ( -0.7071067594293607428, 0.000000000000000000, -0.7071068029437337366 ) ) ;
#3157 = AXIS2_PLACEMENT_3D ( 'NONE', #2103, #1544, #1839 ) ;
#3158 = VERTEX_POINT ( 'NONE', #3334 ) ;
#3159 = VERTEX_POINT ( 'NONE', #1599 ) ;
#3160 = CARTESIAN_POINT ( 'NONE',  ( 4.847467316148592609, -5.443396214446985404, 0.7924970549139505049 ) ) ;
#3161 = DIRECTION ( 'NONE',  ( 0.000000000000000000, 0.000000000000000000, 1.000000000000000000 ) ) ;
#3162 = EDGE_CURVE ( 'NONE', #939, #2992, #539, .T. ) ;
#3163 = CARTESIAN_POINT ( 'NONE',  ( 16.64000000000000057, -0.4999999999999867883, 5.477225575051662076 ) ) ;
#3164 = CARTESIAN_POINT ( 'NONE',  ( 4.239999999984460644, -4.549999999999999822, 0.9591663046625505951 ) ) ;
#3165 = LINE ( 'NONE', #3443, #2779 ) ;
#3166 = CARTESIAN_POINT ( 'NONE',  ( 4.532244694837255672, 4.549999999999999822, -0.9591663046601174303 ) ) ;
#3167 = ORIENTED_EDGE ( 'NONE', *, *, #1806, .T. ) ;
#3168 = DIRECTION ( 'NONE',  ( -0.8580168844517193083, 0.5136214812444712674, 0.000000000000000000 ) ) ;
#3169 = ADVANCED_FACE ( 'NONE', ( #2460 ), #2743, .T. ) ;
#3170 = ORIENTED_EDGE ( 'NONE', *, *, #529, .F. ) ;
#3171 = CARTESIAN_POINT ( 'NONE',  ( 16.63999999999999702, -3.158881664814999546, 4.502384549069000208 ) ) ;
#3172 = EDGE_LOOP ( 'NONE', ( #2324, #941, #1282, #1874 ) ) ;
#3173 = EDGE_CURVE ( 'NONE', #1429, #448, #3025, .T. ) ;
#3174 = ORIENTED_EDGE ( 'NONE', *, *, #754, .T. ) ;
#3175 = DIRECTION ( 'NONE',  ( 0.000000000000000000, 0.000000000000000000, -1.000000000000000000 ) ) ;
#3176 = B_SPLINE_CURVE_WITH_KNOTS ( 'NONE', 3,
 ( #1308, #226, #278, #3251, #1866, #2366, #2979, #505, #3491, #1605 ),
 .UNSPECIFIED., .F., .F.,
 ( 4, 2, 2, 2, 4 ),
 ( 0.000000000000000000, 0.2500000000000000555, 0.5000000000000000000, 0.7500000000000000000, 1.000000000000000000 ),
 .UNSPECIFIED. ) ;
#3177 = CARTESIAN_POINT ( 'NONE',  ( 20.99999816616984205, -0.2699927626864977448, -1.493869036234393433E-09 ) ) ;
#3178 = DIRECTION ( 'NONE',  ( 0.000000000000000000, 0.7071067811865473507, 0.7071067811865477948 ) ) ;
#3179 = CARTESIAN_POINT ( 'NONE',  ( 7.799999999999999822, 0.6939740629158990259, 0.1499999999999996336 ) ) ;
#3180 = CARTESIAN_POINT ( 'NONE',  ( 21.10000000000000142, 4.560838738653000490, 3.217335854398999828 ) ) ;
#3181 = B_SPLINE_CURVE_WITH_KNOTS ( 'NONE', 3,
 ( #2537, #2859, #391, #1757, #340, #2818, #355, #1424, #2010, #3388 ),
 .UNSPECIFIED., .F., .F.,
 ( 4, 2, 2, 2, 4 ),
 ( 0.000000000000000000, 0.2500000000000000000, 0.5000000000000000000, 0.7500000000000000000, 1.000000000000000000 ),
 .UNSPECIFIED. ) ;
#3182 = DIRECTION ( 'NONE',  ( 0.000000000000000000, 1.000000000000000000, 0.000000000000000000 ) ) ;
#3183 = LINE ( 'NONE', #729, #1011 ) ;
#3184 = ORIENTED_EDGE ( 'NONE', *, *, #3084, .T. ) ;
#3185 = CARTESIAN_POINT ( 'NONE',  ( 20.93384361949398809, -4.001575798513393067, 2.658072914259392405 ) ) ;
#3186 = ORIENTED_EDGE ( 'NONE', *, *, #656, .T. ) ;
#3187 = CARTESIAN_POINT ( 'NONE',  ( 15.29999992042545998, 3.000000264195402444, 2.127726366468877028E-09 ) ) ;
#3188 = ORIENTED_EDGE ( 'NONE', *, *, #1149, .F. ) ;
#3189 = CIRCLE ( 'NONE', #1630, 1.064999999999999947 ) ;
#3190 = ORIENTED_EDGE ( 'NONE', *, *, #914, .T. ) ;
#3191 = AXIS2_PLACEMENT_3D ( 'NONE', #1898, #1121, #2672 ) ;
#3192 = ORIENTED_EDGE ( 'NONE', *, *, #2882, .F. ) ;
#3193 = CARTESIAN_POINT ( 'NONE',  ( 8.500000000000000000, 3.000000000000000000, 2.963275034131263782E-15 ) ) ;
#3194 = AXIS2_PLACEMENT_3D ( 'NONE', #1006, #3152, #677 ) ;
#3195 = FACE_OUTER_BOUND ( 'NONE', #1033, .T. ) ;
#3196 = CARTESIAN_POINT ( 'NONE',  ( 4.240000000000000213, -4.549999999999999822, 0.000000000000000000 ) ) ;
#3197 = VECTOR ( 'NONE', #409, 1000.000000000000000 ) ;
#3198 = LINE ( 'NONE', #453, #1978 ) ;
#3199 = DIRECTION ( 'NONE',  ( 0.000000000000000000, 0.000000000000000000, 1.000000000000000000 ) ) ;
#3200 = VECTOR ( 'NONE', #2452, 1000.000000000000000 ) ;
#3201 = CARTESIAN_POINT ( 'NONE',  ( 20.53544452054279645, 3.540038034452414717, -2.640075233117785025 ) ) ;
#3202 = VECTOR ( 'NONE', #170, 1000.000000000000000 ) ;
#3203 = CARTESIAN_POINT ( 'NONE',  ( 3.499999999999825473, -0.9987898295349922906, -0.1499999999999856726 ) ) ;
#3204 = CONICAL_SURFACE ( 'NONE', #2850, 4.670000000000002593, 0.7853981633972997312 ) ;
#3205 = ORIENTED_EDGE ( 'NONE', *, *, #1288, .T. ) ;
#3206 = DIRECTION ( 'NONE',  ( -1.000000000000000000, -0.000000000000000000, -0.000000000000000000 ) ) ;
#3207 = EDGE_CURVE ( 'NONE', #1861, #1787, #3311, .T. ) ;
#3208 = ADVANCED_FACE ( 'NONE', ( #805 ), #14, .T. ) ;
#3209 = VERTEX_POINT ( 'NONE', #2136 ) ;
#3210 = AXIS2_PLACEMENT_3D ( 'NONE', #936, #407, #1477 ) ;
#3211 = CARTESIAN_POINT ( 'NONE',  ( 9.300000000000000711, 0.4644955124186318507, 3.499927007847480898 ) ) ;
#3212 = ORIENTED_EDGE ( 'NONE', *, *, #2237, .F. ) ;
#3213 = EDGE_LOOP ( 'NONE', ( #1715, #2379, #2866, #1560 ) ) ;
#3214 = VECTOR ( 'NONE', #1366, 1000.000000000000000 ) ;
#3215 = ORIENTED_EDGE ( 'NONE', *, *, #3403, .T. ) ;
#3216 = DIRECTION ( 'NONE',  ( 0.000000000000000000, -0.7071067811865976438, -0.7071067811864972796 ) ) ;
#3217 = FACE_OUTER_BOUND ( 'NONE', #883, .T. ) ;
#3218 = DIRECTION ( 'NONE',  ( -1.000000000000000000, 0.000000000000000000, 0.000000000000000000 ) ) ;
#3219 = DIRECTION ( 'NONE',  ( -0.000000000000000000, 1.000000000000000000, 0.000000000000000000 ) ) ;
#3220 = LINE ( 'NONE', #743, #708 ) ;
#3221 = EDGE_CURVE ( 'NONE', #72, #791, #1892, .T. ) ;
#3222 = CARTESIAN_POINT ( 'NONE',  ( 20.53539903949222989, 2.640226624226010177, -3.539886643344190453 ) ) ;
#3223 = EDGE_LOOP ( 'NONE', ( #1042, #163, #75, #794 ) ) ;
#3224 = LINE ( 'NONE', #1266, #3386 ) ;
#3225 = ORIENTED_EDGE ( 'NONE', *, *, #2478, .T. ) ;
#3226 = CARTESIAN_POINT ( 'NONE',  ( 9.299999999999998934, 0.9102820492978903610, 3.411400536756031610 ) ) ;
#3227 = ORIENTED_EDGE ( 'NONE', *, *, #1779, .T. ) ;
#3228 = ORIENTED_EDGE ( 'NONE', *, *, #1880, .T. ) ;
#3229 = ORIENTED_EDGE ( 'NONE', *, *, #1513, .F. ) ;
#3230 = ADVANCED_FACE ( 'NONE', ( #371 ), #3204, .F. ) ;
#3231 = DIRECTION ( 'NONE',  ( -1.000000000000000000, 0.000000000000000000, 0.000000000000000000 ) ) ;
#3232 = CARTESIAN_POINT ( 'NONE',  ( 16.63999999999999702, 1.020831856546000102E-14, 0.000000000000000000 ) ) ;
#3233 = CARTESIAN_POINT ( 'NONE',  ( 3.500000000000000444, -0.9021381194478221843, -0.5826187537417844009 ) ) ;
#3234 = EDGE_CURVE ( 'NONE', #3502, #643, #3420, .T. ) ;
#3235 = CARTESIAN_POINT ( 'NONE',  ( 2.856871350369957874, -4.549999999999999822, -1.381923745741806320 ) ) ;
#3236 = LINE ( 'NONE', #2626, #2417 ) ;
#3237 = CARTESIAN_POINT ( 'NONE',  ( 3.632532683851406041, -5.443396214446986292, -0.7924970549139501719 ) ) ;
#3238 = VERTEX_POINT ( 'NONE', #339 ) ;
#3239 = ORIENTED_EDGE ( 'NONE', *, *, #665, .T. ) ;
#3240 = LINE ( 'NONE', #2405, #1931 ) ;
#3241 = EDGE_LOOP ( 'NONE', ( #1986, #341, #566, #842, #54, #1999 ) ) ;
#3242 = CYLINDRICAL_SURFACE ( 'NONE', #2489, 3.924999999999999822 ) ;
#3243 = ORIENTED_EDGE ( 'NONE', *, *, #1727, .F. ) ;
#3244 = ORIENTED_EDGE ( 'NONE', *, *, #578, .F. ) ;
#3245 = VECTOR ( 'NONE', #2556, 1000.000000000000000 ) ;
#3246 = EDGE_LOOP ( 'NONE', ( #2459, #1950 ) ) ;
#3247 = DIRECTION ( 'NONE',  ( -1.000000000000000000, -0.000000000000000000, -0.000000000000000000 ) ) ;
#3248 = EDGE_CURVE ( 'NONE', #956, #266, #1130, .T. ) ;
#3249 = VECTOR ( 'NONE', #2888, 1000.000000000000000 ) ;
#3250 = EDGE_CURVE ( 'NONE', #1510, #714, #1646, .T. ) ;
#3251 = CARTESIAN_POINT ( 'NONE',  ( 1.784759382600206834, 4.549999999999998934, 0.5463012761526226946 ) ) ;
#3252 = CIRCLE ( 'NONE', #1968, 3.050000000000000266 ) ;
#3253 = CARTESIAN_POINT ( 'NONE',  ( 16.63999999999999702, 0.5000000000000057732, 3.008737276666075822 ) ) ;
#3254 = CARTESIAN_POINT ( 'NONE',  ( 15.87999999999999901, 0.000000000000000000, 0.5000000000000000000 ) ) ;
#3255 = CONICAL_SURFACE ( 'NONE', #2196, 0.3699960379921000131, 0.7853813648086748200 ) ;
#3256 = PLANE ( 'NONE',  #1863 ) ;
#3257 = CARTESIAN_POINT ( 'NONE',  ( 9.300000000000000711, -3.411192787929834935, -0.9104022021882387516 ) ) ;
#3258 = AXIS2_PLACEMENT_3D ( 'NONE', #557, #921, #3426 ) ;
#3259 = DIRECTION ( 'NONE',  ( -1.000000000000000000, 0.000000000000000000, 0.000000000000000000 ) ) ;
#3260 = VERTEX_POINT ( 'NONE', #2574 ) ;
#3261 = AXIS2_PLACEMENT_3D ( 'NONE', #1741, #1945, #3387 ) ;
#3262 = CARTESIAN_POINT ( 'NONE',  ( 5.230000000000000426, 5.500000000000000000, -0.1310775803318459387 ) ) ;
#3263 = DIRECTION ( 'NONE',  ( 1.000000000000000000, 0.000000000000000000, 0.000000000000000000 ) ) ;
#3264 = ORIENTED_EDGE ( 'NONE', *, *, #957, .F. ) ;
#3265 = AXIS2_PLACEMENT_3D ( 'NONE', #2258, #3110, #908 ) ;
#3266 = VERTEX_POINT ( 'NONE', #1152 ) ;
#3267 = ORIENTED_EDGE ( 'NONE', *, *, #362, .F. ) ;
#3268 = DIRECTION ( 'NONE',  ( 0.000000000000000000, -1.776356839400250465E-15, -1.000000000000000000 ) ) ;
#3269 = CIRCLE ( 'NONE', #1714, 0.4699999999999999734 ) ;
#3270 = CARTESIAN_POINT ( 'NONE',  ( 21.10000000000001563, -2.777770263849060228, 4.121273148103060890 ) ) ;
#3271 = DIRECTION ( 'NONE',  ( 1.000000000000000000, 0.000000000000000000, 0.000000000000000000 ) ) ;
#3272 = EDGE_CURVE ( 'NONE', #3136, #2561, #434, .T. ) ;
#3273 = DIRECTION ( 'NONE',  ( -0.000000000000000000, 0.7071067811865475727, 0.7071067811865475727 ) ) ;
#3274 = FACE_OUTER_BOUND ( 'NONE', #1189, .T. ) ;
#3275 = CARTESIAN_POINT ( 'NONE',  ( 9.300000000000000711, 2.146374194244655254, -2.803270047569032197 ) ) ;
#3276 = LINE ( 'NONE', #2441, #2535 ) ;
#3277 = ORIENTED_EDGE ( 'NONE', *, *, #2031, .T. ) ;
#3278 = CARTESIAN_POINT ( 'NONE',  ( 20.80000000000000071, -3.302188668141178951, 3.302188668141192274 ) ) ;
#3279 = CARTESIAN_POINT ( 'NONE',  ( 4.500619497531592295, 5.415138250939977915, 0.9637376890317845834 ) ) ;
#3280 = VERTEX_POINT ( 'NONE', #3404 ) ;
#3281 = EDGE_CURVE ( 'NONE', #3340, #3500, #654, .T. ) ;
#3282 = ORIENTED_EDGE ( 'NONE', *, *, #1822, .F. ) ;
#3283 = ORIENTED_EDGE ( 'NONE', *, *, #3173, .T. ) ;
#3284 = EDGE_CURVE ( 'NONE', #72, #1429, #2202, .T. ) ;
#3285 = FACE_OUTER_BOUND ( 'NONE', #2721, .T. ) ;
#3286 = DIRECTION ( 'NONE',  ( -1.000000000000000000, 0.000000000000000000, 0.000000000000000000 ) ) ;
#3287 = CARTESIAN_POINT ( 'NONE',  ( 8.484999999999999432, 0.000000000000000000, 0.000000000000000000 ) ) ;
#3288 = CARTESIAN_POINT ( 'NONE',  ( 4.239999999984459755, 4.549999999999999822, -0.9591663046625503730 ) ) ;
#3289 = LINE ( 'NONE', #1666, #2665 ) ;
#3290 = DIRECTION ( 'NONE',  ( 0.000000000000000000, 0.000000000000000000, 1.000000000000000000 ) ) ;
#3291 = CARTESIAN_POINT ( 'NONE',  ( 15.87999999999999901, 0.5000000000000023315, -3.008737276666076266 ) ) ;
#3292 = ORIENTED_EDGE ( 'NONE', *, *, #876, .F. ) ;
#3293 = CARTESIAN_POINT ( 'NONE',  ( 6.218004044485000215, 4.549999999999999822, -1.528888485142004816 ) ) ;
#3294 = CARTESIAN_POINT ( 'NONE',  ( 2.261995955514907397, 4.549999999999999822, -1.528888485142074982 ) ) ;
#3295 = ORIENTED_EDGE ( 'NONE', *, *, #869, .T. ) ;
#3296 = DIRECTION ( 'NONE',  ( 0.000000000000000000, 0.000000000000000000, -1.000000000000000000 ) ) ;
#3297 = ORIENTED_EDGE ( 'NONE', *, *, #3234, .T. ) ;
#3298 = ORIENTED_EDGE ( 'NONE', *, *, #1706, .T. ) ;
#3299 = PLANE ( 'NONE',  #1855 ) ;
#3300 = CIRCLE ( 'NONE', #764, 3.050000000000000266 ) ;
#3301 = CARTESIAN_POINT ( 'NONE',  ( 6.740060788365095590, -4.550000000000000711, 0.2763107456019198160 ) ) ;
#3302 = CARTESIAN_POINT ( 'NONE',  ( 21.10000000000000142, -3.761808075912100424, -2.418305191658099762 ) ) ;
#3303 = AXIS2_PLACEMENT_3D ( 'NONE', #2295, #3399, #871 ) ;
#3304 = DIRECTION ( 'NONE',  ( 0.000000000000000000, 0.000000000000000000, 1.000000000000000000 ) ) ;
#3305 = DIRECTION ( 'NONE',  ( 0.000000000000000000, 1.000000000000000000, 0.000000000000000000 ) ) ;
#3306 = FACE_OUTER_BOUND ( 'NONE', #1407, .T. ) ;
#3307 = CARTESIAN_POINT ( 'NONE',  ( 2.092677249366126979, -4.550000000000001599, -1.309831903302558054 ) ) ;
#3308 = CIRCLE ( 'NONE', #3088, 5.500000000000000000 ) ;
#3309 = VERTEX_POINT ( 'NONE', #70 ) ;
#3310 = B_SPLINE_CURVE_WITH_KNOTS ( 'NONE', 3,
 ( #35, #788, #3557, #2157 ),
 .UNSPECIFIED., .F., .F.,
 ( 4, 4 ),
 ( 2.078854662569330417E-15, 0.0007115937633396364568 ),
 .UNSPECIFIED. ) ;
#3311 = LINE ( 'NONE', #3278, #3318 ) ;
#3312 = CARTESIAN_POINT ( 'NONE',  ( 5.229999999999999538, 5.499999999999999112, 0.1310771303830428614 ) ) ;
#3313 = AXIS2_PLACEMENT_3D ( 'NONE', #269, #862, #3571 ) ;
#3314 = VERTEX_POINT ( 'NONE', #2833 ) ;
#3315 = CARTESIAN_POINT ( 'NONE',  ( 21.10000000000000142, -3.217335854398999828, 4.560838738653000490 ) ) ;
#3316 = EDGE_CURVE ( 'NONE', #2565, #2352, #2286, .T. ) ;
#3317 = ORIENTED_EDGE ( 'NONE', *, *, #3474, .F. ) ;
#3318 = VECTOR ( 'NONE', #3556, 999.9999999999998863 ) ;
#3319 = ORIENTED_EDGE ( 'NONE', *, *, #2313, .T. ) ;
#3320 = AXIS2_PLACEMENT_3D ( 'NONE', #2059, #3219, #1820 ) ;
#3321 = DIRECTION ( 'NONE',  ( 0.000000000000000000, 1.000000000000000000, 0.000000000000000000 ) ) ;
#3322 = CIRCLE ( 'NONE', #1080, 3.000000000000000000 ) ;
#3323 = DIRECTION ( 'NONE',  ( -0.000000000000000000, 1.000000000000000000, -0.000000000000000000 ) ) ;
#3324 = LINE ( 'NONE', #1936, #2910 ) ;
#3325 = CARTESIAN_POINT ( 'NONE',  ( 3.500000000000000000, 0.000000000000000000, -0.1499999999999999944 ) ) ;
#3326 = CYLINDRICAL_SURFACE ( 'NONE', #1068, 3.000000000000000000 ) ;
#3327 = CIRCLE ( 'NONE', #2508, 5.500000000000000000 ) ;
#3328 = PRESENTATION_STYLE_ASSIGNMENT (( #81 ) ) ;
#3329 = ORIENTED_EDGE ( 'NONE', *, *, #2060, .F. ) ;
#3330 = CARTESIAN_POINT ( 'NONE',  ( 9.299999999999998934, 2.803373274061175202, -2.146477420736798258 ) ) ;
#3331 = EDGE_CURVE ( 'NONE', #2488, #3397, #2089, .T. ) ;
#3332 = DIRECTION ( 'NONE',  ( 0.000000000000000000, 0.000000000000000000, -1.000000000000000000 ) ) ;
#3333 = ORIENTED_EDGE ( 'NONE', *, *, #2653, .T. ) ;
#3334 = CARTESIAN_POINT ( 'NONE',  ( 6.740000000000000213, 4.799999999999999822, 5.878304635907299142E-16 ) ) ;
#3335 = LINE ( 'NONE', #1632, #1468 ) ;
#3336 = VERTEX_POINT ( 'NONE', #3064 ) ;
#3337 = FACE_OUTER_BOUND ( 'NONE', #1947, .T. ) ;
#3338 = VERTEX_POINT ( 'NONE', #2858 ) ;
#3339 = PRODUCT_RELATED_PRODUCT_CATEGORY ( 'part', '', ( #693 ) ) ;
#3340 = VERTEX_POINT ( 'NONE', #2817 ) ;
#3341 = CARTESIAN_POINT ( 'NONE',  ( 14.30000000000000071, -0.4699999999999999734, 4.642464220138980465E-16 ) ) ;
#3342 = EDGE_CURVE ( 'NONE', #1445, #645, #2557, .T. ) ;
#3343 = DIRECTION ( 'NONE',  ( 1.000000000000000000, 0.000000000000000000, 0.000000000000000000 ) ) ;
#3344 = DIRECTION ( 'NONE',  ( 0.000000000000000000, -0.7071067811865474617, 0.7071067811865474617 ) ) ;
#3345 = CARTESIAN_POINT ( 'NONE',  ( 5.204170427930419706E-15, -4.799999999999999822, 4.741240054610022367E-15 ) ) ;
#3346 = EDGE_CURVE ( 'NONE', #1758, #2207, #1165, .T. ) ;
#3347 = PRODUCT_CONTEXT ( 'NONE', #2991, 'mechanical' ) ;
#3348 = FACE_OUTER_BOUND ( 'NONE', #1584, .T. ) ;
#3349 = DIRECTION ( 'NONE',  ( 1.000000000000000000, -0.000000000000000000, -0.000000000000000000 ) ) ;
#3350 = VERTEX_POINT ( 'NONE', #1222 ) ;
#3351 = DIRECTION ( 'NONE',  ( -0.000000000000000000, 1.000000000000000000, -0.000000000000000000 ) ) ;
#3352 = DIRECTION ( 'NONE',  ( 0.000000000000000000, 0.000000000000000000, -1.000000000000000000 ) ) ;
#3353 = ORIENTED_EDGE ( 'NONE', *, *, #212, .F. ) ;
#3354 = LINE ( 'NONE', #2562, #439 ) ;
#3355 = ORIENTED_EDGE ( 'NONE', *, *, #1336, .F. ) ;
#3356 = VERTEX_POINT ( 'NONE', #2780 ) ;
#3357 = FACE_OUTER_BOUND ( 'NONE', #1828, .T. ) ;
#3358 = APPLICATION_CONTEXT ( 'automotive_design' ) ;
#3359 = DIRECTION ( 'NONE',  ( -1.000000000000000000, -0.000000000000000000, -0.000000000000000000 ) ) ;
#3360 = ADVANCED_FACE ( 'NONE', ( #877 ), #2552, .F. ) ;
#3361 = DIRECTION ( 'NONE',  ( -1.000000000000000000, 0.000000000000000000, 0.000000000000000000 ) ) ;
#3362 = EDGE_CURVE ( 'NONE', #1158, #2648, #3368, .T. ) ;
#3363 = VECTOR ( 'NONE', #622, 1000.000000000000000 ) ;
#3364 = DIRECTION ( 'NONE',  ( 1.000000000000000000, 0.000000000000000000, 0.000000000000000000 ) ) ;
#3365 = AXIS2_PLACEMENT_3D ( 'NONE', #1591, #489, #3460 ) ;
#3366 = DIRECTION ( 'NONE',  ( -1.000000000000000000, 0.000000000000000000, 0.000000000000000000 ) ) ;
#3367 = CIRCLE ( 'NONE', #367, 2.799999927309561265 ) ;
#3368 = LINE ( 'NONE', #55, #902 ) ;
#3369 = LINE ( 'NONE', #1153, #3140 ) ;
#3370 = ORIENTED_EDGE ( 'NONE', *, *, #707, .T. ) ;
#3371 = VECTOR ( 'NONE', #772, 1000.000000000000000 ) ;
#3372 = CARTESIAN_POINT ( 'NONE',  ( 1.740000000000002434, -4.800000000000001599, -0.2782940503536393551 ) ) ;
#3373 = EDGE_CURVE ( 'NONE', #3508, #953, #1979, .T. ) ;
#3374 = VERTEX_POINT ( 'NONE', #1724 ) ;
#3375 = AXIS2_PLACEMENT_3D ( 'NONE', #296, #26, #872 ) ;
#3376 = ORIENTED_EDGE ( 'NONE', *, *, #1363, .T. ) ;
#3377 = AXIS2_PLACEMENT_3D ( 'NONE', #1192, #2178, #2273 ) ;
#3378 = LINE ( 'NONE', #1733, #1239 ) ;
#3379 = AXIS2_PLACEMENT_3D ( 'NONE', #2223, #3359, #982 ) ;
#3380 = AXIS2_PLACEMENT_3D ( 'NONE', #2439, #1647, #800 ) ;
#3381 = CARTESIAN_POINT ( 'NONE',  ( 5.876306817195000143, 4.550000000000012257, 1.528888485141999709 ) ) ;
#3382 = DIRECTION ( 'NONE',  ( 0.000000000000000000, 0.000000000000000000, 1.000000000000000000 ) ) ;
#3383 = ADVANCED_FACE ( 'NONE', ( #1454 ), #728, .T. ) ;
#3384 = DIRECTION ( 'NONE',  ( 0.000000000000000000, 1.000000000000000000, 0.000000000000000000 ) ) ;
#3385 = DIRECTION ( 'NONE',  ( 0.000000000000000000, 0.000000000000000000, -1.000000000000000000 ) ) ;
#3386 = VECTOR ( 'NONE', #2340, 1000.000000000000000 ) ;
#3387 = DIRECTION ( 'NONE',  ( 0.000000000000000000, 0.000000000000000000, 1.000000000000000000 ) ) ;
#3388 = CARTESIAN_POINT ( 'NONE',  ( 15.50000000000000000, 0.7099999999999999645, -8.694992273946210705E-17 ) ) ;
#3389 = VERTEX_POINT ( 'NONE', #440 ) ;
#3390 = CARTESIAN_POINT ( 'NONE',  ( 8.500000000000000000, 0.000000000000000000, 0.000000000000000000 ) ) ;
#3391 = VERTEX_POINT ( 'NONE', #3476 ) ;
#3392 = CARTESIAN_POINT ( 'NONE',  ( 21.10000000000000142, -3.158881664815026635, -4.502384549069022412 ) ) ;
#3393 = EDGE_CURVE ( 'NONE', #329, #2159, #988, .T. ) ;
#3394 = ORIENTED_EDGE ( 'NONE', *, *, #405, .F. ) ;
#3395 = CARTESIAN_POINT ( 'NONE',  ( 4.240000000000000213, 4.549999999999999822, 0.000000000000000000 ) ) ;
#3396 = EDGE_CURVE ( 'NONE', #2207, #1045, #807, .T. ) ;
#3397 = VERTEX_POINT ( 'NONE', #2028 ) ;
#3398 = FACE_OUTER_BOUND ( 'NONE', #3505, .T. ) ;
#3399 = DIRECTION ( 'NONE',  ( 1.000000000000000000, 0.000000000000000000, 0.000000000000000000 ) ) ;
#3400 = CARTESIAN_POINT ( 'NONE',  ( 3.946649504879713444, 4.549999999999998934, -0.9770973772543658509 ) ) ;
#3401 = CARTESIAN_POINT ( 'NONE',  ( 20.93384361949399164, 4.001575798513385962, -2.658072914259385744 ) ) ;
#3402 = CARTESIAN_POINT ( 'NONE',  ( 3.500000000000000000, -0.1499999999999999944, 1.039230484540999866 ) ) ;
#3403 = EDGE_CURVE ( 'NONE', #461, #72, #1542, .T. ) ;
#3404 = CARTESIAN_POINT ( 'NONE',  ( 5.230000000000000426, 5.500000000000000000, -3.053452685874064349E-16 ) ) ;
#3405 = CARTESIAN_POINT ( 'NONE',  ( 15.87999999999999901, -0.5000000000000000000, 0.000000000000000000 ) ) ;
#3406 = VERTEX_POINT ( 'NONE', #1837 ) ;
#3407 = CARTESIAN_POINT ( 'NONE',  ( 2.603693182804970530, -4.550000000000011369, 1.528888485141949083 ) ) ;
#3408 = ADVANCED_FACE ( 'NONE', ( #471 ), #2642, .F. ) ;
#3409 = EDGE_CURVE ( 'NONE', #3266, #700, #2929, .T. ) ;
#3410 = VERTEX_POINT ( 'NONE', #2063 ) ;
#3411 = DIRECTION ( 'NONE',  ( 0.000000000000000000, 0.000000000000000000, -1.000000000000000000 ) ) ;
#3412 = ORIENTED_EDGE ( 'NONE', *, *, #1490, .F. ) ;
#3413 = ORIENTED_EDGE ( 'NONE', *, *, #1592, .T. ) ;
#3414 = CARTESIAN_POINT ( 'NONE',  ( 3.275897138866346037, -5.495178821358743804, 0.2596801384185910000 ) ) ;
#3415 = CARTESIAN_POINT ( 'NONE',  ( 6.513831462880148138, 4.685545830855073035, 1.074346191145789220 ) ) ;
#3416 = CARTESIAN_POINT ( 'NONE',  ( 16.63999999999999702, 2.418305191658000730, 3.761808075912000060 ) ) ;
#3417 = CARTESIAN_POINT ( 'NONE',  ( 16.63999999999999702, -2.418305191658049580, 3.761808075912050242 ) ) ;
#3418 = DIRECTION ( 'NONE',  ( 0.000000000000000000, 0.000000000000000000, 1.000000000000000000 ) ) ;
#3419 = VECTOR ( 'NONE', #1723, 1000.000000000000000 ) ;
#3420 = LINE ( 'NONE', #3115, #1976 ) ;
#3421 = CARTESIAN_POINT ( 'NONE',  ( 20.89999153097999951, 0.000000000000000000, 0.000000000000000000 ) ) ;
#3422 = ORIENTED_EDGE ( 'NONE', *, *, #2903, .T. ) ;
#3423 = DIRECTION ( 'NONE',  ( 0.000000000000000000, 0.000000000000000000, -1.000000000000000000 ) ) ;
#3424 = VECTOR ( 'NONE', #538, 1000.000000000000000 ) ;
#3425 = VERTEX_POINT ( 'NONE', #3151 ) ;
#3426 = DIRECTION ( 'NONE',  ( 0.000000000000000000, 0.000000000000000000, 1.000000000000000000 ) ) ;
#3427 = EDGE_CURVE ( 'NONE', #130, #308, #2627, .T. ) ;
#3428 = AXIS2_PLACEMENT_3D ( 'NONE', #1538, #2333, #2074 ) ;
#3429 = VERTEX_POINT ( 'NONE', #2083 ) ;
#3430 = EDGE_CURVE ( 'NONE', #1758, #1581, #2914, .T. ) ;
#3431 = VECTOR ( 'NONE', #2886, 1000.000000000000000 ) ;
#3432 = VERTEX_POINT ( 'NONE', #2607 ) ;
#3433 = CIRCLE ( 'NONE', #2908, 4.799999999999999822 ) ;
#3434 = CARTESIAN_POINT ( 'NONE',  ( 3.375350020427798192, -5.478605254901814270, 0.4993080351456271604 ) ) ;
#3435 = CARTESIAN_POINT ( 'NONE',  ( 20.60206887245765728, 2.418305191658414621, 3.761808075912868254 ) ) ;
#3436 = CONICAL_SURFACE ( 'NONE', #2619, 0.8599953275981000456, 1.047193544813347588 ) ;
#3437 = AXIS2_PLACEMENT_3D ( 'NONE', #2268, #1438, #1756 ) ;
#3438 = CARTESIAN_POINT ( 'NONE',  ( 3.114234477787749089, 4.550000000000001599, -1.246596704433753144 ) ) ;
#3439 = MANIFOLD_SURFACE_SHAPE_REPRESENTATION ( '031-5329-51RFX', ( #2498, #781 ), #2729 ) ;
#3440 = EDGE_CURVE ( 'NONE', #2499, #980, #1573, .T. ) ;
#3441 = LINE ( 'NONE', #1038, #2503 ) ;
#3442 = AXIS2_PLACEMENT_3D ( 'NONE', #332, #2203, #855 ) ;
#3443 = CARTESIAN_POINT ( 'NONE',  ( 22.15500000000000114, -4.799999999999999822, 1.007031057281077376E-14 ) ) ;
#3444 = AXIS2_PLACEMENT_3D ( 'NONE', #1692, #570, #17 ) ;
#3445 = CARTESIAN_POINT ( 'NONE',  ( 3.500000000000000000, 0.000000000000000000, 0.1499999999999999944 ) ) ;
#3446 = EDGE_CURVE ( 'NONE', #755, #2344, #2597, .T. ) ;
#3447 = ORIENTED_EDGE ( 'NONE', *, *, #2221, .F. ) ;
#3448 = FACE_OUTER_BOUND ( 'NONE', #2748, .T. ) ;
#3449 = VECTOR ( 'NONE', #1397, 1000.000000000000000 ) ;
#3450 = ORIENTED_EDGE ( 'NONE', *, *, #487, .T. ) ;
#3451 = CARTESIAN_POINT ( 'NONE',  ( 5.230000000000000426, 6.049999999999999822, 2.077001555642222059E-15 ) ) ;
#3452 = AXIS2_PLACEMENT_3D ( 'NONE', #2759, #1610, #1110 ) ;
#3453 = ORIENTED_EDGE ( 'NONE', *, *, #1249, .F. ) ;
#3454 = EDGE_LOOP ( 'NONE', ( #1732, #1083, #1215, #3483 ) ) ;
#3455 = CARTESIAN_POINT ( 'NONE',  ( 6.218004044484999326, -4.550000000000010481, -1.528888485142001930 ) ) ;
#3456 = CARTESIAN_POINT ( 'NONE',  ( 22.15500000000000114, 5.477225575051662965, -0.4999999999999693023 ) ) ;
#3457 = ADVANCED_FACE ( 'NONE', ( #3497 ), #2659, .F. ) ;
#3458 = CARTESIAN_POINT ( 'NONE',  ( 1.740000000000001990, -4.799999999999998934, 0.1392337971830336363 ) ) ;
#3459 = CARTESIAN_POINT ( 'NONE',  ( 4.240000000000000213, 0.000000000000000000, 0.000000000000000000 ) ) ;
#3460 = DIRECTION ( 'NONE',  ( 0.000000000000000000, 0.000000000000000000, -1.000000000000000000 ) ) ;
#3461 = CARTESIAN_POINT ( 'NONE',  ( 5.365075417662220403, 4.550000000000000711, -1.246226642740155599 ) ) ;
#3462 = DIRECTION ( 'NONE',  ( 1.000000000000000000, -0.000000000000000000, -0.000000000000000000 ) ) ;
#3463 = EDGE_LOOP ( 'NONE', ( #1034, #494, #1314, #60 ) ) ;
#3464 = CARTESIAN_POINT ( 'NONE',  ( 0.4999999999999995559, 0.000000000000000000, 0.000000000000000000 ) ) ;
#3465 = ORIENTED_EDGE ( 'NONE', *, *, #820, .F. ) ;
#3466 = CARTESIAN_POINT ( 'NONE',  ( 15.43333347014419132, 2.866666706271498999, -4.969344743557819565E-10 ) ) ;
#3467 = ORIENTED_EDGE ( 'NONE', *, *, #2702, .T. ) ;
#3468 = ORIENTED_EDGE ( 'NONE', *, *, #1517, .T. ) ;
#3469 = LINE ( 'NONE', #1831, #1018 ) ;
#3470 = DIRECTION ( 'NONE',  ( 1.000000000000000000, 0.000000000000000000, 0.000000000000000000 ) ) ;
#3471 = DIRECTION ( 'NONE',  ( 0.000000000000000000, -1.000000000000000000, 0.000000000000000000 ) ) ;
#3472 = EDGE_CURVE ( 'NONE', #789, #358, #709, .T. ) ;
#3473 = DIRECTION ( 'NONE',  ( 1.000000000000000000, 0.000000000000000000, 0.000000000000000000 ) ) ;
#3474 = EDGE_CURVE ( 'NONE', #2609, #218, #1475, .T. ) ;
#3475 = DIRECTION ( 'NONE',  ( 0.000000000000000000, 1.000000000000000000, 0.000000000000000000 ) ) ;
#3476 = CARTESIAN_POINT ( 'NONE',  ( 16.64000000000000057, -3.158881664815016421, 4.502384549069027742 ) ) ;
#3477 = CARTESIAN_POINT ( 'NONE',  ( 21.10000000000000142, 0.7990306627408000351, 6.979143930311000332 ) ) ;
#3478 = EDGE_LOOP ( 'NONE', ( #2429, #1084 ) ) ;
#3479 = CARTESIAN_POINT ( 'NONE',  ( 0.5000000000004329870, -4.200000000000247091, 8.811521751209945126E-15 ) ) ;
#3480 = ORIENTED_EDGE ( 'NONE', *, *, #2453, .T. ) ;
#3481 = AXIS2_PLACEMENT_3D ( 'NONE', #913, #1754, #3098 ) ;
#3482 = CARTESIAN_POINT ( 'NONE',  ( 9.299999999999998934, 3.500000000000000000, 0.000000000000000000 ) ) ;
#3483 = ORIENTED_EDGE ( 'NONE', *, *, #598, .T. ) ;
#3484 = EDGE_CURVE ( 'NONE', #2302, #3238, #3289, .T. ) ;
#3485 = VECTOR ( 'NONE', #174, 1000.000000000000000 ) ;
#3486 = VERTEX_POINT ( 'NONE', #2403 ) ;
#3487 = EDGE_LOOP ( 'NONE', ( #822, #221, #477, #113 ) ) ;
#3488 = EDGE_CURVE ( 'NONE', #3562, #953, #1902, .T. ) ;
#3489 = LINE ( 'NONE', #2938, #46 ) ;
#3490 = CARTESIAN_POINT ( 'NONE',  ( 12.69999999999999929, -5.500000000000000000, 5.432670895907316869E-15 ) ) ;
#3491 = CARTESIAN_POINT ( 'NONE',  ( 2.092677249366080794, 4.550000000000001599, -1.309831903302527190 ) ) ;
#3492 = VECTOR ( 'NONE', #2306, 1000.000000000000000 ) ;
#3493 = DIRECTION ( 'NONE',  ( 1.000000000000000000, 0.000000000000000000, 0.000000000000000000 ) ) ;
#3494 = CARTESIAN_POINT ( 'NONE',  ( 0.000000000000000000, 0.000000000000000000, 0.000000000000000000 ) ) ;
#3495 = VECTOR ( 'NONE', #3529, 1000.000000000000000 ) ;
#3496 = EDGE_CURVE ( 'NONE', #1483, #2992, #1157, .T. ) ;
#3497 = FACE_OUTER_BOUND ( 'NONE', #3487, .T. ) ;
#3498 = VECTOR ( 'NONE', #2707, 1000.000000000000000 ) ;
#3499 = LINE ( 'NONE', #1178, #2317 ) ;
#3500 = VERTEX_POINT ( 'NONE', #262 ) ;
#3501 = FACE_OUTER_BOUND ( 'NONE', #1265, .T. ) ;
#3502 = VERTEX_POINT ( 'NONE', #1871 ) ;
#3503 = AXIS2_PLACEMENT_3D ( 'NONE', #2764, #848, #1035 ) ;
#3504 = DIRECTION ( 'NONE',  ( 0.000000000000000000, 0.000000000000000000, -1.000000000000000000 ) ) ;
#3505 = EDGE_LOOP ( 'NONE', ( #1301, #1430, #1, #3229 ) ) ;
#3506 = ORIENTED_EDGE ( 'NONE', *, *, #3316, .T. ) ;
#3507 = ADVANCED_FACE ( 'NONE', ( #3274 ), #2165, .F. ) ;
#3508 = VERTEX_POINT ( 'NONE', #1108 ) ;
#3509 = FACE_OUTER_BOUND ( 'NONE', #1048, .T. ) ;
#3510 = CYLINDRICAL_SURFACE ( 'NONE', #1175, 0.9899999999999999911 ) ;
#3511 = CARTESIAN_POINT ( 'NONE',  ( 22.15500000000000114, 4.799999999999999822, 0.000000000000000000 ) ) ;
#3512 = CARTESIAN_POINT ( 'NONE',  ( 3.000000000000000000, -3.000000000000000000, 0.000000000000000000 ) ) ;
#3513 = DIRECTION ( 'NONE',  ( -1.000000000000000000, -0.000000000000000000, -0.000000000000000000 ) ) ;
#3514 = CARTESIAN_POINT ( 'NONE',  ( 21.10000000000000142, 0.000000000000000000, 0.000000000000000000 ) ) ;
#3515 = ORIENTED_EDGE ( 'NONE', *, *, #487, .F. ) ;
#3516 = ADVANCED_FACE ( 'NONE', ( #1364 ), #2182, .T. ) ;
#3517 = CARTESIAN_POINT ( 'NONE',  ( 16.63999999999999702, -3.008737276666076266, -0.5000000000000043299 ) ) ;
#3518 = ORIENTED_EDGE ( 'NONE', *, *, #688, .T. ) ;
#3519 = DIRECTION ( 'NONE',  ( -0.000000000000000000, -1.000000000000000000, -0.000000000000000000 ) ) ;
#3520 = ORIENTED_EDGE ( 'NONE', *, *, #212, .T. ) ;
#3521 = EDGE_CURVE ( 'NONE', #905, #1581, #2492, .T. ) ;
#3522 = EDGE_CURVE ( 'NONE', #953, #2118, #962, .T. ) ;
#3523 = ORIENTED_EDGE ( 'NONE', *, *, #276, .F. ) ;
#3524 = CARTESIAN_POINT ( 'NONE',  ( 16.63999999999999702, 0.000000000000000000, 0.000000000000000000 ) ) ;
#3525 = CARTESIAN_POINT ( 'NONE',  ( 6.580393499120241962, -4.718797893926676146, 0.8817255654097732043 ) ) ;
#3526 = CARTESIAN_POINT ( 'NONE',  ( 21.10000000000000142, 0.000000000000000000, 0.000000000000000000 ) ) ;
#3527 = ADVANCED_FACE ( 'NONE', ( #817, #2694 ), #3256, .T. ) ;
#3528 = CARTESIAN_POINT ( 'NONE',  ( 12.70000000000000107, 0.000000000000000000, 0.000000000000000000 ) ) ;
#3529 = DIRECTION ( 'NONE',  ( 1.000000000000000000, -0.000000000000000000, -0.000000000000000000 ) ) ;
#3530 = CARTESIAN_POINT ( 'NONE',  ( 9.300000000000000711, -2.803270047568891421, -2.146374194244611733 ) ) ;
#3531 = CARTESIAN_POINT ( 'NONE',  ( 20.60206887245690766, -2.418305191657873277, 3.761808075912326910 ) ) ;
#3532 = ORIENTED_EDGE ( 'NONE', *, *, #45, .F. ) ;
#3533 = CARTESIAN_POINT ( 'NONE',  ( 3.040000000000000036, 0.000000000000000000, 0.000000000000000000 ) ) ;
#3534 = CARTESIAN_POINT ( 'NONE',  ( 4.370181219927869343, 5.410185072370023107, 0.9898977186817957685 ) ) ;
#3535 = VERTEX_POINT ( 'NONE', #520 ) ;
#3536 = EDGE_LOOP ( 'NONE', ( #3066, #1891, #2512, #1063 ) ) ;
#3537 = EDGE_CURVE ( 'NONE', #18, #3502, #2777, .T. ) ;
#3538 = ADVANCED_FACE ( 'NONE', ( #760, #1852 ), #492, .F. ) ;
#3539 = ORIENTED_EDGE ( 'NONE', *, *, #167, .T. ) ;
#3540 = FACE_OUTER_BOUND ( 'NONE', #3558, .T. ) ;
#3541 = AXIS2_PLACEMENT_3D ( 'NONE', #1437, #1470, #3385 ) ;
#3542 = CARTESIAN_POINT ( 'NONE',  ( 20.60206887245690766, -2.418305191657873277, 3.761808075912326910 ) ) ;
#3543 = AXIS2_PLACEMENT_3D ( 'NONE', #3232, #1553, #414 ) ;
#3544 = LINE ( 'NONE', #2469, #2378 ) ;
#3545 = CARTESIAN_POINT ( 'NONE',  ( 15.39999999956000032, 0.000000000000000000, 0.000000000000000000 ) ) ;
#3546 = CIRCLE ( 'NONE', #3194, 0.7099999999999999645 ) ;
#3547 = ADVANCED_FACE ( 'NONE', ( #1180 ), #1250, .F. ) ;
#3548 = CARTESIAN_POINT ( 'NONE',  ( 22.15500000000000114, 3.158881664815036405, 4.502384549069013531 ) ) ;
#3549 = CARTESIAN_POINT ( 'NONE',  ( -0.4650000000000000244, -3.924999999999999822, 0.000000000000000000 ) ) ;
#3550 = AXIS2_PLACEMENT_3D ( 'NONE', #1037, #3564, #814 ) ;
#3551 = DIRECTION ( 'NONE',  ( 0.000000000000000000, 0.000000000000000000, 1.000000000000000000 ) ) ;
#3552 = ORIENTED_EDGE ( 'NONE', *, *, #869, .F. ) ;
#3553 = VECTOR ( 'NONE', #1663, 1000.000000000000000 ) ;
#3555 = EDGE_CURVE ( 'NONE', #3410, #881, #153, .T. ) ;
#3554 = COLOUR_RGB ( '',0.7921568627450980005, 0.8196078431372548767, 0.9333333333333333481 ) ;
#3556 = DIRECTION ( 'NONE',  ( 0.7071067811866523778, -0.4999999999999259481, 0.4999999999999259481 ) ) ;
#3557 = CARTESIAN_POINT ( 'NONE',  ( 20.93384361949399874, -4.001575798513390403, -2.658072914259390629 ) ) ;
#3558 = EDGE_LOOP ( 'NONE', ( #667, #304, #1908, #802 ) ) ;
#3559 = AXIS2_PLACEMENT_3D ( 'NONE', #1565, #1537, #117 ) ;
#3560 = EDGE_LOOP ( 'NONE', ( #1137, #1244 ) ) ;
#3561 = AXIS2_PLACEMENT_3D ( 'NONE', #2447, #2650, #58 ) ;
#3562 = VERTEX_POINT ( 'NONE', #1721 ) ;
#3563 = CARTESIAN_POINT ( 'NONE',  ( 9.799999999999998934, -1.064999999999999947, -1.051962637116598570E-15 ) ) ;
#3564 = DIRECTION ( 'NONE',  ( -1.000000000000000000, 0.000000000000000000, 0.000000000000000000 ) ) ;
#3565 = CARTESIAN_POINT ( 'NONE',  ( 3.947755305162743866, -4.549999999999999822, -0.9591663046601179854 ) ) ;
#3566 = CARTESIAN_POINT ( 'NONE',  ( 20.53539903949222634, -3.539886643344189565, -2.640226624226010621 ) ) ;
#3567 = CARTESIAN_POINT ( 'NONE',  ( 21.10000000000000142, -4.560838738653000490, -3.217335854398999828 ) ) ;
#3568 = DIRECTION ( 'NONE',  ( -1.000000000000000000, 0.000000000000000000, 0.000000000000000000 ) ) ;
#3569 = DIRECTION ( 'NONE',  ( -1.000000000000000000, 0.000000000000000000, 0.000000000000000000 ) ) ;
#3570 = ORIENTED_EDGE ( 'NONE', *, *, #232, .F. ) ;
#3571 = DIRECTION ( 'NONE',  ( 0.000000000000000000, 0.000000000000000000, -1.000000000000000000 ) ) ;
#3572 = DIRECTION ( 'NONE',  ( -1.000000000000000000, -0.000000000000000000, -0.000000000000000000 ) ) ;
#3573 = ORIENTED_EDGE ( 'NONE', *, *, #1612, .T. ) ;
#3574 = B_SPLINE_CURVE_WITH_KNOTS ( 'NONE', 3,
 ( #198, #715, #2090, #1298, #1046, #1511 ),
 .UNSPECIFIED., .F., .F.,
 ( 4, 2, 4 ),
 ( -0.002178706533926840112, -0.001305351523851538704, -0.0004319965137762370785 ),
 .UNSPECIFIED. ) ;
#3575 = CARTESIAN_POINT ( 'NONE',  ( 15.88000000000000256, 0.000000000000000000, 0.000000000000000000 ) ) ;
ENDSEC;
END-ISO-10303-21;
