ISO-10303-21;
HEADER;
FILE_DESCRIPTION((''),'2;1');
FILE_NAME('C-2311763-3','2022-08-04T11:58:55',('workeradm'),(
'TE Connectivity Ltd.'),'CREO PARAMETRIC BY PTC INC, 2021072',
'CREO PARAMETRIC BY PTC INC, 2021072','');
FILE_SCHEMA(('AUTOMOTIVE_DESIGN { 1 0 10303 214 1 1 1 1 }'));
ENDSEC;
DATA;
#2=DIRECTION('',(-1.E0,0.E0,0.E0));
#3=VECTOR('',#2,1.125E1);
#4=CARTESIAN_POINT('',(5.625E0,3.6452E0,0.E0));
#5=LINE('',#4,#3);
#6=CARTESIAN_POINT('',(5.625E0,1.41E0,0.E0));
#7=DIRECTION('',(0.E0,0.E0,1.E0));
#8=DIRECTION('',(9.848077530122E-1,-1.736481776669E-1,0.E0));
#9=AXIS2_PLACEMENT_3D('',#6,#7,#8);
#11=DIRECTION('',(1.736481776669E-1,9.848077530122E-1,0.E0));
#12=VECTOR('',#11,2.863503045518E0);
#13=CARTESIAN_POINT('',(7.329000203935E0,-1.798138406721E0,0.E0));
#14=LINE('',#13,#12);
#15=CARTESIAN_POINT('',(5.127757914402E0,-1.41E0,0.E0));
#16=DIRECTION('',(0.E0,0.E0,1.E0));
#17=DIRECTION('',(0.E0,-1.E0,0.E0));
#18=AXIS2_PLACEMENT_3D('',#15,#16,#17);
#20=DIRECTION('',(1.E0,0.E0,0.E0));
#21=VECTOR('',#20,1.025551582880E1);
#22=CARTESIAN_POINT('',(-5.127757914402E0,-3.6452E0,0.E0));
#23=LINE('',#22,#21);
#24=CARTESIAN_POINT('',(-5.127757914402E0,-1.41E0,0.E0));
#25=DIRECTION('',(0.E0,0.E0,1.E0));
#26=DIRECTION('',(-9.848077530122E-1,-1.736481776669E-1,0.E0));
#27=AXIS2_PLACEMENT_3D('',#24,#25,#26);
#29=DIRECTION('',(1.736481776669E-1,-9.848077530122E-1,0.E0));
#30=VECTOR('',#29,2.863503045518E0);
#31=CARTESIAN_POINT('',(-7.826242289533E0,1.021861593279E0,0.E0));
#32=LINE('',#31,#30);
#33=CARTESIAN_POINT('',(-5.625E0,1.41E0,0.E0));
#34=DIRECTION('',(0.E0,0.E0,1.E0));
#35=DIRECTION('',(0.E0,1.E0,0.E0));
#36=AXIS2_PLACEMENT_3D('',#33,#34,#35);
#38=DIRECTION('',(0.E0,1.E0,0.E0));
#39=VECTOR('',#38,6.35E-1);
#40=CARTESIAN_POINT('',(6.238125E0,2.4384E0,0.E0));
#41=LINE('',#40,#39);
#42=DIRECTION('',(-1.E0,0.E0,0.E0));
#43=VECTOR('',#42,1.190625E-1);
#44=CARTESIAN_POINT('',(6.238125E0,3.0734E0,0.E0));
#45=LINE('',#44,#43);
#46=DIRECTION('',(-7.830313322894E-1,-6.219822607221E-1,0.E0));
#47=VECTOR('',#46,1.520533024546E-1);
#48=CARTESIAN_POINT('',(6.1190625E0,3.0734E0,0.E0));
#49=LINE('',#48,#47);
#50=DIRECTION('',(0.E0,-1.E0,0.E0));
#51=VECTOR('',#50,1.080851313472E-1);
#52=CARTESIAN_POINT('',(6.E0,2.978825543189E0,0.E0));
#53=LINE('',#52,#51);
#54=DIRECTION('',(7.830312110580E-1,6.219824133438E-1,0.E0));
#55=VECTOR('',#54,1.520533259959E-1);
#56=CARTESIAN_POINT('',(6.E0,2.870740411842E0,0.E0));
#57=LINE('',#56,#55);
#58=DIRECTION('',(0.E0,-1.E0,0.E0));
#59=VECTOR('',#58,5.269149065018E-1);
#60=CARTESIAN_POINT('',(6.1190625E0,2.965314906502E0,0.E0));
#61=LINE('',#60,#59);
#62=DIRECTION('',(1.E0,0.E0,0.E0));
#63=VECTOR('',#62,1.190625E-1);
#64=CARTESIAN_POINT('',(6.1190625E0,2.4384E0,0.E0));
#65=LINE('',#64,#63);
#66=DIRECTION('',(0.E0,1.E0,0.E0));
#67=VECTOR('',#66,2.702127337456E-2);
#68=CARTESIAN_POINT('',(6.546827662746E0,6.377659550309E-1,0.E0));
#69=LINE('',#68,#67);
#70=DIRECTION('',(1.147694237175E-1,9.933921579012E-1,0.E0));
#71=VECTOR('',#70,8.160304012762E-2);
#72=CARTESIAN_POINT('',(6.546827662746E0,6.647872284055E-1,0.E0));
#73=LINE('',#72,#71);
#74=DIRECTION('',(2.251334683961E-1,9.743279331970E-1,0.E0));
#75=VECTOR('',#74,4.159990341013E-2);
#76=CARTESIAN_POINT('',(6.556193196635E0,7.458510485291E-1,0.E0));
#77=LINE('',#76,#75);
#78=DIRECTION('',(4.195018389247E-1,9.077544861574E-1,0.E0));
#79=VECTOR('',#78,4.465074056909E-2);
#80=CARTESIAN_POINT('',(6.565558727175E0,7.863829964399E-1,0.E0));
#81=LINE('',#80,#79);
#82=DIRECTION('',(7.207649605180E-1,6.931795378467E-1,0.E0));
#83=VECTOR('',#82,3.898163736699E-2);
#84=CARTESIAN_POINT('',(6.584289794953E0,8.269149065018E-1,0.E0));
#85=LINE('',#84,#83);
#86=DIRECTION('',(9.012191441808E-1,4.333636511776E-1,0.E0));
#87=VECTOR('',#86,3.117621113484E-2);
#88=CARTESIAN_POINT('',(6.612386393271E0,8.539361798763E-1,0.E0));
#89=LINE('',#88,#87);
#90=DIRECTION('',(1.E0,0.E0,0.E0));
#91=VECTOR('',#90,5.619319663549E-2);
#92=CARTESIAN_POINT('',(6.640482991589E0,8.674468165636E-1,0.E0));
#93=LINE('',#92,#91);
#94=DIRECTION('',(9.012191441808E-1,-4.333636511776E-1,0.E0));
#95=VECTOR('',#94,3.117621113484E-2);
#96=CARTESIAN_POINT('',(6.696676188224E0,8.674468165636E-1,0.E0));
#97=LINE('',#96,#95);
#98=DIRECTION('',(7.207649605180E-1,-6.931795378467E-1,0.E0));
#99=VECTOR('',#98,3.898163736699E-2);
#100=CARTESIAN_POINT('',(6.724772786542E0,8.539361798763E-1,0.E0));
#101=LINE('',#100,#99);
#102=DIRECTION('',(4.195019625485E-1,-9.077544290269E-1,0.E0));
#103=VECTOR('',#102,4.465074337923E-2);
#104=CARTESIAN_POINT('',(6.752869384860E0,8.269149065018E-1,0.E0));
#105=LINE('',#104,#103);
#106=DIRECTION('',(1.E0,0.E0,0.E0));
#107=VECTOR('',#106,4.682764599957E-2);
#108=CARTESIAN_POINT('',(6.771600459337E0,7.863829964399E-1,0.E0));
#109=LINE('',#108,#107);
#110=DIRECTION('',(-2.251335151051E-1,9.743279224042E-1,0.E0));
#111=VECTOR('',#110,4.159986502473E-2);
#112=CARTESIAN_POINT('',(6.818428105336E0,7.863829964399E-1,0.E0));
#113=LINE('',#112,#111);
#114=DIRECTION('',(-4.612813213912E-1,8.872539335138E-1,0.E0));
#115=VECTOR('',#114,6.090989817886E-2);
#116=CARTESIAN_POINT('',(6.809062581495E0,8.269149065018E-1,0.E0));
#117=LINE('',#116,#115);
#118=DIRECTION('',(-7.561050619320E-1,6.544502542752E-1,0.E0));
#119=VECTOR('',#118,6.193275928470E-2);
#120=CARTESIAN_POINT('',(6.780965983177E0,8.809574532509E-1,0.E0));
#121=LINE('',#120,#119);
#122=DIRECTION('',(-9.608090664949E-1,2.772109985934E-1,0.E0));
#123=VECTOR('',#122,4.873773679916E-2);
#124=CARTESIAN_POINT('',(6.734138310383E0,9.214893633127E-1,0.E0));
#125=LINE('',#124,#123);
#126=DIRECTION('',(-1.E0,0.E0,0.E0));
#127=VECTOR('',#126,3.746212215866E-2);
#128=CARTESIAN_POINT('',(6.687310650986E0,9.35E-1,0.E0));
#129=LINE('',#128,#127);
#130=DIRECTION('',(-9.608090770570E-1,-2.772109619854E-1,0.E0));
#131=VECTOR('',#130,4.873774323538E-2);
#132=CARTESIAN_POINT('',(6.649848528827E0,9.35E-1,0.E0));
#133=LINE('',#132,#131);
#134=DIRECTION('',(-7.561050156058E-1,-6.544503077972E-1,0.E0));
#135=VECTOR('',#134,6.193275421974E-2);
#136=CARTESIAN_POINT('',(6.603020862731E0,9.214893633127E-1,0.E0));
#137=LINE('',#136,#135);
#138=DIRECTION('',(-4.612813213912E-1,-8.872539335138E-1,0.E0));
#139=VECTOR('',#138,6.090989817886E-2);
#140=CARTESIAN_POINT('',(6.556193196635E0,8.809574532509E-1,0.E0));
#141=LINE('',#140,#139);
#142=DIRECTION('',(-2.671972990809E-1,-9.636418439254E-1,0.E0));
#143=VECTOR('',#142,7.010200077050E-2);
#144=CARTESIAN_POINT('',(6.528096598318E0,8.269149065018E-1,0.E0));
#145=LINE('',#144,#143);
#146=DIRECTION('',(-9.854612426221E-2,-9.951324843421E-1,0.E0));
#147=VECTOR('',#146,9.503705114548E-2);
#148=CARTESIAN_POINT('',(6.509365533052E0,7.593616852164E-1,0.E0));
#149=LINE('',#148,#147);
#150=DIRECTION('',(0.E0,-1.E0,0.E0));
#151=VECTOR('',#150,9.457445681095E-2);
#152=CARTESIAN_POINT('',(6.5E0,6.647872284055E-1,0.E0));
#153=LINE('',#152,#151);
#154=DIRECTION('',(9.854610473451E-2,-9.951324862759E-1,0.E0));
#155=VECTOR('',#154,9.503706997784E-2);
#156=CARTESIAN_POINT('',(6.5E0,5.702127715945E-1,0.E0));
#157=LINE('',#156,#155);
#158=DIRECTION('',(2.671974033445E-1,-9.636418150153E-1,0.E0));
#159=VECTOR('',#158,7.010197341588E-2);
#160=CARTESIAN_POINT('',(6.509365533052E0,4.756382958591E-1,0.E0));
#161=LINE('',#160,#159);
#162=DIRECTION('',(4.612812896012E-1,-8.872539500413E-1,0.E0));
#163=VECTOR('',#162,6.090990237656E-2);
#164=CARTESIAN_POINT('',(6.528096598318E0,4.080851029605E-1,0.E0));
#165=LINE('',#164,#163);
#166=DIRECTION('',(7.561049872551E-1,-6.544503405515E-1,0.E0));
#167=VECTOR('',#166,6.193275654195E-2);
#168=CARTESIAN_POINT('',(6.556193196635E0,3.540425514802E-1,0.E0));
#169=LINE('',#168,#167);
#170=DIRECTION('',(9.608090705932E-1,-2.772109843888E-1,0.E0));
#171=VECTOR('',#170,4.873774356326E-2);
#172=CARTESIAN_POINT('',(6.603020862731E0,3.135106378701E-1,0.E0));
#173=LINE('',#172,#171);
#174=DIRECTION('',(1.E0,0.E0,0.E0));
#175=VECTOR('',#174,4.682765939707E-2);
#176=CARTESIAN_POINT('',(6.649848528827E0,3.E-1,0.E0));
#177=LINE('',#176,#175);
#178=DIRECTION('',(9.608090811553E-1,2.772109477808E-1,0.E0));
#179=VECTOR('',#178,4.873774999948E-2);
#180=CARTESIAN_POINT('',(6.696676188224E0,3.E-1,0.E0));
#181=LINE('',#180,#179);
#182=DIRECTION('',(7.561048482764E-1,6.544505011175E-1,0.E0));
#183=VECTOR('',#182,6.193274134708E-2);
#184=CARTESIAN_POINT('',(6.743503861019E0,3.135106378701E-1,0.E0));
#185=LINE('',#184,#183);
#186=DIRECTION('',(4.612812896012E-1,8.872539500413E-1,0.E0));
#187=VECTOR('',#186,6.090990237656E-2);
#188=CARTESIAN_POINT('',(6.790331507018E0,3.540425514802E-1,0.E0));
#189=LINE('',#188,#187);
#190=DIRECTION('',(2.671975253551E-1,9.636417811843E-1,0.E0));
#191=VECTOR('',#190,7.010197587698E-2);
#192=CARTESIAN_POINT('',(6.818428105336E0,4.080851029605E-1,0.E0));
#193=LINE('',#192,#191);
#194=DIRECTION('',(0.E0,1.E0,0.E0));
#195=VECTOR('',#194,6.755320236087E-2);
#196=CARTESIAN_POINT('',(6.837159179813E0,4.756382958591E-1,0.E0));
#197=LINE('',#196,#195);
#198=DIRECTION('',(-2.671975601097E-1,9.636417715476E-1,0.E0));
#199=VECTOR('',#198,7.010196675877E-2);
#200=CARTESIAN_POINT('',(6.837159179813E0,5.431914982200E-1,0.E0));
#201=LINE('',#200,#199);
#202=DIRECTION('',(-5.697039473247E-1,8.218499938569E-1,0.E0));
#203=VECTOR('',#202,4.931789300335E-2);
#204=CARTESIAN_POINT('',(6.818428105336E0,6.107446816564E-1,0.E0));
#205=LINE('',#204,#203);
#206=DIRECTION('',(-7.561048766271E-1,6.544504683632E-1,0.E0));
#207=VECTOR('',#206,6.193273902486E-2);
#208=CARTESIAN_POINT('',(6.790331507018E0,6.512765917182E-1,0.E0));
#209=LINE('',#208,#207);
#210=DIRECTION('',(-9.608090876191E-1,2.772109253774E-1,0.E0));
#211=VECTOR('',#210,4.873774967160E-2);
#212=CARTESIAN_POINT('',(6.743503861019E0,6.918085017800E-1,0.E0));
#213=LINE('',#212,#211);
#214=DIRECTION('',(-1.E0,0.E0,0.E0));
#215=VECTOR('',#214,4.682765939707E-2);
#216=CARTESIAN_POINT('',(6.696676188224E0,7.053191384673E-1,0.E0));
#217=LINE('',#216,#215);
#218=DIRECTION('',(-9.608090770570E-1,-2.772109619854E-1,0.E0));
#219=VECTOR('',#218,4.873774323538E-2);
#220=CARTESIAN_POINT('',(6.649848528827E0,7.053191384673E-1,0.E0));
#221=LINE('',#220,#219);
#222=DIRECTION('',(-7.207649811607E-1,-6.931795163826E-1,0.E0));
#223=VECTOR('',#222,7.796327714809E-2);
#224=CARTESIAN_POINT('',(6.603020862731E0,6.918085017800E-1,0.E0));
#225=LINE('',#224,#223);
#226=DIRECTION('',(0.E0,1.E0,0.E0));
#227=VECTOR('',#226,6.35E-1);
#228=CARTESIAN_POINT('',(6.117683000807E0,-2.E0,0.E0));
#229=LINE('',#228,#227);
#230=DIRECTION('',(-1.E0,0.E0,0.E0));
#231=VECTOR('',#230,5.884150040326E-2);
#232=CARTESIAN_POINT('',(6.117683000807E0,-1.365E0,0.E0));
#233=LINE('',#232,#231);
#234=DIRECTION('',(-5.282706372716E-1,-8.490760471222E-1,0.E0));
#235=VECTOR('',#234,1.113851428638E-1);
#236=CARTESIAN_POINT('',(6.058841500403E0,-1.365E0,0.E0));
#237=LINE('',#236,#235);
#238=DIRECTION('',(0.E0,-1.E0,0.E0));
#239=VECTOR('',#238,1.080851313472E-1);
#240=CARTESIAN_POINT('',(6.E0,-1.459574456811E0,0.E0));
#241=LINE('',#240,#239);
#242=DIRECTION('',(5.282704848560E-1,8.490761419508E-1,0.E0));
#243=VECTOR('',#242,1.113851750005E-1);
#244=CARTESIAN_POINT('',(6.E0,-1.567659588158E0,0.E0));
#245=LINE('',#244,#243);
#246=DIRECTION('',(0.E0,-1.E0,0.E0));
#247=VECTOR('',#246,5.269149065018E-1);
#248=CARTESIAN_POINT('',(6.058841500403E0,-1.473085093498E0,0.E0));
#249=LINE('',#248,#247);
#250=DIRECTION('',(1.E0,0.E0,0.E0));
#251=VECTOR('',#250,5.884150040326E-2);
#252=CARTESIAN_POINT('',(6.058841500403E0,-2.E0,0.E0));
#253=LINE('',#252,#251);
#254=DIRECTION('',(2.251334153174E-1,-9.743279454617E-1,0.E0));
#255=VECTOR('',#254,4.159988346337E-2);
#256=CARTESIAN_POINT('',(6.780965983177E0,5.702127715945E-1,0.E0));
#257=LINE('',#256,#255);
#258=DIRECTION('',(0.E0,-1.E0,0.E0));
#259=VECTOR('',#258,4.053191006184E-2);
#260=CARTESIAN_POINT('',(6.790331507018E0,5.296808426082E-1,0.E0));
#261=LINE('',#260,#259);
#262=DIRECTION('',(-2.251335151051E-1,-9.743279224042E-1,0.E0));
#263=VECTOR('',#262,4.159986502473E-2);
#264=CARTESIAN_POINT('',(6.790331507018E0,4.891489325464E-1,0.E0));
#265=LINE('',#264,#263);
#266=DIRECTION('',(-4.195018818496E-1,-9.077544663204E-1,0.E0));
#267=VECTOR('',#266,4.465075196861E-2);
#268=CARTESIAN_POINT('',(6.780965983177E0,4.486170224845E-1,0.E0));
#269=LINE('',#268,#267);
#270=DIRECTION('',(-7.207649605181E-1,-6.931795378467E-1,0.E0));
#271=VECTOR('',#270,3.898163736699E-2);
#272=CARTESIAN_POINT('',(6.762234908701E0,4.080851029605E-1,0.E0));
#273=LINE('',#272,#271);
#274=DIRECTION('',(-9.012190634749E-1,-4.333638190130E-1,0.E0));
#275=VECTOR('',#274,3.117619906076E-2);
#276=CARTESIAN_POINT('',(6.734138310383E0,3.810638295859E-1,0.E0));
#277=LINE('',#276,#275);
#278=DIRECTION('',(-1.E0,0.E0,0.E0));
#279=VECTOR('',#278,6.555873387391E-2);
#280=CARTESIAN_POINT('',(6.706041725463E0,3.675531928986E-1,0.E0));
#281=LINE('',#280,#279);
#282=DIRECTION('',(-9.012191441808E-1,4.333636511776E-1,0.E0));
#283=VECTOR('',#282,3.117621113484E-2);
#284=CARTESIAN_POINT('',(6.640482991589E0,3.675531928986E-1,0.E0));
#285=LINE('',#284,#283);
#286=DIRECTION('',(-7.207649605180E-1,6.931795378467E-1,0.E0));
#287=VECTOR('',#286,3.898163736699E-2);
#288=CARTESIAN_POINT('',(6.612386393271E0,3.810638295859E-1,0.E0));
#289=LINE('',#288,#287);
#290=DIRECTION('',(-4.195017582258E-1,9.077545234508E-1,0.E0));
#291=VECTOR('',#290,4.465074915847E-2);
#292=CARTESIAN_POINT('',(6.584289794953E0,4.080851029605E-1,0.E0));
#293=LINE('',#292,#291);
#294=DIRECTION('',(-2.251336679715E-1,9.743278870820E-1,0.E0));
#295=VECTOR('',#294,4.159986653284E-2);
#296=CARTESIAN_POINT('',(6.565558727175E0,4.486170224845E-1,0.E0));
#297=LINE('',#296,#295);
#298=DIRECTION('',(0.E0,1.E0,0.E0));
#299=VECTOR('',#298,4.053191006184E-2);
#300=CARTESIAN_POINT('',(6.556193196635E0,4.891489325464E-1,0.E0));
#301=LINE('',#300,#299);
#302=DIRECTION('',(2.251335681838E-1,9.743279101395E-1,0.E0));
#303=VECTOR('',#302,4.159988497148E-2);
#304=CARTESIAN_POINT('',(6.556193196635E0,5.296808426082E-1,0.E0));
#305=LINE('',#304,#303);
#306=DIRECTION('',(5.697039931964E-1,8.218499620588E-1,0.E0));
#307=VECTOR('',#306,3.287859660767E-2);
#308=CARTESIAN_POINT('',(6.565558727175E0,5.702127715945E-1,0.E0));
#309=LINE('',#308,#307);
#310=DIRECTION('',(7.207649605180E-1,6.931795378467E-1,0.E0));
#311=VECTOR('',#310,3.898163736699E-2);
#312=CARTESIAN_POINT('',(6.584289794953E0,5.972340449691E-1,0.E0));
#313=LINE('',#312,#311);
#314=DIRECTION('',(9.012191441808E-1,4.333636511776E-1,0.E0));
#315=VECTOR('',#314,3.117621113484E-2);
#316=CARTESIAN_POINT('',(6.612386393271E0,6.242553183436E-1,0.E0));
#317=LINE('',#316,#315);
#318=DIRECTION('',(1.E0,0.E0,0.E0));
#319=VECTOR('',#318,6.555873387391E-2);
#320=CARTESIAN_POINT('',(6.640482991589E0,6.377659550309E-1,0.E0));
#321=LINE('',#320,#319);
#322=DIRECTION('',(9.012190634749E-1,-4.333638190130E-1,0.E0));
#323=VECTOR('',#322,3.117619906076E-2);
#324=CARTESIAN_POINT('',(6.706041725463E0,6.377659550309E-1,0.E0));
#325=LINE('',#324,#323);
#326=DIRECTION('',(7.207649605180E-1,-6.931795378467E-1,0.E0));
#327=VECTOR('',#326,3.898163736699E-2);
#328=CARTESIAN_POINT('',(6.734138310383E0,6.242553183436E-1,0.E0));
#329=LINE('',#328,#327);
#330=DIRECTION('',(5.697041308114E-1,-8.218498666645E-1,0.E0));
#331=VECTOR('',#330,3.287860042397E-2);
#332=CARTESIAN_POINT('',(6.762234908701E0,5.972340449691E-1,0.E0));
#333=LINE('',#332,#331);
#334=DIRECTION('',(0.E0,1.E0,0.E0));
#335=VECTOR('',#334,6.35E-1);
#336=CARTESIAN_POINT('',(6.313821344837E0,-2.E0,0.E0));
#337=LINE('',#336,#335);
#338=DIRECTION('',(-1.E0,0.E0,0.E0));
#339=VECTOR('',#338,5.884150040326E-2);
#340=CARTESIAN_POINT('',(6.313821344837E0,-1.365E0,0.E0));
#341=LINE('',#340,#339);
#342=DIRECTION('',(-5.282707280724E-1,-8.490759906285E-1,0.E0));
#343=VECTOR('',#342,1.113851502749E-1);
#344=CARTESIAN_POINT('',(6.254979844433E0,-1.365E0,0.E0));
#345=LINE('',#344,#343);
#346=DIRECTION('',(0.E0,-1.E0,0.E0));
#347=VECTOR('',#346,1.080851313472E-1);
#348=CARTESIAN_POINT('',(6.196138330001E0,-1.459574456811E0,0.E0));
#349=LINE('',#348,#347);
#350=DIRECTION('',(5.282705756568E-1,8.490760854572E-1,0.E0));
#351=VECTOR('',#350,1.113851824115E-1);
#352=CARTESIAN_POINT('',(6.196138330001E0,-1.567659588158E0,0.E0));
#353=LINE('',#352,#351);
#354=DIRECTION('',(0.E0,-1.E0,0.E0));
#355=VECTOR('',#354,5.269149065018E-1);
#356=CARTESIAN_POINT('',(6.254979844433E0,-1.473085093498E0,0.E0));
#357=LINE('',#356,#355);
#358=DIRECTION('',(1.E0,0.E0,0.E0));
#359=VECTOR('',#358,5.884150040326E-2);
#360=CARTESIAN_POINT('',(6.254979844433E0,-2.E0,0.E0));
#361=LINE('',#360,#359);
#362=CARTESIAN_POINT('',(-6.875705846326E0,1.189466814363E0,
-8.254023019110E-1));
#363=DIRECTION('',(1.736481776669E-1,-9.848077530122E-1,0.E0));
#364=DIRECTION('',(-7.484538922893E-1,-1.319726150269E-1,6.499230723709E-1));
#365=AXIS2_PLACEMENT_3D('',#362,#363,#364);
#367=CARTESIAN_POINT('',(-5.625E0,2.68E0,-8.254023019110E-1));
#368=DIRECTION('',(-1.E0,0.E0,0.E0));
#369=DIRECTION('',(0.E0,7.6E-1,6.499230723709E-1));
#370=AXIS2_PLACEMENT_3D('',#367,#368,#369);
#372=CARTESIAN_POINT('',(-6.378463760728E0,-1.630533185637E0,
-8.254023019110E-1));
#373=DIRECTION('',(1.736481776669E-1,-9.848077530122E-1,0.E0));
#374=DIRECTION('',(-7.484538922893E-1,-1.319726150269E-1,6.499230723709E-1));
#375=AXIS2_PLACEMENT_3D('',#372,#373,#374);
#377=CARTESIAN_POINT('',(-5.127757914402E0,-2.68E0,-8.254023019110E-1));
#378=DIRECTION('',(1.E0,0.E0,0.E0));
#379=DIRECTION('',(0.E0,-7.6E-1,6.499230723709E-1));
#380=AXIS2_PLACEMENT_3D('',#377,#378,#379);
#382=CARTESIAN_POINT('',(5.127757914402E0,-2.68E0,-8.254023019110E-1));
#383=DIRECTION('',(1.E0,0.E0,0.E0));
#384=DIRECTION('',(0.E0,-7.6E-1,6.499230723709E-1));
#385=AXIS2_PLACEMENT_3D('',#382,#383,#384);
#387=CARTESIAN_POINT('',(6.378463760728E0,-1.630533185637E0,
-8.254023019110E-1));
#388=DIRECTION('',(1.736481776669E-1,9.848077530122E-1,0.E0));
#389=DIRECTION('',(7.484538922893E-1,-1.319726150269E-1,6.499230723709E-1));
#390=AXIS2_PLACEMENT_3D('',#387,#388,#389);
#392=CARTESIAN_POINT('',(6.875705846326E0,1.189466814363E0,-8.254023019110E-1));
#393=DIRECTION('',(1.736481776669E-1,9.848077530122E-1,0.E0));
#394=DIRECTION('',(7.484538922893E-1,-1.319726150269E-1,6.499230723709E-1));
#395=AXIS2_PLACEMENT_3D('',#392,#393,#394);
#397=CARTESIAN_POINT('',(5.625E0,2.68E0,-8.254023019110E-1));
#398=DIRECTION('',(-1.E0,0.E0,0.E0));
#399=DIRECTION('',(0.E0,7.6E-1,6.499230723709E-1));
#400=AXIS2_PLACEMENT_3D('',#397,#398,#399);
#402=CARTESIAN_POINT('',(5.625E0,1.41E0,-8.254023019110E-1));
#403=DIRECTION('',(0.E0,0.E0,-1.E0));
#404=DIRECTION('',(0.E0,1.E0,0.E0));
#405=AXIS2_PLACEMENT_3D('',#402,#403,#404);
#407=DIRECTION('',(3.776053305300E-12,2.141529152745E-11,1.E0));
#408=VECTOR('',#407,4.361797698089E0);
#409=CARTESIAN_POINT('',(8.126411692635E0,9.689336286326E-1,-5.1872E0));
#410=LINE('',#409,#408);
#411=DIRECTION('',(-1.E0,0.E0,0.E0));
#412=VECTOR('',#411,1.125E1);
#413=CARTESIAN_POINT('',(5.625E0,3.95E0,-8.254023019110E-1));
#414=LINE('',#413,#412);
#415=DIRECTION('',(1.883811580205E-11,0.E0,1.E0));
#416=VECTOR('',#415,4.361797698089E0);
#417=CARTESIAN_POINT('',(5.624999999918E0,3.95E0,-5.1872E0));
#418=LINE('',#417,#416);
#419=CARTESIAN_POINT('',(-5.625E0,1.41E0,-8.254023019110E-1));
#420=DIRECTION('',(0.E0,0.E0,-1.E0));
#421=DIRECTION('',(-9.848077530122E-1,-1.736481776669E-1,0.E0));
#422=AXIS2_PLACEMENT_3D('',#419,#420,#421);
#424=DIRECTION('',(-2.174570128233E-11,0.E0,1.E0));
#425=VECTOR('',#424,4.361797698089E0);
#426=CARTESIAN_POINT('',(-5.624999999905E0,3.95E0,-5.1872E0));
#427=LINE('',#426,#425);
#428=DIRECTION('',(-1.736481776669E-1,9.848077530122E-1,0.E0));
#429=VECTOR('',#428,2.863503045518E0);
#430=CARTESIAN_POINT('',(-7.629169607053E0,-1.851066371274E0,
-8.254023019110E-1));
#431=LINE('',#430,#429);
#432=DIRECTION('',(-3.271059118655E-12,1.855191849184E-11,1.E0));
#433=VECTOR('',#432,4.361797698089E0);
#434=CARTESIAN_POINT('',(-8.126411692637E0,9.689336286451E-1,-5.1872E0));
#435=LINE('',#434,#433);
#436=CARTESIAN_POINT('',(-5.127757914402E0,-1.41E0,-8.254023019110E-1));
#437=DIRECTION('',(0.E0,0.E0,-1.E0));
#438=DIRECTION('',(0.E0,-1.E0,0.E0));
#439=AXIS2_PLACEMENT_3D('',#436,#437,#438);
#441=DIRECTION('',(4.090045658448E-12,-2.319755956894E-11,1.E0));
#442=VECTOR('',#441,4.361797698089E0);
#443=CARTESIAN_POINT('',(-7.629169607071E0,-1.851066371173E0,-5.1872E0));
#444=LINE('',#443,#442);
#445=DIRECTION('',(-1.E0,0.E0,0.E0));
#446=VECTOR('',#445,1.025551582880E1);
#447=CARTESIAN_POINT('',(5.127757914402E0,-3.95E0,-8.254023019110E-1));
#448=LINE('',#447,#446);
#449=DIRECTION('',(-2.048382669579E-11,0.E0,1.E0));
#450=VECTOR('',#449,4.361797698089E0);
#451=CARTESIAN_POINT('',(-5.127757914313E0,-3.95E0,-5.1872E0));
#452=LINE('',#451,#450);
#453=CARTESIAN_POINT('',(5.127757914402E0,-1.41E0,-8.254023019110E-1));
#454=DIRECTION('',(0.E0,0.E0,-1.E0));
#455=DIRECTION('',(9.848077530122E-1,-1.736481776669E-1,0.E0));
#456=AXIS2_PLACEMENT_3D('',#453,#454,#455);
#458=DIRECTION('',(2.355757155361E-11,0.E0,1.E0));
#459=VECTOR('',#458,4.361797698089E0);
#460=CARTESIAN_POINT('',(5.127757914299E0,-3.95E0,-5.1872E0));
#461=LINE('',#460,#459);
#462=DIRECTION('',(-1.736481776669E-1,-9.848077530122E-1,0.E0));
#463=VECTOR('',#462,2.863503045518E0);
#464=CARTESIAN_POINT('',(8.126411692651E0,9.689336287260E-1,
-8.254023019110E-1));
#465=LINE('',#464,#463);
#466=DIRECTION('',(-3.556950988836E-12,-2.017375415639E-11,1.E0));
#467=VECTOR('',#466,4.361797698089E0);
#468=CARTESIAN_POINT('',(7.629169607069E0,-1.851066371186E0,-5.1872E0));
#469=LINE('',#468,#467);
#470=DIRECTION('',(-1.736481776669E-1,-9.848077530122E-1,0.E0));
#471=VECTOR('',#470,2.863503045334E0);
#472=CARTESIAN_POINT('',(8.126411692635E0,9.689336286326E-1,-5.1872E0));
#473=LINE('',#472,#471);
#474=CARTESIAN_POINT('',(8.926863434299E0,8.277923899183E-1,-5.1872E0));
#475=DIRECTION('',(-1.736481776669E-1,-9.848077530122E-1,0.E0));
#476=DIRECTION('',(-9.848077530122E-1,1.736481776669E-1,0.E0));
#477=AXIS2_PLACEMENT_3D('',#474,#475,#476);
#479=DIRECTION('',(-1.736481776667E-1,-9.848077530123E-1,0.E0));
#480=VECTOR('',#479,2.863503045471E0);
#481=CARTESIAN_POINT('',(8.926863434290E0,8.277923898950E-1,-6.E0));
#482=LINE('',#481,#480);
#483=CARTESIAN_POINT('',(5.625E0,1.41E0,-5.1872E0));
#484=DIRECTION('',(0.E0,0.E0,-1.E0));
#485=DIRECTION('',(0.E0,1.E0,0.E0));
#486=AXIS2_PLACEMENT_3D('',#483,#484,#485);
#488=CARTESIAN_POINT('',(5.624999999751E0,4.7628E0,-5.1872E0));
#489=DIRECTION('',(1.E0,7.425802334149E-11,0.E0));
#490=DIRECTION('',(7.425818490298E-11,-1.E0,0.E0));
#491=AXIS2_PLACEMENT_3D('',#488,#489,#490);
#493=CARTESIAN_POINT('',(5.625E0,1.41E0,-6.E0));
#494=DIRECTION('',(0.E0,0.E0,-1.E0));
#495=DIRECTION('',(0.E0,1.E0,0.E0));
#496=AXIS2_PLACEMENT_3D('',#493,#494,#495);
#498=DIRECTION('',(1.E0,0.E0,0.E0));
#499=VECTOR('',#498,1.124999999982E1);
#500=CARTESIAN_POINT('',(-5.624999999905E0,3.95E0,-5.1872E0));
#501=LINE('',#500,#499);
#502=CARTESIAN_POINT('',(-5.625E0,4.7628E0,-5.1872E0));
#503=DIRECTION('',(1.E0,0.E0,0.E0));
#504=DIRECTION('',(0.E0,-1.E0,0.E0));
#505=AXIS2_PLACEMENT_3D('',#502,#503,#504);
#507=DIRECTION('',(1.E0,9.608116771372E-14,0.E0));
#508=VECTOR('',#507,1.124999999995E1);
#509=CARTESIAN_POINT('',(-5.624999999975E0,4.762799999995E0,-6.E0));
#510=LINE('',#509,#508);
#511=CARTESIAN_POINT('',(-5.625E0,1.41E0,-5.1872E0));
#512=DIRECTION('',(0.E0,0.E0,-1.E0));
#513=DIRECTION('',(-9.848077530122E-1,-1.736481776669E-1,0.E0));
#514=AXIS2_PLACEMENT_3D('',#511,#512,#513);
#516=CARTESIAN_POINT('',(-8.926863434256E0,8.277923896731E-1,-5.1872E0));
#517=DIRECTION('',(-1.736481777401E-1,9.848077529993E-1,0.E0));
#518=DIRECTION('',(9.848077529993E-1,1.736481777401E-1,0.E0));
#519=AXIS2_PLACEMENT_3D('',#516,#517,#518);
#521=CARTESIAN_POINT('',(-5.625E0,1.41E0,-6.E0));
#522=DIRECTION('',(0.E0,0.E0,-1.E0));
#523=DIRECTION('',(-9.848077530122E-1,-1.736481776669E-1,0.E0));
#524=AXIS2_PLACEMENT_3D('',#521,#522,#523);
#526=DIRECTION('',(-1.736481776669E-1,9.848077530122E-1,0.E0));
#527=VECTOR('',#526,2.863503045333E0);
#528=CARTESIAN_POINT('',(-7.629169607071E0,-1.851066371173E0,-5.1872E0));
#529=LINE('',#528,#527);
#530=CARTESIAN_POINT('',(-8.429621348701E0,-1.992207610082E0,-5.1872E0));
#531=DIRECTION('',(-1.736481776669E-1,9.848077530122E-1,0.E0));
#532=DIRECTION('',(9.848077530122E-1,1.736481776669E-1,0.E0));
#533=AXIS2_PLACEMENT_3D('',#530,#531,#532);
#535=DIRECTION('',(-1.736481776674E-1,9.848077530121E-1,0.E0));
#536=VECTOR('',#535,2.863503045470E0);
#537=CARTESIAN_POINT('',(-8.429621348701E0,-1.992207610055E0,-6.E0));
#538=LINE('',#537,#536);
#539=CARTESIAN_POINT('',(-5.127757914402E0,-1.41E0,-5.1872E0));
#540=DIRECTION('',(0.E0,0.E0,-1.E0));
#541=DIRECTION('',(0.E0,-1.E0,0.E0));
#542=AXIS2_PLACEMENT_3D('',#539,#540,#541);
#544=CARTESIAN_POINT('',(-5.127757914132E0,-4.7628E0,-5.1872E0));
#545=DIRECTION('',(-1.E0,-8.070261472981E-11,0.E0));
#546=DIRECTION('',(-8.070316068963E-11,1.E0,0.E0));
#547=AXIS2_PLACEMENT_3D('',#544,#545,#546);
#549=CARTESIAN_POINT('',(-5.127757914402E0,-1.41E0,-6.E0));
#550=DIRECTION('',(0.E0,0.E0,-1.E0));
#551=DIRECTION('',(0.E0,-1.E0,0.E0));
#552=AXIS2_PLACEMENT_3D('',#549,#550,#551);
#554=DIRECTION('',(-1.E0,0.E0,0.E0));
#555=VECTOR('',#554,1.025551582861E1);
#556=CARTESIAN_POINT('',(5.127757914299E0,-3.95E0,-5.1872E0));
#557=LINE('',#556,#555);
#558=CARTESIAN_POINT('',(5.127757914402E0,-4.7628E0,-5.1872E0));
#559=DIRECTION('',(-1.E0,0.E0,0.E0));
#560=DIRECTION('',(0.E0,1.E0,0.E0));
#561=AXIS2_PLACEMENT_3D('',#558,#559,#560);
#563=DIRECTION('',(-1.E0,-1.115471736064E-13,0.E0));
#564=VECTOR('',#563,1.025551582876E1);
#565=CARTESIAN_POINT('',(5.127757914376E0,-4.762799999995E0,-6.E0));
#566=LINE('',#565,#564);
#567=CARTESIAN_POINT('',(5.127757914402E0,-1.41E0,-5.1872E0));
#568=DIRECTION('',(0.E0,0.E0,-1.E0));
#569=DIRECTION('',(9.848077530122E-1,-1.736481776669E-1,0.E0));
#570=AXIS2_PLACEMENT_3D('',#567,#568,#569);
#572=CARTESIAN_POINT('',(8.429621348748E0,-1.992207609815E0,-5.1872E0));
#573=DIRECTION('',(-1.736481775875E-1,-9.848077530262E-1,0.E0));
#574=DIRECTION('',(-9.848077530262E-1,1.736481775875E-1,0.E0));
#575=AXIS2_PLACEMENT_3D('',#572,#573,#574);
#577=CARTESIAN_POINT('',(5.127757914402E0,-1.41E0,-6.E0));
#578=DIRECTION('',(0.E0,0.E0,-1.E0));
#579=DIRECTION('',(9.848077530122E-1,-1.736481776669E-1,0.E0));
#580=AXIS2_PLACEMENT_3D('',#577,#578,#579);
#582=DIRECTION('',(1.E0,0.E0,0.E0));
#583=VECTOR('',#582,2.74E1);
#584=CARTESIAN_POINT('',(-1.37E1,6.3E0,-6.E0));
#585=LINE('',#584,#583);
#586=CARTESIAN_POINT('',(1.25E1,0.E0,-6.E0));
#587=DIRECTION('',(0.E0,0.E0,1.E0));
#588=DIRECTION('',(1.E0,0.E0,0.E0));
#589=AXIS2_PLACEMENT_3D('',#586,#587,#588);
#591=CARTESIAN_POINT('',(1.25E1,0.E0,-6.E0));
#592=DIRECTION('',(0.E0,0.E0,1.E0));
#593=DIRECTION('',(-1.E0,0.E0,0.E0));
#594=AXIS2_PLACEMENT_3D('',#591,#592,#593);
#596=CARTESIAN_POINT('',(-1.25E1,0.E0,-6.E0));
#597=DIRECTION('',(0.E0,0.E0,1.E0));
#598=DIRECTION('',(1.E0,0.E0,0.E0));
#599=AXIS2_PLACEMENT_3D('',#596,#597,#598);
#601=CARTESIAN_POINT('',(-1.25E1,0.E0,-6.E0));
#602=DIRECTION('',(0.E0,0.E0,1.E0));
#603=DIRECTION('',(-1.E0,0.E0,0.E0));
#604=AXIS2_PLACEMENT_3D('',#601,#602,#603);
#606=CARTESIAN_POINT('',(1.54E1,4.6E0,-8.69E0));
#607=CARTESIAN_POINT('',(1.54E1,4.604169333202E0,-8.69E0));
#608=CARTESIAN_POINT('',(1.540004598903E1,4.612506722740E0,-8.69E0));
#609=CARTESIAN_POINT('',(1.539990802194E1,4.620841558543E0,-8.69E0));
#610=CARTESIAN_POINT('',(1.539990802194E1,4.625008338011E0,-8.69E0));
#612=DIRECTION('',(0.E0,0.E0,1.E0));
#613=VECTOR('',#612,2.69E0);
#614=CARTESIAN_POINT('',(1.54E1,4.6E0,-8.69E0));
#615=LINE('',#614,#613);
#616=CARTESIAN_POINT('',(1.37E1,4.6E0,-6.E0));
#617=DIRECTION('',(0.E0,0.E0,1.E0));
#618=DIRECTION('',(1.E0,0.E0,0.E0));
#619=AXIS2_PLACEMENT_3D('',#616,#617,#618);
#621=DIRECTION('',(0.E0,0.E0,1.E0));
#622=VECTOR('',#621,2.69E0);
#623=CARTESIAN_POINT('',(1.37E1,6.3E0,-8.69E0));
#624=LINE('',#623,#622);
#625=CARTESIAN_POINT('',(1.37E1,4.6E0,-8.69E0));
#626=DIRECTION('',(0.E0,0.E0,-1.E0));
#627=DIRECTION('',(0.E0,1.E0,0.E0));
#628=AXIS2_PLACEMENT_3D('',#625,#626,#627);
#630=CARTESIAN_POINT('',(1.539990802194E1,4.625008338011E0,-8.69E0));
#631=CARTESIAN_POINT('',(1.539990802194E1,4.629171963068E0,-8.69E0));
#632=CARTESIAN_POINT('',(1.540022985233E1,4.637500865124E0,-8.69E0));
#633=CARTESIAN_POINT('',(1.539963227340E1,4.645833071061E0,-8.69E0));
#634=CARTESIAN_POINT('',(1.539963227340E1,4.65E0,-8.69E0));
#636=DIRECTION('',(7.210323648804E-4,0.E0,-9.999997400561E-1));
#637=VECTOR('',#636,5.100001325714E-1);
#638=CARTESIAN_POINT('',(1.539963227340E1,4.65E0,-8.69E0));
#639=LINE('',#638,#637);
#640=DIRECTION('',(0.E0,1.E0,0.E0));
#641=VECTOR('',#640,5.48E0);
#642=CARTESIAN_POINT('',(1.54E1,-2.58E0,-8.69E0));
#643=LINE('',#642,#641);
#644=CARTESIAN_POINT('',(1.54E1,-2.58E0,-9.47E0));
#645=DIRECTION('',(-1.E0,0.E0,0.E0));
#646=DIRECTION('',(0.E0,-1.E0,0.E0));
#647=AXIS2_PLACEMENT_3D('',#644,#645,#646);
#649=DIRECTION('',(0.E0,0.E0,1.E0));
#650=VECTOR('',#649,1.233E1);
#651=CARTESIAN_POINT('',(1.54E1,-3.36E0,-2.18E1));
#652=LINE('',#651,#650);
#653=DIRECTION('',(0.E0,1.E0,0.E0));
#654=VECTOR('',#653,2.89E0);
#655=CARTESIAN_POINT('',(1.54E1,-6.25E0,-2.18E1));
#656=LINE('',#655,#654);
#657=DIRECTION('',(0.E0,0.E0,-1.E0));
#658=VECTOR('',#657,1.58E1);
#659=CARTESIAN_POINT('',(1.54E1,-6.25E0,-6.E0));
#660=LINE('',#659,#658);
#661=DIRECTION('',(0.E0,-1.E0,0.E0));
#662=VECTOR('',#661,1.085E1);
#663=CARTESIAN_POINT('',(1.54E1,4.6E0,-6.E0));
#664=LINE('',#663,#662);
#665=DIRECTION('',(0.E0,0.E0,1.E0));
#666=VECTOR('',#665,1.26E1);
#667=CARTESIAN_POINT('',(7.095E0,4.65E0,-2.18E1));
#668=LINE('',#667,#666);
#669=DIRECTION('',(-1.E0,0.E0,0.E0));
#670=VECTOR('',#669,3.079926454680E1);
#671=CARTESIAN_POINT('',(1.539963227340E1,4.65E0,-8.69E0));
#672=LINE('',#671,#670);
#673=DIRECTION('',(-7.210323648839E-4,0.E0,-9.999997400561E-1));
#674=VECTOR('',#673,5.100001325714E-1);
#675=CARTESIAN_POINT('',(-1.539963227340E1,4.65E0,-8.69E0));
#676=LINE('',#675,#674);
#677=DIRECTION('',(0.E0,0.E0,-1.E0));
#678=VECTOR('',#677,1.26E1);
#679=CARTESIAN_POINT('',(-7.095E0,4.65E0,-9.2E0));
#680=LINE('',#679,#678);
#681=DIRECTION('',(1.E0,0.E0,0.E0));
#682=VECTOR('',#681,1.419E1);
#683=CARTESIAN_POINT('',(-7.095E0,4.65E0,-2.18E1));
#684=LINE('',#683,#682);
#685=CARTESIAN_POINT('',(7.095E0,3.65E0,-9.2E0));
#686=DIRECTION('',(0.E0,0.E0,1.E0));
#687=DIRECTION('',(1.E0,0.E0,0.E0));
#688=AXIS2_PLACEMENT_3D('',#685,#686,#687);
#690=CARTESIAN_POINT('',(7.095E0,3.65E0,-2.18E1));
#691=DIRECTION('',(0.E0,0.E0,-1.E0));
#692=DIRECTION('',(0.E0,1.E0,0.E0));
#693=AXIS2_PLACEMENT_3D('',#690,#691,#692);
#695=CARTESIAN_POINT('',(-7.095E0,3.65E0,-2.18E1));
#696=DIRECTION('',(0.E0,0.E0,-1.E0));
#697=DIRECTION('',(-1.E0,0.E0,0.E0));
#698=AXIS2_PLACEMENT_3D('',#695,#696,#697);
#700=DIRECTION('',(0.E0,1.E0,0.E0));
#701=VECTOR('',#700,1.14E0);
#702=CARTESIAN_POINT('',(-1.06E1,-4.5E0,-2.18E1));
#703=LINE('',#702,#701);
#704=DIRECTION('',(1.E0,0.E0,0.E0));
#705=VECTOR('',#704,3.8E0);
#706=CARTESIAN_POINT('',(-1.44E1,-4.5E0,-2.18E1));
#707=LINE('',#706,#705);
#708=DIRECTION('',(0.E0,1.E0,0.E0));
#709=VECTOR('',#708,1.14E0);
#710=CARTESIAN_POINT('',(-1.44E1,-4.5E0,-2.18E1));
#711=LINE('',#710,#709);
#712=DIRECTION('',(1.E0,0.E0,0.E0));
#713=VECTOR('',#712,7.305E0);
#714=CARTESIAN_POINT('',(-1.54E1,-6.25E0,-2.18E1));
#715=LINE('',#714,#713);
#716=DIRECTION('',(0.E0,1.E0,0.E0));
#717=VECTOR('',#716,1.E0);
#718=CARTESIAN_POINT('',(-8.095E0,-6.25E0,-2.18E1));
#719=LINE('',#718,#717);
#720=DIRECTION('',(1.E0,0.E0,0.E0));
#721=VECTOR('',#720,1.619E1);
#722=CARTESIAN_POINT('',(-8.095E0,-5.25E0,-2.18E1));
#723=LINE('',#722,#721);
#724=DIRECTION('',(0.E0,1.E0,0.E0));
#725=VECTOR('',#724,1.E0);
#726=CARTESIAN_POINT('',(8.095E0,-6.25E0,-2.18E1));
#727=LINE('',#726,#725);
#728=DIRECTION('',(1.E0,0.E0,0.E0));
#729=VECTOR('',#728,7.305E0);
#730=CARTESIAN_POINT('',(8.095E0,-6.25E0,-2.18E1));
#731=LINE('',#730,#729);
#732=DIRECTION('',(0.E0,1.E0,0.E0));
#733=VECTOR('',#732,1.14E0);
#734=CARTESIAN_POINT('',(1.44E1,-4.5E0,-2.18E1));
#735=LINE('',#734,#733);
#736=DIRECTION('',(1.E0,0.E0,0.E0));
#737=VECTOR('',#736,3.8E0);
#738=CARTESIAN_POINT('',(1.06E1,-4.5E0,-2.18E1));
#739=LINE('',#738,#737);
#740=DIRECTION('',(0.E0,1.E0,0.E0));
#741=VECTOR('',#740,1.14E0);
#742=CARTESIAN_POINT('',(1.06E1,-4.5E0,-2.18E1));
#743=LINE('',#742,#741);
#744=CARTESIAN_POINT('',(-7.095E0,3.65E0,-9.2E0));
#745=DIRECTION('',(0.E0,0.E0,1.E0));
#746=DIRECTION('',(0.E0,1.E0,0.E0));
#747=AXIS2_PLACEMENT_3D('',#744,#745,#746);
#749=DIRECTION('',(-1.E0,0.E0,0.E0));
#750=VECTOR('',#749,8.305E0);
#751=CARTESIAN_POINT('',(1.54E1,4.65E0,-9.2E0));
#752=LINE('',#751,#750);
#753=DIRECTION('',(-1.E0,0.E0,0.E0));
#754=VECTOR('',#753,7.305E0);
#755=CARTESIAN_POINT('',(1.54E1,2.9E0,-9.2E0));
#756=LINE('',#755,#754);
#757=DIRECTION('',(0.E0,-1.E0,0.E0));
#758=VECTOR('',#757,1.75E0);
#759=CARTESIAN_POINT('',(1.54E1,4.65E0,-9.2E0));
#760=LINE('',#759,#758);
#761=DIRECTION('',(-1.E0,0.E0,0.E0));
#762=VECTOR('',#761,8.305E0);
#763=CARTESIAN_POINT('',(-7.095E0,4.65E0,-9.2E0));
#764=LINE('',#763,#762);
#765=DIRECTION('',(0.E0,1.E0,0.E0));
#766=VECTOR('',#765,1.75E0);
#767=CARTESIAN_POINT('',(-1.54E1,2.9E0,-9.2E0));
#768=LINE('',#767,#766);
#769=DIRECTION('',(-1.E0,0.E0,0.E0));
#770=VECTOR('',#769,7.305E0);
#771=CARTESIAN_POINT('',(-8.095E0,2.9E0,-9.2E0));
#772=LINE('',#771,#770);
#773=DIRECTION('',(0.E0,0.E0,1.E0));
#774=VECTOR('',#773,1.26E1);
#775=CARTESIAN_POINT('',(8.095E0,3.65E0,-2.18E1));
#776=LINE('',#775,#774);
#777=DIRECTION('',(0.E0,1.E0,0.E0));
#778=VECTOR('',#777,7.01E0);
#779=CARTESIAN_POINT('',(8.095E0,-3.36E0,-2.18E1));
#780=LINE('',#779,#778);
#781=CARTESIAN_POINT('',(8.095E0,-2.58E0,-9.47E0));
#782=DIRECTION('',(1.E0,0.E0,0.E0));
#783=DIRECTION('',(0.E0,2.618987647834E-14,1.E0));
#784=AXIS2_PLACEMENT_3D('',#781,#782,#783);
#786=DIRECTION('',(0.E0,0.E0,-1.E0));
#787=VECTOR('',#786,5.1E-1);
#788=CARTESIAN_POINT('',(8.095E0,2.9E0,-8.69E0));
#789=LINE('',#788,#787);
#790=DIRECTION('',(0.E0,-1.E0,0.E0));
#791=VECTOR('',#790,7.5E-1);
#792=CARTESIAN_POINT('',(8.095E0,3.65E0,-9.2E0));
#793=LINE('',#792,#791);
#794=DIRECTION('',(1.E0,0.E0,0.E0));
#795=VECTOR('',#794,9.5E-1);
#796=CARTESIAN_POINT('',(9.875E0,-3.36E0,-1.535E1));
#797=LINE('',#796,#795);
#798=DIRECTION('',(0.E0,0.E0,-1.E0));
#799=VECTOR('',#798,5.88E0);
#800=CARTESIAN_POINT('',(9.875E0,-3.36E0,-9.47E0));
#801=LINE('',#800,#799);
#802=DIRECTION('',(0.E0,0.E0,1.E0));
#803=VECTOR('',#802,1.233E1);
#804=CARTESIAN_POINT('',(8.095E0,-3.36E0,-2.18E1));
#805=LINE('',#804,#803);
#806=DIRECTION('',(1.E0,0.E0,0.E0));
#807=VECTOR('',#806,2.505E0);
#808=CARTESIAN_POINT('',(8.095E0,-3.36E0,-2.18E1));
#809=LINE('',#808,#807);
#810=DIRECTION('',(0.E0,0.E0,1.E0));
#811=VECTOR('',#810,5.06E0);
#812=CARTESIAN_POINT('',(1.06E1,-3.36E0,-2.18E1));
#813=LINE('',#812,#811);
#814=CARTESIAN_POINT('',(1.25E1,-3.36E0,-1.674E1));
#815=DIRECTION('',(0.E0,1.E0,0.E0));
#816=DIRECTION('',(-1.E0,0.E0,-1.682864374169E-14));
#817=AXIS2_PLACEMENT_3D('',#814,#815,#816);
#819=DIRECTION('',(0.E0,0.E0,1.E0));
#820=VECTOR('',#819,4.931304442674E-1);
#821=CARTESIAN_POINT('',(1.0825E1,-3.36E0,-1.584313044427E1));
#822=LINE('',#821,#820);
#823=DIRECTION('',(1.E0,0.E0,0.E0));
#824=VECTOR('',#823,9.5E-1);
#825=CARTESIAN_POINT('',(1.4175E1,-3.36E0,-1.535E1));
#826=LINE('',#825,#824);
#827=DIRECTION('',(0.E0,0.E0,1.E0));
#828=VECTOR('',#827,4.931304442674E-1);
#829=CARTESIAN_POINT('',(1.4175E1,-3.36E0,-1.584313044427E1));
#830=LINE('',#829,#828);
#831=CARTESIAN_POINT('',(1.25E1,-3.36E0,-1.674E1));
#832=DIRECTION('',(0.E0,1.E0,0.E0));
#833=DIRECTION('',(8.815789473684E-1,0.E0,4.720366082803E-1));
#834=AXIS2_PLACEMENT_3D('',#831,#832,#833);
#836=DIRECTION('',(0.E0,0.E0,1.E0));
#837=VECTOR('',#836,5.06E0);
#838=CARTESIAN_POINT('',(1.44E1,-3.36E0,-2.18E1));
#839=LINE('',#838,#837);
#840=DIRECTION('',(1.E0,0.E0,0.E0));
#841=VECTOR('',#840,1.E0);
#842=CARTESIAN_POINT('',(1.44E1,-3.36E0,-2.18E1));
#843=LINE('',#842,#841);
#844=DIRECTION('',(0.E0,0.E0,-1.E0));
#845=VECTOR('',#844,5.88E0);
#846=CARTESIAN_POINT('',(1.5125E1,-3.36E0,-9.47E0));
#847=LINE('',#846,#845);
#848=DIRECTION('',(0.E0,0.E0,1.E0));
#849=VECTOR('',#848,4.931304442674E-1);
#850=CARTESIAN_POINT('',(-1.4175E1,-3.36E0,-1.584313044427E1));
#851=LINE('',#850,#849);
#852=DIRECTION('',(1.E0,0.E0,0.E0));
#853=VECTOR('',#852,9.5E-1);
#854=CARTESIAN_POINT('',(-1.5125E1,-3.36E0,-1.535E1));
#855=LINE('',#854,#853);
#856=DIRECTION('',(0.E0,0.E0,-1.E0));
#857=VECTOR('',#856,5.88E0);
#858=CARTESIAN_POINT('',(-1.5125E1,-3.36E0,-9.47E0));
#859=LINE('',#858,#857);
#860=DIRECTION('',(1.E0,0.E0,0.E0));
#861=VECTOR('',#860,1.E0);
#862=CARTESIAN_POINT('',(-1.54E1,-3.36E0,-2.18E1));
#863=LINE('',#862,#861);
#864=DIRECTION('',(0.E0,0.E0,1.E0));
#865=VECTOR('',#864,5.06E0);
#866=CARTESIAN_POINT('',(-1.44E1,-3.36E0,-2.18E1));
#867=LINE('',#866,#865);
#868=CARTESIAN_POINT('',(-1.25E1,-3.36E0,-1.674E1));
#869=DIRECTION('',(0.E0,1.E0,0.E0));
#870=DIRECTION('',(-1.E0,0.E0,0.E0));
#871=AXIS2_PLACEMENT_3D('',#868,#869,#870);
#873=DIRECTION('',(0.E0,0.E0,1.E0));
#874=VECTOR('',#873,4.931304442674E-1);
#875=CARTESIAN_POINT('',(-1.0825E1,-3.36E0,-1.584313044427E1));
#876=LINE('',#875,#874);
#877=CARTESIAN_POINT('',(-1.25E1,-3.36E0,-1.674E1));
#878=DIRECTION('',(0.E0,1.E0,0.E0));
#879=DIRECTION('',(8.815789473684E-1,0.E0,4.720366082803E-1));
#880=AXIS2_PLACEMENT_3D('',#877,#878,#879);
#882=DIRECTION('',(0.E0,0.E0,1.E0));
#883=VECTOR('',#882,5.06E0);
#884=CARTESIAN_POINT('',(-1.06E1,-3.36E0,-2.18E1));
#885=LINE('',#884,#883);
#886=DIRECTION('',(1.E0,0.E0,0.E0));
#887=VECTOR('',#886,2.505E0);
#888=CARTESIAN_POINT('',(-1.06E1,-3.36E0,-2.18E1));
#889=LINE('',#888,#887);
#890=DIRECTION('',(0.E0,0.E0,1.E0));
#891=VECTOR('',#890,1.233E1);
#892=CARTESIAN_POINT('',(-8.095E0,-3.36E0,-2.18E1));
#893=LINE('',#892,#891);
#894=DIRECTION('',(0.E0,0.E0,-1.E0));
#895=VECTOR('',#894,5.88E0);
#896=CARTESIAN_POINT('',(-9.875E0,-3.36E0,-9.47E0));
#897=LINE('',#896,#895);
#898=DIRECTION('',(1.E0,0.E0,0.E0));
#899=VECTOR('',#898,9.5E-1);
#900=CARTESIAN_POINT('',(-1.0825E1,-3.36E0,-1.535E1));
#901=LINE('',#900,#899);
#902=DIRECTION('',(0.E0,1.E0,0.E0));
#903=VECTOR('',#902,5.E-1);
#904=CARTESIAN_POINT('',(1.0825E1,-3.36E0,-1.535E1));
#905=LINE('',#904,#903);
#906=DIRECTION('',(0.E0,1.E0,0.E0));
#907=VECTOR('',#906,5.E-1);
#908=CARTESIAN_POINT('',(1.4175E1,-3.36E0,-1.535E1));
#909=LINE('',#908,#907);
#910=CARTESIAN_POINT('',(1.0825E1,-3.86E0,-1.668E1));
#911=DIRECTION('',(-1.E0,0.E0,0.E0));
#912=DIRECTION('',(0.E0,1.E0,0.E0));
#913=AXIS2_PLACEMENT_3D('',#910,#911,#912);
#915=DIRECTION('',(0.E0,0.E0,1.E0));
#916=VECTOR('',#915,1.33E0);
#917=CARTESIAN_POINT('',(1.0825E1,-2.86E0,-1.668E1));
#918=LINE('',#917,#916);
#919=DIRECTION('',(0.E0,0.E0,-1.E0));
#920=VECTOR('',#919,8.368695557326E-1);
#921=CARTESIAN_POINT('',(1.0825E1,-3.36E0,-1.584313044427E1));
#922=LINE('',#921,#920);
#923=DIRECTION('',(0.E0,-1.E0,0.E0));
#924=VECTOR('',#923,3.49E0);
#925=CARTESIAN_POINT('',(1.0825E1,-3.86E0,-1.718E1));
#926=LINE('',#925,#924);
#927=DIRECTION('',(0.E0,0.E0,1.E0));
#928=VECTOR('',#927,5.E-1);
#929=CARTESIAN_POINT('',(1.0825E1,-7.35E0,-1.768E1));
#930=LINE('',#929,#928);
#931=DIRECTION('',(0.E0,1.E0,0.E0));
#932=VECTOR('',#931,3.49E0);
#933=CARTESIAN_POINT('',(1.0825E1,-7.35E0,-1.768E1));
#934=LINE('',#933,#932);
#935=DIRECTION('',(-1.E0,0.E0,0.E0));
#936=VECTOR('',#935,1.075E0);
#937=CARTESIAN_POINT('',(1.4175E1,-3.86E0,-1.768E1));
#938=LINE('',#937,#936);
#939=CARTESIAN_POINT('',(1.355E1,-9.9E0,-1.768E1));
#940=DIRECTION('',(0.E0,0.E0,-1.E0));
#941=DIRECTION('',(0.E0,-1.E0,0.E0));
#942=AXIS2_PLACEMENT_3D('',#939,#940,#941);
#944=CARTESIAN_POINT('',(1.343817300291E1,-9.570985415592E0,-1.768E1));
#945=DIRECTION('',(0.E0,0.E0,-1.E0));
#946=DIRECTION('',(9.708893058459E-1,-2.395286116396E-1,0.E0));
#947=AXIS2_PLACEMENT_3D('',#944,#945,#946);
#949=DIRECTION('',(-2.395286116396E-1,-9.708893058459E-1,0.E0));
#950=VECTOR('',#949,1.451756059589E0);
#951=CARTESIAN_POINT('',(1.455E1,-8.35E0,-1.768E1));
#952=LINE('',#951,#950);
#953=DIRECTION('',(3.511234415884E-1,-9.363291775690E-1,0.E0));
#954=VECTOR('',#953,1.068000468165E0);
#955=CARTESIAN_POINT('',(1.4175E1,-7.35E0,-1.768E1));
#956=LINE('',#955,#954);
#957=DIRECTION('',(-1.E0,0.E0,0.E0));
#958=VECTOR('',#957,1.075E0);
#959=CARTESIAN_POINT('',(1.19E1,-3.86E0,-1.768E1));
#960=LINE('',#959,#958);
#961=DIRECTION('',(3.511234415884E-1,9.363291775690E-1,0.E0));
#962=VECTOR('',#961,1.068000468165E0);
#963=CARTESIAN_POINT('',(1.045E1,-8.35E0,-1.768E1));
#964=LINE('',#963,#962);
#965=DIRECTION('',(-2.395286116396E-1,9.708893058459E-1,0.E0));
#966=VECTOR('',#965,1.451756059589E0);
#967=CARTESIAN_POINT('',(1.079773711339E1,-9.759494432952E0,-1.768E1));
#968=LINE('',#967,#966);
#969=CARTESIAN_POINT('',(1.156182699709E1,-9.570985415592E0,-1.768E1));
#970=DIRECTION('',(0.E0,0.E0,-1.E0));
#971=DIRECTION('',(-1.420927536131E-1,-9.898533474059E-1,0.E0));
#972=AXIS2_PLACEMENT_3D('',#969,#970,#971);
#974=CARTESIAN_POINT('',(1.145E1,-9.9E0,-1.768E1));
#975=DIRECTION('',(0.E0,0.E0,-1.E0));
#976=DIRECTION('',(1.E0,0.E0,0.E0));
#977=AXIS2_PLACEMENT_3D('',#974,#975,#976);
#979=CARTESIAN_POINT('',(1.31E1,-3.86E0,-1.668E1));
#980=DIRECTION('',(-1.E0,0.E0,0.E0));
#981=DIRECTION('',(0.E0,1.E0,0.E0));
#982=AXIS2_PLACEMENT_3D('',#979,#980,#981);
#984=DIRECTION('',(0.E0,-1.E0,0.E0));
#985=VECTOR('',#984,5.E-1);
#986=CARTESIAN_POINT('',(1.31E1,-2.86E0,-1.573E1));
#987=LINE('',#986,#985);
#988=DIRECTION('',(0.E0,-1.E0,0.E0));
#989=VECTOR('',#988,6.04E0);
#990=CARTESIAN_POINT('',(1.31E1,-3.86E0,-1.718E1));
#991=LINE('',#990,#989);
#992=DIRECTION('',(0.E0,1.E0,0.E0));
#993=VECTOR('',#992,6.04E0);
#994=CARTESIAN_POINT('',(1.31E1,-9.9E0,-1.768E1));
#995=LINE('',#994,#993);
#996=DIRECTION('',(-1.E0,0.E0,0.E0));
#997=VECTOR('',#996,1.075E0);
#998=CARTESIAN_POINT('',(1.4175E1,-2.86E0,-1.668E1));
#999=LINE('',#998,#997);
#1000=DIRECTION('',(1.E0,0.E0,0.E0));
#1001=VECTOR('',#1000,9.5E-1);
#1002=CARTESIAN_POINT('',(1.4175E1,-2.86E0,-1.535E1));
#1003=LINE('',#1002,#1001);
#1004=DIRECTION('',(1.E0,0.E0,0.E0));
#1005=VECTOR('',#1004,9.5E-1);
#1006=CARTESIAN_POINT('',(9.875E0,-2.86E0,-1.535E1));
#1007=LINE('',#1006,#1005);
#1008=DIRECTION('',(-1.E0,0.E0,0.E0));
#1009=VECTOR('',#1008,1.075E0);
#1010=CARTESIAN_POINT('',(1.19E1,-2.86E0,-1.668E1));
#1011=LINE('',#1010,#1009);
#1012=DIRECTION('',(0.E0,0.E0,1.E0));
#1013=VECTOR('',#1012,9.5E-1);
#1014=CARTESIAN_POINT('',(1.19E1,-2.86E0,-1.668E1));
#1015=LINE('',#1014,#1013);
#1016=CARTESIAN_POINT('',(1.25E1,-2.86E0,-1.573E1));
#1017=DIRECTION('',(0.E0,1.E0,0.E0));
#1018=DIRECTION('',(-1.E0,0.E0,0.E0));
#1019=AXIS2_PLACEMENT_3D('',#1016,#1017,#1018);
#1021=DIRECTION('',(0.E0,0.E0,1.E0));
#1022=VECTOR('',#1021,9.5E-1);
#1023=CARTESIAN_POINT('',(1.31E1,-2.86E0,-1.668E1));
#1024=LINE('',#1023,#1022);
#1025=CARTESIAN_POINT('',(1.4175E1,-3.86E0,-1.668E1));
#1026=DIRECTION('',(1.E0,0.E0,0.E0));
#1027=DIRECTION('',(0.E0,0.E0,-1.E0));
#1028=AXIS2_PLACEMENT_3D('',#1025,#1026,#1027);
#1030=DIRECTION('',(0.E0,1.E0,0.E0));
#1031=VECTOR('',#1030,3.49E0);
#1032=CARTESIAN_POINT('',(1.4175E1,-7.35E0,-1.768E1));
#1033=LINE('',#1032,#1031);
#1034=DIRECTION('',(0.E0,0.E0,1.E0));
#1035=VECTOR('',#1034,5.E-1);
#1036=CARTESIAN_POINT('',(1.4175E1,-7.35E0,-1.768E1));
#1037=LINE('',#1036,#1035);
#1038=DIRECTION('',(0.E0,-1.E0,0.E0));
#1039=VECTOR('',#1038,3.49E0);
#1040=CARTESIAN_POINT('',(1.4175E1,-3.86E0,-1.718E1));
#1041=LINE('',#1040,#1039);
#1042=DIRECTION('',(0.E0,0.E0,-1.E0));
#1043=VECTOR('',#1042,8.368695557326E-1);
#1044=CARTESIAN_POINT('',(1.4175E1,-3.36E0,-1.584313044427E1));
#1045=LINE('',#1044,#1043);
#1046=DIRECTION('',(0.E0,0.E0,1.E0));
#1047=VECTOR('',#1046,1.33E0);
#1048=CARTESIAN_POINT('',(1.4175E1,-2.86E0,-1.668E1));
#1049=LINE('',#1048,#1047);
#1050=DIRECTION('',(0.E0,0.E0,-1.E0));
#1051=VECTOR('',#1050,5.E-1);
#1052=CARTESIAN_POINT('',(1.420226288661E1,-9.759494432952E0,-1.718E1));
#1053=LINE('',#1052,#1051);
#1054=DIRECTION('',(0.E0,0.E0,1.E0));
#1055=VECTOR('',#1054,5.E-1);
#1056=CARTESIAN_POINT('',(1.455E1,-8.35E0,-1.768E1));
#1057=LINE('',#1056,#1055);
#1058=DIRECTION('',(1.E0,0.E0,0.E0));
#1059=VECTOR('',#1058,1.075E0);
#1060=CARTESIAN_POINT('',(1.31E1,-3.86E0,-1.718E1));
#1061=LINE('',#1060,#1059);
#1062=DIRECTION('',(3.511234415884E-1,-9.363291775690E-1,0.E0));
#1063=VECTOR('',#1062,1.068000468165E0);
#1064=CARTESIAN_POINT('',(1.4175E1,-7.35E0,-1.718E1));
#1065=LINE('',#1064,#1063);
#1066=DIRECTION('',(-2.395286116396E-1,-9.708893058459E-1,0.E0));
#1067=VECTOR('',#1066,1.451756059589E0);
#1068=CARTESIAN_POINT('',(1.455E1,-8.35E0,-1.718E1));
#1069=LINE('',#1068,#1067);
#1070=CARTESIAN_POINT('',(1.343817300291E1,-9.570985415592E0,-1.718E1));
#1071=DIRECTION('',(0.E0,0.E0,-1.E0));
#1072=DIRECTION('',(9.708893058459E-1,-2.395286116396E-1,0.E0));
#1073=AXIS2_PLACEMENT_3D('',#1070,#1071,#1072);
#1075=CARTESIAN_POINT('',(1.355E1,-9.9E0,-1.718E1));
#1076=DIRECTION('',(0.E0,0.E0,-1.E0));
#1077=DIRECTION('',(1.184237892934E-14,-1.E0,0.E0));
#1078=AXIS2_PLACEMENT_3D('',#1075,#1076,#1077);
#1080=DIRECTION('',(1.E0,0.E0,0.E0));
#1081=VECTOR('',#1080,1.075E0);
#1082=CARTESIAN_POINT('',(1.0825E1,-3.86E0,-1.718E1));
#1083=LINE('',#1082,#1081);
#1084=CARTESIAN_POINT('',(1.145E1,-9.9E0,-1.718E1));
#1085=DIRECTION('',(0.E0,0.E0,-1.E0));
#1086=DIRECTION('',(1.E0,0.E0,0.E0));
#1087=AXIS2_PLACEMENT_3D('',#1084,#1085,#1086);
#1089=CARTESIAN_POINT('',(1.156182699709E1,-9.570985415592E0,-1.718E1));
#1090=DIRECTION('',(0.E0,0.E0,-1.E0));
#1091=DIRECTION('',(-1.420927536131E-1,-9.898533474059E-1,0.E0));
#1092=AXIS2_PLACEMENT_3D('',#1089,#1090,#1091);
#1094=DIRECTION('',(-2.395286116396E-1,9.708893058459E-1,0.E0));
#1095=VECTOR('',#1094,1.451756059589E0);
#1096=CARTESIAN_POINT('',(1.079773711339E1,-9.759494432952E0,-1.718E1));
#1097=LINE('',#1096,#1095);
#1098=DIRECTION('',(3.511234415884E-1,9.363291775690E-1,0.E0));
#1099=VECTOR('',#1098,1.068000468165E0);
#1100=CARTESIAN_POINT('',(1.045E1,-8.35E0,-1.718E1));
#1101=LINE('',#1100,#1099);
#1102=CARTESIAN_POINT('',(1.31E1,-3.86E0,-1.668E1));
#1103=DIRECTION('',(1.E0,0.E0,0.E0));
#1104=DIRECTION('',(0.E0,0.E0,-1.E0));
#1105=AXIS2_PLACEMENT_3D('',#1102,#1103,#1104);
#1107=CARTESIAN_POINT('',(1.4175E1,-3.86E0,-1.668E1));
#1108=DIRECTION('',(-1.E0,0.E0,0.E0));
#1109=DIRECTION('',(0.E0,1.E0,0.E0));
#1110=AXIS2_PLACEMENT_3D('',#1107,#1108,#1109);
#1112=DIRECTION('',(1.E0,0.E0,0.E0));
#1113=VECTOR('',#1112,1.075E0);
#1114=CARTESIAN_POINT('',(1.31E1,-3.36E0,-1.668E1));
#1115=LINE('',#1114,#1113);
#1116=DIRECTION('',(0.E0,0.E0,1.E0));
#1117=VECTOR('',#1116,9.5E-1);
#1118=CARTESIAN_POINT('',(1.31E1,-3.36E0,-1.668E1));
#1119=LINE('',#1118,#1117);
#1120=CARTESIAN_POINT('',(1.25E1,-3.36E0,-1.573E1));
#1121=DIRECTION('',(0.E0,1.E0,0.E0));
#1122=DIRECTION('',(-1.E0,0.E0,0.E0));
#1123=AXIS2_PLACEMENT_3D('',#1120,#1121,#1122);
#1125=DIRECTION('',(0.E0,0.E0,1.E0));
#1126=VECTOR('',#1125,9.5E-1);
#1127=CARTESIAN_POINT('',(1.19E1,-3.36E0,-1.668E1));
#1128=LINE('',#1127,#1126);
#1129=DIRECTION('',(1.E0,0.E0,0.E0));
#1130=VECTOR('',#1129,1.075E0);
#1131=CARTESIAN_POINT('',(1.0825E1,-3.36E0,-1.668E1));
#1132=LINE('',#1131,#1130);
#1133=CARTESIAN_POINT('',(1.25E1,-3.36E0,-1.674E1));
#1134=DIRECTION('',(0.E0,1.E0,0.E0));
#1135=DIRECTION('',(-8.815789473684E-1,0.E0,4.720366082803E-1));
#1136=AXIS2_PLACEMENT_3D('',#1133,#1134,#1135);
#1138=DIRECTION('',(0.E0,-1.E0,0.E0));
#1139=VECTOR('',#1138,5.E-1);
#1140=CARTESIAN_POINT('',(1.19E1,-2.86E0,-1.573E1));
#1141=LINE('',#1140,#1139);
#1142=CARTESIAN_POINT('',(1.19E1,-3.86E0,-1.668E1));
#1143=DIRECTION('',(1.E0,0.E0,0.E0));
#1144=DIRECTION('',(0.E0,0.E0,-1.E0));
#1145=AXIS2_PLACEMENT_3D('',#1142,#1143,#1144);
#1147=DIRECTION('',(0.E0,-1.E0,0.E0));
#1148=VECTOR('',#1147,6.04E0);
#1149=CARTESIAN_POINT('',(1.19E1,-3.86E0,-1.768E1));
#1150=LINE('',#1149,#1148);
#1151=DIRECTION('',(0.E0,0.E0,1.E0));
#1152=VECTOR('',#1151,5.E-1);
#1153=CARTESIAN_POINT('',(1.19E1,-9.9E0,-1.768E1));
#1154=LINE('',#1153,#1152);
#1155=DIRECTION('',(0.E0,1.E0,0.E0));
#1156=VECTOR('',#1155,6.04E0);
#1157=CARTESIAN_POINT('',(1.19E1,-9.9E0,-1.718E1));
#1158=LINE('',#1157,#1156);
#1159=DIRECTION('',(0.E0,0.E0,-1.E0));
#1160=VECTOR('',#1159,5.E-1);
#1161=CARTESIAN_POINT('',(1.145E1,-1.035E1,-1.718E1));
#1162=LINE('',#1161,#1160);
#1163=DIRECTION('',(0.E0,0.E0,-1.E0));
#1164=VECTOR('',#1163,5.E-1);
#1165=CARTESIAN_POINT('',(1.079773711339E1,-9.759494432952E0,-1.718E1));
#1166=LINE('',#1165,#1164);
#1167=DIRECTION('',(0.E0,0.E0,1.E0));
#1168=VECTOR('',#1167,5.E-1);
#1169=CARTESIAN_POINT('',(1.045E1,-8.35E0,-1.768E1));
#1170=LINE('',#1169,#1168);
#1171=CARTESIAN_POINT('',(1.0825E1,-3.86E0,-1.668E1));
#1172=DIRECTION('',(1.E0,0.E0,0.E0));
#1173=DIRECTION('',(0.E0,0.E0,-1.E0));
#1174=AXIS2_PLACEMENT_3D('',#1171,#1172,#1173);
#1176=CARTESIAN_POINT('',(1.19E1,-3.86E0,-1.668E1));
#1177=DIRECTION('',(-1.E0,0.E0,0.E0));
#1178=DIRECTION('',(0.E0,1.E0,0.E0));
#1179=AXIS2_PLACEMENT_3D('',#1176,#1177,#1178);
#1181=DIRECTION('',(0.E0,-1.E0,0.E0));
#1182=VECTOR('',#1181,1.14E0);
#1183=CARTESIAN_POINT('',(1.06E1,-3.36E0,-1.674E1));
#1184=LINE('',#1183,#1182);
#1185=DIRECTION('',(0.E0,1.E0,0.E0));
#1186=VECTOR('',#1185,1.75E0);
#1187=CARTESIAN_POINT('',(1.06E1,-6.25E0,-6.43E0));
#1188=LINE('',#1187,#1186);
#1189=CARTESIAN_POINT('',(1.25E1,-4.5E0,-1.674E1));
#1190=DIRECTION('',(0.E0,1.E0,0.E0));
#1191=DIRECTION('',(-1.E0,0.E0,0.E0));
#1192=AXIS2_PLACEMENT_3D('',#1189,#1190,#1191);
#1194=DIRECTION('',(0.E0,0.E0,-1.E0));
#1195=VECTOR('',#1194,1.031E1);
#1196=CARTESIAN_POINT('',(1.06E1,-4.5E0,-6.43E0));
#1197=LINE('',#1196,#1195);
#1198=DIRECTION('',(-1.E0,0.E0,0.E0));
#1199=VECTOR('',#1198,3.8E0);
#1200=CARTESIAN_POINT('',(1.44E1,-4.5E0,-6.43E0));
#1201=LINE('',#1200,#1199);
#1202=DIRECTION('',(0.E0,0.E0,1.E0));
#1203=VECTOR('',#1202,1.031E1);
#1204=CARTESIAN_POINT('',(1.44E1,-4.5E0,-1.674E1));
#1205=LINE('',#1204,#1203);
#1206=CARTESIAN_POINT('',(-1.25E1,-4.5E0,-1.674E1));
#1207=DIRECTION('',(0.E0,1.E0,0.E0));
#1208=DIRECTION('',(-1.E0,0.E0,0.E0));
#1209=AXIS2_PLACEMENT_3D('',#1206,#1207,#1208);
#1211=DIRECTION('',(0.E0,0.E0,-1.E0));
#1212=VECTOR('',#1211,1.031E1);
#1213=CARTESIAN_POINT('',(-1.44E1,-4.5E0,-6.43E0));
#1214=LINE('',#1213,#1212);
#1215=DIRECTION('',(-1.E0,0.E0,0.E0));
#1216=VECTOR('',#1215,3.8E0);
#1217=CARTESIAN_POINT('',(-1.06E1,-4.5E0,-6.43E0));
#1218=LINE('',#1217,#1216);
#1219=DIRECTION('',(0.E0,0.E0,1.E0));
#1220=VECTOR('',#1219,1.031E1);
#1221=CARTESIAN_POINT('',(-1.06E1,-4.5E0,-1.674E1));
#1222=LINE('',#1221,#1220);
#1223=DIRECTION('',(0.E0,1.E0,0.E0));
#1224=VECTOR('',#1223,1.75E0);
#1225=CARTESIAN_POINT('',(1.44E1,-6.25E0,-6.43E0));
#1226=LINE('',#1225,#1224);
#1227=DIRECTION('',(0.E0,0.E0,1.E0));
#1228=VECTOR('',#1227,1.275E1);
#1229=CARTESIAN_POINT('',(-8.095E0,-6.25E0,-2.18E1));
#1230=LINE('',#1229,#1228);
#1231=DIRECTION('',(1.E0,0.E0,0.E0));
#1232=VECTOR('',#1231,3.08E1);
#1233=CARTESIAN_POINT('',(-1.54E1,-6.25E0,-6.E0));
#1234=LINE('',#1233,#1232);
#1235=DIRECTION('',(0.E0,0.E0,1.E0));
#1236=VECTOR('',#1235,1.275E1);
#1237=CARTESIAN_POINT('',(8.095E0,-6.25E0,-2.18E1));
#1238=LINE('',#1237,#1236);
#1239=DIRECTION('',(-1.E0,0.E0,0.E0));
#1240=VECTOR('',#1239,1.619E1);
#1241=CARTESIAN_POINT('',(8.095E0,-6.25E0,-9.05E0));
#1242=LINE('',#1241,#1240);
#1243=DIRECTION('',(0.E0,0.E0,-1.E0));
#1244=VECTOR('',#1243,1.176E1);
#1245=CARTESIAN_POINT('',(1.06E1,-6.25E0,-6.43E0));
#1246=LINE('',#1245,#1244);
#1247=CARTESIAN_POINT('',(1.25E1,-6.25E0,-1.819E1));
#1248=DIRECTION('',(0.E0,-1.E0,0.E0));
#1249=DIRECTION('',(-1.E0,0.E0,1.682864374169E-14));
#1250=AXIS2_PLACEMENT_3D('',#1247,#1248,#1249);
#1252=DIRECTION('',(0.E0,0.E0,1.E0));
#1253=VECTOR('',#1252,1.176E1);
#1254=CARTESIAN_POINT('',(1.44E1,-6.25E0,-1.819E1));
#1255=LINE('',#1254,#1253);
#1256=DIRECTION('',(-1.E0,0.E0,0.E0));
#1257=VECTOR('',#1256,3.8E0);
#1258=CARTESIAN_POINT('',(1.44E1,-6.25E0,-6.43E0));
#1259=LINE('',#1258,#1257);
#1260=DIRECTION('',(-1.E0,0.E0,0.E0));
#1261=VECTOR('',#1260,3.8E0);
#1262=CARTESIAN_POINT('',(-1.06E1,-6.25E0,-6.43E0));
#1263=LINE('',#1262,#1261);
#1264=DIRECTION('',(0.E0,0.E0,-1.E0));
#1265=VECTOR('',#1264,1.176E1);
#1266=CARTESIAN_POINT('',(-1.44E1,-6.25E0,-6.43E0));
#1267=LINE('',#1266,#1265);
#1268=CARTESIAN_POINT('',(-1.25E1,-6.25E0,-1.819E1));
#1269=DIRECTION('',(0.E0,-1.E0,0.E0));
#1270=DIRECTION('',(-1.E0,0.E0,0.E0));
#1271=AXIS2_PLACEMENT_3D('',#1268,#1269,#1270);
#1273=DIRECTION('',(0.E0,0.E0,1.E0));
#1274=VECTOR('',#1273,1.176E1);
#1275=CARTESIAN_POINT('',(-1.06E1,-6.25E0,-1.819E1));
#1276=LINE('',#1275,#1274);
#1277=DIRECTION('',(0.E0,1.E0,0.E0));
#1278=VECTOR('',#1277,1.E0);
#1279=CARTESIAN_POINT('',(-8.095E0,-6.25E0,-9.05E0));
#1280=LINE('',#1279,#1278);
#1281=DIRECTION('',(0.E0,1.E0,0.E0));
#1282=VECTOR('',#1281,1.E0);
#1283=CARTESIAN_POINT('',(8.095E0,-6.25E0,-9.05E0));
#1284=LINE('',#1283,#1282);
#1285=DIRECTION('',(0.E0,0.E0,-1.E0));
#1286=VECTOR('',#1285,1.275E1);
#1287=CARTESIAN_POINT('',(-8.095E0,-5.25E0,-9.05E0));
#1288=LINE('',#1287,#1286);
#1289=DIRECTION('',(-1.E0,0.E0,0.E0));
#1290=VECTOR('',#1289,1.619E1);
#1291=CARTESIAN_POINT('',(8.095E0,-5.25E0,-9.05E0));
#1292=LINE('',#1291,#1290);
#1293=DIRECTION('',(0.E0,0.E0,1.E0));
#1294=VECTOR('',#1293,1.275E1);
#1295=CARTESIAN_POINT('',(8.095E0,-5.25E0,-2.18E1));
#1296=LINE('',#1295,#1294);
#1297=DIRECTION('',(0.E0,0.E0,-1.E0));
#1298=VECTOR('',#1297,6.E-1);
#1299=CARTESIAN_POINT('',(4.96E0,-5.25E0,-1.713E1));
#1300=LINE('',#1299,#1298);
#1301=DIRECTION('',(1.E0,0.E0,0.E0));
#1302=VECTOR('',#1301,1.E0);
#1303=CARTESIAN_POINT('',(4.96E0,-5.25E0,-1.773E1));
#1304=LINE('',#1303,#1302);
#1305=DIRECTION('',(0.E0,0.E0,1.E0));
#1306=VECTOR('',#1305,6.E-1);
#1307=CARTESIAN_POINT('',(5.96E0,-5.25E0,-1.773E1));
#1308=LINE('',#1307,#1306);
#1309=DIRECTION('',(-1.E0,0.E0,0.E0));
#1310=VECTOR('',#1309,1.E0);
#1311=CARTESIAN_POINT('',(5.96E0,-5.25E0,-1.713E1));
#1312=LINE('',#1311,#1310);
#1313=DIRECTION('',(0.E0,0.E0,-1.E0));
#1314=VECTOR('',#1313,6.E-1);
#1315=CARTESIAN_POINT('',(3.82E0,-5.25E0,-1.967E1));
#1316=LINE('',#1315,#1314);
#1317=DIRECTION('',(1.E0,0.E0,0.E0));
#1318=VECTOR('',#1317,1.E0);
#1319=CARTESIAN_POINT('',(3.82E0,-5.25E0,-2.027E1));
#1320=LINE('',#1319,#1318);
#1321=DIRECTION('',(0.E0,0.E0,1.E0));
#1322=VECTOR('',#1321,6.E-1);
#1323=CARTESIAN_POINT('',(4.82E0,-5.25E0,-2.027E1));
#1324=LINE('',#1323,#1322);
#1325=DIRECTION('',(-1.E0,0.E0,0.E0));
#1326=VECTOR('',#1325,1.E0);
#1327=CARTESIAN_POINT('',(4.82E0,-5.25E0,-1.967E1));
#1328=LINE('',#1327,#1326);
#1329=DIRECTION('',(1.E0,0.E0,0.E0));
#1330=VECTOR('',#1329,1.E0);
#1331=CARTESIAN_POINT('',(3.82E0,-5.25E0,-1.519E1));
#1332=LINE('',#1331,#1330);
#1333=DIRECTION('',(0.E0,0.E0,1.E0));
#1334=VECTOR('',#1333,6.E-1);
#1335=CARTESIAN_POINT('',(4.82E0,-5.25E0,-1.519E1));
#1336=LINE('',#1335,#1334);
#1337=DIRECTION('',(-1.E0,0.E0,0.E0));
#1338=VECTOR('',#1337,1.E0);
#1339=CARTESIAN_POINT('',(4.82E0,-5.25E0,-1.459E1));
#1340=LINE('',#1339,#1338);
#1341=DIRECTION('',(0.E0,0.E0,-1.E0));
#1342=VECTOR('',#1341,6.E-1);
#1343=CARTESIAN_POINT('',(3.82E0,-5.25E0,-1.459E1));
#1344=LINE('',#1343,#1342);
#1345=DIRECTION('',(0.E0,0.E0,-1.E0));
#1346=VECTOR('',#1345,6.E-1);
#1347=CARTESIAN_POINT('',(2.68E0,-5.25E0,-1.713E1));
#1348=LINE('',#1347,#1346);
#1349=DIRECTION('',(1.E0,0.E0,0.E0));
#1350=VECTOR('',#1349,1.E0);
#1351=CARTESIAN_POINT('',(2.68E0,-5.25E0,-1.773E1));
#1352=LINE('',#1351,#1350);
#1353=DIRECTION('',(0.E0,0.E0,1.E0));
#1354=VECTOR('',#1353,6.E-1);
#1355=CARTESIAN_POINT('',(3.68E0,-5.25E0,-1.773E1));
#1356=LINE('',#1355,#1354);
#1357=DIRECTION('',(-1.E0,0.E0,0.E0));
#1358=VECTOR('',#1357,1.E0);
#1359=CARTESIAN_POINT('',(3.68E0,-5.25E0,-1.713E1));
#1360=LINE('',#1359,#1358);
#1361=DIRECTION('',(0.E0,0.E0,-1.E0));
#1362=VECTOR('',#1361,6.E-1);
#1363=CARTESIAN_POINT('',(1.54E0,-5.25E0,-1.967E1));
#1364=LINE('',#1363,#1362);
#1365=DIRECTION('',(1.E0,0.E0,0.E0));
#1366=VECTOR('',#1365,1.E0);
#1367=CARTESIAN_POINT('',(1.54E0,-5.25E0,-2.027E1));
#1368=LINE('',#1367,#1366);
#1369=DIRECTION('',(0.E0,0.E0,1.E0));
#1370=VECTOR('',#1369,6.E-1);
#1371=CARTESIAN_POINT('',(2.54E0,-5.25E0,-2.027E1));
#1372=LINE('',#1371,#1370);
#1373=DIRECTION('',(-1.E0,0.E0,0.E0));
#1374=VECTOR('',#1373,1.E0);
#1375=CARTESIAN_POINT('',(2.54E0,-5.25E0,-1.967E1));
#1376=LINE('',#1375,#1374);
#1377=DIRECTION('',(1.E0,0.E0,0.E0));
#1378=VECTOR('',#1377,1.E0);
#1379=CARTESIAN_POINT('',(1.54E0,-5.25E0,-1.519E1));
#1380=LINE('',#1379,#1378);
#1381=DIRECTION('',(0.E0,0.E0,1.E0));
#1382=VECTOR('',#1381,6.E-1);
#1383=CARTESIAN_POINT('',(2.54E0,-5.25E0,-1.519E1));
#1384=LINE('',#1383,#1382);
#1385=DIRECTION('',(-1.E0,0.E0,0.E0));
#1386=VECTOR('',#1385,1.E0);
#1387=CARTESIAN_POINT('',(2.54E0,-5.25E0,-1.459E1));
#1388=LINE('',#1387,#1386);
#1389=DIRECTION('',(0.E0,0.E0,-1.E0));
#1390=VECTOR('',#1389,6.E-1);
#1391=CARTESIAN_POINT('',(1.54E0,-5.25E0,-1.459E1));
#1392=LINE('',#1391,#1390);
#1393=DIRECTION('',(0.E0,0.E0,-1.E0));
#1394=VECTOR('',#1393,6.E-1);
#1395=CARTESIAN_POINT('',(4.E-1,-5.25E0,-1.713E1));
#1396=LINE('',#1395,#1394);
#1397=DIRECTION('',(1.E0,0.E0,0.E0));
#1398=VECTOR('',#1397,1.E0);
#1399=CARTESIAN_POINT('',(4.E-1,-5.25E0,-1.773E1));
#1400=LINE('',#1399,#1398);
#1401=DIRECTION('',(0.E0,0.E0,1.E0));
#1402=VECTOR('',#1401,6.E-1);
#1403=CARTESIAN_POINT('',(1.4E0,-5.25E0,-1.773E1));
#1404=LINE('',#1403,#1402);
#1405=DIRECTION('',(-1.E0,0.E0,0.E0));
#1406=VECTOR('',#1405,1.E0);
#1407=CARTESIAN_POINT('',(1.4E0,-5.25E0,-1.713E1));
#1408=LINE('',#1407,#1406);
#1409=DIRECTION('',(0.E0,0.E0,-1.E0));
#1410=VECTOR('',#1409,6.E-1);
#1411=CARTESIAN_POINT('',(-7.4E-1,-5.25E0,-1.967E1));
#1412=LINE('',#1411,#1410);
#1413=DIRECTION('',(1.E0,0.E0,0.E0));
#1414=VECTOR('',#1413,1.E0);
#1415=CARTESIAN_POINT('',(-7.4E-1,-5.25E0,-2.027E1));
#1416=LINE('',#1415,#1414);
#1417=DIRECTION('',(0.E0,0.E0,1.E0));
#1418=VECTOR('',#1417,6.E-1);
#1419=CARTESIAN_POINT('',(2.6E-1,-5.25E0,-2.027E1));
#1420=LINE('',#1419,#1418);
#1421=DIRECTION('',(-1.E0,0.E0,0.E0));
#1422=VECTOR('',#1421,1.E0);
#1423=CARTESIAN_POINT('',(2.6E-1,-5.25E0,-1.967E1));
#1424=LINE('',#1423,#1422);
#1425=DIRECTION('',(1.E0,0.E0,0.E0));
#1426=VECTOR('',#1425,1.E0);
#1427=CARTESIAN_POINT('',(-7.4E-1,-5.25E0,-1.519E1));
#1428=LINE('',#1427,#1426);
#1429=DIRECTION('',(0.E0,0.E0,1.E0));
#1430=VECTOR('',#1429,6.E-1);
#1431=CARTESIAN_POINT('',(2.6E-1,-5.25E0,-1.519E1));
#1432=LINE('',#1431,#1430);
#1433=DIRECTION('',(-1.E0,0.E0,0.E0));
#1434=VECTOR('',#1433,1.E0);
#1435=CARTESIAN_POINT('',(2.6E-1,-5.25E0,-1.459E1));
#1436=LINE('',#1435,#1434);
#1437=DIRECTION('',(0.E0,0.E0,-1.E0));
#1438=VECTOR('',#1437,6.E-1);
#1439=CARTESIAN_POINT('',(-7.4E-1,-5.25E0,-1.459E1));
#1440=LINE('',#1439,#1438);
#1441=DIRECTION('',(0.E0,0.E0,-1.E0));
#1442=VECTOR('',#1441,6.E-1);
#1443=CARTESIAN_POINT('',(-1.88E0,-5.25E0,-1.713E1));
#1444=LINE('',#1443,#1442);
#1445=DIRECTION('',(1.E0,0.E0,0.E0));
#1446=VECTOR('',#1445,1.E0);
#1447=CARTESIAN_POINT('',(-1.88E0,-5.25E0,-1.773E1));
#1448=LINE('',#1447,#1446);
#1449=DIRECTION('',(0.E0,0.E0,1.E0));
#1450=VECTOR('',#1449,6.E-1);
#1451=CARTESIAN_POINT('',(-8.8E-1,-5.25E0,-1.773E1));
#1452=LINE('',#1451,#1450);
#1453=DIRECTION('',(-1.E0,0.E0,0.E0));
#1454=VECTOR('',#1453,1.E0);
#1455=CARTESIAN_POINT('',(-8.8E-1,-5.25E0,-1.713E1));
#1456=LINE('',#1455,#1454);
#1457=DIRECTION('',(0.E0,0.E0,-1.E0));
#1458=VECTOR('',#1457,6.E-1);
#1459=CARTESIAN_POINT('',(-3.02E0,-5.25E0,-1.967E1));
#1460=LINE('',#1459,#1458);
#1461=DIRECTION('',(1.E0,0.E0,0.E0));
#1462=VECTOR('',#1461,1.E0);
#1463=CARTESIAN_POINT('',(-3.02E0,-5.25E0,-2.027E1));
#1464=LINE('',#1463,#1462);
#1465=DIRECTION('',(0.E0,0.E0,1.E0));
#1466=VECTOR('',#1465,6.E-1);
#1467=CARTESIAN_POINT('',(-2.02E0,-5.25E0,-2.027E1));
#1468=LINE('',#1467,#1466);
#1469=DIRECTION('',(-1.E0,0.E0,0.E0));
#1470=VECTOR('',#1469,1.E0);
#1471=CARTESIAN_POINT('',(-2.02E0,-5.25E0,-1.967E1));
#1472=LINE('',#1471,#1470);
#1473=DIRECTION('',(1.E0,0.E0,0.E0));
#1474=VECTOR('',#1473,1.E0);
#1475=CARTESIAN_POINT('',(-3.02E0,-5.25E0,-1.519E1));
#1476=LINE('',#1475,#1474);
#1477=DIRECTION('',(0.E0,0.E0,1.E0));
#1478=VECTOR('',#1477,6.E-1);
#1479=CARTESIAN_POINT('',(-2.02E0,-5.25E0,-1.519E1));
#1480=LINE('',#1479,#1478);
#1481=DIRECTION('',(-1.E0,0.E0,0.E0));
#1482=VECTOR('',#1481,1.E0);
#1483=CARTESIAN_POINT('',(-2.02E0,-5.25E0,-1.459E1));
#1484=LINE('',#1483,#1482);
#1485=DIRECTION('',(0.E0,0.E0,-1.E0));
#1486=VECTOR('',#1485,6.E-1);
#1487=CARTESIAN_POINT('',(-3.02E0,-5.25E0,-1.459E1));
#1488=LINE('',#1487,#1486);
#1489=DIRECTION('',(0.E0,0.E0,-1.E0));
#1490=VECTOR('',#1489,6.E-1);
#1491=CARTESIAN_POINT('',(-4.16E0,-5.25E0,-1.713E1));
#1492=LINE('',#1491,#1490);
#1493=DIRECTION('',(1.E0,0.E0,0.E0));
#1494=VECTOR('',#1493,1.E0);
#1495=CARTESIAN_POINT('',(-4.16E0,-5.25E0,-1.773E1));
#1496=LINE('',#1495,#1494);
#1497=DIRECTION('',(0.E0,0.E0,1.E0));
#1498=VECTOR('',#1497,6.E-1);
#1499=CARTESIAN_POINT('',(-3.16E0,-5.25E0,-1.773E1));
#1500=LINE('',#1499,#1498);
#1501=DIRECTION('',(-1.E0,0.E0,0.E0));
#1502=VECTOR('',#1501,1.E0);
#1503=CARTESIAN_POINT('',(-3.16E0,-5.25E0,-1.713E1));
#1504=LINE('',#1503,#1502);
#1505=DIRECTION('',(0.E0,0.E0,-1.E0));
#1506=VECTOR('',#1505,6.E-1);
#1507=CARTESIAN_POINT('',(-5.3E0,-5.25E0,-1.967E1));
#1508=LINE('',#1507,#1506);
#1509=DIRECTION('',(1.E0,0.E0,0.E0));
#1510=VECTOR('',#1509,1.E0);
#1511=CARTESIAN_POINT('',(-5.3E0,-5.25E0,-2.027E1));
#1512=LINE('',#1511,#1510);
#1513=DIRECTION('',(0.E0,0.E0,1.E0));
#1514=VECTOR('',#1513,6.E-1);
#1515=CARTESIAN_POINT('',(-4.3E0,-5.25E0,-2.027E1));
#1516=LINE('',#1515,#1514);
#1517=DIRECTION('',(-1.E0,0.E0,0.E0));
#1518=VECTOR('',#1517,1.E0);
#1519=CARTESIAN_POINT('',(-4.3E0,-5.25E0,-1.967E1));
#1520=LINE('',#1519,#1518);
#1521=DIRECTION('',(1.E0,0.E0,0.E0));
#1522=VECTOR('',#1521,1.E0);
#1523=CARTESIAN_POINT('',(-5.3E0,-5.25E0,-1.519E1));
#1524=LINE('',#1523,#1522);
#1525=DIRECTION('',(0.E0,0.E0,1.E0));
#1526=VECTOR('',#1525,6.E-1);
#1527=CARTESIAN_POINT('',(-4.3E0,-5.25E0,-1.519E1));
#1528=LINE('',#1527,#1526);
#1529=DIRECTION('',(-1.E0,0.E0,0.E0));
#1530=VECTOR('',#1529,1.E0);
#1531=CARTESIAN_POINT('',(-4.3E0,-5.25E0,-1.459E1));
#1532=LINE('',#1531,#1530);
#1533=DIRECTION('',(0.E0,0.E0,-1.E0));
#1534=VECTOR('',#1533,6.E-1);
#1535=CARTESIAN_POINT('',(-5.3E0,-5.25E0,-1.459E1));
#1536=LINE('',#1535,#1534);
#1537=DIRECTION('',(0.E0,-1.E0,0.E0));
#1538=VECTOR('',#1537,4.18E0);
#1539=CARTESIAN_POINT('',(4.96E0,-5.25E0,-1.713E1));
#1540=LINE('',#1539,#1538);
#1541=DIRECTION('',(0.E0,-1.E0,0.E0));
#1542=VECTOR('',#1541,4.18E0);
#1543=CARTESIAN_POINT('',(5.96E0,-5.25E0,-1.713E1));
#1544=LINE('',#1543,#1542);
#1545=DIRECTION('',(0.E0,-1.E0,0.E0));
#1546=VECTOR('',#1545,4.18E0);
#1547=CARTESIAN_POINT('',(5.96E0,-5.25E0,-1.773E1));
#1548=LINE('',#1547,#1546);
#1549=DIRECTION('',(0.E0,-1.E0,0.E0));
#1550=VECTOR('',#1549,4.18E0);
#1551=CARTESIAN_POINT('',(4.96E0,-5.25E0,-1.773E1));
#1552=LINE('',#1551,#1550);
#1553=DIRECTION('',(0.E0,0.E0,-1.E0));
#1554=VECTOR('',#1553,6.E-1);
#1555=CARTESIAN_POINT('',(4.96E0,-9.43E0,-1.713E1));
#1556=LINE('',#1555,#1554);
#1557=DIRECTION('',(-1.E0,0.E0,0.E0));
#1558=VECTOR('',#1557,1.E0);
#1559=CARTESIAN_POINT('',(5.96E0,-9.43E0,-1.713E1));
#1560=LINE('',#1559,#1558);
#1561=DIRECTION('',(0.E0,0.E0,1.E0));
#1562=VECTOR('',#1561,6.E-1);
#1563=CARTESIAN_POINT('',(5.96E0,-9.43E0,-1.773E1));
#1564=LINE('',#1563,#1562);
#1565=DIRECTION('',(1.E0,0.E0,0.E0));
#1566=VECTOR('',#1565,1.E0);
#1567=CARTESIAN_POINT('',(4.96E0,-9.43E0,-1.773E1));
#1568=LINE('',#1567,#1566);
#1569=DIRECTION('',(0.E0,0.E0,-1.E0));
#1570=VECTOR('',#1569,6.E-1);
#1571=CARTESIAN_POINT('',(3.82E0,-9.43E0,-1.967E1));
#1572=LINE('',#1571,#1570);
#1573=DIRECTION('',(-1.E0,0.E0,0.E0));
#1574=VECTOR('',#1573,1.E0);
#1575=CARTESIAN_POINT('',(4.82E0,-9.43E0,-1.967E1));
#1576=LINE('',#1575,#1574);
#1577=DIRECTION('',(0.E0,0.E0,1.E0));
#1578=VECTOR('',#1577,6.E-1);
#1579=CARTESIAN_POINT('',(4.82E0,-9.43E0,-2.027E1));
#1580=LINE('',#1579,#1578);
#1581=DIRECTION('',(1.E0,0.E0,0.E0));
#1582=VECTOR('',#1581,1.E0);
#1583=CARTESIAN_POINT('',(3.82E0,-9.43E0,-2.027E1));
#1584=LINE('',#1583,#1582);
#1585=DIRECTION('',(1.E0,0.E0,0.E0));
#1586=VECTOR('',#1585,1.E0);
#1587=CARTESIAN_POINT('',(3.82E0,-9.43E0,-1.519E1));
#1588=LINE('',#1587,#1586);
#1589=DIRECTION('',(0.E0,0.E0,-1.E0));
#1590=VECTOR('',#1589,6.E-1);
#1591=CARTESIAN_POINT('',(3.82E0,-9.43E0,-1.459E1));
#1592=LINE('',#1591,#1590);
#1593=DIRECTION('',(-1.E0,0.E0,0.E0));
#1594=VECTOR('',#1593,1.E0);
#1595=CARTESIAN_POINT('',(4.82E0,-9.43E0,-1.459E1));
#1596=LINE('',#1595,#1594);
#1597=DIRECTION('',(0.E0,0.E0,1.E0));
#1598=VECTOR('',#1597,6.E-1);
#1599=CARTESIAN_POINT('',(4.82E0,-9.43E0,-1.519E1));
#1600=LINE('',#1599,#1598);
#1601=DIRECTION('',(0.E0,-1.E0,0.E0));
#1602=VECTOR('',#1601,4.18E0);
#1603=CARTESIAN_POINT('',(3.82E0,-5.25E0,-1.967E1));
#1604=LINE('',#1603,#1602);
#1605=DIRECTION('',(0.E0,-1.E0,0.E0));
#1606=VECTOR('',#1605,4.18E0);
#1607=CARTESIAN_POINT('',(4.82E0,-5.25E0,-1.967E1));
#1608=LINE('',#1607,#1606);
#1609=DIRECTION('',(0.E0,-1.E0,0.E0));
#1610=VECTOR('',#1609,4.18E0);
#1611=CARTESIAN_POINT('',(4.82E0,-5.25E0,-2.027E1));
#1612=LINE('',#1611,#1610);
#1613=DIRECTION('',(0.E0,-1.E0,0.E0));
#1614=VECTOR('',#1613,4.18E0);
#1615=CARTESIAN_POINT('',(3.82E0,-5.25E0,-2.027E1));
#1616=LINE('',#1615,#1614);
#1617=DIRECTION('',(0.E0,-1.E0,0.E0));
#1618=VECTOR('',#1617,4.18E0);
#1619=CARTESIAN_POINT('',(3.82E0,-5.25E0,-1.519E1));
#1620=LINE('',#1619,#1618);
#1621=DIRECTION('',(0.E0,-1.E0,0.E0));
#1622=VECTOR('',#1621,4.18E0);
#1623=CARTESIAN_POINT('',(3.82E0,-5.25E0,-1.459E1));
#1624=LINE('',#1623,#1622);
#1625=DIRECTION('',(0.E0,-1.E0,0.E0));
#1626=VECTOR('',#1625,4.18E0);
#1627=CARTESIAN_POINT('',(4.82E0,-5.25E0,-1.459E1));
#1628=LINE('',#1627,#1626);
#1629=DIRECTION('',(0.E0,-1.E0,0.E0));
#1630=VECTOR('',#1629,4.18E0);
#1631=CARTESIAN_POINT('',(4.82E0,-5.25E0,-1.519E1));
#1632=LINE('',#1631,#1630);
#1633=DIRECTION('',(0.E0,-1.E0,0.E0));
#1634=VECTOR('',#1633,4.18E0);
#1635=CARTESIAN_POINT('',(2.68E0,-5.25E0,-1.713E1));
#1636=LINE('',#1635,#1634);
#1637=DIRECTION('',(0.E0,-1.E0,0.E0));
#1638=VECTOR('',#1637,4.18E0);
#1639=CARTESIAN_POINT('',(3.68E0,-5.25E0,-1.713E1));
#1640=LINE('',#1639,#1638);
#1641=DIRECTION('',(0.E0,-1.E0,0.E0));
#1642=VECTOR('',#1641,4.18E0);
#1643=CARTESIAN_POINT('',(3.68E0,-5.25E0,-1.773E1));
#1644=LINE('',#1643,#1642);
#1645=DIRECTION('',(0.E0,-1.E0,0.E0));
#1646=VECTOR('',#1645,4.18E0);
#1647=CARTESIAN_POINT('',(2.68E0,-5.25E0,-1.773E1));
#1648=LINE('',#1647,#1646);
#1649=DIRECTION('',(0.E0,0.E0,-1.E0));
#1650=VECTOR('',#1649,6.E-1);
#1651=CARTESIAN_POINT('',(2.68E0,-9.43E0,-1.713E1));
#1652=LINE('',#1651,#1650);
#1653=DIRECTION('',(-1.E0,0.E0,0.E0));
#1654=VECTOR('',#1653,1.E0);
#1655=CARTESIAN_POINT('',(3.68E0,-9.43E0,-1.713E1));
#1656=LINE('',#1655,#1654);
#1657=DIRECTION('',(0.E0,0.E0,1.E0));
#1658=VECTOR('',#1657,6.E-1);
#1659=CARTESIAN_POINT('',(3.68E0,-9.43E0,-1.773E1));
#1660=LINE('',#1659,#1658);
#1661=DIRECTION('',(1.E0,0.E0,0.E0));
#1662=VECTOR('',#1661,1.E0);
#1663=CARTESIAN_POINT('',(2.68E0,-9.43E0,-1.773E1));
#1664=LINE('',#1663,#1662);
#1665=DIRECTION('',(0.E0,0.E0,-1.E0));
#1666=VECTOR('',#1665,6.E-1);
#1667=CARTESIAN_POINT('',(1.54E0,-9.43E0,-1.967E1));
#1668=LINE('',#1667,#1666);
#1669=DIRECTION('',(-1.E0,0.E0,0.E0));
#1670=VECTOR('',#1669,1.E0);
#1671=CARTESIAN_POINT('',(2.54E0,-9.43E0,-1.967E1));
#1672=LINE('',#1671,#1670);
#1673=DIRECTION('',(0.E0,0.E0,1.E0));
#1674=VECTOR('',#1673,6.E-1);
#1675=CARTESIAN_POINT('',(2.54E0,-9.43E0,-2.027E1));
#1676=LINE('',#1675,#1674);
#1677=DIRECTION('',(1.E0,0.E0,0.E0));
#1678=VECTOR('',#1677,1.E0);
#1679=CARTESIAN_POINT('',(1.54E0,-9.43E0,-2.027E1));
#1680=LINE('',#1679,#1678);
#1681=DIRECTION('',(1.E0,0.E0,0.E0));
#1682=VECTOR('',#1681,1.E0);
#1683=CARTESIAN_POINT('',(1.54E0,-9.43E0,-1.519E1));
#1684=LINE('',#1683,#1682);
#1685=DIRECTION('',(0.E0,0.E0,-1.E0));
#1686=VECTOR('',#1685,6.E-1);
#1687=CARTESIAN_POINT('',(1.54E0,-9.43E0,-1.459E1));
#1688=LINE('',#1687,#1686);
#1689=DIRECTION('',(-1.E0,0.E0,0.E0));
#1690=VECTOR('',#1689,1.E0);
#1691=CARTESIAN_POINT('',(2.54E0,-9.43E0,-1.459E1));
#1692=LINE('',#1691,#1690);
#1693=DIRECTION('',(0.E0,0.E0,1.E0));
#1694=VECTOR('',#1693,6.E-1);
#1695=CARTESIAN_POINT('',(2.54E0,-9.43E0,-1.519E1));
#1696=LINE('',#1695,#1694);
#1697=DIRECTION('',(0.E0,-1.E0,0.E0));
#1698=VECTOR('',#1697,4.18E0);
#1699=CARTESIAN_POINT('',(1.54E0,-5.25E0,-1.967E1));
#1700=LINE('',#1699,#1698);
#1701=DIRECTION('',(0.E0,-1.E0,0.E0));
#1702=VECTOR('',#1701,4.18E0);
#1703=CARTESIAN_POINT('',(2.54E0,-5.25E0,-1.967E1));
#1704=LINE('',#1703,#1702);
#1705=DIRECTION('',(0.E0,-1.E0,0.E0));
#1706=VECTOR('',#1705,4.18E0);
#1707=CARTESIAN_POINT('',(2.54E0,-5.25E0,-2.027E1));
#1708=LINE('',#1707,#1706);
#1709=DIRECTION('',(0.E0,-1.E0,0.E0));
#1710=VECTOR('',#1709,4.18E0);
#1711=CARTESIAN_POINT('',(1.54E0,-5.25E0,-2.027E1));
#1712=LINE('',#1711,#1710);
#1713=DIRECTION('',(0.E0,-1.E0,0.E0));
#1714=VECTOR('',#1713,4.18E0);
#1715=CARTESIAN_POINT('',(1.54E0,-5.25E0,-1.519E1));
#1716=LINE('',#1715,#1714);
#1717=DIRECTION('',(0.E0,-1.E0,0.E0));
#1718=VECTOR('',#1717,4.18E0);
#1719=CARTESIAN_POINT('',(1.54E0,-5.25E0,-1.459E1));
#1720=LINE('',#1719,#1718);
#1721=DIRECTION('',(0.E0,-1.E0,0.E0));
#1722=VECTOR('',#1721,4.18E0);
#1723=CARTESIAN_POINT('',(2.54E0,-5.25E0,-1.459E1));
#1724=LINE('',#1723,#1722);
#1725=DIRECTION('',(0.E0,-1.E0,0.E0));
#1726=VECTOR('',#1725,4.18E0);
#1727=CARTESIAN_POINT('',(2.54E0,-5.25E0,-1.519E1));
#1728=LINE('',#1727,#1726);
#1729=DIRECTION('',(0.E0,-1.E0,0.E0));
#1730=VECTOR('',#1729,4.18E0);
#1731=CARTESIAN_POINT('',(4.E-1,-5.25E0,-1.713E1));
#1732=LINE('',#1731,#1730);
#1733=DIRECTION('',(0.E0,-1.E0,0.E0));
#1734=VECTOR('',#1733,4.18E0);
#1735=CARTESIAN_POINT('',(1.4E0,-5.25E0,-1.713E1));
#1736=LINE('',#1735,#1734);
#1737=DIRECTION('',(0.E0,-1.E0,0.E0));
#1738=VECTOR('',#1737,4.18E0);
#1739=CARTESIAN_POINT('',(1.4E0,-5.25E0,-1.773E1));
#1740=LINE('',#1739,#1738);
#1741=DIRECTION('',(0.E0,-1.E0,0.E0));
#1742=VECTOR('',#1741,4.18E0);
#1743=CARTESIAN_POINT('',(4.E-1,-5.25E0,-1.773E1));
#1744=LINE('',#1743,#1742);
#1745=DIRECTION('',(0.E0,0.E0,-1.E0));
#1746=VECTOR('',#1745,6.E-1);
#1747=CARTESIAN_POINT('',(4.E-1,-9.43E0,-1.713E1));
#1748=LINE('',#1747,#1746);
#1749=DIRECTION('',(-1.E0,0.E0,0.E0));
#1750=VECTOR('',#1749,1.E0);
#1751=CARTESIAN_POINT('',(1.4E0,-9.43E0,-1.713E1));
#1752=LINE('',#1751,#1750);
#1753=DIRECTION('',(0.E0,0.E0,1.E0));
#1754=VECTOR('',#1753,6.E-1);
#1755=CARTESIAN_POINT('',(1.4E0,-9.43E0,-1.773E1));
#1756=LINE('',#1755,#1754);
#1757=DIRECTION('',(1.E0,0.E0,0.E0));
#1758=VECTOR('',#1757,1.E0);
#1759=CARTESIAN_POINT('',(4.E-1,-9.43E0,-1.773E1));
#1760=LINE('',#1759,#1758);
#1761=DIRECTION('',(0.E0,0.E0,-1.E0));
#1762=VECTOR('',#1761,6.E-1);
#1763=CARTESIAN_POINT('',(-7.4E-1,-9.43E0,-1.967E1));
#1764=LINE('',#1763,#1762);
#1765=DIRECTION('',(-1.E0,0.E0,0.E0));
#1766=VECTOR('',#1765,1.E0);
#1767=CARTESIAN_POINT('',(2.6E-1,-9.43E0,-1.967E1));
#1768=LINE('',#1767,#1766);
#1769=DIRECTION('',(0.E0,0.E0,1.E0));
#1770=VECTOR('',#1769,6.E-1);
#1771=CARTESIAN_POINT('',(2.6E-1,-9.43E0,-2.027E1));
#1772=LINE('',#1771,#1770);
#1773=DIRECTION('',(1.E0,0.E0,0.E0));
#1774=VECTOR('',#1773,1.E0);
#1775=CARTESIAN_POINT('',(-7.4E-1,-9.43E0,-2.027E1));
#1776=LINE('',#1775,#1774);
#1777=DIRECTION('',(1.E0,0.E0,0.E0));
#1778=VECTOR('',#1777,1.E0);
#1779=CARTESIAN_POINT('',(-7.4E-1,-9.43E0,-1.519E1));
#1780=LINE('',#1779,#1778);
#1781=DIRECTION('',(0.E0,0.E0,-1.E0));
#1782=VECTOR('',#1781,6.E-1);
#1783=CARTESIAN_POINT('',(-7.4E-1,-9.43E0,-1.459E1));
#1784=LINE('',#1783,#1782);
#1785=DIRECTION('',(-1.E0,0.E0,0.E0));
#1786=VECTOR('',#1785,1.E0);
#1787=CARTESIAN_POINT('',(2.6E-1,-9.43E0,-1.459E1));
#1788=LINE('',#1787,#1786);
#1789=DIRECTION('',(0.E0,0.E0,1.E0));
#1790=VECTOR('',#1789,6.E-1);
#1791=CARTESIAN_POINT('',(2.6E-1,-9.43E0,-1.519E1));
#1792=LINE('',#1791,#1790);
#1793=DIRECTION('',(0.E0,-1.E0,0.E0));
#1794=VECTOR('',#1793,4.18E0);
#1795=CARTESIAN_POINT('',(-7.4E-1,-5.25E0,-1.967E1));
#1796=LINE('',#1795,#1794);
#1797=DIRECTION('',(0.E0,-1.E0,0.E0));
#1798=VECTOR('',#1797,4.18E0);
#1799=CARTESIAN_POINT('',(2.6E-1,-5.25E0,-1.967E1));
#1800=LINE('',#1799,#1798);
#1801=DIRECTION('',(0.E0,-1.E0,0.E0));
#1802=VECTOR('',#1801,4.18E0);
#1803=CARTESIAN_POINT('',(2.6E-1,-5.25E0,-2.027E1));
#1804=LINE('',#1803,#1802);
#1805=DIRECTION('',(0.E0,-1.E0,0.E0));
#1806=VECTOR('',#1805,4.18E0);
#1807=CARTESIAN_POINT('',(-7.4E-1,-5.25E0,-2.027E1));
#1808=LINE('',#1807,#1806);
#1809=DIRECTION('',(0.E0,-1.E0,0.E0));
#1810=VECTOR('',#1809,4.18E0);
#1811=CARTESIAN_POINT('',(-7.4E-1,-5.25E0,-1.519E1));
#1812=LINE('',#1811,#1810);
#1813=DIRECTION('',(0.E0,-1.E0,0.E0));
#1814=VECTOR('',#1813,4.18E0);
#1815=CARTESIAN_POINT('',(-7.4E-1,-5.25E0,-1.459E1));
#1816=LINE('',#1815,#1814);
#1817=DIRECTION('',(0.E0,-1.E0,0.E0));
#1818=VECTOR('',#1817,4.18E0);
#1819=CARTESIAN_POINT('',(2.6E-1,-5.25E0,-1.459E1));
#1820=LINE('',#1819,#1818);
#1821=DIRECTION('',(0.E0,-1.E0,0.E0));
#1822=VECTOR('',#1821,4.18E0);
#1823=CARTESIAN_POINT('',(2.6E-1,-5.25E0,-1.519E1));
#1824=LINE('',#1823,#1822);
#1825=DIRECTION('',(0.E0,-1.E0,0.E0));
#1826=VECTOR('',#1825,4.18E0);
#1827=CARTESIAN_POINT('',(-1.88E0,-5.25E0,-1.713E1));
#1828=LINE('',#1827,#1826);
#1829=DIRECTION('',(0.E0,-1.E0,0.E0));
#1830=VECTOR('',#1829,4.18E0);
#1831=CARTESIAN_POINT('',(-8.8E-1,-5.25E0,-1.713E1));
#1832=LINE('',#1831,#1830);
#1833=DIRECTION('',(0.E0,-1.E0,0.E0));
#1834=VECTOR('',#1833,4.18E0);
#1835=CARTESIAN_POINT('',(-8.8E-1,-5.25E0,-1.773E1));
#1836=LINE('',#1835,#1834);
#1837=DIRECTION('',(0.E0,-1.E0,0.E0));
#1838=VECTOR('',#1837,4.18E0);
#1839=CARTESIAN_POINT('',(-1.88E0,-5.25E0,-1.773E1));
#1840=LINE('',#1839,#1838);
#1841=DIRECTION('',(0.E0,0.E0,-1.E0));
#1842=VECTOR('',#1841,6.E-1);
#1843=CARTESIAN_POINT('',(-1.88E0,-9.43E0,-1.713E1));
#1844=LINE('',#1843,#1842);
#1845=DIRECTION('',(-1.E0,0.E0,0.E0));
#1846=VECTOR('',#1845,1.E0);
#1847=CARTESIAN_POINT('',(-8.8E-1,-9.43E0,-1.713E1));
#1848=LINE('',#1847,#1846);
#1849=DIRECTION('',(0.E0,0.E0,1.E0));
#1850=VECTOR('',#1849,6.E-1);
#1851=CARTESIAN_POINT('',(-8.8E-1,-9.43E0,-1.773E1));
#1852=LINE('',#1851,#1850);
#1853=DIRECTION('',(1.E0,0.E0,0.E0));
#1854=VECTOR('',#1853,1.E0);
#1855=CARTESIAN_POINT('',(-1.88E0,-9.43E0,-1.773E1));
#1856=LINE('',#1855,#1854);
#1857=DIRECTION('',(0.E0,0.E0,-1.E0));
#1858=VECTOR('',#1857,6.E-1);
#1859=CARTESIAN_POINT('',(-3.02E0,-9.43E0,-1.967E1));
#1860=LINE('',#1859,#1858);
#1861=DIRECTION('',(-1.E0,0.E0,0.E0));
#1862=VECTOR('',#1861,1.E0);
#1863=CARTESIAN_POINT('',(-2.02E0,-9.43E0,-1.967E1));
#1864=LINE('',#1863,#1862);
#1865=DIRECTION('',(0.E0,0.E0,1.E0));
#1866=VECTOR('',#1865,6.E-1);
#1867=CARTESIAN_POINT('',(-2.02E0,-9.43E0,-2.027E1));
#1868=LINE('',#1867,#1866);
#1869=DIRECTION('',(1.E0,0.E0,0.E0));
#1870=VECTOR('',#1869,1.E0);
#1871=CARTESIAN_POINT('',(-3.02E0,-9.43E0,-2.027E1));
#1872=LINE('',#1871,#1870);
#1873=DIRECTION('',(1.E0,0.E0,0.E0));
#1874=VECTOR('',#1873,1.E0);
#1875=CARTESIAN_POINT('',(-3.02E0,-9.43E0,-1.519E1));
#1876=LINE('',#1875,#1874);
#1877=DIRECTION('',(0.E0,0.E0,-1.E0));
#1878=VECTOR('',#1877,6.E-1);
#1879=CARTESIAN_POINT('',(-3.02E0,-9.43E0,-1.459E1));
#1880=LINE('',#1879,#1878);
#1881=DIRECTION('',(-1.E0,0.E0,0.E0));
#1882=VECTOR('',#1881,1.E0);
#1883=CARTESIAN_POINT('',(-2.02E0,-9.43E0,-1.459E1));
#1884=LINE('',#1883,#1882);
#1885=DIRECTION('',(0.E0,0.E0,1.E0));
#1886=VECTOR('',#1885,6.E-1);
#1887=CARTESIAN_POINT('',(-2.02E0,-9.43E0,-1.519E1));
#1888=LINE('',#1887,#1886);
#1889=DIRECTION('',(0.E0,-1.E0,0.E0));
#1890=VECTOR('',#1889,4.18E0);
#1891=CARTESIAN_POINT('',(-3.02E0,-5.25E0,-1.967E1));
#1892=LINE('',#1891,#1890);
#1893=DIRECTION('',(0.E0,-1.E0,0.E0));
#1894=VECTOR('',#1893,4.18E0);
#1895=CARTESIAN_POINT('',(-2.02E0,-5.25E0,-1.967E1));
#1896=LINE('',#1895,#1894);
#1897=DIRECTION('',(0.E0,-1.E0,0.E0));
#1898=VECTOR('',#1897,4.18E0);
#1899=CARTESIAN_POINT('',(-2.02E0,-5.25E0,-2.027E1));
#1900=LINE('',#1899,#1898);
#1901=DIRECTION('',(0.E0,-1.E0,0.E0));
#1902=VECTOR('',#1901,4.18E0);
#1903=CARTESIAN_POINT('',(-3.02E0,-5.25E0,-2.027E1));
#1904=LINE('',#1903,#1902);
#1905=DIRECTION('',(0.E0,-1.E0,0.E0));
#1906=VECTOR('',#1905,4.18E0);
#1907=CARTESIAN_POINT('',(-3.02E0,-5.25E0,-1.519E1));
#1908=LINE('',#1907,#1906);
#1909=DIRECTION('',(0.E0,-1.E0,0.E0));
#1910=VECTOR('',#1909,4.18E0);
#1911=CARTESIAN_POINT('',(-3.02E0,-5.25E0,-1.459E1));
#1912=LINE('',#1911,#1910);
#1913=DIRECTION('',(0.E0,-1.E0,0.E0));
#1914=VECTOR('',#1913,4.18E0);
#1915=CARTESIAN_POINT('',(-2.02E0,-5.25E0,-1.459E1));
#1916=LINE('',#1915,#1914);
#1917=DIRECTION('',(0.E0,-1.E0,0.E0));
#1918=VECTOR('',#1917,4.18E0);
#1919=CARTESIAN_POINT('',(-2.02E0,-5.25E0,-1.519E1));
#1920=LINE('',#1919,#1918);
#1921=DIRECTION('',(0.E0,-1.E0,0.E0));
#1922=VECTOR('',#1921,4.18E0);
#1923=CARTESIAN_POINT('',(-4.16E0,-5.25E0,-1.713E1));
#1924=LINE('',#1923,#1922);
#1925=DIRECTION('',(0.E0,-1.E0,0.E0));
#1926=VECTOR('',#1925,4.18E0);
#1927=CARTESIAN_POINT('',(-3.16E0,-5.25E0,-1.713E1));
#1928=LINE('',#1927,#1926);
#1929=DIRECTION('',(0.E0,-1.E0,0.E0));
#1930=VECTOR('',#1929,4.18E0);
#1931=CARTESIAN_POINT('',(-3.16E0,-5.25E0,-1.773E1));
#1932=LINE('',#1931,#1930);
#1933=DIRECTION('',(0.E0,-1.E0,0.E0));
#1934=VECTOR('',#1933,4.18E0);
#1935=CARTESIAN_POINT('',(-4.16E0,-5.25E0,-1.773E1));
#1936=LINE('',#1935,#1934);
#1937=DIRECTION('',(0.E0,0.E0,-1.E0));
#1938=VECTOR('',#1937,6.E-1);
#1939=CARTESIAN_POINT('',(-4.16E0,-9.43E0,-1.713E1));
#1940=LINE('',#1939,#1938);
#1941=DIRECTION('',(-1.E0,0.E0,0.E0));
#1942=VECTOR('',#1941,1.E0);
#1943=CARTESIAN_POINT('',(-3.16E0,-9.43E0,-1.713E1));
#1944=LINE('',#1943,#1942);
#1945=DIRECTION('',(0.E0,0.E0,1.E0));
#1946=VECTOR('',#1945,6.E-1);
#1947=CARTESIAN_POINT('',(-3.16E0,-9.43E0,-1.773E1));
#1948=LINE('',#1947,#1946);
#1949=DIRECTION('',(1.E0,0.E0,0.E0));
#1950=VECTOR('',#1949,1.E0);
#1951=CARTESIAN_POINT('',(-4.16E0,-9.43E0,-1.773E1));
#1952=LINE('',#1951,#1950);
#1953=DIRECTION('',(0.E0,0.E0,-1.E0));
#1954=VECTOR('',#1953,6.E-1);
#1955=CARTESIAN_POINT('',(-5.3E0,-9.43E0,-1.967E1));
#1956=LINE('',#1955,#1954);
#1957=DIRECTION('',(-1.E0,0.E0,0.E0));
#1958=VECTOR('',#1957,1.E0);
#1959=CARTESIAN_POINT('',(-4.3E0,-9.43E0,-1.967E1));
#1960=LINE('',#1959,#1958);
#1961=DIRECTION('',(0.E0,0.E0,1.E0));
#1962=VECTOR('',#1961,6.E-1);
#1963=CARTESIAN_POINT('',(-4.3E0,-9.43E0,-2.027E1));
#1964=LINE('',#1963,#1962);
#1965=DIRECTION('',(1.E0,0.E0,0.E0));
#1966=VECTOR('',#1965,1.E0);
#1967=CARTESIAN_POINT('',(-5.3E0,-9.43E0,-2.027E1));
#1968=LINE('',#1967,#1966);
#1969=DIRECTION('',(1.E0,0.E0,0.E0));
#1970=VECTOR('',#1969,1.E0);
#1971=CARTESIAN_POINT('',(-5.3E0,-9.43E0,-1.519E1));
#1972=LINE('',#1971,#1970);
#1973=DIRECTION('',(0.E0,0.E0,-1.E0));
#1974=VECTOR('',#1973,6.E-1);
#1975=CARTESIAN_POINT('',(-5.3E0,-9.43E0,-1.459E1));
#1976=LINE('',#1975,#1974);
#1977=DIRECTION('',(-1.E0,0.E0,0.E0));
#1978=VECTOR('',#1977,1.E0);
#1979=CARTESIAN_POINT('',(-4.3E0,-9.43E0,-1.459E1));
#1980=LINE('',#1979,#1978);
#1981=DIRECTION('',(0.E0,0.E0,1.E0));
#1982=VECTOR('',#1981,6.E-1);
#1983=CARTESIAN_POINT('',(-4.3E0,-9.43E0,-1.519E1));
#1984=LINE('',#1983,#1982);
#1985=DIRECTION('',(0.E0,-1.E0,0.E0));
#1986=VECTOR('',#1985,4.18E0);
#1987=CARTESIAN_POINT('',(-5.3E0,-5.25E0,-1.967E1));
#1988=LINE('',#1987,#1986);
#1989=DIRECTION('',(0.E0,-1.E0,0.E0));
#1990=VECTOR('',#1989,4.18E0);
#1991=CARTESIAN_POINT('',(-4.3E0,-5.25E0,-1.967E1));
#1992=LINE('',#1991,#1990);
#1993=DIRECTION('',(0.E0,-1.E0,0.E0));
#1994=VECTOR('',#1993,4.18E0);
#1995=CARTESIAN_POINT('',(-4.3E0,-5.25E0,-2.027E1));
#1996=LINE('',#1995,#1994);
#1997=DIRECTION('',(0.E0,-1.E0,0.E0));
#1998=VECTOR('',#1997,4.18E0);
#1999=CARTESIAN_POINT('',(-5.3E0,-5.25E0,-2.027E1));
#2000=LINE('',#1999,#1998);
#2001=DIRECTION('',(0.E0,-1.E0,0.E0));
#2002=VECTOR('',#2001,4.18E0);
#2003=CARTESIAN_POINT('',(-5.3E0,-5.25E0,-1.519E1));
#2004=LINE('',#2003,#2002);
#2005=DIRECTION('',(0.E0,-1.E0,0.E0));
#2006=VECTOR('',#2005,4.18E0);
#2007=CARTESIAN_POINT('',(-5.3E0,-5.25E0,-1.459E1));
#2008=LINE('',#2007,#2006);
#2009=DIRECTION('',(0.E0,-1.E0,0.E0));
#2010=VECTOR('',#2009,4.18E0);
#2011=CARTESIAN_POINT('',(-4.3E0,-5.25E0,-1.459E1));
#2012=LINE('',#2011,#2010);
#2013=DIRECTION('',(0.E0,-1.E0,0.E0));
#2014=VECTOR('',#2013,4.18E0);
#2015=CARTESIAN_POINT('',(-4.3E0,-5.25E0,-1.519E1));
#2016=LINE('',#2015,#2014);
#2017=DIRECTION('',(0.E0,1.E0,0.E0));
#2018=VECTOR('',#2017,5.48E0);
#2019=CARTESIAN_POINT('',(-1.54E1,-2.58E0,-8.69E0));
#2020=LINE('',#2019,#2018);
#2021=DIRECTION('',(0.E0,0.E0,-1.E0));
#2022=VECTOR('',#2021,5.1E-1);
#2023=CARTESIAN_POINT('',(-1.54E1,2.9E0,-8.69E0));
#2024=LINE('',#2023,#2022);
#2025=DIRECTION('',(0.E0,-1.E0,0.E0));
#2026=VECTOR('',#2025,1.085E1);
#2027=CARTESIAN_POINT('',(-1.54E1,4.6E0,-6.E0));
#2028=LINE('',#2027,#2026);
#2029=DIRECTION('',(0.E0,0.E0,-1.E0));
#2030=VECTOR('',#2029,1.58E1);
#2031=CARTESIAN_POINT('',(-1.54E1,-6.25E0,-6.E0));
#2032=LINE('',#2031,#2030);
#2033=DIRECTION('',(0.E0,1.E0,0.E0));
#2034=VECTOR('',#2033,2.89E0);
#2035=CARTESIAN_POINT('',(-1.54E1,-6.25E0,-2.18E1));
#2036=LINE('',#2035,#2034);
#2037=DIRECTION('',(0.E0,0.E0,1.E0));
#2038=VECTOR('',#2037,1.233E1);
#2039=CARTESIAN_POINT('',(-1.54E1,-3.36E0,-2.18E1));
#2040=LINE('',#2039,#2038);
#2041=CARTESIAN_POINT('',(-1.54E1,-2.58E0,-9.47E0));
#2042=DIRECTION('',(-1.E0,0.E0,0.E0));
#2043=DIRECTION('',(0.E0,-1.E0,0.E0));
#2044=AXIS2_PLACEMENT_3D('',#2041,#2042,#2043);
#2046=DIRECTION('',(0.E0,1.E0,0.E0));
#2047=VECTOR('',#2046,5.48E0);
#2048=CARTESIAN_POINT('',(9.875E0,-2.58E0,-8.69E0));
#2049=LINE('',#2048,#2047);
#2050=DIRECTION('',(-1.E0,0.E0,0.E0));
#2051=VECTOR('',#2050,1.78E0);
#2052=CARTESIAN_POINT('',(9.875E0,2.9E0,-8.69E0));
#2053=LINE('',#2052,#2051);
#2054=DIRECTION('',(0.E0,1.E0,0.E0));
#2055=VECTOR('',#2054,5.48E0);
#2056=CARTESIAN_POINT('',(8.095E0,-2.58E0,-8.69E0));
#2057=LINE('',#2056,#2055);
#2058=DIRECTION('',(1.E0,0.E0,0.E0));
#2059=VECTOR('',#2058,1.78E0);
#2060=CARTESIAN_POINT('',(8.095E0,-2.58E0,-8.69E0));
#2061=LINE('',#2060,#2059);
#2062=DIRECTION('',(0.E0,1.E0,0.E0));
#2063=VECTOR('',#2062,5.48E0);
#2064=CARTESIAN_POINT('',(1.5125E1,-2.58E0,-8.69E0));
#2065=LINE('',#2064,#2063);
#2066=DIRECTION('',(1.E0,1.776356839400E-14,0.E0));
#2067=VECTOR('',#2066,2.75E-1);
#2068=CARTESIAN_POINT('',(1.5125E1,-2.58E0,-8.69E0));
#2069=LINE('',#2068,#2067);
#2070=DIRECTION('',(-1.E0,0.E0,0.E0));
#2071=VECTOR('',#2070,2.75E-1);
#2072=CARTESIAN_POINT('',(1.54E1,2.9E0,-8.69E0));
#2073=LINE('',#2072,#2071);
#2074=DIRECTION('',(0.E0,1.E0,0.E0));
#2075=VECTOR('',#2074,5.48E0);
#2076=CARTESIAN_POINT('',(-1.5125E1,-2.58E0,-8.69E0));
#2077=LINE('',#2076,#2075);
#2078=DIRECTION('',(1.E0,0.E0,0.E0));
#2079=VECTOR('',#2078,2.75E-1);
#2080=CARTESIAN_POINT('',(-1.54E1,2.9E0,-8.69E0));
#2081=LINE('',#2080,#2079);
#2082=DIRECTION('',(1.E0,-1.776356839400E-14,0.E0));
#2083=VECTOR('',#2082,2.75E-1);
#2084=CARTESIAN_POINT('',(-1.54E1,-2.58E0,-8.69E0));
#2085=LINE('',#2084,#2083);
#2086=DIRECTION('',(0.E0,1.E0,0.E0));
#2087=VECTOR('',#2086,5.48E0);
#2088=CARTESIAN_POINT('',(-9.875E0,-2.58E0,-8.69E0));
#2089=LINE('',#2088,#2087);
#2090=DIRECTION('',(1.E0,0.E0,0.E0));
#2091=VECTOR('',#2090,1.78E0);
#2092=CARTESIAN_POINT('',(-9.875E0,-2.58E0,-8.69E0));
#2093=LINE('',#2092,#2091);
#2094=DIRECTION('',(0.E0,1.E0,0.E0));
#2095=VECTOR('',#2094,5.48E0);
#2096=CARTESIAN_POINT('',(-8.095E0,-2.58E0,-8.69E0));
#2097=LINE('',#2096,#2095);
#2098=DIRECTION('',(1.E0,0.E0,0.E0));
#2099=VECTOR('',#2098,1.78E0);
#2100=CARTESIAN_POINT('',(-9.875E0,2.9E0,-8.69E0));
#2101=LINE('',#2100,#2099);
#2102=DIRECTION('',(1.E0,0.E0,0.E0));
#2103=VECTOR('',#2102,2.74E1);
#2104=CARTESIAN_POINT('',(-1.37E1,6.3E0,-8.69E0));
#2105=LINE('',#2104,#2103);
#2106=CARTESIAN_POINT('',(-1.54E1,4.6E0,-8.69E0));
#2107=CARTESIAN_POINT('',(-1.54E1,4.604169333202E0,-8.69E0));
#2108=CARTESIAN_POINT('',(-1.540004598903E1,4.612506722740E0,-8.69E0));
#2109=CARTESIAN_POINT('',(-1.539990802194E1,4.620841558543E0,-8.69E0));
#2110=CARTESIAN_POINT('',(-1.539990802194E1,4.625008338011E0,-8.69E0));
#2112=CARTESIAN_POINT('',(-1.539990802194E1,4.625008338011E0,-8.69E0));
#2113=CARTESIAN_POINT('',(-1.539990802194E1,4.629171963068E0,-8.69E0));
#2114=CARTESIAN_POINT('',(-1.540022985233E1,4.637500865124E0,-8.69E0));
#2115=CARTESIAN_POINT('',(-1.539963227340E1,4.645833071061E0,-8.69E0));
#2116=CARTESIAN_POINT('',(-1.539963227340E1,4.65E0,-8.69E0));
#2118=CARTESIAN_POINT('',(-1.37E1,4.6E0,-8.69E0));
#2119=DIRECTION('',(0.E0,0.E0,-1.E0));
#2120=DIRECTION('',(-9.995673804686E-1,2.941176470588E-2,0.E0));
#2121=AXIS2_PLACEMENT_3D('',#2118,#2119,#2120);
#2123=DIRECTION('',(0.E0,0.E0,-1.E0));
#2124=VECTOR('',#2123,2.69E0);
#2125=CARTESIAN_POINT('',(-1.37E1,6.3E0,-6.E0));
#2126=LINE('',#2125,#2124);
#2127=CARTESIAN_POINT('',(-1.37E1,4.6E0,-6.E0));
#2128=DIRECTION('',(0.E0,0.E0,1.E0));
#2129=DIRECTION('',(0.E0,1.E0,0.E0));
#2130=AXIS2_PLACEMENT_3D('',#2127,#2128,#2129);
#2132=DIRECTION('',(0.E0,0.E0,-1.E0));
#2133=VECTOR('',#2132,2.69E0);
#2134=CARTESIAN_POINT('',(-1.54E1,4.6E0,-6.E0));
#2135=LINE('',#2134,#2133);
#2136=DIRECTION('',(0.E0,1.E0,0.E0));
#2137=VECTOR('',#2136,5.E-1);
#2138=CARTESIAN_POINT('',(9.875E0,-3.36E0,-1.535E1));
#2139=LINE('',#2138,#2137);
#2140=DIRECTION('',(0.E0,0.E0,1.E0));
#2141=VECTOR('',#2140,6.16E0);
#2142=CARTESIAN_POINT('',(9.875E0,-2.86E0,-1.535E1));
#2143=LINE('',#2142,#2141);
#2144=DIRECTION('',(0.E0,1.E0,0.E0));
#2145=VECTOR('',#2144,5.76E0);
#2146=CARTESIAN_POINT('',(9.875E0,-2.86E0,-9.19E0));
#2147=LINE('',#2146,#2145);
#2148=DIRECTION('',(1.E0,0.E0,0.E0));
#2149=VECTOR('',#2148,5.25E0);
#2150=CARTESIAN_POINT('',(9.875E0,-2.86E0,-9.19E0));
#2151=LINE('',#2150,#2149);
#2152=CARTESIAN_POINT('',(1.25E1,0.E0,-9.19E0));
#2153=DIRECTION('',(0.E0,0.E0,-1.E0));
#2154=DIRECTION('',(-1.E0,0.E0,0.E0));
#2155=AXIS2_PLACEMENT_3D('',#2152,#2153,#2154);
#2157=CARTESIAN_POINT('',(1.25E1,0.E0,-9.19E0));
#2158=DIRECTION('',(0.E0,0.E0,-1.E0));
#2159=DIRECTION('',(1.E0,0.E0,0.E0));
#2160=AXIS2_PLACEMENT_3D('',#2157,#2158,#2159);
#2162=DIRECTION('',(0.E0,1.E0,0.E0));
#2163=VECTOR('',#2162,5.76E0);
#2164=CARTESIAN_POINT('',(1.5125E1,-2.86E0,-9.19E0));
#2165=LINE('',#2164,#2163);
#2166=DIRECTION('',(0.E0,0.E0,1.E0));
#2167=VECTOR('',#2166,6.16E0);
#2168=CARTESIAN_POINT('',(1.5125E1,-2.86E0,-1.535E1));
#2169=LINE('',#2168,#2167);
#2170=DIRECTION('',(0.E0,1.E0,0.E0));
#2171=VECTOR('',#2170,5.E-1);
#2172=CARTESIAN_POINT('',(1.5125E1,-3.36E0,-1.535E1));
#2173=LINE('',#2172,#2171);
#2174=CARTESIAN_POINT('',(9.875E0,-2.58E0,-9.47E0));
#2175=DIRECTION('',(1.E0,0.E0,0.E0));
#2176=DIRECTION('',(0.E0,0.E0,1.E0));
#2177=AXIS2_PLACEMENT_3D('',#2174,#2175,#2176);
#2179=DIRECTION('',(1.E0,0.E0,0.E0));
#2180=VECTOR('',#2179,1.78E0);
#2181=CARTESIAN_POINT('',(8.095E0,-3.36E0,-9.47E0));
#2182=LINE('',#2181,#2180);
#2183=CARTESIAN_POINT('',(1.5125E1,-2.58E0,-9.47E0));
#2184=DIRECTION('',(1.E0,0.E0,0.E0));
#2185=DIRECTION('',(0.E0,0.E0,1.E0));
#2186=AXIS2_PLACEMENT_3D('',#2183,#2184,#2185);
#2188=DIRECTION('',(1.E0,0.E0,1.291895883200E-14));
#2189=VECTOR('',#2188,2.75E-1);
#2190=CARTESIAN_POINT('',(1.5125E1,-3.36E0,-9.47E0));
#2191=LINE('',#2190,#2189);
#2192=CARTESIAN_POINT('',(-1.5125E1,-2.58E0,-9.47E0));
#2193=DIRECTION('',(1.E0,0.E0,0.E0));
#2194=DIRECTION('',(0.E0,0.E0,1.E0));
#2195=AXIS2_PLACEMENT_3D('',#2192,#2193,#2194);
#2197=DIRECTION('',(1.E0,0.E0,-1.291895883200E-14));
#2198=VECTOR('',#2197,2.75E-1);
#2199=CARTESIAN_POINT('',(-1.54E1,-3.36E0,-9.47E0));
#2200=LINE('',#2199,#2198);
#2201=CARTESIAN_POINT('',(-9.875E0,-2.58E0,-9.47E0));
#2202=DIRECTION('',(1.E0,0.E0,0.E0));
#2203=DIRECTION('',(0.E0,0.E0,1.E0));
#2204=AXIS2_PLACEMENT_3D('',#2201,#2202,#2203);
#2206=DIRECTION('',(1.E0,0.E0,0.E0));
#2207=VECTOR('',#2206,1.78E0);
#2208=CARTESIAN_POINT('',(-9.875E0,-3.36E0,-9.47E0));
#2209=LINE('',#2208,#2207);
#2210=DIRECTION('',(0.E0,1.E0,0.E0));
#2211=VECTOR('',#2210,5.E-1);
#2212=CARTESIAN_POINT('',(-1.5125E1,-3.36E0,-1.535E1));
#2213=LINE('',#2212,#2211);
#2214=DIRECTION('',(0.E0,0.E0,1.E0));
#2215=VECTOR('',#2214,6.16E0);
#2216=CARTESIAN_POINT('',(-1.5125E1,-2.86E0,-1.535E1));
#2217=LINE('',#2216,#2215);
#2218=DIRECTION('',(0.E0,1.E0,0.E0));
#2219=VECTOR('',#2218,5.76E0);
#2220=CARTESIAN_POINT('',(-1.5125E1,-2.86E0,-9.19E0));
#2221=LINE('',#2220,#2219);
#2222=DIRECTION('',(0.E0,1.E0,0.E0));
#2223=VECTOR('',#2222,5.E-1);
#2224=CARTESIAN_POINT('',(-1.4175E1,-3.36E0,-1.535E1));
#2225=LINE('',#2224,#2223);
#2226=DIRECTION('',(0.E0,1.E0,0.E0));
#2227=VECTOR('',#2226,5.E-1);
#2228=CARTESIAN_POINT('',(-1.0825E1,-3.36E0,-1.535E1));
#2229=LINE('',#2228,#2227);
#2230=CARTESIAN_POINT('',(-1.4175E1,-3.86E0,-1.668E1));
#2231=DIRECTION('',(-1.E0,0.E0,0.E0));
#2232=DIRECTION('',(0.E0,1.E0,0.E0));
#2233=AXIS2_PLACEMENT_3D('',#2230,#2231,#2232);
#2235=DIRECTION('',(0.E0,0.E0,1.E0));
#2236=VECTOR('',#2235,1.33E0);
#2237=CARTESIAN_POINT('',(-1.4175E1,-2.86E0,-1.668E1));
#2238=LINE('',#2237,#2236);
#2239=DIRECTION('',(0.E0,0.E0,-1.E0));
#2240=VECTOR('',#2239,8.368695557326E-1);
#2241=CARTESIAN_POINT('',(-1.4175E1,-3.36E0,-1.584313044427E1));
#2242=LINE('',#2241,#2240);
#2243=DIRECTION('',(0.E0,-1.E0,0.E0));
#2244=VECTOR('',#2243,3.49E0);
#2245=CARTESIAN_POINT('',(-1.4175E1,-3.86E0,-1.718E1));
#2246=LINE('',#2245,#2244);
#2247=DIRECTION('',(0.E0,0.E0,1.E0));
#2248=VECTOR('',#2247,5.E-1);
#2249=CARTESIAN_POINT('',(-1.4175E1,-7.35E0,-1.768E1));
#2250=LINE('',#2249,#2248);
#2251=DIRECTION('',(0.E0,1.E0,0.E0));
#2252=VECTOR('',#2251,3.49E0);
#2253=CARTESIAN_POINT('',(-1.4175E1,-7.35E0,-1.768E1));
#2254=LINE('',#2253,#2252);
#2255=DIRECTION('',(-1.E0,0.E0,0.E0));
#2256=VECTOR('',#2255,1.075E0);
#2257=CARTESIAN_POINT('',(-1.31E1,-3.86E0,-1.768E1));
#2258=LINE('',#2257,#2256);
#2259=DIRECTION('',(3.511234415884E-1,9.363291775690E-1,0.E0));
#2260=VECTOR('',#2259,1.068000468165E0);
#2261=CARTESIAN_POINT('',(-1.455E1,-8.35E0,-1.768E1));
#2262=LINE('',#2261,#2260);
#2263=DIRECTION('',(-2.395286116396E-1,9.708893058459E-1,0.E0));
#2264=VECTOR('',#2263,1.451756059589E0);
#2265=CARTESIAN_POINT('',(-1.420226288661E1,-9.759494432952E0,-1.768E1));
#2266=LINE('',#2265,#2264);
#2267=CARTESIAN_POINT('',(-1.343817300291E1,-9.570985415592E0,-1.768E1));
#2268=DIRECTION('',(0.E0,0.E0,-1.E0));
#2269=DIRECTION('',(-1.420927536131E-1,-9.898533474059E-1,0.E0));
#2270=AXIS2_PLACEMENT_3D('',#2267,#2268,#2269);
#2272=CARTESIAN_POINT('',(-1.355E1,-9.9E0,-1.768E1));
#2273=DIRECTION('',(0.E0,0.E0,-1.E0));
#2274=DIRECTION('',(1.E0,0.E0,0.E0));
#2275=AXIS2_PLACEMENT_3D('',#2272,#2273,#2274);
#2277=DIRECTION('',(-1.E0,0.E0,0.E0));
#2278=VECTOR('',#2277,1.075E0);
#2279=CARTESIAN_POINT('',(-1.0825E1,-3.86E0,-1.768E1));
#2280=LINE('',#2279,#2278);
#2281=CARTESIAN_POINT('',(-1.145E1,-9.9E0,-1.768E1));
#2282=DIRECTION('',(0.E0,0.E0,-1.E0));
#2283=DIRECTION('',(0.E0,-1.E0,0.E0));
#2284=AXIS2_PLACEMENT_3D('',#2281,#2282,#2283);
#2286=CARTESIAN_POINT('',(-1.156182699709E1,-9.570985415592E0,-1.768E1));
#2287=DIRECTION('',(0.E0,0.E0,-1.E0));
#2288=DIRECTION('',(9.708893058459E-1,-2.395286116396E-1,0.E0));
#2289=AXIS2_PLACEMENT_3D('',#2286,#2287,#2288);
#2291=DIRECTION('',(-2.395286116396E-1,-9.708893058459E-1,0.E0));
#2292=VECTOR('',#2291,1.451756059589E0);
#2293=CARTESIAN_POINT('',(-1.045E1,-8.35E0,-1.768E1));
#2294=LINE('',#2293,#2292);
#2295=DIRECTION('',(3.511234415884E-1,-9.363291775690E-1,0.E0));
#2296=VECTOR('',#2295,1.068000468165E0);
#2297=CARTESIAN_POINT('',(-1.0825E1,-7.35E0,-1.768E1));
#2298=LINE('',#2297,#2296);
#2299=DIRECTION('',(0.E0,0.E0,1.E0));
#2300=VECTOR('',#2299,5.E-1);
#2301=CARTESIAN_POINT('',(-1.455E1,-8.35E0,-1.768E1));
#2302=LINE('',#2301,#2300);
#2303=DIRECTION('',(1.E0,0.E0,0.E0));
#2304=VECTOR('',#2303,1.075E0);
#2305=CARTESIAN_POINT('',(-1.4175E1,-3.86E0,-1.718E1));
#2306=LINE('',#2305,#2304);
#2307=CARTESIAN_POINT('',(-1.355E1,-9.9E0,-1.718E1));
#2308=DIRECTION('',(0.E0,0.E0,-1.E0));
#2309=DIRECTION('',(1.E0,0.E0,0.E0));
#2310=AXIS2_PLACEMENT_3D('',#2307,#2308,#2309);
#2312=CARTESIAN_POINT('',(-1.343817300291E1,-9.570985415592E0,-1.718E1));
#2313=DIRECTION('',(0.E0,0.E0,-1.E0));
#2314=DIRECTION('',(-1.420927536131E-1,-9.898533474059E-1,0.E0));
#2315=AXIS2_PLACEMENT_3D('',#2312,#2313,#2314);
#2317=DIRECTION('',(-2.395286116396E-1,9.708893058459E-1,0.E0));
#2318=VECTOR('',#2317,1.451756059589E0);
#2319=CARTESIAN_POINT('',(-1.420226288661E1,-9.759494432952E0,-1.718E1));
#2320=LINE('',#2319,#2318);
#2321=DIRECTION('',(3.511234415884E-1,9.363291775690E-1,0.E0));
#2322=VECTOR('',#2321,1.068000468165E0);
#2323=CARTESIAN_POINT('',(-1.455E1,-8.35E0,-1.718E1));
#2324=LINE('',#2323,#2322);
#2325=DIRECTION('',(1.E0,0.E0,0.E0));
#2326=VECTOR('',#2325,1.075E0);
#2327=CARTESIAN_POINT('',(-1.19E1,-3.86E0,-1.718E1));
#2328=LINE('',#2327,#2326);
#2329=DIRECTION('',(3.511234415884E-1,-9.363291775690E-1,0.E0));
#2330=VECTOR('',#2329,1.068000468165E0);
#2331=CARTESIAN_POINT('',(-1.0825E1,-7.35E0,-1.718E1));
#2332=LINE('',#2331,#2330);
#2333=DIRECTION('',(-2.395286116396E-1,-9.708893058459E-1,0.E0));
#2334=VECTOR('',#2333,1.451756059589E0);
#2335=CARTESIAN_POINT('',(-1.045E1,-8.35E0,-1.718E1));
#2336=LINE('',#2335,#2334);
#2337=CARTESIAN_POINT('',(-1.156182699709E1,-9.570985415592E0,-1.718E1));
#2338=DIRECTION('',(0.E0,0.E0,-1.E0));
#2339=DIRECTION('',(9.708893058459E-1,-2.395286116396E-1,0.E0));
#2340=AXIS2_PLACEMENT_3D('',#2337,#2338,#2339);
#2342=CARTESIAN_POINT('',(-1.145E1,-9.9E0,-1.718E1));
#2343=DIRECTION('',(0.E0,0.E0,-1.E0));
#2344=DIRECTION('',(1.184237892934E-14,-1.E0,0.E0));
#2345=AXIS2_PLACEMENT_3D('',#2342,#2343,#2344);
#2347=CARTESIAN_POINT('',(-1.4175E1,-3.86E0,-1.668E1));
#2348=DIRECTION('',(1.E0,0.E0,0.E0));
#2349=DIRECTION('',(0.E0,0.E0,-1.E0));
#2350=AXIS2_PLACEMENT_3D('',#2347,#2348,#2349);
#2352=CARTESIAN_POINT('',(-1.31E1,-3.86E0,-1.668E1));
#2353=DIRECTION('',(-1.E0,0.E0,0.E0));
#2354=DIRECTION('',(0.E0,1.E0,0.E0));
#2355=AXIS2_PLACEMENT_3D('',#2352,#2353,#2354);
#2357=DIRECTION('',(1.E0,0.E0,0.E0));
#2358=VECTOR('',#2357,1.075E0);
#2359=CARTESIAN_POINT('',(-1.4175E1,-3.36E0,-1.668E1));
#2360=LINE('',#2359,#2358);
#2361=CARTESIAN_POINT('',(-1.25E1,-3.36E0,-1.674E1));
#2362=DIRECTION('',(0.E0,1.E0,0.E0));
#2363=DIRECTION('',(-8.815789473684E-1,0.E0,4.720366082803E-1));
#2364=AXIS2_PLACEMENT_3D('',#2361,#2362,#2363);
#2366=DIRECTION('',(1.E0,0.E0,0.E0));
#2367=VECTOR('',#2366,1.075E0);
#2368=CARTESIAN_POINT('',(-1.19E1,-3.36E0,-1.668E1));
#2369=LINE('',#2368,#2367);
#2370=DIRECTION('',(0.E0,0.E0,1.E0));
#2371=VECTOR('',#2370,9.5E-1);
#2372=CARTESIAN_POINT('',(-1.19E1,-3.36E0,-1.668E1));
#2373=LINE('',#2372,#2371);
#2374=CARTESIAN_POINT('',(-1.25E1,-3.36E0,-1.573E1));
#2375=DIRECTION('',(0.E0,1.E0,0.E0));
#2376=DIRECTION('',(-1.E0,0.E0,0.E0));
#2377=AXIS2_PLACEMENT_3D('',#2374,#2375,#2376);
#2379=DIRECTION('',(0.E0,0.E0,1.E0));
#2380=VECTOR('',#2379,9.5E-1);
#2381=CARTESIAN_POINT('',(-1.31E1,-3.36E0,-1.668E1));
#2382=LINE('',#2381,#2380);
#2383=DIRECTION('',(0.E0,-1.E0,0.E0));
#2384=VECTOR('',#2383,1.14E0);
#2385=CARTESIAN_POINT('',(-1.44E1,-3.36E0,-1.674E1));
#2386=LINE('',#2385,#2384);
#2387=DIRECTION('',(0.E0,1.E0,0.E0));
#2388=VECTOR('',#2387,1.75E0);
#2389=CARTESIAN_POINT('',(-1.44E1,-6.25E0,-6.43E0));
#2390=LINE('',#2389,#2388);
#2391=DIRECTION('',(0.E0,0.E0,-1.E0));
#2392=VECTOR('',#2391,3.61E0);
#2393=CARTESIAN_POINT('',(-1.06E1,-4.5E0,-1.819E1));
#2394=LINE('',#2393,#2392);
#2395=DIRECTION('',(0.E0,0.E0,1.E0));
#2396=VECTOR('',#2395,3.609999943917E0);
#2397=CARTESIAN_POINT('',(-1.44E1,-4.5E0,-2.18E1));
#2398=LINE('',#2397,#2396);
#2399=DIRECTION('',(0.E0,0.E0,-1.E0));
#2400=VECTOR('',#2399,3.61E0);
#2401=CARTESIAN_POINT('',(1.44E1,-4.5E0,-1.819E1));
#2402=LINE('',#2401,#2400);
#2403=DIRECTION('',(0.E0,0.E0,1.E0));
#2404=VECTOR('',#2403,3.61E0);
#2405=CARTESIAN_POINT('',(1.06E1,-4.5E0,-2.18E1));
#2406=LINE('',#2405,#2404);
#2407=DIRECTION('',(0.E0,1.E0,0.E0));
#2408=VECTOR('',#2407,1.75E0);
#2409=CARTESIAN_POINT('',(-1.06E1,-6.25E0,-1.819E1));
#2410=LINE('',#2409,#2408);
#2411=DIRECTION('',(0.E0,-1.E0,0.E0));
#2412=VECTOR('',#2411,1.14E0);
#2413=CARTESIAN_POINT('',(-1.06E1,-3.36E0,-1.674E1));
#2414=LINE('',#2413,#2412);
#2415=CARTESIAN_POINT('',(-1.25E1,-4.5E0,-1.819E1));
#2416=DIRECTION('',(0.E0,-1.E0,0.E0));
#2417=DIRECTION('',(-1.E0,0.E0,-8.855142584109E-8));
#2418=AXIS2_PLACEMENT_3D('',#2415,#2416,#2417);
#2420=DIRECTION('',(0.E0,1.E0,-3.204718065522E-8));
#2421=VECTOR('',#2420,1.75E0);
#2422=CARTESIAN_POINT('',(-1.44E1,-6.25E0,-1.819E1));
#2423=LINE('',#2422,#2421);
#2424=DIRECTION('',(0.E0,1.E0,0.E0));
#2425=VECTOR('',#2424,1.75E0);
#2426=CARTESIAN_POINT('',(-1.06E1,-6.25E0,-6.43E0));
#2427=LINE('',#2426,#2425);
#2428=DIRECTION('',(0.E0,1.E0,0.E0));
#2429=VECTOR('',#2428,1.75E0);
#2430=CARTESIAN_POINT('',(1.44E1,-6.25E0,-1.819E1));
#2431=LINE('',#2430,#2429);
#2432=DIRECTION('',(0.E0,-1.E0,0.E0));
#2433=VECTOR('',#2432,1.14E0);
#2434=CARTESIAN_POINT('',(1.44E1,-3.36E0,-1.674E1));
#2435=LINE('',#2434,#2433);
#2436=CARTESIAN_POINT('',(1.25E1,-4.5E0,-1.819E1));
#2437=DIRECTION('',(0.E0,-1.E0,0.E0));
#2438=DIRECTION('',(-1.E0,0.E0,0.E0));
#2439=AXIS2_PLACEMENT_3D('',#2436,#2437,#2438);
#2441=DIRECTION('',(0.E0,1.E0,0.E0));
#2442=VECTOR('',#2441,1.75E0);
#2443=CARTESIAN_POINT('',(1.06E1,-6.25E0,-1.819E1));
#2444=LINE('',#2443,#2442);
#2445=CARTESIAN_POINT('',(-1.0825E1,-3.86E0,-1.668E1));
#2446=DIRECTION('',(1.E0,0.E0,0.E0));
#2447=DIRECTION('',(0.E0,0.E0,-1.E0));
#2448=AXIS2_PLACEMENT_3D('',#2445,#2446,#2447);
#2450=DIRECTION('',(0.E0,1.E0,0.E0));
#2451=VECTOR('',#2450,3.49E0);
#2452=CARTESIAN_POINT('',(-1.0825E1,-7.35E0,-1.768E1));
#2453=LINE('',#2452,#2451);
#2454=DIRECTION('',(0.E0,0.E0,1.E0));
#2455=VECTOR('',#2454,5.E-1);
#2456=CARTESIAN_POINT('',(-1.0825E1,-7.35E0,-1.768E1));
#2457=LINE('',#2456,#2455);
#2458=DIRECTION('',(0.E0,-1.E0,0.E0));
#2459=VECTOR('',#2458,3.49E0);
#2460=CARTESIAN_POINT('',(-1.0825E1,-3.86E0,-1.718E1));
#2461=LINE('',#2460,#2459);
#2462=DIRECTION('',(0.E0,0.E0,-1.E0));
#2463=VECTOR('',#2462,8.368695557326E-1);
#2464=CARTESIAN_POINT('',(-1.0825E1,-3.36E0,-1.584313044427E1));
#2465=LINE('',#2464,#2463);
#2466=DIRECTION('',(0.E0,0.E0,1.E0));
#2467=VECTOR('',#2466,1.33E0);
#2468=CARTESIAN_POINT('',(-1.0825E1,-2.86E0,-1.668E1));
#2469=LINE('',#2468,#2467);
#2470=CARTESIAN_POINT('',(-1.19E1,-3.86E0,-1.668E1));
#2471=DIRECTION('',(-1.E0,0.E0,0.E0));
#2472=DIRECTION('',(0.E0,1.E0,0.E0));
#2473=AXIS2_PLACEMENT_3D('',#2470,#2471,#2472);
#2475=DIRECTION('',(0.E0,-1.E0,0.E0));
#2476=VECTOR('',#2475,5.E-1);
#2477=CARTESIAN_POINT('',(-1.19E1,-2.86E0,-1.573E1));
#2478=LINE('',#2477,#2476);
#2479=DIRECTION('',(0.E0,-1.E0,0.E0));
#2480=VECTOR('',#2479,6.04E0);
#2481=CARTESIAN_POINT('',(-1.19E1,-3.86E0,-1.718E1));
#2482=LINE('',#2481,#2480);
#2483=DIRECTION('',(0.E0,1.E0,0.E0));
#2484=VECTOR('',#2483,6.04E0);
#2485=CARTESIAN_POINT('',(-1.19E1,-9.9E0,-1.768E1));
#2486=LINE('',#2485,#2484);
#2487=DIRECTION('',(-1.E0,0.E0,0.E0));
#2488=VECTOR('',#2487,1.075E0);
#2489=CARTESIAN_POINT('',(-1.31E1,-2.86E0,-1.668E1));
#2490=LINE('',#2489,#2488);
#2491=DIRECTION('',(0.E0,0.E0,1.E0));
#2492=VECTOR('',#2491,9.5E-1);
#2493=CARTESIAN_POINT('',(-1.31E1,-2.86E0,-1.668E1));
#2494=LINE('',#2493,#2492);
#2495=CARTESIAN_POINT('',(-1.25E1,-2.86E0,-1.573E1));
#2496=DIRECTION('',(0.E0,1.E0,0.E0));
#2497=DIRECTION('',(-1.E0,0.E0,0.E0));
#2498=AXIS2_PLACEMENT_3D('',#2495,#2496,#2497);
#2500=DIRECTION('',(0.E0,0.E0,1.E0));
#2501=VECTOR('',#2500,9.5E-1);
#2502=CARTESIAN_POINT('',(-1.19E1,-2.86E0,-1.668E1));
#2503=LINE('',#2502,#2501);
#2504=DIRECTION('',(-1.E0,0.E0,0.E0));
#2505=VECTOR('',#2504,1.075E0);
#2506=CARTESIAN_POINT('',(-1.0825E1,-2.86E0,-1.668E1));
#2507=LINE('',#2506,#2505);
#2508=DIRECTION('',(1.E0,0.E0,0.E0));
#2509=VECTOR('',#2508,9.5E-1);
#2510=CARTESIAN_POINT('',(-1.0825E1,-2.86E0,-1.535E1));
#2511=LINE('',#2510,#2509);
#2512=DIRECTION('',(1.E0,0.E0,0.E0));
#2513=VECTOR('',#2512,9.5E-1);
#2514=CARTESIAN_POINT('',(-1.5125E1,-2.86E0,-1.535E1));
#2515=LINE('',#2514,#2513);
#2516=CARTESIAN_POINT('',(-1.31E1,-3.86E0,-1.668E1));
#2517=DIRECTION('',(1.E0,0.E0,0.E0));
#2518=DIRECTION('',(0.E0,0.E0,-1.E0));
#2519=AXIS2_PLACEMENT_3D('',#2516,#2517,#2518);
#2521=DIRECTION('',(0.E0,-1.E0,0.E0));
#2522=VECTOR('',#2521,6.04E0);
#2523=CARTESIAN_POINT('',(-1.31E1,-3.86E0,-1.768E1));
#2524=LINE('',#2523,#2522);
#2525=DIRECTION('',(0.E0,0.E0,1.E0));
#2526=VECTOR('',#2525,5.E-1);
#2527=CARTESIAN_POINT('',(-1.31E1,-9.9E0,-1.768E1));
#2528=LINE('',#2527,#2526);
#2529=DIRECTION('',(0.E0,1.E0,0.E0));
#2530=VECTOR('',#2529,6.04E0);
#2531=CARTESIAN_POINT('',(-1.31E1,-9.9E0,-1.718E1));
#2532=LINE('',#2531,#2530);
#2533=DIRECTION('',(0.E0,0.E0,-1.E0));
#2534=VECTOR('',#2533,5.E-1);
#2535=CARTESIAN_POINT('',(-1.355E1,-1.035E1,-1.718E1));
#2536=LINE('',#2535,#2534);
#2537=DIRECTION('',(0.E0,0.E0,-1.E0));
#2538=VECTOR('',#2537,5.E-1);
#2539=CARTESIAN_POINT('',(-1.420226288661E1,-9.759494432952E0,-1.718E1));
#2540=LINE('',#2539,#2538);
#2541=DIRECTION('',(0.E0,-1.E0,0.E0));
#2542=VECTOR('',#2541,5.E-1);
#2543=CARTESIAN_POINT('',(-1.31E1,-2.86E0,-1.573E1));
#2544=LINE('',#2543,#2542);
#2545=DIRECTION('',(0.E0,1.E0,0.E0));
#2546=VECTOR('',#2545,5.E-1);
#2547=CARTESIAN_POINT('',(-9.875E0,-3.36E0,-1.535E1));
#2548=LINE('',#2547,#2546);
#2549=DIRECTION('',(0.E0,1.E0,0.E0));
#2550=VECTOR('',#2549,5.76E0);
#2551=CARTESIAN_POINT('',(-9.875E0,-2.86E0,-9.19E0));
#2552=LINE('',#2551,#2550);
#2553=DIRECTION('',(0.E0,0.E0,1.E0));
#2554=VECTOR('',#2553,6.16E0);
#2555=CARTESIAN_POINT('',(-9.875E0,-2.86E0,-1.535E1));
#2556=LINE('',#2555,#2554);
#2557=DIRECTION('',(0.E0,0.E0,-1.E0));
#2558=VECTOR('',#2557,5.E-1);
#2559=CARTESIAN_POINT('',(-1.5125E1,2.9E0,-8.69E0));
#2560=LINE('',#2559,#2558);
#2561=DIRECTION('',(1.E0,0.E0,0.E0));
#2562=VECTOR('',#2561,5.25E0);
#2563=CARTESIAN_POINT('',(-1.5125E1,2.9E0,-9.19E0));
#2564=LINE('',#2563,#2562);
#2565=DIRECTION('',(0.E0,0.E0,-1.E0));
#2566=VECTOR('',#2565,5.E-1);
#2567=CARTESIAN_POINT('',(-9.875E0,2.9E0,-8.69E0));
#2568=LINE('',#2567,#2566);
#2569=DIRECTION('',(1.E0,0.E0,0.E0));
#2570=VECTOR('',#2569,5.25E0);
#2571=CARTESIAN_POINT('',(-1.5125E1,-2.86E0,-9.19E0));
#2572=LINE('',#2571,#2570);
#2573=CARTESIAN_POINT('',(-1.25E1,0.E0,-9.19E0));
#2574=DIRECTION('',(0.E0,0.E0,-1.E0));
#2575=DIRECTION('',(-1.E0,0.E0,0.E0));
#2576=AXIS2_PLACEMENT_3D('',#2573,#2574,#2575);
#2578=CARTESIAN_POINT('',(-1.25E1,0.E0,-9.19E0));
#2579=DIRECTION('',(0.E0,0.E0,-1.E0));
#2580=DIRECTION('',(1.E0,0.E0,0.E0));
#2581=AXIS2_PLACEMENT_3D('',#2578,#2579,#2580);
#2583=DIRECTION('',(0.E0,0.E0,-1.E0));
#2584=VECTOR('',#2583,3.19E0);
#2585=CARTESIAN_POINT('',(-1.392E1,0.E0,-6.E0));
#2586=LINE('',#2585,#2584);
#2587=DIRECTION('',(0.E0,0.E0,1.E0));
#2588=VECTOR('',#2587,3.19E0);
#2589=CARTESIAN_POINT('',(-1.108E1,0.E0,-9.19E0));
#2590=LINE('',#2589,#2588);
#2591=DIRECTION('',(0.E0,0.E0,-1.E0));
#2592=VECTOR('',#2591,1.26E1);
#2593=CARTESIAN_POINT('',(-8.095E0,3.65E0,-9.2E0));
#2594=LINE('',#2593,#2592);
#2595=DIRECTION('',(0.E0,-1.E0,0.E0));
#2596=VECTOR('',#2595,7.5E-1);
#2597=CARTESIAN_POINT('',(-8.095E0,3.65E0,-9.2E0));
#2598=LINE('',#2597,#2596);
#2599=DIRECTION('',(0.E0,0.E0,-1.E0));
#2600=VECTOR('',#2599,5.1E-1);
#2601=CARTESIAN_POINT('',(-8.095E0,2.9E0,-8.69E0));
#2602=LINE('',#2601,#2600);
#2603=CARTESIAN_POINT('',(-8.095E0,-2.58E0,-9.47E0));
#2604=DIRECTION('',(1.E0,0.E0,0.E0));
#2605=DIRECTION('',(0.E0,2.618987647834E-14,1.E0));
#2606=AXIS2_PLACEMENT_3D('',#2603,#2604,#2605);
#2608=DIRECTION('',(0.E0,1.E0,0.E0));
#2609=VECTOR('',#2608,7.01E0);
#2610=CARTESIAN_POINT('',(-8.095E0,-3.36E0,-2.18E1));
#2611=LINE('',#2610,#2609);
#2612=CARTESIAN_POINT('',(-1.19E1,-3.86E0,-1.668E1));
#2613=DIRECTION('',(1.E0,0.E0,0.E0));
#2614=DIRECTION('',(0.E0,0.E0,-1.E0));
#2615=AXIS2_PLACEMENT_3D('',#2612,#2613,#2614);
#2617=CARTESIAN_POINT('',(-1.0825E1,-3.86E0,-1.668E1));
#2618=DIRECTION('',(-1.E0,0.E0,0.E0));
#2619=DIRECTION('',(0.E0,1.E0,0.E0));
#2620=AXIS2_PLACEMENT_3D('',#2617,#2618,#2619);
#2622=DIRECTION('',(0.E0,0.E0,-1.E0));
#2623=VECTOR('',#2622,5.E-1);
#2624=CARTESIAN_POINT('',(-1.145E1,-1.035E1,-1.718E1));
#2625=LINE('',#2624,#2623);
#2626=DIRECTION('',(0.E0,0.E0,1.E0));
#2627=VECTOR('',#2626,5.E-1);
#2628=CARTESIAN_POINT('',(-1.19E1,-9.9E0,-1.768E1));
#2629=LINE('',#2628,#2627);
#2630=DIRECTION('',(0.E0,0.E0,-1.E0));
#2631=VECTOR('',#2630,5.E-1);
#2632=CARTESIAN_POINT('',(-1.079773711339E1,-9.759494432952E0,-1.718E1));
#2633=LINE('',#2632,#2631);
#2634=DIRECTION('',(0.E0,0.E0,1.E0));
#2635=VECTOR('',#2634,5.E-1);
#2636=CARTESIAN_POINT('',(-1.045E1,-8.35E0,-1.768E1));
#2637=LINE('',#2636,#2635);
#2638=DIRECTION('',(0.E0,0.E0,-1.E0));
#2639=VECTOR('',#2638,5.E-1);
#2640=CARTESIAN_POINT('',(9.875E0,2.9E0,-8.69E0));
#2641=LINE('',#2640,#2639);
#2642=DIRECTION('',(1.E0,0.E0,0.E0));
#2643=VECTOR('',#2642,5.25E0);
#2644=CARTESIAN_POINT('',(9.875E0,2.9E0,-9.19E0));
#2645=LINE('',#2644,#2643);
#2646=DIRECTION('',(0.E0,0.E0,-1.E0));
#2647=VECTOR('',#2646,5.E-1);
#2648=CARTESIAN_POINT('',(1.5125E1,2.9E0,-8.69E0));
#2649=LINE('',#2648,#2647);
#2650=DIRECTION('',(0.E0,0.E0,-1.E0));
#2651=VECTOR('',#2650,5.1E-1);
#2652=CARTESIAN_POINT('',(1.54E1,2.9E0,-8.69E0));
#2653=LINE('',#2652,#2651);
#2654=DIRECTION('',(0.E0,0.E0,-1.E0));
#2655=VECTOR('',#2654,3.19E0);
#2656=CARTESIAN_POINT('',(1.108E1,0.E0,-6.E0));
#2657=LINE('',#2656,#2655);
#2658=DIRECTION('',(0.E0,0.E0,1.E0));
#2659=VECTOR('',#2658,3.19E0);
#2660=CARTESIAN_POINT('',(1.392E1,0.E0,-9.19E0));
#2661=LINE('',#2660,#2659);
#2662=DIRECTION('',(0.E0,0.E0,-1.E0));
#2663=VECTOR('',#2662,5.E-1);
#2664=CARTESIAN_POINT('',(1.355E1,-1.035E1,-1.718E1));
#2665=LINE('',#2664,#2663);
#2666=DIRECTION('',(0.E0,0.E0,1.E0));
#2667=VECTOR('',#2666,5.E-1);
#2668=CARTESIAN_POINT('',(1.31E1,-9.9E0,-1.768E1));
#2669=LINE('',#2668,#2667);
#2670=CARTESIAN_POINT('',(4.326E0,1.98E0,0.E0));
#2671=DIRECTION('',(0.E0,0.E0,1.E0));
#2672=DIRECTION('',(1.E0,0.E0,0.E0));
#2673=AXIS2_PLACEMENT_3D('',#2670,#2671,#2672);
#2675=DIRECTION('',(-7.071067811865E-1,0.E0,-7.071067811865E-1));
#2676=VECTOR('',#2675,6.465784407170E-1);
#2677=CARTESIAN_POINT('',(5.1482E0,1.98E0,0.E0));
#2678=LINE('',#2677,#2676);
#2679=CARTESIAN_POINT('',(4.326E0,1.98E0,-4.572E-1));
#2680=DIRECTION('',(0.E0,0.E0,1.E0));
#2681=DIRECTION('',(1.E0,0.E0,0.E0));
#2682=AXIS2_PLACEMENT_3D('',#2679,#2680,#2681);
#2684=DIRECTION('',(7.071067811865E-1,0.E0,-7.071067811865E-1));
#2685=VECTOR('',#2684,6.465784407170E-1);
#2686=CARTESIAN_POINT('',(3.5038E0,1.98E0,0.E0));
#2687=LINE('',#2686,#2685);
#2688=CARTESIAN_POINT('',(4.326E0,1.98E0,0.E0));
#2689=DIRECTION('',(0.E0,0.E0,1.E0));
#2690=DIRECTION('',(-1.E0,0.E0,0.E0));
#2691=AXIS2_PLACEMENT_3D('',#2688,#2689,#2690);
#2693=CARTESIAN_POINT('',(4.326E0,1.98E0,-4.572E-1));
#2694=DIRECTION('',(0.E0,0.E0,1.E0));
#2695=DIRECTION('',(-1.E0,0.E0,0.E0));
#2696=AXIS2_PLACEMENT_3D('',#2693,#2694,#2695);
#2698=DIRECTION('',(0.E0,0.E0,-1.E0));
#2699=VECTOR('',#2698,5.428E-1);
#2700=CARTESIAN_POINT('',(3.961E0,1.98E0,-4.572E-1));
#2701=LINE('',#2700,#2699);
#2702=DIRECTION('',(0.E0,0.E0,-1.E0));
#2703=VECTOR('',#2702,5.428E-1);
#2704=CARTESIAN_POINT('',(4.691E0,1.98E0,-4.572E-1));
#2705=LINE('',#2704,#2703);
#2706=CARTESIAN_POINT('',(4.326E0,1.98E0,-1.E0));
#2707=DIRECTION('',(0.E0,0.E0,1.E0));
#2708=DIRECTION('',(1.E0,0.E0,0.E0));
#2709=AXIS2_PLACEMENT_3D('',#2706,#2707,#2708);
#2711=CARTESIAN_POINT('',(4.326E0,1.98E0,-1.E0));
#2712=DIRECTION('',(0.E0,0.E0,1.E0));
#2713=DIRECTION('',(-1.E0,0.E0,0.E0));
#2714=AXIS2_PLACEMENT_3D('',#2711,#2712,#2713);
#2716=CARTESIAN_POINT('',(5.316E0,0.E0,-1.E0));
#2717=DIRECTION('',(0.E0,0.E0,1.E0));
#2718=DIRECTION('',(1.E0,0.E0,0.E0));
#2719=AXIS2_PLACEMENT_3D('',#2716,#2717,#2718);
#2721=CARTESIAN_POINT('',(5.316E0,0.E0,-1.E0));
#2722=DIRECTION('',(0.E0,0.E0,1.E0));
#2723=DIRECTION('',(-1.E0,0.E0,0.E0));
#2724=AXIS2_PLACEMENT_3D('',#2721,#2722,#2723);
#2726=CARTESIAN_POINT('',(4.326E0,-1.98E0,-1.E0));
#2727=DIRECTION('',(0.E0,0.E0,1.E0));
#2728=DIRECTION('',(1.E0,0.E0,0.E0));
#2729=AXIS2_PLACEMENT_3D('',#2726,#2727,#2728);
#2731=CARTESIAN_POINT('',(4.326E0,-1.98E0,-1.E0));
#2732=DIRECTION('',(0.E0,0.E0,1.E0));
#2733=DIRECTION('',(-1.E0,0.E0,0.E0));
#2734=AXIS2_PLACEMENT_3D('',#2731,#2732,#2733);
#2736=DIRECTION('',(0.E0,0.E0,-1.E0));
#2737=VECTOR('',#2736,5.428E-1);
#2738=CARTESIAN_POINT('',(5.681E0,0.E0,-4.572E-1));
#2739=LINE('',#2738,#2737);
#2740=CARTESIAN_POINT('',(5.316E0,0.E0,0.E0));
#2741=DIRECTION('',(0.E0,0.E0,1.E0));
#2742=DIRECTION('',(1.E0,0.E0,0.E0));
#2743=AXIS2_PLACEMENT_3D('',#2740,#2741,#2742);
#2745=CARTESIAN_POINT('',(5.316E0,0.E0,-4.572E-1));
#2746=DIRECTION('',(0.E0,0.E0,1.E0));
#2747=DIRECTION('',(1.E0,0.E0,0.E0));
#2748=AXIS2_PLACEMENT_3D('',#2745,#2746,#2747);
#2750=CARTESIAN_POINT('',(5.316E0,0.E0,0.E0));
#2751=DIRECTION('',(0.E0,0.E0,1.E0));
#2752=DIRECTION('',(-1.E0,0.E0,0.E0));
#2753=AXIS2_PLACEMENT_3D('',#2750,#2751,#2752);
#2755=DIRECTION('',(7.071067811865E-1,0.E0,-7.071067811865E-1));
#2756=VECTOR('',#2755,6.465784407170E-1);
#2757=CARTESIAN_POINT('',(4.4938E0,0.E0,0.E0));
#2758=LINE('',#2757,#2756);
#2759=CARTESIAN_POINT('',(5.316E0,0.E0,-4.572E-1));
#2760=DIRECTION('',(0.E0,0.E0,1.E0));
#2761=DIRECTION('',(-1.E0,0.E0,0.E0));
#2762=AXIS2_PLACEMENT_3D('',#2759,#2760,#2761);
#2764=DIRECTION('',(-7.071067811865E-1,0.E0,-7.071067811865E-1));
#2765=VECTOR('',#2764,6.465784407170E-1);
#2766=CARTESIAN_POINT('',(6.1382E0,0.E0,0.E0));
#2767=LINE('',#2766,#2765);
#2768=DIRECTION('',(0.E0,0.E0,-1.E0));
#2769=VECTOR('',#2768,5.428E-1);
#2770=CARTESIAN_POINT('',(4.951E0,0.E0,-4.572E-1));
#2771=LINE('',#2770,#2769);
#2772=DIRECTION('',(0.E0,0.E0,-1.E0));
#2773=VECTOR('',#2772,5.428E-1);
#2774=CARTESIAN_POINT('',(4.691E0,-1.98E0,-4.572E-1));
#2775=LINE('',#2774,#2773);
#2776=CARTESIAN_POINT('',(4.326E0,-1.98E0,0.E0));
#2777=DIRECTION('',(0.E0,0.E0,1.E0));
#2778=DIRECTION('',(1.E0,0.E0,0.E0));
#2779=AXIS2_PLACEMENT_3D('',#2776,#2777,#2778);
#2781=DIRECTION('',(-7.071067811865E-1,0.E0,-7.071067811865E-1));
#2782=VECTOR('',#2781,6.465784407170E-1);
#2783=CARTESIAN_POINT('',(5.1482E0,-1.98E0,0.E0));
#2784=LINE('',#2783,#2782);
#2785=CARTESIAN_POINT('',(4.326E0,-1.98E0,-4.572E-1));
#2786=DIRECTION('',(0.E0,0.E0,1.E0));
#2787=DIRECTION('',(1.E0,0.E0,0.E0));
#2788=AXIS2_PLACEMENT_3D('',#2785,#2786,#2787);
#2790=DIRECTION('',(7.071067811865E-1,0.E0,-7.071067811865E-1));
#2791=VECTOR('',#2790,6.465784407170E-1);
#2792=CARTESIAN_POINT('',(3.5038E0,-1.98E0,0.E0));
#2793=LINE('',#2792,#2791);
#2794=CARTESIAN_POINT('',(4.326E0,-1.98E0,0.E0));
#2795=DIRECTION('',(0.E0,0.E0,1.E0));
#2796=DIRECTION('',(-1.E0,0.E0,0.E0));
#2797=AXIS2_PLACEMENT_3D('',#2794,#2795,#2796);
#2799=CARTESIAN_POINT('',(4.326E0,-1.98E0,-4.572E-1));
#2800=DIRECTION('',(0.E0,0.E0,1.E0));
#2801=DIRECTION('',(-1.E0,0.E0,0.E0));
#2802=AXIS2_PLACEMENT_3D('',#2799,#2800,#2801);
#2804=DIRECTION('',(0.E0,0.E0,-1.E0));
#2805=VECTOR('',#2804,5.428E-1);
#2806=CARTESIAN_POINT('',(3.961E0,-1.98E0,-4.572E-1));
#2807=LINE('',#2806,#2805);
#2808=CARTESIAN_POINT('',(2.036E0,1.98E0,0.E0));
#2809=DIRECTION('',(0.E0,0.E0,1.E0));
#2810=DIRECTION('',(1.E0,0.E0,0.E0));
#2811=AXIS2_PLACEMENT_3D('',#2808,#2809,#2810);
#2813=DIRECTION('',(-7.071067811865E-1,0.E0,-7.071067811865E-1));
#2814=VECTOR('',#2813,6.465784407170E-1);
#2815=CARTESIAN_POINT('',(2.8582E0,1.98E0,0.E0));
#2816=LINE('',#2815,#2814);
#2817=CARTESIAN_POINT('',(2.036E0,1.98E0,-4.572E-1));
#2818=DIRECTION('',(0.E0,0.E0,1.E0));
#2819=DIRECTION('',(1.E0,0.E0,0.E0));
#2820=AXIS2_PLACEMENT_3D('',#2817,#2818,#2819);
#2822=DIRECTION('',(7.071067811865E-1,0.E0,-7.071067811865E-1));
#2823=VECTOR('',#2822,6.465784407170E-1);
#2824=CARTESIAN_POINT('',(1.2138E0,1.98E0,0.E0));
#2825=LINE('',#2824,#2823);
#2826=CARTESIAN_POINT('',(2.036E0,1.98E0,0.E0));
#2827=DIRECTION('',(0.E0,0.E0,1.E0));
#2828=DIRECTION('',(-1.E0,0.E0,0.E0));
#2829=AXIS2_PLACEMENT_3D('',#2826,#2827,#2828);
#2831=CARTESIAN_POINT('',(2.036E0,1.98E0,-4.572E-1));
#2832=DIRECTION('',(0.E0,0.E0,1.E0));
#2833=DIRECTION('',(-1.E0,0.E0,0.E0));
#2834=AXIS2_PLACEMENT_3D('',#2831,#2832,#2833);
#2836=DIRECTION('',(0.E0,0.E0,-1.E0));
#2837=VECTOR('',#2836,5.428E-1);
#2838=CARTESIAN_POINT('',(1.671E0,1.98E0,-4.572E-1));
#2839=LINE('',#2838,#2837);
#2840=DIRECTION('',(0.E0,0.E0,-1.E0));
#2841=VECTOR('',#2840,5.428E-1);
#2842=CARTESIAN_POINT('',(2.401E0,1.98E0,-4.572E-1));
#2843=LINE('',#2842,#2841);
#2844=CARTESIAN_POINT('',(2.036E0,1.98E0,-1.E0));
#2845=DIRECTION('',(0.E0,0.E0,1.E0));
#2846=DIRECTION('',(1.E0,0.E0,0.E0));
#2847=AXIS2_PLACEMENT_3D('',#2844,#2845,#2846);
#2849=CARTESIAN_POINT('',(2.036E0,1.98E0,-1.E0));
#2850=DIRECTION('',(0.E0,0.E0,1.E0));
#2851=DIRECTION('',(-1.E0,0.E0,0.E0));
#2852=AXIS2_PLACEMENT_3D('',#2849,#2850,#2851);
#2854=CARTESIAN_POINT('',(3.026E0,0.E0,-1.E0));
#2855=DIRECTION('',(0.E0,0.E0,1.E0));
#2856=DIRECTION('',(1.E0,0.E0,0.E0));
#2857=AXIS2_PLACEMENT_3D('',#2854,#2855,#2856);
#2859=CARTESIAN_POINT('',(3.026E0,0.E0,-1.E0));
#2860=DIRECTION('',(0.E0,0.E0,1.E0));
#2861=DIRECTION('',(-1.E0,0.E0,0.E0));
#2862=AXIS2_PLACEMENT_3D('',#2859,#2860,#2861);
#2864=CARTESIAN_POINT('',(2.036E0,-1.98E0,-1.E0));
#2865=DIRECTION('',(0.E0,0.E0,1.E0));
#2866=DIRECTION('',(1.E0,0.E0,0.E0));
#2867=AXIS2_PLACEMENT_3D('',#2864,#2865,#2866);
#2869=CARTESIAN_POINT('',(2.036E0,-1.98E0,-1.E0));
#2870=DIRECTION('',(0.E0,0.E0,1.E0));
#2871=DIRECTION('',(-1.E0,0.E0,0.E0));
#2872=AXIS2_PLACEMENT_3D('',#2869,#2870,#2871);
#2874=DIRECTION('',(0.E0,0.E0,-1.E0));
#2875=VECTOR('',#2874,5.428E-1);
#2876=CARTESIAN_POINT('',(3.391E0,0.E0,-4.572E-1));
#2877=LINE('',#2876,#2875);
#2878=CARTESIAN_POINT('',(3.026E0,0.E0,0.E0));
#2879=DIRECTION('',(0.E0,0.E0,1.E0));
#2880=DIRECTION('',(1.E0,0.E0,0.E0));
#2881=AXIS2_PLACEMENT_3D('',#2878,#2879,#2880);
#2883=CARTESIAN_POINT('',(3.026E0,0.E0,-4.572E-1));
#2884=DIRECTION('',(0.E0,0.E0,1.E0));
#2885=DIRECTION('',(1.E0,0.E0,0.E0));
#2886=AXIS2_PLACEMENT_3D('',#2883,#2884,#2885);
#2888=CARTESIAN_POINT('',(3.026E0,0.E0,0.E0));
#2889=DIRECTION('',(0.E0,0.E0,1.E0));
#2890=DIRECTION('',(-1.E0,0.E0,0.E0));
#2891=AXIS2_PLACEMENT_3D('',#2888,#2889,#2890);
#2893=DIRECTION('',(7.071067811865E-1,0.E0,-7.071067811865E-1));
#2894=VECTOR('',#2893,6.465784407170E-1);
#2895=CARTESIAN_POINT('',(2.2038E0,0.E0,0.E0));
#2896=LINE('',#2895,#2894);
#2897=CARTESIAN_POINT('',(3.026E0,0.E0,-4.572E-1));
#2898=DIRECTION('',(0.E0,0.E0,1.E0));
#2899=DIRECTION('',(-1.E0,0.E0,0.E0));
#2900=AXIS2_PLACEMENT_3D('',#2897,#2898,#2899);
#2902=DIRECTION('',(-7.071067811865E-1,0.E0,-7.071067811865E-1));
#2903=VECTOR('',#2902,6.465784407170E-1);
#2904=CARTESIAN_POINT('',(3.8482E0,0.E0,0.E0));
#2905=LINE('',#2904,#2903);
#2906=DIRECTION('',(0.E0,0.E0,-1.E0));
#2907=VECTOR('',#2906,5.428E-1);
#2908=CARTESIAN_POINT('',(2.661E0,0.E0,-4.572E-1));
#2909=LINE('',#2908,#2907);
#2910=DIRECTION('',(0.E0,0.E0,-1.E0));
#2911=VECTOR('',#2910,5.428E-1);
#2912=CARTESIAN_POINT('',(2.401E0,-1.98E0,-4.572E-1));
#2913=LINE('',#2912,#2911);
#2914=CARTESIAN_POINT('',(2.036E0,-1.98E0,0.E0));
#2915=DIRECTION('',(0.E0,0.E0,1.E0));
#2916=DIRECTION('',(1.E0,0.E0,0.E0));
#2917=AXIS2_PLACEMENT_3D('',#2914,#2915,#2916);
#2919=DIRECTION('',(-7.071067811865E-1,0.E0,-7.071067811865E-1));
#2920=VECTOR('',#2919,6.465784407170E-1);
#2921=CARTESIAN_POINT('',(2.8582E0,-1.98E0,0.E0));
#2922=LINE('',#2921,#2920);
#2923=CARTESIAN_POINT('',(2.036E0,-1.98E0,-4.572E-1));
#2924=DIRECTION('',(0.E0,0.E0,1.E0));
#2925=DIRECTION('',(1.E0,0.E0,0.E0));
#2926=AXIS2_PLACEMENT_3D('',#2923,#2924,#2925);
#2928=DIRECTION('',(7.071067811865E-1,0.E0,-7.071067811865E-1));
#2929=VECTOR('',#2928,6.465784407170E-1);
#2930=CARTESIAN_POINT('',(1.2138E0,-1.98E0,0.E0));
#2931=LINE('',#2930,#2929);
#2932=CARTESIAN_POINT('',(2.036E0,-1.98E0,0.E0));
#2933=DIRECTION('',(0.E0,0.E0,1.E0));
#2934=DIRECTION('',(-1.E0,0.E0,0.E0));
#2935=AXIS2_PLACEMENT_3D('',#2932,#2933,#2934);
#2937=CARTESIAN_POINT('',(2.036E0,-1.98E0,-4.572E-1));
#2938=DIRECTION('',(0.E0,0.E0,1.E0));
#2939=DIRECTION('',(-1.E0,0.E0,0.E0));
#2940=AXIS2_PLACEMENT_3D('',#2937,#2938,#2939);
#2942=DIRECTION('',(0.E0,0.E0,-1.E0));
#2943=VECTOR('',#2942,5.428E-1);
#2944=CARTESIAN_POINT('',(1.671E0,-1.98E0,-4.572E-1));
#2945=LINE('',#2944,#2943);
#2946=CARTESIAN_POINT('',(-2.54E-1,1.98E0,0.E0));
#2947=DIRECTION('',(0.E0,0.E0,1.E0));
#2948=DIRECTION('',(1.E0,0.E0,0.E0));
#2949=AXIS2_PLACEMENT_3D('',#2946,#2947,#2948);
#2951=DIRECTION('',(-7.071067811865E-1,0.E0,-7.071067811865E-1));
#2952=VECTOR('',#2951,6.465784407170E-1);
#2953=CARTESIAN_POINT('',(5.682E-1,1.98E0,0.E0));
#2954=LINE('',#2953,#2952);
#2955=CARTESIAN_POINT('',(-2.54E-1,1.98E0,-4.572E-1));
#2956=DIRECTION('',(0.E0,0.E0,1.E0));
#2957=DIRECTION('',(1.E0,0.E0,0.E0));
#2958=AXIS2_PLACEMENT_3D('',#2955,#2956,#2957);
#2960=DIRECTION('',(7.071067811865E-1,0.E0,-7.071067811865E-1));
#2961=VECTOR('',#2960,6.465784407170E-1);
#2962=CARTESIAN_POINT('',(-1.0762E0,1.98E0,0.E0));
#2963=LINE('',#2962,#2961);
#2964=CARTESIAN_POINT('',(-2.54E-1,1.98E0,0.E0));
#2965=DIRECTION('',(0.E0,0.E0,1.E0));
#2966=DIRECTION('',(-1.E0,0.E0,0.E0));
#2967=AXIS2_PLACEMENT_3D('',#2964,#2965,#2966);
#2969=CARTESIAN_POINT('',(-2.54E-1,1.98E0,-4.572E-1));
#2970=DIRECTION('',(0.E0,0.E0,1.E0));
#2971=DIRECTION('',(-1.E0,0.E0,0.E0));
#2972=AXIS2_PLACEMENT_3D('',#2969,#2970,#2971);
#2974=DIRECTION('',(0.E0,0.E0,-1.E0));
#2975=VECTOR('',#2974,5.428E-1);
#2976=CARTESIAN_POINT('',(-6.19E-1,1.98E0,-4.572E-1));
#2977=LINE('',#2976,#2975);
#2978=DIRECTION('',(0.E0,0.E0,-1.E0));
#2979=VECTOR('',#2978,5.428E-1);
#2980=CARTESIAN_POINT('',(1.11E-1,1.98E0,-4.572E-1));
#2981=LINE('',#2980,#2979);
#2982=CARTESIAN_POINT('',(-2.54E-1,1.98E0,-1.E0));
#2983=DIRECTION('',(0.E0,0.E0,1.E0));
#2984=DIRECTION('',(1.E0,0.E0,0.E0));
#2985=AXIS2_PLACEMENT_3D('',#2982,#2983,#2984);
#2987=CARTESIAN_POINT('',(-2.54E-1,1.98E0,-1.E0));
#2988=DIRECTION('',(0.E0,0.E0,1.E0));
#2989=DIRECTION('',(-1.E0,0.E0,0.E0));
#2990=AXIS2_PLACEMENT_3D('',#2987,#2988,#2989);
#2992=CARTESIAN_POINT('',(7.36E-1,0.E0,-1.E0));
#2993=DIRECTION('',(0.E0,0.E0,1.E0));
#2994=DIRECTION('',(1.E0,0.E0,0.E0));
#2995=AXIS2_PLACEMENT_3D('',#2992,#2993,#2994);
#2997=CARTESIAN_POINT('',(7.36E-1,0.E0,-1.E0));
#2998=DIRECTION('',(0.E0,0.E0,1.E0));
#2999=DIRECTION('',(-1.E0,0.E0,0.E0));
#3000=AXIS2_PLACEMENT_3D('',#2997,#2998,#2999);
#3002=CARTESIAN_POINT('',(-2.54E-1,-1.98E0,-1.E0));
#3003=DIRECTION('',(0.E0,0.E0,1.E0));
#3004=DIRECTION('',(1.E0,0.E0,0.E0));
#3005=AXIS2_PLACEMENT_3D('',#3002,#3003,#3004);
#3007=CARTESIAN_POINT('',(-2.54E-1,-1.98E0,-1.E0));
#3008=DIRECTION('',(0.E0,0.E0,1.E0));
#3009=DIRECTION('',(-1.E0,0.E0,0.E0));
#3010=AXIS2_PLACEMENT_3D('',#3007,#3008,#3009);
#3012=DIRECTION('',(0.E0,0.E0,-1.E0));
#3013=VECTOR('',#3012,5.428E-1);
#3014=CARTESIAN_POINT('',(1.101E0,0.E0,-4.572E-1));
#3015=LINE('',#3014,#3013);
#3016=CARTESIAN_POINT('',(7.36E-1,0.E0,0.E0));
#3017=DIRECTION('',(0.E0,0.E0,1.E0));
#3018=DIRECTION('',(1.E0,0.E0,0.E0));
#3019=AXIS2_PLACEMENT_3D('',#3016,#3017,#3018);
#3021=CARTESIAN_POINT('',(7.36E-1,0.E0,-4.572E-1));
#3022=DIRECTION('',(0.E0,0.E0,1.E0));
#3023=DIRECTION('',(1.E0,0.E0,0.E0));
#3024=AXIS2_PLACEMENT_3D('',#3021,#3022,#3023);
#3026=CARTESIAN_POINT('',(7.36E-1,0.E0,0.E0));
#3027=DIRECTION('',(0.E0,0.E0,1.E0));
#3028=DIRECTION('',(-1.E0,0.E0,0.E0));
#3029=AXIS2_PLACEMENT_3D('',#3026,#3027,#3028);
#3031=DIRECTION('',(7.071067811865E-1,0.E0,-7.071067811865E-1));
#3032=VECTOR('',#3031,6.465784407170E-1);
#3033=CARTESIAN_POINT('',(-8.62E-2,0.E0,0.E0));
#3034=LINE('',#3033,#3032);
#3035=CARTESIAN_POINT('',(7.36E-1,0.E0,-4.572E-1));
#3036=DIRECTION('',(0.E0,0.E0,1.E0));
#3037=DIRECTION('',(-1.E0,0.E0,0.E0));
#3038=AXIS2_PLACEMENT_3D('',#3035,#3036,#3037);
#3040=DIRECTION('',(-7.071067811865E-1,0.E0,-7.071067811865E-1));
#3041=VECTOR('',#3040,6.465784407170E-1);
#3042=CARTESIAN_POINT('',(1.5582E0,0.E0,0.E0));
#3043=LINE('',#3042,#3041);
#3044=DIRECTION('',(0.E0,0.E0,-1.E0));
#3045=VECTOR('',#3044,5.428E-1);
#3046=CARTESIAN_POINT('',(3.71E-1,0.E0,-4.572E-1));
#3047=LINE('',#3046,#3045);
#3048=DIRECTION('',(0.E0,0.E0,-1.E0));
#3049=VECTOR('',#3048,5.428E-1);
#3050=CARTESIAN_POINT('',(1.11E-1,-1.98E0,-4.572E-1));
#3051=LINE('',#3050,#3049);
#3052=CARTESIAN_POINT('',(-2.54E-1,-1.98E0,0.E0));
#3053=DIRECTION('',(0.E0,0.E0,1.E0));
#3054=DIRECTION('',(1.E0,0.E0,0.E0));
#3055=AXIS2_PLACEMENT_3D('',#3052,#3053,#3054);
#3057=DIRECTION('',(-7.071067811865E-1,0.E0,-7.071067811865E-1));
#3058=VECTOR('',#3057,6.465784407170E-1);
#3059=CARTESIAN_POINT('',(5.682E-1,-1.98E0,0.E0));
#3060=LINE('',#3059,#3058);
#3061=CARTESIAN_POINT('',(-2.54E-1,-1.98E0,-4.572E-1));
#3062=DIRECTION('',(0.E0,0.E0,1.E0));
#3063=DIRECTION('',(1.E0,0.E0,0.E0));
#3064=AXIS2_PLACEMENT_3D('',#3061,#3062,#3063);
#3066=DIRECTION('',(7.071067811865E-1,0.E0,-7.071067811865E-1));
#3067=VECTOR('',#3066,6.465784407170E-1);
#3068=CARTESIAN_POINT('',(-1.0762E0,-1.98E0,0.E0));
#3069=LINE('',#3068,#3067);
#3070=CARTESIAN_POINT('',(-2.54E-1,-1.98E0,0.E0));
#3071=DIRECTION('',(0.E0,0.E0,1.E0));
#3072=DIRECTION('',(-1.E0,0.E0,0.E0));
#3073=AXIS2_PLACEMENT_3D('',#3070,#3071,#3072);
#3075=CARTESIAN_POINT('',(-2.54E-1,-1.98E0,-4.572E-1));
#3076=DIRECTION('',(0.E0,0.E0,1.E0));
#3077=DIRECTION('',(-1.E0,0.E0,0.E0));
#3078=AXIS2_PLACEMENT_3D('',#3075,#3076,#3077);
#3080=DIRECTION('',(0.E0,0.E0,-1.E0));
#3081=VECTOR('',#3080,5.428E-1);
#3082=CARTESIAN_POINT('',(-6.19E-1,-1.98E0,-4.572E-1));
#3083=LINE('',#3082,#3081);
#3084=CARTESIAN_POINT('',(-2.544E0,1.98E0,0.E0));
#3085=DIRECTION('',(0.E0,0.E0,1.E0));
#3086=DIRECTION('',(1.E0,0.E0,0.E0));
#3087=AXIS2_PLACEMENT_3D('',#3084,#3085,#3086);
#3089=DIRECTION('',(-7.071067811865E-1,0.E0,-7.071067811865E-1));
#3090=VECTOR('',#3089,6.465784407170E-1);
#3091=CARTESIAN_POINT('',(-1.7218E0,1.98E0,0.E0));
#3092=LINE('',#3091,#3090);
#3093=CARTESIAN_POINT('',(-2.544E0,1.98E0,-4.572E-1));
#3094=DIRECTION('',(0.E0,0.E0,1.E0));
#3095=DIRECTION('',(1.E0,0.E0,0.E0));
#3096=AXIS2_PLACEMENT_3D('',#3093,#3094,#3095);
#3098=DIRECTION('',(7.071067811865E-1,0.E0,-7.071067811865E-1));
#3099=VECTOR('',#3098,6.465784407170E-1);
#3100=CARTESIAN_POINT('',(-3.3662E0,1.98E0,0.E0));
#3101=LINE('',#3100,#3099);
#3102=CARTESIAN_POINT('',(-2.544E0,1.98E0,0.E0));
#3103=DIRECTION('',(0.E0,0.E0,1.E0));
#3104=DIRECTION('',(-1.E0,0.E0,0.E0));
#3105=AXIS2_PLACEMENT_3D('',#3102,#3103,#3104);
#3107=CARTESIAN_POINT('',(-2.544E0,1.98E0,-4.572E-1));
#3108=DIRECTION('',(0.E0,0.E0,1.E0));
#3109=DIRECTION('',(-1.E0,0.E0,0.E0));
#3110=AXIS2_PLACEMENT_3D('',#3107,#3108,#3109);
#3112=DIRECTION('',(0.E0,0.E0,-1.E0));
#3113=VECTOR('',#3112,5.428E-1);
#3114=CARTESIAN_POINT('',(-2.909E0,1.98E0,-4.572E-1));
#3115=LINE('',#3114,#3113);
#3116=DIRECTION('',(0.E0,0.E0,-1.E0));
#3117=VECTOR('',#3116,5.428E-1);
#3118=CARTESIAN_POINT('',(-2.179E0,1.98E0,-4.572E-1));
#3119=LINE('',#3118,#3117);
#3120=CARTESIAN_POINT('',(-2.544E0,1.98E0,-1.E0));
#3121=DIRECTION('',(0.E0,0.E0,1.E0));
#3122=DIRECTION('',(1.E0,0.E0,0.E0));
#3123=AXIS2_PLACEMENT_3D('',#3120,#3121,#3122);
#3125=CARTESIAN_POINT('',(-2.544E0,1.98E0,-1.E0));
#3126=DIRECTION('',(0.E0,0.E0,1.E0));
#3127=DIRECTION('',(-1.E0,0.E0,0.E0));
#3128=AXIS2_PLACEMENT_3D('',#3125,#3126,#3127);
#3130=CARTESIAN_POINT('',(-1.554E0,0.E0,-1.E0));
#3131=DIRECTION('',(0.E0,0.E0,1.E0));
#3132=DIRECTION('',(1.E0,0.E0,0.E0));
#3133=AXIS2_PLACEMENT_3D('',#3130,#3131,#3132);
#3135=CARTESIAN_POINT('',(-1.554E0,0.E0,-1.E0));
#3136=DIRECTION('',(0.E0,0.E0,1.E0));
#3137=DIRECTION('',(-1.E0,0.E0,0.E0));
#3138=AXIS2_PLACEMENT_3D('',#3135,#3136,#3137);
#3140=CARTESIAN_POINT('',(-2.544E0,-1.98E0,-1.E0));
#3141=DIRECTION('',(0.E0,0.E0,1.E0));
#3142=DIRECTION('',(1.E0,0.E0,0.E0));
#3143=AXIS2_PLACEMENT_3D('',#3140,#3141,#3142);
#3145=CARTESIAN_POINT('',(-2.544E0,-1.98E0,-1.E0));
#3146=DIRECTION('',(0.E0,0.E0,1.E0));
#3147=DIRECTION('',(-1.E0,0.E0,0.E0));
#3148=AXIS2_PLACEMENT_3D('',#3145,#3146,#3147);
#3150=DIRECTION('',(0.E0,0.E0,-1.E0));
#3151=VECTOR('',#3150,5.428E-1);
#3152=CARTESIAN_POINT('',(-1.189E0,0.E0,-4.572E-1));
#3153=LINE('',#3152,#3151);
#3154=CARTESIAN_POINT('',(-1.554E0,0.E0,0.E0));
#3155=DIRECTION('',(0.E0,0.E0,1.E0));
#3156=DIRECTION('',(1.E0,0.E0,0.E0));
#3157=AXIS2_PLACEMENT_3D('',#3154,#3155,#3156);
#3159=CARTESIAN_POINT('',(-1.554E0,0.E0,-4.572E-1));
#3160=DIRECTION('',(0.E0,0.E0,1.E0));
#3161=DIRECTION('',(1.E0,0.E0,0.E0));
#3162=AXIS2_PLACEMENT_3D('',#3159,#3160,#3161);
#3164=CARTESIAN_POINT('',(-1.554E0,0.E0,0.E0));
#3165=DIRECTION('',(0.E0,0.E0,1.E0));
#3166=DIRECTION('',(-1.E0,0.E0,0.E0));
#3167=AXIS2_PLACEMENT_3D('',#3164,#3165,#3166);
#3169=DIRECTION('',(7.071067811865E-1,0.E0,-7.071067811865E-1));
#3170=VECTOR('',#3169,6.465784407170E-1);
#3171=CARTESIAN_POINT('',(-2.3762E0,0.E0,0.E0));
#3172=LINE('',#3171,#3170);
#3173=CARTESIAN_POINT('',(-1.554E0,0.E0,-4.572E-1));
#3174=DIRECTION('',(0.E0,0.E0,1.E0));
#3175=DIRECTION('',(-1.E0,0.E0,0.E0));
#3176=AXIS2_PLACEMENT_3D('',#3173,#3174,#3175);
#3178=DIRECTION('',(-7.071067811865E-1,0.E0,-7.071067811865E-1));
#3179=VECTOR('',#3178,6.465784407170E-1);
#3180=CARTESIAN_POINT('',(-7.318E-1,0.E0,0.E0));
#3181=LINE('',#3180,#3179);
#3182=DIRECTION('',(0.E0,0.E0,-1.E0));
#3183=VECTOR('',#3182,5.428E-1);
#3184=CARTESIAN_POINT('',(-1.919E0,0.E0,-4.572E-1));
#3185=LINE('',#3184,#3183);
#3186=DIRECTION('',(0.E0,0.E0,-1.E0));
#3187=VECTOR('',#3186,5.428E-1);
#3188=CARTESIAN_POINT('',(-2.179E0,-1.98E0,-4.572E-1));
#3189=LINE('',#3188,#3187);
#3190=CARTESIAN_POINT('',(-2.544E0,-1.98E0,0.E0));
#3191=DIRECTION('',(0.E0,0.E0,1.E0));
#3192=DIRECTION('',(1.E0,0.E0,0.E0));
#3193=AXIS2_PLACEMENT_3D('',#3190,#3191,#3192);
#3195=DIRECTION('',(-7.071067811865E-1,0.E0,-7.071067811865E-1));
#3196=VECTOR('',#3195,6.465784407170E-1);
#3197=CARTESIAN_POINT('',(-1.7218E0,-1.98E0,0.E0));
#3198=LINE('',#3197,#3196);
#3199=CARTESIAN_POINT('',(-2.544E0,-1.98E0,-4.572E-1));
#3200=DIRECTION('',(0.E0,0.E0,1.E0));
#3201=DIRECTION('',(1.E0,0.E0,0.E0));
#3202=AXIS2_PLACEMENT_3D('',#3199,#3200,#3201);
#3204=DIRECTION('',(7.071067811865E-1,0.E0,-7.071067811865E-1));
#3205=VECTOR('',#3204,6.465784407170E-1);
#3206=CARTESIAN_POINT('',(-3.3662E0,-1.98E0,0.E0));
#3207=LINE('',#3206,#3205);
#3208=CARTESIAN_POINT('',(-2.544E0,-1.98E0,0.E0));
#3209=DIRECTION('',(0.E0,0.E0,1.E0));
#3210=DIRECTION('',(-1.E0,0.E0,0.E0));
#3211=AXIS2_PLACEMENT_3D('',#3208,#3209,#3210);
#3213=CARTESIAN_POINT('',(-2.544E0,-1.98E0,-4.572E-1));
#3214=DIRECTION('',(0.E0,0.E0,1.E0));
#3215=DIRECTION('',(-1.E0,0.E0,0.E0));
#3216=AXIS2_PLACEMENT_3D('',#3213,#3214,#3215);
#3218=DIRECTION('',(0.E0,0.E0,-1.E0));
#3219=VECTOR('',#3218,5.428E-1);
#3220=CARTESIAN_POINT('',(-2.909E0,-1.98E0,-4.572E-1));
#3221=LINE('',#3220,#3219);
#3222=CARTESIAN_POINT('',(-4.834E0,1.98E0,0.E0));
#3223=DIRECTION('',(0.E0,0.E0,1.E0));
#3224=DIRECTION('',(1.E0,0.E0,0.E0));
#3225=AXIS2_PLACEMENT_3D('',#3222,#3223,#3224);
#3227=DIRECTION('',(-7.071067811865E-1,0.E0,-7.071067811865E-1));
#3228=VECTOR('',#3227,6.465784407170E-1);
#3229=CARTESIAN_POINT('',(-4.0118E0,1.98E0,0.E0));
#3230=LINE('',#3229,#3228);
#3231=CARTESIAN_POINT('',(-4.834E0,1.98E0,-4.572E-1));
#3232=DIRECTION('',(0.E0,0.E0,1.E0));
#3233=DIRECTION('',(1.E0,0.E0,0.E0));
#3234=AXIS2_PLACEMENT_3D('',#3231,#3232,#3233);
#3236=DIRECTION('',(7.071067811865E-1,0.E0,-7.071067811865E-1));
#3237=VECTOR('',#3236,6.465784407170E-1);
#3238=CARTESIAN_POINT('',(-5.6562E0,1.98E0,0.E0));
#3239=LINE('',#3238,#3237);
#3240=CARTESIAN_POINT('',(-4.834E0,1.98E0,0.E0));
#3241=DIRECTION('',(0.E0,0.E0,1.E0));
#3242=DIRECTION('',(-1.E0,0.E0,0.E0));
#3243=AXIS2_PLACEMENT_3D('',#3240,#3241,#3242);
#3245=CARTESIAN_POINT('',(-4.834E0,1.98E0,-4.572E-1));
#3246=DIRECTION('',(0.E0,0.E0,1.E0));
#3247=DIRECTION('',(-1.E0,0.E0,0.E0));
#3248=AXIS2_PLACEMENT_3D('',#3245,#3246,#3247);
#3250=DIRECTION('',(0.E0,0.E0,-1.E0));
#3251=VECTOR('',#3250,5.428E-1);
#3252=CARTESIAN_POINT('',(-5.199E0,1.98E0,-4.572E-1));
#3253=LINE('',#3252,#3251);
#3254=DIRECTION('',(0.E0,0.E0,-1.E0));
#3255=VECTOR('',#3254,5.428E-1);
#3256=CARTESIAN_POINT('',(-4.469E0,1.98E0,-4.572E-1));
#3257=LINE('',#3256,#3255);
#3258=CARTESIAN_POINT('',(-4.834E0,1.98E0,-1.E0));
#3259=DIRECTION('',(0.E0,0.E0,1.E0));
#3260=DIRECTION('',(1.E0,0.E0,0.E0));
#3261=AXIS2_PLACEMENT_3D('',#3258,#3259,#3260);
#3263=CARTESIAN_POINT('',(-4.834E0,1.98E0,-1.E0));
#3264=DIRECTION('',(0.E0,0.E0,1.E0));
#3265=DIRECTION('',(-1.E0,0.E0,0.E0));
#3266=AXIS2_PLACEMENT_3D('',#3263,#3264,#3265);
#3268=CARTESIAN_POINT('',(-3.844E0,0.E0,-1.E0));
#3269=DIRECTION('',(0.E0,0.E0,1.E0));
#3270=DIRECTION('',(1.E0,0.E0,0.E0));
#3271=AXIS2_PLACEMENT_3D('',#3268,#3269,#3270);
#3273=CARTESIAN_POINT('',(-3.844E0,0.E0,-1.E0));
#3274=DIRECTION('',(0.E0,0.E0,1.E0));
#3275=DIRECTION('',(-1.E0,0.E0,0.E0));
#3276=AXIS2_PLACEMENT_3D('',#3273,#3274,#3275);
#3278=CARTESIAN_POINT('',(-4.834E0,-1.98E0,-1.E0));
#3279=DIRECTION('',(0.E0,0.E0,1.E0));
#3280=DIRECTION('',(1.E0,0.E0,0.E0));
#3281=AXIS2_PLACEMENT_3D('',#3278,#3279,#3280);
#3283=CARTESIAN_POINT('',(-4.834E0,-1.98E0,-1.E0));
#3284=DIRECTION('',(0.E0,0.E0,1.E0));
#3285=DIRECTION('',(-1.E0,0.E0,0.E0));
#3286=AXIS2_PLACEMENT_3D('',#3283,#3284,#3285);
#3288=DIRECTION('',(0.E0,0.E0,-1.E0));
#3289=VECTOR('',#3288,5.428E-1);
#3290=CARTESIAN_POINT('',(-3.479E0,0.E0,-4.572E-1));
#3291=LINE('',#3290,#3289);
#3292=CARTESIAN_POINT('',(-3.844E0,0.E0,0.E0));
#3293=DIRECTION('',(0.E0,0.E0,1.E0));
#3294=DIRECTION('',(1.E0,0.E0,0.E0));
#3295=AXIS2_PLACEMENT_3D('',#3292,#3293,#3294);
#3297=CARTESIAN_POINT('',(-3.844E0,0.E0,-4.572E-1));
#3298=DIRECTION('',(0.E0,0.E0,1.E0));
#3299=DIRECTION('',(1.E0,0.E0,0.E0));
#3300=AXIS2_PLACEMENT_3D('',#3297,#3298,#3299);
#3302=CARTESIAN_POINT('',(-3.844E0,0.E0,0.E0));
#3303=DIRECTION('',(0.E0,0.E0,1.E0));
#3304=DIRECTION('',(-1.E0,0.E0,0.E0));
#3305=AXIS2_PLACEMENT_3D('',#3302,#3303,#3304);
#3307=DIRECTION('',(7.071067811865E-1,0.E0,-7.071067811865E-1));
#3308=VECTOR('',#3307,6.465784407170E-1);
#3309=CARTESIAN_POINT('',(-4.6662E0,0.E0,0.E0));
#3310=LINE('',#3309,#3308);
#3311=CARTESIAN_POINT('',(-3.844E0,0.E0,-4.572E-1));
#3312=DIRECTION('',(0.E0,0.E0,1.E0));
#3313=DIRECTION('',(-1.E0,0.E0,0.E0));
#3314=AXIS2_PLACEMENT_3D('',#3311,#3312,#3313);
#3316=DIRECTION('',(-7.071067811865E-1,0.E0,-7.071067811865E-1));
#3317=VECTOR('',#3316,6.465784407170E-1);
#3318=CARTESIAN_POINT('',(-3.0218E0,0.E0,0.E0));
#3319=LINE('',#3318,#3317);
#3320=DIRECTION('',(0.E0,0.E0,-1.E0));
#3321=VECTOR('',#3320,5.428E-1);
#3322=CARTESIAN_POINT('',(-4.209E0,0.E0,-4.572E-1));
#3323=LINE('',#3322,#3321);
#3324=DIRECTION('',(0.E0,0.E0,-1.E0));
#3325=VECTOR('',#3324,5.428E-1);
#3326=CARTESIAN_POINT('',(-4.469E0,-1.98E0,-4.572E-1));
#3327=LINE('',#3326,#3325);
#3328=CARTESIAN_POINT('',(-4.834E0,-1.98E0,0.E0));
#3329=DIRECTION('',(0.E0,0.E0,1.E0));
#3330=DIRECTION('',(1.E0,0.E0,0.E0));
#3331=AXIS2_PLACEMENT_3D('',#3328,#3329,#3330);
#3333=DIRECTION('',(-7.071067811865E-1,0.E0,-7.071067811865E-1));
#3334=VECTOR('',#3333,6.465784407170E-1);
#3335=CARTESIAN_POINT('',(-4.0118E0,-1.98E0,0.E0));
#3336=LINE('',#3335,#3334);
#3337=CARTESIAN_POINT('',(-4.834E0,-1.98E0,-4.572E-1));
#3338=DIRECTION('',(0.E0,0.E0,1.E0));
#3339=DIRECTION('',(1.E0,0.E0,0.E0));
#3340=AXIS2_PLACEMENT_3D('',#3337,#3338,#3339);
#3342=DIRECTION('',(7.071067811865E-1,0.E0,-7.071067811865E-1));
#3343=VECTOR('',#3342,6.465784407170E-1);
#3344=CARTESIAN_POINT('',(-5.6562E0,-1.98E0,0.E0));
#3345=LINE('',#3344,#3343);
#3346=CARTESIAN_POINT('',(-4.834E0,-1.98E0,0.E0));
#3347=DIRECTION('',(0.E0,0.E0,1.E0));
#3348=DIRECTION('',(-1.E0,0.E0,0.E0));
#3349=AXIS2_PLACEMENT_3D('',#3346,#3347,#3348);
#3351=CARTESIAN_POINT('',(-4.834E0,-1.98E0,-4.572E-1));
#3352=DIRECTION('',(0.E0,0.E0,1.E0));
#3353=DIRECTION('',(-1.E0,0.E0,0.E0));
#3354=AXIS2_PLACEMENT_3D('',#3351,#3352,#3353);
#3356=DIRECTION('',(0.E0,0.E0,-1.E0));
#3357=VECTOR('',#3356,5.428E-1);
#3358=CARTESIAN_POINT('',(-5.199E0,-1.98E0,-4.572E-1));
#3359=LINE('',#3358,#3357);
#3360=DIRECTION('',(0.E0,0.E0,-1.E0));
#3361=VECTOR('',#3360,1.143E-1);
#3362=CARTESIAN_POINT('',(6.238125E0,2.4384E0,0.E0));
#3363=LINE('',#3362,#3361);
#3364=DIRECTION('',(0.E0,0.E0,-1.E0));
#3365=VECTOR('',#3364,1.143E-1);
#3366=CARTESIAN_POINT('',(6.1190625E0,2.4384E0,0.E0));
#3367=LINE('',#3366,#3365);
#3368=DIRECTION('',(0.E0,0.E0,-1.E0));
#3369=VECTOR('',#3368,1.143E-1);
#3370=CARTESIAN_POINT('',(6.1190625E0,2.965314906502E0,0.E0));
#3371=LINE('',#3370,#3369);
#3372=DIRECTION('',(0.E0,0.E0,-1.E0));
#3373=VECTOR('',#3372,1.143E-1);
#3374=CARTESIAN_POINT('',(6.E0,2.870740411842E0,0.E0));
#3375=LINE('',#3374,#3373);
#3376=DIRECTION('',(0.E0,0.E0,-1.E0));
#3377=VECTOR('',#3376,1.143E-1);
#3378=CARTESIAN_POINT('',(6.E0,2.978825543189E0,0.E0));
#3379=LINE('',#3378,#3377);
#3380=DIRECTION('',(0.E0,0.E0,-1.E0));
#3381=VECTOR('',#3380,1.143E-1);
#3382=CARTESIAN_POINT('',(6.1190625E0,3.0734E0,0.E0));
#3383=LINE('',#3382,#3381);
#3384=DIRECTION('',(0.E0,0.E0,-1.E0));
#3385=VECTOR('',#3384,1.143E-1);
#3386=CARTESIAN_POINT('',(6.238125E0,3.0734E0,0.E0));
#3387=LINE('',#3386,#3385);
#3388=DIRECTION('',(0.E0,1.E0,0.E0));
#3389=VECTOR('',#3388,6.35E-1);
#3390=CARTESIAN_POINT('',(6.238125E0,2.4384E0,-1.143E-1));
#3391=LINE('',#3390,#3389);
#3392=DIRECTION('',(1.E0,0.E0,0.E0));
#3393=VECTOR('',#3392,1.190625E-1);
#3394=CARTESIAN_POINT('',(6.1190625E0,2.4384E0,-1.143E-1));
#3395=LINE('',#3394,#3393);
#3396=DIRECTION('',(0.E0,-1.E0,0.E0));
#3397=VECTOR('',#3396,5.269149065018E-1);
#3398=CARTESIAN_POINT('',(6.1190625E0,2.965314906502E0,-1.143E-1));
#3399=LINE('',#3398,#3397);
#3400=DIRECTION('',(7.830312110580E-1,6.219824133438E-1,0.E0));
#3401=VECTOR('',#3400,1.520533259959E-1);
#3402=CARTESIAN_POINT('',(6.E0,2.870740411842E0,-1.143E-1));
#3403=LINE('',#3402,#3401);
#3404=DIRECTION('',(0.E0,-1.E0,0.E0));
#3405=VECTOR('',#3404,1.080851313472E-1);
#3406=CARTESIAN_POINT('',(6.E0,2.978825543189E0,-1.143E-1));
#3407=LINE('',#3406,#3405);
#3408=DIRECTION('',(-7.830313322894E-1,-6.219822607221E-1,0.E0));
#3409=VECTOR('',#3408,1.520533024546E-1);
#3410=CARTESIAN_POINT('',(6.1190625E0,3.0734E0,-1.143E-1));
#3411=LINE('',#3410,#3409);
#3412=DIRECTION('',(-1.E0,0.E0,0.E0));
#3413=VECTOR('',#3412,1.190625E-1);
#3414=CARTESIAN_POINT('',(6.238125E0,3.0734E0,-1.143E-1));
#3415=LINE('',#3414,#3413);
#3416=DIRECTION('',(-5.697039473247E-1,8.218499938569E-1,0.E0));
#3417=VECTOR('',#3416,4.931789300335E-2);
#3418=CARTESIAN_POINT('',(6.818428105336E0,6.107446816564E-1,-1.143E-1));
#3419=LINE('',#3418,#3417);
#3420=DIRECTION('',(-2.671975601097E-1,9.636417715476E-1,0.E0));
#3421=VECTOR('',#3420,7.010196675877E-2);
#3422=CARTESIAN_POINT('',(6.837159179813E0,5.431914982200E-1,-1.143E-1));
#3423=LINE('',#3422,#3421);
#3424=DIRECTION('',(0.E0,1.E0,0.E0));
#3425=VECTOR('',#3424,6.755320236087E-2);
#3426=CARTESIAN_POINT('',(6.837159179813E0,4.756382958591E-1,-1.143E-1));
#3427=LINE('',#3426,#3425);
#3428=DIRECTION('',(2.671975253551E-1,9.636417811843E-1,0.E0));
#3429=VECTOR('',#3428,7.010197587698E-2);
#3430=CARTESIAN_POINT('',(6.818428105336E0,4.080851029605E-1,-1.143E-1));
#3431=LINE('',#3430,#3429);
#3432=DIRECTION('',(4.612812896012E-1,8.872539500413E-1,0.E0));
#3433=VECTOR('',#3432,6.090990237656E-2);
#3434=CARTESIAN_POINT('',(6.790331507018E0,3.540425514802E-1,-1.143E-1));
#3435=LINE('',#3434,#3433);
#3436=DIRECTION('',(7.561048482764E-1,6.544505011175E-1,0.E0));
#3437=VECTOR('',#3436,6.193274134708E-2);
#3438=CARTESIAN_POINT('',(6.743503861019E0,3.135106378701E-1,-1.143E-1));
#3439=LINE('',#3438,#3437);
#3440=DIRECTION('',(9.608090811553E-1,2.772109477808E-1,0.E0));
#3441=VECTOR('',#3440,4.873774999948E-2);
#3442=CARTESIAN_POINT('',(6.696676188224E0,3.E-1,-1.143E-1));
#3443=LINE('',#3442,#3441);
#3444=DIRECTION('',(1.E0,0.E0,0.E0));
#3445=VECTOR('',#3444,4.682765939707E-2);
#3446=CARTESIAN_POINT('',(6.649848528827E0,3.E-1,-1.143E-1));
#3447=LINE('',#3446,#3445);
#3448=DIRECTION('',(9.608090705932E-1,-2.772109843888E-1,0.E0));
#3449=VECTOR('',#3448,4.873774356326E-2);
#3450=CARTESIAN_POINT('',(6.603020862731E0,3.135106378701E-1,-1.143E-1));
#3451=LINE('',#3450,#3449);
#3452=DIRECTION('',(7.561049872551E-1,-6.544503405515E-1,0.E0));
#3453=VECTOR('',#3452,6.193275654195E-2);
#3454=CARTESIAN_POINT('',(6.556193196635E0,3.540425514802E-1,-1.143E-1));
#3455=LINE('',#3454,#3453);
#3456=DIRECTION('',(4.612812896012E-1,-8.872539500413E-1,0.E0));
#3457=VECTOR('',#3456,6.090990237656E-2);
#3458=CARTESIAN_POINT('',(6.528096598318E0,4.080851029605E-1,-1.143E-1));
#3459=LINE('',#3458,#3457);
#3460=DIRECTION('',(2.671974033445E-1,-9.636418150153E-1,0.E0));
#3461=VECTOR('',#3460,7.010197341588E-2);
#3462=CARTESIAN_POINT('',(6.509365533052E0,4.756382958591E-1,-1.143E-1));
#3463=LINE('',#3462,#3461);
#3464=DIRECTION('',(9.854610473451E-2,-9.951324862759E-1,0.E0));
#3465=VECTOR('',#3464,9.503706997784E-2);
#3466=CARTESIAN_POINT('',(6.5E0,5.702127715945E-1,-1.143E-1));
#3467=LINE('',#3466,#3465);
#3468=DIRECTION('',(0.E0,-1.E0,0.E0));
#3469=VECTOR('',#3468,9.457445681095E-2);
#3470=CARTESIAN_POINT('',(6.5E0,6.647872284055E-1,-1.143E-1));
#3471=LINE('',#3470,#3469);
#3472=DIRECTION('',(-9.854612426221E-2,-9.951324843421E-1,0.E0));
#3473=VECTOR('',#3472,9.503705114548E-2);
#3474=CARTESIAN_POINT('',(6.509365533052E0,7.593616852164E-1,-1.143E-1));
#3475=LINE('',#3474,#3473);
#3476=DIRECTION('',(-2.671972990809E-1,-9.636418439254E-1,0.E0));
#3477=VECTOR('',#3476,7.010200077050E-2);
#3478=CARTESIAN_POINT('',(6.528096598318E0,8.269149065018E-1,-1.143E-1));
#3479=LINE('',#3478,#3477);
#3480=DIRECTION('',(-4.612813213912E-1,-8.872539335137E-1,0.E0));
#3481=VECTOR('',#3480,6.090989817886E-2);
#3482=CARTESIAN_POINT('',(6.556193196635E0,8.809574532509E-1,-1.143E-1));
#3483=LINE('',#3482,#3481);
#3484=DIRECTION('',(-7.561050156058E-1,-6.544503077972E-1,0.E0));
#3485=VECTOR('',#3484,6.193275421974E-2);
#3486=CARTESIAN_POINT('',(6.603020862731E0,9.214893633127E-1,-1.143E-1));
#3487=LINE('',#3486,#3485);
#3488=DIRECTION('',(-9.608090770570E-1,-2.772109619854E-1,0.E0));
#3489=VECTOR('',#3488,4.873774323538E-2);
#3490=CARTESIAN_POINT('',(6.649848528827E0,9.35E-1,-1.143E-1));
#3491=LINE('',#3490,#3489);
#3492=DIRECTION('',(-1.E0,0.E0,0.E0));
#3493=VECTOR('',#3492,3.746212215866E-2);
#3494=CARTESIAN_POINT('',(6.687310650986E0,9.35E-1,-1.143E-1));
#3495=LINE('',#3494,#3493);
#3496=DIRECTION('',(-9.608090664949E-1,2.772109985934E-1,0.E0));
#3497=VECTOR('',#3496,4.873773679916E-2);
#3498=CARTESIAN_POINT('',(6.734138310383E0,9.214893633127E-1,-1.143E-1));
#3499=LINE('',#3498,#3497);
#3500=DIRECTION('',(-7.561050619320E-1,6.544502542752E-1,0.E0));
#3501=VECTOR('',#3500,6.193275928470E-2);
#3502=CARTESIAN_POINT('',(6.780965983177E0,8.809574532509E-1,-1.143E-1));
#3503=LINE('',#3502,#3501);
#3504=DIRECTION('',(-4.612813213912E-1,8.872539335138E-1,0.E0));
#3505=VECTOR('',#3504,6.090989817886E-2);
#3506=CARTESIAN_POINT('',(6.809062581495E0,8.269149065018E-1,-1.143E-1));
#3507=LINE('',#3506,#3505);
#3508=DIRECTION('',(-2.251335151051E-1,9.743279224042E-1,0.E0));
#3509=VECTOR('',#3508,4.159986502473E-2);
#3510=CARTESIAN_POINT('',(6.818428105336E0,7.863829964399E-1,-1.143E-1));
#3511=LINE('',#3510,#3509);
#3512=DIRECTION('',(1.E0,0.E0,0.E0));
#3513=VECTOR('',#3512,4.682764599957E-2);
#3514=CARTESIAN_POINT('',(6.771600459337E0,7.863829964399E-1,-1.143E-1));
#3515=LINE('',#3514,#3513);
#3516=DIRECTION('',(4.195019625485E-1,-9.077544290269E-1,0.E0));
#3517=VECTOR('',#3516,4.465074337923E-2);
#3518=CARTESIAN_POINT('',(6.752869384860E0,8.269149065018E-1,-1.143E-1));
#3519=LINE('',#3518,#3517);
#3520=DIRECTION('',(7.207649605180E-1,-6.931795378467E-1,0.E0));
#3521=VECTOR('',#3520,3.898163736699E-2);
#3522=CARTESIAN_POINT('',(6.724772786542E0,8.539361798763E-1,-1.143E-1));
#3523=LINE('',#3522,#3521);
#3524=DIRECTION('',(9.012191441808E-1,-4.333636511776E-1,0.E0));
#3525=VECTOR('',#3524,3.117621113484E-2);
#3526=CARTESIAN_POINT('',(6.696676188224E0,8.674468165636E-1,-1.143E-1));
#3527=LINE('',#3526,#3525);
#3528=DIRECTION('',(1.E0,0.E0,0.E0));
#3529=VECTOR('',#3528,5.619319663549E-2);
#3530=CARTESIAN_POINT('',(6.640482991589E0,8.674468165636E-1,-1.143E-1));
#3531=LINE('',#3530,#3529);
#3532=DIRECTION('',(9.012191441808E-1,4.333636511776E-1,0.E0));
#3533=VECTOR('',#3532,3.117621113484E-2);
#3534=CARTESIAN_POINT('',(6.612386393271E0,8.539361798763E-1,-1.143E-1));
#3535=LINE('',#3534,#3533);
#3536=DIRECTION('',(7.207649605180E-1,6.931795378467E-1,0.E0));
#3537=VECTOR('',#3536,3.898163736699E-2);
#3538=CARTESIAN_POINT('',(6.584289794953E0,8.269149065018E-1,-1.143E-1));
#3539=LINE('',#3538,#3537);
#3540=DIRECTION('',(4.195018389247E-1,9.077544861574E-1,0.E0));
#3541=VECTOR('',#3540,4.465074056909E-2);
#3542=CARTESIAN_POINT('',(6.565558727175E0,7.863829964399E-1,-1.143E-1));
#3543=LINE('',#3542,#3541);
#3544=DIRECTION('',(2.251334683961E-1,9.743279331970E-1,0.E0));
#3545=VECTOR('',#3544,4.159990341013E-2);
#3546=CARTESIAN_POINT('',(6.556193196635E0,7.458510485291E-1,-1.143E-1));
#3547=LINE('',#3546,#3545);
#3548=DIRECTION('',(1.147694237175E-1,9.933921579012E-1,0.E0));
#3549=VECTOR('',#3548,8.160304012762E-2);
#3550=CARTESIAN_POINT('',(6.546827662746E0,6.647872284055E-1,-1.143E-1));
#3551=LINE('',#3550,#3549);
#3552=DIRECTION('',(0.E0,1.E0,0.E0));
#3553=VECTOR('',#3552,2.702127337456E-2);
#3554=CARTESIAN_POINT('',(6.546827662746E0,6.377659550309E-1,-1.143E-1));
#3555=LINE('',#3554,#3553);
#3556=DIRECTION('',(-7.207649811607E-1,-6.931795163826E-1,0.E0));
#3557=VECTOR('',#3556,7.796327714809E-2);
#3558=CARTESIAN_POINT('',(6.603020862731E0,6.918085017800E-1,-1.143E-1));
#3559=LINE('',#3558,#3557);
#3560=DIRECTION('',(-9.608090770570E-1,-2.772109619854E-1,0.E0));
#3561=VECTOR('',#3560,4.873774323538E-2);
#3562=CARTESIAN_POINT('',(6.649848528827E0,7.053191384673E-1,-1.143E-1));
#3563=LINE('',#3562,#3561);
#3564=DIRECTION('',(-1.E0,0.E0,0.E0));
#3565=VECTOR('',#3564,4.682765939707E-2);
#3566=CARTESIAN_POINT('',(6.696676188224E0,7.053191384673E-1,-1.143E-1));
#3567=LINE('',#3566,#3565);
#3568=DIRECTION('',(-9.608090876191E-1,2.772109253774E-1,0.E0));
#3569=VECTOR('',#3568,4.873774967160E-2);
#3570=CARTESIAN_POINT('',(6.743503861019E0,6.918085017800E-1,-1.143E-1));
#3571=LINE('',#3570,#3569);
#3572=DIRECTION('',(-7.561048766271E-1,6.544504683632E-1,0.E0));
#3573=VECTOR('',#3572,6.193273902486E-2);
#3574=CARTESIAN_POINT('',(6.790331507018E0,6.512765917182E-1,-1.143E-1));
#3575=LINE('',#3574,#3573);
#3576=DIRECTION('',(2.251334153174E-1,-9.743279454617E-1,0.E0));
#3577=VECTOR('',#3576,4.159988346337E-2);
#3578=CARTESIAN_POINT('',(6.780965983177E0,5.702127715945E-1,-1.143E-1));
#3579=LINE('',#3578,#3577);
#3580=DIRECTION('',(5.697041308113E-1,-8.218498666645E-1,0.E0));
#3581=VECTOR('',#3580,3.287860042397E-2);
#3582=CARTESIAN_POINT('',(6.762234908701E0,5.972340449691E-1,-1.143E-1));
#3583=LINE('',#3582,#3581);
#3584=DIRECTION('',(7.207649605180E-1,-6.931795378467E-1,0.E0));
#3585=VECTOR('',#3584,3.898163736699E-2);
#3586=CARTESIAN_POINT('',(6.734138310383E0,6.242553183436E-1,-1.143E-1));
#3587=LINE('',#3586,#3585);
#3588=DIRECTION('',(9.012190634749E-1,-4.333638190130E-1,0.E0));
#3589=VECTOR('',#3588,3.117619906076E-2);
#3590=CARTESIAN_POINT('',(6.706041725463E0,6.377659550309E-1,-1.143E-1));
#3591=LINE('',#3590,#3589);
#3592=DIRECTION('',(1.E0,0.E0,0.E0));
#3593=VECTOR('',#3592,6.555873387391E-2);
#3594=CARTESIAN_POINT('',(6.640482991589E0,6.377659550309E-1,-1.143E-1));
#3595=LINE('',#3594,#3593);
#3596=DIRECTION('',(9.012191441808E-1,4.333636511776E-1,0.E0));
#3597=VECTOR('',#3596,3.117621113484E-2);
#3598=CARTESIAN_POINT('',(6.612386393271E0,6.242553183436E-1,-1.143E-1));
#3599=LINE('',#3598,#3597);
#3600=DIRECTION('',(7.207649605180E-1,6.931795378467E-1,0.E0));
#3601=VECTOR('',#3600,3.898163736699E-2);
#3602=CARTESIAN_POINT('',(6.584289794953E0,5.972340449691E-1,-1.143E-1));
#3603=LINE('',#3602,#3601);
#3604=DIRECTION('',(5.697039931964E-1,8.218499620588E-1,0.E0));
#3605=VECTOR('',#3604,3.287859660767E-2);
#3606=CARTESIAN_POINT('',(6.565558727175E0,5.702127715945E-1,-1.143E-1));
#3607=LINE('',#3606,#3605);
#3608=DIRECTION('',(2.251335681838E-1,9.743279101395E-1,0.E0));
#3609=VECTOR('',#3608,4.159988497148E-2);
#3610=CARTESIAN_POINT('',(6.556193196635E0,5.296808426082E-1,-1.143E-1));
#3611=LINE('',#3610,#3609);
#3612=DIRECTION('',(0.E0,1.E0,0.E0));
#3613=VECTOR('',#3612,4.053191006184E-2);
#3614=CARTESIAN_POINT('',(6.556193196635E0,4.891489325464E-1,-1.143E-1));
#3615=LINE('',#3614,#3613);
#3616=DIRECTION('',(-2.251336679715E-1,9.743278870820E-1,0.E0));
#3617=VECTOR('',#3616,4.159986653284E-2);
#3618=CARTESIAN_POINT('',(6.565558727175E0,4.486170224845E-1,-1.143E-1));
#3619=LINE('',#3618,#3617);
#3620=DIRECTION('',(-4.195017582258E-1,9.077545234508E-1,0.E0));
#3621=VECTOR('',#3620,4.465074915847E-2);
#3622=CARTESIAN_POINT('',(6.584289794953E0,4.080851029605E-1,-1.143E-1));
#3623=LINE('',#3622,#3621);
#3624=DIRECTION('',(-7.207649605180E-1,6.931795378467E-1,0.E0));
#3625=VECTOR('',#3624,3.898163736699E-2);
#3626=CARTESIAN_POINT('',(6.612386393271E0,3.810638295859E-1,-1.143E-1));
#3627=LINE('',#3626,#3625);
#3628=DIRECTION('',(-9.012191441808E-1,4.333636511776E-1,0.E0));
#3629=VECTOR('',#3628,3.117621113484E-2);
#3630=CARTESIAN_POINT('',(6.640482991589E0,3.675531928986E-1,-1.143E-1));
#3631=LINE('',#3630,#3629);
#3632=DIRECTION('',(-1.E0,0.E0,0.E0));
#3633=VECTOR('',#3632,6.555873387391E-2);
#3634=CARTESIAN_POINT('',(6.706041725463E0,3.675531928986E-1,-1.143E-1));
#3635=LINE('',#3634,#3633);
#3636=DIRECTION('',(-9.012190634749E-1,-4.333638190130E-1,0.E0));
#3637=VECTOR('',#3636,3.117619906076E-2);
#3638=CARTESIAN_POINT('',(6.734138310383E0,3.810638295859E-1,-1.143E-1));
#3639=LINE('',#3638,#3637);
#3640=DIRECTION('',(-7.207649605180E-1,-6.931795378467E-1,0.E0));
#3641=VECTOR('',#3640,3.898163736699E-2);
#3642=CARTESIAN_POINT('',(6.762234908701E0,4.080851029605E-1,-1.143E-1));
#3643=LINE('',#3642,#3641);
#3644=DIRECTION('',(-4.195018818496E-1,-9.077544663204E-1,0.E0));
#3645=VECTOR('',#3644,4.465075196861E-2);
#3646=CARTESIAN_POINT('',(6.780965983177E0,4.486170224845E-1,-1.143E-1));
#3647=LINE('',#3646,#3645);
#3648=DIRECTION('',(-2.251335151051E-1,-9.743279224042E-1,0.E0));
#3649=VECTOR('',#3648,4.159986502473E-2);
#3650=CARTESIAN_POINT('',(6.790331507018E0,4.891489325464E-1,-1.143E-1));
#3651=LINE('',#3650,#3649);
#3652=DIRECTION('',(0.E0,-1.E0,0.E0));
#3653=VECTOR('',#3652,4.053191006184E-2);
#3654=CARTESIAN_POINT('',(6.790331507018E0,5.296808426082E-1,-1.143E-1));
#3655=LINE('',#3654,#3653);
#3656=DIRECTION('',(0.E0,1.E0,0.E0));
#3657=VECTOR('',#3656,6.35E-1);
#3658=CARTESIAN_POINT('',(6.117683000807E0,-2.E0,-1.143E-1));
#3659=LINE('',#3658,#3657);
#3660=DIRECTION('',(1.E0,0.E0,0.E0));
#3661=VECTOR('',#3660,5.884150040326E-2);
#3662=CARTESIAN_POINT('',(6.058841500403E0,-2.E0,-1.143E-1));
#3663=LINE('',#3662,#3661);
#3664=DIRECTION('',(0.E0,-1.E0,0.E0));
#3665=VECTOR('',#3664,5.269149065018E-1);
#3666=CARTESIAN_POINT('',(6.058841500403E0,-1.473085093498E0,-1.143E-1));
#3667=LINE('',#3666,#3665);
#3668=DIRECTION('',(5.282704848560E-1,8.490761419508E-1,0.E0));
#3669=VECTOR('',#3668,1.113851750005E-1);
#3670=CARTESIAN_POINT('',(6.E0,-1.567659588158E0,-1.143E-1));
#3671=LINE('',#3670,#3669);
#3672=DIRECTION('',(0.E0,-1.E0,0.E0));
#3673=VECTOR('',#3672,1.080851313472E-1);
#3674=CARTESIAN_POINT('',(6.E0,-1.459574456811E0,-1.143E-1));
#3675=LINE('',#3674,#3673);
#3676=DIRECTION('',(-5.282706372716E-1,-8.490760471222E-1,0.E0));
#3677=VECTOR('',#3676,1.113851428638E-1);
#3678=CARTESIAN_POINT('',(6.058841500403E0,-1.365E0,-1.143E-1));
#3679=LINE('',#3678,#3677);
#3680=DIRECTION('',(-1.E0,0.E0,0.E0));
#3681=VECTOR('',#3680,5.884150040326E-2);
#3682=CARTESIAN_POINT('',(6.117683000807E0,-1.365E0,-1.143E-1));
#3683=LINE('',#3682,#3681);
#3684=DIRECTION('',(0.E0,1.E0,0.E0));
#3685=VECTOR('',#3684,6.35E-1);
#3686=CARTESIAN_POINT('',(6.313821344837E0,-2.E0,-1.143E-1));
#3687=LINE('',#3686,#3685);
#3688=DIRECTION('',(1.E0,0.E0,0.E0));
#3689=VECTOR('',#3688,5.884150040326E-2);
#3690=CARTESIAN_POINT('',(6.254979844433E0,-2.E0,-1.143E-1));
#3691=LINE('',#3690,#3689);
#3692=DIRECTION('',(0.E0,-1.E0,0.E0));
#3693=VECTOR('',#3692,5.269149065018E-1);
#3694=CARTESIAN_POINT('',(6.254979844433E0,-1.473085093498E0,-1.143E-1));
#3695=LINE('',#3694,#3693);
#3696=DIRECTION('',(5.282705756568E-1,8.490760854572E-1,0.E0));
#3697=VECTOR('',#3696,1.113851824115E-1);
#3698=CARTESIAN_POINT('',(6.196138330001E0,-1.567659588158E0,-1.143E-1));
#3699=LINE('',#3698,#3697);
#3700=DIRECTION('',(0.E0,-1.E0,0.E0));
#3701=VECTOR('',#3700,1.080851313472E-1);
#3702=CARTESIAN_POINT('',(6.196138330001E0,-1.459574456811E0,-1.143E-1));
#3703=LINE('',#3702,#3701);
#3704=DIRECTION('',(-5.282707280724E-1,-8.490759906285E-1,0.E0));
#3705=VECTOR('',#3704,1.113851502749E-1);
#3706=CARTESIAN_POINT('',(6.254979844433E0,-1.365E0,-1.143E-1));
#3707=LINE('',#3706,#3705);
#3708=DIRECTION('',(-1.E0,0.E0,0.E0));
#3709=VECTOR('',#3708,5.884150040326E-2);
#3710=CARTESIAN_POINT('',(6.313821344837E0,-1.365E0,-1.143E-1));
#3711=LINE('',#3710,#3709);
#3712=DIRECTION('',(0.E0,0.E0,-1.E0));
#3713=VECTOR('',#3712,1.143E-1);
#3714=CARTESIAN_POINT('',(6.818428105336E0,6.107446816564E-1,0.E0));
#3715=LINE('',#3714,#3713);
#3716=DIRECTION('',(0.E0,0.E0,-1.E0));
#3717=VECTOR('',#3716,1.143E-1);
#3718=CARTESIAN_POINT('',(6.837159179813E0,5.431914982200E-1,0.E0));
#3719=LINE('',#3718,#3717);
#3720=DIRECTION('',(0.E0,0.E0,-1.E0));
#3721=VECTOR('',#3720,1.143E-1);
#3722=CARTESIAN_POINT('',(6.837159179813E0,4.756382958591E-1,0.E0));
#3723=LINE('',#3722,#3721);
#3724=DIRECTION('',(0.E0,0.E0,-1.E0));
#3725=VECTOR('',#3724,1.143E-1);
#3726=CARTESIAN_POINT('',(6.818428105336E0,4.080851029605E-1,0.E0));
#3727=LINE('',#3726,#3725);
#3728=DIRECTION('',(0.E0,0.E0,-1.E0));
#3729=VECTOR('',#3728,1.143E-1);
#3730=CARTESIAN_POINT('',(6.790331507018E0,3.540425514802E-1,0.E0));
#3731=LINE('',#3730,#3729);
#3732=DIRECTION('',(0.E0,0.E0,-1.E0));
#3733=VECTOR('',#3732,1.143E-1);
#3734=CARTESIAN_POINT('',(6.743503861019E0,3.135106378701E-1,0.E0));
#3735=LINE('',#3734,#3733);
#3736=DIRECTION('',(0.E0,0.E0,-1.E0));
#3737=VECTOR('',#3736,1.143E-1);
#3738=CARTESIAN_POINT('',(6.696676188224E0,3.E-1,0.E0));
#3739=LINE('',#3738,#3737);
#3740=DIRECTION('',(0.E0,0.E0,-1.E0));
#3741=VECTOR('',#3740,1.143E-1);
#3742=CARTESIAN_POINT('',(6.649848528827E0,3.E-1,0.E0));
#3743=LINE('',#3742,#3741);
#3744=DIRECTION('',(0.E0,0.E0,-1.E0));
#3745=VECTOR('',#3744,1.143E-1);
#3746=CARTESIAN_POINT('',(6.603020862731E0,3.135106378701E-1,0.E0));
#3747=LINE('',#3746,#3745);
#3748=DIRECTION('',(0.E0,0.E0,-1.E0));
#3749=VECTOR('',#3748,1.143E-1);
#3750=CARTESIAN_POINT('',(6.556193196635E0,3.540425514802E-1,0.E0));
#3751=LINE('',#3750,#3749);
#3752=DIRECTION('',(0.E0,0.E0,-1.E0));
#3753=VECTOR('',#3752,1.143E-1);
#3754=CARTESIAN_POINT('',(6.528096598318E0,4.080851029605E-1,0.E0));
#3755=LINE('',#3754,#3753);
#3756=DIRECTION('',(0.E0,0.E0,-1.E0));
#3757=VECTOR('',#3756,1.143E-1);
#3758=CARTESIAN_POINT('',(6.509365533052E0,4.756382958591E-1,0.E0));
#3759=LINE('',#3758,#3757);
#3760=DIRECTION('',(0.E0,0.E0,-1.E0));
#3761=VECTOR('',#3760,1.143E-1);
#3762=CARTESIAN_POINT('',(6.5E0,5.702127715945E-1,0.E0));
#3763=LINE('',#3762,#3761);
#3764=DIRECTION('',(0.E0,0.E0,-1.E0));
#3765=VECTOR('',#3764,1.143E-1);
#3766=CARTESIAN_POINT('',(6.5E0,6.647872284055E-1,0.E0));
#3767=LINE('',#3766,#3765);
#3768=DIRECTION('',(0.E0,0.E0,-1.E0));
#3769=VECTOR('',#3768,1.143E-1);
#3770=CARTESIAN_POINT('',(6.509365533052E0,7.593616852164E-1,0.E0));
#3771=LINE('',#3770,#3769);
#3772=DIRECTION('',(0.E0,0.E0,-1.E0));
#3773=VECTOR('',#3772,1.143E-1);
#3774=CARTESIAN_POINT('',(6.528096598318E0,8.269149065018E-1,0.E0));
#3775=LINE('',#3774,#3773);
#3776=DIRECTION('',(0.E0,0.E0,-1.E0));
#3777=VECTOR('',#3776,1.143E-1);
#3778=CARTESIAN_POINT('',(6.556193196635E0,8.809574532509E-1,0.E0));
#3779=LINE('',#3778,#3777);
#3780=DIRECTION('',(0.E0,0.E0,-1.E0));
#3781=VECTOR('',#3780,1.143E-1);
#3782=CARTESIAN_POINT('',(6.603020862731E0,9.214893633127E-1,0.E0));
#3783=LINE('',#3782,#3781);
#3784=DIRECTION('',(0.E0,0.E0,-1.E0));
#3785=VECTOR('',#3784,1.143E-1);
#3786=CARTESIAN_POINT('',(6.649848528827E0,9.35E-1,0.E0));
#3787=LINE('',#3786,#3785);
#3788=DIRECTION('',(0.E0,0.E0,-1.E0));
#3789=VECTOR('',#3788,1.143E-1);
#3790=CARTESIAN_POINT('',(6.687310650986E0,9.35E-1,0.E0));
#3791=LINE('',#3790,#3789);
#3792=DIRECTION('',(0.E0,0.E0,-1.E0));
#3793=VECTOR('',#3792,1.143E-1);
#3794=CARTESIAN_POINT('',(6.734138310383E0,9.214893633127E-1,0.E0));
#3795=LINE('',#3794,#3793);
#3796=DIRECTION('',(0.E0,0.E0,-1.E0));
#3797=VECTOR('',#3796,1.143E-1);
#3798=CARTESIAN_POINT('',(6.780965983177E0,8.809574532509E-1,0.E0));
#3799=LINE('',#3798,#3797);
#3800=DIRECTION('',(0.E0,0.E0,-1.E0));
#3801=VECTOR('',#3800,1.143E-1);
#3802=CARTESIAN_POINT('',(6.809062581495E0,8.269149065018E-1,0.E0));
#3803=LINE('',#3802,#3801);
#3804=DIRECTION('',(0.E0,0.E0,-1.E0));
#3805=VECTOR('',#3804,1.143E-1);
#3806=CARTESIAN_POINT('',(6.818428105336E0,7.863829964399E-1,0.E0));
#3807=LINE('',#3806,#3805);
#3808=DIRECTION('',(0.E0,0.E0,-1.E0));
#3809=VECTOR('',#3808,1.143E-1);
#3810=CARTESIAN_POINT('',(6.771600459337E0,7.863829964399E-1,0.E0));
#3811=LINE('',#3810,#3809);
#3812=DIRECTION('',(0.E0,0.E0,-1.E0));
#3813=VECTOR('',#3812,1.143E-1);
#3814=CARTESIAN_POINT('',(6.752869384860E0,8.269149065018E-1,0.E0));
#3815=LINE('',#3814,#3813);
#3816=DIRECTION('',(0.E0,0.E0,-1.E0));
#3817=VECTOR('',#3816,1.143E-1);
#3818=CARTESIAN_POINT('',(6.724772786542E0,8.539361798763E-1,0.E0));
#3819=LINE('',#3818,#3817);
#3820=DIRECTION('',(0.E0,0.E0,-1.E0));
#3821=VECTOR('',#3820,1.143E-1);
#3822=CARTESIAN_POINT('',(6.696676188224E0,8.674468165636E-1,0.E0));
#3823=LINE('',#3822,#3821);
#3824=DIRECTION('',(0.E0,0.E0,-1.E0));
#3825=VECTOR('',#3824,1.143E-1);
#3826=CARTESIAN_POINT('',(6.640482991589E0,8.674468165636E-1,0.E0));
#3827=LINE('',#3826,#3825);
#3828=DIRECTION('',(0.E0,0.E0,-1.E0));
#3829=VECTOR('',#3828,1.143E-1);
#3830=CARTESIAN_POINT('',(6.612386393271E0,8.539361798763E-1,0.E0));
#3831=LINE('',#3830,#3829);
#3832=DIRECTION('',(0.E0,0.E0,-1.E0));
#3833=VECTOR('',#3832,1.143E-1);
#3834=CARTESIAN_POINT('',(6.584289794953E0,8.269149065018E-1,0.E0));
#3835=LINE('',#3834,#3833);
#3836=DIRECTION('',(0.E0,0.E0,-1.E0));
#3837=VECTOR('',#3836,1.143E-1);
#3838=CARTESIAN_POINT('',(6.565558727175E0,7.863829964399E-1,0.E0));
#3839=LINE('',#3838,#3837);
#3840=DIRECTION('',(0.E0,0.E0,-1.E0));
#3841=VECTOR('',#3840,1.143E-1);
#3842=CARTESIAN_POINT('',(6.556193196635E0,7.458510485291E-1,0.E0));
#3843=LINE('',#3842,#3841);
#3844=DIRECTION('',(0.E0,0.E0,-1.E0));
#3845=VECTOR('',#3844,1.143E-1);
#3846=CARTESIAN_POINT('',(6.546827662746E0,6.647872284055E-1,0.E0));
#3847=LINE('',#3846,#3845);
#3848=DIRECTION('',(0.E0,0.E0,-1.E0));
#3849=VECTOR('',#3848,1.143E-1);
#3850=CARTESIAN_POINT('',(6.546827662746E0,6.377659550309E-1,0.E0));
#3851=LINE('',#3850,#3849);
#3852=DIRECTION('',(0.E0,0.E0,-1.E0));
#3853=VECTOR('',#3852,1.143E-1);
#3854=CARTESIAN_POINT('',(6.603020862731E0,6.918085017800E-1,0.E0));
#3855=LINE('',#3854,#3853);
#3856=DIRECTION('',(0.E0,0.E0,-1.E0));
#3857=VECTOR('',#3856,1.143E-1);
#3858=CARTESIAN_POINT('',(6.649848528827E0,7.053191384673E-1,0.E0));
#3859=LINE('',#3858,#3857);
#3860=DIRECTION('',(0.E0,0.E0,-1.E0));
#3861=VECTOR('',#3860,1.143E-1);
#3862=CARTESIAN_POINT('',(6.696676188224E0,7.053191384673E-1,0.E0));
#3863=LINE('',#3862,#3861);
#3864=DIRECTION('',(0.E0,0.E0,-1.E0));
#3865=VECTOR('',#3864,1.143E-1);
#3866=CARTESIAN_POINT('',(6.743503861019E0,6.918085017800E-1,0.E0));
#3867=LINE('',#3866,#3865);
#3868=DIRECTION('',(0.E0,0.E0,-1.E0));
#3869=VECTOR('',#3868,1.143E-1);
#3870=CARTESIAN_POINT('',(6.790331507018E0,6.512765917182E-1,0.E0));
#3871=LINE('',#3870,#3869);
#3872=DIRECTION('',(0.E0,0.E0,-1.E0));
#3873=VECTOR('',#3872,1.143E-1);
#3874=CARTESIAN_POINT('',(6.780965983177E0,5.702127715945E-1,0.E0));
#3875=LINE('',#3874,#3873);
#3876=DIRECTION('',(0.E0,0.E0,-1.E0));
#3877=VECTOR('',#3876,1.143E-1);
#3878=CARTESIAN_POINT('',(6.762234908701E0,5.972340449691E-1,0.E0));
#3879=LINE('',#3878,#3877);
#3880=DIRECTION('',(0.E0,0.E0,-1.E0));
#3881=VECTOR('',#3880,1.143E-1);
#3882=CARTESIAN_POINT('',(6.734138310383E0,6.242553183436E-1,0.E0));
#3883=LINE('',#3882,#3881);
#3884=DIRECTION('',(0.E0,0.E0,-1.E0));
#3885=VECTOR('',#3884,1.143E-1);
#3886=CARTESIAN_POINT('',(6.706041725463E0,6.377659550309E-1,0.E0));
#3887=LINE('',#3886,#3885);
#3888=DIRECTION('',(0.E0,0.E0,-1.E0));
#3889=VECTOR('',#3888,1.143E-1);
#3890=CARTESIAN_POINT('',(6.640482991589E0,6.377659550309E-1,0.E0));
#3891=LINE('',#3890,#3889);
#3892=DIRECTION('',(0.E0,0.E0,-1.E0));
#3893=VECTOR('',#3892,1.143E-1);
#3894=CARTESIAN_POINT('',(6.612386393271E0,6.242553183436E-1,0.E0));
#3895=LINE('',#3894,#3893);
#3896=DIRECTION('',(0.E0,0.E0,-1.E0));
#3897=VECTOR('',#3896,1.143E-1);
#3898=CARTESIAN_POINT('',(6.584289794953E0,5.972340449691E-1,0.E0));
#3899=LINE('',#3898,#3897);
#3900=DIRECTION('',(0.E0,0.E0,-1.E0));
#3901=VECTOR('',#3900,1.143E-1);
#3902=CARTESIAN_POINT('',(6.565558727175E0,5.702127715945E-1,0.E0));
#3903=LINE('',#3902,#3901);
#3904=DIRECTION('',(0.E0,0.E0,-1.E0));
#3905=VECTOR('',#3904,1.143E-1);
#3906=CARTESIAN_POINT('',(6.556193196635E0,5.296808426082E-1,0.E0));
#3907=LINE('',#3906,#3905);
#3908=DIRECTION('',(0.E0,0.E0,-1.E0));
#3909=VECTOR('',#3908,1.143E-1);
#3910=CARTESIAN_POINT('',(6.556193196635E0,4.891489325464E-1,0.E0));
#3911=LINE('',#3910,#3909);
#3912=DIRECTION('',(0.E0,0.E0,-1.E0));
#3913=VECTOR('',#3912,1.143E-1);
#3914=CARTESIAN_POINT('',(6.565558727175E0,4.486170224845E-1,0.E0));
#3915=LINE('',#3914,#3913);
#3916=DIRECTION('',(0.E0,0.E0,-1.E0));
#3917=VECTOR('',#3916,1.143E-1);
#3918=CARTESIAN_POINT('',(6.584289794953E0,4.080851029605E-1,0.E0));
#3919=LINE('',#3918,#3917);
#3920=DIRECTION('',(0.E0,0.E0,-1.E0));
#3921=VECTOR('',#3920,1.143E-1);
#3922=CARTESIAN_POINT('',(6.612386393271E0,3.810638295859E-1,0.E0));
#3923=LINE('',#3922,#3921);
#3924=DIRECTION('',(0.E0,0.E0,-1.E0));
#3925=VECTOR('',#3924,1.143E-1);
#3926=CARTESIAN_POINT('',(6.640482991589E0,3.675531928986E-1,0.E0));
#3927=LINE('',#3926,#3925);
#3928=DIRECTION('',(0.E0,0.E0,-1.E0));
#3929=VECTOR('',#3928,1.143E-1);
#3930=CARTESIAN_POINT('',(6.706041725463E0,3.675531928986E-1,0.E0));
#3931=LINE('',#3930,#3929);
#3932=DIRECTION('',(0.E0,0.E0,-1.E0));
#3933=VECTOR('',#3932,1.143E-1);
#3934=CARTESIAN_POINT('',(6.734138310383E0,3.810638295859E-1,0.E0));
#3935=LINE('',#3934,#3933);
#3936=DIRECTION('',(0.E0,0.E0,-1.E0));
#3937=VECTOR('',#3936,1.143E-1);
#3938=CARTESIAN_POINT('',(6.762234908701E0,4.080851029605E-1,0.E0));
#3939=LINE('',#3938,#3937);
#3940=DIRECTION('',(0.E0,0.E0,-1.E0));
#3941=VECTOR('',#3940,1.143E-1);
#3942=CARTESIAN_POINT('',(6.780965983177E0,4.486170224845E-1,0.E0));
#3943=LINE('',#3942,#3941);
#3944=DIRECTION('',(0.E0,0.E0,-1.E0));
#3945=VECTOR('',#3944,1.143E-1);
#3946=CARTESIAN_POINT('',(6.790331507018E0,4.891489325464E-1,0.E0));
#3947=LINE('',#3946,#3945);
#3948=DIRECTION('',(0.E0,0.E0,-1.E0));
#3949=VECTOR('',#3948,1.143E-1);
#3950=CARTESIAN_POINT('',(6.790331507018E0,5.296808426082E-1,0.E0));
#3951=LINE('',#3950,#3949);
#3952=DIRECTION('',(0.E0,0.E0,-1.E0));
#3953=VECTOR('',#3952,1.143E-1);
#3954=CARTESIAN_POINT('',(6.117683000807E0,-2.E0,0.E0));
#3955=LINE('',#3954,#3953);
#3956=DIRECTION('',(0.E0,0.E0,-1.E0));
#3957=VECTOR('',#3956,1.143E-1);
#3958=CARTESIAN_POINT('',(6.058841500403E0,-2.E0,0.E0));
#3959=LINE('',#3958,#3957);
#3960=DIRECTION('',(0.E0,0.E0,-1.E0));
#3961=VECTOR('',#3960,1.143E-1);
#3962=CARTESIAN_POINT('',(6.058841500403E0,-1.473085093498E0,0.E0));
#3963=LINE('',#3962,#3961);
#3964=DIRECTION('',(0.E0,0.E0,-1.E0));
#3965=VECTOR('',#3964,1.143E-1);
#3966=CARTESIAN_POINT('',(6.E0,-1.567659588158E0,0.E0));
#3967=LINE('',#3966,#3965);
#3968=DIRECTION('',(0.E0,0.E0,-1.E0));
#3969=VECTOR('',#3968,1.143E-1);
#3970=CARTESIAN_POINT('',(6.E0,-1.459574456811E0,0.E0));
#3971=LINE('',#3970,#3969);
#3972=DIRECTION('',(0.E0,0.E0,-1.E0));
#3973=VECTOR('',#3972,1.143E-1);
#3974=CARTESIAN_POINT('',(6.058841500403E0,-1.365E0,0.E0));
#3975=LINE('',#3974,#3973);
#3976=DIRECTION('',(0.E0,0.E0,-1.E0));
#3977=VECTOR('',#3976,1.143E-1);
#3978=CARTESIAN_POINT('',(6.117683000807E0,-1.365E0,0.E0));
#3979=LINE('',#3978,#3977);
#3980=DIRECTION('',(0.E0,0.E0,-1.E0));
#3981=VECTOR('',#3980,1.143E-1);
#3982=CARTESIAN_POINT('',(6.313821344837E0,-2.E0,0.E0));
#3983=LINE('',#3982,#3981);
#3984=DIRECTION('',(0.E0,0.E0,-1.E0));
#3985=VECTOR('',#3984,1.143E-1);
#3986=CARTESIAN_POINT('',(6.254979844433E0,-2.E0,0.E0));
#3987=LINE('',#3986,#3985);
#3988=DIRECTION('',(0.E0,0.E0,-1.E0));
#3989=VECTOR('',#3988,1.143E-1);
#3990=CARTESIAN_POINT('',(6.254979844433E0,-1.473085093498E0,0.E0));
#3991=LINE('',#3990,#3989);
#3992=DIRECTION('',(0.E0,0.E0,-1.E0));
#3993=VECTOR('',#3992,1.143E-1);
#3994=CARTESIAN_POINT('',(6.196138330001E0,-1.567659588158E0,0.E0));
#3995=LINE('',#3994,#3993);
#3996=DIRECTION('',(0.E0,0.E0,-1.E0));
#3997=VECTOR('',#3996,1.143E-1);
#3998=CARTESIAN_POINT('',(6.196138330001E0,-1.459574456811E0,0.E0));
#3999=LINE('',#3998,#3997);
#4000=DIRECTION('',(0.E0,0.E0,-1.E0));
#4001=VECTOR('',#4000,1.143E-1);
#4002=CARTESIAN_POINT('',(6.254979844433E0,-1.365E0,0.E0));
#4003=LINE('',#4002,#4001);
#4004=DIRECTION('',(0.E0,0.E0,-1.E0));
#4005=VECTOR('',#4004,1.143E-1);
#4006=CARTESIAN_POINT('',(6.313821344837E0,-1.365E0,0.E0));
#4007=LINE('',#4006,#4005);
#4008=CARTESIAN_POINT('',(-1.54E1,-6.25E0,-6.E0));
#4009=CARTESIAN_POINT('',(-1.54E1,-6.25E0,-2.18E1));
#4010=VERTEX_POINT('',#4008);
#4011=VERTEX_POINT('',#4009);
#4012=CARTESIAN_POINT('',(-1.54E1,-3.36E0,-2.18E1));
#4013=VERTEX_POINT('',#4012);
#4014=CARTESIAN_POINT('',(-1.54E1,-3.36E0,-9.47E0));
#4015=VERTEX_POINT('',#4014);
#4016=CARTESIAN_POINT('',(-1.54E1,-2.58E0,-8.69E0));
#4017=VERTEX_POINT('',#4016);
#4018=CARTESIAN_POINT('',(1.54E1,-6.25E0,-6.E0));
#4019=CARTESIAN_POINT('',(1.54E1,-6.25E0,-2.18E1));
#4020=VERTEX_POINT('',#4018);
#4021=VERTEX_POINT('',#4019);
#4022=CARTESIAN_POINT('',(1.54E1,-3.36E0,-2.18E1));
#4023=VERTEX_POINT('',#4022);
#4024=CARTESIAN_POINT('',(1.54E1,-3.36E0,-9.47E0));
#4025=VERTEX_POINT('',#4024);
#4026=CARTESIAN_POINT('',(1.54E1,-2.58E0,-8.69E0));
#4027=VERTEX_POINT('',#4026);
#4028=CARTESIAN_POINT('',(-8.095E0,-3.36E0,-2.18E1));
#4029=CARTESIAN_POINT('',(-8.095E0,-3.36E0,-9.47E0));
#4030=VERTEX_POINT('',#4028);
#4031=VERTEX_POINT('',#4029);
#4032=CARTESIAN_POINT('',(8.095E0,-3.36E0,-2.18E1));
#4033=CARTESIAN_POINT('',(8.095E0,-3.36E0,-9.47E0));
#4034=VERTEX_POINT('',#4032);
#4035=VERTEX_POINT('',#4033);
#4036=CARTESIAN_POINT('',(-8.095E0,-2.58E0,-8.69E0));
#4037=VERTEX_POINT('',#4036);
#4038=CARTESIAN_POINT('',(8.095E0,-2.58E0,-8.69E0));
#4039=VERTEX_POINT('',#4038);
#4040=CARTESIAN_POINT('',(1.54E1,4.6E0,-6.E0));
#4041=CARTESIAN_POINT('',(1.37E1,6.3E0,-6.E0));
#4042=VERTEX_POINT('',#4040);
#4043=VERTEX_POINT('',#4041);
#4044=CARTESIAN_POINT('',(1.37E1,6.3E0,-8.69E0));
#4045=VERTEX_POINT('',#4044);
#4046=CARTESIAN_POINT('',(-1.37E1,6.3E0,-6.E0));
#4047=CARTESIAN_POINT('',(-1.37E1,6.3E0,-8.69E0));
#4048=VERTEX_POINT('',#4046);
#4049=VERTEX_POINT('',#4047);
#4050=CARTESIAN_POINT('',(-1.54E1,4.6E0,-6.E0));
#4051=VERTEX_POINT('',#4050);
#4052=CARTESIAN_POINT('',(1.392E1,0.E0,-6.E0));
#4053=CARTESIAN_POINT('',(1.108E1,0.E0,-6.E0));
#4054=VERTEX_POINT('',#4052);
#4055=VERTEX_POINT('',#4053);
#4056=CARTESIAN_POINT('',(-1.108E1,0.E0,-6.E0));
#4057=CARTESIAN_POINT('',(-1.392E1,0.E0,-6.E0));
#4058=VERTEX_POINT('',#4056);
#4059=VERTEX_POINT('',#4057);
#4060=CARTESIAN_POINT('',(-5.624999999905E0,3.95E0,-5.1872E0));
#4061=CARTESIAN_POINT('',(5.624999999918E0,3.95E0,-5.1872E0));
#4062=VERTEX_POINT('',#4060);
#4063=VERTEX_POINT('',#4061);
#4064=CARTESIAN_POINT('',(-5.624999999975E0,4.762799999995E0,-6.E0));
#4065=CARTESIAN_POINT('',(5.624999999979E0,4.762799999996E0,-6.E0));
#4066=VERTEX_POINT('',#4064);
#4067=VERTEX_POINT('',#4065);
#4068=CARTESIAN_POINT('',(-8.126411692651E0,9.689336287260E-1,-5.1872E0));
#4069=VERTEX_POINT('',#4068);
#4070=CARTESIAN_POINT('',(-8.926863247953E0,8.277924227763E-1,-6.E0));
#4071=VERTEX_POINT('',#4070);
#4072=CARTESIAN_POINT('',(-7.629169607071E0,-1.851066371173E0,-5.1872E0));
#4073=VERTEX_POINT('',#4072);
#4074=CARTESIAN_POINT('',(-8.429621348701E0,-1.992207610055E0,-6.E0));
#4075=VERTEX_POINT('',#4074);
#4076=CARTESIAN_POINT('',(-5.127757914402E0,-3.95E0,-5.1872E0));
#4077=VERTEX_POINT('',#4076);
#4078=CARTESIAN_POINT('',(-5.127757914402E0,-4.762799999081E0,-6.E0));
#4079=VERTEX_POINT('',#4078);
#4080=CARTESIAN_POINT('',(5.127757914299E0,-3.95E0,-5.1872E0));
#4081=VERTEX_POINT('',#4080);
#4082=CARTESIAN_POINT('',(5.127757914376E0,-4.762799999995E0,-6.E0));
#4083=VERTEX_POINT('',#4082);
#4084=CARTESIAN_POINT('',(7.629169607053E0,-1.851066371274E0,-5.1872E0));
#4085=VERTEX_POINT('',#4084);
#4086=CARTESIAN_POINT('',(8.429621347797E0,-1.992207609922E0,-6.E0));
#4087=VERTEX_POINT('',#4086);
#4088=CARTESIAN_POINT('',(8.126411692635E0,9.689336286326E-1,-5.1872E0));
#4089=VERTEX_POINT('',#4088);
#4090=CARTESIAN_POINT('',(8.926863434290E0,8.277923898950E-1,-6.E0));
#4091=VERTEX_POINT('',#4090);
#4092=CARTESIAN_POINT('',(6.238125E0,2.4384E0,-1.143E-1));
#4093=CARTESIAN_POINT('',(6.238125E0,3.0734E0,-1.143E-1));
#4094=VERTEX_POINT('',#4092);
#4095=VERTEX_POINT('',#4093);
#4096=CARTESIAN_POINT('',(6.1190625E0,3.0734E0,-1.143E-1));
#4097=VERTEX_POINT('',#4096);
#4098=CARTESIAN_POINT('',(6.E0,2.978825543189E0,-1.143E-1));
#4099=VERTEX_POINT('',#4098);
#4100=CARTESIAN_POINT('',(6.E0,2.870740411842E0,-1.143E-1));
#4101=VERTEX_POINT('',#4100);
#4102=CARTESIAN_POINT('',(6.1190625E0,2.965314906502E0,-1.143E-1));
#4103=VERTEX_POINT('',#4102);
#4104=CARTESIAN_POINT('',(6.1190625E0,2.4384E0,-1.143E-1));
#4105=VERTEX_POINT('',#4104);
#4106=CARTESIAN_POINT('',(6.238125E0,2.4384E0,0.E0));
#4107=CARTESIAN_POINT('',(6.238125E0,3.0734E0,0.E0));
#4108=VERTEX_POINT('',#4106);
#4109=VERTEX_POINT('',#4107);
#4110=CARTESIAN_POINT('',(6.1190625E0,3.0734E0,0.E0));
#4111=VERTEX_POINT('',#4110);
#4112=CARTESIAN_POINT('',(6.E0,2.978825543189E0,0.E0));
#4113=VERTEX_POINT('',#4112);
#4114=CARTESIAN_POINT('',(6.E0,2.870740411842E0,0.E0));
#4115=VERTEX_POINT('',#4114);
#4116=CARTESIAN_POINT('',(6.1190625E0,2.965314906502E0,0.E0));
#4117=VERTEX_POINT('',#4116);
#4118=CARTESIAN_POINT('',(6.1190625E0,2.4384E0,0.E0));
#4119=VERTEX_POINT('',#4118);
#4120=CARTESIAN_POINT('',(8.095E0,-5.25E0,-9.05E0));
#4121=CARTESIAN_POINT('',(-8.095E0,-5.25E0,-9.05E0));
#4122=VERTEX_POINT('',#4120);
#4123=VERTEX_POINT('',#4121);
#4124=CARTESIAN_POINT('',(-8.095E0,-6.25E0,-2.18E1));
#4125=CARTESIAN_POINT('',(-8.095E0,-6.25E0,-9.05E0));
#4126=VERTEX_POINT('',#4124);
#4127=VERTEX_POINT('',#4125);
#4128=CARTESIAN_POINT('',(8.095E0,-6.25E0,-2.18E1));
#4129=CARTESIAN_POINT('',(8.095E0,-6.25E0,-9.05E0));
#4130=VERTEX_POINT('',#4128);
#4131=VERTEX_POINT('',#4129);
#4132=CARTESIAN_POINT('',(-8.095E0,-5.25E0,-2.18E1));
#4133=CARTESIAN_POINT('',(8.095E0,-5.25E0,-2.18E1));
#4134=VERTEX_POINT('',#4132);
#4135=VERTEX_POINT('',#4133);
#4136=CARTESIAN_POINT('',(1.44E1,-4.5E0,-6.43E0));
#4137=CARTESIAN_POINT('',(1.06E1,-4.5E0,-6.43E0));
#4138=VERTEX_POINT('',#4136);
#4139=VERTEX_POINT('',#4137);
#4140=CARTESIAN_POINT('',(-1.06E1,-4.5E0,-6.43E0));
#4141=CARTESIAN_POINT('',(-1.44E1,-4.5E0,-6.43E0));
#4142=VERTEX_POINT('',#4140);
#4143=VERTEX_POINT('',#4141);
#4144=CARTESIAN_POINT('',(1.06E1,-6.25E0,-6.43E0));
#4145=CARTESIAN_POINT('',(1.06E1,-6.25E0,-1.819E1));
#4146=VERTEX_POINT('',#4144);
#4147=VERTEX_POINT('',#4145);
#4148=CARTESIAN_POINT('',(1.44E1,-6.25E0,-1.819E1));
#4149=VERTEX_POINT('',#4148);
#4150=CARTESIAN_POINT('',(1.44E1,-6.25E0,-6.43E0));
#4151=VERTEX_POINT('',#4150);
#4152=CARTESIAN_POINT('',(-1.06E1,-6.25E0,-6.43E0));
#4153=CARTESIAN_POINT('',(-1.44E1,-6.25E0,-6.43E0));
#4154=VERTEX_POINT('',#4152);
#4155=VERTEX_POINT('',#4153);
#4156=CARTESIAN_POINT('',(-1.44E1,-6.25E0,-1.819E1));
#4157=VERTEX_POINT('',#4156);
#4158=CARTESIAN_POINT('',(-1.06E1,-6.25E0,-1.819E1));
#4159=VERTEX_POINT('',#4158);
#4160=CARTESIAN_POINT('',(-1.44E1,-4.5E0,-2.18E1));
#4161=CARTESIAN_POINT('',(-1.06E1,-4.5E0,-2.18E1));
#4162=VERTEX_POINT('',#4160);
#4163=VERTEX_POINT('',#4161);
#4164=CARTESIAN_POINT('',(1.06E1,-4.5E0,-2.18E1));
#4165=CARTESIAN_POINT('',(1.44E1,-4.5E0,-2.18E1));
#4166=VERTEX_POINT('',#4164);
#4167=VERTEX_POINT('',#4165);
#4168=CARTESIAN_POINT('',(1.44E1,-3.36E0,-2.18E1));
#4169=VERTEX_POINT('',#4168);
#4170=CARTESIAN_POINT('',(1.06E1,-3.36E0,-2.18E1));
#4171=VERTEX_POINT('',#4170);
#4172=CARTESIAN_POINT('',(-1.06E1,-3.36E0,-2.18E1));
#4173=VERTEX_POINT('',#4172);
#4174=CARTESIAN_POINT('',(-1.44E1,-3.36E0,-2.18E1));
#4175=VERTEX_POINT('',#4174);
#4176=CARTESIAN_POINT('',(1.44E1,-3.36E0,-1.674E1));
#4177=VERTEX_POINT('',#4176);
#4178=CARTESIAN_POINT('',(1.06E1,-3.36E0,-1.674E1));
#4179=VERTEX_POINT('',#4178);
#4180=CARTESIAN_POINT('',(-1.06E1,-3.36E0,-1.674E1));
#4181=VERTEX_POINT('',#4180);
#4182=CARTESIAN_POINT('',(-1.44E1,-3.36E0,-1.674E1));
#4183=VERTEX_POINT('',#4182);
#4184=CARTESIAN_POINT('',(1.06E1,-4.5E0,-1.674E1));
#4185=CARTESIAN_POINT('',(1.44E1,-4.5E0,-1.674E1));
#4186=VERTEX_POINT('',#4184);
#4187=VERTEX_POINT('',#4185);
#4188=CARTESIAN_POINT('',(-1.44E1,-4.5E0,-1.674E1));
#4189=CARTESIAN_POINT('',(-1.06E1,-4.5E0,-1.674E1));
#4190=VERTEX_POINT('',#4188);
#4191=VERTEX_POINT('',#4189);
#4192=CARTESIAN_POINT('',(1.06E1,-4.5E0,-1.819E1));
#4193=CARTESIAN_POINT('',(1.44E1,-4.5E0,-1.819E1));
#4194=VERTEX_POINT('',#4192);
#4195=VERTEX_POINT('',#4193);
#4196=CARTESIAN_POINT('',(-1.44E1,-4.5E0,-1.819000016825E1));
#4197=CARTESIAN_POINT('',(-1.06E1,-4.5E0,-1.819E1));
#4198=VERTEX_POINT('',#4196);
#4199=VERTEX_POINT('',#4197);
#4200=CARTESIAN_POINT('',(-1.54E1,2.9E0,-9.2E0));
#4201=CARTESIAN_POINT('',(-1.54E1,4.65E0,-9.2E0));
#4202=VERTEX_POINT('',#4200);
#4203=VERTEX_POINT('',#4201);
#4204=CARTESIAN_POINT('',(1.54E1,4.65E0,-9.2E0));
#4205=CARTESIAN_POINT('',(1.54E1,2.9E0,-9.2E0));
#4206=VERTEX_POINT('',#4204);
#4207=VERTEX_POINT('',#4205);
#4208=CARTESIAN_POINT('',(-8.095E0,2.9E0,-8.69E0));
#4209=CARTESIAN_POINT('',(-8.095E0,2.9E0,-9.2E0));
#4210=VERTEX_POINT('',#4208);
#4211=VERTEX_POINT('',#4209);
#4212=CARTESIAN_POINT('',(8.095E0,2.9E0,-8.69E0));
#4213=CARTESIAN_POINT('',(8.095E0,2.9E0,-9.2E0));
#4214=VERTEX_POINT('',#4212);
#4215=VERTEX_POINT('',#4213);
#4216=VERTEX_POINT('',#606);
#4217=VERTEX_POINT('',#610);
#4218=VERTEX_POINT('',#634);
#4219=VERTEX_POINT('',#2106);
#4220=VERTEX_POINT('',#2110);
#4221=VERTEX_POINT('',#2116);
#4222=CARTESIAN_POINT('',(-1.54E1,2.9E0,-8.69E0));
#4223=VERTEX_POINT('',#4222);
#4224=CARTESIAN_POINT('',(1.54E1,2.9E0,-8.69E0));
#4225=VERTEX_POINT('',#4224);
#4226=CARTESIAN_POINT('',(9.875E0,-2.86E0,-1.535E1));
#4227=CARTESIAN_POINT('',(9.875E0,-2.86E0,-9.19E0));
#4228=VERTEX_POINT('',#4226);
#4229=VERTEX_POINT('',#4227);
#4230=CARTESIAN_POINT('',(1.5125E1,-2.86E0,-1.535E1));
#4231=CARTESIAN_POINT('',(1.5125E1,-2.86E0,-9.19E0));
#4232=VERTEX_POINT('',#4230);
#4233=VERTEX_POINT('',#4231);
#4234=CARTESIAN_POINT('',(9.875E0,-3.36E0,-9.47E0));
#4235=CARTESIAN_POINT('',(9.875E0,-3.36E0,-1.535E1));
#4236=VERTEX_POINT('',#4234);
#4237=VERTEX_POINT('',#4235);
#4238=CARTESIAN_POINT('',(1.5125E1,-3.36E0,-9.47E0));
#4239=CARTESIAN_POINT('',(1.5125E1,-3.36E0,-1.535E1));
#4240=VERTEX_POINT('',#4238);
#4241=VERTEX_POINT('',#4239);
#4242=CARTESIAN_POINT('',(9.875E0,-2.58E0,-8.69E0));
#4243=VERTEX_POINT('',#4242);
#4244=CARTESIAN_POINT('',(1.5125E1,-2.58E0,-8.69E0));
#4245=VERTEX_POINT('',#4244);
#4246=CARTESIAN_POINT('',(9.875E0,2.9E0,-8.69E0));
#4247=VERTEX_POINT('',#4246);
#4248=CARTESIAN_POINT('',(1.5125E1,2.9E0,-8.69E0));
#4249=VERTEX_POINT('',#4248);
#4250=CARTESIAN_POINT('',(9.875E0,2.9E0,-9.19E0));
#4251=VERTEX_POINT('',#4250);
#4252=CARTESIAN_POINT('',(1.5125E1,2.9E0,-9.19E0));
#4253=VERTEX_POINT('',#4252);
#4254=CARTESIAN_POINT('',(1.0825E1,-3.36E0,-1.535E1));
#4255=CARTESIAN_POINT('',(1.0825E1,-2.86E0,-1.535E1));
#4256=VERTEX_POINT('',#4254);
#4257=VERTEX_POINT('',#4255);
#4258=CARTESIAN_POINT('',(1.4175E1,-3.36E0,-1.535E1));
#4259=CARTESIAN_POINT('',(1.4175E1,-2.86E0,-1.535E1));
#4260=VERTEX_POINT('',#4258);
#4261=VERTEX_POINT('',#4259);
#4262=CARTESIAN_POINT('',(1.31E1,-9.9E0,-1.768E1));
#4263=CARTESIAN_POINT('',(1.31E1,-9.9E0,-1.718E1));
#4264=VERTEX_POINT('',#4262);
#4265=VERTEX_POINT('',#4263);
#4266=CARTESIAN_POINT('',(1.19E1,-9.9E0,-1.768E1));
#4267=CARTESIAN_POINT('',(1.19E1,-9.9E0,-1.718E1));
#4268=VERTEX_POINT('',#4266);
#4269=VERTEX_POINT('',#4267);
#4270=CARTESIAN_POINT('',(1.045E1,-8.35E0,-1.768E1));
#4271=CARTESIAN_POINT('',(1.045E1,-8.35E0,-1.718E1));
#4272=VERTEX_POINT('',#4270);
#4273=VERTEX_POINT('',#4271);
#4274=CARTESIAN_POINT('',(1.455E1,-8.35E0,-1.768E1));
#4275=CARTESIAN_POINT('',(1.455E1,-8.35E0,-1.718E1));
#4276=VERTEX_POINT('',#4274);
#4277=VERTEX_POINT('',#4275);
#4278=CARTESIAN_POINT('',(1.0825E1,-7.35E0,-1.768E1));
#4279=CARTESIAN_POINT('',(1.0825E1,-7.35E0,-1.718E1));
#4280=VERTEX_POINT('',#4278);
#4281=VERTEX_POINT('',#4279);
#4282=CARTESIAN_POINT('',(1.4175E1,-7.35E0,-1.768E1));
#4283=CARTESIAN_POINT('',(1.4175E1,-7.35E0,-1.718E1));
#4284=VERTEX_POINT('',#4282);
#4285=VERTEX_POINT('',#4283);
#4286=CARTESIAN_POINT('',(1.420226288661E1,-9.759494432952E0,-1.718E1));
#4287=CARTESIAN_POINT('',(1.355E1,-1.035E1,-1.718E1));
#4288=VERTEX_POINT('',#4286);
#4289=VERTEX_POINT('',#4287);
#4290=CARTESIAN_POINT('',(1.145E1,-1.035E1,-1.718E1));
#4291=CARTESIAN_POINT('',(1.079773711339E1,-9.759494432952E0,-1.718E1));
#4292=VERTEX_POINT('',#4290);
#4293=VERTEX_POINT('',#4291);
#4294=CARTESIAN_POINT('',(1.355E1,-1.035E1,-1.768E1));
#4295=VERTEX_POINT('',#4294);
#4296=CARTESIAN_POINT('',(1.145E1,-1.035E1,-1.768E1));
#4297=VERTEX_POINT('',#4296);
#4298=CARTESIAN_POINT('',(1.420226288661E1,-9.759494432952E0,-1.768E1));
#4299=VERTEX_POINT('',#4298);
#4300=CARTESIAN_POINT('',(1.079773711339E1,-9.759494432952E0,-1.768E1));
#4301=VERTEX_POINT('',#4300);
#4302=CARTESIAN_POINT('',(4.691E0,1.98E0,-1.E0));
#4303=CARTESIAN_POINT('',(3.961E0,1.98E0,-1.E0));
#4304=VERTEX_POINT('',#4302);
#4305=VERTEX_POINT('',#4303);
#4306=CARTESIAN_POINT('',(5.681E0,0.E0,-1.E0));
#4307=CARTESIAN_POINT('',(4.951E0,0.E0,-1.E0));
#4308=VERTEX_POINT('',#4306);
#4309=VERTEX_POINT('',#4307);
#4310=CARTESIAN_POINT('',(4.691E0,-1.98E0,-1.E0));
#4311=CARTESIAN_POINT('',(3.961E0,-1.98E0,-1.E0));
#4312=VERTEX_POINT('',#4310);
#4313=VERTEX_POINT('',#4311);
#4314=CARTESIAN_POINT('',(3.5038E0,1.98E0,0.E0));
#4315=CARTESIAN_POINT('',(5.1482E0,1.98E0,0.E0));
#4316=VERTEX_POINT('',#4314);
#4317=VERTEX_POINT('',#4315);
#4318=CARTESIAN_POINT('',(3.961E0,1.98E0,-4.572E-1));
#4319=CARTESIAN_POINT('',(4.691E0,1.98E0,-4.572E-1));
#4320=VERTEX_POINT('',#4318);
#4321=VERTEX_POINT('',#4319);
#4322=CARTESIAN_POINT('',(6.1382E0,0.E0,0.E0));
#4323=CARTESIAN_POINT('',(4.4938E0,0.E0,0.E0));
#4324=VERTEX_POINT('',#4322);
#4325=VERTEX_POINT('',#4323);
#4326=CARTESIAN_POINT('',(5.681E0,0.E0,-4.572E-1));
#4327=CARTESIAN_POINT('',(4.951E0,0.E0,-4.572E-1));
#4328=VERTEX_POINT('',#4326);
#4329=VERTEX_POINT('',#4327);
#4330=CARTESIAN_POINT('',(3.5038E0,-1.98E0,0.E0));
#4331=CARTESIAN_POINT('',(5.1482E0,-1.98E0,0.E0));
#4332=VERTEX_POINT('',#4330);
#4333=VERTEX_POINT('',#4331);
#4334=CARTESIAN_POINT('',(3.961E0,-1.98E0,-4.572E-1));
#4335=CARTESIAN_POINT('',(4.691E0,-1.98E0,-4.572E-1));
#4336=VERTEX_POINT('',#4334);
#4337=VERTEX_POINT('',#4335);
#4338=CARTESIAN_POINT('',(4.96E0,-9.43E0,-1.713E1));
#4339=CARTESIAN_POINT('',(4.96E0,-9.43E0,-1.773E1));
#4340=VERTEX_POINT('',#4338);
#4341=VERTEX_POINT('',#4339);
#4342=CARTESIAN_POINT('',(5.96E0,-9.43E0,-1.773E1));
#4343=VERTEX_POINT('',#4342);
#4344=CARTESIAN_POINT('',(5.96E0,-9.43E0,-1.713E1));
#4345=VERTEX_POINT('',#4344);
#4346=CARTESIAN_POINT('',(3.82E0,-9.43E0,-1.967E1));
#4347=CARTESIAN_POINT('',(3.82E0,-9.43E0,-2.027E1));
#4348=VERTEX_POINT('',#4346);
#4349=VERTEX_POINT('',#4347);
#4350=CARTESIAN_POINT('',(4.82E0,-9.43E0,-2.027E1));
#4351=VERTEX_POINT('',#4350);
#4352=CARTESIAN_POINT('',(4.82E0,-9.43E0,-1.967E1));
#4353=VERTEX_POINT('',#4352);
#4354=CARTESIAN_POINT('',(3.82E0,-9.43E0,-1.519E1));
#4355=CARTESIAN_POINT('',(4.82E0,-9.43E0,-1.519E1));
#4356=VERTEX_POINT('',#4354);
#4357=VERTEX_POINT('',#4355);
#4358=CARTESIAN_POINT('',(4.82E0,-9.43E0,-1.459E1));
#4359=VERTEX_POINT('',#4358);
#4360=CARTESIAN_POINT('',(3.82E0,-9.43E0,-1.459E1));
#4361=VERTEX_POINT('',#4360);
#4362=CARTESIAN_POINT('',(4.96E0,-5.25E0,-1.713E1));
#4363=CARTESIAN_POINT('',(4.96E0,-5.25E0,-1.773E1));
#4364=VERTEX_POINT('',#4362);
#4365=VERTEX_POINT('',#4363);
#4366=CARTESIAN_POINT('',(5.96E0,-5.25E0,-1.773E1));
#4367=VERTEX_POINT('',#4366);
#4368=CARTESIAN_POINT('',(5.96E0,-5.25E0,-1.713E1));
#4369=VERTEX_POINT('',#4368);
#4370=CARTESIAN_POINT('',(3.82E0,-5.25E0,-1.967E1));
#4371=CARTESIAN_POINT('',(3.82E0,-5.25E0,-2.027E1));
#4372=VERTEX_POINT('',#4370);
#4373=VERTEX_POINT('',#4371);
#4374=CARTESIAN_POINT('',(4.82E0,-5.25E0,-2.027E1));
#4375=VERTEX_POINT('',#4374);
#4376=CARTESIAN_POINT('',(4.82E0,-5.25E0,-1.967E1));
#4377=VERTEX_POINT('',#4376);
#4378=CARTESIAN_POINT('',(3.82E0,-5.25E0,-1.519E1));
#4379=CARTESIAN_POINT('',(4.82E0,-5.25E0,-1.519E1));
#4380=VERTEX_POINT('',#4378);
#4381=VERTEX_POINT('',#4379);
#4382=CARTESIAN_POINT('',(4.82E0,-5.25E0,-1.459E1));
#4383=VERTEX_POINT('',#4382);
#4384=CARTESIAN_POINT('',(3.82E0,-5.25E0,-1.459E1));
#4385=VERTEX_POINT('',#4384);
#4386=CARTESIAN_POINT('',(2.68E0,-9.43E0,-1.713E1));
#4387=CARTESIAN_POINT('',(2.68E0,-9.43E0,-1.773E1));
#4388=VERTEX_POINT('',#4386);
#4389=VERTEX_POINT('',#4387);
#4390=CARTESIAN_POINT('',(3.68E0,-9.43E0,-1.773E1));
#4391=VERTEX_POINT('',#4390);
#4392=CARTESIAN_POINT('',(3.68E0,-9.43E0,-1.713E1));
#4393=VERTEX_POINT('',#4392);
#4394=CARTESIAN_POINT('',(1.54E0,-9.43E0,-1.967E1));
#4395=CARTESIAN_POINT('',(1.54E0,-9.43E0,-2.027E1));
#4396=VERTEX_POINT('',#4394);
#4397=VERTEX_POINT('',#4395);
#4398=CARTESIAN_POINT('',(2.54E0,-9.43E0,-2.027E1));
#4399=VERTEX_POINT('',#4398);
#4400=CARTESIAN_POINT('',(2.54E0,-9.43E0,-1.967E1));
#4401=VERTEX_POINT('',#4400);
#4402=CARTESIAN_POINT('',(1.54E0,-9.43E0,-1.519E1));
#4403=CARTESIAN_POINT('',(2.54E0,-9.43E0,-1.519E1));
#4404=VERTEX_POINT('',#4402);
#4405=VERTEX_POINT('',#4403);
#4406=CARTESIAN_POINT('',(2.54E0,-9.43E0,-1.459E1));
#4407=VERTEX_POINT('',#4406);
#4408=CARTESIAN_POINT('',(1.54E0,-9.43E0,-1.459E1));
#4409=VERTEX_POINT('',#4408);
#4410=CARTESIAN_POINT('',(2.68E0,-5.25E0,-1.713E1));
#4411=CARTESIAN_POINT('',(2.68E0,-5.25E0,-1.773E1));
#4412=VERTEX_POINT('',#4410);
#4413=VERTEX_POINT('',#4411);
#4414=CARTESIAN_POINT('',(3.68E0,-5.25E0,-1.773E1));
#4415=VERTEX_POINT('',#4414);
#4416=CARTESIAN_POINT('',(3.68E0,-5.25E0,-1.713E1));
#4417=VERTEX_POINT('',#4416);
#4418=CARTESIAN_POINT('',(1.54E0,-5.25E0,-1.967E1));
#4419=CARTESIAN_POINT('',(1.54E0,-5.25E0,-2.027E1));
#4420=VERTEX_POINT('',#4418);
#4421=VERTEX_POINT('',#4419);
#4422=CARTESIAN_POINT('',(2.54E0,-5.25E0,-2.027E1));
#4423=VERTEX_POINT('',#4422);
#4424=CARTESIAN_POINT('',(2.54E0,-5.25E0,-1.967E1));
#4425=VERTEX_POINT('',#4424);
#4426=CARTESIAN_POINT('',(1.54E0,-5.25E0,-1.519E1));
#4427=CARTESIAN_POINT('',(2.54E0,-5.25E0,-1.519E1));
#4428=VERTEX_POINT('',#4426);
#4429=VERTEX_POINT('',#4427);
#4430=CARTESIAN_POINT('',(2.54E0,-5.25E0,-1.459E1));
#4431=VERTEX_POINT('',#4430);
#4432=CARTESIAN_POINT('',(1.54E0,-5.25E0,-1.459E1));
#4433=VERTEX_POINT('',#4432);
#4434=CARTESIAN_POINT('',(4.E-1,-9.43E0,-1.713E1));
#4435=CARTESIAN_POINT('',(4.E-1,-9.43E0,-1.773E1));
#4436=VERTEX_POINT('',#4434);
#4437=VERTEX_POINT('',#4435);
#4438=CARTESIAN_POINT('',(1.4E0,-9.43E0,-1.773E1));
#4439=VERTEX_POINT('',#4438);
#4440=CARTESIAN_POINT('',(1.4E0,-9.43E0,-1.713E1));
#4441=VERTEX_POINT('',#4440);
#4442=CARTESIAN_POINT('',(-7.4E-1,-9.43E0,-1.967E1));
#4443=CARTESIAN_POINT('',(-7.4E-1,-9.43E0,-2.027E1));
#4444=VERTEX_POINT('',#4442);
#4445=VERTEX_POINT('',#4443);
#4446=CARTESIAN_POINT('',(2.6E-1,-9.43E0,-2.027E1));
#4447=VERTEX_POINT('',#4446);
#4448=CARTESIAN_POINT('',(2.6E-1,-9.43E0,-1.967E1));
#4449=VERTEX_POINT('',#4448);
#4450=CARTESIAN_POINT('',(-7.4E-1,-9.43E0,-1.519E1));
#4451=CARTESIAN_POINT('',(2.6E-1,-9.43E0,-1.519E1));
#4452=VERTEX_POINT('',#4450);
#4453=VERTEX_POINT('',#4451);
#4454=CARTESIAN_POINT('',(2.6E-1,-9.43E0,-1.459E1));
#4455=VERTEX_POINT('',#4454);
#4456=CARTESIAN_POINT('',(-7.4E-1,-9.43E0,-1.459E1));
#4457=VERTEX_POINT('',#4456);
#4458=CARTESIAN_POINT('',(4.E-1,-5.25E0,-1.713E1));
#4459=CARTESIAN_POINT('',(4.E-1,-5.25E0,-1.773E1));
#4460=VERTEX_POINT('',#4458);
#4461=VERTEX_POINT('',#4459);
#4462=CARTESIAN_POINT('',(1.4E0,-5.25E0,-1.773E1));
#4463=VERTEX_POINT('',#4462);
#4464=CARTESIAN_POINT('',(1.4E0,-5.25E0,-1.713E1));
#4465=VERTEX_POINT('',#4464);
#4466=CARTESIAN_POINT('',(-7.4E-1,-5.25E0,-1.967E1));
#4467=CARTESIAN_POINT('',(-7.4E-1,-5.25E0,-2.027E1));
#4468=VERTEX_POINT('',#4466);
#4469=VERTEX_POINT('',#4467);
#4470=CARTESIAN_POINT('',(2.6E-1,-5.25E0,-2.027E1));
#4471=VERTEX_POINT('',#4470);
#4472=CARTESIAN_POINT('',(2.6E-1,-5.25E0,-1.967E1));
#4473=VERTEX_POINT('',#4472);
#4474=CARTESIAN_POINT('',(-7.4E-1,-5.25E0,-1.519E1));
#4475=CARTESIAN_POINT('',(2.6E-1,-5.25E0,-1.519E1));
#4476=VERTEX_POINT('',#4474);
#4477=VERTEX_POINT('',#4475);
#4478=CARTESIAN_POINT('',(2.6E-1,-5.25E0,-1.459E1));
#4479=VERTEX_POINT('',#4478);
#4480=CARTESIAN_POINT('',(-7.4E-1,-5.25E0,-1.459E1));
#4481=VERTEX_POINT('',#4480);
#4482=CARTESIAN_POINT('',(-1.88E0,-9.43E0,-1.713E1));
#4483=CARTESIAN_POINT('',(-1.88E0,-9.43E0,-1.773E1));
#4484=VERTEX_POINT('',#4482);
#4485=VERTEX_POINT('',#4483);
#4486=CARTESIAN_POINT('',(-8.8E-1,-9.43E0,-1.773E1));
#4487=VERTEX_POINT('',#4486);
#4488=CARTESIAN_POINT('',(-8.8E-1,-9.43E0,-1.713E1));
#4489=VERTEX_POINT('',#4488);
#4490=CARTESIAN_POINT('',(-3.02E0,-9.43E0,-1.967E1));
#4491=CARTESIAN_POINT('',(-3.02E0,-9.43E0,-2.027E1));
#4492=VERTEX_POINT('',#4490);
#4493=VERTEX_POINT('',#4491);
#4494=CARTESIAN_POINT('',(-2.02E0,-9.43E0,-2.027E1));
#4495=VERTEX_POINT('',#4494);
#4496=CARTESIAN_POINT('',(-2.02E0,-9.43E0,-1.967E1));
#4497=VERTEX_POINT('',#4496);
#4498=CARTESIAN_POINT('',(-3.02E0,-9.43E0,-1.519E1));
#4499=CARTESIAN_POINT('',(-2.02E0,-9.43E0,-1.519E1));
#4500=VERTEX_POINT('',#4498);
#4501=VERTEX_POINT('',#4499);
#4502=CARTESIAN_POINT('',(-2.02E0,-9.43E0,-1.459E1));
#4503=VERTEX_POINT('',#4502);
#4504=CARTESIAN_POINT('',(-3.02E0,-9.43E0,-1.459E1));
#4505=VERTEX_POINT('',#4504);
#4506=CARTESIAN_POINT('',(-1.88E0,-5.25E0,-1.713E1));
#4507=CARTESIAN_POINT('',(-1.88E0,-5.25E0,-1.773E1));
#4508=VERTEX_POINT('',#4506);
#4509=VERTEX_POINT('',#4507);
#4510=CARTESIAN_POINT('',(-8.8E-1,-5.25E0,-1.773E1));
#4511=VERTEX_POINT('',#4510);
#4512=CARTESIAN_POINT('',(-8.8E-1,-5.25E0,-1.713E1));
#4513=VERTEX_POINT('',#4512);
#4514=CARTESIAN_POINT('',(-3.02E0,-5.25E0,-1.967E1));
#4515=CARTESIAN_POINT('',(-3.02E0,-5.25E0,-2.027E1));
#4516=VERTEX_POINT('',#4514);
#4517=VERTEX_POINT('',#4515);
#4518=CARTESIAN_POINT('',(-2.02E0,-5.25E0,-2.027E1));
#4519=VERTEX_POINT('',#4518);
#4520=CARTESIAN_POINT('',(-2.02E0,-5.25E0,-1.967E1));
#4521=VERTEX_POINT('',#4520);
#4522=CARTESIAN_POINT('',(-3.02E0,-5.25E0,-1.519E1));
#4523=CARTESIAN_POINT('',(-2.02E0,-5.25E0,-1.519E1));
#4524=VERTEX_POINT('',#4522);
#4525=VERTEX_POINT('',#4523);
#4526=CARTESIAN_POINT('',(-2.02E0,-5.25E0,-1.459E1));
#4527=VERTEX_POINT('',#4526);
#4528=CARTESIAN_POINT('',(-3.02E0,-5.25E0,-1.459E1));
#4529=VERTEX_POINT('',#4528);
#4530=CARTESIAN_POINT('',(-4.16E0,-9.43E0,-1.713E1));
#4531=CARTESIAN_POINT('',(-4.16E0,-9.43E0,-1.773E1));
#4532=VERTEX_POINT('',#4530);
#4533=VERTEX_POINT('',#4531);
#4534=CARTESIAN_POINT('',(-3.16E0,-9.43E0,-1.773E1));
#4535=VERTEX_POINT('',#4534);
#4536=CARTESIAN_POINT('',(-3.16E0,-9.43E0,-1.713E1));
#4537=VERTEX_POINT('',#4536);
#4538=CARTESIAN_POINT('',(-5.3E0,-9.43E0,-1.967E1));
#4539=CARTESIAN_POINT('',(-5.3E0,-9.43E0,-2.027E1));
#4540=VERTEX_POINT('',#4538);
#4541=VERTEX_POINT('',#4539);
#4542=CARTESIAN_POINT('',(-4.3E0,-9.43E0,-2.027E1));
#4543=VERTEX_POINT('',#4542);
#4544=CARTESIAN_POINT('',(-4.3E0,-9.43E0,-1.967E1));
#4545=VERTEX_POINT('',#4544);
#4546=CARTESIAN_POINT('',(-5.3E0,-9.43E0,-1.519E1));
#4547=CARTESIAN_POINT('',(-4.3E0,-9.43E0,-1.519E1));
#4548=VERTEX_POINT('',#4546);
#4549=VERTEX_POINT('',#4547);
#4550=CARTESIAN_POINT('',(-4.3E0,-9.43E0,-1.459E1));
#4551=VERTEX_POINT('',#4550);
#4552=CARTESIAN_POINT('',(-5.3E0,-9.43E0,-1.459E1));
#4553=VERTEX_POINT('',#4552);
#4554=CARTESIAN_POINT('',(-4.16E0,-5.25E0,-1.713E1));
#4555=CARTESIAN_POINT('',(-4.16E0,-5.25E0,-1.773E1));
#4556=VERTEX_POINT('',#4554);
#4557=VERTEX_POINT('',#4555);
#4558=CARTESIAN_POINT('',(-3.16E0,-5.25E0,-1.773E1));
#4559=VERTEX_POINT('',#4558);
#4560=CARTESIAN_POINT('',(-3.16E0,-5.25E0,-1.713E1));
#4561=VERTEX_POINT('',#4560);
#4562=CARTESIAN_POINT('',(-5.3E0,-5.25E0,-1.967E1));
#4563=CARTESIAN_POINT('',(-5.3E0,-5.25E0,-2.027E1));
#4564=VERTEX_POINT('',#4562);
#4565=VERTEX_POINT('',#4563);
#4566=CARTESIAN_POINT('',(-4.3E0,-5.25E0,-2.027E1));
#4567=VERTEX_POINT('',#4566);
#4568=CARTESIAN_POINT('',(-4.3E0,-5.25E0,-1.967E1));
#4569=VERTEX_POINT('',#4568);
#4570=CARTESIAN_POINT('',(-5.3E0,-5.25E0,-1.519E1));
#4571=CARTESIAN_POINT('',(-4.3E0,-5.25E0,-1.519E1));
#4572=VERTEX_POINT('',#4570);
#4573=VERTEX_POINT('',#4571);
#4574=CARTESIAN_POINT('',(-4.3E0,-5.25E0,-1.459E1));
#4575=VERTEX_POINT('',#4574);
#4576=CARTESIAN_POINT('',(-5.3E0,-5.25E0,-1.459E1));
#4577=VERTEX_POINT('',#4576);
#4578=CARTESIAN_POINT('',(7.095E0,4.65E0,-2.18E1));
#4579=CARTESIAN_POINT('',(7.095E0,4.65E0,-9.2E0));
#4580=VERTEX_POINT('',#4578);
#4581=VERTEX_POINT('',#4579);
#4582=CARTESIAN_POINT('',(8.095E0,3.65E0,-2.18E1));
#4583=VERTEX_POINT('',#4582);
#4584=CARTESIAN_POINT('',(8.095E0,3.65E0,-9.2E0));
#4585=VERTEX_POINT('',#4584);
#4586=CARTESIAN_POINT('',(-8.095E0,3.65E0,-2.18E1));
#4587=CARTESIAN_POINT('',(-7.095E0,4.65E0,-2.18E1));
#4588=VERTEX_POINT('',#4586);
#4589=VERTEX_POINT('',#4587);
#4590=CARTESIAN_POINT('',(-7.095E0,4.65E0,-9.2E0));
#4591=VERTEX_POINT('',#4590);
#4592=CARTESIAN_POINT('',(-8.095E0,3.65E0,-9.2E0));
#4593=VERTEX_POINT('',#4592);
#4594=CARTESIAN_POINT('',(5.625E0,3.6452E0,0.E0));
#4595=CARTESIAN_POINT('',(-5.625E0,3.6452E0,0.E0));
#4596=VERTEX_POINT('',#4594);
#4597=VERTEX_POINT('',#4595);
#4598=CARTESIAN_POINT('',(7.826242289533E0,1.021861593279E0,0.E0));
#4599=VERTEX_POINT('',#4598);
#4600=CARTESIAN_POINT('',(7.329000203935E0,-1.798138406721E0,0.E0));
#4601=VERTEX_POINT('',#4600);
#4602=CARTESIAN_POINT('',(5.127757914402E0,-3.6452E0,0.E0));
#4603=VERTEX_POINT('',#4602);
#4604=CARTESIAN_POINT('',(-5.127757914402E0,-3.6452E0,0.E0));
#4605=VERTEX_POINT('',#4604);
#4606=CARTESIAN_POINT('',(-7.329000203935E0,-1.798138406721E0,0.E0));
#4607=VERTEX_POINT('',#4606);
#4608=CARTESIAN_POINT('',(-7.826242289533E0,1.021861593279E0,0.E0));
#4609=VERTEX_POINT('',#4608);
#4610=CARTESIAN_POINT('',(-8.126411692651E0,9.689336287260E-1,
-8.254023019110E-1));
#4611=CARTESIAN_POINT('',(-5.625E0,3.95E0,-8.254023019110E-1));
#4612=VERTEX_POINT('',#4610);
#4613=VERTEX_POINT('',#4611);
#4614=CARTESIAN_POINT('',(-7.629169607053E0,-1.851066371274E0,
-8.254023019110E-1));
#4615=VERTEX_POINT('',#4614);
#4616=CARTESIAN_POINT('',(-5.127757914402E0,-3.95E0,-8.254023019110E-1));
#4617=VERTEX_POINT('',#4616);
#4618=CARTESIAN_POINT('',(5.127757914402E0,-3.95E0,-8.254023019110E-1));
#4619=VERTEX_POINT('',#4618);
#4620=CARTESIAN_POINT('',(7.629169607053E0,-1.851066371274E0,
-8.254023019110E-1));
#4621=VERTEX_POINT('',#4620);
#4622=CARTESIAN_POINT('',(8.126411692651E0,9.689336287260E-1,
-8.254023019110E-1));
#4623=VERTEX_POINT('',#4622);
#4624=CARTESIAN_POINT('',(5.625E0,3.95E0,-8.254023019110E-1));
#4625=VERTEX_POINT('',#4624);
#4626=CARTESIAN_POINT('',(1.0825E1,-3.36E0,-1.584313044427E1));
#4627=VERTEX_POINT('',#4626);
#4628=CARTESIAN_POINT('',(1.4175E1,-3.36E0,-1.584313044427E1));
#4629=VERTEX_POINT('',#4628);
#4630=CARTESIAN_POINT('',(6.546827662746E0,6.377659550309E-1,-1.143E-1));
#4631=CARTESIAN_POINT('',(6.546827662746E0,6.647872284055E-1,-1.143E-1));
#4632=VERTEX_POINT('',#4630);
#4633=VERTEX_POINT('',#4631);
#4634=CARTESIAN_POINT('',(6.603020862731E0,6.918085017800E-1,-1.143E-1));
#4635=VERTEX_POINT('',#4634);
#4636=CARTESIAN_POINT('',(6.649848528827E0,7.053191384673E-1,-1.143E-1));
#4637=VERTEX_POINT('',#4636);
#4638=CARTESIAN_POINT('',(6.696676188224E0,7.053191384673E-1,-1.143E-1));
#4639=VERTEX_POINT('',#4638);
#4640=CARTESIAN_POINT('',(6.743503861019E0,6.918085017800E-1,-1.143E-1));
#4641=VERTEX_POINT('',#4640);
#4642=CARTESIAN_POINT('',(6.790331507018E0,6.512765917182E-1,-1.143E-1));
#4643=VERTEX_POINT('',#4642);
#4644=CARTESIAN_POINT('',(6.818428105336E0,6.107446816564E-1,-1.143E-1));
#4645=VERTEX_POINT('',#4644);
#4646=CARTESIAN_POINT('',(6.117683000807E0,-2.E0,-1.143E-1));
#4647=CARTESIAN_POINT('',(6.117683000807E0,-1.365E0,-1.143E-1));
#4648=VERTEX_POINT('',#4646);
#4649=VERTEX_POINT('',#4647);
#4650=CARTESIAN_POINT('',(6.058841500403E0,-1.365E0,-1.143E-1));
#4651=VERTEX_POINT('',#4650);
#4652=CARTESIAN_POINT('',(6.E0,-1.459574456811E0,-1.143E-1));
#4653=VERTEX_POINT('',#4652);
#4654=CARTESIAN_POINT('',(6.E0,-1.567659588158E0,-1.143E-1));
#4655=VERTEX_POINT('',#4654);
#4656=CARTESIAN_POINT('',(6.058841500403E0,-1.473085093498E0,-1.143E-1));
#4657=VERTEX_POINT('',#4656);
#4658=CARTESIAN_POINT('',(6.058841500403E0,-2.E0,-1.143E-1));
#4659=VERTEX_POINT('',#4658);
#4660=CARTESIAN_POINT('',(6.546827662746E0,6.377659550309E-1,0.E0));
#4661=CARTESIAN_POINT('',(6.546827662746E0,6.647872284055E-1,0.E0));
#4662=VERTEX_POINT('',#4660);
#4663=VERTEX_POINT('',#4661);
#4664=CARTESIAN_POINT('',(6.603020862731E0,6.918085017800E-1,0.E0));
#4665=VERTEX_POINT('',#4664);
#4666=CARTESIAN_POINT('',(6.649848528827E0,7.053191384673E-1,0.E0));
#4667=VERTEX_POINT('',#4666);
#4668=CARTESIAN_POINT('',(6.696676188224E0,7.053191384673E-1,0.E0));
#4669=VERTEX_POINT('',#4668);
#4670=CARTESIAN_POINT('',(6.743503861019E0,6.918085017800E-1,0.E0));
#4671=VERTEX_POINT('',#4670);
#4672=CARTESIAN_POINT('',(6.790331507018E0,6.512765917182E-1,0.E0));
#4673=VERTEX_POINT('',#4672);
#4674=CARTESIAN_POINT('',(6.818428105336E0,6.107446816564E-1,0.E0));
#4675=VERTEX_POINT('',#4674);
#4676=CARTESIAN_POINT('',(6.117683000807E0,-2.E0,0.E0));
#4677=CARTESIAN_POINT('',(6.117683000807E0,-1.365E0,0.E0));
#4678=VERTEX_POINT('',#4676);
#4679=VERTEX_POINT('',#4677);
#4680=CARTESIAN_POINT('',(6.058841500403E0,-1.365E0,0.E0));
#4681=VERTEX_POINT('',#4680);
#4682=CARTESIAN_POINT('',(6.E0,-1.459574456811E0,0.E0));
#4683=VERTEX_POINT('',#4682);
#4684=CARTESIAN_POINT('',(6.E0,-1.567659588158E0,0.E0));
#4685=VERTEX_POINT('',#4684);
#4686=CARTESIAN_POINT('',(6.058841500403E0,-1.473085093498E0,0.E0));
#4687=VERTEX_POINT('',#4686);
#4688=CARTESIAN_POINT('',(6.058841500403E0,-2.E0,0.E0));
#4689=VERTEX_POINT('',#4688);
#4690=CARTESIAN_POINT('',(2.401E0,1.98E0,-1.E0));
#4691=CARTESIAN_POINT('',(1.671E0,1.98E0,-1.E0));
#4692=VERTEX_POINT('',#4690);
#4693=VERTEX_POINT('',#4691);
#4694=CARTESIAN_POINT('',(3.391E0,0.E0,-1.E0));
#4695=CARTESIAN_POINT('',(2.661E0,0.E0,-1.E0));
#4696=VERTEX_POINT('',#4694);
#4697=VERTEX_POINT('',#4695);
#4698=CARTESIAN_POINT('',(2.401E0,-1.98E0,-1.E0));
#4699=CARTESIAN_POINT('',(1.671E0,-1.98E0,-1.E0));
#4700=VERTEX_POINT('',#4698);
#4701=VERTEX_POINT('',#4699);
#4702=CARTESIAN_POINT('',(1.11E-1,1.98E0,-1.E0));
#4703=CARTESIAN_POINT('',(-6.19E-1,1.98E0,-1.E0));
#4704=VERTEX_POINT('',#4702);
#4705=VERTEX_POINT('',#4703);
#4706=CARTESIAN_POINT('',(1.101E0,0.E0,-1.E0));
#4707=CARTESIAN_POINT('',(3.71E-1,0.E0,-1.E0));
#4708=VERTEX_POINT('',#4706);
#4709=VERTEX_POINT('',#4707);
#4710=CARTESIAN_POINT('',(1.11E-1,-1.98E0,-1.E0));
#4711=CARTESIAN_POINT('',(-6.19E-1,-1.98E0,-1.E0));
#4712=VERTEX_POINT('',#4710);
#4713=VERTEX_POINT('',#4711);
#4714=CARTESIAN_POINT('',(-2.179E0,1.98E0,-1.E0));
#4715=CARTESIAN_POINT('',(-2.909E0,1.98E0,-1.E0));
#4716=VERTEX_POINT('',#4714);
#4717=VERTEX_POINT('',#4715);
#4718=CARTESIAN_POINT('',(-1.189E0,0.E0,-1.E0));
#4719=CARTESIAN_POINT('',(-1.919E0,0.E0,-1.E0));
#4720=VERTEX_POINT('',#4718);
#4721=VERTEX_POINT('',#4719);
#4722=CARTESIAN_POINT('',(-2.179E0,-1.98E0,-1.E0));
#4723=CARTESIAN_POINT('',(-2.909E0,-1.98E0,-1.E0));
#4724=VERTEX_POINT('',#4722);
#4725=VERTEX_POINT('',#4723);
#4726=CARTESIAN_POINT('',(-4.469E0,1.98E0,-1.E0));
#4727=CARTESIAN_POINT('',(-5.199E0,1.98E0,-1.E0));
#4728=VERTEX_POINT('',#4726);
#4729=VERTEX_POINT('',#4727);
#4730=CARTESIAN_POINT('',(-3.479E0,0.E0,-1.E0));
#4731=CARTESIAN_POINT('',(-4.209E0,0.E0,-1.E0));
#4732=VERTEX_POINT('',#4730);
#4733=VERTEX_POINT('',#4731);
#4734=CARTESIAN_POINT('',(-4.469E0,-1.98E0,-1.E0));
#4735=CARTESIAN_POINT('',(-5.199E0,-1.98E0,-1.E0));
#4736=VERTEX_POINT('',#4734);
#4737=VERTEX_POINT('',#4735);
#4738=CARTESIAN_POINT('',(1.2138E0,1.98E0,0.E0));
#4739=CARTESIAN_POINT('',(2.8582E0,1.98E0,0.E0));
#4740=VERTEX_POINT('',#4738);
#4741=VERTEX_POINT('',#4739);
#4742=CARTESIAN_POINT('',(1.671E0,1.98E0,-4.572E-1));
#4743=CARTESIAN_POINT('',(2.401E0,1.98E0,-4.572E-1));
#4744=VERTEX_POINT('',#4742);
#4745=VERTEX_POINT('',#4743);
#4746=CARTESIAN_POINT('',(3.8482E0,0.E0,0.E0));
#4747=CARTESIAN_POINT('',(2.2038E0,0.E0,0.E0));
#4748=VERTEX_POINT('',#4746);
#4749=VERTEX_POINT('',#4747);
#4750=CARTESIAN_POINT('',(3.391E0,0.E0,-4.572E-1));
#4751=CARTESIAN_POINT('',(2.661E0,0.E0,-4.572E-1));
#4752=VERTEX_POINT('',#4750);
#4753=VERTEX_POINT('',#4751);
#4754=CARTESIAN_POINT('',(1.2138E0,-1.98E0,0.E0));
#4755=CARTESIAN_POINT('',(2.8582E0,-1.98E0,0.E0));
#4756=VERTEX_POINT('',#4754);
#4757=VERTEX_POINT('',#4755);
#4758=CARTESIAN_POINT('',(1.671E0,-1.98E0,-4.572E-1));
#4759=CARTESIAN_POINT('',(2.401E0,-1.98E0,-4.572E-1));
#4760=VERTEX_POINT('',#4758);
#4761=VERTEX_POINT('',#4759);
#4762=CARTESIAN_POINT('',(-1.0762E0,1.98E0,0.E0));
#4763=CARTESIAN_POINT('',(5.682E-1,1.98E0,0.E0));
#4764=VERTEX_POINT('',#4762);
#4765=VERTEX_POINT('',#4763);
#4766=CARTESIAN_POINT('',(-6.19E-1,1.98E0,-4.572E-1));
#4767=CARTESIAN_POINT('',(1.11E-1,1.98E0,-4.572E-1));
#4768=VERTEX_POINT('',#4766);
#4769=VERTEX_POINT('',#4767);
#4770=CARTESIAN_POINT('',(1.5582E0,0.E0,0.E0));
#4771=CARTESIAN_POINT('',(-8.62E-2,0.E0,0.E0));
#4772=VERTEX_POINT('',#4770);
#4773=VERTEX_POINT('',#4771);
#4774=CARTESIAN_POINT('',(1.101E0,0.E0,-4.572E-1));
#4775=CARTESIAN_POINT('',(3.71E-1,0.E0,-4.572E-1));
#4776=VERTEX_POINT('',#4774);
#4777=VERTEX_POINT('',#4775);
#4778=CARTESIAN_POINT('',(-1.0762E0,-1.98E0,0.E0));
#4779=CARTESIAN_POINT('',(5.682E-1,-1.98E0,0.E0));
#4780=VERTEX_POINT('',#4778);
#4781=VERTEX_POINT('',#4779);
#4782=CARTESIAN_POINT('',(-6.19E-1,-1.98E0,-4.572E-1));
#4783=CARTESIAN_POINT('',(1.11E-1,-1.98E0,-4.572E-1));
#4784=VERTEX_POINT('',#4782);
#4785=VERTEX_POINT('',#4783);
#4786=CARTESIAN_POINT('',(-3.3662E0,1.98E0,0.E0));
#4787=CARTESIAN_POINT('',(-1.7218E0,1.98E0,0.E0));
#4788=VERTEX_POINT('',#4786);
#4789=VERTEX_POINT('',#4787);
#4790=CARTESIAN_POINT('',(-2.909E0,1.98E0,-4.572E-1));
#4791=CARTESIAN_POINT('',(-2.179E0,1.98E0,-4.572E-1));
#4792=VERTEX_POINT('',#4790);
#4793=VERTEX_POINT('',#4791);
#4794=CARTESIAN_POINT('',(-7.318E-1,0.E0,0.E0));
#4795=CARTESIAN_POINT('',(-2.3762E0,0.E0,0.E0));
#4796=VERTEX_POINT('',#4794);
#4797=VERTEX_POINT('',#4795);
#4798=CARTESIAN_POINT('',(-1.189E0,0.E0,-4.572E-1));
#4799=CARTESIAN_POINT('',(-1.919E0,0.E0,-4.572E-1));
#4800=VERTEX_POINT('',#4798);
#4801=VERTEX_POINT('',#4799);
#4802=CARTESIAN_POINT('',(-3.3662E0,-1.98E0,0.E0));
#4803=CARTESIAN_POINT('',(-1.7218E0,-1.98E0,0.E0));
#4804=VERTEX_POINT('',#4802);
#4805=VERTEX_POINT('',#4803);
#4806=CARTESIAN_POINT('',(-2.909E0,-1.98E0,-4.572E-1));
#4807=CARTESIAN_POINT('',(-2.179E0,-1.98E0,-4.572E-1));
#4808=VERTEX_POINT('',#4806);
#4809=VERTEX_POINT('',#4807);
#4810=CARTESIAN_POINT('',(-5.6562E0,1.98E0,0.E0));
#4811=CARTESIAN_POINT('',(-4.0118E0,1.98E0,0.E0));
#4812=VERTEX_POINT('',#4810);
#4813=VERTEX_POINT('',#4811);
#4814=CARTESIAN_POINT('',(-5.199E0,1.98E0,-4.572E-1));
#4815=CARTESIAN_POINT('',(-4.469E0,1.98E0,-4.572E-1));
#4816=VERTEX_POINT('',#4814);
#4817=VERTEX_POINT('',#4815);
#4818=CARTESIAN_POINT('',(-3.0218E0,0.E0,0.E0));
#4819=CARTESIAN_POINT('',(-4.6662E0,0.E0,0.E0));
#4820=VERTEX_POINT('',#4818);
#4821=VERTEX_POINT('',#4819);
#4822=CARTESIAN_POINT('',(-3.479E0,0.E0,-4.572E-1));
#4823=CARTESIAN_POINT('',(-4.209E0,0.E0,-4.572E-1));
#4824=VERTEX_POINT('',#4822);
#4825=VERTEX_POINT('',#4823);
#4826=CARTESIAN_POINT('',(-5.6562E0,-1.98E0,0.E0));
#4827=CARTESIAN_POINT('',(-4.0118E0,-1.98E0,0.E0));
#4828=VERTEX_POINT('',#4826);
#4829=VERTEX_POINT('',#4827);
#4830=CARTESIAN_POINT('',(-5.199E0,-1.98E0,-4.572E-1));
#4831=CARTESIAN_POINT('',(-4.469E0,-1.98E0,-4.572E-1));
#4832=VERTEX_POINT('',#4830);
#4833=VERTEX_POINT('',#4831);
#4834=CARTESIAN_POINT('',(6.556193196635E0,7.458510485291E-1,-1.143E-1));
#4835=VERTEX_POINT('',#4834);
#4836=CARTESIAN_POINT('',(6.565558727175E0,7.863829964399E-1,-1.143E-1));
#4837=VERTEX_POINT('',#4836);
#4838=CARTESIAN_POINT('',(6.584289794953E0,8.269149065018E-1,-1.143E-1));
#4839=VERTEX_POINT('',#4838);
#4840=CARTESIAN_POINT('',(6.612386393271E0,8.539361798763E-1,-1.143E-1));
#4841=VERTEX_POINT('',#4840);
#4842=CARTESIAN_POINT('',(6.640482991589E0,8.674468165636E-1,-1.143E-1));
#4843=VERTEX_POINT('',#4842);
#4844=CARTESIAN_POINT('',(6.696676188224E0,8.674468165636E-1,-1.143E-1));
#4845=VERTEX_POINT('',#4844);
#4846=CARTESIAN_POINT('',(6.724772786542E0,8.539361798763E-1,-1.143E-1));
#4847=VERTEX_POINT('',#4846);
#4848=CARTESIAN_POINT('',(6.752869384860E0,8.269149065018E-1,-1.143E-1));
#4849=VERTEX_POINT('',#4848);
#4850=CARTESIAN_POINT('',(6.771600459337E0,7.863829964399E-1,-1.143E-1));
#4851=VERTEX_POINT('',#4850);
#4852=CARTESIAN_POINT('',(6.818428105336E0,7.863829964399E-1,-1.143E-1));
#4853=VERTEX_POINT('',#4852);
#4854=CARTESIAN_POINT('',(6.809062581495E0,8.269149065018E-1,-1.143E-1));
#4855=VERTEX_POINT('',#4854);
#4856=CARTESIAN_POINT('',(6.780965983177E0,8.809574532509E-1,-1.143E-1));
#4857=VERTEX_POINT('',#4856);
#4858=CARTESIAN_POINT('',(6.734138310383E0,9.214893633127E-1,-1.143E-1));
#4859=VERTEX_POINT('',#4858);
#4860=CARTESIAN_POINT('',(6.687310650986E0,9.35E-1,-1.143E-1));
#4861=VERTEX_POINT('',#4860);
#4862=CARTESIAN_POINT('',(6.649848528827E0,9.35E-1,-1.143E-1));
#4863=VERTEX_POINT('',#4862);
#4864=CARTESIAN_POINT('',(6.603020862731E0,9.214893633127E-1,-1.143E-1));
#4865=VERTEX_POINT('',#4864);
#4866=CARTESIAN_POINT('',(6.556193196635E0,8.809574532509E-1,-1.143E-1));
#4867=VERTEX_POINT('',#4866);
#4868=CARTESIAN_POINT('',(6.528096598318E0,8.269149065018E-1,-1.143E-1));
#4869=VERTEX_POINT('',#4868);
#4870=CARTESIAN_POINT('',(6.509365533052E0,7.593616852164E-1,-1.143E-1));
#4871=VERTEX_POINT('',#4870);
#4872=CARTESIAN_POINT('',(6.5E0,6.647872284055E-1,-1.143E-1));
#4873=VERTEX_POINT('',#4872);
#4874=CARTESIAN_POINT('',(6.5E0,5.702127715945E-1,-1.143E-1));
#4875=VERTEX_POINT('',#4874);
#4876=CARTESIAN_POINT('',(6.509365533052E0,4.756382958591E-1,-1.143E-1));
#4877=VERTEX_POINT('',#4876);
#4878=CARTESIAN_POINT('',(6.528096598318E0,4.080851029605E-1,-1.143E-1));
#4879=VERTEX_POINT('',#4878);
#4880=CARTESIAN_POINT('',(6.556193196635E0,3.540425514802E-1,-1.143E-1));
#4881=VERTEX_POINT('',#4880);
#4882=CARTESIAN_POINT('',(6.603020862731E0,3.135106378701E-1,-1.143E-1));
#4883=VERTEX_POINT('',#4882);
#4884=CARTESIAN_POINT('',(6.649848528827E0,3.E-1,-1.143E-1));
#4885=VERTEX_POINT('',#4884);
#4886=CARTESIAN_POINT('',(6.696676188224E0,3.E-1,-1.143E-1));
#4887=VERTEX_POINT('',#4886);
#4888=CARTESIAN_POINT('',(6.743503861019E0,3.135106378701E-1,-1.143E-1));
#4889=VERTEX_POINT('',#4888);
#4890=CARTESIAN_POINT('',(6.790331507018E0,3.540425514802E-1,-1.143E-1));
#4891=VERTEX_POINT('',#4890);
#4892=CARTESIAN_POINT('',(6.818428105336E0,4.080851029605E-1,-1.143E-1));
#4893=VERTEX_POINT('',#4892);
#4894=CARTESIAN_POINT('',(6.837159179813E0,4.756382958591E-1,-1.143E-1));
#4895=VERTEX_POINT('',#4894);
#4896=CARTESIAN_POINT('',(6.837159179813E0,5.431914982200E-1,-1.143E-1));
#4897=VERTEX_POINT('',#4896);
#4898=CARTESIAN_POINT('',(6.780965983177E0,5.702127715945E-1,-1.143E-1));
#4899=CARTESIAN_POINT('',(6.790331507018E0,5.296808426082E-1,-1.143E-1));
#4900=VERTEX_POINT('',#4898);
#4901=VERTEX_POINT('',#4899);
#4902=CARTESIAN_POINT('',(6.790331507018E0,4.891489325464E-1,-1.143E-1));
#4903=VERTEX_POINT('',#4902);
#4904=CARTESIAN_POINT('',(6.780965983177E0,4.486170224845E-1,-1.143E-1));
#4905=VERTEX_POINT('',#4904);
#4906=CARTESIAN_POINT('',(6.762234908701E0,4.080851029605E-1,-1.143E-1));
#4907=VERTEX_POINT('',#4906);
#4908=CARTESIAN_POINT('',(6.734138310383E0,3.810638295859E-1,-1.143E-1));
#4909=VERTEX_POINT('',#4908);
#4910=CARTESIAN_POINT('',(6.706041725463E0,3.675531928986E-1,-1.143E-1));
#4911=VERTEX_POINT('',#4910);
#4912=CARTESIAN_POINT('',(6.640482991589E0,3.675531928986E-1,-1.143E-1));
#4913=VERTEX_POINT('',#4912);
#4914=CARTESIAN_POINT('',(6.612386393271E0,3.810638295859E-1,-1.143E-1));
#4915=VERTEX_POINT('',#4914);
#4916=CARTESIAN_POINT('',(6.584289794953E0,4.080851029605E-1,-1.143E-1));
#4917=VERTEX_POINT('',#4916);
#4918=CARTESIAN_POINT('',(6.565558727175E0,4.486170224845E-1,-1.143E-1));
#4919=VERTEX_POINT('',#4918);
#4920=CARTESIAN_POINT('',(6.556193196635E0,4.891489325464E-1,-1.143E-1));
#4921=VERTEX_POINT('',#4920);
#4922=CARTESIAN_POINT('',(6.556193196635E0,5.296808426082E-1,-1.143E-1));
#4923=VERTEX_POINT('',#4922);
#4924=CARTESIAN_POINT('',(6.565558727175E0,5.702127715945E-1,-1.143E-1));
#4925=VERTEX_POINT('',#4924);
#4926=CARTESIAN_POINT('',(6.584289794953E0,5.972340449691E-1,-1.143E-1));
#4927=VERTEX_POINT('',#4926);
#4928=CARTESIAN_POINT('',(6.612386393271E0,6.242553183436E-1,-1.143E-1));
#4929=VERTEX_POINT('',#4928);
#4930=CARTESIAN_POINT('',(6.640482991589E0,6.377659550309E-1,-1.143E-1));
#4931=VERTEX_POINT('',#4930);
#4932=CARTESIAN_POINT('',(6.706041725463E0,6.377659550309E-1,-1.143E-1));
#4933=VERTEX_POINT('',#4932);
#4934=CARTESIAN_POINT('',(6.734138310383E0,6.242553183436E-1,-1.143E-1));
#4935=VERTEX_POINT('',#4934);
#4936=CARTESIAN_POINT('',(6.762234908701E0,5.972340449691E-1,-1.143E-1));
#4937=VERTEX_POINT('',#4936);
#4938=CARTESIAN_POINT('',(6.313821344837E0,-2.E0,-1.143E-1));
#4939=CARTESIAN_POINT('',(6.313821344837E0,-1.365E0,-1.143E-1));
#4940=VERTEX_POINT('',#4938);
#4941=VERTEX_POINT('',#4939);
#4942=CARTESIAN_POINT('',(6.254979844433E0,-1.365E0,-1.143E-1));
#4943=VERTEX_POINT('',#4942);
#4944=CARTESIAN_POINT('',(6.196138330001E0,-1.459574456811E0,-1.143E-1));
#4945=VERTEX_POINT('',#4944);
#4946=CARTESIAN_POINT('',(6.196138330001E0,-1.567659588158E0,-1.143E-1));
#4947=VERTEX_POINT('',#4946);
#4948=CARTESIAN_POINT('',(6.254979844433E0,-1.473085093498E0,-1.143E-1));
#4949=VERTEX_POINT('',#4948);
#4950=CARTESIAN_POINT('',(6.254979844433E0,-2.E0,-1.143E-1));
#4951=VERTEX_POINT('',#4950);
#4952=CARTESIAN_POINT('',(6.556193196635E0,7.458510485291E-1,0.E0));
#4953=VERTEX_POINT('',#4952);
#4954=CARTESIAN_POINT('',(6.565558727175E0,7.863829964399E-1,0.E0));
#4955=VERTEX_POINT('',#4954);
#4956=CARTESIAN_POINT('',(6.584289794953E0,8.269149065018E-1,0.E0));
#4957=VERTEX_POINT('',#4956);
#4958=CARTESIAN_POINT('',(6.612386393271E0,8.539361798763E-1,0.E0));
#4959=VERTEX_POINT('',#4958);
#4960=CARTESIAN_POINT('',(6.640482991589E0,8.674468165636E-1,0.E0));
#4961=VERTEX_POINT('',#4960);
#4962=CARTESIAN_POINT('',(6.696676188224E0,8.674468165636E-1,0.E0));
#4963=VERTEX_POINT('',#4962);
#4964=CARTESIAN_POINT('',(6.724772786542E0,8.539361798763E-1,0.E0));
#4965=VERTEX_POINT('',#4964);
#4966=CARTESIAN_POINT('',(6.752869384860E0,8.269149065018E-1,0.E0));
#4967=VERTEX_POINT('',#4966);
#4968=CARTESIAN_POINT('',(6.771600459337E0,7.863829964399E-1,0.E0));
#4969=VERTEX_POINT('',#4968);
#4970=CARTESIAN_POINT('',(6.818428105336E0,7.863829964399E-1,0.E0));
#4971=VERTEX_POINT('',#4970);
#4972=CARTESIAN_POINT('',(6.809062581495E0,8.269149065018E-1,0.E0));
#4973=VERTEX_POINT('',#4972);
#4974=CARTESIAN_POINT('',(6.780965983177E0,8.809574532509E-1,0.E0));
#4975=VERTEX_POINT('',#4974);
#4976=CARTESIAN_POINT('',(6.734138310383E0,9.214893633127E-1,0.E0));
#4977=VERTEX_POINT('',#4976);
#4978=CARTESIAN_POINT('',(6.687310650986E0,9.35E-1,0.E0));
#4979=VERTEX_POINT('',#4978);
#4980=CARTESIAN_POINT('',(6.649848528827E0,9.35E-1,0.E0));
#4981=VERTEX_POINT('',#4980);
#4982=CARTESIAN_POINT('',(6.603020862731E0,9.214893633127E-1,0.E0));
#4983=VERTEX_POINT('',#4982);
#4984=CARTESIAN_POINT('',(6.556193196635E0,8.809574532509E-1,0.E0));
#4985=VERTEX_POINT('',#4984);
#4986=CARTESIAN_POINT('',(6.528096598318E0,8.269149065018E-1,0.E0));
#4987=VERTEX_POINT('',#4986);
#4988=CARTESIAN_POINT('',(6.509365533052E0,7.593616852164E-1,0.E0));
#4989=VERTEX_POINT('',#4988);
#4990=CARTESIAN_POINT('',(6.5E0,6.647872284055E-1,0.E0));
#4991=VERTEX_POINT('',#4990);
#4992=CARTESIAN_POINT('',(6.5E0,5.702127715945E-1,0.E0));
#4993=VERTEX_POINT('',#4992);
#4994=CARTESIAN_POINT('',(6.509365533052E0,4.756382958591E-1,0.E0));
#4995=VERTEX_POINT('',#4994);
#4996=CARTESIAN_POINT('',(6.528096598318E0,4.080851029605E-1,0.E0));
#4997=VERTEX_POINT('',#4996);
#4998=CARTESIAN_POINT('',(6.556193196635E0,3.540425514802E-1,0.E0));
#4999=VERTEX_POINT('',#4998);
#5000=CARTESIAN_POINT('',(6.603020862731E0,3.135106378701E-1,0.E0));
#5001=VERTEX_POINT('',#5000);
#5002=CARTESIAN_POINT('',(6.649848528827E0,3.E-1,0.E0));
#5003=VERTEX_POINT('',#5002);
#5004=CARTESIAN_POINT('',(6.696676188224E0,3.E-1,0.E0));
#5005=VERTEX_POINT('',#5004);
#5006=CARTESIAN_POINT('',(6.743503861019E0,3.135106378701E-1,0.E0));
#5007=VERTEX_POINT('',#5006);
#5008=CARTESIAN_POINT('',(6.790331507018E0,3.540425514802E-1,0.E0));
#5009=VERTEX_POINT('',#5008);
#5010=CARTESIAN_POINT('',(6.818428105336E0,4.080851029605E-1,0.E0));
#5011=VERTEX_POINT('',#5010);
#5012=CARTESIAN_POINT('',(6.837159179813E0,4.756382958591E-1,0.E0));
#5013=VERTEX_POINT('',#5012);
#5014=CARTESIAN_POINT('',(6.837159179813E0,5.431914982200E-1,0.E0));
#5015=VERTEX_POINT('',#5014);
#5016=CARTESIAN_POINT('',(6.780965983177E0,5.702127715945E-1,0.E0));
#5017=CARTESIAN_POINT('',(6.790331507018E0,5.296808426082E-1,0.E0));
#5018=VERTEX_POINT('',#5016);
#5019=VERTEX_POINT('',#5017);
#5020=CARTESIAN_POINT('',(6.790331507018E0,4.891489325464E-1,0.E0));
#5021=VERTEX_POINT('',#5020);
#5022=CARTESIAN_POINT('',(6.780965983177E0,4.486170224845E-1,0.E0));
#5023=VERTEX_POINT('',#5022);
#5024=CARTESIAN_POINT('',(6.762234908701E0,4.080851029605E-1,0.E0));
#5025=VERTEX_POINT('',#5024);
#5026=CARTESIAN_POINT('',(6.734138310383E0,3.810638295859E-1,0.E0));
#5027=VERTEX_POINT('',#5026);
#5028=CARTESIAN_POINT('',(6.706041725463E0,3.675531928986E-1,0.E0));
#5029=VERTEX_POINT('',#5028);
#5030=CARTESIAN_POINT('',(6.640482991589E0,3.675531928986E-1,0.E0));
#5031=VERTEX_POINT('',#5030);
#5032=CARTESIAN_POINT('',(6.612386393271E0,3.810638295859E-1,0.E0));
#5033=VERTEX_POINT('',#5032);
#5034=CARTESIAN_POINT('',(6.584289794953E0,4.080851029605E-1,0.E0));
#5035=VERTEX_POINT('',#5034);
#5036=CARTESIAN_POINT('',(6.565558727175E0,4.486170224845E-1,0.E0));
#5037=VERTEX_POINT('',#5036);
#5038=CARTESIAN_POINT('',(6.556193196635E0,4.891489325464E-1,0.E0));
#5039=VERTEX_POINT('',#5038);
#5040=CARTESIAN_POINT('',(6.556193196635E0,5.296808426082E-1,0.E0));
#5041=VERTEX_POINT('',#5040);
#5042=CARTESIAN_POINT('',(6.565558727175E0,5.702127715945E-1,0.E0));
#5043=VERTEX_POINT('',#5042);
#5044=CARTESIAN_POINT('',(6.584289794953E0,5.972340449691E-1,0.E0));
#5045=VERTEX_POINT('',#5044);
#5046=CARTESIAN_POINT('',(6.612386393271E0,6.242553183436E-1,0.E0));
#5047=VERTEX_POINT('',#5046);
#5048=CARTESIAN_POINT('',(6.640482991589E0,6.377659550309E-1,0.E0));
#5049=VERTEX_POINT('',#5048);
#5050=CARTESIAN_POINT('',(6.706041725463E0,6.377659550309E-1,0.E0));
#5051=VERTEX_POINT('',#5050);
#5052=CARTESIAN_POINT('',(6.734138310383E0,6.242553183436E-1,0.E0));
#5053=VERTEX_POINT('',#5052);
#5054=CARTESIAN_POINT('',(6.762234908701E0,5.972340449691E-1,0.E0));
#5055=VERTEX_POINT('',#5054);
#5056=CARTESIAN_POINT('',(6.313821344837E0,-2.E0,0.E0));
#5057=CARTESIAN_POINT('',(6.313821344837E0,-1.365E0,0.E0));
#5058=VERTEX_POINT('',#5056);
#5059=VERTEX_POINT('',#5057);
#5060=CARTESIAN_POINT('',(6.254979844433E0,-1.365E0,0.E0));
#5061=VERTEX_POINT('',#5060);
#5062=CARTESIAN_POINT('',(6.196138330001E0,-1.459574456811E0,0.E0));
#5063=VERTEX_POINT('',#5062);
#5064=CARTESIAN_POINT('',(6.196138330001E0,-1.567659588158E0,0.E0));
#5065=VERTEX_POINT('',#5064);
#5066=CARTESIAN_POINT('',(6.254979844433E0,-1.473085093498E0,0.E0));
#5067=VERTEX_POINT('',#5066);
#5068=CARTESIAN_POINT('',(6.254979844433E0,-2.E0,0.E0));
#5069=VERTEX_POINT('',#5068);
#5070=CARTESIAN_POINT('',(1.108E1,0.E0,-9.19E0));
#5071=CARTESIAN_POINT('',(1.392E1,0.E0,-9.19E0));
#5072=VERTEX_POINT('',#5070);
#5073=VERTEX_POINT('',#5071);
#5074=CARTESIAN_POINT('',(1.19E1,-2.86E0,-1.573E1));
#5075=CARTESIAN_POINT('',(1.31E1,-2.86E0,-1.573E1));
#5076=VERTEX_POINT('',#5074);
#5077=VERTEX_POINT('',#5075);
#5078=CARTESIAN_POINT('',(1.19E1,-3.36E0,-1.573E1));
#5079=VERTEX_POINT('',#5078);
#5080=CARTESIAN_POINT('',(1.31E1,-3.36E0,-1.573E1));
#5081=VERTEX_POINT('',#5080);
#5082=CARTESIAN_POINT('',(-1.5125E1,-2.86E0,-1.535E1));
#5083=CARTESIAN_POINT('',(-1.5125E1,-2.86E0,-9.19E0));
#5084=VERTEX_POINT('',#5082);
#5085=VERTEX_POINT('',#5083);
#5086=CARTESIAN_POINT('',(-9.875E0,-2.86E0,-1.535E1));
#5087=CARTESIAN_POINT('',(-9.875E0,-2.86E0,-9.19E0));
#5088=VERTEX_POINT('',#5086);
#5089=VERTEX_POINT('',#5087);
#5090=CARTESIAN_POINT('',(-1.5125E1,-3.36E0,-1.535E1));
#5091=VERTEX_POINT('',#5090);
#5092=CARTESIAN_POINT('',(-9.875E0,-3.36E0,-1.535E1));
#5093=VERTEX_POINT('',#5092);
#5094=CARTESIAN_POINT('',(-1.31E1,-2.86E0,-1.573E1));
#5095=CARTESIAN_POINT('',(-1.31E1,-3.36E0,-1.573E1));
#5096=VERTEX_POINT('',#5094);
#5097=VERTEX_POINT('',#5095);
#5098=CARTESIAN_POINT('',(-1.19E1,-2.86E0,-1.573E1));
#5099=CARTESIAN_POINT('',(-1.19E1,-3.36E0,-1.573E1));
#5100=VERTEX_POINT('',#5098);
#5101=VERTEX_POINT('',#5099);
#5102=CARTESIAN_POINT('',(-1.19E1,-9.9E0,-1.768E1));
#5103=CARTESIAN_POINT('',(-1.19E1,-9.9E0,-1.718E1));
#5104=VERTEX_POINT('',#5102);
#5105=VERTEX_POINT('',#5103);
#5106=CARTESIAN_POINT('',(-1.31E1,-9.9E0,-1.768E1));
#5107=CARTESIAN_POINT('',(-1.31E1,-9.9E0,-1.718E1));
#5108=VERTEX_POINT('',#5106);
#5109=VERTEX_POINT('',#5107);
#5110=CARTESIAN_POINT('',(-1.455E1,-8.35E0,-1.768E1));
#5111=CARTESIAN_POINT('',(-1.455E1,-8.35E0,-1.718E1));
#5112=VERTEX_POINT('',#5110);
#5113=VERTEX_POINT('',#5111);
#5114=CARTESIAN_POINT('',(-1.045E1,-8.35E0,-1.768E1));
#5115=CARTESIAN_POINT('',(-1.045E1,-8.35E0,-1.718E1));
#5116=VERTEX_POINT('',#5114);
#5117=VERTEX_POINT('',#5115);
#5118=CARTESIAN_POINT('',(-1.4175E1,-7.35E0,-1.768E1));
#5119=VERTEX_POINT('',#5118);
#5120=CARTESIAN_POINT('',(-1.0825E1,-7.35E0,-1.768E1));
#5121=VERTEX_POINT('',#5120);
#5122=CARTESIAN_POINT('',(-1.4175E1,-7.35E0,-1.718E1));
#5123=VERTEX_POINT('',#5122);
#5124=CARTESIAN_POINT('',(-1.0825E1,-7.35E0,-1.718E1));
#5125=VERTEX_POINT('',#5124);
#5126=CARTESIAN_POINT('',(-1.5125E1,-3.36E0,-9.47E0));
#5127=VERTEX_POINT('',#5126);
#5128=CARTESIAN_POINT('',(-9.875E0,-3.36E0,-9.47E0));
#5129=VERTEX_POINT('',#5128);
#5130=CARTESIAN_POINT('',(-1.5125E1,-2.58E0,-8.69E0));
#5131=VERTEX_POINT('',#5130);
#5132=CARTESIAN_POINT('',(-9.875E0,-2.58E0,-8.69E0));
#5133=VERTEX_POINT('',#5132);
#5134=CARTESIAN_POINT('',(-1.5125E1,2.9E0,-8.69E0));
#5135=VERTEX_POINT('',#5134);
#5136=CARTESIAN_POINT('',(-9.875E0,2.9E0,-8.69E0));
#5137=VERTEX_POINT('',#5136);
#5138=CARTESIAN_POINT('',(-1.5125E1,2.9E0,-9.19E0));
#5139=VERTEX_POINT('',#5138);
#5140=CARTESIAN_POINT('',(-9.875E0,2.9E0,-9.19E0));
#5141=VERTEX_POINT('',#5140);
#5142=CARTESIAN_POINT('',(-1.4175E1,-3.36E0,-1.584313044427E1));
#5143=CARTESIAN_POINT('',(-1.4175E1,-3.36E0,-1.535E1));
#5144=VERTEX_POINT('',#5142);
#5145=VERTEX_POINT('',#5143);
#5146=CARTESIAN_POINT('',(-1.0825E1,-3.36E0,-1.584313044427E1));
#5147=CARTESIAN_POINT('',(-1.0825E1,-3.36E0,-1.535E1));
#5148=VERTEX_POINT('',#5146);
#5149=VERTEX_POINT('',#5147);
#5150=CARTESIAN_POINT('',(-1.4175E1,-2.86E0,-1.535E1));
#5151=VERTEX_POINT('',#5150);
#5152=CARTESIAN_POINT('',(-1.0825E1,-2.86E0,-1.535E1));
#5153=VERTEX_POINT('',#5152);
#5154=CARTESIAN_POINT('',(-1.079773711339E1,-9.759494432952E0,-1.718E1));
#5155=CARTESIAN_POINT('',(-1.145E1,-1.035E1,-1.718E1));
#5156=VERTEX_POINT('',#5154);
#5157=VERTEX_POINT('',#5155);
#5158=CARTESIAN_POINT('',(-1.355E1,-1.035E1,-1.718E1));
#5159=CARTESIAN_POINT('',(-1.420226288661E1,-9.759494432952E0,-1.718E1));
#5160=VERTEX_POINT('',#5158);
#5161=VERTEX_POINT('',#5159);
#5162=CARTESIAN_POINT('',(-1.145E1,-1.035E1,-1.768E1));
#5163=VERTEX_POINT('',#5162);
#5164=CARTESIAN_POINT('',(-1.355E1,-1.035E1,-1.768E1));
#5165=VERTEX_POINT('',#5164);
#5166=CARTESIAN_POINT('',(-1.079773711339E1,-9.759494432952E0,-1.768E1));
#5167=VERTEX_POINT('',#5166);
#5168=CARTESIAN_POINT('',(-1.420226288661E1,-9.759494432952E0,-1.768E1));
#5169=VERTEX_POINT('',#5168);
#5170=CARTESIAN_POINT('',(-1.392E1,0.E0,-9.19E0));
#5171=CARTESIAN_POINT('',(-1.108E1,0.E0,-9.19E0));
#5172=VERTEX_POINT('',#5170);
#5173=VERTEX_POINT('',#5171);
#5174=CARTESIAN_POINT('',(-1.4175E1,-3.86E0,-1.718E1));
#5175=CARTESIAN_POINT('',(-1.31E1,-3.86E0,-1.718E1));
#5176=VERTEX_POINT('',#5174);
#5177=VERTEX_POINT('',#5175);
#5178=CARTESIAN_POINT('',(-1.4175E1,-3.36E0,-1.668E1));
#5179=CARTESIAN_POINT('',(-1.31E1,-3.36E0,-1.668E1));
#5180=VERTEX_POINT('',#5178);
#5181=VERTEX_POINT('',#5179);
#5182=CARTESIAN_POINT('',(1.31E1,-3.86E0,-1.718E1));
#5183=CARTESIAN_POINT('',(1.4175E1,-3.86E0,-1.718E1));
#5184=VERTEX_POINT('',#5182);
#5185=VERTEX_POINT('',#5183);
#5186=CARTESIAN_POINT('',(1.31E1,-3.36E0,-1.668E1));
#5187=CARTESIAN_POINT('',(1.4175E1,-3.36E0,-1.668E1));
#5188=VERTEX_POINT('',#5186);
#5189=VERTEX_POINT('',#5187);
#5190=CARTESIAN_POINT('',(1.0825E1,-3.86E0,-1.718E1));
#5191=CARTESIAN_POINT('',(1.19E1,-3.86E0,-1.718E1));
#5192=VERTEX_POINT('',#5190);
#5193=VERTEX_POINT('',#5191);
#5194=CARTESIAN_POINT('',(1.0825E1,-3.36E0,-1.668E1));
#5195=CARTESIAN_POINT('',(1.19E1,-3.36E0,-1.668E1));
#5196=VERTEX_POINT('',#5194);
#5197=VERTEX_POINT('',#5195);
#5198=CARTESIAN_POINT('',(-1.19E1,-3.86E0,-1.718E1));
#5199=CARTESIAN_POINT('',(-1.0825E1,-3.86E0,-1.718E1));
#5200=VERTEX_POINT('',#5198);
#5201=VERTEX_POINT('',#5199);
#5202=CARTESIAN_POINT('',(-1.19E1,-3.36E0,-1.668E1));
#5203=CARTESIAN_POINT('',(-1.0825E1,-3.36E0,-1.668E1));
#5204=VERTEX_POINT('',#5202);
#5205=VERTEX_POINT('',#5203);
#5206=CARTESIAN_POINT('',(-1.4175E1,-2.86E0,-1.668E1));
#5207=CARTESIAN_POINT('',(-1.4175E1,-3.86E0,-1.768E1));
#5208=VERTEX_POINT('',#5206);
#5209=VERTEX_POINT('',#5207);
#5210=CARTESIAN_POINT('',(-1.31E1,-3.86E0,-1.768E1));
#5211=VERTEX_POINT('',#5210);
#5212=CARTESIAN_POINT('',(-1.31E1,-2.86E0,-1.668E1));
#5213=VERTEX_POINT('',#5212);
#5214=CARTESIAN_POINT('',(-1.19E1,-2.86E0,-1.668E1));
#5215=CARTESIAN_POINT('',(-1.19E1,-3.86E0,-1.768E1));
#5216=VERTEX_POINT('',#5214);
#5217=VERTEX_POINT('',#5215);
#5218=CARTESIAN_POINT('',(-1.0825E1,-3.86E0,-1.768E1));
#5219=VERTEX_POINT('',#5218);
#5220=CARTESIAN_POINT('',(-1.0825E1,-2.86E0,-1.668E1));
#5221=VERTEX_POINT('',#5220);
#5222=CARTESIAN_POINT('',(1.31E1,-2.86E0,-1.668E1));
#5223=CARTESIAN_POINT('',(1.31E1,-3.86E0,-1.768E1));
#5224=VERTEX_POINT('',#5222);
#5225=VERTEX_POINT('',#5223);
#5226=CARTESIAN_POINT('',(1.4175E1,-3.86E0,-1.768E1));
#5227=VERTEX_POINT('',#5226);
#5228=CARTESIAN_POINT('',(1.4175E1,-2.86E0,-1.668E1));
#5229=VERTEX_POINT('',#5228);
#5230=CARTESIAN_POINT('',(1.0825E1,-2.86E0,-1.668E1));
#5231=CARTESIAN_POINT('',(1.0825E1,-3.86E0,-1.768E1));
#5232=VERTEX_POINT('',#5230);
#5233=VERTEX_POINT('',#5231);
#5234=CARTESIAN_POINT('',(1.19E1,-3.86E0,-1.768E1));
#5235=VERTEX_POINT('',#5234);
#5236=CARTESIAN_POINT('',(1.19E1,-2.86E0,-1.668E1));
#5237=VERTEX_POINT('',#5236);
#5238=CARTESIAN_POINT('',(0.E0,0.E0,0.E0));
#5239=DIRECTION('',(0.E0,0.E0,1.E0));
#5240=DIRECTION('',(1.E0,0.E0,0.E0));
#5241=AXIS2_PLACEMENT_3D('',#5238,#5239,#5240);
#5242=PLANE('',#5241);
#5244=ORIENTED_EDGE('',*,*,#5243,.F.);
#5246=ORIENTED_EDGE('',*,*,#5245,.F.);
#5248=ORIENTED_EDGE('',*,*,#5247,.F.);
#5250=ORIENTED_EDGE('',*,*,#5249,.F.);
#5252=ORIENTED_EDGE('',*,*,#5251,.F.);
#5254=ORIENTED_EDGE('',*,*,#5253,.F.);
#5256=ORIENTED_EDGE('',*,*,#5255,.F.);
#5258=ORIENTED_EDGE('',*,*,#5257,.F.);
#5259=EDGE_LOOP('',(#5244,#5246,#5248,#5250,#5252,#5254,#5256,#5258));
#5260=FACE_OUTER_BOUND('',#5259,.F.);
#5262=ORIENTED_EDGE('',*,*,#5261,.T.);
#5264=ORIENTED_EDGE('',*,*,#5263,.T.);
#5265=EDGE_LOOP('',(#5262,#5264));
#5266=FACE_BOUND('',#5265,.F.);
#5268=ORIENTED_EDGE('',*,*,#5267,.T.);
#5270=ORIENTED_EDGE('',*,*,#5269,.T.);
#5271=EDGE_LOOP('',(#5268,#5270));
#5272=FACE_BOUND('',#5271,.F.);
#5274=ORIENTED_EDGE('',*,*,#5273,.T.);
#5276=ORIENTED_EDGE('',*,*,#5275,.T.);
#5277=EDGE_LOOP('',(#5274,#5276));
#5278=FACE_BOUND('',#5277,.F.);
#5280=ORIENTED_EDGE('',*,*,#5279,.T.);
#5282=ORIENTED_EDGE('',*,*,#5281,.T.);
#5283=EDGE_LOOP('',(#5280,#5282));
#5284=FACE_BOUND('',#5283,.F.);
#5286=ORIENTED_EDGE('',*,*,#5285,.T.);
#5288=ORIENTED_EDGE('',*,*,#5287,.T.);
#5289=EDGE_LOOP('',(#5286,#5288));
#5290=FACE_BOUND('',#5289,.F.);
#5292=ORIENTED_EDGE('',*,*,#5291,.T.);
#5294=ORIENTED_EDGE('',*,*,#5293,.T.);
#5295=EDGE_LOOP('',(#5292,#5294));
#5296=FACE_BOUND('',#5295,.F.);
#5298=ORIENTED_EDGE('',*,*,#5297,.T.);
#5300=ORIENTED_EDGE('',*,*,#5299,.T.);
#5301=EDGE_LOOP('',(#5298,#5300));
#5302=FACE_BOUND('',#5301,.F.);
#5304=ORIENTED_EDGE('',*,*,#5303,.T.);
#5306=ORIENTED_EDGE('',*,*,#5305,.T.);
#5307=EDGE_LOOP('',(#5304,#5306));
#5308=FACE_BOUND('',#5307,.F.);
#5310=ORIENTED_EDGE('',*,*,#5309,.T.);
#5312=ORIENTED_EDGE('',*,*,#5311,.T.);
#5313=EDGE_LOOP('',(#5310,#5312));
#5314=FACE_BOUND('',#5313,.F.);
#5316=ORIENTED_EDGE('',*,*,#5315,.T.);
#5318=ORIENTED_EDGE('',*,*,#5317,.T.);
#5319=EDGE_LOOP('',(#5316,#5318));
#5320=FACE_BOUND('',#5319,.F.);
#5322=ORIENTED_EDGE('',*,*,#5321,.T.);
#5324=ORIENTED_EDGE('',*,*,#5323,.T.);
#5325=EDGE_LOOP('',(#5322,#5324));
#5326=FACE_BOUND('',#5325,.F.);
#5328=ORIENTED_EDGE('',*,*,#5327,.T.);
#5330=ORIENTED_EDGE('',*,*,#5329,.T.);
#5331=EDGE_LOOP('',(#5328,#5330));
#5332=FACE_BOUND('',#5331,.F.);
#5334=ORIENTED_EDGE('',*,*,#5333,.T.);
#5336=ORIENTED_EDGE('',*,*,#5335,.T.);
#5337=EDGE_LOOP('',(#5334,#5336));
#5338=FACE_BOUND('',#5337,.F.);
#5340=ORIENTED_EDGE('',*,*,#5339,.T.);
#5342=ORIENTED_EDGE('',*,*,#5341,.T.);
#5343=EDGE_LOOP('',(#5340,#5342));
#5344=FACE_BOUND('',#5343,.F.);
#5346=ORIENTED_EDGE('',*,*,#5345,.T.);
#5348=ORIENTED_EDGE('',*,*,#5347,.T.);
#5349=EDGE_LOOP('',(#5346,#5348));
#5350=FACE_BOUND('',#5349,.F.);
#5352=ORIENTED_EDGE('',*,*,#5351,.T.);
#5354=ORIENTED_EDGE('',*,*,#5353,.T.);
#5356=ORIENTED_EDGE('',*,*,#5355,.T.);
#5358=ORIENTED_EDGE('',*,*,#5357,.T.);
#5360=ORIENTED_EDGE('',*,*,#5359,.T.);
#5362=ORIENTED_EDGE('',*,*,#5361,.T.);
#5364=ORIENTED_EDGE('',*,*,#5363,.T.);
#5365=EDGE_LOOP('',(#5352,#5354,#5356,#5358,#5360,#5362,#5364));
#5366=FACE_BOUND('',#5365,.F.);
#5368=ORIENTED_EDGE('',*,*,#5367,.T.);
#5370=ORIENTED_EDGE('',*,*,#5369,.T.);
#5372=ORIENTED_EDGE('',*,*,#5371,.T.);
#5374=ORIENTED_EDGE('',*,*,#5373,.T.);
#5376=ORIENTED_EDGE('',*,*,#5375,.T.);
#5378=ORIENTED_EDGE('',*,*,#5377,.T.);
#5380=ORIENTED_EDGE('',*,*,#5379,.T.);
#5382=ORIENTED_EDGE('',*,*,#5381,.T.);
#5384=ORIENTED_EDGE('',*,*,#5383,.T.);
#5386=ORIENTED_EDGE('',*,*,#5385,.T.);
#5388=ORIENTED_EDGE('',*,*,#5387,.T.);
#5390=ORIENTED_EDGE('',*,*,#5389,.T.);
#5392=ORIENTED_EDGE('',*,*,#5391,.T.);
#5394=ORIENTED_EDGE('',*,*,#5393,.T.);
#5396=ORIENTED_EDGE('',*,*,#5395,.T.);
#5398=ORIENTED_EDGE('',*,*,#5397,.T.);
#5400=ORIENTED_EDGE('',*,*,#5399,.T.);
#5402=ORIENTED_EDGE('',*,*,#5401,.T.);
#5404=ORIENTED_EDGE('',*,*,#5403,.T.);
#5406=ORIENTED_EDGE('',*,*,#5405,.T.);
#5408=ORIENTED_EDGE('',*,*,#5407,.T.);
#5410=ORIENTED_EDGE('',*,*,#5409,.T.);
#5412=ORIENTED_EDGE('',*,*,#5411,.T.);
#5414=ORIENTED_EDGE('',*,*,#5413,.T.);
#5416=ORIENTED_EDGE('',*,*,#5415,.T.);
#5418=ORIENTED_EDGE('',*,*,#5417,.T.);
#5420=ORIENTED_EDGE('',*,*,#5419,.T.);
#5422=ORIENTED_EDGE('',*,*,#5421,.T.);
#5424=ORIENTED_EDGE('',*,*,#5423,.T.);
#5426=ORIENTED_EDGE('',*,*,#5425,.T.);
#5428=ORIENTED_EDGE('',*,*,#5427,.T.);
#5430=ORIENTED_EDGE('',*,*,#5429,.T.);
#5432=ORIENTED_EDGE('',*,*,#5431,.T.);
#5434=ORIENTED_EDGE('',*,*,#5433,.T.);
#5436=ORIENTED_EDGE('',*,*,#5435,.T.);
#5438=ORIENTED_EDGE('',*,*,#5437,.T.);
#5440=ORIENTED_EDGE('',*,*,#5439,.T.);
#5442=ORIENTED_EDGE('',*,*,#5441,.T.);
#5444=ORIENTED_EDGE('',*,*,#5443,.T.);
#5446=ORIENTED_EDGE('',*,*,#5445,.T.);
#5447=EDGE_LOOP('',(#5368,#5370,#5372,#5374,#5376,#5378,#5380,#5382,#5384,#5386,
#5388,#5390,#5392,#5394,#5396,#5398,#5400,#5402,#5404,#5406,#5408,#5410,#5412,
#5414,#5416,#5418,#5420,#5422,#5424,#5426,#5428,#5430,#5432,#5434,#5436,#5438,
#5440,#5442,#5444,#5446));
#5448=FACE_BOUND('',#5447,.F.);
#5450=ORIENTED_EDGE('',*,*,#5449,.T.);
#5452=ORIENTED_EDGE('',*,*,#5451,.T.);
#5454=ORIENTED_EDGE('',*,*,#5453,.T.);
#5456=ORIENTED_EDGE('',*,*,#5455,.T.);
#5458=ORIENTED_EDGE('',*,*,#5457,.T.);
#5460=ORIENTED_EDGE('',*,*,#5459,.T.);
#5462=ORIENTED_EDGE('',*,*,#5461,.T.);
#5463=EDGE_LOOP('',(#5450,#5452,#5454,#5456,#5458,#5460,#5462));
#5464=FACE_BOUND('',#5463,.F.);
#5466=ORIENTED_EDGE('',*,*,#5465,.T.);
#5468=ORIENTED_EDGE('',*,*,#5467,.T.);
#5470=ORIENTED_EDGE('',*,*,#5469,.T.);
#5472=ORIENTED_EDGE('',*,*,#5471,.T.);
#5474=ORIENTED_EDGE('',*,*,#5473,.T.);
#5476=ORIENTED_EDGE('',*,*,#5475,.T.);
#5478=ORIENTED_EDGE('',*,*,#5477,.T.);
#5479=EDGE_LOOP('',(#5466,#5468,#5470,#5472,#5474,#5476,#5478));
#5480=FACE_BOUND('',#5479,.F.);
#5482=CARTESIAN_POINT('',(0.E0,0.E0,0.E0));
#5483=DIRECTION('',(0.E0,0.E0,1.E0));
#5484=DIRECTION('',(1.E0,0.E0,0.E0));
#5485=AXIS2_PLACEMENT_3D('',#5482,#5483,#5484);
#5486=PLANE('',#5485);
#5488=ORIENTED_EDGE('',*,*,#5487,.T.);
#5490=ORIENTED_EDGE('',*,*,#5489,.T.);
#5492=ORIENTED_EDGE('',*,*,#5491,.T.);
#5494=ORIENTED_EDGE('',*,*,#5493,.T.);
#5496=ORIENTED_EDGE('',*,*,#5495,.T.);
#5498=ORIENTED_EDGE('',*,*,#5497,.T.);
#5500=ORIENTED_EDGE('',*,*,#5499,.T.);
#5502=ORIENTED_EDGE('',*,*,#5501,.T.);
#5504=ORIENTED_EDGE('',*,*,#5503,.T.);
#5506=ORIENTED_EDGE('',*,*,#5505,.T.);
#5508=ORIENTED_EDGE('',*,*,#5507,.T.);
#5510=ORIENTED_EDGE('',*,*,#5509,.T.);
#5512=ORIENTED_EDGE('',*,*,#5511,.T.);
#5514=ORIENTED_EDGE('',*,*,#5513,.T.);
#5516=ORIENTED_EDGE('',*,*,#5515,.T.);
#5518=ORIENTED_EDGE('',*,*,#5517,.T.);
#5520=ORIENTED_EDGE('',*,*,#5519,.T.);
#5522=ORIENTED_EDGE('',*,*,#5521,.T.);
#5524=ORIENTED_EDGE('',*,*,#5523,.T.);
#5526=ORIENTED_EDGE('',*,*,#5525,.T.);
#5527=EDGE_LOOP('',(#5488,#5490,#5492,#5494,#5496,#5498,#5500,#5502,#5504,#5506,
#5508,#5510,#5512,#5514,#5516,#5518,#5520,#5522,#5524,#5526));
#5528=FACE_OUTER_BOUND('',#5527,.F.);
#5530=CARTESIAN_POINT('',(-5.625E0,2.68E0,-8.254023019110E-1));
#5531=DIRECTION('',(1.E0,0.E0,0.E0));
#5532=DIRECTION('',(0.E0,1.E0,0.E0));
#5533=AXIS2_PLACEMENT_3D('',#5530,#5531,#5532);
#5534=CYLINDRICAL_SURFACE('',#5533,1.27E0);
#5535=ORIENTED_EDGE('',*,*,#5243,.T.);
#5537=ORIENTED_EDGE('',*,*,#5536,.T.);
#5539=ORIENTED_EDGE('',*,*,#5538,.F.);
#5541=ORIENTED_EDGE('',*,*,#5540,.F.);
#5542=EDGE_LOOP('',(#5535,#5537,#5539,#5541));
#5543=FACE_OUTER_BOUND('',#5542,.F.);
#5545=CARTESIAN_POINT('',(-7.779182720257E0,9.521143277732E-1,
3.697868457438E-2));
#5546=CARTESIAN_POINT('',(-8.005900649046E0,9.039239443608E-1,
-2.135987255093E-1));
#5547=CARTESIAN_POINT('',(-8.121560076100E0,8.793397742215E-1,
-5.338031699574E-1));
#5548=CARTESIAN_POINT('',(-8.108551695235E0,8.821047909312E-1,
-8.748830835291E-1));
#5549=CARTESIAN_POINT('',(-8.102595190453E0,2.473650372836E0,
3.697868457438E-2));
#5550=CARTESIAN_POINT('',(-8.363350810055E0,2.585594734481E0,
-2.135987255093E-1));
#5551=CARTESIAN_POINT('',(-8.496374456334E0,2.642702792934E0,
-5.338031699574E-1));
#5552=CARTESIAN_POINT('',(-8.481413096944E0,2.636279768078E0,
-8.748830835291E-1));
#5553=CARTESIAN_POINT('',(-7.102721023482E0,3.665254003466E0,
3.697868457438E-2));
#5554=CARTESIAN_POINT('',(-7.258244436896E0,3.902609224892E0,
-2.135987255093E-1));
#5555=CARTESIAN_POINT('',(-7.337584209383E0,4.023695232801E0,
-5.338031699574E-1));
#5556=CARTESIAN_POINT('',(-7.328660751914E0,4.010076516640E0,
-8.748830835291E-1));
#5557=CARTESIAN_POINT('',(-5.548140543732E0,3.610966856876E0,
3.697868457438E-2));
#5558=CARTESIAN_POINT('',(-5.540051435706E0,3.842608603155E0,
-2.135987255093E-1));
#5559=CARTESIAN_POINT('',(-5.535924803089E0,3.960779899971E0,
-5.338031699574E-1));
#5560=CARTESIAN_POINT('',(-5.536388931350E0,3.947489005527E0,
-8.748830835291E-1));
#5561=(BOUNDED_SURFACE()B_SPLINE_SURFACE(3,3,((#5545,#5546,#5547,#5548),(#5549,
#5550,#5551,#5552),(#5553,#5554,#5555,#5556),(#5557,#5558,#5559,#5560)),
.UNSPECIFIED.,.F.,.F.,.F.)B_SPLINE_SURFACE_WITH_KNOTS((4,4),(4,4),(0.E0,1.E0),(
0.E0,1.E0),.UNSPECIFIED.)GEOMETRIC_REPRESENTATION_ITEM()RATIONAL_B_SPLINE_SURFACE(((1.286864810441E0,1.221555833785E0,1.221555833785E0,1.286864810441E0),(
9.571369953074E-1,9.085618558090E-1,9.085618558090E-1,9.571369953074E-1),(
9.571369953074E-1,9.085618558090E-1,9.085618558090E-1,9.571369953074E-1),(
1.286864810441E0,1.221555833785E0,1.221555833785E0,1.286864810441E0)))REPRESENTATION_ITEM('')SURFACE());
#5562=ORIENTED_EDGE('',*,*,#5257,.T.);
#5564=ORIENTED_EDGE('',*,*,#5563,.T.);
#5566=ORIENTED_EDGE('',*,*,#5565,.T.);
#5567=ORIENTED_EDGE('',*,*,#5536,.F.);
#5568=EDGE_LOOP('',(#5562,#5564,#5566,#5567));
#5569=FACE_OUTER_BOUND('',#5568,.F.);
#5571=CARTESIAN_POINT('',(-6.378463760728E0,-1.630533185637E0,
-8.254023019110E-1));
#5572=DIRECTION('',(-1.736481776669E-1,9.848077530122E-1,0.E0));
#5573=DIRECTION('',(-9.848077530122E-1,-1.736481776669E-1,0.E0));
#5574=AXIS2_PLACEMENT_3D('',#5571,#5572,#5573);
#5575=CYLINDRICAL_SURFACE('',#5574,1.27E0);
#5576=ORIENTED_EDGE('',*,*,#5255,.T.);
#5578=ORIENTED_EDGE('',*,*,#5577,.T.);
#5580=ORIENTED_EDGE('',*,*,#5579,.T.);
#5581=ORIENTED_EDGE('',*,*,#5563,.F.);
#5582=EDGE_LOOP('',(#5576,#5578,#5580,#5581));
#5583=FACE_OUTER_BOUND('',#5582,.F.);
#5585=CARTESIAN_POINT('',(-5.066265853680E0,-3.611449796737E0,
3.697868457438E-2));
#5586=CARTESIAN_POINT('',(-5.059794094106E0,-3.843142370239E0,
-2.135987255093E-1));
#5587=CARTESIAN_POINT('',(-5.056492546635E0,-3.961339596400E0,
-5.338031699574E-1));
#5588=CARTESIAN_POINT('',(-5.056863876392E0,-3.948045785646E0,
-8.748830835291E-1));
#5589=CARTESIAN_POINT('',(-6.237609388360E0,-3.644168384218E0,
3.697868457438E-2));
#5590=CARTESIAN_POINT('',(-6.354416205662E0,-3.879304440168E0,
-2.135987255093E-1));
#5591=CARTESIAN_POINT('',(-6.414004830334E0,-3.999258347899E0,
-5.338031699574E-1));
#5592=CARTESIAN_POINT('',(-6.407302812654E0,-3.985766960661E0,
-8.748830835291E-1));
#5593=CARTESIAN_POINT('',(-7.135260574781E0,-2.890949604766E0,
3.697868457438E-2));
#5594=CARTESIAN_POINT('',(-7.346541094730E0,-3.046812811669E0,
-2.135987255093E-1));
#5595=CARTESIAN_POINT('',(-7.454325176983E0,-3.126325928719E0,
-5.338031699574E-1));
#5596=CARTESIAN_POINT('',(-7.442202547390E0,-3.117382974939E0,
-8.748830835291E-1));
#5597=CARTESIAN_POINT('',(-7.306440726381E0,-1.731719887281E0,
3.697868457438E-2));
#5598=CARTESIAN_POINT('',(-7.535737178337E0,-1.765579441444E0,
-2.135987255093E-1));
#5599=CARTESIAN_POINT('',(-7.652712030747E0,-1.782852784826E0,
-5.338031699574E-1));
#5600=CARTESIAN_POINT('',(-7.639555702114E0,-1.780910027238E0,
-8.748830835291E-1));
#5601=(BOUNDED_SURFACE()B_SPLINE_SURFACE(3,3,((#5585,#5586,#5587,#5588),(#5589,
#5590,#5591,#5592),(#5593,#5594,#5595,#5596),(#5597,#5598,#5599,#5600)),
.UNSPECIFIED.,.F.,.F.,.F.)B_SPLINE_SURFACE_WITH_KNOTS((4,4),(4,4),(0.E0,1.E0),(
0.E0,1.E0),.UNSPECIFIED.)GEOMETRIC_REPRESENTATION_ITEM()RATIONAL_B_SPLINE_SURFACE(((1.189575563381E0,1.129204060432E0,1.129204060432E0,1.189575563381E0),(
9.895667443272E-1,9.393457802601E-1,9.393457802601E-1,9.895667443272E-1),(
9.895667443272E-1,9.393457802601E-1,9.393457802601E-1,9.895667443272E-1),(
1.189575563381E0,1.129204060432E0,1.129204060432E0,1.189575563381E0)))REPRESENTATION_ITEM('')SURFACE());
#5602=ORIENTED_EDGE('',*,*,#5253,.T.);
#5604=ORIENTED_EDGE('',*,*,#5603,.T.);
#5606=ORIENTED_EDGE('',*,*,#5605,.T.);
#5607=ORIENTED_EDGE('',*,*,#5577,.F.);
#5608=EDGE_LOOP('',(#5602,#5604,#5606,#5607));
#5609=FACE_OUTER_BOUND('',#5608,.F.);
#5611=CARTESIAN_POINT('',(5.127757914402E0,-2.68E0,-8.254023019110E-1));
#5612=DIRECTION('',(-1.E0,0.E0,0.E0));
#5613=DIRECTION('',(0.E0,-1.E0,0.E0));
#5614=AXIS2_PLACEMENT_3D('',#5611,#5612,#5613);
#5615=CYLINDRICAL_SURFACE('',#5614,1.27E0);
#5616=ORIENTED_EDGE('',*,*,#5251,.T.);
#5618=ORIENTED_EDGE('',*,*,#5617,.T.);
#5620=ORIENTED_EDGE('',*,*,#5619,.T.);
#5621=ORIENTED_EDGE('',*,*,#5603,.F.);
#5622=EDGE_LOOP('',(#5616,#5618,#5620,#5621));
#5623=FACE_OUTER_BOUND('',#5622,.F.);
#5625=CARTESIAN_POINT('',(7.306440726381E0,-1.731719887281E0,
3.697868457438E-2));
#5626=CARTESIAN_POINT('',(7.535737178337E0,-1.765579441444E0,
-2.135987255093E-1));
#5627=CARTESIAN_POINT('',(7.652712030747E0,-1.782852784826E0,
-5.338031699574E-1));
#5628=CARTESIAN_POINT('',(7.639555702114E0,-1.780910027238E0,
-8.748830835291E-1));
#5629=CARTESIAN_POINT('',(7.135260574781E0,-2.890949604766E0,
3.697868457438E-2));
#5630=CARTESIAN_POINT('',(7.346541094730E0,-3.046812811669E0,
-2.135987255093E-1));
#5631=CARTESIAN_POINT('',(7.454325176983E0,-3.126325928719E0,
-5.338031699574E-1));
#5632=CARTESIAN_POINT('',(7.442202547390E0,-3.117382974939E0,
-8.748830835291E-1));
#5633=CARTESIAN_POINT('',(6.237609388360E0,-3.644168384218E0,
3.697868457438E-2));
#5634=CARTESIAN_POINT('',(6.354416205662E0,-3.879304440168E0,
-2.135987255093E-1));
#5635=CARTESIAN_POINT('',(6.414004830334E0,-3.999258347899E0,
-5.338031699574E-1));
#5636=CARTESIAN_POINT('',(6.407302812654E0,-3.985766960661E0,
-8.748830835291E-1));
#5637=CARTESIAN_POINT('',(5.066265853680E0,-3.611449796737E0,
3.697868457438E-2));
#5638=CARTESIAN_POINT('',(5.059794094106E0,-3.843142370239E0,
-2.135987255093E-1));
#5639=CARTESIAN_POINT('',(5.056492546635E0,-3.961339596400E0,
-5.338031699574E-1));
#5640=CARTESIAN_POINT('',(5.056863876392E0,-3.948045785646E0,
-8.748830835291E-1));
#5641=(BOUNDED_SURFACE()B_SPLINE_SURFACE(3,3,((#5625,#5626,#5627,#5628),(#5629,
#5630,#5631,#5632),(#5633,#5634,#5635,#5636),(#5637,#5638,#5639,#5640)),
.UNSPECIFIED.,.F.,.F.,.F.)B_SPLINE_SURFACE_WITH_KNOTS((4,4),(4,4),(0.E0,1.E0),(
0.E0,1.E0),.UNSPECIFIED.)GEOMETRIC_REPRESENTATION_ITEM()RATIONAL_B_SPLINE_SURFACE(((1.189575563381E0,1.129204060432E0,1.129204060432E0,1.189575563381E0),(
9.895667443272E-1,9.393457802601E-1,9.393457802601E-1,9.895667443272E-1),(
9.895667443272E-1,9.393457802601E-1,9.393457802601E-1,9.895667443272E-1),(
1.189575563381E0,1.129204060432E0,1.129204060432E0,1.189575563381E0)))REPRESENTATION_ITEM('')SURFACE());
#5642=ORIENTED_EDGE('',*,*,#5249,.T.);
#5644=ORIENTED_EDGE('',*,*,#5643,.T.);
#5646=ORIENTED_EDGE('',*,*,#5645,.T.);
#5647=ORIENTED_EDGE('',*,*,#5617,.F.);
#5648=EDGE_LOOP('',(#5642,#5644,#5646,#5647));
#5649=FACE_OUTER_BOUND('',#5648,.F.);
#5651=CARTESIAN_POINT('',(6.875705846326E0,1.189466814363E0,
-8.254023019110E-1));
#5652=DIRECTION('',(-1.736481776669E-1,-9.848077530122E-1,0.E0));
#5653=DIRECTION('',(9.848077530122E-1,-1.736481776669E-1,0.E0));
#5654=AXIS2_PLACEMENT_3D('',#5651,#5652,#5653);
#5655=CYLINDRICAL_SURFACE('',#5654,1.27E0);
#5656=ORIENTED_EDGE('',*,*,#5247,.T.);
#5658=ORIENTED_EDGE('',*,*,#5657,.T.);
#5660=ORIENTED_EDGE('',*,*,#5659,.T.);
#5661=ORIENTED_EDGE('',*,*,#5643,.F.);
#5662=EDGE_LOOP('',(#5656,#5658,#5660,#5661));
#5663=FACE_OUTER_BOUND('',#5662,.F.);
#5665=CARTESIAN_POINT('',(5.548140543732E0,3.610966856876E0,3.697868457438E-2));
#5666=CARTESIAN_POINT('',(5.540051435706E0,3.842608603155E0,
-2.135987255093E-1));
#5667=CARTESIAN_POINT('',(5.535924803089E0,3.960779899971E0,
-5.338031699574E-1));
#5668=CARTESIAN_POINT('',(5.536388931350E0,3.947489005527E0,
-8.748830835291E-1));
#5669=CARTESIAN_POINT('',(7.102721023482E0,3.665254003466E0,3.697868457438E-2));
#5670=CARTESIAN_POINT('',(7.258244436896E0,3.902609224892E0,
-2.135987255093E-1));
#5671=CARTESIAN_POINT('',(7.337584209383E0,4.023695232801E0,
-5.338031699574E-1));
#5672=CARTESIAN_POINT('',(7.328660751914E0,4.010076516640E0,
-8.748830835291E-1));
#5673=CARTESIAN_POINT('',(8.102595190453E0,2.473650372836E0,3.697868457438E-2));
#5674=CARTESIAN_POINT('',(8.363350810055E0,2.585594734481E0,
-2.135987255093E-1));
#5675=CARTESIAN_POINT('',(8.496374456334E0,2.642702792934E0,
-5.338031699574E-1));
#5676=CARTESIAN_POINT('',(8.481413096944E0,2.636279768078E0,
-8.748830835291E-1));
#5677=CARTESIAN_POINT('',(7.779182720257E0,9.521143277732E-1,
3.697868457438E-2));
#5678=CARTESIAN_POINT('',(8.005900649046E0,9.039239443608E-1,
-2.135987255093E-1));
#5679=CARTESIAN_POINT('',(8.121560076100E0,8.793397742215E-1,
-5.338031699574E-1));
#5680=CARTESIAN_POINT('',(8.108551695235E0,8.821047909312E-1,
-8.748830835291E-1));
#5681=(BOUNDED_SURFACE()B_SPLINE_SURFACE(3,3,((#5665,#5666,#5667,#5668),(#5669,
#5670,#5671,#5672),(#5673,#5674,#5675,#5676),(#5677,#5678,#5679,#5680)),
.UNSPECIFIED.,.F.,.F.,.F.)B_SPLINE_SURFACE_WITH_KNOTS((4,4),(4,4),(0.E0,1.E0),(
0.E0,1.E0),.UNSPECIFIED.)GEOMETRIC_REPRESENTATION_ITEM()RATIONAL_B_SPLINE_SURFACE(((1.286864810441E0,1.221555833785E0,1.221555833785E0,1.286864810441E0),(
9.571369953074E-1,9.085618558090E-1,9.085618558090E-1,9.571369953074E-1),(
9.571369953074E-1,9.085618558090E-1,9.085618558090E-1,9.571369953074E-1),(
1.286864810441E0,1.221555833785E0,1.221555833785E0,1.286864810441E0)))REPRESENTATION_ITEM('')SURFACE());
#5682=ORIENTED_EDGE('',*,*,#5245,.T.);
#5683=ORIENTED_EDGE('',*,*,#5540,.T.);
#5685=ORIENTED_EDGE('',*,*,#5684,.T.);
#5686=ORIENTED_EDGE('',*,*,#5657,.F.);
#5687=EDGE_LOOP('',(#5682,#5683,#5685,#5686));
#5688=FACE_OUTER_BOUND('',#5687,.F.);
#5690=CARTESIAN_POINT('',(5.625E0,1.41E0,0.E0));
#5691=DIRECTION('',(0.E0,0.E0,1.E0));
#5692=DIRECTION('',(1.E0,0.E0,0.E0));
#5693=AXIS2_PLACEMENT_3D('',#5690,#5691,#5692);
#5694=CYLINDRICAL_SURFACE('',#5693,2.54E0);
#5695=ORIENTED_EDGE('',*,*,#5684,.F.);
#5697=ORIENTED_EDGE('',*,*,#5696,.F.);
#5699=ORIENTED_EDGE('',*,*,#5698,.T.);
#5701=ORIENTED_EDGE('',*,*,#5700,.T.);
#5702=EDGE_LOOP('',(#5695,#5697,#5699,#5701));
#5703=FACE_OUTER_BOUND('',#5702,.F.);
#5705=CARTESIAN_POINT('',(5.625E0,3.95E0,0.E0));
#5706=DIRECTION('',(0.E0,1.E0,0.E0));
#5707=DIRECTION('',(-1.E0,0.E0,0.E0));
#5708=AXIS2_PLACEMENT_3D('',#5705,#5706,#5707);
#5709=PLANE('',#5708);
#5710=ORIENTED_EDGE('',*,*,#5538,.T.);
#5712=ORIENTED_EDGE('',*,*,#5711,.F.);
#5714=ORIENTED_EDGE('',*,*,#5713,.T.);
#5715=ORIENTED_EDGE('',*,*,#5696,.T.);
#5716=EDGE_LOOP('',(#5710,#5712,#5714,#5715));
#5717=FACE_OUTER_BOUND('',#5716,.F.);
#5719=CARTESIAN_POINT('',(-5.625E0,1.41E0,0.E0));
#5720=DIRECTION('',(0.E0,0.E0,1.E0));
#5721=DIRECTION('',(1.E0,0.E0,0.E0));
#5722=AXIS2_PLACEMENT_3D('',#5719,#5720,#5721);
#5723=CYLINDRICAL_SURFACE('',#5722,2.54E0);
#5724=ORIENTED_EDGE('',*,*,#5565,.F.);
#5726=ORIENTED_EDGE('',*,*,#5725,.F.);
#5728=ORIENTED_EDGE('',*,*,#5727,.T.);
#5729=ORIENTED_EDGE('',*,*,#5711,.T.);
#5730=EDGE_LOOP('',(#5724,#5726,#5728,#5729));
#5731=FACE_OUTER_BOUND('',#5730,.F.);
#5733=CARTESIAN_POINT('',(-8.126411692651E0,9.689336287260E-1,0.E0));
#5734=DIRECTION('',(-9.848077530122E-1,-1.736481776669E-1,0.E0));
#5735=DIRECTION('',(1.736481776669E-1,-9.848077530122E-1,0.E0));
#5736=AXIS2_PLACEMENT_3D('',#5733,#5734,#5735);
#5737=PLANE('',#5736);
#5738=ORIENTED_EDGE('',*,*,#5579,.F.);
#5740=ORIENTED_EDGE('',*,*,#5739,.F.);
#5742=ORIENTED_EDGE('',*,*,#5741,.T.);
#5743=ORIENTED_EDGE('',*,*,#5725,.T.);
#5744=EDGE_LOOP('',(#5738,#5740,#5742,#5743));
#5745=FACE_OUTER_BOUND('',#5744,.F.);
#5747=CARTESIAN_POINT('',(-5.127757914402E0,-1.41E0,0.E0));
#5748=DIRECTION('',(0.E0,0.E0,1.E0));
#5749=DIRECTION('',(1.E0,0.E0,0.E0));
#5750=AXIS2_PLACEMENT_3D('',#5747,#5748,#5749);
#5751=CYLINDRICAL_SURFACE('',#5750,2.54E0);
#5752=ORIENTED_EDGE('',*,*,#5605,.F.);
#5754=ORIENTED_EDGE('',*,*,#5753,.F.);
#5756=ORIENTED_EDGE('',*,*,#5755,.T.);
#5757=ORIENTED_EDGE('',*,*,#5739,.T.);
#5758=EDGE_LOOP('',(#5752,#5754,#5756,#5757));
#5759=FACE_OUTER_BOUND('',#5758,.F.);
#5761=CARTESIAN_POINT('',(-5.127757914402E0,-3.95E0,0.E0));
#5762=DIRECTION('',(0.E0,-1.E0,0.E0));
#5763=DIRECTION('',(1.E0,0.E0,0.E0));
#5764=AXIS2_PLACEMENT_3D('',#5761,#5762,#5763);
#5765=PLANE('',#5764);
#5766=ORIENTED_EDGE('',*,*,#5619,.F.);
#5768=ORIENTED_EDGE('',*,*,#5767,.F.);
#5770=ORIENTED_EDGE('',*,*,#5769,.T.);
#5771=ORIENTED_EDGE('',*,*,#5753,.T.);
#5772=EDGE_LOOP('',(#5766,#5768,#5770,#5771));
#5773=FACE_OUTER_BOUND('',#5772,.F.);
#5775=CARTESIAN_POINT('',(5.127757914402E0,-1.41E0,0.E0));
#5776=DIRECTION('',(0.E0,0.E0,1.E0));
#5777=DIRECTION('',(1.E0,0.E0,0.E0));
#5778=AXIS2_PLACEMENT_3D('',#5775,#5776,#5777);
#5779=CYLINDRICAL_SURFACE('',#5778,2.54E0);
#5780=ORIENTED_EDGE('',*,*,#5645,.F.);
#5782=ORIENTED_EDGE('',*,*,#5781,.F.);
#5784=ORIENTED_EDGE('',*,*,#5783,.T.);
#5785=ORIENTED_EDGE('',*,*,#5767,.T.);
#5786=EDGE_LOOP('',(#5780,#5782,#5784,#5785));
#5787=FACE_OUTER_BOUND('',#5786,.F.);
#5789=CARTESIAN_POINT('',(7.629169607053E0,-1.851066371274E0,0.E0));
#5790=DIRECTION('',(9.848077530122E-1,-1.736481776669E-1,0.E0));
#5791=DIRECTION('',(1.736481776669E-1,9.848077530122E-1,0.E0));
#5792=AXIS2_PLACEMENT_3D('',#5789,#5790,#5791);
#5793=PLANE('',#5792);
#5794=ORIENTED_EDGE('',*,*,#5659,.F.);
#5795=ORIENTED_EDGE('',*,*,#5700,.F.);
#5797=ORIENTED_EDGE('',*,*,#5796,.T.);
#5798=ORIENTED_EDGE('',*,*,#5781,.T.);
#5799=EDGE_LOOP('',(#5794,#5795,#5797,#5798));
#5800=FACE_OUTER_BOUND('',#5799,.F.);
#5802=CARTESIAN_POINT('',(8.937072794480E0,8.856925486985E-1,-5.1872E0));
#5803=DIRECTION('',(-1.736481776669E-1,-9.848077530122E-1,0.E0));
#5804=DIRECTION('',(-9.848077530122E-1,1.736481776669E-1,0.E0));
#5805=AXIS2_PLACEMENT_3D('',#5802,#5803,#5804);
#5806=CYLINDRICAL_SURFACE('',#5805,8.128E-1);
#5807=ORIENTED_EDGE('',*,*,#5796,.F.);
#5809=ORIENTED_EDGE('',*,*,#5808,.T.);
#5811=ORIENTED_EDGE('',*,*,#5810,.T.);
#5813=ORIENTED_EDGE('',*,*,#5812,.F.);
#5814=EDGE_LOOP('',(#5807,#5809,#5811,#5813));
#5815=FACE_OUTER_BOUND('',#5814,.F.);
#5817=CARTESIAN_POINT('',(5.625E0,1.41E0,-5.1872E0));
#5818=DIRECTION('',(0.E0,0.E0,1.E0));
#5819=DIRECTION('',(-2.314492602953E-2,9.997321203198E-1,0.E0));
#5820=AXIS2_PLACEMENT_3D('',#5817,#5818,#5819);
#5821=TOROIDAL_SURFACE('',#5820,3.3528E0,8.128E-1);
#5822=ORIENTED_EDGE('',*,*,#5698,.F.);
#5824=ORIENTED_EDGE('',*,*,#5823,.T.);
#5826=ORIENTED_EDGE('',*,*,#5825,.T.);
#5827=ORIENTED_EDGE('',*,*,#5808,.F.);
#5828=EDGE_LOOP('',(#5822,#5824,#5826,#5827));
#5829=FACE_OUTER_BOUND('',#5828,.F.);
#5831=CARTESIAN_POINT('',(-5.683793362058E0,4.7628E0,-5.1872E0));
#5832=DIRECTION('',(1.E0,0.E0,0.E0));
#5833=DIRECTION('',(0.E0,-1.E0,0.E0));
#5834=AXIS2_PLACEMENT_3D('',#5831,#5832,#5833);
#5835=CYLINDRICAL_SURFACE('',#5834,8.128E-1);
#5836=ORIENTED_EDGE('',*,*,#5713,.F.);
#5838=ORIENTED_EDGE('',*,*,#5837,.T.);
#5840=ORIENTED_EDGE('',*,*,#5839,.T.);
#5841=ORIENTED_EDGE('',*,*,#5823,.F.);
#5842=EDGE_LOOP('',(#5836,#5838,#5840,#5841));
#5843=FACE_OUTER_BOUND('',#5842,.F.);
#5845=CARTESIAN_POINT('',(-5.625E0,1.41E0,-5.1872E0));
#5846=DIRECTION('',(0.E0,0.E0,1.E0));
#5847=DIRECTION('',(-9.805248687990E-1,-1.963949634454E-1,0.E0));
#5848=AXIS2_PLACEMENT_3D('',#5845,#5846,#5847);
#5849=TOROIDAL_SURFACE('',#5848,3.3528E0,8.128E-1);
#5850=ORIENTED_EDGE('',*,*,#5727,.F.);
#5852=ORIENTED_EDGE('',*,*,#5851,.T.);
#5854=ORIENTED_EDGE('',*,*,#5853,.T.);
#5855=ORIENTED_EDGE('',*,*,#5837,.F.);
#5856=EDGE_LOOP('',(#5850,#5852,#5854,#5855));
#5857=FACE_OUTER_BOUND('',#5856,.F.);
#5859=CARTESIAN_POINT('',(-8.419411988521E0,-2.050107768862E0,-5.1872E0));
#5860=DIRECTION('',(-1.736481776669E-1,9.848077530122E-1,0.E0));
#5861=DIRECTION('',(9.848077530122E-1,1.736481776669E-1,0.E0));
#5862=AXIS2_PLACEMENT_3D('',#5859,#5860,#5861);
#5863=CYLINDRICAL_SURFACE('',#5862,8.128E-1);
#5864=ORIENTED_EDGE('',*,*,#5741,.F.);
#5866=ORIENTED_EDGE('',*,*,#5865,.T.);
#5868=ORIENTED_EDGE('',*,*,#5867,.T.);
#5869=ORIENTED_EDGE('',*,*,#5851,.F.);
#5870=EDGE_LOOP('',(#5864,#5866,#5868,#5869));
#5871=FACE_OUTER_BOUND('',#5870,.F.);
#5873=CARTESIAN_POINT('',(-5.127757914402E0,-1.41E0,-5.1872E0));
#5874=DIRECTION('',(0.E0,0.E0,1.E0));
#5875=DIRECTION('',(2.314492602953E-2,-9.997321203198E-1,0.E0));
#5876=AXIS2_PLACEMENT_3D('',#5873,#5874,#5875);
#5877=TOROIDAL_SURFACE('',#5876,3.3528E0,8.128E-1);
#5878=ORIENTED_EDGE('',*,*,#5755,.F.);
#5880=ORIENTED_EDGE('',*,*,#5879,.T.);
#5882=ORIENTED_EDGE('',*,*,#5881,.T.);
#5883=ORIENTED_EDGE('',*,*,#5865,.F.);
#5884=EDGE_LOOP('',(#5878,#5880,#5882,#5883));
#5885=FACE_OUTER_BOUND('',#5884,.F.);
#5887=CARTESIAN_POINT('',(5.186551276460E0,-4.7628E0,-5.1872E0));
#5888=DIRECTION('',(-1.E0,0.E0,0.E0));
#5889=DIRECTION('',(0.E0,1.E0,0.E0));
#5890=AXIS2_PLACEMENT_3D('',#5887,#5888,#5889);
#5891=CYLINDRICAL_SURFACE('',#5890,8.128E-1);
#5892=ORIENTED_EDGE('',*,*,#5769,.F.);
#5894=ORIENTED_EDGE('',*,*,#5893,.T.);
#5896=ORIENTED_EDGE('',*,*,#5895,.T.);
#5897=ORIENTED_EDGE('',*,*,#5879,.F.);
#5898=EDGE_LOOP('',(#5892,#5894,#5896,#5897));
#5899=FACE_OUTER_BOUND('',#5898,.F.);
#5901=CARTESIAN_POINT('',(5.127757914402E0,-1.41E0,-5.1872E0));
#5902=DIRECTION('',(0.E0,0.E0,1.E0));
#5903=DIRECTION('',(9.885630172535E-1,-1.508083582518E-1,0.E0));
#5904=AXIS2_PLACEMENT_3D('',#5901,#5902,#5903);
#5905=TOROIDAL_SURFACE('',#5904,3.3528E0,8.128E-1);
#5906=ORIENTED_EDGE('',*,*,#5783,.F.);
#5907=ORIENTED_EDGE('',*,*,#5812,.T.);
#5909=ORIENTED_EDGE('',*,*,#5908,.T.);
#5910=ORIENTED_EDGE('',*,*,#5893,.F.);
#5911=EDGE_LOOP('',(#5906,#5907,#5909,#5910));
#5912=FACE_OUTER_BOUND('',#5911,.F.);
#5914=CARTESIAN_POINT('',(-1.54E1,6.3E0,-6.E0));
#5915=DIRECTION('',(0.E0,0.E0,1.E0));
#5916=DIRECTION('',(0.E0,-1.E0,0.E0));
#5917=AXIS2_PLACEMENT_3D('',#5914,#5915,#5916);
#5918=PLANE('',#5917);
#5920=ORIENTED_EDGE('',*,*,#5919,.F.);
#5922=ORIENTED_EDGE('',*,*,#5921,.T.);
#5924=ORIENTED_EDGE('',*,*,#5923,.F.);
#5926=ORIENTED_EDGE('',*,*,#5925,.F.);
#5928=ORIENTED_EDGE('',*,*,#5927,.F.);
#5930=ORIENTED_EDGE('',*,*,#5929,.T.);
#5931=EDGE_LOOP('',(#5920,#5922,#5924,#5926,#5928,#5930));
#5932=FACE_OUTER_BOUND('',#5931,.F.);
#5934=ORIENTED_EDGE('',*,*,#5933,.T.);
#5936=ORIENTED_EDGE('',*,*,#5935,.T.);
#5937=EDGE_LOOP('',(#5934,#5936));
#5938=FACE_BOUND('',#5937,.F.);
#5940=ORIENTED_EDGE('',*,*,#5939,.T.);
#5942=ORIENTED_EDGE('',*,*,#5941,.T.);
#5943=EDGE_LOOP('',(#5940,#5942));
#5944=FACE_BOUND('',#5943,.F.);
#5945=ORIENTED_EDGE('',*,*,#5839,.F.);
#5946=ORIENTED_EDGE('',*,*,#5853,.F.);
#5947=ORIENTED_EDGE('',*,*,#5867,.F.);
#5948=ORIENTED_EDGE('',*,*,#5881,.F.);
#5949=ORIENTED_EDGE('',*,*,#5895,.F.);
#5950=ORIENTED_EDGE('',*,*,#5908,.F.);
#5951=ORIENTED_EDGE('',*,*,#5810,.F.);
#5952=ORIENTED_EDGE('',*,*,#5825,.F.);
#5953=EDGE_LOOP('',(#5945,#5946,#5947,#5948,#5949,#5950,#5951,#5952));
#5954=FACE_BOUND('',#5953,.F.);
#5956=CARTESIAN_POINT('',(1.37E1,4.6E0,-8.751145860028E0));
#5957=DIRECTION('',(0.E0,0.E0,1.E0));
#5958=DIRECTION('',(1.E0,0.E0,0.E0));
#5959=AXIS2_PLACEMENT_3D('',#5956,#5957,#5958);
#5960=CYLINDRICAL_SURFACE('',#5959,1.7E0);
#5962=ORIENTED_EDGE('',*,*,#5961,.F.);
#5964=ORIENTED_EDGE('',*,*,#5963,.T.);
#5965=ORIENTED_EDGE('',*,*,#5919,.T.);
#5967=ORIENTED_EDGE('',*,*,#5966,.F.);
#5969=ORIENTED_EDGE('',*,*,#5968,.T.);
#5971=ORIENTED_EDGE('',*,*,#5970,.F.);
#5972=EDGE_LOOP('',(#5962,#5964,#5965,#5967,#5969,#5971));
#5973=FACE_OUTER_BOUND('',#5972,.F.);
#5975=CARTESIAN_POINT('',(1.54E1,0.E0,0.E0));
#5976=DIRECTION('',(1.E0,0.E0,0.E0));
#5977=DIRECTION('',(0.E0,1.E0,0.E0));
#5978=AXIS2_PLACEMENT_3D('',#5975,#5976,#5977);
#5979=PLANE('',#5978);
#5980=ORIENTED_EDGE('',*,*,#5963,.F.);
#5981=ORIENTED_EDGE('',*,*,#5961,.T.);
#5982=ORIENTED_EDGE('',*,*,#5970,.T.);
#5984=ORIENTED_EDGE('',*,*,#5983,.T.);
#5986=ORIENTED_EDGE('',*,*,#5985,.T.);
#5988=ORIENTED_EDGE('',*,*,#5987,.F.);
#5990=ORIENTED_EDGE('',*,*,#5989,.F.);
#5992=ORIENTED_EDGE('',*,*,#5991,.F.);
#5994=ORIENTED_EDGE('',*,*,#5993,.F.);
#5996=ORIENTED_EDGE('',*,*,#5995,.F.);
#5998=ORIENTED_EDGE('',*,*,#5997,.F.);
#5999=ORIENTED_EDGE('',*,*,#5921,.F.);
#6000=EDGE_LOOP('',(#5980,#5981,#5982,#5984,#5986,#5988,#5990,#5992,#5994,#5996,
#5998,#5999));
#6001=FACE_OUTER_BOUND('',#6000,.F.);
#6003=CARTESIAN_POINT('',(-8.095E0,4.65E0,-2.18E1));
#6004=DIRECTION('',(0.E0,1.E0,0.E0));
#6005=DIRECTION('',(0.E0,0.E0,1.E0));
#6006=AXIS2_PLACEMENT_3D('',#6003,#6004,#6005);
#6007=PLANE('',#6006);
#6009=ORIENTED_EDGE('',*,*,#6008,.T.);
#6011=ORIENTED_EDGE('',*,*,#6010,.F.);
#6012=ORIENTED_EDGE('',*,*,#5983,.F.);
#6014=ORIENTED_EDGE('',*,*,#6013,.T.);
#6016=ORIENTED_EDGE('',*,*,#6015,.T.);
#6018=ORIENTED_EDGE('',*,*,#6017,.F.);
#6020=ORIENTED_EDGE('',*,*,#6019,.T.);
#6022=ORIENTED_EDGE('',*,*,#6021,.T.);
#6023=EDGE_LOOP('',(#6009,#6011,#6012,#6014,#6016,#6018,#6020,#6022));
#6024=FACE_OUTER_BOUND('',#6023,.F.);
#6026=CARTESIAN_POINT('',(7.095E0,3.65E0,-2.185879336206E1));
#6027=DIRECTION('',(0.E0,0.E0,1.E0));
#6028=DIRECTION('',(1.E0,0.E0,0.E0));
#6029=AXIS2_PLACEMENT_3D('',#6026,#6027,#6028);
#6030=CYLINDRICAL_SURFACE('',#6029,1.E0);
#6031=ORIENTED_EDGE('',*,*,#6008,.F.);
#6033=ORIENTED_EDGE('',*,*,#6032,.T.);
#6035=ORIENTED_EDGE('',*,*,#6034,.T.);
#6037=ORIENTED_EDGE('',*,*,#6036,.T.);
#6038=EDGE_LOOP('',(#6031,#6033,#6035,#6037));
#6039=FACE_OUTER_BOUND('',#6038,.F.);
#6041=CARTESIAN_POINT('',(-1.54E1,-6.25E0,-2.18E1));
#6042=DIRECTION('',(0.E0,0.E0,-1.E0));
#6043=DIRECTION('',(0.E0,1.E0,0.E0));
#6044=AXIS2_PLACEMENT_3D('',#6041,#6042,#6043);
#6045=PLANE('',#6044);
#6046=ORIENTED_EDGE('',*,*,#6032,.F.);
#6047=ORIENTED_EDGE('',*,*,#6021,.F.);
#6049=ORIENTED_EDGE('',*,*,#6048,.F.);
#6051=ORIENTED_EDGE('',*,*,#6050,.F.);
#6053=ORIENTED_EDGE('',*,*,#6052,.F.);
#6055=ORIENTED_EDGE('',*,*,#6054,.F.);
#6057=ORIENTED_EDGE('',*,*,#6056,.F.);
#6059=ORIENTED_EDGE('',*,*,#6058,.T.);
#6061=ORIENTED_EDGE('',*,*,#6060,.F.);
#6063=ORIENTED_EDGE('',*,*,#6062,.F.);
#6065=ORIENTED_EDGE('',*,*,#6064,.T.);
#6067=ORIENTED_EDGE('',*,*,#6066,.T.);
#6069=ORIENTED_EDGE('',*,*,#6068,.T.);
#6071=ORIENTED_EDGE('',*,*,#6070,.F.);
#6073=ORIENTED_EDGE('',*,*,#6072,.T.);
#6074=ORIENTED_EDGE('',*,*,#5995,.T.);
#6076=ORIENTED_EDGE('',*,*,#6075,.F.);
#6078=ORIENTED_EDGE('',*,*,#6077,.F.);
#6080=ORIENTED_EDGE('',*,*,#6079,.F.);
#6082=ORIENTED_EDGE('',*,*,#6081,.T.);
#6084=ORIENTED_EDGE('',*,*,#6083,.F.);
#6086=ORIENTED_EDGE('',*,*,#6085,.T.);
#6087=EDGE_LOOP('',(#6046,#6047,#6049,#6051,#6053,#6055,#6057,#6059,#6061,#6063,
#6065,#6067,#6069,#6071,#6073,#6074,#6076,#6078,#6080,#6082,#6084,#6086));
#6088=FACE_OUTER_BOUND('',#6087,.F.);
#6090=CARTESIAN_POINT('',(-7.095E0,3.65E0,-8.625905166857E0));
#6091=DIRECTION('',(0.E0,0.E0,-1.E0));
#6092=DIRECTION('',(-1.E0,0.E0,0.E0));
#6093=AXIS2_PLACEMENT_3D('',#6090,#6091,#6092);
#6094=CYLINDRICAL_SURFACE('',#6093,1.E0);
#6095=ORIENTED_EDGE('',*,*,#6048,.T.);
#6096=ORIENTED_EDGE('',*,*,#6019,.F.);
#6098=ORIENTED_EDGE('',*,*,#6097,.T.);
#6100=ORIENTED_EDGE('',*,*,#6099,.T.);
#6101=EDGE_LOOP('',(#6095,#6096,#6098,#6100));
#6102=FACE_OUTER_BOUND('',#6101,.F.);
#6104=CARTESIAN_POINT('',(-1.54E1,0.E0,-9.2E0));
#6105=DIRECTION('',(0.E0,0.E0,-1.E0));
#6106=DIRECTION('',(1.E0,0.E0,0.E0));
#6107=AXIS2_PLACEMENT_3D('',#6104,#6105,#6106);
#6108=PLANE('',#6107);
#6109=ORIENTED_EDGE('',*,*,#6010,.T.);
#6110=ORIENTED_EDGE('',*,*,#6036,.F.);
#6112=ORIENTED_EDGE('',*,*,#6111,.T.);
#6114=ORIENTED_EDGE('',*,*,#6113,.F.);
#6115=ORIENTED_EDGE('',*,*,#5985,.F.);
#6116=EDGE_LOOP('',(#6109,#6110,#6112,#6114,#6115));
#6117=FACE_OUTER_BOUND('',#6116,.F.);
#6119=CARTESIAN_POINT('',(-1.54E1,0.E0,-9.2E0));
#6120=DIRECTION('',(0.E0,0.E0,-1.E0));
#6121=DIRECTION('',(1.E0,0.E0,0.E0));
#6122=AXIS2_PLACEMENT_3D('',#6119,#6120,#6121);
#6123=PLANE('',#6122);
#6125=ORIENTED_EDGE('',*,*,#6124,.F.);
#6126=ORIENTED_EDGE('',*,*,#6097,.F.);
#6127=ORIENTED_EDGE('',*,*,#6017,.T.);
#6129=ORIENTED_EDGE('',*,*,#6128,.F.);
#6131=ORIENTED_EDGE('',*,*,#6130,.F.);
#6132=EDGE_LOOP('',(#6125,#6126,#6127,#6129,#6131));
#6133=FACE_OUTER_BOUND('',#6132,.F.);
#6135=CARTESIAN_POINT('',(8.095E0,0.E0,0.E0));
#6136=DIRECTION('',(1.E0,0.E0,0.E0));
#6137=DIRECTION('',(0.E0,0.E0,-1.E0));
#6138=AXIS2_PLACEMENT_3D('',#6135,#6136,#6137);
#6139=PLANE('',#6138);
#6140=ORIENTED_EDGE('',*,*,#6034,.F.);
#6141=ORIENTED_EDGE('',*,*,#6085,.F.);
#6143=ORIENTED_EDGE('',*,*,#6142,.T.);
#6145=ORIENTED_EDGE('',*,*,#6144,.F.);
#6147=ORIENTED_EDGE('',*,*,#6146,.T.);
#6149=ORIENTED_EDGE('',*,*,#6148,.T.);
#6150=ORIENTED_EDGE('',*,*,#6111,.F.);
#6151=EDGE_LOOP('',(#6140,#6141,#6143,#6145,#6147,#6149,#6150));
#6152=FACE_OUTER_BOUND('',#6151,.F.);
#6154=CARTESIAN_POINT('',(-1.54E1,-3.36E0,-2.18E1));
#6155=DIRECTION('',(0.E0,1.E0,0.E0));
#6156=DIRECTION('',(0.E0,0.E0,1.E0));
#6157=AXIS2_PLACEMENT_3D('',#6154,#6155,#6156);
#6158=PLANE('',#6157);
#6160=ORIENTED_EDGE('',*,*,#6159,.F.);
#6162=ORIENTED_EDGE('',*,*,#6161,.F.);
#6164=ORIENTED_EDGE('',*,*,#6163,.F.);
#6165=ORIENTED_EDGE('',*,*,#6142,.F.);
#6166=ORIENTED_EDGE('',*,*,#6083,.T.);
#6168=ORIENTED_EDGE('',*,*,#6167,.T.);
#6170=ORIENTED_EDGE('',*,*,#6169,.T.);
#6172=ORIENTED_EDGE('',*,*,#6171,.T.);
#6173=EDGE_LOOP('',(#6160,#6162,#6164,#6165,#6166,#6168,#6170,#6172));
#6174=FACE_OUTER_BOUND('',#6173,.F.);
#6176=CARTESIAN_POINT('',(-1.54E1,-3.36E0,-2.18E1));
#6177=DIRECTION('',(0.E0,1.E0,0.E0));
#6178=DIRECTION('',(0.E0,0.E0,1.E0));
#6179=AXIS2_PLACEMENT_3D('',#6176,#6177,#6178);
#6180=PLANE('',#6179);
#6182=ORIENTED_EDGE('',*,*,#6181,.F.);
#6184=ORIENTED_EDGE('',*,*,#6183,.F.);
#6186=ORIENTED_EDGE('',*,*,#6185,.T.);
#6188=ORIENTED_EDGE('',*,*,#6187,.F.);
#6189=ORIENTED_EDGE('',*,*,#6075,.T.);
#6190=ORIENTED_EDGE('',*,*,#5993,.T.);
#6192=ORIENTED_EDGE('',*,*,#6191,.F.);
#6194=ORIENTED_EDGE('',*,*,#6193,.T.);
#6195=EDGE_LOOP('',(#6182,#6184,#6186,#6188,#6189,#6190,#6192,#6194));
#6196=FACE_OUTER_BOUND('',#6195,.F.);
#6198=CARTESIAN_POINT('',(-1.54E1,-3.36E0,-2.18E1));
#6199=DIRECTION('',(0.E0,1.E0,0.E0));
#6200=DIRECTION('',(0.E0,0.E0,1.E0));
#6201=AXIS2_PLACEMENT_3D('',#6198,#6199,#6200);
#6202=PLANE('',#6201);
#6204=ORIENTED_EDGE('',*,*,#6203,.T.);
#6206=ORIENTED_EDGE('',*,*,#6205,.F.);
#6208=ORIENTED_EDGE('',*,*,#6207,.F.);
#6210=ORIENTED_EDGE('',*,*,#6209,.F.);
#6212=ORIENTED_EDGE('',*,*,#6211,.F.);
#6213=ORIENTED_EDGE('',*,*,#6060,.T.);
#6215=ORIENTED_EDGE('',*,*,#6214,.T.);
#6217=ORIENTED_EDGE('',*,*,#6216,.T.);
#6218=EDGE_LOOP('',(#6204,#6206,#6208,#6210,#6212,#6213,#6215,#6217));
#6219=FACE_OUTER_BOUND('',#6218,.F.);
#6221=CARTESIAN_POINT('',(-1.54E1,-3.36E0,-2.18E1));
#6222=DIRECTION('',(0.E0,1.E0,0.E0));
#6223=DIRECTION('',(0.E0,0.E0,1.E0));
#6224=AXIS2_PLACEMENT_3D('',#6221,#6222,#6223);
#6225=PLANE('',#6224);
#6227=ORIENTED_EDGE('',*,*,#6226,.F.);
#6229=ORIENTED_EDGE('',*,*,#6228,.T.);
#6231=ORIENTED_EDGE('',*,*,#6230,.F.);
#6232=ORIENTED_EDGE('',*,*,#6052,.T.);
#6234=ORIENTED_EDGE('',*,*,#6233,.T.);
#6236=ORIENTED_EDGE('',*,*,#6235,.F.);
#6238=ORIENTED_EDGE('',*,*,#6237,.T.);
#6240=ORIENTED_EDGE('',*,*,#6239,.F.);
#6241=EDGE_LOOP('',(#6227,#6229,#6231,#6232,#6234,#6236,#6238,#6240));
#6242=FACE_OUTER_BOUND('',#6241,.F.);
#6244=CARTESIAN_POINT('',(9.875E0,-3.36E0,-1.535E1));
#6245=DIRECTION('',(0.E0,0.E0,-1.E0));
#6246=DIRECTION('',(0.E0,1.E0,0.E0));
#6247=AXIS2_PLACEMENT_3D('',#6244,#6245,#6246);
#6248=PLANE('',#6247);
#6250=ORIENTED_EDGE('',*,*,#6249,.T.);
#6252=ORIENTED_EDGE('',*,*,#6251,.F.);
#6254=ORIENTED_EDGE('',*,*,#6253,.F.);
#6255=ORIENTED_EDGE('',*,*,#6159,.T.);
#6256=EDGE_LOOP('',(#6250,#6252,#6254,#6255));
#6257=FACE_OUTER_BOUND('',#6256,.F.);
#6259=CARTESIAN_POINT('',(9.875E0,-3.36E0,-1.535E1));
#6260=DIRECTION('',(0.E0,0.E0,-1.E0));
#6261=DIRECTION('',(0.E0,1.E0,0.E0));
#6262=AXIS2_PLACEMENT_3D('',#6259,#6260,#6261);
#6263=PLANE('',#6262);
#6265=ORIENTED_EDGE('',*,*,#6264,.F.);
#6266=ORIENTED_EDGE('',*,*,#6181,.T.);
#6268=ORIENTED_EDGE('',*,*,#6267,.T.);
#6270=ORIENTED_EDGE('',*,*,#6269,.F.);
#6271=EDGE_LOOP('',(#6265,#6266,#6268,#6270));
#6272=FACE_OUTER_BOUND('',#6271,.F.);
#6274=CARTESIAN_POINT('',(1.0825E1,0.E0,0.E0));
#6275=DIRECTION('',(1.E0,0.E0,0.E0));
#6276=DIRECTION('',(0.E0,0.E0,1.E0));
#6277=AXIS2_PLACEMENT_3D('',#6274,#6275,#6276);
#6278=PLANE('',#6277);
#6280=ORIENTED_EDGE('',*,*,#6279,.F.);
#6282=ORIENTED_EDGE('',*,*,#6281,.T.);
#6283=ORIENTED_EDGE('',*,*,#6249,.F.);
#6284=ORIENTED_EDGE('',*,*,#6171,.F.);
#6286=ORIENTED_EDGE('',*,*,#6285,.T.);
#6288=ORIENTED_EDGE('',*,*,#6287,.F.);
#6290=ORIENTED_EDGE('',*,*,#6289,.T.);
#6292=ORIENTED_EDGE('',*,*,#6291,.F.);
#6294=ORIENTED_EDGE('',*,*,#6293,.T.);
#6295=EDGE_LOOP('',(#6280,#6282,#6283,#6284,#6286,#6288,#6290,#6292,#6294));
#6296=FACE_OUTER_BOUND('',#6295,.F.);
#6298=CARTESIAN_POINT('',(5.555088E1,-3.86E0,-1.668E1));
#6299=DIRECTION('',(-1.E0,0.E0,0.E0));
#6300=DIRECTION('',(0.E0,1.E0,0.E0));
#6301=AXIS2_PLACEMENT_3D('',#6298,#6299,#6300);
#6302=CYLINDRICAL_SURFACE('',#6301,1.E0);
#6303=ORIENTED_EDGE('',*,*,#6279,.T.);
#6305=ORIENTED_EDGE('',*,*,#6304,.F.);
#6307=ORIENTED_EDGE('',*,*,#6306,.T.);
#6309=ORIENTED_EDGE('',*,*,#6308,.T.);
#6310=EDGE_LOOP('',(#6303,#6305,#6307,#6309));
#6311=FACE_OUTER_BOUND('',#6310,.F.);
#6313=CARTESIAN_POINT('',(1.0825E1,-1.035E1,-1.768E1));
#6314=DIRECTION('',(0.E0,0.E0,-1.E0));
#6315=DIRECTION('',(0.E0,1.E0,0.E0));
#6316=AXIS2_PLACEMENT_3D('',#6313,#6314,#6315);
#6317=PLANE('',#6316);
#6319=ORIENTED_EDGE('',*,*,#6318,.T.);
#6321=ORIENTED_EDGE('',*,*,#6320,.F.);
#6323=ORIENTED_EDGE('',*,*,#6322,.F.);
#6325=ORIENTED_EDGE('',*,*,#6324,.F.);
#6327=ORIENTED_EDGE('',*,*,#6326,.F.);
#6329=ORIENTED_EDGE('',*,*,#6328,.F.);
#6331=ORIENTED_EDGE('',*,*,#6330,.T.);
#6332=EDGE_LOOP('',(#6319,#6321,#6323,#6325,#6327,#6329,#6331));
#6333=FACE_OUTER_BOUND('',#6332,.F.);
#6335=CARTESIAN_POINT('',(1.0825E1,-1.035E1,-1.768E1));
#6336=DIRECTION('',(0.E0,0.E0,-1.E0));
#6337=DIRECTION('',(0.E0,1.E0,0.E0));
#6338=AXIS2_PLACEMENT_3D('',#6335,#6336,#6337);
#6339=PLANE('',#6338);
#6340=ORIENTED_EDGE('',*,*,#6304,.T.);
#6341=ORIENTED_EDGE('',*,*,#6293,.F.);
#6343=ORIENTED_EDGE('',*,*,#6342,.F.);
#6345=ORIENTED_EDGE('',*,*,#6344,.F.);
#6347=ORIENTED_EDGE('',*,*,#6346,.F.);
#6349=ORIENTED_EDGE('',*,*,#6348,.F.);
#6351=ORIENTED_EDGE('',*,*,#6350,.F.);
#6352=EDGE_LOOP('',(#6340,#6341,#6343,#6345,#6347,#6349,#6351));
#6353=FACE_OUTER_BOUND('',#6352,.F.);
#6355=CARTESIAN_POINT('',(5.555088E1,-3.86E0,-1.668E1));
#6356=DIRECTION('',(-1.E0,0.E0,0.E0));
#6357=DIRECTION('',(0.E0,1.E0,0.E0));
#6358=AXIS2_PLACEMENT_3D('',#6355,#6356,#6357);
#6359=CYLINDRICAL_SURFACE('',#6358,1.E0);
#6361=ORIENTED_EDGE('',*,*,#6360,.T.);
#6362=ORIENTED_EDGE('',*,*,#6318,.F.);
#6364=ORIENTED_EDGE('',*,*,#6363,.T.);
#6366=ORIENTED_EDGE('',*,*,#6365,.T.);
#6367=EDGE_LOOP('',(#6361,#6362,#6364,#6366));
#6368=FACE_OUTER_BOUND('',#6367,.F.);
#6370=CARTESIAN_POINT('',(1.31E1,-2.86E0,-1.573E1));
#6371=DIRECTION('',(1.E0,0.E0,0.E0));
#6372=DIRECTION('',(0.E0,0.E0,-1.E0));
#6373=AXIS2_PLACEMENT_3D('',#6370,#6371,#6372);
#6374=PLANE('',#6373);
#6375=ORIENTED_EDGE('',*,*,#6360,.F.);
#6377=ORIENTED_EDGE('',*,*,#6376,.T.);
#6379=ORIENTED_EDGE('',*,*,#6378,.T.);
#6381=ORIENTED_EDGE('',*,*,#6380,.F.);
#6383=ORIENTED_EDGE('',*,*,#6382,.F.);
#6385=ORIENTED_EDGE('',*,*,#6384,.T.);
#6387=ORIENTED_EDGE('',*,*,#6386,.F.);
#6388=ORIENTED_EDGE('',*,*,#6320,.T.);
#6389=EDGE_LOOP('',(#6375,#6377,#6379,#6381,#6383,#6385,#6387,#6388));
#6390=FACE_OUTER_BOUND('',#6389,.F.);
#6392=CARTESIAN_POINT('',(9.875E0,-2.86E0,-1.535E1));
#6393=DIRECTION('',(0.E0,1.E0,0.E0));
#6394=DIRECTION('',(0.E0,0.E0,1.E0));
#6395=AXIS2_PLACEMENT_3D('',#6392,#6393,#6394);
#6396=PLANE('',#6395);
#6397=ORIENTED_EDGE('',*,*,#6365,.F.);
#6399=ORIENTED_EDGE('',*,*,#6398,.T.);
#6400=ORIENTED_EDGE('',*,*,#6269,.T.);
#6402=ORIENTED_EDGE('',*,*,#6401,.T.);
#6404=ORIENTED_EDGE('',*,*,#6403,.F.);
#6406=ORIENTED_EDGE('',*,*,#6405,.F.);
#6407=ORIENTED_EDGE('',*,*,#6251,.T.);
#6408=ORIENTED_EDGE('',*,*,#6281,.F.);
#6409=ORIENTED_EDGE('',*,*,#6308,.F.);
#6411=ORIENTED_EDGE('',*,*,#6410,.T.);
#6413=ORIENTED_EDGE('',*,*,#6412,.T.);
#6414=ORIENTED_EDGE('',*,*,#6376,.F.);
#6415=EDGE_LOOP('',(#6397,#6399,#6400,#6402,#6404,#6406,#6407,#6408,#6409,#6411,
#6413,#6414));
#6416=FACE_OUTER_BOUND('',#6415,.F.);
#6418=CARTESIAN_POINT('',(1.4175E1,0.E0,0.E0));
#6419=DIRECTION('',(1.E0,0.E0,0.E0));
#6420=DIRECTION('',(0.E0,0.E0,1.E0));
#6421=AXIS2_PLACEMENT_3D('',#6418,#6419,#6420);
#6422=PLANE('',#6421);
#6423=ORIENTED_EDGE('',*,*,#6363,.F.);
#6424=ORIENTED_EDGE('',*,*,#6330,.F.);
#6426=ORIENTED_EDGE('',*,*,#6425,.T.);
#6428=ORIENTED_EDGE('',*,*,#6427,.F.);
#6430=ORIENTED_EDGE('',*,*,#6429,.F.);
#6432=ORIENTED_EDGE('',*,*,#6431,.F.);
#6433=ORIENTED_EDGE('',*,*,#6183,.T.);
#6434=ORIENTED_EDGE('',*,*,#6264,.T.);
#6435=ORIENTED_EDGE('',*,*,#6398,.F.);
#6436=EDGE_LOOP('',(#6423,#6424,#6426,#6428,#6430,#6432,#6433,#6434,#6435));
#6437=FACE_OUTER_BOUND('',#6436,.F.);
#6439=CARTESIAN_POINT('',(1.4175E1,-7.35E0,-1.768E1));
#6440=DIRECTION('',(9.363291775690E-1,3.511234415884E-1,0.E0));
#6441=DIRECTION('',(3.511234415884E-1,-9.363291775690E-1,0.E0));
#6442=AXIS2_PLACEMENT_3D('',#6439,#6440,#6441);
#6443=PLANE('',#6442);
#6444=ORIENTED_EDGE('',*,*,#6425,.F.);
#6445=ORIENTED_EDGE('',*,*,#6328,.T.);
#6447=ORIENTED_EDGE('',*,*,#6446,.T.);
#6449=ORIENTED_EDGE('',*,*,#6448,.F.);
#6450=EDGE_LOOP('',(#6444,#6445,#6447,#6449));
#6451=FACE_OUTER_BOUND('',#6450,.F.);
#6453=CARTESIAN_POINT('',(1.455E1,-8.35E0,-1.768E1));
#6454=DIRECTION('',(9.708893058459E-1,-2.395286116396E-1,0.E0));
#6455=DIRECTION('',(-2.395286116396E-1,-9.708893058459E-1,0.E0));
#6456=AXIS2_PLACEMENT_3D('',#6453,#6454,#6455);
#6457=PLANE('',#6456);
#6459=ORIENTED_EDGE('',*,*,#6458,.F.);
#6461=ORIENTED_EDGE('',*,*,#6460,.F.);
#6462=ORIENTED_EDGE('',*,*,#6446,.F.);
#6463=ORIENTED_EDGE('',*,*,#6326,.T.);
#6464=EDGE_LOOP('',(#6459,#6461,#6462,#6463));
#6465=FACE_OUTER_BOUND('',#6464,.F.);
#6467=CARTESIAN_POINT('',(1.343817300291E1,-9.570985415592E0,-1.768E1));
#6468=DIRECTION('',(0.E0,0.E0,-1.E0));
#6469=DIRECTION('',(0.E0,1.E0,0.E0));
#6470=AXIS2_PLACEMENT_3D('',#6467,#6468,#6469);
#6471=CYLINDRICAL_SURFACE('',#6470,7.87E-1);
#6473=ORIENTED_EDGE('',*,*,#6472,.F.);
#6474=ORIENTED_EDGE('',*,*,#6458,.T.);
#6475=ORIENTED_EDGE('',*,*,#6324,.T.);
#6477=ORIENTED_EDGE('',*,*,#6476,.F.);
#6478=EDGE_LOOP('',(#6473,#6474,#6475,#6477));
#6479=FACE_OUTER_BOUND('',#6478,.F.);
#6481=CARTESIAN_POINT('',(1.0825E1,-3.36E0,-1.718E1));
#6482=DIRECTION('',(0.E0,0.E0,1.E0));
#6483=DIRECTION('',(0.E0,-1.E0,0.E0));
#6484=AXIS2_PLACEMENT_3D('',#6481,#6482,#6483);
#6485=PLANE('',#6484);
#6487=ORIENTED_EDGE('',*,*,#6486,.T.);
#6488=ORIENTED_EDGE('',*,*,#6427,.T.);
#6489=ORIENTED_EDGE('',*,*,#6448,.T.);
#6490=ORIENTED_EDGE('',*,*,#6460,.T.);
#6491=ORIENTED_EDGE('',*,*,#6472,.T.);
#6493=ORIENTED_EDGE('',*,*,#6492,.T.);
#6494=ORIENTED_EDGE('',*,*,#6384,.F.);
#6495=EDGE_LOOP('',(#6487,#6488,#6489,#6490,#6491,#6493,#6494));
#6496=FACE_OUTER_BOUND('',#6495,.F.);
#6498=CARTESIAN_POINT('',(1.0825E1,-3.36E0,-1.718E1));
#6499=DIRECTION('',(0.E0,0.E0,1.E0));
#6500=DIRECTION('',(0.E0,-1.E0,0.E0));
#6501=AXIS2_PLACEMENT_3D('',#6498,#6499,#6500);
#6502=PLANE('',#6501);
#6504=ORIENTED_EDGE('',*,*,#6503,.T.);
#6506=ORIENTED_EDGE('',*,*,#6505,.F.);
#6508=ORIENTED_EDGE('',*,*,#6507,.T.);
#6510=ORIENTED_EDGE('',*,*,#6509,.T.);
#6512=ORIENTED_EDGE('',*,*,#6511,.T.);
#6514=ORIENTED_EDGE('',*,*,#6513,.T.);
#6515=ORIENTED_EDGE('',*,*,#6289,.F.);
#6516=EDGE_LOOP('',(#6504,#6506,#6508,#6510,#6512,#6514,#6515));
#6517=FACE_OUTER_BOUND('',#6516,.F.);
#6519=CARTESIAN_POINT('',(-5.175879236663E1,-3.86E0,-1.668E1));
#6520=DIRECTION('',(1.E0,0.E0,0.E0));
#6521=DIRECTION('',(0.E0,0.E0,-1.E0));
#6522=AXIS2_PLACEMENT_3D('',#6519,#6520,#6521);
#6523=CYLINDRICAL_SURFACE('',#6522,5.E-1);
#6524=ORIENTED_EDGE('',*,*,#6486,.F.);
#6525=ORIENTED_EDGE('',*,*,#6382,.T.);
#6527=ORIENTED_EDGE('',*,*,#6526,.T.);
#6528=ORIENTED_EDGE('',*,*,#6429,.T.);
#6529=EDGE_LOOP('',(#6524,#6525,#6527,#6528));
#6530=FACE_OUTER_BOUND('',#6529,.F.);
#6532=CARTESIAN_POINT('',(9.875E0,-3.36E0,-8.69E0));
#6533=DIRECTION('',(0.E0,-1.E0,0.E0));
#6534=DIRECTION('',(0.E0,0.E0,-1.E0));
#6535=AXIS2_PLACEMENT_3D('',#6532,#6533,#6534);
#6536=PLANE('',#6535);
#6537=ORIENTED_EDGE('',*,*,#6526,.F.);
#6538=ORIENTED_EDGE('',*,*,#6380,.T.);
#6540=ORIENTED_EDGE('',*,*,#6539,.F.);
#6542=ORIENTED_EDGE('',*,*,#6541,.F.);
#6544=ORIENTED_EDGE('',*,*,#6543,.F.);
#6545=ORIENTED_EDGE('',*,*,#6285,.F.);
#6547=ORIENTED_EDGE('',*,*,#6546,.T.);
#6548=ORIENTED_EDGE('',*,*,#6431,.T.);
#6549=EDGE_LOOP('',(#6537,#6538,#6540,#6542,#6544,#6545,#6547,#6548));
#6550=FACE_OUTER_BOUND('',#6549,.F.);
#6552=CARTESIAN_POINT('',(1.25E1,-2.86E0,-1.573E1));
#6553=DIRECTION('',(0.E0,1.E0,0.E0));
#6554=DIRECTION('',(0.E0,0.E0,1.E0));
#6555=AXIS2_PLACEMENT_3D('',#6552,#6553,#6554);
#6556=CYLINDRICAL_SURFACE('',#6555,6.E-1);
#6557=ORIENTED_EDGE('',*,*,#6412,.F.);
#6559=ORIENTED_EDGE('',*,*,#6558,.T.);
#6560=ORIENTED_EDGE('',*,*,#6539,.T.);
#6561=ORIENTED_EDGE('',*,*,#6378,.F.);
#6562=EDGE_LOOP('',(#6557,#6559,#6560,#6561));
#6563=FACE_OUTER_BOUND('',#6562,.F.);
#6565=CARTESIAN_POINT('',(1.19E1,-2.86E0,-1.768E1));
#6566=DIRECTION('',(-1.E0,0.E0,0.E0));
#6567=DIRECTION('',(0.E0,0.E0,1.E0));
#6568=AXIS2_PLACEMENT_3D('',#6565,#6566,#6567);
#6569=PLANE('',#6568);
#6570=ORIENTED_EDGE('',*,*,#6306,.F.);
#6571=ORIENTED_EDGE('',*,*,#6350,.T.);
#6573=ORIENTED_EDGE('',*,*,#6572,.T.);
#6574=ORIENTED_EDGE('',*,*,#6505,.T.);
#6576=ORIENTED_EDGE('',*,*,#6575,.F.);
#6577=ORIENTED_EDGE('',*,*,#6541,.T.);
#6578=ORIENTED_EDGE('',*,*,#6558,.F.);
#6579=ORIENTED_EDGE('',*,*,#6410,.F.);
#6580=EDGE_LOOP('',(#6570,#6571,#6573,#6574,#6576,#6577,#6578,#6579));
#6581=FACE_OUTER_BOUND('',#6580,.F.);
#6583=CARTESIAN_POINT('',(1.145E1,-9.9E0,-1.768E1));
#6584=DIRECTION('',(0.E0,0.E0,-1.E0));
#6585=DIRECTION('',(0.E0,1.E0,0.E0));
#6586=AXIS2_PLACEMENT_3D('',#6583,#6584,#6585);
#6587=CYLINDRICAL_SURFACE('',#6586,4.5E-1);
#6589=ORIENTED_EDGE('',*,*,#6588,.F.);
#6590=ORIENTED_EDGE('',*,*,#6507,.F.);
#6591=ORIENTED_EDGE('',*,*,#6572,.F.);
#6592=ORIENTED_EDGE('',*,*,#6348,.T.);
#6593=EDGE_LOOP('',(#6589,#6590,#6591,#6592));
#6594=FACE_OUTER_BOUND('',#6593,.F.);
#6596=CARTESIAN_POINT('',(1.156182699709E1,-9.570985415592E0,-1.768E1));
#6597=DIRECTION('',(0.E0,0.E0,-1.E0));
#6598=DIRECTION('',(0.E0,1.E0,0.E0));
#6599=AXIS2_PLACEMENT_3D('',#6596,#6597,#6598);
#6600=CYLINDRICAL_SURFACE('',#6599,7.87E-1);
#6601=ORIENTED_EDGE('',*,*,#6509,.F.);
#6602=ORIENTED_EDGE('',*,*,#6588,.T.);
#6603=ORIENTED_EDGE('',*,*,#6346,.T.);
#6605=ORIENTED_EDGE('',*,*,#6604,.F.);
#6606=EDGE_LOOP('',(#6601,#6602,#6603,#6605));
#6607=FACE_OUTER_BOUND('',#6606,.F.);
#6609=CARTESIAN_POINT('',(1.0825E1,-9.87E0,-1.768E1));
#6610=DIRECTION('',(-9.708893058459E-1,-2.395286116396E-1,0.E0));
#6611=DIRECTION('',(-2.395286116396E-1,9.708893058459E-1,0.E0));
#6612=AXIS2_PLACEMENT_3D('',#6609,#6610,#6611);
#6613=PLANE('',#6612);
#6614=ORIENTED_EDGE('',*,*,#6604,.T.);
#6615=ORIENTED_EDGE('',*,*,#6344,.T.);
#6617=ORIENTED_EDGE('',*,*,#6616,.T.);
#6618=ORIENTED_EDGE('',*,*,#6511,.F.);
#6619=EDGE_LOOP('',(#6614,#6615,#6617,#6618));
#6620=FACE_OUTER_BOUND('',#6619,.F.);
#6622=CARTESIAN_POINT('',(1.045E1,-8.35E0,-1.768E1));
#6623=DIRECTION('',(-9.363291775690E-1,3.511234415884E-1,0.E0));
#6624=DIRECTION('',(3.511234415884E-1,9.363291775690E-1,0.E0));
#6625=AXIS2_PLACEMENT_3D('',#6622,#6623,#6624);
#6626=PLANE('',#6625);
#6627=ORIENTED_EDGE('',*,*,#6291,.T.);
#6628=ORIENTED_EDGE('',*,*,#6513,.F.);
#6629=ORIENTED_EDGE('',*,*,#6616,.F.);
#6630=ORIENTED_EDGE('',*,*,#6342,.T.);
#6631=EDGE_LOOP('',(#6627,#6628,#6629,#6630));
#6632=FACE_OUTER_BOUND('',#6631,.F.);
#6634=CARTESIAN_POINT('',(-5.175879236663E1,-3.86E0,-1.668E1));
#6635=DIRECTION('',(1.E0,0.E0,0.E0));
#6636=DIRECTION('',(0.E0,0.E0,-1.E0));
#6637=AXIS2_PLACEMENT_3D('',#6634,#6635,#6636);
#6638=CYLINDRICAL_SURFACE('',#6637,5.E-1);
#6639=ORIENTED_EDGE('',*,*,#6503,.F.);
#6640=ORIENTED_EDGE('',*,*,#6287,.T.);
#6641=ORIENTED_EDGE('',*,*,#6543,.T.);
#6642=ORIENTED_EDGE('',*,*,#6575,.T.);
#6643=EDGE_LOOP('',(#6639,#6640,#6641,#6642));
#6644=FACE_OUTER_BOUND('',#6643,.F.);
#6646=CARTESIAN_POINT('',(1.25E1,-3.36E0,-1.674E1));
#6647=DIRECTION('',(0.E0,1.E0,0.E0));
#6648=DIRECTION('',(1.E0,0.E0,0.E0));
#6649=AXIS2_PLACEMENT_3D('',#6646,#6647,#6648);
#6650=CYLINDRICAL_SURFACE('',#6649,1.9E0);
#6651=ORIENTED_EDGE('',*,*,#6546,.F.);
#6652=ORIENTED_EDGE('',*,*,#6169,.F.);
#6654=ORIENTED_EDGE('',*,*,#6653,.T.);
#6656=ORIENTED_EDGE('',*,*,#6655,.T.);
#6658=ORIENTED_EDGE('',*,*,#6657,.F.);
#6659=ORIENTED_EDGE('',*,*,#6185,.F.);
#6660=EDGE_LOOP('',(#6651,#6652,#6654,#6656,#6658,#6659));
#6661=FACE_OUTER_BOUND('',#6660,.F.);
#6663=CARTESIAN_POINT('',(1.06E1,-6.25E0,-6.43E0));
#6664=DIRECTION('',(-1.E0,0.E0,0.E0));
#6665=DIRECTION('',(0.E0,0.E0,-1.E0));
#6666=AXIS2_PLACEMENT_3D('',#6663,#6664,#6665);
#6667=PLANE('',#6666);
#6669=ORIENTED_EDGE('',*,*,#6668,.T.);
#6670=ORIENTED_EDGE('',*,*,#6653,.F.);
#6671=ORIENTED_EDGE('',*,*,#6167,.F.);
#6672=ORIENTED_EDGE('',*,*,#6081,.F.);
#6674=ORIENTED_EDGE('',*,*,#6673,.T.);
#6676=ORIENTED_EDGE('',*,*,#6675,.F.);
#6678=ORIENTED_EDGE('',*,*,#6677,.F.);
#6680=ORIENTED_EDGE('',*,*,#6679,.T.);
#6681=EDGE_LOOP('',(#6669,#6670,#6671,#6672,#6674,#6676,#6678,#6680));
#6682=FACE_OUTER_BOUND('',#6681,.F.);
#6684=CARTESIAN_POINT('',(-1.54E1,-4.5E0,0.E0));
#6685=DIRECTION('',(0.E0,-1.E0,0.E0));
#6686=DIRECTION('',(1.E0,0.E0,0.E0));
#6687=AXIS2_PLACEMENT_3D('',#6684,#6685,#6686);
#6688=PLANE('',#6687);
#6689=ORIENTED_EDGE('',*,*,#6655,.F.);
#6690=ORIENTED_EDGE('',*,*,#6668,.F.);
#6692=ORIENTED_EDGE('',*,*,#6691,.F.);
#6694=ORIENTED_EDGE('',*,*,#6693,.F.);
#6695=EDGE_LOOP('',(#6689,#6690,#6692,#6694));
#6696=FACE_OUTER_BOUND('',#6695,.F.);
#6698=CARTESIAN_POINT('',(-1.54E1,-4.5E0,0.E0));
#6699=DIRECTION('',(0.E0,-1.E0,0.E0));
#6700=DIRECTION('',(1.E0,0.E0,0.E0));
#6701=AXIS2_PLACEMENT_3D('',#6698,#6699,#6700);
#6702=PLANE('',#6701);
#6704=ORIENTED_EDGE('',*,*,#6703,.F.);
#6706=ORIENTED_EDGE('',*,*,#6705,.F.);
#6708=ORIENTED_EDGE('',*,*,#6707,.F.);
#6710=ORIENTED_EDGE('',*,*,#6709,.F.);
#6711=EDGE_LOOP('',(#6704,#6706,#6708,#6710));
#6712=FACE_OUTER_BOUND('',#6711,.F.);
#6714=CARTESIAN_POINT('',(1.44E1,-6.25E0,-6.43E0));
#6715=DIRECTION('',(0.E0,0.E0,1.E0));
#6716=DIRECTION('',(-1.E0,0.E0,0.E0));
#6717=AXIS2_PLACEMENT_3D('',#6714,#6715,#6716);
#6718=PLANE('',#6717);
#6720=ORIENTED_EDGE('',*,*,#6719,.F.);
#6722=ORIENTED_EDGE('',*,*,#6721,.T.);
#6723=ORIENTED_EDGE('',*,*,#6691,.T.);
#6724=ORIENTED_EDGE('',*,*,#6679,.F.);
#6725=EDGE_LOOP('',(#6720,#6722,#6723,#6724));
#6726=FACE_OUTER_BOUND('',#6725,.F.);
#6728=CARTESIAN_POINT('',(-1.54E1,-6.25E0,-6.E0));
#6729=DIRECTION('',(0.E0,-1.E0,0.E0));
#6730=DIRECTION('',(0.E0,0.E0,-1.E0));
#6731=AXIS2_PLACEMENT_3D('',#6728,#6729,#6730);
#6732=PLANE('',#6731);
#6734=ORIENTED_EDGE('',*,*,#6733,.F.);
#6735=ORIENTED_EDGE('',*,*,#6064,.F.);
#6737=ORIENTED_EDGE('',*,*,#6736,.F.);
#6738=ORIENTED_EDGE('',*,*,#5923,.T.);
#6739=ORIENTED_EDGE('',*,*,#5997,.T.);
#6740=ORIENTED_EDGE('',*,*,#6072,.F.);
#6742=ORIENTED_EDGE('',*,*,#6741,.T.);
#6744=ORIENTED_EDGE('',*,*,#6743,.T.);
#6745=EDGE_LOOP('',(#6734,#6735,#6737,#6738,#6739,#6740,#6742,#6744));
#6746=FACE_OUTER_BOUND('',#6745,.F.);
#6747=ORIENTED_EDGE('',*,*,#6677,.T.);
#6749=ORIENTED_EDGE('',*,*,#6748,.T.);
#6751=ORIENTED_EDGE('',*,*,#6750,.T.);
#6752=ORIENTED_EDGE('',*,*,#6719,.T.);
#6753=EDGE_LOOP('',(#6747,#6749,#6751,#6752));
#6754=FACE_BOUND('',#6753,.F.);
#6756=ORIENTED_EDGE('',*,*,#6755,.T.);
#6758=ORIENTED_EDGE('',*,*,#6757,.T.);
#6760=ORIENTED_EDGE('',*,*,#6759,.T.);
#6762=ORIENTED_EDGE('',*,*,#6761,.T.);
#6763=EDGE_LOOP('',(#6756,#6758,#6760,#6762));
#6764=FACE_BOUND('',#6763,.F.);
#6766=CARTESIAN_POINT('',(-8.095E0,-6.25E0,-9.05E0));
#6767=DIRECTION('',(-1.E0,0.E0,0.E0));
#6768=DIRECTION('',(0.E0,0.E0,-1.E0));
#6769=AXIS2_PLACEMENT_3D('',#6766,#6767,#6768);
#6770=PLANE('',#6769);
#6771=ORIENTED_EDGE('',*,*,#6733,.T.);
#6773=ORIENTED_EDGE('',*,*,#6772,.T.);
#6775=ORIENTED_EDGE('',*,*,#6774,.T.);
#6776=ORIENTED_EDGE('',*,*,#6066,.F.);
#6777=EDGE_LOOP('',(#6771,#6773,#6775,#6776));
#6778=FACE_OUTER_BOUND('',#6777,.F.);
#6780=CARTESIAN_POINT('',(8.095E0,-6.25E0,-9.05E0));
#6781=DIRECTION('',(0.E0,0.E0,1.E0));
#6782=DIRECTION('',(-1.E0,0.E0,0.E0));
#6783=AXIS2_PLACEMENT_3D('',#6780,#6781,#6782);
#6784=PLANE('',#6783);
#6785=ORIENTED_EDGE('',*,*,#6743,.F.);
#6787=ORIENTED_EDGE('',*,*,#6786,.T.);
#6789=ORIENTED_EDGE('',*,*,#6788,.T.);
#6790=ORIENTED_EDGE('',*,*,#6772,.F.);
#6791=EDGE_LOOP('',(#6785,#6787,#6789,#6790));
#6792=FACE_OUTER_BOUND('',#6791,.F.);
#6794=CARTESIAN_POINT('',(8.095E0,-6.25E0,-2.18E1));
#6795=DIRECTION('',(1.E0,0.E0,0.E0));
#6796=DIRECTION('',(0.E0,0.E0,1.E0));
#6797=AXIS2_PLACEMENT_3D('',#6794,#6795,#6796);
#6798=PLANE('',#6797);
#6799=ORIENTED_EDGE('',*,*,#6741,.F.);
#6800=ORIENTED_EDGE('',*,*,#6070,.T.);
#6802=ORIENTED_EDGE('',*,*,#6801,.T.);
#6803=ORIENTED_EDGE('',*,*,#6786,.F.);
#6804=EDGE_LOOP('',(#6799,#6800,#6802,#6803));
#6805=FACE_OUTER_BOUND('',#6804,.F.);
#6807=CARTESIAN_POINT('',(-1.54E1,-5.25E0,0.E0));
#6808=DIRECTION('',(0.E0,-1.E0,0.E0));
#6809=DIRECTION('',(1.E0,0.E0,0.E0));
#6810=AXIS2_PLACEMENT_3D('',#6807,#6808,#6809);
#6811=PLANE('',#6810);
#6812=ORIENTED_EDGE('',*,*,#6068,.F.);
#6813=ORIENTED_EDGE('',*,*,#6774,.F.);
#6814=ORIENTED_EDGE('',*,*,#6788,.F.);
#6815=ORIENTED_EDGE('',*,*,#6801,.F.);
#6816=EDGE_LOOP('',(#6812,#6813,#6814,#6815));
#6817=FACE_OUTER_BOUND('',#6816,.F.);
#6819=ORIENTED_EDGE('',*,*,#6818,.T.);
#6821=ORIENTED_EDGE('',*,*,#6820,.T.);
#6823=ORIENTED_EDGE('',*,*,#6822,.T.);
#6825=ORIENTED_EDGE('',*,*,#6824,.T.);
#6826=EDGE_LOOP('',(#6819,#6821,#6823,#6825));
#6827=FACE_BOUND('',#6826,.F.);
#6829=ORIENTED_EDGE('',*,*,#6828,.T.);
#6831=ORIENTED_EDGE('',*,*,#6830,.T.);
#6833=ORIENTED_EDGE('',*,*,#6832,.T.);
#6835=ORIENTED_EDGE('',*,*,#6834,.T.);
#6836=EDGE_LOOP('',(#6829,#6831,#6833,#6835));
#6837=FACE_BOUND('',#6836,.F.);
#6839=ORIENTED_EDGE('',*,*,#6838,.T.);
#6841=ORIENTED_EDGE('',*,*,#6840,.T.);
#6843=ORIENTED_EDGE('',*,*,#6842,.T.);
#6845=ORIENTED_EDGE('',*,*,#6844,.T.);
#6846=EDGE_LOOP('',(#6839,#6841,#6843,#6845));
#6847=FACE_BOUND('',#6846,.F.);
#6849=ORIENTED_EDGE('',*,*,#6848,.T.);
#6851=ORIENTED_EDGE('',*,*,#6850,.T.);
#6853=ORIENTED_EDGE('',*,*,#6852,.T.);
#6855=ORIENTED_EDGE('',*,*,#6854,.T.);
#6856=EDGE_LOOP('',(#6849,#6851,#6853,#6855));
#6857=FACE_BOUND('',#6856,.F.);
#6859=ORIENTED_EDGE('',*,*,#6858,.T.);
#6861=ORIENTED_EDGE('',*,*,#6860,.T.);
#6863=ORIENTED_EDGE('',*,*,#6862,.T.);
#6865=ORIENTED_EDGE('',*,*,#6864,.T.);
#6866=EDGE_LOOP('',(#6859,#6861,#6863,#6865));
#6867=FACE_BOUND('',#6866,.F.);
#6869=ORIENTED_EDGE('',*,*,#6868,.T.);
#6871=ORIENTED_EDGE('',*,*,#6870,.T.);
#6873=ORIENTED_EDGE('',*,*,#6872,.T.);
#6875=ORIENTED_EDGE('',*,*,#6874,.T.);
#6876=EDGE_LOOP('',(#6869,#6871,#6873,#6875));
#6877=FACE_BOUND('',#6876,.F.);
#6879=ORIENTED_EDGE('',*,*,#6878,.T.);
#6881=ORIENTED_EDGE('',*,*,#6880,.T.);
#6883=ORIENTED_EDGE('',*,*,#6882,.T.);
#6885=ORIENTED_EDGE('',*,*,#6884,.T.);
#6886=EDGE_LOOP('',(#6879,#6881,#6883,#6885));
#6887=FACE_BOUND('',#6886,.F.);
#6889=ORIENTED_EDGE('',*,*,#6888,.T.);
#6891=ORIENTED_EDGE('',*,*,#6890,.T.);
#6893=ORIENTED_EDGE('',*,*,#6892,.T.);
#6895=ORIENTED_EDGE('',*,*,#6894,.T.);
#6896=EDGE_LOOP('',(#6889,#6891,#6893,#6895));
#6897=FACE_BOUND('',#6896,.F.);
#6899=ORIENTED_EDGE('',*,*,#6898,.T.);
#6901=ORIENTED_EDGE('',*,*,#6900,.T.);
#6903=ORIENTED_EDGE('',*,*,#6902,.T.);
#6905=ORIENTED_EDGE('',*,*,#6904,.T.);
#6906=EDGE_LOOP('',(#6899,#6901,#6903,#6905));
#6907=FACE_BOUND('',#6906,.F.);
#6909=ORIENTED_EDGE('',*,*,#6908,.T.);
#6911=ORIENTED_EDGE('',*,*,#6910,.T.);
#6913=ORIENTED_EDGE('',*,*,#6912,.T.);
#6915=ORIENTED_EDGE('',*,*,#6914,.T.);
#6916=EDGE_LOOP('',(#6909,#6911,#6913,#6915));
#6917=FACE_BOUND('',#6916,.F.);
#6919=ORIENTED_EDGE('',*,*,#6918,.T.);
#6921=ORIENTED_EDGE('',*,*,#6920,.T.);
#6923=ORIENTED_EDGE('',*,*,#6922,.T.);
#6925=ORIENTED_EDGE('',*,*,#6924,.T.);
#6926=EDGE_LOOP('',(#6919,#6921,#6923,#6925));
#6927=FACE_BOUND('',#6926,.F.);
#6929=ORIENTED_EDGE('',*,*,#6928,.T.);
#6931=ORIENTED_EDGE('',*,*,#6930,.T.);
#6933=ORIENTED_EDGE('',*,*,#6932,.T.);
#6935=ORIENTED_EDGE('',*,*,#6934,.T.);
#6936=EDGE_LOOP('',(#6929,#6931,#6933,#6935));
#6937=FACE_BOUND('',#6936,.F.);
#6939=ORIENTED_EDGE('',*,*,#6938,.T.);
#6941=ORIENTED_EDGE('',*,*,#6940,.T.);
#6943=ORIENTED_EDGE('',*,*,#6942,.T.);
#6945=ORIENTED_EDGE('',*,*,#6944,.T.);
#6946=EDGE_LOOP('',(#6939,#6941,#6943,#6945));
#6947=FACE_BOUND('',#6946,.F.);
#6949=ORIENTED_EDGE('',*,*,#6948,.T.);
#6951=ORIENTED_EDGE('',*,*,#6950,.T.);
#6953=ORIENTED_EDGE('',*,*,#6952,.T.);
#6955=ORIENTED_EDGE('',*,*,#6954,.T.);
#6956=EDGE_LOOP('',(#6949,#6951,#6953,#6955));
#6957=FACE_BOUND('',#6956,.F.);
#6959=ORIENTED_EDGE('',*,*,#6958,.T.);
#6961=ORIENTED_EDGE('',*,*,#6960,.T.);
#6963=ORIENTED_EDGE('',*,*,#6962,.T.);
#6965=ORIENTED_EDGE('',*,*,#6964,.T.);
#6966=EDGE_LOOP('',(#6959,#6961,#6963,#6965));
#6967=FACE_BOUND('',#6966,.F.);
#6969=CARTESIAN_POINT('',(4.96E0,-5.25E0,-1.713E1));
#6970=DIRECTION('',(-1.E0,0.E0,0.E0));
#6971=DIRECTION('',(0.E0,0.E0,-1.E0));
#6972=AXIS2_PLACEMENT_3D('',#6969,#6970,#6971);
#6973=PLANE('',#6972);
#6974=ORIENTED_EDGE('',*,*,#6818,.F.);
#6976=ORIENTED_EDGE('',*,*,#6975,.T.);
#6978=ORIENTED_EDGE('',*,*,#6977,.T.);
#6980=ORIENTED_EDGE('',*,*,#6979,.F.);
#6981=EDGE_LOOP('',(#6974,#6976,#6978,#6980));
#6982=FACE_OUTER_BOUND('',#6981,.F.);
#6984=CARTESIAN_POINT('',(5.96E0,-5.25E0,-1.713E1));
#6985=DIRECTION('',(0.E0,0.E0,1.E0));
#6986=DIRECTION('',(-1.E0,0.E0,0.E0));
#6987=AXIS2_PLACEMENT_3D('',#6984,#6985,#6986);
#6988=PLANE('',#6987);
#6989=ORIENTED_EDGE('',*,*,#6824,.F.);
#6991=ORIENTED_EDGE('',*,*,#6990,.T.);
#6993=ORIENTED_EDGE('',*,*,#6992,.T.);
#6994=ORIENTED_EDGE('',*,*,#6975,.F.);
#6995=EDGE_LOOP('',(#6989,#6991,#6993,#6994));
#6996=FACE_OUTER_BOUND('',#6995,.F.);
#6998=CARTESIAN_POINT('',(5.96E0,-5.25E0,-1.773E1));
#6999=DIRECTION('',(1.E0,0.E0,0.E0));
#7000=DIRECTION('',(0.E0,0.E0,1.E0));
#7001=AXIS2_PLACEMENT_3D('',#6998,#6999,#7000);
#7002=PLANE('',#7001);
#7003=ORIENTED_EDGE('',*,*,#6822,.F.);
#7005=ORIENTED_EDGE('',*,*,#7004,.T.);
#7007=ORIENTED_EDGE('',*,*,#7006,.T.);
#7008=ORIENTED_EDGE('',*,*,#6990,.F.);
#7009=EDGE_LOOP('',(#7003,#7005,#7007,#7008));
#7010=FACE_OUTER_BOUND('',#7009,.F.);
#7012=CARTESIAN_POINT('',(4.96E0,-5.25E0,-1.773E1));
#7013=DIRECTION('',(0.E0,0.E0,-1.E0));
#7014=DIRECTION('',(1.E0,0.E0,0.E0));
#7015=AXIS2_PLACEMENT_3D('',#7012,#7013,#7014);
#7016=PLANE('',#7015);
#7017=ORIENTED_EDGE('',*,*,#6820,.F.);
#7018=ORIENTED_EDGE('',*,*,#6979,.T.);
#7020=ORIENTED_EDGE('',*,*,#7019,.T.);
#7021=ORIENTED_EDGE('',*,*,#7004,.F.);
#7022=EDGE_LOOP('',(#7017,#7018,#7020,#7021));
#7023=FACE_OUTER_BOUND('',#7022,.F.);
#7025=CARTESIAN_POINT('',(0.E0,-9.43E0,0.E0));
#7026=DIRECTION('',(0.E0,-1.E0,0.E0));
#7027=DIRECTION('',(1.E0,0.E0,0.E0));
#7028=AXIS2_PLACEMENT_3D('',#7025,#7026,#7027);
#7029=PLANE('',#7028);
#7030=ORIENTED_EDGE('',*,*,#6977,.F.);
#7031=ORIENTED_EDGE('',*,*,#6992,.F.);
#7032=ORIENTED_EDGE('',*,*,#7006,.F.);
#7033=ORIENTED_EDGE('',*,*,#7019,.F.);
#7034=EDGE_LOOP('',(#7030,#7031,#7032,#7033));
#7035=FACE_OUTER_BOUND('',#7034,.F.);
#7037=CARTESIAN_POINT('',(0.E0,-9.43E0,0.E0));
#7038=DIRECTION('',(0.E0,-1.E0,0.E0));
#7039=DIRECTION('',(1.E0,0.E0,0.E0));
#7040=AXIS2_PLACEMENT_3D('',#7037,#7038,#7039);
#7041=PLANE('',#7040);
#7043=ORIENTED_EDGE('',*,*,#7042,.F.);
#7045=ORIENTED_EDGE('',*,*,#7044,.F.);
#7047=ORIENTED_EDGE('',*,*,#7046,.F.);
#7049=ORIENTED_EDGE('',*,*,#7048,.F.);
#7050=EDGE_LOOP('',(#7043,#7045,#7047,#7049));
#7051=FACE_OUTER_BOUND('',#7050,.F.);
#7053=CARTESIAN_POINT('',(0.E0,-9.43E0,0.E0));
#7054=DIRECTION('',(0.E0,-1.E0,0.E0));
#7055=DIRECTION('',(1.E0,0.E0,0.E0));
#7056=AXIS2_PLACEMENT_3D('',#7053,#7054,#7055);
#7057=PLANE('',#7056);
#7059=ORIENTED_EDGE('',*,*,#7058,.F.);
#7061=ORIENTED_EDGE('',*,*,#7060,.F.);
#7063=ORIENTED_EDGE('',*,*,#7062,.F.);
#7065=ORIENTED_EDGE('',*,*,#7064,.F.);
#7066=EDGE_LOOP('',(#7059,#7061,#7063,#7065));
#7067=FACE_OUTER_BOUND('',#7066,.F.);
#7069=CARTESIAN_POINT('',(3.82E0,-5.25E0,-1.967E1));
#7070=DIRECTION('',(-1.E0,0.E0,0.E0));
#7071=DIRECTION('',(0.E0,0.E0,-1.E0));
#7072=AXIS2_PLACEMENT_3D('',#7069,#7070,#7071);
#7073=PLANE('',#7072);
#7074=ORIENTED_EDGE('',*,*,#6828,.F.);
#7076=ORIENTED_EDGE('',*,*,#7075,.T.);
#7077=ORIENTED_EDGE('',*,*,#7042,.T.);
#7079=ORIENTED_EDGE('',*,*,#7078,.F.);
#7080=EDGE_LOOP('',(#7074,#7076,#7077,#7079));
#7081=FACE_OUTER_BOUND('',#7080,.F.);
#7083=CARTESIAN_POINT('',(4.82E0,-5.25E0,-1.967E1));
#7084=DIRECTION('',(0.E0,0.E0,1.E0));
#7085=DIRECTION('',(-1.E0,0.E0,0.E0));
#7086=AXIS2_PLACEMENT_3D('',#7083,#7084,#7085);
#7087=PLANE('',#7086);
#7088=ORIENTED_EDGE('',*,*,#6834,.F.);
#7090=ORIENTED_EDGE('',*,*,#7089,.T.);
#7091=ORIENTED_EDGE('',*,*,#7044,.T.);
#7092=ORIENTED_EDGE('',*,*,#7075,.F.);
#7093=EDGE_LOOP('',(#7088,#7090,#7091,#7092));
#7094=FACE_OUTER_BOUND('',#7093,.F.);
#7096=CARTESIAN_POINT('',(4.82E0,-5.25E0,-2.027E1));
#7097=DIRECTION('',(1.E0,0.E0,0.E0));
#7098=DIRECTION('',(0.E0,0.E0,1.E0));
#7099=AXIS2_PLACEMENT_3D('',#7096,#7097,#7098);
#7100=PLANE('',#7099);
#7101=ORIENTED_EDGE('',*,*,#6832,.F.);
#7103=ORIENTED_EDGE('',*,*,#7102,.T.);
#7104=ORIENTED_EDGE('',*,*,#7046,.T.);
#7105=ORIENTED_EDGE('',*,*,#7089,.F.);
#7106=EDGE_LOOP('',(#7101,#7103,#7104,#7105));
#7107=FACE_OUTER_BOUND('',#7106,.F.);
#7109=CARTESIAN_POINT('',(3.82E0,-5.25E0,-2.027E1));
#7110=DIRECTION('',(0.E0,0.E0,-1.E0));
#7111=DIRECTION('',(1.E0,0.E0,0.E0));
#7112=AXIS2_PLACEMENT_3D('',#7109,#7110,#7111);
#7113=PLANE('',#7112);
#7114=ORIENTED_EDGE('',*,*,#6830,.F.);
#7115=ORIENTED_EDGE('',*,*,#7078,.T.);
#7116=ORIENTED_EDGE('',*,*,#7048,.T.);
#7117=ORIENTED_EDGE('',*,*,#7102,.F.);
#7118=EDGE_LOOP('',(#7114,#7115,#7116,#7117));
#7119=FACE_OUTER_BOUND('',#7118,.F.);
#7121=CARTESIAN_POINT('',(3.82E0,-5.25E0,-1.519E1));
#7122=DIRECTION('',(0.E0,0.E0,-1.E0));
#7123=DIRECTION('',(1.E0,0.E0,0.E0));
#7124=AXIS2_PLACEMENT_3D('',#7121,#7122,#7123);
#7125=PLANE('',#7124);
#7126=ORIENTED_EDGE('',*,*,#6838,.F.);
#7128=ORIENTED_EDGE('',*,*,#7127,.T.);
#7129=ORIENTED_EDGE('',*,*,#7058,.T.);
#7131=ORIENTED_EDGE('',*,*,#7130,.F.);
#7132=EDGE_LOOP('',(#7126,#7128,#7129,#7131));
#7133=FACE_OUTER_BOUND('',#7132,.F.);
#7135=CARTESIAN_POINT('',(3.82E0,-5.25E0,-1.459E1));
#7136=DIRECTION('',(-1.E0,0.E0,0.E0));
#7137=DIRECTION('',(0.E0,0.E0,-1.E0));
#7138=AXIS2_PLACEMENT_3D('',#7135,#7136,#7137);
#7139=PLANE('',#7138);
#7140=ORIENTED_EDGE('',*,*,#6844,.F.);
#7142=ORIENTED_EDGE('',*,*,#7141,.T.);
#7143=ORIENTED_EDGE('',*,*,#7060,.T.);
#7144=ORIENTED_EDGE('',*,*,#7127,.F.);
#7145=EDGE_LOOP('',(#7140,#7142,#7143,#7144));
#7146=FACE_OUTER_BOUND('',#7145,.F.);
#7148=CARTESIAN_POINT('',(4.82E0,-5.25E0,-1.459E1));
#7149=DIRECTION('',(0.E0,0.E0,1.E0));
#7150=DIRECTION('',(-1.E0,0.E0,0.E0));
#7151=AXIS2_PLACEMENT_3D('',#7148,#7149,#7150);
#7152=PLANE('',#7151);
#7153=ORIENTED_EDGE('',*,*,#6842,.F.);
#7155=ORIENTED_EDGE('',*,*,#7154,.T.);
#7156=ORIENTED_EDGE('',*,*,#7062,.T.);
#7157=ORIENTED_EDGE('',*,*,#7141,.F.);
#7158=EDGE_LOOP('',(#7153,#7155,#7156,#7157));
#7159=FACE_OUTER_BOUND('',#7158,.F.);
#7161=CARTESIAN_POINT('',(4.82E0,-5.25E0,-1.519E1));
#7162=DIRECTION('',(1.E0,0.E0,0.E0));
#7163=DIRECTION('',(0.E0,0.E0,1.E0));
#7164=AXIS2_PLACEMENT_3D('',#7161,#7162,#7163);
#7165=PLANE('',#7164);
#7166=ORIENTED_EDGE('',*,*,#6840,.F.);
#7167=ORIENTED_EDGE('',*,*,#7130,.T.);
#7168=ORIENTED_EDGE('',*,*,#7064,.T.);
#7169=ORIENTED_EDGE('',*,*,#7154,.F.);
#7170=EDGE_LOOP('',(#7166,#7167,#7168,#7169));
#7171=FACE_OUTER_BOUND('',#7170,.F.);
#7173=CARTESIAN_POINT('',(2.68E0,-5.25E0,-1.713E1));
#7174=DIRECTION('',(-1.E0,0.E0,0.E0));
#7175=DIRECTION('',(0.E0,0.E0,-1.E0));
#7176=AXIS2_PLACEMENT_3D('',#7173,#7174,#7175);
#7177=PLANE('',#7176);
#7178=ORIENTED_EDGE('',*,*,#6848,.F.);
#7180=ORIENTED_EDGE('',*,*,#7179,.T.);
#7182=ORIENTED_EDGE('',*,*,#7181,.T.);
#7184=ORIENTED_EDGE('',*,*,#7183,.F.);
#7185=EDGE_LOOP('',(#7178,#7180,#7182,#7184));
#7186=FACE_OUTER_BOUND('',#7185,.F.);
#7188=CARTESIAN_POINT('',(3.68E0,-5.25E0,-1.713E1));
#7189=DIRECTION('',(0.E0,0.E0,1.E0));
#7190=DIRECTION('',(-1.E0,0.E0,0.E0));
#7191=AXIS2_PLACEMENT_3D('',#7188,#7189,#7190);
#7192=PLANE('',#7191);
#7193=ORIENTED_EDGE('',*,*,#6854,.F.);
#7195=ORIENTED_EDGE('',*,*,#7194,.T.);
#7197=ORIENTED_EDGE('',*,*,#7196,.T.);
#7198=ORIENTED_EDGE('',*,*,#7179,.F.);
#7199=EDGE_LOOP('',(#7193,#7195,#7197,#7198));
#7200=FACE_OUTER_BOUND('',#7199,.F.);
#7202=CARTESIAN_POINT('',(3.68E0,-5.25E0,-1.773E1));
#7203=DIRECTION('',(1.E0,0.E0,0.E0));
#7204=DIRECTION('',(0.E0,0.E0,1.E0));
#7205=AXIS2_PLACEMENT_3D('',#7202,#7203,#7204);
#7206=PLANE('',#7205);
#7207=ORIENTED_EDGE('',*,*,#6852,.F.);
#7209=ORIENTED_EDGE('',*,*,#7208,.T.);
#7211=ORIENTED_EDGE('',*,*,#7210,.T.);
#7212=ORIENTED_EDGE('',*,*,#7194,.F.);
#7213=EDGE_LOOP('',(#7207,#7209,#7211,#7212));
#7214=FACE_OUTER_BOUND('',#7213,.F.);
#7216=CARTESIAN_POINT('',(2.68E0,-5.25E0,-1.773E1));
#7217=DIRECTION('',(0.E0,0.E0,-1.E0));
#7218=DIRECTION('',(1.E0,0.E0,0.E0));
#7219=AXIS2_PLACEMENT_3D('',#7216,#7217,#7218);
#7220=PLANE('',#7219);
#7221=ORIENTED_EDGE('',*,*,#6850,.F.);
#7222=ORIENTED_EDGE('',*,*,#7183,.T.);
#7224=ORIENTED_EDGE('',*,*,#7223,.T.);
#7225=ORIENTED_EDGE('',*,*,#7208,.F.);
#7226=EDGE_LOOP('',(#7221,#7222,#7224,#7225));
#7227=FACE_OUTER_BOUND('',#7226,.F.);
#7229=CARTESIAN_POINT('',(0.E0,-9.43E0,0.E0));
#7230=DIRECTION('',(0.E0,-1.E0,0.E0));
#7231=DIRECTION('',(1.E0,0.E0,0.E0));
#7232=AXIS2_PLACEMENT_3D('',#7229,#7230,#7231);
#7233=PLANE('',#7232);
#7234=ORIENTED_EDGE('',*,*,#7181,.F.);
#7235=ORIENTED_EDGE('',*,*,#7196,.F.);
#7236=ORIENTED_EDGE('',*,*,#7210,.F.);
#7237=ORIENTED_EDGE('',*,*,#7223,.F.);
#7238=EDGE_LOOP('',(#7234,#7235,#7236,#7237));
#7239=FACE_OUTER_BOUND('',#7238,.F.);
#7241=CARTESIAN_POINT('',(0.E0,-9.43E0,0.E0));
#7242=DIRECTION('',(0.E0,-1.E0,0.E0));
#7243=DIRECTION('',(1.E0,0.E0,0.E0));
#7244=AXIS2_PLACEMENT_3D('',#7241,#7242,#7243);
#7245=PLANE('',#7244);
#7247=ORIENTED_EDGE('',*,*,#7246,.F.);
#7249=ORIENTED_EDGE('',*,*,#7248,.F.);
#7251=ORIENTED_EDGE('',*,*,#7250,.F.);
#7253=ORIENTED_EDGE('',*,*,#7252,.F.);
#7254=EDGE_LOOP('',(#7247,#7249,#7251,#7253));
#7255=FACE_OUTER_BOUND('',#7254,.F.);
#7257=CARTESIAN_POINT('',(0.E0,-9.43E0,0.E0));
#7258=DIRECTION('',(0.E0,-1.E0,0.E0));
#7259=DIRECTION('',(1.E0,0.E0,0.E0));
#7260=AXIS2_PLACEMENT_3D('',#7257,#7258,#7259);
#7261=PLANE('',#7260);
#7263=ORIENTED_EDGE('',*,*,#7262,.F.);
#7265=ORIENTED_EDGE('',*,*,#7264,.F.);
#7267=ORIENTED_EDGE('',*,*,#7266,.F.);
#7269=ORIENTED_EDGE('',*,*,#7268,.F.);
#7270=EDGE_LOOP('',(#7263,#7265,#7267,#7269));
#7271=FACE_OUTER_BOUND('',#7270,.F.);
#7273=CARTESIAN_POINT('',(1.54E0,-5.25E0,-1.967E1));
#7274=DIRECTION('',(-1.E0,0.E0,0.E0));
#7275=DIRECTION('',(0.E0,0.E0,-1.E0));
#7276=AXIS2_PLACEMENT_3D('',#7273,#7274,#7275);
#7277=PLANE('',#7276);
#7278=ORIENTED_EDGE('',*,*,#6858,.F.);
#7280=ORIENTED_EDGE('',*,*,#7279,.T.);
#7281=ORIENTED_EDGE('',*,*,#7246,.T.);
#7283=ORIENTED_EDGE('',*,*,#7282,.F.);
#7284=EDGE_LOOP('',(#7278,#7280,#7281,#7283));
#7285=FACE_OUTER_BOUND('',#7284,.F.);
#7287=CARTESIAN_POINT('',(2.54E0,-5.25E0,-1.967E1));
#7288=DIRECTION('',(0.E0,0.E0,1.E0));
#7289=DIRECTION('',(-1.E0,0.E0,0.E0));
#7290=AXIS2_PLACEMENT_3D('',#7287,#7288,#7289);
#7291=PLANE('',#7290);
#7292=ORIENTED_EDGE('',*,*,#6864,.F.);
#7294=ORIENTED_EDGE('',*,*,#7293,.T.);
#7295=ORIENTED_EDGE('',*,*,#7248,.T.);
#7296=ORIENTED_EDGE('',*,*,#7279,.F.);
#7297=EDGE_LOOP('',(#7292,#7294,#7295,#7296));
#7298=FACE_OUTER_BOUND('',#7297,.F.);
#7300=CARTESIAN_POINT('',(2.54E0,-5.25E0,-2.027E1));
#7301=DIRECTION('',(1.E0,0.E0,0.E0));
#7302=DIRECTION('',(0.E0,0.E0,1.E0));
#7303=AXIS2_PLACEMENT_3D('',#7300,#7301,#7302);
#7304=PLANE('',#7303);
#7305=ORIENTED_EDGE('',*,*,#6862,.F.);
#7307=ORIENTED_EDGE('',*,*,#7306,.T.);
#7308=ORIENTED_EDGE('',*,*,#7250,.T.);
#7309=ORIENTED_EDGE('',*,*,#7293,.F.);
#7310=EDGE_LOOP('',(#7305,#7307,#7308,#7309));
#7311=FACE_OUTER_BOUND('',#7310,.F.);
#7313=CARTESIAN_POINT('',(1.54E0,-5.25E0,-2.027E1));
#7314=DIRECTION('',(0.E0,0.E0,-1.E0));
#7315=DIRECTION('',(1.E0,0.E0,0.E0));
#7316=AXIS2_PLACEMENT_3D('',#7313,#7314,#7315);
#7317=PLANE('',#7316);
#7318=ORIENTED_EDGE('',*,*,#6860,.F.);
#7319=ORIENTED_EDGE('',*,*,#7282,.T.);
#7320=ORIENTED_EDGE('',*,*,#7252,.T.);
#7321=ORIENTED_EDGE('',*,*,#7306,.F.);
#7322=EDGE_LOOP('',(#7318,#7319,#7320,#7321));
#7323=FACE_OUTER_BOUND('',#7322,.F.);
#7325=CARTESIAN_POINT('',(1.54E0,-5.25E0,-1.519E1));
#7326=DIRECTION('',(0.E0,0.E0,-1.E0));
#7327=DIRECTION('',(1.E0,0.E0,0.E0));
#7328=AXIS2_PLACEMENT_3D('',#7325,#7326,#7327);
#7329=PLANE('',#7328);
#7330=ORIENTED_EDGE('',*,*,#6868,.F.);
#7332=ORIENTED_EDGE('',*,*,#7331,.T.);
#7333=ORIENTED_EDGE('',*,*,#7262,.T.);
#7335=ORIENTED_EDGE('',*,*,#7334,.F.);
#7336=EDGE_LOOP('',(#7330,#7332,#7333,#7335));
#7337=FACE_OUTER_BOUND('',#7336,.F.);
#7339=CARTESIAN_POINT('',(1.54E0,-5.25E0,-1.459E1));
#7340=DIRECTION('',(-1.E0,0.E0,0.E0));
#7341=DIRECTION('',(0.E0,0.E0,-1.E0));
#7342=AXIS2_PLACEMENT_3D('',#7339,#7340,#7341);
#7343=PLANE('',#7342);
#7344=ORIENTED_EDGE('',*,*,#6874,.F.);
#7346=ORIENTED_EDGE('',*,*,#7345,.T.);
#7347=ORIENTED_EDGE('',*,*,#7264,.T.);
#7348=ORIENTED_EDGE('',*,*,#7331,.F.);
#7349=EDGE_LOOP('',(#7344,#7346,#7347,#7348));
#7350=FACE_OUTER_BOUND('',#7349,.F.);
#7352=CARTESIAN_POINT('',(2.54E0,-5.25E0,-1.459E1));
#7353=DIRECTION('',(0.E0,0.E0,1.E0));
#7354=DIRECTION('',(-1.E0,0.E0,0.E0));
#7355=AXIS2_PLACEMENT_3D('',#7352,#7353,#7354);
#7356=PLANE('',#7355);
#7357=ORIENTED_EDGE('',*,*,#6872,.F.);
#7359=ORIENTED_EDGE('',*,*,#7358,.T.);
#7360=ORIENTED_EDGE('',*,*,#7266,.T.);
#7361=ORIENTED_EDGE('',*,*,#7345,.F.);
#7362=EDGE_LOOP('',(#7357,#7359,#7360,#7361));
#7363=FACE_OUTER_BOUND('',#7362,.F.);
#7365=CARTESIAN_POINT('',(2.54E0,-5.25E0,-1.519E1));
#7366=DIRECTION('',(1.E0,0.E0,0.E0));
#7367=DIRECTION('',(0.E0,0.E0,1.E0));
#7368=AXIS2_PLACEMENT_3D('',#7365,#7366,#7367);
#7369=PLANE('',#7368);
#7370=ORIENTED_EDGE('',*,*,#6870,.F.);
#7371=ORIENTED_EDGE('',*,*,#7334,.T.);
#7372=ORIENTED_EDGE('',*,*,#7268,.T.);
#7373=ORIENTED_EDGE('',*,*,#7358,.F.);
#7374=EDGE_LOOP('',(#7370,#7371,#7372,#7373));
#7375=FACE_OUTER_BOUND('',#7374,.F.);
#7377=CARTESIAN_POINT('',(4.E-1,-5.25E0,-1.713E1));
#7378=DIRECTION('',(-1.E0,0.E0,0.E0));
#7379=DIRECTION('',(0.E0,0.E0,-1.E0));
#7380=AXIS2_PLACEMENT_3D('',#7377,#7378,#7379);
#7381=PLANE('',#7380);
#7382=ORIENTED_EDGE('',*,*,#6878,.F.);
#7384=ORIENTED_EDGE('',*,*,#7383,.T.);
#7386=ORIENTED_EDGE('',*,*,#7385,.T.);
#7388=ORIENTED_EDGE('',*,*,#7387,.F.);
#7389=EDGE_LOOP('',(#7382,#7384,#7386,#7388));
#7390=FACE_OUTER_BOUND('',#7389,.F.);
#7392=CARTESIAN_POINT('',(1.4E0,-5.25E0,-1.713E1));
#7393=DIRECTION('',(0.E0,0.E0,1.E0));
#7394=DIRECTION('',(-1.E0,0.E0,0.E0));
#7395=AXIS2_PLACEMENT_3D('',#7392,#7393,#7394);
#7396=PLANE('',#7395);
#7397=ORIENTED_EDGE('',*,*,#6884,.F.);
#7399=ORIENTED_EDGE('',*,*,#7398,.T.);
#7401=ORIENTED_EDGE('',*,*,#7400,.T.);
#7402=ORIENTED_EDGE('',*,*,#7383,.F.);
#7403=EDGE_LOOP('',(#7397,#7399,#7401,#7402));
#7404=FACE_OUTER_BOUND('',#7403,.F.);
#7406=CARTESIAN_POINT('',(1.4E0,-5.25E0,-1.773E1));
#7407=DIRECTION('',(1.E0,0.E0,0.E0));
#7408=DIRECTION('',(0.E0,0.E0,1.E0));
#7409=AXIS2_PLACEMENT_3D('',#7406,#7407,#7408);
#7410=PLANE('',#7409);
#7411=ORIENTED_EDGE('',*,*,#6882,.F.);
#7413=ORIENTED_EDGE('',*,*,#7412,.T.);
#7415=ORIENTED_EDGE('',*,*,#7414,.T.);
#7416=ORIENTED_EDGE('',*,*,#7398,.F.);
#7417=EDGE_LOOP('',(#7411,#7413,#7415,#7416));
#7418=FACE_OUTER_BOUND('',#7417,.F.);
#7420=CARTESIAN_POINT('',(4.E-1,-5.25E0,-1.773E1));
#7421=DIRECTION('',(0.E0,0.E0,-1.E0));
#7422=DIRECTION('',(1.E0,0.E0,0.E0));
#7423=AXIS2_PLACEMENT_3D('',#7420,#7421,#7422);
#7424=PLANE('',#7423);
#7425=ORIENTED_EDGE('',*,*,#6880,.F.);
#7426=ORIENTED_EDGE('',*,*,#7387,.T.);
#7428=ORIENTED_EDGE('',*,*,#7427,.T.);
#7429=ORIENTED_EDGE('',*,*,#7412,.F.);
#7430=EDGE_LOOP('',(#7425,#7426,#7428,#7429));
#7431=FACE_OUTER_BOUND('',#7430,.F.);
#7433=CARTESIAN_POINT('',(0.E0,-9.43E0,0.E0));
#7434=DIRECTION('',(0.E0,-1.E0,0.E0));
#7435=DIRECTION('',(1.E0,0.E0,0.E0));
#7436=AXIS2_PLACEMENT_3D('',#7433,#7434,#7435);
#7437=PLANE('',#7436);
#7438=ORIENTED_EDGE('',*,*,#7385,.F.);
#7439=ORIENTED_EDGE('',*,*,#7400,.F.);
#7440=ORIENTED_EDGE('',*,*,#7414,.F.);
#7441=ORIENTED_EDGE('',*,*,#7427,.F.);
#7442=EDGE_LOOP('',(#7438,#7439,#7440,#7441));
#7443=FACE_OUTER_BOUND('',#7442,.F.);
#7445=CARTESIAN_POINT('',(0.E0,-9.43E0,0.E0));
#7446=DIRECTION('',(0.E0,-1.E0,0.E0));
#7447=DIRECTION('',(1.E0,0.E0,0.E0));
#7448=AXIS2_PLACEMENT_3D('',#7445,#7446,#7447);
#7449=PLANE('',#7448);
#7451=ORIENTED_EDGE('',*,*,#7450,.F.);
#7453=ORIENTED_EDGE('',*,*,#7452,.F.);
#7455=ORIENTED_EDGE('',*,*,#7454,.F.);
#7457=ORIENTED_EDGE('',*,*,#7456,.F.);
#7458=EDGE_LOOP('',(#7451,#7453,#7455,#7457));
#7459=FACE_OUTER_BOUND('',#7458,.F.);
#7461=CARTESIAN_POINT('',(0.E0,-9.43E0,0.E0));
#7462=DIRECTION('',(0.E0,-1.E0,0.E0));
#7463=DIRECTION('',(1.E0,0.E0,0.E0));
#7464=AXIS2_PLACEMENT_3D('',#7461,#7462,#7463);
#7465=PLANE('',#7464);
#7467=ORIENTED_EDGE('',*,*,#7466,.F.);
#7469=ORIENTED_EDGE('',*,*,#7468,.F.);
#7471=ORIENTED_EDGE('',*,*,#7470,.F.);
#7473=ORIENTED_EDGE('',*,*,#7472,.F.);
#7474=EDGE_LOOP('',(#7467,#7469,#7471,#7473));
#7475=FACE_OUTER_BOUND('',#7474,.F.);
#7477=CARTESIAN_POINT('',(-7.4E-1,-5.25E0,-1.967E1));
#7478=DIRECTION('',(-1.E0,0.E0,0.E0));
#7479=DIRECTION('',(0.E0,0.E0,-1.E0));
#7480=AXIS2_PLACEMENT_3D('',#7477,#7478,#7479);
#7481=PLANE('',#7480);
#7482=ORIENTED_EDGE('',*,*,#6888,.F.);
#7484=ORIENTED_EDGE('',*,*,#7483,.T.);
#7485=ORIENTED_EDGE('',*,*,#7450,.T.);
#7487=ORIENTED_EDGE('',*,*,#7486,.F.);
#7488=EDGE_LOOP('',(#7482,#7484,#7485,#7487));
#7489=FACE_OUTER_BOUND('',#7488,.F.);
#7491=CARTESIAN_POINT('',(2.6E-1,-5.25E0,-1.967E1));
#7492=DIRECTION('',(0.E0,0.E0,1.E0));
#7493=DIRECTION('',(-1.E0,0.E0,0.E0));
#7494=AXIS2_PLACEMENT_3D('',#7491,#7492,#7493);
#7495=PLANE('',#7494);
#7496=ORIENTED_EDGE('',*,*,#6894,.F.);
#7498=ORIENTED_EDGE('',*,*,#7497,.T.);
#7499=ORIENTED_EDGE('',*,*,#7452,.T.);
#7500=ORIENTED_EDGE('',*,*,#7483,.F.);
#7501=EDGE_LOOP('',(#7496,#7498,#7499,#7500));
#7502=FACE_OUTER_BOUND('',#7501,.F.);
#7504=CARTESIAN_POINT('',(2.6E-1,-5.25E0,-2.027E1));
#7505=DIRECTION('',(1.E0,0.E0,0.E0));
#7506=DIRECTION('',(0.E0,0.E0,1.E0));
#7507=AXIS2_PLACEMENT_3D('',#7504,#7505,#7506);
#7508=PLANE('',#7507);
#7509=ORIENTED_EDGE('',*,*,#6892,.F.);
#7511=ORIENTED_EDGE('',*,*,#7510,.T.);
#7512=ORIENTED_EDGE('',*,*,#7454,.T.);
#7513=ORIENTED_EDGE('',*,*,#7497,.F.);
#7514=EDGE_LOOP('',(#7509,#7511,#7512,#7513));
#7515=FACE_OUTER_BOUND('',#7514,.F.);
#7517=CARTESIAN_POINT('',(-7.4E-1,-5.25E0,-2.027E1));
#7518=DIRECTION('',(0.E0,0.E0,-1.E0));
#7519=DIRECTION('',(1.E0,0.E0,0.E0));
#7520=AXIS2_PLACEMENT_3D('',#7517,#7518,#7519);
#7521=PLANE('',#7520);
#7522=ORIENTED_EDGE('',*,*,#6890,.F.);
#7523=ORIENTED_EDGE('',*,*,#7486,.T.);
#7524=ORIENTED_EDGE('',*,*,#7456,.T.);
#7525=ORIENTED_EDGE('',*,*,#7510,.F.);
#7526=EDGE_LOOP('',(#7522,#7523,#7524,#7525));
#7527=FACE_OUTER_BOUND('',#7526,.F.);
#7529=CARTESIAN_POINT('',(-7.4E-1,-5.25E0,-1.519E1));
#7530=DIRECTION('',(0.E0,0.E0,-1.E0));
#7531=DIRECTION('',(1.E0,0.E0,0.E0));
#7532=AXIS2_PLACEMENT_3D('',#7529,#7530,#7531);
#7533=PLANE('',#7532);
#7534=ORIENTED_EDGE('',*,*,#6898,.F.);
#7536=ORIENTED_EDGE('',*,*,#7535,.T.);
#7537=ORIENTED_EDGE('',*,*,#7466,.T.);
#7539=ORIENTED_EDGE('',*,*,#7538,.F.);
#7540=EDGE_LOOP('',(#7534,#7536,#7537,#7539));
#7541=FACE_OUTER_BOUND('',#7540,.F.);
#7543=CARTESIAN_POINT('',(-7.4E-1,-5.25E0,-1.459E1));
#7544=DIRECTION('',(-1.E0,0.E0,0.E0));
#7545=DIRECTION('',(0.E0,0.E0,-1.E0));
#7546=AXIS2_PLACEMENT_3D('',#7543,#7544,#7545);
#7547=PLANE('',#7546);
#7548=ORIENTED_EDGE('',*,*,#6904,.F.);
#7550=ORIENTED_EDGE('',*,*,#7549,.T.);
#7551=ORIENTED_EDGE('',*,*,#7468,.T.);
#7552=ORIENTED_EDGE('',*,*,#7535,.F.);
#7553=EDGE_LOOP('',(#7548,#7550,#7551,#7552));
#7554=FACE_OUTER_BOUND('',#7553,.F.);
#7556=CARTESIAN_POINT('',(2.6E-1,-5.25E0,-1.459E1));
#7557=DIRECTION('',(0.E0,0.E0,1.E0));
#7558=DIRECTION('',(-1.E0,0.E0,0.E0));
#7559=AXIS2_PLACEMENT_3D('',#7556,#7557,#7558);
#7560=PLANE('',#7559);
#7561=ORIENTED_EDGE('',*,*,#6902,.F.);
#7563=ORIENTED_EDGE('',*,*,#7562,.T.);
#7564=ORIENTED_EDGE('',*,*,#7470,.T.);
#7565=ORIENTED_EDGE('',*,*,#7549,.F.);
#7566=EDGE_LOOP('',(#7561,#7563,#7564,#7565));
#7567=FACE_OUTER_BOUND('',#7566,.F.);
#7569=CARTESIAN_POINT('',(2.6E-1,-5.25E0,-1.519E1));
#7570=DIRECTION('',(1.E0,0.E0,0.E0));
#7571=DIRECTION('',(0.E0,0.E0,1.E0));
#7572=AXIS2_PLACEMENT_3D('',#7569,#7570,#7571);
#7573=PLANE('',#7572);
#7574=ORIENTED_EDGE('',*,*,#6900,.F.);
#7575=ORIENTED_EDGE('',*,*,#7538,.T.);
#7576=ORIENTED_EDGE('',*,*,#7472,.T.);
#7577=ORIENTED_EDGE('',*,*,#7562,.F.);
#7578=EDGE_LOOP('',(#7574,#7575,#7576,#7577));
#7579=FACE_OUTER_BOUND('',#7578,.F.);
#7581=CARTESIAN_POINT('',(-1.88E0,-5.25E0,-1.713E1));
#7582=DIRECTION('',(-1.E0,0.E0,0.E0));
#7583=DIRECTION('',(0.E0,0.E0,-1.E0));
#7584=AXIS2_PLACEMENT_3D('',#7581,#7582,#7583);
#7585=PLANE('',#7584);
#7586=ORIENTED_EDGE('',*,*,#6908,.F.);
#7588=ORIENTED_EDGE('',*,*,#7587,.T.);
#7590=ORIENTED_EDGE('',*,*,#7589,.T.);
#7592=ORIENTED_EDGE('',*,*,#7591,.F.);
#7593=EDGE_LOOP('',(#7586,#7588,#7590,#7592));
#7594=FACE_OUTER_BOUND('',#7593,.F.);
#7596=CARTESIAN_POINT('',(-8.8E-1,-5.25E0,-1.713E1));
#7597=DIRECTION('',(0.E0,0.E0,1.E0));
#7598=DIRECTION('',(-1.E0,0.E0,0.E0));
#7599=AXIS2_PLACEMENT_3D('',#7596,#7597,#7598);
#7600=PLANE('',#7599);
#7601=ORIENTED_EDGE('',*,*,#6914,.F.);
#7603=ORIENTED_EDGE('',*,*,#7602,.T.);
#7605=ORIENTED_EDGE('',*,*,#7604,.T.);
#7606=ORIENTED_EDGE('',*,*,#7587,.F.);
#7607=EDGE_LOOP('',(#7601,#7603,#7605,#7606));
#7608=FACE_OUTER_BOUND('',#7607,.F.);
#7610=CARTESIAN_POINT('',(-8.8E-1,-5.25E0,-1.773E1));
#7611=DIRECTION('',(1.E0,0.E0,0.E0));
#7612=DIRECTION('',(0.E0,0.E0,1.E0));
#7613=AXIS2_PLACEMENT_3D('',#7610,#7611,#7612);
#7614=PLANE('',#7613);
#7615=ORIENTED_EDGE('',*,*,#6912,.F.);
#7617=ORIENTED_EDGE('',*,*,#7616,.T.);
#7619=ORIENTED_EDGE('',*,*,#7618,.T.);
#7620=ORIENTED_EDGE('',*,*,#7602,.F.);
#7621=EDGE_LOOP('',(#7615,#7617,#7619,#7620));
#7622=FACE_OUTER_BOUND('',#7621,.F.);
#7624=CARTESIAN_POINT('',(-1.88E0,-5.25E0,-1.773E1));
#7625=DIRECTION('',(0.E0,0.E0,-1.E0));
#7626=DIRECTION('',(1.E0,0.E0,0.E0));
#7627=AXIS2_PLACEMENT_3D('',#7624,#7625,#7626);
#7628=PLANE('',#7627);
#7629=ORIENTED_EDGE('',*,*,#6910,.F.);
#7630=ORIENTED_EDGE('',*,*,#7591,.T.);
#7632=ORIENTED_EDGE('',*,*,#7631,.T.);
#7633=ORIENTED_EDGE('',*,*,#7616,.F.);
#7634=EDGE_LOOP('',(#7629,#7630,#7632,#7633));
#7635=FACE_OUTER_BOUND('',#7634,.F.);
#7637=CARTESIAN_POINT('',(0.E0,-9.43E0,0.E0));
#7638=DIRECTION('',(0.E0,-1.E0,0.E0));
#7639=DIRECTION('',(1.E0,0.E0,0.E0));
#7640=AXIS2_PLACEMENT_3D('',#7637,#7638,#7639);
#7641=PLANE('',#7640);
#7642=ORIENTED_EDGE('',*,*,#7589,.F.);
#7643=ORIENTED_EDGE('',*,*,#7604,.F.);
#7644=ORIENTED_EDGE('',*,*,#7618,.F.);
#7645=ORIENTED_EDGE('',*,*,#7631,.F.);
#7646=EDGE_LOOP('',(#7642,#7643,#7644,#7645));
#7647=FACE_OUTER_BOUND('',#7646,.F.);
#7649=CARTESIAN_POINT('',(0.E0,-9.43E0,0.E0));
#7650=DIRECTION('',(0.E0,-1.E0,0.E0));
#7651=DIRECTION('',(1.E0,0.E0,0.E0));
#7652=AXIS2_PLACEMENT_3D('',#7649,#7650,#7651);
#7653=PLANE('',#7652);
#7655=ORIENTED_EDGE('',*,*,#7654,.F.);
#7657=ORIENTED_EDGE('',*,*,#7656,.F.);
#7659=ORIENTED_EDGE('',*,*,#7658,.F.);
#7661=ORIENTED_EDGE('',*,*,#7660,.F.);
#7662=EDGE_LOOP('',(#7655,#7657,#7659,#7661));
#7663=FACE_OUTER_BOUND('',#7662,.F.);
#7665=CARTESIAN_POINT('',(0.E0,-9.43E0,0.E0));
#7666=DIRECTION('',(0.E0,-1.E0,0.E0));
#7667=DIRECTION('',(1.E0,0.E0,0.E0));
#7668=AXIS2_PLACEMENT_3D('',#7665,#7666,#7667);
#7669=PLANE('',#7668);
#7671=ORIENTED_EDGE('',*,*,#7670,.F.);
#7673=ORIENTED_EDGE('',*,*,#7672,.F.);
#7675=ORIENTED_EDGE('',*,*,#7674,.F.);
#7677=ORIENTED_EDGE('',*,*,#7676,.F.);
#7678=EDGE_LOOP('',(#7671,#7673,#7675,#7677));
#7679=FACE_OUTER_BOUND('',#7678,.F.);
#7681=CARTESIAN_POINT('',(-3.02E0,-5.25E0,-1.967E1));
#7682=DIRECTION('',(-1.E0,0.E0,0.E0));
#7683=DIRECTION('',(0.E0,0.E0,-1.E0));
#7684=AXIS2_PLACEMENT_3D('',#7681,#7682,#7683);
#7685=PLANE('',#7684);
#7686=ORIENTED_EDGE('',*,*,#6918,.F.);
#7688=ORIENTED_EDGE('',*,*,#7687,.T.);
#7689=ORIENTED_EDGE('',*,*,#7654,.T.);
#7691=ORIENTED_EDGE('',*,*,#7690,.F.);
#7692=EDGE_LOOP('',(#7686,#7688,#7689,#7691));
#7693=FACE_OUTER_BOUND('',#7692,.F.);
#7695=CARTESIAN_POINT('',(-2.02E0,-5.25E0,-1.967E1));
#7696=DIRECTION('',(0.E0,0.E0,1.E0));
#7697=DIRECTION('',(-1.E0,0.E0,0.E0));
#7698=AXIS2_PLACEMENT_3D('',#7695,#7696,#7697);
#7699=PLANE('',#7698);
#7700=ORIENTED_EDGE('',*,*,#6924,.F.);
#7702=ORIENTED_EDGE('',*,*,#7701,.T.);
#7703=ORIENTED_EDGE('',*,*,#7656,.T.);
#7704=ORIENTED_EDGE('',*,*,#7687,.F.);
#7705=EDGE_LOOP('',(#7700,#7702,#7703,#7704));
#7706=FACE_OUTER_BOUND('',#7705,.F.);
#7708=CARTESIAN_POINT('',(-2.02E0,-5.25E0,-2.027E1));
#7709=DIRECTION('',(1.E0,0.E0,0.E0));
#7710=DIRECTION('',(0.E0,0.E0,1.E0));
#7711=AXIS2_PLACEMENT_3D('',#7708,#7709,#7710);
#7712=PLANE('',#7711);
#7713=ORIENTED_EDGE('',*,*,#6922,.F.);
#7715=ORIENTED_EDGE('',*,*,#7714,.T.);
#7716=ORIENTED_EDGE('',*,*,#7658,.T.);
#7717=ORIENTED_EDGE('',*,*,#7701,.F.);
#7718=EDGE_LOOP('',(#7713,#7715,#7716,#7717));
#7719=FACE_OUTER_BOUND('',#7718,.F.);
#7721=CARTESIAN_POINT('',(-3.02E0,-5.25E0,-2.027E1));
#7722=DIRECTION('',(0.E0,0.E0,-1.E0));
#7723=DIRECTION('',(1.E0,0.E0,0.E0));
#7724=AXIS2_PLACEMENT_3D('',#7721,#7722,#7723);
#7725=PLANE('',#7724);
#7726=ORIENTED_EDGE('',*,*,#6920,.F.);
#7727=ORIENTED_EDGE('',*,*,#7690,.T.);
#7728=ORIENTED_EDGE('',*,*,#7660,.T.);
#7729=ORIENTED_EDGE('',*,*,#7714,.F.);
#7730=EDGE_LOOP('',(#7726,#7727,#7728,#7729));
#7731=FACE_OUTER_BOUND('',#7730,.F.);
#7733=CARTESIAN_POINT('',(-3.02E0,-5.25E0,-1.519E1));
#7734=DIRECTION('',(0.E0,0.E0,-1.E0));
#7735=DIRECTION('',(1.E0,0.E0,0.E0));
#7736=AXIS2_PLACEMENT_3D('',#7733,#7734,#7735);
#7737=PLANE('',#7736);
#7738=ORIENTED_EDGE('',*,*,#6928,.F.);
#7740=ORIENTED_EDGE('',*,*,#7739,.T.);
#7741=ORIENTED_EDGE('',*,*,#7670,.T.);
#7743=ORIENTED_EDGE('',*,*,#7742,.F.);
#7744=EDGE_LOOP('',(#7738,#7740,#7741,#7743));
#7745=FACE_OUTER_BOUND('',#7744,.F.);
#7747=CARTESIAN_POINT('',(-3.02E0,-5.25E0,-1.459E1));
#7748=DIRECTION('',(-1.E0,0.E0,0.E0));
#7749=DIRECTION('',(0.E0,0.E0,-1.E0));
#7750=AXIS2_PLACEMENT_3D('',#7747,#7748,#7749);
#7751=PLANE('',#7750);
#7752=ORIENTED_EDGE('',*,*,#6934,.F.);
#7754=ORIENTED_EDGE('',*,*,#7753,.T.);
#7755=ORIENTED_EDGE('',*,*,#7672,.T.);
#7756=ORIENTED_EDGE('',*,*,#7739,.F.);
#7757=EDGE_LOOP('',(#7752,#7754,#7755,#7756));
#7758=FACE_OUTER_BOUND('',#7757,.F.);
#7760=CARTESIAN_POINT('',(-2.02E0,-5.25E0,-1.459E1));
#7761=DIRECTION('',(0.E0,0.E0,1.E0));
#7762=DIRECTION('',(-1.E0,0.E0,0.E0));
#7763=AXIS2_PLACEMENT_3D('',#7760,#7761,#7762);
#7764=PLANE('',#7763);
#7765=ORIENTED_EDGE('',*,*,#6932,.F.);
#7767=ORIENTED_EDGE('',*,*,#7766,.T.);
#7768=ORIENTED_EDGE('',*,*,#7674,.T.);
#7769=ORIENTED_EDGE('',*,*,#7753,.F.);
#7770=EDGE_LOOP('',(#7765,#7767,#7768,#7769));
#7771=FACE_OUTER_BOUND('',#7770,.F.);
#7773=CARTESIAN_POINT('',(-2.02E0,-5.25E0,-1.519E1));
#7774=DIRECTION('',(1.E0,0.E0,0.E0));
#7775=DIRECTION('',(0.E0,0.E0,1.E0));
#7776=AXIS2_PLACEMENT_3D('',#7773,#7774,#7775);
#7777=PLANE('',#7776);
#7778=ORIENTED_EDGE('',*,*,#6930,.F.);
#7779=ORIENTED_EDGE('',*,*,#7742,.T.);
#7780=ORIENTED_EDGE('',*,*,#7676,.T.);
#7781=ORIENTED_EDGE('',*,*,#7766,.F.);
#7782=EDGE_LOOP('',(#7778,#7779,#7780,#7781));
#7783=FACE_OUTER_BOUND('',#7782,.F.);
#7785=CARTESIAN_POINT('',(-4.16E0,-5.25E0,-1.713E1));
#7786=DIRECTION('',(-1.E0,0.E0,0.E0));
#7787=DIRECTION('',(0.E0,0.E0,-1.E0));
#7788=AXIS2_PLACEMENT_3D('',#7785,#7786,#7787);
#7789=PLANE('',#7788);
#7790=ORIENTED_EDGE('',*,*,#6938,.F.);
#7792=ORIENTED_EDGE('',*,*,#7791,.T.);
#7794=ORIENTED_EDGE('',*,*,#7793,.T.);
#7796=ORIENTED_EDGE('',*,*,#7795,.F.);
#7797=EDGE_LOOP('',(#7790,#7792,#7794,#7796));
#7798=FACE_OUTER_BOUND('',#7797,.F.);
#7800=CARTESIAN_POINT('',(-3.16E0,-5.25E0,-1.713E1));
#7801=DIRECTION('',(0.E0,0.E0,1.E0));
#7802=DIRECTION('',(-1.E0,0.E0,0.E0));
#7803=AXIS2_PLACEMENT_3D('',#7800,#7801,#7802);
#7804=PLANE('',#7803);
#7805=ORIENTED_EDGE('',*,*,#6944,.F.);
#7807=ORIENTED_EDGE('',*,*,#7806,.T.);
#7809=ORIENTED_EDGE('',*,*,#7808,.T.);
#7810=ORIENTED_EDGE('',*,*,#7791,.F.);
#7811=EDGE_LOOP('',(#7805,#7807,#7809,#7810));
#7812=FACE_OUTER_BOUND('',#7811,.F.);
#7814=CARTESIAN_POINT('',(-3.16E0,-5.25E0,-1.773E1));
#7815=DIRECTION('',(1.E0,0.E0,0.E0));
#7816=DIRECTION('',(0.E0,0.E0,1.E0));
#7817=AXIS2_PLACEMENT_3D('',#7814,#7815,#7816);
#7818=PLANE('',#7817);
#7819=ORIENTED_EDGE('',*,*,#6942,.F.);
#7821=ORIENTED_EDGE('',*,*,#7820,.T.);
#7823=ORIENTED_EDGE('',*,*,#7822,.T.);
#7824=ORIENTED_EDGE('',*,*,#7806,.F.);
#7825=EDGE_LOOP('',(#7819,#7821,#7823,#7824));
#7826=FACE_OUTER_BOUND('',#7825,.F.);
#7828=CARTESIAN_POINT('',(-4.16E0,-5.25E0,-1.773E1));
#7829=DIRECTION('',(0.E0,0.E0,-1.E0));
#7830=DIRECTION('',(1.E0,0.E0,0.E0));
#7831=AXIS2_PLACEMENT_3D('',#7828,#7829,#7830);
#7832=PLANE('',#7831);
#7833=ORIENTED_EDGE('',*,*,#6940,.F.);
#7834=ORIENTED_EDGE('',*,*,#7795,.T.);
#7836=ORIENTED_EDGE('',*,*,#7835,.T.);
#7837=ORIENTED_EDGE('',*,*,#7820,.F.);
#7838=EDGE_LOOP('',(#7833,#7834,#7836,#7837));
#7839=FACE_OUTER_BOUND('',#7838,.F.);
#7841=CARTESIAN_POINT('',(0.E0,-9.43E0,0.E0));
#7842=DIRECTION('',(0.E0,-1.E0,0.E0));
#7843=DIRECTION('',(1.E0,0.E0,0.E0));
#7844=AXIS2_PLACEMENT_3D('',#7841,#7842,#7843);
#7845=PLANE('',#7844);
#7846=ORIENTED_EDGE('',*,*,#7793,.F.);
#7847=ORIENTED_EDGE('',*,*,#7808,.F.);
#7848=ORIENTED_EDGE('',*,*,#7822,.F.);
#7849=ORIENTED_EDGE('',*,*,#7835,.F.);
#7850=EDGE_LOOP('',(#7846,#7847,#7848,#7849));
#7851=FACE_OUTER_BOUND('',#7850,.F.);
#7853=CARTESIAN_POINT('',(0.E0,-9.43E0,0.E0));
#7854=DIRECTION('',(0.E0,-1.E0,0.E0));
#7855=DIRECTION('',(1.E0,0.E0,0.E0));
#7856=AXIS2_PLACEMENT_3D('',#7853,#7854,#7855);
#7857=PLANE('',#7856);
#7859=ORIENTED_EDGE('',*,*,#7858,.F.);
#7861=ORIENTED_EDGE('',*,*,#7860,.F.);
#7863=ORIENTED_EDGE('',*,*,#7862,.F.);
#7865=ORIENTED_EDGE('',*,*,#7864,.F.);
#7866=EDGE_LOOP('',(#7859,#7861,#7863,#7865));
#7867=FACE_OUTER_BOUND('',#7866,.F.);
#7869=CARTESIAN_POINT('',(0.E0,-9.43E0,0.E0));
#7870=DIRECTION('',(0.E0,-1.E0,0.E0));
#7871=DIRECTION('',(1.E0,0.E0,0.E0));
#7872=AXIS2_PLACEMENT_3D('',#7869,#7870,#7871);
#7873=PLANE('',#7872);
#7875=ORIENTED_EDGE('',*,*,#7874,.F.);
#7877=ORIENTED_EDGE('',*,*,#7876,.F.);
#7879=ORIENTED_EDGE('',*,*,#7878,.F.);
#7881=ORIENTED_EDGE('',*,*,#7880,.F.);
#7882=EDGE_LOOP('',(#7875,#7877,#7879,#7881));
#7883=FACE_OUTER_BOUND('',#7882,.F.);
#7885=CARTESIAN_POINT('',(-5.3E0,-5.25E0,-1.967E1));
#7886=DIRECTION('',(-1.E0,0.E0,0.E0));
#7887=DIRECTION('',(0.E0,0.E0,-1.E0));
#7888=AXIS2_PLACEMENT_3D('',#7885,#7886,#7887);
#7889=PLANE('',#7888);
#7890=ORIENTED_EDGE('',*,*,#6948,.F.);
#7892=ORIENTED_EDGE('',*,*,#7891,.T.);
#7893=ORIENTED_EDGE('',*,*,#7858,.T.);
#7895=ORIENTED_EDGE('',*,*,#7894,.F.);
#7896=EDGE_LOOP('',(#7890,#7892,#7893,#7895));
#7897=FACE_OUTER_BOUND('',#7896,.F.);
#7899=CARTESIAN_POINT('',(-4.3E0,-5.25E0,-1.967E1));
#7900=DIRECTION('',(0.E0,0.E0,1.E0));
#7901=DIRECTION('',(-1.E0,0.E0,0.E0));
#7902=AXIS2_PLACEMENT_3D('',#7899,#7900,#7901);
#7903=PLANE('',#7902);
#7904=ORIENTED_EDGE('',*,*,#6954,.F.);
#7906=ORIENTED_EDGE('',*,*,#7905,.T.);
#7907=ORIENTED_EDGE('',*,*,#7860,.T.);
#7908=ORIENTED_EDGE('',*,*,#7891,.F.);
#7909=EDGE_LOOP('',(#7904,#7906,#7907,#7908));
#7910=FACE_OUTER_BOUND('',#7909,.F.);
#7912=CARTESIAN_POINT('',(-4.3E0,-5.25E0,-2.027E1));
#7913=DIRECTION('',(1.E0,0.E0,0.E0));
#7914=DIRECTION('',(0.E0,0.E0,1.E0));
#7915=AXIS2_PLACEMENT_3D('',#7912,#7913,#7914);
#7916=PLANE('',#7915);
#7917=ORIENTED_EDGE('',*,*,#6952,.F.);
#7919=ORIENTED_EDGE('',*,*,#7918,.T.);
#7920=ORIENTED_EDGE('',*,*,#7862,.T.);
#7921=ORIENTED_EDGE('',*,*,#7905,.F.);
#7922=EDGE_LOOP('',(#7917,#7919,#7920,#7921));
#7923=FACE_OUTER_BOUND('',#7922,.F.);
#7925=CARTESIAN_POINT('',(-5.3E0,-5.25E0,-2.027E1));
#7926=DIRECTION('',(0.E0,0.E0,-1.E0));
#7927=DIRECTION('',(1.E0,0.E0,0.E0));
#7928=AXIS2_PLACEMENT_3D('',#7925,#7926,#7927);
#7929=PLANE('',#7928);
#7930=ORIENTED_EDGE('',*,*,#6950,.F.);
#7931=ORIENTED_EDGE('',*,*,#7894,.T.);
#7932=ORIENTED_EDGE('',*,*,#7864,.T.);
#7933=ORIENTED_EDGE('',*,*,#7918,.F.);
#7934=EDGE_LOOP('',(#7930,#7931,#7932,#7933));
#7935=FACE_OUTER_BOUND('',#7934,.F.);
#7937=CARTESIAN_POINT('',(-5.3E0,-5.25E0,-1.519E1));
#7938=DIRECTION('',(0.E0,0.E0,-1.E0));
#7939=DIRECTION('',(1.E0,0.E0,0.E0));
#7940=AXIS2_PLACEMENT_3D('',#7937,#7938,#7939);
#7941=PLANE('',#7940);
#7942=ORIENTED_EDGE('',*,*,#6958,.F.);
#7944=ORIENTED_EDGE('',*,*,#7943,.T.);
#7945=ORIENTED_EDGE('',*,*,#7874,.T.);
#7947=ORIENTED_EDGE('',*,*,#7946,.F.);
#7948=EDGE_LOOP('',(#7942,#7944,#7945,#7947));
#7949=FACE_OUTER_BOUND('',#7948,.F.);
#7951=CARTESIAN_POINT('',(-5.3E0,-5.25E0,-1.459E1));
#7952=DIRECTION('',(-1.E0,0.E0,0.E0));
#7953=DIRECTION('',(0.E0,0.E0,-1.E0));
#7954=AXIS2_PLACEMENT_3D('',#7951,#7952,#7953);
#7955=PLANE('',#7954);
#7956=ORIENTED_EDGE('',*,*,#6964,.F.);
#7958=ORIENTED_EDGE('',*,*,#7957,.T.);
#7959=ORIENTED_EDGE('',*,*,#7876,.T.);
#7960=ORIENTED_EDGE('',*,*,#7943,.F.);
#7961=EDGE_LOOP('',(#7956,#7958,#7959,#7960));
#7962=FACE_OUTER_BOUND('',#7961,.F.);
#7964=CARTESIAN_POINT('',(-4.3E0,-5.25E0,-1.459E1));
#7965=DIRECTION('',(0.E0,0.E0,1.E0));
#7966=DIRECTION('',(-1.E0,0.E0,0.E0));
#7967=AXIS2_PLACEMENT_3D('',#7964,#7965,#7966);
#7968=PLANE('',#7967);
#7969=ORIENTED_EDGE('',*,*,#6962,.F.);
#7971=ORIENTED_EDGE('',*,*,#7970,.T.);
#7972=ORIENTED_EDGE('',*,*,#7878,.T.);
#7973=ORIENTED_EDGE('',*,*,#7957,.F.);
#7974=EDGE_LOOP('',(#7969,#7971,#7972,#7973));
#7975=FACE_OUTER_BOUND('',#7974,.F.);
#7977=CARTESIAN_POINT('',(-4.3E0,-5.25E0,-1.519E1));
#7978=DIRECTION('',(1.E0,0.E0,0.E0));
#7979=DIRECTION('',(0.E0,0.E0,1.E0));
#7980=AXIS2_PLACEMENT_3D('',#7977,#7978,#7979);
#7981=PLANE('',#7980);
#7982=ORIENTED_EDGE('',*,*,#6960,.F.);
#7983=ORIENTED_EDGE('',*,*,#7946,.T.);
#7984=ORIENTED_EDGE('',*,*,#7880,.T.);
#7985=ORIENTED_EDGE('',*,*,#7970,.F.);
#7986=EDGE_LOOP('',(#7982,#7983,#7984,#7985));
#7987=FACE_OUTER_BOUND('',#7986,.F.);
#7989=CARTESIAN_POINT('',(-1.54E1,0.E0,0.E0));
#7990=DIRECTION('',(1.E0,0.E0,0.E0));
#7991=DIRECTION('',(0.E0,1.E0,0.E0));
#7992=AXIS2_PLACEMENT_3D('',#7989,#7990,#7991);
#7993=PLANE('',#7992);
#7995=ORIENTED_EDGE('',*,*,#7994,.T.);
#7997=ORIENTED_EDGE('',*,*,#7996,.T.);
#7998=ORIENTED_EDGE('',*,*,#6128,.T.);
#7999=ORIENTED_EDGE('',*,*,#6015,.F.);
#8001=ORIENTED_EDGE('',*,*,#8000,.F.);
#8003=ORIENTED_EDGE('',*,*,#8002,.F.);
#8005=ORIENTED_EDGE('',*,*,#8004,.F.);
#8006=ORIENTED_EDGE('',*,*,#5925,.T.);
#8007=ORIENTED_EDGE('',*,*,#6736,.T.);
#8008=ORIENTED_EDGE('',*,*,#6062,.T.);
#8009=ORIENTED_EDGE('',*,*,#6211,.T.);
#8011=ORIENTED_EDGE('',*,*,#8010,.T.);
#8012=EDGE_LOOP('',(#7995,#7997,#7998,#7999,#8001,#8003,#8005,#8006,#8007,#8008,
#8009,#8011));
#8013=FACE_OUTER_BOUND('',#8012,.F.);
#8015=CARTESIAN_POINT('',(-1.54E1,-2.58E0,-8.69E0));
#8016=DIRECTION('',(0.E0,0.E0,-1.E0));
#8017=DIRECTION('',(0.E0,1.E0,0.E0));
#8018=AXIS2_PLACEMENT_3D('',#8015,#8016,#8017);
#8019=PLANE('',#8018);
#8020=ORIENTED_EDGE('',*,*,#6013,.F.);
#8021=ORIENTED_EDGE('',*,*,#5968,.F.);
#8023=ORIENTED_EDGE('',*,*,#8022,.F.);
#8025=ORIENTED_EDGE('',*,*,#8024,.F.);
#8026=EDGE_LOOP('',(#8020,#8021,#8023,#8025));
#8027=FACE_OUTER_BOUND('',#8026,.F.);
#8029=CARTESIAN_POINT('',(-1.54E1,-2.58E0,-8.69E0));
#8030=DIRECTION('',(0.E0,0.E0,-1.E0));
#8031=DIRECTION('',(0.E0,1.E0,0.E0));
#8032=AXIS2_PLACEMENT_3D('',#8029,#8030,#8031);
#8033=PLANE('',#8032);
#8035=ORIENTED_EDGE('',*,*,#8034,.T.);
#8037=ORIENTED_EDGE('',*,*,#8036,.T.);
#8038=ORIENTED_EDGE('',*,*,#6146,.F.);
#8040=ORIENTED_EDGE('',*,*,#8039,.T.);
#8041=EDGE_LOOP('',(#8035,#8037,#8038,#8040));
#8042=FACE_OUTER_BOUND('',#8041,.F.);
#8044=CARTESIAN_POINT('',(-1.54E1,-2.58E0,-8.69E0));
#8045=DIRECTION('',(0.E0,0.E0,-1.E0));
#8046=DIRECTION('',(0.E0,1.E0,0.E0));
#8047=AXIS2_PLACEMENT_3D('',#8044,#8045,#8046);
#8048=PLANE('',#8047);
#8050=ORIENTED_EDGE('',*,*,#8049,.F.);
#8052=ORIENTED_EDGE('',*,*,#8051,.T.);
#8053=ORIENTED_EDGE('',*,*,#5989,.T.);
#8055=ORIENTED_EDGE('',*,*,#8054,.T.);
#8056=EDGE_LOOP('',(#8050,#8052,#8053,#8055));
#8057=FACE_OUTER_BOUND('',#8056,.F.);
#8059=CARTESIAN_POINT('',(-1.54E1,-2.58E0,-8.69E0));
#8060=DIRECTION('',(0.E0,0.E0,-1.E0));
#8061=DIRECTION('',(0.E0,1.E0,0.E0));
#8062=AXIS2_PLACEMENT_3D('',#8059,#8060,#8061);
#8063=PLANE('',#8062);
#8065=ORIENTED_EDGE('',*,*,#8064,.T.);
#8067=ORIENTED_EDGE('',*,*,#8066,.F.);
#8068=ORIENTED_EDGE('',*,*,#7994,.F.);
#8070=ORIENTED_EDGE('',*,*,#8069,.T.);
#8071=EDGE_LOOP('',(#8065,#8067,#8068,#8070));
#8072=FACE_OUTER_BOUND('',#8071,.F.);
#8074=CARTESIAN_POINT('',(-1.54E1,-2.58E0,-8.69E0));
#8075=DIRECTION('',(0.E0,0.E0,-1.E0));
#8076=DIRECTION('',(0.E0,1.E0,0.E0));
#8077=AXIS2_PLACEMENT_3D('',#8074,#8075,#8076);
#8078=PLANE('',#8077);
#8080=ORIENTED_EDGE('',*,*,#8079,.F.);
#8082=ORIENTED_EDGE('',*,*,#8081,.T.);
#8084=ORIENTED_EDGE('',*,*,#8083,.T.);
#8086=ORIENTED_EDGE('',*,*,#8085,.F.);
#8087=EDGE_LOOP('',(#8080,#8082,#8084,#8086));
#8088=FACE_OUTER_BOUND('',#8087,.F.);
#8090=CARTESIAN_POINT('',(-1.54E1,6.3E0,-8.69E0));
#8091=DIRECTION('',(0.E0,1.E0,0.E0));
#8092=DIRECTION('',(0.E0,0.E0,1.E0));
#8093=AXIS2_PLACEMENT_3D('',#8090,#8091,#8092);
#8094=PLANE('',#8093);
#8095=ORIENTED_EDGE('',*,*,#5966,.T.);
#8096=ORIENTED_EDGE('',*,*,#5929,.F.);
#8098=ORIENTED_EDGE('',*,*,#8097,.T.);
#8099=ORIENTED_EDGE('',*,*,#8022,.T.);
#8100=EDGE_LOOP('',(#8095,#8096,#8098,#8099));
#8101=FACE_OUTER_BOUND('',#8100,.F.);
#8103=CARTESIAN_POINT('',(-1.37E1,4.6E0,-5.937775712910E0));
#8104=DIRECTION('',(0.E0,0.E0,-1.E0));
#8105=DIRECTION('',(-1.E0,0.E0,0.E0));
#8106=AXIS2_PLACEMENT_3D('',#8103,#8104,#8105);
#8107=CYLINDRICAL_SURFACE('',#8106,1.7E0);
#8108=ORIENTED_EDGE('',*,*,#8002,.T.);
#8109=ORIENTED_EDGE('',*,*,#8000,.T.);
#8110=ORIENTED_EDGE('',*,*,#8024,.T.);
#8111=ORIENTED_EDGE('',*,*,#8097,.F.);
#8112=ORIENTED_EDGE('',*,*,#5927,.T.);
#8113=ORIENTED_EDGE('',*,*,#8004,.T.);
#8114=EDGE_LOOP('',(#8108,#8109,#8110,#8111,#8112,#8113));
#8115=FACE_OUTER_BOUND('',#8114,.F.);
#8117=CARTESIAN_POINT('',(9.875E0,0.E0,0.E0));
#8118=DIRECTION('',(1.E0,0.E0,0.E0));
#8119=DIRECTION('',(0.E0,0.E0,1.E0));
#8120=AXIS2_PLACEMENT_3D('',#8117,#8118,#8119);
#8121=PLANE('',#8120);
#8122=ORIENTED_EDGE('',*,*,#6161,.T.);
#8123=ORIENTED_EDGE('',*,*,#6253,.T.);
#8124=ORIENTED_EDGE('',*,*,#6405,.T.);
#8126=ORIENTED_EDGE('',*,*,#8125,.T.);
#8128=ORIENTED_EDGE('',*,*,#8127,.F.);
#8129=ORIENTED_EDGE('',*,*,#8034,.F.);
#8131=ORIENTED_EDGE('',*,*,#8130,.T.);
#8132=EDGE_LOOP('',(#8122,#8123,#8124,#8126,#8128,#8129,#8131));
#8133=FACE_OUTER_BOUND('',#8132,.F.);
#8135=CARTESIAN_POINT('',(9.875E0,-2.86E0,-9.19E0));
#8136=DIRECTION('',(0.E0,0.E0,-1.E0));
#8137=DIRECTION('',(0.E0,1.E0,0.E0));
#8138=AXIS2_PLACEMENT_3D('',#8135,#8136,#8137);
#8139=PLANE('',#8138);
#8140=ORIENTED_EDGE('',*,*,#8125,.F.);
#8141=ORIENTED_EDGE('',*,*,#6403,.T.);
#8143=ORIENTED_EDGE('',*,*,#8142,.T.);
#8145=ORIENTED_EDGE('',*,*,#8144,.F.);
#8146=EDGE_LOOP('',(#8140,#8141,#8143,#8145));
#8147=FACE_OUTER_BOUND('',#8146,.F.);
#8149=ORIENTED_EDGE('',*,*,#8148,.T.);
#8151=ORIENTED_EDGE('',*,*,#8150,.T.);
#8152=EDGE_LOOP('',(#8149,#8151));
#8153=FACE_BOUND('',#8152,.F.);
#8155=CARTESIAN_POINT('',(1.5125E1,0.E0,0.E0));
#8156=DIRECTION('',(1.E0,0.E0,0.E0));
#8157=DIRECTION('',(0.E0,0.E0,1.E0));
#8158=AXIS2_PLACEMENT_3D('',#8155,#8156,#8157);
#8159=PLANE('',#8158);
#8160=ORIENTED_EDGE('',*,*,#6193,.F.);
#8162=ORIENTED_EDGE('',*,*,#8161,.F.);
#8163=ORIENTED_EDGE('',*,*,#8049,.T.);
#8165=ORIENTED_EDGE('',*,*,#8164,.T.);
#8166=ORIENTED_EDGE('',*,*,#8142,.F.);
#8167=ORIENTED_EDGE('',*,*,#6401,.F.);
#8168=ORIENTED_EDGE('',*,*,#6267,.F.);
#8169=EDGE_LOOP('',(#8160,#8162,#8163,#8165,#8166,#8167,#8168));
#8170=FACE_OUTER_BOUND('',#8169,.F.);
#8172=CARTESIAN_POINT('',(-1.54E1,-2.58E0,-9.47E0));
#8173=DIRECTION('',(1.E0,0.E0,0.E0));
#8174=DIRECTION('',(0.E0,1.E0,0.E0));
#8175=AXIS2_PLACEMENT_3D('',#8172,#8173,#8174);
#8176=CYLINDRICAL_SURFACE('',#8175,7.8E-1);
#8177=ORIENTED_EDGE('',*,*,#8130,.F.);
#8178=ORIENTED_EDGE('',*,*,#8039,.F.);
#8179=ORIENTED_EDGE('',*,*,#6144,.T.);
#8180=ORIENTED_EDGE('',*,*,#6163,.T.);
#8181=EDGE_LOOP('',(#8177,#8178,#8179,#8180));
#8182=FACE_OUTER_BOUND('',#8181,.F.);
#8184=CARTESIAN_POINT('',(-1.54E1,-2.58E0,-9.47E0));
#8185=DIRECTION('',(1.E0,0.E0,0.E0));
#8186=DIRECTION('',(0.E0,1.E0,0.E0));
#8187=AXIS2_PLACEMENT_3D('',#8184,#8185,#8186);
#8188=CYLINDRICAL_SURFACE('',#8187,7.8E-1);
#8189=ORIENTED_EDGE('',*,*,#8161,.T.);
#8190=ORIENTED_EDGE('',*,*,#6191,.T.);
#8191=ORIENTED_EDGE('',*,*,#5991,.T.);
#8192=ORIENTED_EDGE('',*,*,#8051,.F.);
#8193=EDGE_LOOP('',(#8189,#8190,#8191,#8192));
#8194=FACE_OUTER_BOUND('',#8193,.F.);
#8196=CARTESIAN_POINT('',(-1.54E1,-2.58E0,-9.47E0));
#8197=DIRECTION('',(1.E0,0.E0,0.E0));
#8198=DIRECTION('',(0.E0,1.E0,0.E0));
#8199=AXIS2_PLACEMENT_3D('',#8196,#8197,#8198);
#8200=CYLINDRICAL_SURFACE('',#8199,7.8E-1);
#8202=ORIENTED_EDGE('',*,*,#8201,.F.);
#8203=ORIENTED_EDGE('',*,*,#8069,.F.);
#8204=ORIENTED_EDGE('',*,*,#8010,.F.);
#8205=ORIENTED_EDGE('',*,*,#6209,.T.);
#8206=EDGE_LOOP('',(#8202,#8203,#8204,#8205));
#8207=FACE_OUTER_BOUND('',#8206,.F.);
#8209=CARTESIAN_POINT('',(-1.54E1,-2.58E0,-9.47E0));
#8210=DIRECTION('',(1.E0,0.E0,0.E0));
#8211=DIRECTION('',(0.E0,1.E0,0.E0));
#8212=AXIS2_PLACEMENT_3D('',#8209,#8210,#8211);
#8213=CYLINDRICAL_SURFACE('',#8212,7.8E-1);
#8215=ORIENTED_EDGE('',*,*,#8214,.T.);
#8216=ORIENTED_EDGE('',*,*,#6235,.T.);
#8218=ORIENTED_EDGE('',*,*,#8217,.F.);
#8219=ORIENTED_EDGE('',*,*,#8081,.F.);
#8220=EDGE_LOOP('',(#8215,#8216,#8218,#8219));
#8221=FACE_OUTER_BOUND('',#8220,.F.);
#8223=CARTESIAN_POINT('',(-1.5125E1,0.E0,0.E0));
#8224=DIRECTION('',(1.E0,0.E0,0.E0));
#8225=DIRECTION('',(0.E0,0.E0,1.E0));
#8226=AXIS2_PLACEMENT_3D('',#8223,#8224,#8225);
#8227=PLANE('',#8226);
#8229=ORIENTED_EDGE('',*,*,#8228,.T.);
#8231=ORIENTED_EDGE('',*,*,#8230,.T.);
#8233=ORIENTED_EDGE('',*,*,#8232,.T.);
#8235=ORIENTED_EDGE('',*,*,#8234,.F.);
#8236=ORIENTED_EDGE('',*,*,#8064,.F.);
#8237=ORIENTED_EDGE('',*,*,#8201,.T.);
#8238=ORIENTED_EDGE('',*,*,#6207,.T.);
#8239=EDGE_LOOP('',(#8229,#8231,#8233,#8235,#8236,#8237,#8238));
#8240=FACE_OUTER_BOUND('',#8239,.F.);
#8242=CARTESIAN_POINT('',(-1.5125E1,-3.36E0,-1.535E1));
#8243=DIRECTION('',(0.E0,0.E0,-1.E0));
#8244=DIRECTION('',(0.E0,1.E0,0.E0));
#8245=AXIS2_PLACEMENT_3D('',#8242,#8243,#8244);
#8246=PLANE('',#8245);
#8248=ORIENTED_EDGE('',*,*,#8247,.T.);
#8250=ORIENTED_EDGE('',*,*,#8249,.F.);
#8251=ORIENTED_EDGE('',*,*,#8228,.F.);
#8252=ORIENTED_EDGE('',*,*,#6205,.T.);
#8253=EDGE_LOOP('',(#8248,#8250,#8251,#8252));
#8254=FACE_OUTER_BOUND('',#8253,.F.);
#8256=CARTESIAN_POINT('',(-1.5125E1,-3.36E0,-1.535E1));
#8257=DIRECTION('',(0.E0,0.E0,-1.E0));
#8258=DIRECTION('',(0.E0,1.E0,0.E0));
#8259=AXIS2_PLACEMENT_3D('',#8256,#8257,#8258);
#8260=PLANE('',#8259);
#8262=ORIENTED_EDGE('',*,*,#8261,.F.);
#8263=ORIENTED_EDGE('',*,*,#6239,.T.);
#8265=ORIENTED_EDGE('',*,*,#8264,.T.);
#8267=ORIENTED_EDGE('',*,*,#8266,.F.);
#8268=EDGE_LOOP('',(#8262,#8263,#8265,#8267));
#8269=FACE_OUTER_BOUND('',#8268,.F.);
#8271=CARTESIAN_POINT('',(-1.4175E1,0.E0,0.E0));
#8272=DIRECTION('',(1.E0,0.E0,0.E0));
#8273=DIRECTION('',(0.E0,0.E0,1.E0));
#8274=AXIS2_PLACEMENT_3D('',#8271,#8272,#8273);
#8275=PLANE('',#8274);
#8277=ORIENTED_EDGE('',*,*,#8276,.F.);
#8279=ORIENTED_EDGE('',*,*,#8278,.T.);
#8280=ORIENTED_EDGE('',*,*,#8247,.F.);
#8281=ORIENTED_EDGE('',*,*,#6203,.F.);
#8283=ORIENTED_EDGE('',*,*,#8282,.T.);
#8285=ORIENTED_EDGE('',*,*,#8284,.F.);
#8287=ORIENTED_EDGE('',*,*,#8286,.T.);
#8289=ORIENTED_EDGE('',*,*,#8288,.F.);
#8291=ORIENTED_EDGE('',*,*,#8290,.T.);
#8292=EDGE_LOOP('',(#8277,#8279,#8280,#8281,#8283,#8285,#8287,#8289,#8291));
#8293=FACE_OUTER_BOUND('',#8292,.F.);
#8295=CARTESIAN_POINT('',(5.555088E1,-3.86E0,-1.668E1));
#8296=DIRECTION('',(-1.E0,0.E0,0.E0));
#8297=DIRECTION('',(0.E0,1.E0,0.E0));
#8298=AXIS2_PLACEMENT_3D('',#8295,#8296,#8297);
#8299=CYLINDRICAL_SURFACE('',#8298,1.E0);
#8300=ORIENTED_EDGE('',*,*,#8276,.T.);
#8302=ORIENTED_EDGE('',*,*,#8301,.F.);
#8304=ORIENTED_EDGE('',*,*,#8303,.T.);
#8306=ORIENTED_EDGE('',*,*,#8305,.T.);
#8307=EDGE_LOOP('',(#8300,#8302,#8304,#8306));
#8308=FACE_OUTER_BOUND('',#8307,.F.);
#8310=CARTESIAN_POINT('',(-1.4175E1,-1.035E1,-1.768E1));
#8311=DIRECTION('',(0.E0,0.E0,-1.E0));
#8312=DIRECTION('',(0.E0,1.E0,0.E0));
#8313=AXIS2_PLACEMENT_3D('',#8310,#8311,#8312);
#8314=PLANE('',#8313);
#8315=ORIENTED_EDGE('',*,*,#8301,.T.);
#8316=ORIENTED_EDGE('',*,*,#8290,.F.);
#8318=ORIENTED_EDGE('',*,*,#8317,.F.);
#8320=ORIENTED_EDGE('',*,*,#8319,.F.);
#8322=ORIENTED_EDGE('',*,*,#8321,.F.);
#8324=ORIENTED_EDGE('',*,*,#8323,.F.);
#8326=ORIENTED_EDGE('',*,*,#8325,.F.);
#8327=EDGE_LOOP('',(#8315,#8316,#8318,#8320,#8322,#8324,#8326));
#8328=FACE_OUTER_BOUND('',#8327,.F.);
#8330=CARTESIAN_POINT('',(-1.4175E1,-1.035E1,-1.768E1));
#8331=DIRECTION('',(0.E0,0.E0,-1.E0));
#8332=DIRECTION('',(0.E0,1.E0,0.E0));
#8333=AXIS2_PLACEMENT_3D('',#8330,#8331,#8332);
#8334=PLANE('',#8333);
#8336=ORIENTED_EDGE('',*,*,#8335,.T.);
#8338=ORIENTED_EDGE('',*,*,#8337,.F.);
#8340=ORIENTED_EDGE('',*,*,#8339,.F.);
#8342=ORIENTED_EDGE('',*,*,#8341,.F.);
#8344=ORIENTED_EDGE('',*,*,#8343,.F.);
#8346=ORIENTED_EDGE('',*,*,#8345,.F.);
#8348=ORIENTED_EDGE('',*,*,#8347,.T.);
#8349=EDGE_LOOP('',(#8336,#8338,#8340,#8342,#8344,#8346,#8348));
#8350=FACE_OUTER_BOUND('',#8349,.F.);
#8352=CARTESIAN_POINT('',(-1.455E1,-8.35E0,-1.768E1));
#8353=DIRECTION('',(-9.363291775690E-1,3.511234415884E-1,0.E0));
#8354=DIRECTION('',(3.511234415884E-1,9.363291775690E-1,0.E0));
#8355=AXIS2_PLACEMENT_3D('',#8352,#8353,#8354);
#8356=PLANE('',#8355);
#8357=ORIENTED_EDGE('',*,*,#8317,.T.);
#8358=ORIENTED_EDGE('',*,*,#8288,.T.);
#8360=ORIENTED_EDGE('',*,*,#8359,.F.);
#8362=ORIENTED_EDGE('',*,*,#8361,.F.);
#8363=EDGE_LOOP('',(#8357,#8358,#8360,#8362));
#8364=FACE_OUTER_BOUND('',#8363,.F.);
#8366=CARTESIAN_POINT('',(-1.4175E1,-3.36E0,-1.718E1));
#8367=DIRECTION('',(0.E0,0.E0,1.E0));
#8368=DIRECTION('',(0.E0,-1.E0,0.E0));
#8369=AXIS2_PLACEMENT_3D('',#8366,#8367,#8368);
#8370=PLANE('',#8369);
#8372=ORIENTED_EDGE('',*,*,#8371,.T.);
#8374=ORIENTED_EDGE('',*,*,#8373,.F.);
#8376=ORIENTED_EDGE('',*,*,#8375,.T.);
#8378=ORIENTED_EDGE('',*,*,#8377,.T.);
#8380=ORIENTED_EDGE('',*,*,#8379,.T.);
#8381=ORIENTED_EDGE('',*,*,#8359,.T.);
#8382=ORIENTED_EDGE('',*,*,#8286,.F.);
#8383=EDGE_LOOP('',(#8372,#8374,#8376,#8378,#8380,#8381,#8382));
#8384=FACE_OUTER_BOUND('',#8383,.F.);
#8386=CARTESIAN_POINT('',(-1.4175E1,-3.36E0,-1.718E1));
#8387=DIRECTION('',(0.E0,0.E0,1.E0));
#8388=DIRECTION('',(0.E0,-1.E0,0.E0));
#8389=AXIS2_PLACEMENT_3D('',#8386,#8387,#8388);
#8390=PLANE('',#8389);
#8392=ORIENTED_EDGE('',*,*,#8391,.T.);
#8394=ORIENTED_EDGE('',*,*,#8393,.T.);
#8396=ORIENTED_EDGE('',*,*,#8395,.T.);
#8398=ORIENTED_EDGE('',*,*,#8397,.T.);
#8400=ORIENTED_EDGE('',*,*,#8399,.T.);
#8402=ORIENTED_EDGE('',*,*,#8401,.T.);
#8404=ORIENTED_EDGE('',*,*,#8403,.F.);
#8405=EDGE_LOOP('',(#8392,#8394,#8396,#8398,#8400,#8402,#8404));
#8406=FACE_OUTER_BOUND('',#8405,.F.);
#8408=CARTESIAN_POINT('',(-5.555088E1,-3.86E0,-1.668E1));
#8409=DIRECTION('',(1.E0,0.E0,0.E0));
#8410=DIRECTION('',(0.E0,0.E0,-1.E0));
#8411=AXIS2_PLACEMENT_3D('',#8408,#8409,#8410);
#8412=CYLINDRICAL_SURFACE('',#8411,5.E-1);
#8413=ORIENTED_EDGE('',*,*,#8371,.F.);
#8414=ORIENTED_EDGE('',*,*,#8284,.T.);
#8416=ORIENTED_EDGE('',*,*,#8415,.T.);
#8418=ORIENTED_EDGE('',*,*,#8417,.T.);
#8419=EDGE_LOOP('',(#8413,#8414,#8416,#8418));
#8420=FACE_OUTER_BOUND('',#8419,.F.);
#8422=CARTESIAN_POINT('',(-1.5125E1,-3.36E0,-8.69E0));
#8423=DIRECTION('',(0.E0,-1.E0,0.E0));
#8424=DIRECTION('',(0.E0,0.E0,-1.E0));
#8425=AXIS2_PLACEMENT_3D('',#8422,#8423,#8424);
#8426=PLANE('',#8425);
#8427=ORIENTED_EDGE('',*,*,#8415,.F.);
#8428=ORIENTED_EDGE('',*,*,#8282,.F.);
#8430=ORIENTED_EDGE('',*,*,#8429,.T.);
#8432=ORIENTED_EDGE('',*,*,#8431,.T.);
#8434=ORIENTED_EDGE('',*,*,#8433,.F.);
#8436=ORIENTED_EDGE('',*,*,#8435,.T.);
#8438=ORIENTED_EDGE('',*,*,#8437,.F.);
#8440=ORIENTED_EDGE('',*,*,#8439,.F.);
#8441=EDGE_LOOP('',(#8427,#8428,#8430,#8432,#8434,#8436,#8438,#8440));
#8442=FACE_OUTER_BOUND('',#8441,.F.);
#8444=CARTESIAN_POINT('',(-1.25E1,-3.36E0,-1.674E1));
#8445=DIRECTION('',(0.E0,1.E0,0.E0));
#8446=DIRECTION('',(1.E0,0.E0,0.E0));
#8447=AXIS2_PLACEMENT_3D('',#8444,#8445,#8446);
#8448=CYLINDRICAL_SURFACE('',#8447,1.9E0);
#8449=ORIENTED_EDGE('',*,*,#8429,.F.);
#8450=ORIENTED_EDGE('',*,*,#6216,.F.);
#8452=ORIENTED_EDGE('',*,*,#8451,.T.);
#8453=ORIENTED_EDGE('',*,*,#6703,.T.);
#8455=ORIENTED_EDGE('',*,*,#8454,.F.);
#8456=ORIENTED_EDGE('',*,*,#6228,.F.);
#8457=EDGE_LOOP('',(#8449,#8450,#8452,#8453,#8455,#8456));
#8458=FACE_OUTER_BOUND('',#8457,.F.);
#8460=CARTESIAN_POINT('',(-1.44E1,-6.25E0,-6.43E0));
#8461=DIRECTION('',(-1.E0,0.E0,0.E0));
#8462=DIRECTION('',(0.E0,0.E0,-1.E0));
#8463=AXIS2_PLACEMENT_3D('',#8460,#8461,#8462);
#8464=PLANE('',#8463);
#8465=ORIENTED_EDGE('',*,*,#6705,.T.);
#8466=ORIENTED_EDGE('',*,*,#8451,.F.);
#8467=ORIENTED_EDGE('',*,*,#6214,.F.);
#8468=ORIENTED_EDGE('',*,*,#6058,.F.);
#8470=ORIENTED_EDGE('',*,*,#8469,.T.);
#8472=ORIENTED_EDGE('',*,*,#8471,.F.);
#8473=ORIENTED_EDGE('',*,*,#6757,.F.);
#8475=ORIENTED_EDGE('',*,*,#8474,.T.);
#8476=EDGE_LOOP('',(#8465,#8466,#8467,#8468,#8470,#8472,#8473,#8475));
#8477=FACE_OUTER_BOUND('',#8476,.F.);
#8479=CARTESIAN_POINT('',(-1.54E1,-4.5E0,0.E0));
#8480=DIRECTION('',(0.E0,-1.E0,0.E0));
#8481=DIRECTION('',(1.E0,0.E0,0.E0));
#8482=AXIS2_PLACEMENT_3D('',#8479,#8480,#8481);
#8483=PLANE('',#8482);
#8484=ORIENTED_EDGE('',*,*,#6056,.T.);
#8486=ORIENTED_EDGE('',*,*,#8485,.F.);
#8488=ORIENTED_EDGE('',*,*,#8487,.F.);
#8489=ORIENTED_EDGE('',*,*,#8469,.F.);
#8490=EDGE_LOOP('',(#8484,#8486,#8488,#8489));
#8491=FACE_OUTER_BOUND('',#8490,.F.);
#8493=CARTESIAN_POINT('',(-1.54E1,-4.5E0,0.E0));
#8494=DIRECTION('',(0.E0,-1.E0,0.E0));
#8495=DIRECTION('',(1.E0,0.E0,0.E0));
#8496=AXIS2_PLACEMENT_3D('',#8493,#8494,#8495);
#8497=PLANE('',#8496);
#8498=ORIENTED_EDGE('',*,*,#6079,.T.);
#8500=ORIENTED_EDGE('',*,*,#8499,.F.);
#8502=ORIENTED_EDGE('',*,*,#8501,.F.);
#8503=ORIENTED_EDGE('',*,*,#6673,.F.);
#8504=EDGE_LOOP('',(#8498,#8500,#8502,#8503));
#8505=FACE_OUTER_BOUND('',#8504,.F.);
#8507=CARTESIAN_POINT('',(-1.06E1,-6.25E0,-1.819E1));
#8508=DIRECTION('',(1.E0,0.E0,0.E0));
#8509=DIRECTION('',(0.E0,0.E0,1.E0));
#8510=AXIS2_PLACEMENT_3D('',#8507,#8508,#8509);
#8511=PLANE('',#8510);
#8513=ORIENTED_EDGE('',*,*,#8512,.T.);
#8514=ORIENTED_EDGE('',*,*,#8485,.T.);
#8515=ORIENTED_EDGE('',*,*,#6054,.T.);
#8516=ORIENTED_EDGE('',*,*,#6230,.T.);
#8517=ORIENTED_EDGE('',*,*,#8454,.T.);
#8518=ORIENTED_EDGE('',*,*,#6709,.T.);
#8520=ORIENTED_EDGE('',*,*,#8519,.F.);
#8521=ORIENTED_EDGE('',*,*,#6761,.F.);
#8522=EDGE_LOOP('',(#8513,#8514,#8515,#8516,#8517,#8518,#8520,#8521));
#8523=FACE_OUTER_BOUND('',#8522,.F.);
#8525=CARTESIAN_POINT('',(-1.25E1,-6.25E0,-1.819E1));
#8526=DIRECTION('',(0.E0,-1.E0,0.E0));
#8527=DIRECTION('',(1.E0,0.E0,0.E0));
#8528=AXIS2_PLACEMENT_3D('',#8525,#8526,#8527);
#8529=CYLINDRICAL_SURFACE('',#8528,1.9E0);
#8530=ORIENTED_EDGE('',*,*,#8487,.T.);
#8531=ORIENTED_EDGE('',*,*,#8512,.F.);
#8532=ORIENTED_EDGE('',*,*,#6759,.F.);
#8533=ORIENTED_EDGE('',*,*,#8471,.T.);
#8534=EDGE_LOOP('',(#8530,#8531,#8532,#8533));
#8535=FACE_OUTER_BOUND('',#8534,.F.);
#8537=CARTESIAN_POINT('',(-1.06E1,-6.25E0,-6.43E0));
#8538=DIRECTION('',(0.E0,0.E0,1.E0));
#8539=DIRECTION('',(-1.E0,0.E0,0.E0));
#8540=AXIS2_PLACEMENT_3D('',#8537,#8538,#8539);
#8541=PLANE('',#8540);
#8542=ORIENTED_EDGE('',*,*,#6755,.F.);
#8543=ORIENTED_EDGE('',*,*,#8519,.T.);
#8544=ORIENTED_EDGE('',*,*,#6707,.T.);
#8545=ORIENTED_EDGE('',*,*,#8474,.F.);
#8546=EDGE_LOOP('',(#8542,#8543,#8544,#8545));
#8547=FACE_OUTER_BOUND('',#8546,.F.);
#8549=CARTESIAN_POINT('',(1.44E1,-6.25E0,-1.819E1));
#8550=DIRECTION('',(1.E0,0.E0,0.E0));
#8551=DIRECTION('',(0.E0,0.E0,1.E0));
#8552=AXIS2_PLACEMENT_3D('',#8549,#8550,#8551);
#8553=PLANE('',#8552);
#8555=ORIENTED_EDGE('',*,*,#8554,.T.);
#8556=ORIENTED_EDGE('',*,*,#8499,.T.);
#8557=ORIENTED_EDGE('',*,*,#6077,.T.);
#8558=ORIENTED_EDGE('',*,*,#6187,.T.);
#8559=ORIENTED_EDGE('',*,*,#6657,.T.);
#8560=ORIENTED_EDGE('',*,*,#6693,.T.);
#8561=ORIENTED_EDGE('',*,*,#6721,.F.);
#8562=ORIENTED_EDGE('',*,*,#6750,.F.);
#8563=EDGE_LOOP('',(#8555,#8556,#8557,#8558,#8559,#8560,#8561,#8562));
#8564=FACE_OUTER_BOUND('',#8563,.F.);
#8566=CARTESIAN_POINT('',(1.25E1,-6.25E0,-1.819E1));
#8567=DIRECTION('',(0.E0,-1.E0,0.E0));
#8568=DIRECTION('',(1.E0,0.E0,0.E0));
#8569=AXIS2_PLACEMENT_3D('',#8566,#8567,#8568);
#8570=CYLINDRICAL_SURFACE('',#8569,1.9E0);
#8571=ORIENTED_EDGE('',*,*,#8501,.T.);
#8572=ORIENTED_EDGE('',*,*,#8554,.F.);
#8573=ORIENTED_EDGE('',*,*,#6748,.F.);
#8574=ORIENTED_EDGE('',*,*,#6675,.T.);
#8575=EDGE_LOOP('',(#8571,#8572,#8573,#8574));
#8576=FACE_OUTER_BOUND('',#8575,.F.);
#8578=CARTESIAN_POINT('',(-1.0825E1,0.E0,0.E0));
#8579=DIRECTION('',(1.E0,0.E0,0.E0));
#8580=DIRECTION('',(0.E0,0.E0,1.E0));
#8581=AXIS2_PLACEMENT_3D('',#8578,#8579,#8580);
#8582=PLANE('',#8581);
#8584=ORIENTED_EDGE('',*,*,#8583,.F.);
#8585=ORIENTED_EDGE('',*,*,#8347,.F.);
#8587=ORIENTED_EDGE('',*,*,#8586,.T.);
#8588=ORIENTED_EDGE('',*,*,#8393,.F.);
#8590=ORIENTED_EDGE('',*,*,#8589,.F.);
#8591=ORIENTED_EDGE('',*,*,#8431,.F.);
#8592=ORIENTED_EDGE('',*,*,#6226,.T.);
#8593=ORIENTED_EDGE('',*,*,#8261,.T.);
#8595=ORIENTED_EDGE('',*,*,#8594,.F.);
#8596=EDGE_LOOP('',(#8584,#8585,#8587,#8588,#8590,#8591,#8592,#8593,#8595));
#8597=FACE_OUTER_BOUND('',#8596,.F.);
#8599=CARTESIAN_POINT('',(5.555088E1,-3.86E0,-1.668E1));
#8600=DIRECTION('',(-1.E0,0.E0,0.E0));
#8601=DIRECTION('',(0.E0,1.E0,0.E0));
#8602=AXIS2_PLACEMENT_3D('',#8599,#8600,#8601);
#8603=CYLINDRICAL_SURFACE('',#8602,1.E0);
#8605=ORIENTED_EDGE('',*,*,#8604,.T.);
#8606=ORIENTED_EDGE('',*,*,#8335,.F.);
#8607=ORIENTED_EDGE('',*,*,#8583,.T.);
#8609=ORIENTED_EDGE('',*,*,#8608,.T.);
#8610=EDGE_LOOP('',(#8605,#8606,#8607,#8609));
#8611=FACE_OUTER_BOUND('',#8610,.F.);
#8613=CARTESIAN_POINT('',(-1.19E1,-2.86E0,-1.573E1));
#8614=DIRECTION('',(1.E0,0.E0,0.E0));
#8615=DIRECTION('',(0.E0,0.E0,-1.E0));
#8616=AXIS2_PLACEMENT_3D('',#8613,#8614,#8615);
#8617=PLANE('',#8616);
#8618=ORIENTED_EDGE('',*,*,#8604,.F.);
#8620=ORIENTED_EDGE('',*,*,#8619,.T.);
#8622=ORIENTED_EDGE('',*,*,#8621,.T.);
#8623=ORIENTED_EDGE('',*,*,#8435,.F.);
#8625=ORIENTED_EDGE('',*,*,#8624,.F.);
#8626=ORIENTED_EDGE('',*,*,#8403,.T.);
#8628=ORIENTED_EDGE('',*,*,#8627,.F.);
#8629=ORIENTED_EDGE('',*,*,#8337,.T.);
#8630=EDGE_LOOP('',(#8618,#8620,#8622,#8623,#8625,#8626,#8628,#8629));
#8631=FACE_OUTER_BOUND('',#8630,.F.);
#8633=CARTESIAN_POINT('',(-1.5125E1,-2.86E0,-1.535E1));
#8634=DIRECTION('',(0.E0,1.E0,0.E0));
#8635=DIRECTION('',(0.E0,0.E0,1.E0));
#8636=AXIS2_PLACEMENT_3D('',#8633,#8634,#8635);
#8637=PLANE('',#8636);
#8638=ORIENTED_EDGE('',*,*,#8305,.F.);
#8640=ORIENTED_EDGE('',*,*,#8639,.T.);
#8642=ORIENTED_EDGE('',*,*,#8641,.T.);
#8643=ORIENTED_EDGE('',*,*,#8619,.F.);
#8644=ORIENTED_EDGE('',*,*,#8608,.F.);
#8645=ORIENTED_EDGE('',*,*,#8594,.T.);
#8646=ORIENTED_EDGE('',*,*,#8266,.T.);
#8648=ORIENTED_EDGE('',*,*,#8647,.T.);
#8650=ORIENTED_EDGE('',*,*,#8649,.F.);
#8651=ORIENTED_EDGE('',*,*,#8230,.F.);
#8652=ORIENTED_EDGE('',*,*,#8249,.T.);
#8653=ORIENTED_EDGE('',*,*,#8278,.F.);
#8654=EDGE_LOOP('',(#8638,#8640,#8642,#8643,#8644,#8645,#8646,#8648,#8650,#8651,
#8652,#8653));
#8655=FACE_OUTER_BOUND('',#8654,.F.);
#8657=CARTESIAN_POINT('',(-1.31E1,-2.86E0,-1.768E1));
#8658=DIRECTION('',(-1.E0,0.E0,0.E0));
#8659=DIRECTION('',(0.E0,0.E0,1.E0));
#8660=AXIS2_PLACEMENT_3D('',#8657,#8658,#8659);
#8661=PLANE('',#8660);
#8662=ORIENTED_EDGE('',*,*,#8303,.F.);
#8663=ORIENTED_EDGE('',*,*,#8325,.T.);
#8665=ORIENTED_EDGE('',*,*,#8664,.T.);
#8666=ORIENTED_EDGE('',*,*,#8373,.T.);
#8667=ORIENTED_EDGE('',*,*,#8417,.F.);
#8668=ORIENTED_EDGE('',*,*,#8439,.T.);
#8670=ORIENTED_EDGE('',*,*,#8669,.F.);
#8671=ORIENTED_EDGE('',*,*,#8639,.F.);
#8672=EDGE_LOOP('',(#8662,#8663,#8665,#8666,#8667,#8668,#8670,#8671));
#8673=FACE_OUTER_BOUND('',#8672,.F.);
#8675=CARTESIAN_POINT('',(-1.355E1,-9.9E0,-1.768E1));
#8676=DIRECTION('',(0.E0,0.E0,-1.E0));
#8677=DIRECTION('',(0.E0,1.E0,0.E0));
#8678=AXIS2_PLACEMENT_3D('',#8675,#8676,#8677);
#8679=CYLINDRICAL_SURFACE('',#8678,4.5E-1);
#8681=ORIENTED_EDGE('',*,*,#8680,.F.);
#8682=ORIENTED_EDGE('',*,*,#8375,.F.);
#8683=ORIENTED_EDGE('',*,*,#8664,.F.);
#8684=ORIENTED_EDGE('',*,*,#8323,.T.);
#8685=EDGE_LOOP('',(#8681,#8682,#8683,#8684));
#8686=FACE_OUTER_BOUND('',#8685,.F.);
#8688=CARTESIAN_POINT('',(-1.343817300291E1,-9.570985415592E0,-1.768E1));
#8689=DIRECTION('',(0.E0,0.E0,-1.E0));
#8690=DIRECTION('',(0.E0,1.E0,0.E0));
#8691=AXIS2_PLACEMENT_3D('',#8688,#8689,#8690);
#8692=CYLINDRICAL_SURFACE('',#8691,7.87E-1);
#8693=ORIENTED_EDGE('',*,*,#8377,.F.);
#8694=ORIENTED_EDGE('',*,*,#8680,.T.);
#8695=ORIENTED_EDGE('',*,*,#8321,.T.);
#8697=ORIENTED_EDGE('',*,*,#8696,.F.);
#8698=EDGE_LOOP('',(#8693,#8694,#8695,#8697));
#8699=FACE_OUTER_BOUND('',#8698,.F.);
#8701=CARTESIAN_POINT('',(-1.4175E1,-9.87E0,-1.768E1));
#8702=DIRECTION('',(-9.708893058459E-1,-2.395286116396E-1,0.E0));
#8703=DIRECTION('',(-2.395286116396E-1,9.708893058459E-1,0.E0));
#8704=AXIS2_PLACEMENT_3D('',#8701,#8702,#8703);
#8705=PLANE('',#8704);
#8706=ORIENTED_EDGE('',*,*,#8696,.T.);
#8707=ORIENTED_EDGE('',*,*,#8319,.T.);
#8708=ORIENTED_EDGE('',*,*,#8361,.T.);
#8709=ORIENTED_EDGE('',*,*,#8379,.F.);
#8710=EDGE_LOOP('',(#8706,#8707,#8708,#8709));
#8711=FACE_OUTER_BOUND('',#8710,.F.);
#8713=CARTESIAN_POINT('',(-1.25E1,-2.86E0,-1.573E1));
#8714=DIRECTION('',(0.E0,1.E0,0.E0));
#8715=DIRECTION('',(0.E0,0.E0,1.E0));
#8716=AXIS2_PLACEMENT_3D('',#8713,#8714,#8715);
#8717=CYLINDRICAL_SURFACE('',#8716,6.E-1);
#8718=ORIENTED_EDGE('',*,*,#8669,.T.);
#8719=ORIENTED_EDGE('',*,*,#8437,.T.);
#8720=ORIENTED_EDGE('',*,*,#8621,.F.);
#8721=ORIENTED_EDGE('',*,*,#8641,.F.);
#8722=EDGE_LOOP('',(#8718,#8719,#8720,#8721));
#8723=FACE_OUTER_BOUND('',#8722,.F.);
#8725=CARTESIAN_POINT('',(-9.875E0,0.E0,0.E0));
#8726=DIRECTION('',(1.E0,0.E0,0.E0));
#8727=DIRECTION('',(0.E0,0.E0,1.E0));
#8728=AXIS2_PLACEMENT_3D('',#8725,#8726,#8727);
#8729=PLANE('',#8728);
#8730=ORIENTED_EDGE('',*,*,#8264,.F.);
#8731=ORIENTED_EDGE('',*,*,#6237,.F.);
#8732=ORIENTED_EDGE('',*,*,#8214,.F.);
#8733=ORIENTED_EDGE('',*,*,#8079,.T.);
#8735=ORIENTED_EDGE('',*,*,#8734,.T.);
#8737=ORIENTED_EDGE('',*,*,#8736,.F.);
#8738=ORIENTED_EDGE('',*,*,#8647,.F.);
#8739=EDGE_LOOP('',(#8730,#8731,#8732,#8733,#8735,#8737,#8738));
#8740=FACE_OUTER_BOUND('',#8739,.F.);
#8742=CARTESIAN_POINT('',(-8.095E0,2.9E0,-8.69E0));
#8743=DIRECTION('',(0.E0,-1.E0,0.E0));
#8744=DIRECTION('',(-1.E0,0.E0,0.E0));
#8745=AXIS2_PLACEMENT_3D('',#8742,#8743,#8744);
#8746=PLANE('',#8745);
#8747=ORIENTED_EDGE('',*,*,#8234,.T.);
#8749=ORIENTED_EDGE('',*,*,#8748,.T.);
#8750=ORIENTED_EDGE('',*,*,#8734,.F.);
#8751=ORIENTED_EDGE('',*,*,#8085,.T.);
#8753=ORIENTED_EDGE('',*,*,#8752,.T.);
#8754=ORIENTED_EDGE('',*,*,#6130,.T.);
#8755=ORIENTED_EDGE('',*,*,#7996,.F.);
#8756=ORIENTED_EDGE('',*,*,#8066,.T.);
#8757=EDGE_LOOP('',(#8747,#8749,#8750,#8751,#8753,#8754,#8755,#8756));
#8758=FACE_OUTER_BOUND('',#8757,.F.);
#8760=CARTESIAN_POINT('',(-1.5125E1,-2.86E0,-9.19E0));
#8761=DIRECTION('',(0.E0,0.E0,-1.E0));
#8762=DIRECTION('',(0.E0,1.E0,0.E0));
#8763=AXIS2_PLACEMENT_3D('',#8760,#8761,#8762);
#8764=PLANE('',#8763);
#8765=ORIENTED_EDGE('',*,*,#8232,.F.);
#8766=ORIENTED_EDGE('',*,*,#8649,.T.);
#8767=ORIENTED_EDGE('',*,*,#8736,.T.);
#8768=ORIENTED_EDGE('',*,*,#8748,.F.);
#8769=EDGE_LOOP('',(#8765,#8766,#8767,#8768));
#8770=FACE_OUTER_BOUND('',#8769,.F.);
#8772=ORIENTED_EDGE('',*,*,#8771,.T.);
#8774=ORIENTED_EDGE('',*,*,#8773,.T.);
#8775=EDGE_LOOP('',(#8772,#8774));
#8776=FACE_BOUND('',#8775,.F.);
#8778=CARTESIAN_POINT('',(-1.25E1,0.E0,-6.E0));
#8779=DIRECTION('',(0.E0,0.E0,1.E0));
#8780=DIRECTION('',(1.E0,0.E0,0.E0));
#8781=AXIS2_PLACEMENT_3D('',#8778,#8779,#8780);
#8782=CYLINDRICAL_SURFACE('',#8781,1.42E0);
#8784=ORIENTED_EDGE('',*,*,#8783,.F.);
#8785=ORIENTED_EDGE('',*,*,#8771,.F.);
#8787=ORIENTED_EDGE('',*,*,#8786,.F.);
#8788=ORIENTED_EDGE('',*,*,#5939,.F.);
#8789=EDGE_LOOP('',(#8784,#8785,#8787,#8788));
#8790=FACE_OUTER_BOUND('',#8789,.F.);
#8792=CARTESIAN_POINT('',(-1.25E1,0.E0,-6.E0));
#8793=DIRECTION('',(0.E0,0.E0,1.E0));
#8794=DIRECTION('',(1.E0,0.E0,0.E0));
#8795=AXIS2_PLACEMENT_3D('',#8792,#8793,#8794);
#8796=CYLINDRICAL_SURFACE('',#8795,1.42E0);
#8797=ORIENTED_EDGE('',*,*,#8786,.T.);
#8798=ORIENTED_EDGE('',*,*,#8773,.F.);
#8799=ORIENTED_EDGE('',*,*,#8783,.T.);
#8800=ORIENTED_EDGE('',*,*,#5941,.F.);
#8801=EDGE_LOOP('',(#8797,#8798,#8799,#8800));
#8802=FACE_OUTER_BOUND('',#8801,.F.);
#8804=CARTESIAN_POINT('',(-8.095E0,0.E0,0.E0));
#8805=DIRECTION('',(1.E0,0.E0,0.E0));
#8806=DIRECTION('',(0.E0,0.E0,-1.E0));
#8807=AXIS2_PLACEMENT_3D('',#8804,#8805,#8806);
#8808=PLANE('',#8807);
#8809=ORIENTED_EDGE('',*,*,#6099,.F.);
#8810=ORIENTED_EDGE('',*,*,#6124,.T.);
#8811=ORIENTED_EDGE('',*,*,#8752,.F.);
#8812=ORIENTED_EDGE('',*,*,#8083,.F.);
#8813=ORIENTED_EDGE('',*,*,#8217,.T.);
#8814=ORIENTED_EDGE('',*,*,#6233,.F.);
#8815=ORIENTED_EDGE('',*,*,#6050,.T.);
#8816=EDGE_LOOP('',(#8809,#8810,#8811,#8812,#8813,#8814,#8815));
#8817=FACE_OUTER_BOUND('',#8816,.F.);
#8819=CARTESIAN_POINT('',(-5.555088E1,-3.86E0,-1.668E1));
#8820=DIRECTION('',(1.E0,0.E0,0.E0));
#8821=DIRECTION('',(0.E0,0.E0,-1.E0));
#8822=AXIS2_PLACEMENT_3D('',#8819,#8820,#8821);
#8823=CYLINDRICAL_SURFACE('',#8822,5.E-1);
#8824=ORIENTED_EDGE('',*,*,#8391,.F.);
#8825=ORIENTED_EDGE('',*,*,#8624,.T.);
#8826=ORIENTED_EDGE('',*,*,#8433,.T.);
#8827=ORIENTED_EDGE('',*,*,#8589,.T.);
#8828=EDGE_LOOP('',(#8824,#8825,#8826,#8827));
#8829=FACE_OUTER_BOUND('',#8828,.F.);
#8831=CARTESIAN_POINT('',(-1.145E1,-9.9E0,-1.768E1));
#8832=DIRECTION('',(0.E0,0.E0,-1.E0));
#8833=DIRECTION('',(0.E0,1.E0,0.E0));
#8834=AXIS2_PLACEMENT_3D('',#8831,#8832,#8833);
#8835=CYLINDRICAL_SURFACE('',#8834,4.5E-1);
#8837=ORIENTED_EDGE('',*,*,#8836,.T.);
#8838=ORIENTED_EDGE('',*,*,#8339,.T.);
#8839=ORIENTED_EDGE('',*,*,#8627,.T.);
#8840=ORIENTED_EDGE('',*,*,#8401,.F.);
#8841=EDGE_LOOP('',(#8837,#8838,#8839,#8840));
#8842=FACE_OUTER_BOUND('',#8841,.F.);
#8844=CARTESIAN_POINT('',(-1.156182699709E1,-9.570985415592E0,-1.768E1));
#8845=DIRECTION('',(0.E0,0.E0,-1.E0));
#8846=DIRECTION('',(0.E0,1.E0,0.E0));
#8847=AXIS2_PLACEMENT_3D('',#8844,#8845,#8846);
#8848=CYLINDRICAL_SURFACE('',#8847,7.87E-1);
#8849=ORIENTED_EDGE('',*,*,#8399,.F.);
#8851=ORIENTED_EDGE('',*,*,#8850,.T.);
#8852=ORIENTED_EDGE('',*,*,#8341,.T.);
#8853=ORIENTED_EDGE('',*,*,#8836,.F.);
#8854=EDGE_LOOP('',(#8849,#8851,#8852,#8853));
#8855=FACE_OUTER_BOUND('',#8854,.F.);
#8857=CARTESIAN_POINT('',(-1.045E1,-8.35E0,-1.768E1));
#8858=DIRECTION('',(9.708893058459E-1,-2.395286116396E-1,0.E0));
#8859=DIRECTION('',(-2.395286116396E-1,-9.708893058459E-1,0.E0));
#8860=AXIS2_PLACEMENT_3D('',#8857,#8858,#8859);
#8861=PLANE('',#8860);
#8862=ORIENTED_EDGE('',*,*,#8850,.F.);
#8863=ORIENTED_EDGE('',*,*,#8397,.F.);
#8865=ORIENTED_EDGE('',*,*,#8864,.F.);
#8866=ORIENTED_EDGE('',*,*,#8343,.T.);
#8867=EDGE_LOOP('',(#8862,#8863,#8865,#8866));
#8868=FACE_OUTER_BOUND('',#8867,.F.);
#8870=CARTESIAN_POINT('',(-1.0825E1,-7.35E0,-1.768E1));
#8871=DIRECTION('',(9.363291775690E-1,3.511234415884E-1,0.E0));
#8872=DIRECTION('',(3.511234415884E-1,-9.363291775690E-1,0.E0));
#8873=AXIS2_PLACEMENT_3D('',#8870,#8871,#8872);
#8874=PLANE('',#8873);
#8875=ORIENTED_EDGE('',*,*,#8345,.T.);
#8876=ORIENTED_EDGE('',*,*,#8864,.T.);
#8877=ORIENTED_EDGE('',*,*,#8395,.F.);
#8878=ORIENTED_EDGE('',*,*,#8586,.F.);
#8879=EDGE_LOOP('',(#8875,#8876,#8877,#8878));
#8880=FACE_OUTER_BOUND('',#8879,.F.);
#8882=CARTESIAN_POINT('',(1.54E1,2.9E0,-8.69E0));
#8883=DIRECTION('',(0.E0,-1.E0,0.E0));
#8884=DIRECTION('',(-1.E0,0.E0,0.E0));
#8885=AXIS2_PLACEMENT_3D('',#8882,#8883,#8884);
#8886=PLANE('',#8885);
#8887=ORIENTED_EDGE('',*,*,#8127,.T.);
#8888=ORIENTED_EDGE('',*,*,#8144,.T.);
#8889=ORIENTED_EDGE('',*,*,#8164,.F.);
#8890=ORIENTED_EDGE('',*,*,#8054,.F.);
#8891=ORIENTED_EDGE('',*,*,#5987,.T.);
#8892=ORIENTED_EDGE('',*,*,#6113,.T.);
#8893=ORIENTED_EDGE('',*,*,#6148,.F.);
#8894=ORIENTED_EDGE('',*,*,#8036,.F.);
#8895=EDGE_LOOP('',(#8887,#8888,#8889,#8890,#8891,#8892,#8893,#8894));
#8896=FACE_OUTER_BOUND('',#8895,.F.);
#8898=CARTESIAN_POINT('',(1.25E1,0.E0,-6.E0));
#8899=DIRECTION('',(0.E0,0.E0,1.E0));
#8900=DIRECTION('',(1.E0,0.E0,0.E0));
#8901=AXIS2_PLACEMENT_3D('',#8898,#8899,#8900);
#8902=CYLINDRICAL_SURFACE('',#8901,1.42E0);
#8904=ORIENTED_EDGE('',*,*,#8903,.F.);
#8905=ORIENTED_EDGE('',*,*,#8148,.F.);
#8907=ORIENTED_EDGE('',*,*,#8906,.F.);
#8908=ORIENTED_EDGE('',*,*,#5933,.F.);
#8909=EDGE_LOOP('',(#8904,#8905,#8907,#8908));
#8910=FACE_OUTER_BOUND('',#8909,.F.);
#8912=CARTESIAN_POINT('',(1.25E1,0.E0,-6.E0));
#8913=DIRECTION('',(0.E0,0.E0,1.E0));
#8914=DIRECTION('',(1.E0,0.E0,0.E0));
#8915=AXIS2_PLACEMENT_3D('',#8912,#8913,#8914);
#8916=CYLINDRICAL_SURFACE('',#8915,1.42E0);
#8917=ORIENTED_EDGE('',*,*,#8906,.T.);
#8918=ORIENTED_EDGE('',*,*,#8150,.F.);
#8919=ORIENTED_EDGE('',*,*,#8903,.T.);
#8920=ORIENTED_EDGE('',*,*,#5935,.F.);
#8921=EDGE_LOOP('',(#8917,#8918,#8919,#8920));
#8922=FACE_OUTER_BOUND('',#8921,.F.);
#8924=CARTESIAN_POINT('',(1.355E1,-9.9E0,-1.768E1));
#8925=DIRECTION('',(0.E0,0.E0,-1.E0));
#8926=DIRECTION('',(0.E0,1.E0,0.E0));
#8927=AXIS2_PLACEMENT_3D('',#8924,#8925,#8926);
#8928=CYLINDRICAL_SURFACE('',#8927,4.5E-1);
#8929=ORIENTED_EDGE('',*,*,#6476,.T.);
#8930=ORIENTED_EDGE('',*,*,#6322,.T.);
#8931=ORIENTED_EDGE('',*,*,#6386,.T.);
#8932=ORIENTED_EDGE('',*,*,#6492,.F.);
#8933=EDGE_LOOP('',(#8929,#8930,#8931,#8932));
#8934=FACE_OUTER_BOUND('',#8933,.F.);
#8936=CARTESIAN_POINT('',(4.326E0,1.98E0,-2.286E-1));
#8937=DIRECTION('',(0.E0,0.E0,1.E0));
#8938=DIRECTION('',(1.E0,0.E0,0.E0));
#8939=AXIS2_PLACEMENT_3D('',#8936,#8937,#8938);
#8940=CONICAL_SURFACE('',#8939,5.936E-1,4.5E1);
#8941=ORIENTED_EDGE('',*,*,#5261,.F.);
#8943=ORIENTED_EDGE('',*,*,#8942,.T.);
#8945=ORIENTED_EDGE('',*,*,#8944,.T.);
#8947=ORIENTED_EDGE('',*,*,#8946,.F.);
#8948=EDGE_LOOP('',(#8941,#8943,#8945,#8947));
#8949=FACE_OUTER_BOUND('',#8948,.F.);
#8951=CARTESIAN_POINT('',(4.326E0,1.98E0,-2.286E-1));
#8952=DIRECTION('',(0.E0,0.E0,1.E0));
#8953=DIRECTION('',(1.E0,0.E0,0.E0));
#8954=AXIS2_PLACEMENT_3D('',#8951,#8952,#8953);
#8955=CONICAL_SURFACE('',#8954,5.936E-1,4.5E1);
#8956=ORIENTED_EDGE('',*,*,#5263,.F.);
#8957=ORIENTED_EDGE('',*,*,#8946,.T.);
#8959=ORIENTED_EDGE('',*,*,#8958,.T.);
#8960=ORIENTED_EDGE('',*,*,#8942,.F.);
#8961=EDGE_LOOP('',(#8956,#8957,#8959,#8960));
#8962=FACE_OUTER_BOUND('',#8961,.F.);
#8964=CARTESIAN_POINT('',(4.326E0,1.98E0,0.E0));
#8965=DIRECTION('',(0.E0,0.E0,1.E0));
#8966=DIRECTION('',(1.E0,0.E0,0.E0));
#8967=AXIS2_PLACEMENT_3D('',#8964,#8965,#8966);
#8968=CYLINDRICAL_SURFACE('',#8967,3.65E-1);
#8969=ORIENTED_EDGE('',*,*,#8958,.F.);
#8971=ORIENTED_EDGE('',*,*,#8970,.T.);
#8973=ORIENTED_EDGE('',*,*,#8972,.T.);
#8975=ORIENTED_EDGE('',*,*,#8974,.F.);
#8976=EDGE_LOOP('',(#8969,#8971,#8973,#8975));
#8977=FACE_OUTER_BOUND('',#8976,.F.);
#8979=CARTESIAN_POINT('',(4.326E0,1.98E0,0.E0));
#8980=DIRECTION('',(0.E0,0.E0,1.E0));
#8981=DIRECTION('',(1.E0,0.E0,0.E0));
#8982=AXIS2_PLACEMENT_3D('',#8979,#8980,#8981);
#8983=CYLINDRICAL_SURFACE('',#8982,3.65E-1);
#8984=ORIENTED_EDGE('',*,*,#8944,.F.);
#8985=ORIENTED_EDGE('',*,*,#8974,.T.);
#8987=ORIENTED_EDGE('',*,*,#8986,.T.);
#8988=ORIENTED_EDGE('',*,*,#8970,.F.);
#8989=EDGE_LOOP('',(#8984,#8985,#8987,#8988));
#8990=FACE_OUTER_BOUND('',#8989,.F.);
#8992=CARTESIAN_POINT('',(0.E0,0.E0,-1.E0));
#8993=DIRECTION('',(0.E0,0.E0,1.E0));
#8994=DIRECTION('',(1.E0,0.E0,0.E0));
#8995=AXIS2_PLACEMENT_3D('',#8992,#8993,#8994);
#8996=PLANE('',#8995);
#8997=ORIENTED_EDGE('',*,*,#8986,.F.);
#8998=ORIENTED_EDGE('',*,*,#8972,.F.);
#8999=EDGE_LOOP('',(#8997,#8998));
#9000=FACE_OUTER_BOUND('',#8999,.F.);
#9002=CARTESIAN_POINT('',(0.E0,0.E0,-1.E0));
#9003=DIRECTION('',(0.E0,0.E0,1.E0));
#9004=DIRECTION('',(1.E0,0.E0,0.E0));
#9005=AXIS2_PLACEMENT_3D('',#9002,#9003,#9004);
#9006=PLANE('',#9005);
#9008=ORIENTED_EDGE('',*,*,#9007,.F.);
#9010=ORIENTED_EDGE('',*,*,#9009,.F.);
#9011=EDGE_LOOP('',(#9008,#9010));
#9012=FACE_OUTER_BOUND('',#9011,.F.);
#9014=CARTESIAN_POINT('',(0.E0,0.E0,-1.E0));
#9015=DIRECTION('',(0.E0,0.E0,1.E0));
#9016=DIRECTION('',(1.E0,0.E0,0.E0));
#9017=AXIS2_PLACEMENT_3D('',#9014,#9015,#9016);
#9018=PLANE('',#9017);
#9020=ORIENTED_EDGE('',*,*,#9019,.F.);
#9022=ORIENTED_EDGE('',*,*,#9021,.F.);
#9023=EDGE_LOOP('',(#9020,#9022));
#9024=FACE_OUTER_BOUND('',#9023,.F.);
#9026=CARTESIAN_POINT('',(5.316E0,0.E0,0.E0));
#9027=DIRECTION('',(0.E0,0.E0,1.E0));
#9028=DIRECTION('',(1.E0,0.E0,0.E0));
#9029=AXIS2_PLACEMENT_3D('',#9026,#9027,#9028);
#9030=CYLINDRICAL_SURFACE('',#9029,3.65E-1);
#9032=ORIENTED_EDGE('',*,*,#9031,.F.);
#9034=ORIENTED_EDGE('',*,*,#9033,.T.);
#9035=ORIENTED_EDGE('',*,*,#9007,.T.);
#9037=ORIENTED_EDGE('',*,*,#9036,.F.);
#9038=EDGE_LOOP('',(#9032,#9034,#9035,#9037));
#9039=FACE_OUTER_BOUND('',#9038,.F.);
#9041=CARTESIAN_POINT('',(5.316E0,0.E0,-2.286E-1));
#9042=DIRECTION('',(0.E0,0.E0,1.E0));
#9043=DIRECTION('',(1.E0,0.E0,0.E0));
#9044=AXIS2_PLACEMENT_3D('',#9041,#9042,#9043);
#9045=CONICAL_SURFACE('',#9044,5.936E-1,4.5E1);
#9046=ORIENTED_EDGE('',*,*,#5267,.F.);
#9048=ORIENTED_EDGE('',*,*,#9047,.T.);
#9049=ORIENTED_EDGE('',*,*,#9031,.T.);
#9051=ORIENTED_EDGE('',*,*,#9050,.F.);
#9052=EDGE_LOOP('',(#9046,#9048,#9049,#9051));
#9053=FACE_OUTER_BOUND('',#9052,.F.);
#9055=CARTESIAN_POINT('',(5.316E0,0.E0,-2.286E-1));
#9056=DIRECTION('',(0.E0,0.E0,1.E0));
#9057=DIRECTION('',(1.E0,0.E0,0.E0));
#9058=AXIS2_PLACEMENT_3D('',#9055,#9056,#9057);
#9059=CONICAL_SURFACE('',#9058,5.936E-1,4.5E1);
#9060=ORIENTED_EDGE('',*,*,#5269,.F.);
#9061=ORIENTED_EDGE('',*,*,#9050,.T.);
#9063=ORIENTED_EDGE('',*,*,#9062,.T.);
#9064=ORIENTED_EDGE('',*,*,#9047,.F.);
#9065=EDGE_LOOP('',(#9060,#9061,#9063,#9064));
#9066=FACE_OUTER_BOUND('',#9065,.F.);
#9068=CARTESIAN_POINT('',(5.316E0,0.E0,0.E0));
#9069=DIRECTION('',(0.E0,0.E0,1.E0));
#9070=DIRECTION('',(1.E0,0.E0,0.E0));
#9071=AXIS2_PLACEMENT_3D('',#9068,#9069,#9070);
#9072=CYLINDRICAL_SURFACE('',#9071,3.65E-1);
#9073=ORIENTED_EDGE('',*,*,#9062,.F.);
#9074=ORIENTED_EDGE('',*,*,#9036,.T.);
#9075=ORIENTED_EDGE('',*,*,#9009,.T.);
#9076=ORIENTED_EDGE('',*,*,#9033,.F.);
#9077=EDGE_LOOP('',(#9073,#9074,#9075,#9076));
#9078=FACE_OUTER_BOUND('',#9077,.F.);
#9080=CARTESIAN_POINT('',(4.326E0,-1.98E0,0.E0));
#9081=DIRECTION('',(0.E0,0.E0,1.E0));
#9082=DIRECTION('',(1.E0,0.E0,0.E0));
#9083=AXIS2_PLACEMENT_3D('',#9080,#9081,#9082);
#9084=CYLINDRICAL_SURFACE('',#9083,3.65E-1);
#9086=ORIENTED_EDGE('',*,*,#9085,.F.);
#9088=ORIENTED_EDGE('',*,*,#9087,.T.);
#9089=ORIENTED_EDGE('',*,*,#9019,.T.);
#9091=ORIENTED_EDGE('',*,*,#9090,.F.);
#9092=EDGE_LOOP('',(#9086,#9088,#9089,#9091));
#9093=FACE_OUTER_BOUND('',#9092,.F.);
#9095=CARTESIAN_POINT('',(4.326E0,-1.98E0,-2.286E-1));
#9096=DIRECTION('',(0.E0,0.E0,1.E0));
#9097=DIRECTION('',(1.E0,0.E0,0.E0));
#9098=AXIS2_PLACEMENT_3D('',#9095,#9096,#9097);
#9099=CONICAL_SURFACE('',#9098,5.936E-1,4.5E1);
#9100=ORIENTED_EDGE('',*,*,#5273,.F.);
#9102=ORIENTED_EDGE('',*,*,#9101,.T.);
#9103=ORIENTED_EDGE('',*,*,#9085,.T.);
#9105=ORIENTED_EDGE('',*,*,#9104,.F.);
#9106=EDGE_LOOP('',(#9100,#9102,#9103,#9105));
#9107=FACE_OUTER_BOUND('',#9106,.F.);
#9109=CARTESIAN_POINT('',(4.326E0,-1.98E0,-2.286E-1));
#9110=DIRECTION('',(0.E0,0.E0,1.E0));
#9111=DIRECTION('',(1.E0,0.E0,0.E0));
#9112=AXIS2_PLACEMENT_3D('',#9109,#9110,#9111);
#9113=CONICAL_SURFACE('',#9112,5.936E-1,4.5E1);
#9114=ORIENTED_EDGE('',*,*,#5275,.F.);
#9115=ORIENTED_EDGE('',*,*,#9104,.T.);
#9117=ORIENTED_EDGE('',*,*,#9116,.T.);
#9118=ORIENTED_EDGE('',*,*,#9101,.F.);
#9119=EDGE_LOOP('',(#9114,#9115,#9117,#9118));
#9120=FACE_OUTER_BOUND('',#9119,.F.);
#9122=CARTESIAN_POINT('',(4.326E0,-1.98E0,0.E0));
#9123=DIRECTION('',(0.E0,0.E0,1.E0));
#9124=DIRECTION('',(1.E0,0.E0,0.E0));
#9125=AXIS2_PLACEMENT_3D('',#9122,#9123,#9124);
#9126=CYLINDRICAL_SURFACE('',#9125,3.65E-1);
#9127=ORIENTED_EDGE('',*,*,#9116,.F.);
#9128=ORIENTED_EDGE('',*,*,#9090,.T.);
#9129=ORIENTED_EDGE('',*,*,#9021,.T.);
#9130=ORIENTED_EDGE('',*,*,#9087,.F.);
#9131=EDGE_LOOP('',(#9127,#9128,#9129,#9130));
#9132=FACE_OUTER_BOUND('',#9131,.F.);
#9134=CARTESIAN_POINT('',(2.036E0,1.98E0,-2.286E-1));
#9135=DIRECTION('',(0.E0,0.E0,1.E0));
#9136=DIRECTION('',(1.E0,0.E0,0.E0));
#9137=AXIS2_PLACEMENT_3D('',#9134,#9135,#9136);
#9138=CONICAL_SURFACE('',#9137,5.936E-1,4.5E1);
#9139=ORIENTED_EDGE('',*,*,#5279,.F.);
#9141=ORIENTED_EDGE('',*,*,#9140,.T.);
#9143=ORIENTED_EDGE('',*,*,#9142,.T.);
#9145=ORIENTED_EDGE('',*,*,#9144,.F.);
#9146=EDGE_LOOP('',(#9139,#9141,#9143,#9145));
#9147=FACE_OUTER_BOUND('',#9146,.F.);
#9149=CARTESIAN_POINT('',(2.036E0,1.98E0,-2.286E-1));
#9150=DIRECTION('',(0.E0,0.E0,1.E0));
#9151=DIRECTION('',(1.E0,0.E0,0.E0));
#9152=AXIS2_PLACEMENT_3D('',#9149,#9150,#9151);
#9153=CONICAL_SURFACE('',#9152,5.936E-1,4.5E1);
#9154=ORIENTED_EDGE('',*,*,#5281,.F.);
#9155=ORIENTED_EDGE('',*,*,#9144,.T.);
#9157=ORIENTED_EDGE('',*,*,#9156,.T.);
#9158=ORIENTED_EDGE('',*,*,#9140,.F.);
#9159=EDGE_LOOP('',(#9154,#9155,#9157,#9158));
#9160=FACE_OUTER_BOUND('',#9159,.F.);
#9162=CARTESIAN_POINT('',(2.036E0,1.98E0,0.E0));
#9163=DIRECTION('',(0.E0,0.E0,1.E0));
#9164=DIRECTION('',(1.E0,0.E0,0.E0));
#9165=AXIS2_PLACEMENT_3D('',#9162,#9163,#9164);
#9166=CYLINDRICAL_SURFACE('',#9165,3.65E-1);
#9167=ORIENTED_EDGE('',*,*,#9156,.F.);
#9169=ORIENTED_EDGE('',*,*,#9168,.T.);
#9171=ORIENTED_EDGE('',*,*,#9170,.T.);
#9173=ORIENTED_EDGE('',*,*,#9172,.F.);
#9174=EDGE_LOOP('',(#9167,#9169,#9171,#9173));
#9175=FACE_OUTER_BOUND('',#9174,.F.);
#9177=CARTESIAN_POINT('',(2.036E0,1.98E0,0.E0));
#9178=DIRECTION('',(0.E0,0.E0,1.E0));
#9179=DIRECTION('',(1.E0,0.E0,0.E0));
#9180=AXIS2_PLACEMENT_3D('',#9177,#9178,#9179);
#9181=CYLINDRICAL_SURFACE('',#9180,3.65E-1);
#9182=ORIENTED_EDGE('',*,*,#9142,.F.);
#9183=ORIENTED_EDGE('',*,*,#9172,.T.);
#9185=ORIENTED_EDGE('',*,*,#9184,.T.);
#9186=ORIENTED_EDGE('',*,*,#9168,.F.);
#9187=EDGE_LOOP('',(#9182,#9183,#9185,#9186));
#9188=FACE_OUTER_BOUND('',#9187,.F.);
#9190=CARTESIAN_POINT('',(-2.29E0,0.E0,-1.E0));
#9191=DIRECTION('',(0.E0,0.E0,1.E0));
#9192=DIRECTION('',(1.E0,0.E0,0.E0));
#9193=AXIS2_PLACEMENT_3D('',#9190,#9191,#9192);
#9194=PLANE('',#9193);
#9195=ORIENTED_EDGE('',*,*,#9184,.F.);
#9196=ORIENTED_EDGE('',*,*,#9170,.F.);
#9197=EDGE_LOOP('',(#9195,#9196));
#9198=FACE_OUTER_BOUND('',#9197,.F.);
#9200=CARTESIAN_POINT('',(-2.29E0,0.E0,-1.E0));
#9201=DIRECTION('',(0.E0,0.E0,1.E0));
#9202=DIRECTION('',(1.E0,0.E0,0.E0));
#9203=AXIS2_PLACEMENT_3D('',#9200,#9201,#9202);
#9204=PLANE('',#9203);
#9206=ORIENTED_EDGE('',*,*,#9205,.F.);
#9208=ORIENTED_EDGE('',*,*,#9207,.F.);
#9209=EDGE_LOOP('',(#9206,#9208));
#9210=FACE_OUTER_BOUND('',#9209,.F.);
#9212=CARTESIAN_POINT('',(-2.29E0,0.E0,-1.E0));
#9213=DIRECTION('',(0.E0,0.E0,1.E0));
#9214=DIRECTION('',(1.E0,0.E0,0.E0));
#9215=AXIS2_PLACEMENT_3D('',#9212,#9213,#9214);
#9216=PLANE('',#9215);
#9218=ORIENTED_EDGE('',*,*,#9217,.F.);
#9220=ORIENTED_EDGE('',*,*,#9219,.F.);
#9221=EDGE_LOOP('',(#9218,#9220));
#9222=FACE_OUTER_BOUND('',#9221,.F.);
#9224=CARTESIAN_POINT('',(3.026E0,0.E0,0.E0));
#9225=DIRECTION('',(0.E0,0.E0,1.E0));
#9226=DIRECTION('',(1.E0,0.E0,0.E0));
#9227=AXIS2_PLACEMENT_3D('',#9224,#9225,#9226);
#9228=CYLINDRICAL_SURFACE('',#9227,3.65E-1);
#9230=ORIENTED_EDGE('',*,*,#9229,.F.);
#9232=ORIENTED_EDGE('',*,*,#9231,.T.);
#9233=ORIENTED_EDGE('',*,*,#9205,.T.);
#9235=ORIENTED_EDGE('',*,*,#9234,.F.);
#9236=EDGE_LOOP('',(#9230,#9232,#9233,#9235));
#9237=FACE_OUTER_BOUND('',#9236,.F.);
#9239=CARTESIAN_POINT('',(3.026E0,0.E0,-2.286E-1));
#9240=DIRECTION('',(0.E0,0.E0,1.E0));
#9241=DIRECTION('',(1.E0,0.E0,0.E0));
#9242=AXIS2_PLACEMENT_3D('',#9239,#9240,#9241);
#9243=CONICAL_SURFACE('',#9242,5.936E-1,4.5E1);
#9244=ORIENTED_EDGE('',*,*,#5285,.F.);
#9246=ORIENTED_EDGE('',*,*,#9245,.T.);
#9247=ORIENTED_EDGE('',*,*,#9229,.T.);
#9249=ORIENTED_EDGE('',*,*,#9248,.F.);
#9250=EDGE_LOOP('',(#9244,#9246,#9247,#9249));
#9251=FACE_OUTER_BOUND('',#9250,.F.);
#9253=CARTESIAN_POINT('',(3.026E0,0.E0,-2.286E-1));
#9254=DIRECTION('',(0.E0,0.E0,1.E0));
#9255=DIRECTION('',(1.E0,0.E0,0.E0));
#9256=AXIS2_PLACEMENT_3D('',#9253,#9254,#9255);
#9257=CONICAL_SURFACE('',#9256,5.936E-1,4.5E1);
#9258=ORIENTED_EDGE('',*,*,#5287,.F.);
#9259=ORIENTED_EDGE('',*,*,#9248,.T.);
#9261=ORIENTED_EDGE('',*,*,#9260,.T.);
#9262=ORIENTED_EDGE('',*,*,#9245,.F.);
#9263=EDGE_LOOP('',(#9258,#9259,#9261,#9262));
#9264=FACE_OUTER_BOUND('',#9263,.F.);
#9266=CARTESIAN_POINT('',(3.026E0,0.E0,0.E0));
#9267=DIRECTION('',(0.E0,0.E0,1.E0));
#9268=DIRECTION('',(1.E0,0.E0,0.E0));
#9269=AXIS2_PLACEMENT_3D('',#9266,#9267,#9268);
#9270=CYLINDRICAL_SURFACE('',#9269,3.65E-1);
#9271=ORIENTED_EDGE('',*,*,#9260,.F.);
#9272=ORIENTED_EDGE('',*,*,#9234,.T.);
#9273=ORIENTED_EDGE('',*,*,#9207,.T.);
#9274=ORIENTED_EDGE('',*,*,#9231,.F.);
#9275=EDGE_LOOP('',(#9271,#9272,#9273,#9274));
#9276=FACE_OUTER_BOUND('',#9275,.F.);
#9278=CARTESIAN_POINT('',(2.036E0,-1.98E0,0.E0));
#9279=DIRECTION('',(0.E0,0.E0,1.E0));
#9280=DIRECTION('',(1.E0,0.E0,0.E0));
#9281=AXIS2_PLACEMENT_3D('',#9278,#9279,#9280);
#9282=CYLINDRICAL_SURFACE('',#9281,3.65E-1);
#9284=ORIENTED_EDGE('',*,*,#9283,.F.);
#9286=ORIENTED_EDGE('',*,*,#9285,.T.);
#9287=ORIENTED_EDGE('',*,*,#9217,.T.);
#9289=ORIENTED_EDGE('',*,*,#9288,.F.);
#9290=EDGE_LOOP('',(#9284,#9286,#9287,#9289));
#9291=FACE_OUTER_BOUND('',#9290,.F.);
#9293=CARTESIAN_POINT('',(2.036E0,-1.98E0,-2.286E-1));
#9294=DIRECTION('',(0.E0,0.E0,1.E0));
#9295=DIRECTION('',(1.E0,0.E0,0.E0));
#9296=AXIS2_PLACEMENT_3D('',#9293,#9294,#9295);
#9297=CONICAL_SURFACE('',#9296,5.936E-1,4.5E1);
#9298=ORIENTED_EDGE('',*,*,#5291,.F.);
#9300=ORIENTED_EDGE('',*,*,#9299,.T.);
#9301=ORIENTED_EDGE('',*,*,#9283,.T.);
#9303=ORIENTED_EDGE('',*,*,#9302,.F.);
#9304=EDGE_LOOP('',(#9298,#9300,#9301,#9303));
#9305=FACE_OUTER_BOUND('',#9304,.F.);
#9307=CARTESIAN_POINT('',(2.036E0,-1.98E0,-2.286E-1));
#9308=DIRECTION('',(0.E0,0.E0,1.E0));
#9309=DIRECTION('',(1.E0,0.E0,0.E0));
#9310=AXIS2_PLACEMENT_3D('',#9307,#9308,#9309);
#9311=CONICAL_SURFACE('',#9310,5.936E-1,4.5E1);
#9312=ORIENTED_EDGE('',*,*,#5293,.F.);
#9313=ORIENTED_EDGE('',*,*,#9302,.T.);
#9315=ORIENTED_EDGE('',*,*,#9314,.T.);
#9316=ORIENTED_EDGE('',*,*,#9299,.F.);
#9317=EDGE_LOOP('',(#9312,#9313,#9315,#9316));
#9318=FACE_OUTER_BOUND('',#9317,.F.);
#9320=CARTESIAN_POINT('',(2.036E0,-1.98E0,0.E0));
#9321=DIRECTION('',(0.E0,0.E0,1.E0));
#9322=DIRECTION('',(1.E0,0.E0,0.E0));
#9323=AXIS2_PLACEMENT_3D('',#9320,#9321,#9322);
#9324=CYLINDRICAL_SURFACE('',#9323,3.65E-1);
#9325=ORIENTED_EDGE('',*,*,#9314,.F.);
#9326=ORIENTED_EDGE('',*,*,#9288,.T.);
#9327=ORIENTED_EDGE('',*,*,#9219,.T.);
#9328=ORIENTED_EDGE('',*,*,#9285,.F.);
#9329=EDGE_LOOP('',(#9325,#9326,#9327,#9328));
#9330=FACE_OUTER_BOUND('',#9329,.F.);
#9332=CARTESIAN_POINT('',(-2.54E-1,1.98E0,-2.286E-1));
#9333=DIRECTION('',(0.E0,0.E0,1.E0));
#9334=DIRECTION('',(1.E0,0.E0,0.E0));
#9335=AXIS2_PLACEMENT_3D('',#9332,#9333,#9334);
#9336=CONICAL_SURFACE('',#9335,5.936E-1,4.5E1);
#9337=ORIENTED_EDGE('',*,*,#5297,.F.);
#9339=ORIENTED_EDGE('',*,*,#9338,.T.);
#9341=ORIENTED_EDGE('',*,*,#9340,.T.);
#9343=ORIENTED_EDGE('',*,*,#9342,.F.);
#9344=EDGE_LOOP('',(#9337,#9339,#9341,#9343));
#9345=FACE_OUTER_BOUND('',#9344,.F.);
#9347=CARTESIAN_POINT('',(-2.54E-1,1.98E0,-2.286E-1));
#9348=DIRECTION('',(0.E0,0.E0,1.E0));
#9349=DIRECTION('',(1.E0,0.E0,0.E0));
#9350=AXIS2_PLACEMENT_3D('',#9347,#9348,#9349);
#9351=CONICAL_SURFACE('',#9350,5.936E-1,4.5E1);
#9352=ORIENTED_EDGE('',*,*,#5299,.F.);
#9353=ORIENTED_EDGE('',*,*,#9342,.T.);
#9355=ORIENTED_EDGE('',*,*,#9354,.T.);
#9356=ORIENTED_EDGE('',*,*,#9338,.F.);
#9357=EDGE_LOOP('',(#9352,#9353,#9355,#9356));
#9358=FACE_OUTER_BOUND('',#9357,.F.);
#9360=CARTESIAN_POINT('',(-2.54E-1,1.98E0,0.E0));
#9361=DIRECTION('',(0.E0,0.E0,1.E0));
#9362=DIRECTION('',(1.E0,0.E0,0.E0));
#9363=AXIS2_PLACEMENT_3D('',#9360,#9361,#9362);
#9364=CYLINDRICAL_SURFACE('',#9363,3.65E-1);
#9365=ORIENTED_EDGE('',*,*,#9354,.F.);
#9367=ORIENTED_EDGE('',*,*,#9366,.T.);
#9369=ORIENTED_EDGE('',*,*,#9368,.T.);
#9371=ORIENTED_EDGE('',*,*,#9370,.F.);
#9372=EDGE_LOOP('',(#9365,#9367,#9369,#9371));
#9373=FACE_OUTER_BOUND('',#9372,.F.);
#9375=CARTESIAN_POINT('',(-2.54E-1,1.98E0,0.E0));
#9376=DIRECTION('',(0.E0,0.E0,1.E0));
#9377=DIRECTION('',(1.E0,0.E0,0.E0));
#9378=AXIS2_PLACEMENT_3D('',#9375,#9376,#9377);
#9379=CYLINDRICAL_SURFACE('',#9378,3.65E-1);
#9380=ORIENTED_EDGE('',*,*,#9340,.F.);
#9381=ORIENTED_EDGE('',*,*,#9370,.T.);
#9383=ORIENTED_EDGE('',*,*,#9382,.T.);
#9384=ORIENTED_EDGE('',*,*,#9366,.F.);
#9385=EDGE_LOOP('',(#9380,#9381,#9383,#9384));
#9386=FACE_OUTER_BOUND('',#9385,.F.);
#9388=CARTESIAN_POINT('',(-4.58E0,0.E0,-1.E0));
#9389=DIRECTION('',(0.E0,0.E0,1.E0));
#9390=DIRECTION('',(1.E0,0.E0,0.E0));
#9391=AXIS2_PLACEMENT_3D('',#9388,#9389,#9390);
#9392=PLANE('',#9391);
#9393=ORIENTED_EDGE('',*,*,#9382,.F.);
#9394=ORIENTED_EDGE('',*,*,#9368,.F.);
#9395=EDGE_LOOP('',(#9393,#9394));
#9396=FACE_OUTER_BOUND('',#9395,.F.);
#9398=CARTESIAN_POINT('',(-4.58E0,0.E0,-1.E0));
#9399=DIRECTION('',(0.E0,0.E0,1.E0));
#9400=DIRECTION('',(1.E0,0.E0,0.E0));
#9401=AXIS2_PLACEMENT_3D('',#9398,#9399,#9400);
#9402=PLANE('',#9401);
#9404=ORIENTED_EDGE('',*,*,#9403,.F.);
#9406=ORIENTED_EDGE('',*,*,#9405,.F.);
#9407=EDGE_LOOP('',(#9404,#9406));
#9408=FACE_OUTER_BOUND('',#9407,.F.);
#9410=CARTESIAN_POINT('',(-4.58E0,0.E0,-1.E0));
#9411=DIRECTION('',(0.E0,0.E0,1.E0));
#9412=DIRECTION('',(1.E0,0.E0,0.E0));
#9413=AXIS2_PLACEMENT_3D('',#9410,#9411,#9412);
#9414=PLANE('',#9413);
#9416=ORIENTED_EDGE('',*,*,#9415,.F.);
#9418=ORIENTED_EDGE('',*,*,#9417,.F.);
#9419=EDGE_LOOP('',(#9416,#9418));
#9420=FACE_OUTER_BOUND('',#9419,.F.);
#9422=CARTESIAN_POINT('',(7.36E-1,0.E0,0.E0));
#9423=DIRECTION('',(0.E0,0.E0,1.E0));
#9424=DIRECTION('',(1.E0,0.E0,0.E0));
#9425=AXIS2_PLACEMENT_3D('',#9422,#9423,#9424);
#9426=CYLINDRICAL_SURFACE('',#9425,3.65E-1);
#9428=ORIENTED_EDGE('',*,*,#9427,.F.);
#9430=ORIENTED_EDGE('',*,*,#9429,.T.);
#9431=ORIENTED_EDGE('',*,*,#9403,.T.);
#9433=ORIENTED_EDGE('',*,*,#9432,.F.);
#9434=EDGE_LOOP('',(#9428,#9430,#9431,#9433));
#9435=FACE_OUTER_BOUND('',#9434,.F.);
#9437=CARTESIAN_POINT('',(7.36E-1,0.E0,-2.286E-1));
#9438=DIRECTION('',(0.E0,0.E0,1.E0));
#9439=DIRECTION('',(1.E0,0.E0,0.E0));
#9440=AXIS2_PLACEMENT_3D('',#9437,#9438,#9439);
#9441=CONICAL_SURFACE('',#9440,5.936E-1,4.5E1);
#9442=ORIENTED_EDGE('',*,*,#5303,.F.);
#9444=ORIENTED_EDGE('',*,*,#9443,.T.);
#9445=ORIENTED_EDGE('',*,*,#9427,.T.);
#9447=ORIENTED_EDGE('',*,*,#9446,.F.);
#9448=EDGE_LOOP('',(#9442,#9444,#9445,#9447));
#9449=FACE_OUTER_BOUND('',#9448,.F.);
#9451=CARTESIAN_POINT('',(7.36E-1,0.E0,-2.286E-1));
#9452=DIRECTION('',(0.E0,0.E0,1.E0));
#9453=DIRECTION('',(1.E0,0.E0,0.E0));
#9454=AXIS2_PLACEMENT_3D('',#9451,#9452,#9453);
#9455=CONICAL_SURFACE('',#9454,5.936E-1,4.5E1);
#9456=ORIENTED_EDGE('',*,*,#5305,.F.);
#9457=ORIENTED_EDGE('',*,*,#9446,.T.);
#9459=ORIENTED_EDGE('',*,*,#9458,.T.);
#9460=ORIENTED_EDGE('',*,*,#9443,.F.);
#9461=EDGE_LOOP('',(#9456,#9457,#9459,#9460));
#9462=FACE_OUTER_BOUND('',#9461,.F.);
#9464=CARTESIAN_POINT('',(7.36E-1,0.E0,0.E0));
#9465=DIRECTION('',(0.E0,0.E0,1.E0));
#9466=DIRECTION('',(1.E0,0.E0,0.E0));
#9467=AXIS2_PLACEMENT_3D('',#9464,#9465,#9466);
#9468=CYLINDRICAL_SURFACE('',#9467,3.65E-1);
#9469=ORIENTED_EDGE('',*,*,#9458,.F.);
#9470=ORIENTED_EDGE('',*,*,#9432,.T.);
#9471=ORIENTED_EDGE('',*,*,#9405,.T.);
#9472=ORIENTED_EDGE('',*,*,#9429,.F.);
#9473=EDGE_LOOP('',(#9469,#9470,#9471,#9472));
#9474=FACE_OUTER_BOUND('',#9473,.F.);
#9476=CARTESIAN_POINT('',(-2.54E-1,-1.98E0,0.E0));
#9477=DIRECTION('',(0.E0,0.E0,1.E0));
#9478=DIRECTION('',(1.E0,0.E0,0.E0));
#9479=AXIS2_PLACEMENT_3D('',#9476,#9477,#9478);
#9480=CYLINDRICAL_SURFACE('',#9479,3.65E-1);
#9482=ORIENTED_EDGE('',*,*,#9481,.F.);
#9484=ORIENTED_EDGE('',*,*,#9483,.T.);
#9485=ORIENTED_EDGE('',*,*,#9415,.T.);
#9487=ORIENTED_EDGE('',*,*,#9486,.F.);
#9488=EDGE_LOOP('',(#9482,#9484,#9485,#9487));
#9489=FACE_OUTER_BOUND('',#9488,.F.);
#9491=CARTESIAN_POINT('',(-2.54E-1,-1.98E0,-2.286E-1));
#9492=DIRECTION('',(0.E0,0.E0,1.E0));
#9493=DIRECTION('',(1.E0,0.E0,0.E0));
#9494=AXIS2_PLACEMENT_3D('',#9491,#9492,#9493);
#9495=CONICAL_SURFACE('',#9494,5.936E-1,4.5E1);
#9496=ORIENTED_EDGE('',*,*,#5309,.F.);
#9498=ORIENTED_EDGE('',*,*,#9497,.T.);
#9499=ORIENTED_EDGE('',*,*,#9481,.T.);
#9501=ORIENTED_EDGE('',*,*,#9500,.F.);
#9502=EDGE_LOOP('',(#9496,#9498,#9499,#9501));
#9503=FACE_OUTER_BOUND('',#9502,.F.);
#9505=CARTESIAN_POINT('',(-2.54E-1,-1.98E0,-2.286E-1));
#9506=DIRECTION('',(0.E0,0.E0,1.E0));
#9507=DIRECTION('',(1.E0,0.E0,0.E0));
#9508=AXIS2_PLACEMENT_3D('',#9505,#9506,#9507);
#9509=CONICAL_SURFACE('',#9508,5.936E-1,4.5E1);
#9510=ORIENTED_EDGE('',*,*,#5311,.F.);
#9511=ORIENTED_EDGE('',*,*,#9500,.T.);
#9513=ORIENTED_EDGE('',*,*,#9512,.T.);
#9514=ORIENTED_EDGE('',*,*,#9497,.F.);
#9515=EDGE_LOOP('',(#9510,#9511,#9513,#9514));
#9516=FACE_OUTER_BOUND('',#9515,.F.);
#9518=CARTESIAN_POINT('',(-2.54E-1,-1.98E0,0.E0));
#9519=DIRECTION('',(0.E0,0.E0,1.E0));
#9520=DIRECTION('',(1.E0,0.E0,0.E0));
#9521=AXIS2_PLACEMENT_3D('',#9518,#9519,#9520);
#9522=CYLINDRICAL_SURFACE('',#9521,3.65E-1);
#9523=ORIENTED_EDGE('',*,*,#9512,.F.);
#9524=ORIENTED_EDGE('',*,*,#9486,.T.);
#9525=ORIENTED_EDGE('',*,*,#9417,.T.);
#9526=ORIENTED_EDGE('',*,*,#9483,.F.);
#9527=EDGE_LOOP('',(#9523,#9524,#9525,#9526));
#9528=FACE_OUTER_BOUND('',#9527,.F.);
#9530=CARTESIAN_POINT('',(-2.544E0,1.98E0,-2.286E-1));
#9531=DIRECTION('',(0.E0,0.E0,1.E0));
#9532=DIRECTION('',(1.E0,0.E0,0.E0));
#9533=AXIS2_PLACEMENT_3D('',#9530,#9531,#9532);
#9534=CONICAL_SURFACE('',#9533,5.936E-1,4.5E1);
#9535=ORIENTED_EDGE('',*,*,#5315,.F.);
#9537=ORIENTED_EDGE('',*,*,#9536,.T.);
#9539=ORIENTED_EDGE('',*,*,#9538,.T.);
#9541=ORIENTED_EDGE('',*,*,#9540,.F.);
#9542=EDGE_LOOP('',(#9535,#9537,#9539,#9541));
#9543=FACE_OUTER_BOUND('',#9542,.F.);
#9545=CARTESIAN_POINT('',(-2.544E0,1.98E0,-2.286E-1));
#9546=DIRECTION('',(0.E0,0.E0,1.E0));
#9547=DIRECTION('',(1.E0,0.E0,0.E0));
#9548=AXIS2_PLACEMENT_3D('',#9545,#9546,#9547);
#9549=CONICAL_SURFACE('',#9548,5.936E-1,4.5E1);
#9550=ORIENTED_EDGE('',*,*,#5317,.F.);
#9551=ORIENTED_EDGE('',*,*,#9540,.T.);
#9553=ORIENTED_EDGE('',*,*,#9552,.T.);
#9554=ORIENTED_EDGE('',*,*,#9536,.F.);
#9555=EDGE_LOOP('',(#9550,#9551,#9553,#9554));
#9556=FACE_OUTER_BOUND('',#9555,.F.);
#9558=CARTESIAN_POINT('',(-2.544E0,1.98E0,0.E0));
#9559=DIRECTION('',(0.E0,0.E0,1.E0));
#9560=DIRECTION('',(1.E0,0.E0,0.E0));
#9561=AXIS2_PLACEMENT_3D('',#9558,#9559,#9560);
#9562=CYLINDRICAL_SURFACE('',#9561,3.65E-1);
#9563=ORIENTED_EDGE('',*,*,#9552,.F.);
#9565=ORIENTED_EDGE('',*,*,#9564,.T.);
#9567=ORIENTED_EDGE('',*,*,#9566,.T.);
#9569=ORIENTED_EDGE('',*,*,#9568,.F.);
#9570=EDGE_LOOP('',(#9563,#9565,#9567,#9569));
#9571=FACE_OUTER_BOUND('',#9570,.F.);
#9573=CARTESIAN_POINT('',(-2.544E0,1.98E0,0.E0));
#9574=DIRECTION('',(0.E0,0.E0,1.E0));
#9575=DIRECTION('',(1.E0,0.E0,0.E0));
#9576=AXIS2_PLACEMENT_3D('',#9573,#9574,#9575);
#9577=CYLINDRICAL_SURFACE('',#9576,3.65E-1);
#9578=ORIENTED_EDGE('',*,*,#9538,.F.);
#9579=ORIENTED_EDGE('',*,*,#9568,.T.);
#9581=ORIENTED_EDGE('',*,*,#9580,.T.);
#9582=ORIENTED_EDGE('',*,*,#9564,.F.);
#9583=EDGE_LOOP('',(#9578,#9579,#9581,#9582));
#9584=FACE_OUTER_BOUND('',#9583,.F.);
#9586=CARTESIAN_POINT('',(-6.87E0,0.E0,-1.E0));
#9587=DIRECTION('',(0.E0,0.E0,1.E0));
#9588=DIRECTION('',(1.E0,0.E0,0.E0));
#9589=AXIS2_PLACEMENT_3D('',#9586,#9587,#9588);
#9590=PLANE('',#9589);
#9591=ORIENTED_EDGE('',*,*,#9580,.F.);
#9592=ORIENTED_EDGE('',*,*,#9566,.F.);
#9593=EDGE_LOOP('',(#9591,#9592));
#9594=FACE_OUTER_BOUND('',#9593,.F.);
#9596=CARTESIAN_POINT('',(-6.87E0,0.E0,-1.E0));
#9597=DIRECTION('',(0.E0,0.E0,1.E0));
#9598=DIRECTION('',(1.E0,0.E0,0.E0));
#9599=AXIS2_PLACEMENT_3D('',#9596,#9597,#9598);
#9600=PLANE('',#9599);
#9602=ORIENTED_EDGE('',*,*,#9601,.F.);
#9604=ORIENTED_EDGE('',*,*,#9603,.F.);
#9605=EDGE_LOOP('',(#9602,#9604));
#9606=FACE_OUTER_BOUND('',#9605,.F.);
#9608=CARTESIAN_POINT('',(-6.87E0,0.E0,-1.E0));
#9609=DIRECTION('',(0.E0,0.E0,1.E0));
#9610=DIRECTION('',(1.E0,0.E0,0.E0));
#9611=AXIS2_PLACEMENT_3D('',#9608,#9609,#9610);
#9612=PLANE('',#9611);
#9614=ORIENTED_EDGE('',*,*,#9613,.F.);
#9616=ORIENTED_EDGE('',*,*,#9615,.F.);
#9617=EDGE_LOOP('',(#9614,#9616));
#9618=FACE_OUTER_BOUND('',#9617,.F.);
#9620=CARTESIAN_POINT('',(-1.554E0,0.E0,0.E0));
#9621=DIRECTION('',(0.E0,0.E0,1.E0));
#9622=DIRECTION('',(1.E0,0.E0,0.E0));
#9623=AXIS2_PLACEMENT_3D('',#9620,#9621,#9622);
#9624=CYLINDRICAL_SURFACE('',#9623,3.65E-1);
#9626=ORIENTED_EDGE('',*,*,#9625,.F.);
#9628=ORIENTED_EDGE('',*,*,#9627,.T.);
#9629=ORIENTED_EDGE('',*,*,#9601,.T.);
#9631=ORIENTED_EDGE('',*,*,#9630,.F.);
#9632=EDGE_LOOP('',(#9626,#9628,#9629,#9631));
#9633=FACE_OUTER_BOUND('',#9632,.F.);
#9635=CARTESIAN_POINT('',(-1.554E0,0.E0,-2.286E-1));
#9636=DIRECTION('',(0.E0,0.E0,1.E0));
#9637=DIRECTION('',(1.E0,0.E0,0.E0));
#9638=AXIS2_PLACEMENT_3D('',#9635,#9636,#9637);
#9639=CONICAL_SURFACE('',#9638,5.936E-1,4.5E1);
#9640=ORIENTED_EDGE('',*,*,#5321,.F.);
#9642=ORIENTED_EDGE('',*,*,#9641,.T.);
#9643=ORIENTED_EDGE('',*,*,#9625,.T.);
#9645=ORIENTED_EDGE('',*,*,#9644,.F.);
#9646=EDGE_LOOP('',(#9640,#9642,#9643,#9645));
#9647=FACE_OUTER_BOUND('',#9646,.F.);
#9649=CARTESIAN_POINT('',(-1.554E0,0.E0,-2.286E-1));
#9650=DIRECTION('',(0.E0,0.E0,1.E0));
#9651=DIRECTION('',(1.E0,0.E0,0.E0));
#9652=AXIS2_PLACEMENT_3D('',#9649,#9650,#9651);
#9653=CONICAL_SURFACE('',#9652,5.936E-1,4.5E1);
#9654=ORIENTED_EDGE('',*,*,#5323,.F.);
#9655=ORIENTED_EDGE('',*,*,#9644,.T.);
#9657=ORIENTED_EDGE('',*,*,#9656,.T.);
#9658=ORIENTED_EDGE('',*,*,#9641,.F.);
#9659=EDGE_LOOP('',(#9654,#9655,#9657,#9658));
#9660=FACE_OUTER_BOUND('',#9659,.F.);
#9662=CARTESIAN_POINT('',(-1.554E0,0.E0,0.E0));
#9663=DIRECTION('',(0.E0,0.E0,1.E0));
#9664=DIRECTION('',(1.E0,0.E0,0.E0));
#9665=AXIS2_PLACEMENT_3D('',#9662,#9663,#9664);
#9666=CYLINDRICAL_SURFACE('',#9665,3.65E-1);
#9667=ORIENTED_EDGE('',*,*,#9656,.F.);
#9668=ORIENTED_EDGE('',*,*,#9630,.T.);
#9669=ORIENTED_EDGE('',*,*,#9603,.T.);
#9670=ORIENTED_EDGE('',*,*,#9627,.F.);
#9671=EDGE_LOOP('',(#9667,#9668,#9669,#9670));
#9672=FACE_OUTER_BOUND('',#9671,.F.);
#9674=CARTESIAN_POINT('',(-2.544E0,-1.98E0,0.E0));
#9675=DIRECTION('',(0.E0,0.E0,1.E0));
#9676=DIRECTION('',(1.E0,0.E0,0.E0));
#9677=AXIS2_PLACEMENT_3D('',#9674,#9675,#9676);
#9678=CYLINDRICAL_SURFACE('',#9677,3.65E-1);
#9680=ORIENTED_EDGE('',*,*,#9679,.F.);
#9682=ORIENTED_EDGE('',*,*,#9681,.T.);
#9683=ORIENTED_EDGE('',*,*,#9613,.T.);
#9685=ORIENTED_EDGE('',*,*,#9684,.F.);
#9686=EDGE_LOOP('',(#9680,#9682,#9683,#9685));
#9687=FACE_OUTER_BOUND('',#9686,.F.);
#9689=CARTESIAN_POINT('',(-2.544E0,-1.98E0,-2.286E-1));
#9690=DIRECTION('',(0.E0,0.E0,1.E0));
#9691=DIRECTION('',(1.E0,0.E0,0.E0));
#9692=AXIS2_PLACEMENT_3D('',#9689,#9690,#9691);
#9693=CONICAL_SURFACE('',#9692,5.936E-1,4.5E1);
#9694=ORIENTED_EDGE('',*,*,#5327,.F.);
#9696=ORIENTED_EDGE('',*,*,#9695,.T.);
#9697=ORIENTED_EDGE('',*,*,#9679,.T.);
#9699=ORIENTED_EDGE('',*,*,#9698,.F.);
#9700=EDGE_LOOP('',(#9694,#9696,#9697,#9699));
#9701=FACE_OUTER_BOUND('',#9700,.F.);
#9703=CARTESIAN_POINT('',(-2.544E0,-1.98E0,-2.286E-1));
#9704=DIRECTION('',(0.E0,0.E0,1.E0));
#9705=DIRECTION('',(1.E0,0.E0,0.E0));
#9706=AXIS2_PLACEMENT_3D('',#9703,#9704,#9705);
#9707=CONICAL_SURFACE('',#9706,5.936E-1,4.5E1);
#9708=ORIENTED_EDGE('',*,*,#5329,.F.);
#9709=ORIENTED_EDGE('',*,*,#9698,.T.);
#9711=ORIENTED_EDGE('',*,*,#9710,.T.);
#9712=ORIENTED_EDGE('',*,*,#9695,.F.);
#9713=EDGE_LOOP('',(#9708,#9709,#9711,#9712));
#9714=FACE_OUTER_BOUND('',#9713,.F.);
#9716=CARTESIAN_POINT('',(-2.544E0,-1.98E0,0.E0));
#9717=DIRECTION('',(0.E0,0.E0,1.E0));
#9718=DIRECTION('',(1.E0,0.E0,0.E0));
#9719=AXIS2_PLACEMENT_3D('',#9716,#9717,#9718);
#9720=CYLINDRICAL_SURFACE('',#9719,3.65E-1);
#9721=ORIENTED_EDGE('',*,*,#9710,.F.);
#9722=ORIENTED_EDGE('',*,*,#9684,.T.);
#9723=ORIENTED_EDGE('',*,*,#9615,.T.);
#9724=ORIENTED_EDGE('',*,*,#9681,.F.);
#9725=EDGE_LOOP('',(#9721,#9722,#9723,#9724));
#9726=FACE_OUTER_BOUND('',#9725,.F.);
#9728=CARTESIAN_POINT('',(-4.834E0,1.98E0,-2.286E-1));
#9729=DIRECTION('',(0.E0,0.E0,1.E0));
#9730=DIRECTION('',(1.E0,0.E0,0.E0));
#9731=AXIS2_PLACEMENT_3D('',#9728,#9729,#9730);
#9732=CONICAL_SURFACE('',#9731,5.936E-1,4.5E1);
#9733=ORIENTED_EDGE('',*,*,#5333,.F.);
#9735=ORIENTED_EDGE('',*,*,#9734,.T.);
#9737=ORIENTED_EDGE('',*,*,#9736,.T.);
#9739=ORIENTED_EDGE('',*,*,#9738,.F.);
#9740=EDGE_LOOP('',(#9733,#9735,#9737,#9739));
#9741=FACE_OUTER_BOUND('',#9740,.F.);
#9743=CARTESIAN_POINT('',(-4.834E0,1.98E0,-2.286E-1));
#9744=DIRECTION('',(0.E0,0.E0,1.E0));
#9745=DIRECTION('',(1.E0,0.E0,0.E0));
#9746=AXIS2_PLACEMENT_3D('',#9743,#9744,#9745);
#9747=CONICAL_SURFACE('',#9746,5.936E-1,4.5E1);
#9748=ORIENTED_EDGE('',*,*,#5335,.F.);
#9749=ORIENTED_EDGE('',*,*,#9738,.T.);
#9751=ORIENTED_EDGE('',*,*,#9750,.T.);
#9752=ORIENTED_EDGE('',*,*,#9734,.F.);
#9753=EDGE_LOOP('',(#9748,#9749,#9751,#9752));
#9754=FACE_OUTER_BOUND('',#9753,.F.);
#9756=CARTESIAN_POINT('',(-4.834E0,1.98E0,0.E0));
#9757=DIRECTION('',(0.E0,0.E0,1.E0));
#9758=DIRECTION('',(1.E0,0.E0,0.E0));
#9759=AXIS2_PLACEMENT_3D('',#9756,#9757,#9758);
#9760=CYLINDRICAL_SURFACE('',#9759,3.65E-1);
#9761=ORIENTED_EDGE('',*,*,#9750,.F.);
#9763=ORIENTED_EDGE('',*,*,#9762,.T.);
#9765=ORIENTED_EDGE('',*,*,#9764,.T.);
#9767=ORIENTED_EDGE('',*,*,#9766,.F.);
#9768=EDGE_LOOP('',(#9761,#9763,#9765,#9767));
#9769=FACE_OUTER_BOUND('',#9768,.F.);
#9771=CARTESIAN_POINT('',(-4.834E0,1.98E0,0.E0));
#9772=DIRECTION('',(0.E0,0.E0,1.E0));
#9773=DIRECTION('',(1.E0,0.E0,0.E0));
#9774=AXIS2_PLACEMENT_3D('',#9771,#9772,#9773);
#9775=CYLINDRICAL_SURFACE('',#9774,3.65E-1);
#9776=ORIENTED_EDGE('',*,*,#9736,.F.);
#9777=ORIENTED_EDGE('',*,*,#9766,.T.);
#9779=ORIENTED_EDGE('',*,*,#9778,.T.);
#9780=ORIENTED_EDGE('',*,*,#9762,.F.);
#9781=EDGE_LOOP('',(#9776,#9777,#9779,#9780));
#9782=FACE_OUTER_BOUND('',#9781,.F.);
#9784=CARTESIAN_POINT('',(-9.16E0,0.E0,-1.E0));
#9785=DIRECTION('',(0.E0,0.E0,1.E0));
#9786=DIRECTION('',(1.E0,0.E0,0.E0));
#9787=AXIS2_PLACEMENT_3D('',#9784,#9785,#9786);
#9788=PLANE('',#9787);
#9789=ORIENTED_EDGE('',*,*,#9778,.F.);
#9790=ORIENTED_EDGE('',*,*,#9764,.F.);
#9791=EDGE_LOOP('',(#9789,#9790));
#9792=FACE_OUTER_BOUND('',#9791,.F.);
#9794=CARTESIAN_POINT('',(-9.16E0,0.E0,-1.E0));
#9795=DIRECTION('',(0.E0,0.E0,1.E0));
#9796=DIRECTION('',(1.E0,0.E0,0.E0));
#9797=AXIS2_PLACEMENT_3D('',#9794,#9795,#9796);
#9798=PLANE('',#9797);
#9800=ORIENTED_EDGE('',*,*,#9799,.F.);
#9802=ORIENTED_EDGE('',*,*,#9801,.F.);
#9803=EDGE_LOOP('',(#9800,#9802));
#9804=FACE_OUTER_BOUND('',#9803,.F.);
#9806=CARTESIAN_POINT('',(-9.16E0,0.E0,-1.E0));
#9807=DIRECTION('',(0.E0,0.E0,1.E0));
#9808=DIRECTION('',(1.E0,0.E0,0.E0));
#9809=AXIS2_PLACEMENT_3D('',#9806,#9807,#9808);
#9810=PLANE('',#9809);
#9812=ORIENTED_EDGE('',*,*,#9811,.F.);
#9814=ORIENTED_EDGE('',*,*,#9813,.F.);
#9815=EDGE_LOOP('',(#9812,#9814));
#9816=FACE_OUTER_BOUND('',#9815,.F.);
#9818=CARTESIAN_POINT('',(-3.844E0,0.E0,0.E0));
#9819=DIRECTION('',(0.E0,0.E0,1.E0));
#9820=DIRECTION('',(1.E0,0.E0,0.E0));
#9821=AXIS2_PLACEMENT_3D('',#9818,#9819,#9820);
#9822=CYLINDRICAL_SURFACE('',#9821,3.65E-1);
#9824=ORIENTED_EDGE('',*,*,#9823,.F.);
#9826=ORIENTED_EDGE('',*,*,#9825,.T.);
#9827=ORIENTED_EDGE('',*,*,#9799,.T.);
#9829=ORIENTED_EDGE('',*,*,#9828,.F.);
#9830=EDGE_LOOP('',(#9824,#9826,#9827,#9829));
#9831=FACE_OUTER_BOUND('',#9830,.F.);
#9833=CARTESIAN_POINT('',(-3.844E0,0.E0,-2.286E-1));
#9834=DIRECTION('',(0.E0,0.E0,1.E0));
#9835=DIRECTION('',(1.E0,0.E0,0.E0));
#9836=AXIS2_PLACEMENT_3D('',#9833,#9834,#9835);
#9837=CONICAL_SURFACE('',#9836,5.936E-1,4.5E1);
#9838=ORIENTED_EDGE('',*,*,#5339,.F.);
#9840=ORIENTED_EDGE('',*,*,#9839,.T.);
#9841=ORIENTED_EDGE('',*,*,#9823,.T.);
#9843=ORIENTED_EDGE('',*,*,#9842,.F.);
#9844=EDGE_LOOP('',(#9838,#9840,#9841,#9843));
#9845=FACE_OUTER_BOUND('',#9844,.F.);
#9847=CARTESIAN_POINT('',(-3.844E0,0.E0,-2.286E-1));
#9848=DIRECTION('',(0.E0,0.E0,1.E0));
#9849=DIRECTION('',(1.E0,0.E0,0.E0));
#9850=AXIS2_PLACEMENT_3D('',#9847,#9848,#9849);
#9851=CONICAL_SURFACE('',#9850,5.936E-1,4.5E1);
#9852=ORIENTED_EDGE('',*,*,#5341,.F.);
#9853=ORIENTED_EDGE('',*,*,#9842,.T.);
#9855=ORIENTED_EDGE('',*,*,#9854,.T.);
#9856=ORIENTED_EDGE('',*,*,#9839,.F.);
#9857=EDGE_LOOP('',(#9852,#9853,#9855,#9856));
#9858=FACE_OUTER_BOUND('',#9857,.F.);
#9860=CARTESIAN_POINT('',(-3.844E0,0.E0,0.E0));
#9861=DIRECTION('',(0.E0,0.E0,1.E0));
#9862=DIRECTION('',(1.E0,0.E0,0.E0));
#9863=AXIS2_PLACEMENT_3D('',#9860,#9861,#9862);
#9864=CYLINDRICAL_SURFACE('',#9863,3.65E-1);
#9865=ORIENTED_EDGE('',*,*,#9854,.F.);
#9866=ORIENTED_EDGE('',*,*,#9828,.T.);
#9867=ORIENTED_EDGE('',*,*,#9801,.T.);
#9868=ORIENTED_EDGE('',*,*,#9825,.F.);
#9869=EDGE_LOOP('',(#9865,#9866,#9867,#9868));
#9870=FACE_OUTER_BOUND('',#9869,.F.);
#9872=CARTESIAN_POINT('',(-4.834E0,-1.98E0,0.E0));
#9873=DIRECTION('',(0.E0,0.E0,1.E0));
#9874=DIRECTION('',(1.E0,0.E0,0.E0));
#9875=AXIS2_PLACEMENT_3D('',#9872,#9873,#9874);
#9876=CYLINDRICAL_SURFACE('',#9875,3.65E-1);
#9878=ORIENTED_EDGE('',*,*,#9877,.F.);
#9880=ORIENTED_EDGE('',*,*,#9879,.T.);
#9881=ORIENTED_EDGE('',*,*,#9811,.T.);
#9883=ORIENTED_EDGE('',*,*,#9882,.F.);
#9884=EDGE_LOOP('',(#9878,#9880,#9881,#9883));
#9885=FACE_OUTER_BOUND('',#9884,.F.);
#9887=CARTESIAN_POINT('',(-4.834E0,-1.98E0,-2.286E-1));
#9888=DIRECTION('',(0.E0,0.E0,1.E0));
#9889=DIRECTION('',(1.E0,0.E0,0.E0));
#9890=AXIS2_PLACEMENT_3D('',#9887,#9888,#9889);
#9891=CONICAL_SURFACE('',#9890,5.936E-1,4.5E1);
#9892=ORIENTED_EDGE('',*,*,#5345,.F.);
#9894=ORIENTED_EDGE('',*,*,#9893,.T.);
#9895=ORIENTED_EDGE('',*,*,#9877,.T.);
#9897=ORIENTED_EDGE('',*,*,#9896,.F.);
#9898=EDGE_LOOP('',(#9892,#9894,#9895,#9897));
#9899=FACE_OUTER_BOUND('',#9898,.F.);
#9901=CARTESIAN_POINT('',(-4.834E0,-1.98E0,-2.286E-1));
#9902=DIRECTION('',(0.E0,0.E0,1.E0));
#9903=DIRECTION('',(1.E0,0.E0,0.E0));
#9904=AXIS2_PLACEMENT_3D('',#9901,#9902,#9903);
#9905=CONICAL_SURFACE('',#9904,5.936E-1,4.5E1);
#9906=ORIENTED_EDGE('',*,*,#5347,.F.);
#9907=ORIENTED_EDGE('',*,*,#9896,.T.);
#9909=ORIENTED_EDGE('',*,*,#9908,.T.);
#9910=ORIENTED_EDGE('',*,*,#9893,.F.);
#9911=EDGE_LOOP('',(#9906,#9907,#9909,#9910));
#9912=FACE_OUTER_BOUND('',#9911,.F.);
#9914=CARTESIAN_POINT('',(-4.834E0,-1.98E0,0.E0));
#9915=DIRECTION('',(0.E0,0.E0,1.E0));
#9916=DIRECTION('',(1.E0,0.E0,0.E0));
#9917=AXIS2_PLACEMENT_3D('',#9914,#9915,#9916);
#9918=CYLINDRICAL_SURFACE('',#9917,3.65E-1);
#9919=ORIENTED_EDGE('',*,*,#9908,.F.);
#9920=ORIENTED_EDGE('',*,*,#9882,.T.);
#9921=ORIENTED_EDGE('',*,*,#9813,.T.);
#9922=ORIENTED_EDGE('',*,*,#9879,.F.);
#9923=EDGE_LOOP('',(#9919,#9920,#9921,#9922));
#9924=FACE_OUTER_BOUND('',#9923,.F.);
#9926=CARTESIAN_POINT('',(6.238125E0,2.4384E0,0.E0));
#9927=DIRECTION('',(1.E0,0.E0,0.E0));
#9928=DIRECTION('',(0.E0,1.E0,0.E0));
#9929=AXIS2_PLACEMENT_3D('',#9926,#9927,#9928);
#9930=PLANE('',#9929);
#9931=ORIENTED_EDGE('',*,*,#5351,.F.);
#9933=ORIENTED_EDGE('',*,*,#9932,.T.);
#9935=ORIENTED_EDGE('',*,*,#9934,.T.);
#9937=ORIENTED_EDGE('',*,*,#9936,.F.);
#9938=EDGE_LOOP('',(#9931,#9933,#9935,#9937));
#9939=FACE_OUTER_BOUND('',#9938,.F.);
#9941=CARTESIAN_POINT('',(6.1190625E0,2.4384E0,0.E0));
#9942=DIRECTION('',(0.E0,-1.E0,0.E0));
#9943=DIRECTION('',(1.E0,0.E0,0.E0));
#9944=AXIS2_PLACEMENT_3D('',#9941,#9942,#9943);
#9945=PLANE('',#9944);
#9946=ORIENTED_EDGE('',*,*,#5363,.F.);
#9948=ORIENTED_EDGE('',*,*,#9947,.T.);
#9950=ORIENTED_EDGE('',*,*,#9949,.T.);
#9951=ORIENTED_EDGE('',*,*,#9932,.F.);
#9952=EDGE_LOOP('',(#9946,#9948,#9950,#9951));
#9953=FACE_OUTER_BOUND('',#9952,.F.);
#9955=CARTESIAN_POINT('',(6.1190625E0,2.965314906502E0,0.E0));
#9956=DIRECTION('',(-1.E0,0.E0,0.E0));
#9957=DIRECTION('',(0.E0,-1.E0,0.E0));
#9958=AXIS2_PLACEMENT_3D('',#9955,#9956,#9957);
#9959=PLANE('',#9958);
#9960=ORIENTED_EDGE('',*,*,#5361,.F.);
#9962=ORIENTED_EDGE('',*,*,#9961,.T.);
#9964=ORIENTED_EDGE('',*,*,#9963,.T.);
#9965=ORIENTED_EDGE('',*,*,#9947,.F.);
#9966=EDGE_LOOP('',(#9960,#9962,#9964,#9965));
#9967=FACE_OUTER_BOUND('',#9966,.F.);
#9969=CARTESIAN_POINT('',(6.E0,2.870740411842E0,0.E0));
#9970=DIRECTION('',(6.219824133438E-1,-7.830312110581E-1,0.E0));
#9971=DIRECTION('',(7.830312110581E-1,6.219824133438E-1,0.E0));
#9972=AXIS2_PLACEMENT_3D('',#9969,#9970,#9971);
#9973=PLANE('',#9972);
#9974=ORIENTED_EDGE('',*,*,#5359,.F.);
#9976=ORIENTED_EDGE('',*,*,#9975,.T.);
#9978=ORIENTED_EDGE('',*,*,#9977,.T.);
#9979=ORIENTED_EDGE('',*,*,#9961,.F.);
#9980=EDGE_LOOP('',(#9974,#9976,#9978,#9979));
#9981=FACE_OUTER_BOUND('',#9980,.F.);
#9983=CARTESIAN_POINT('',(6.E0,2.978825543189E0,0.E0));
#9984=DIRECTION('',(-1.E0,0.E0,0.E0));
#9985=DIRECTION('',(0.E0,-1.E0,0.E0));
#9986=AXIS2_PLACEMENT_3D('',#9983,#9984,#9985);
#9987=PLANE('',#9986);
#9988=ORIENTED_EDGE('',*,*,#5357,.F.);
#9990=ORIENTED_EDGE('',*,*,#9989,.T.);
#9992=ORIENTED_EDGE('',*,*,#9991,.T.);
#9993=ORIENTED_EDGE('',*,*,#9975,.F.);
#9994=EDGE_LOOP('',(#9988,#9990,#9992,#9993));
#9995=FACE_OUTER_BOUND('',#9994,.F.);
#9997=CARTESIAN_POINT('',(6.1190625E0,3.0734E0,0.E0));
#9998=DIRECTION('',(-6.219822607221E-1,7.830313322894E-1,0.E0));
#9999=DIRECTION('',(-7.830313322894E-1,-6.219822607221E-1,0.E0));
#10000=AXIS2_PLACEMENT_3D('',#9997,#9998,#9999);
#10001=PLANE('',#10000);
#10002=ORIENTED_EDGE('',*,*,#5355,.F.);
#10004=ORIENTED_EDGE('',*,*,#10003,.T.);
#10006=ORIENTED_EDGE('',*,*,#10005,.T.);
#10007=ORIENTED_EDGE('',*,*,#9989,.F.);
#10008=EDGE_LOOP('',(#10002,#10004,#10006,#10007));
#10009=FACE_OUTER_BOUND('',#10008,.F.);
#10011=CARTESIAN_POINT('',(6.238125E0,3.0734E0,0.E0));
#10012=DIRECTION('',(0.E0,1.E0,0.E0));
#10013=DIRECTION('',(-1.E0,0.E0,0.E0));
#10014=AXIS2_PLACEMENT_3D('',#10011,#10012,#10013);
#10015=PLANE('',#10014);
#10016=ORIENTED_EDGE('',*,*,#5353,.F.);
#10017=ORIENTED_EDGE('',*,*,#9936,.T.);
#10019=ORIENTED_EDGE('',*,*,#10018,.T.);
#10020=ORIENTED_EDGE('',*,*,#10003,.F.);
#10021=EDGE_LOOP('',(#10016,#10017,#10019,#10020));
#10022=FACE_OUTER_BOUND('',#10021,.F.);
#10024=CARTESIAN_POINT('',(0.E0,0.E0,-1.143E-1));
#10025=DIRECTION('',(0.E0,0.E0,1.E0));
#10026=DIRECTION('',(1.E0,0.E0,0.E0));
#10027=AXIS2_PLACEMENT_3D('',#10024,#10025,#10026);
#10028=PLANE('',#10027);
#10029=ORIENTED_EDGE('',*,*,#9934,.F.);
#10030=ORIENTED_EDGE('',*,*,#9949,.F.);
#10031=ORIENTED_EDGE('',*,*,#9963,.F.);
#10032=ORIENTED_EDGE('',*,*,#9977,.F.);
#10033=ORIENTED_EDGE('',*,*,#9991,.F.);
#10034=ORIENTED_EDGE('',*,*,#10005,.F.);
#10035=ORIENTED_EDGE('',*,*,#10018,.F.);
#10036=EDGE_LOOP('',(#10029,#10030,#10031,#10032,#10033,#10034,#10035));
#10037=FACE_OUTER_BOUND('',#10036,.F.);
#10039=CARTESIAN_POINT('',(0.E0,0.E0,-1.143E-1));
#10040=DIRECTION('',(0.E0,0.E0,1.E0));
#10041=DIRECTION('',(1.E0,0.E0,0.E0));
#10042=AXIS2_PLACEMENT_3D('',#10039,#10040,#10041);
#10043=PLANE('',#10042);
#10045=ORIENTED_EDGE('',*,*,#10044,.F.);
#10047=ORIENTED_EDGE('',*,*,#10046,.F.);
#10049=ORIENTED_EDGE('',*,*,#10048,.F.);
#10051=ORIENTED_EDGE('',*,*,#10050,.F.);
#10053=ORIENTED_EDGE('',*,*,#10052,.F.);
#10055=ORIENTED_EDGE('',*,*,#10054,.F.);
#10057=ORIENTED_EDGE('',*,*,#10056,.F.);
#10059=ORIENTED_EDGE('',*,*,#10058,.F.);
#10061=ORIENTED_EDGE('',*,*,#10060,.F.);
#10063=ORIENTED_EDGE('',*,*,#10062,.F.);
#10065=ORIENTED_EDGE('',*,*,#10064,.F.);
#10067=ORIENTED_EDGE('',*,*,#10066,.F.);
#10069=ORIENTED_EDGE('',*,*,#10068,.F.);
#10071=ORIENTED_EDGE('',*,*,#10070,.F.);
#10073=ORIENTED_EDGE('',*,*,#10072,.F.);
#10075=ORIENTED_EDGE('',*,*,#10074,.F.);
#10077=ORIENTED_EDGE('',*,*,#10076,.F.);
#10079=ORIENTED_EDGE('',*,*,#10078,.F.);
#10081=ORIENTED_EDGE('',*,*,#10080,.F.);
#10083=ORIENTED_EDGE('',*,*,#10082,.F.);
#10085=ORIENTED_EDGE('',*,*,#10084,.F.);
#10087=ORIENTED_EDGE('',*,*,#10086,.F.);
#10089=ORIENTED_EDGE('',*,*,#10088,.F.);
#10091=ORIENTED_EDGE('',*,*,#10090,.F.);
#10093=ORIENTED_EDGE('',*,*,#10092,.F.);
#10095=ORIENTED_EDGE('',*,*,#10094,.F.);
#10097=ORIENTED_EDGE('',*,*,#10096,.F.);
#10099=ORIENTED_EDGE('',*,*,#10098,.F.);
#10101=ORIENTED_EDGE('',*,*,#10100,.F.);
#10103=ORIENTED_EDGE('',*,*,#10102,.F.);
#10105=ORIENTED_EDGE('',*,*,#10104,.F.);
#10107=ORIENTED_EDGE('',*,*,#10106,.F.);
#10109=ORIENTED_EDGE('',*,*,#10108,.F.);
#10111=ORIENTED_EDGE('',*,*,#10110,.F.);
#10113=ORIENTED_EDGE('',*,*,#10112,.F.);
#10115=ORIENTED_EDGE('',*,*,#10114,.F.);
#10117=ORIENTED_EDGE('',*,*,#10116,.F.);
#10119=ORIENTED_EDGE('',*,*,#10118,.F.);
#10121=ORIENTED_EDGE('',*,*,#10120,.F.);
#10123=ORIENTED_EDGE('',*,*,#10122,.F.);
#10124=EDGE_LOOP('',(#10045,#10047,#10049,#10051,#10053,#10055,#10057,#10059,
#10061,#10063,#10065,#10067,#10069,#10071,#10073,#10075,#10077,#10079,#10081,
#10083,#10085,#10087,#10089,#10091,#10093,#10095,#10097,#10099,#10101,#10103,
#10105,#10107,#10109,#10111,#10113,#10115,#10117,#10119,#10121,#10123));
#10125=FACE_OUTER_BOUND('',#10124,.F.);
#10127=ORIENTED_EDGE('',*,*,#10126,.F.);
#10129=ORIENTED_EDGE('',*,*,#10128,.F.);
#10131=ORIENTED_EDGE('',*,*,#10130,.F.);
#10133=ORIENTED_EDGE('',*,*,#10132,.F.);
#10135=ORIENTED_EDGE('',*,*,#10134,.F.);
#10137=ORIENTED_EDGE('',*,*,#10136,.F.);
#10139=ORIENTED_EDGE('',*,*,#10138,.F.);
#10141=ORIENTED_EDGE('',*,*,#10140,.F.);
#10143=ORIENTED_EDGE('',*,*,#10142,.F.);
#10145=ORIENTED_EDGE('',*,*,#10144,.F.);
#10147=ORIENTED_EDGE('',*,*,#10146,.F.);
#10149=ORIENTED_EDGE('',*,*,#10148,.F.);
#10151=ORIENTED_EDGE('',*,*,#10150,.F.);
#10153=ORIENTED_EDGE('',*,*,#10152,.F.);
#10155=ORIENTED_EDGE('',*,*,#10154,.F.);
#10157=ORIENTED_EDGE('',*,*,#10156,.F.);
#10159=ORIENTED_EDGE('',*,*,#10158,.F.);
#10161=ORIENTED_EDGE('',*,*,#10160,.F.);
#10163=ORIENTED_EDGE('',*,*,#10162,.F.);
#10165=ORIENTED_EDGE('',*,*,#10164,.F.);
#10166=EDGE_LOOP('',(#10127,#10129,#10131,#10133,#10135,#10137,#10139,#10141,
#10143,#10145,#10147,#10149,#10151,#10153,#10155,#10157,#10159,#10161,#10163,
#10165));
#10167=FACE_BOUND('',#10166,.F.);
#10169=CARTESIAN_POINT('',(0.E0,0.E0,-1.143E-1));
#10170=DIRECTION('',(0.E0,0.E0,1.E0));
#10171=DIRECTION('',(1.E0,0.E0,0.E0));
#10172=AXIS2_PLACEMENT_3D('',#10169,#10170,#10171);
#10173=PLANE('',#10172);
#10175=ORIENTED_EDGE('',*,*,#10174,.F.);
#10177=ORIENTED_EDGE('',*,*,#10176,.F.);
#10179=ORIENTED_EDGE('',*,*,#10178,.F.);
#10181=ORIENTED_EDGE('',*,*,#10180,.F.);
#10183=ORIENTED_EDGE('',*,*,#10182,.F.);
#10185=ORIENTED_EDGE('',*,*,#10184,.F.);
#10187=ORIENTED_EDGE('',*,*,#10186,.F.);
#10188=EDGE_LOOP('',(#10175,#10177,#10179,#10181,#10183,#10185,#10187));
#10189=FACE_OUTER_BOUND('',#10188,.F.);
#10191=CARTESIAN_POINT('',(0.E0,0.E0,-1.143E-1));
#10192=DIRECTION('',(0.E0,0.E0,1.E0));
#10193=DIRECTION('',(1.E0,0.E0,0.E0));
#10194=AXIS2_PLACEMENT_3D('',#10191,#10192,#10193);
#10195=PLANE('',#10194);
#10197=ORIENTED_EDGE('',*,*,#10196,.F.);
#10199=ORIENTED_EDGE('',*,*,#10198,.F.);
#10201=ORIENTED_EDGE('',*,*,#10200,.F.);
#10203=ORIENTED_EDGE('',*,*,#10202,.F.);
#10205=ORIENTED_EDGE('',*,*,#10204,.F.);
#10207=ORIENTED_EDGE('',*,*,#10206,.F.);
#10209=ORIENTED_EDGE('',*,*,#10208,.F.);
#10210=EDGE_LOOP('',(#10197,#10199,#10201,#10203,#10205,#10207,#10209));
#10211=FACE_OUTER_BOUND('',#10210,.F.);
#10213=CARTESIAN_POINT('',(6.818428105336E0,6.107446816564E-1,0.E0));
#10214=DIRECTION('',(8.218499938569E-1,5.697039473247E-1,0.E0));
#10215=DIRECTION('',(-5.697039473247E-1,8.218499938569E-1,0.E0));
#10216=AXIS2_PLACEMENT_3D('',#10213,#10214,#10215);
#10217=PLANE('',#10216);
#10218=ORIENTED_EDGE('',*,*,#5435,.F.);
#10220=ORIENTED_EDGE('',*,*,#10219,.T.);
#10221=ORIENTED_EDGE('',*,*,#10044,.T.);
#10223=ORIENTED_EDGE('',*,*,#10222,.F.);
#10224=EDGE_LOOP('',(#10218,#10220,#10221,#10223));
#10225=FACE_OUTER_BOUND('',#10224,.F.);
#10227=CARTESIAN_POINT('',(6.837159179813E0,5.431914982200E-1,0.E0));
#10228=DIRECTION('',(9.636417715476E-1,2.671975601097E-1,0.E0));
#10229=DIRECTION('',(-2.671975601097E-1,9.636417715476E-1,0.E0));
#10230=AXIS2_PLACEMENT_3D('',#10227,#10228,#10229);
#10231=PLANE('',#10230);
#10232=ORIENTED_EDGE('',*,*,#5433,.F.);
#10234=ORIENTED_EDGE('',*,*,#10233,.T.);
#10235=ORIENTED_EDGE('',*,*,#10046,.T.);
#10236=ORIENTED_EDGE('',*,*,#10219,.F.);
#10237=EDGE_LOOP('',(#10232,#10234,#10235,#10236));
#10238=FACE_OUTER_BOUND('',#10237,.F.);
#10240=CARTESIAN_POINT('',(6.837159179813E0,4.756382958591E-1,0.E0));
#10241=DIRECTION('',(1.E0,0.E0,0.E0));
#10242=DIRECTION('',(0.E0,1.E0,0.E0));
#10243=AXIS2_PLACEMENT_3D('',#10240,#10241,#10242);
#10244=PLANE('',#10243);
#10245=ORIENTED_EDGE('',*,*,#5431,.F.);
#10247=ORIENTED_EDGE('',*,*,#10246,.T.);
#10248=ORIENTED_EDGE('',*,*,#10048,.T.);
#10249=ORIENTED_EDGE('',*,*,#10233,.F.);
#10250=EDGE_LOOP('',(#10245,#10247,#10248,#10249));
#10251=FACE_OUTER_BOUND('',#10250,.F.);
#10253=CARTESIAN_POINT('',(6.818428105336E0,4.080851029605E-1,0.E0));
#10254=DIRECTION('',(9.636417811843E-1,-2.671975253551E-1,0.E0));
#10255=DIRECTION('',(2.671975253551E-1,9.636417811843E-1,0.E0));
#10256=AXIS2_PLACEMENT_3D('',#10253,#10254,#10255);
#10257=PLANE('',#10256);
#10258=ORIENTED_EDGE('',*,*,#5429,.F.);
#10260=ORIENTED_EDGE('',*,*,#10259,.T.);
#10261=ORIENTED_EDGE('',*,*,#10050,.T.);
#10262=ORIENTED_EDGE('',*,*,#10246,.F.);
#10263=EDGE_LOOP('',(#10258,#10260,#10261,#10262));
#10264=FACE_OUTER_BOUND('',#10263,.F.);
#10266=CARTESIAN_POINT('',(6.790331507018E0,3.540425514802E-1,0.E0));
#10267=DIRECTION('',(8.872539500413E-1,-4.612812896012E-1,0.E0));
#10268=DIRECTION('',(4.612812896012E-1,8.872539500413E-1,0.E0));
#10269=AXIS2_PLACEMENT_3D('',#10266,#10267,#10268);
#10270=PLANE('',#10269);
#10271=ORIENTED_EDGE('',*,*,#5427,.F.);
#10273=ORIENTED_EDGE('',*,*,#10272,.T.);
#10274=ORIENTED_EDGE('',*,*,#10052,.T.);
#10275=ORIENTED_EDGE('',*,*,#10259,.F.);
#10276=EDGE_LOOP('',(#10271,#10273,#10274,#10275));
#10277=FACE_OUTER_BOUND('',#10276,.F.);
#10279=CARTESIAN_POINT('',(6.743503861019E0,3.135106378701E-1,0.E0));
#10280=DIRECTION('',(6.544505011175E-1,-7.561048482764E-1,0.E0));
#10281=DIRECTION('',(7.561048482764E-1,6.544505011175E-1,0.E0));
#10282=AXIS2_PLACEMENT_3D('',#10279,#10280,#10281);
#10283=PLANE('',#10282);
#10284=ORIENTED_EDGE('',*,*,#5425,.F.);
#10286=ORIENTED_EDGE('',*,*,#10285,.T.);
#10287=ORIENTED_EDGE('',*,*,#10054,.T.);
#10288=ORIENTED_EDGE('',*,*,#10272,.F.);
#10289=EDGE_LOOP('',(#10284,#10286,#10287,#10288));
#10290=FACE_OUTER_BOUND('',#10289,.F.);
#10292=CARTESIAN_POINT('',(6.696676188224E0,3.E-1,0.E0));
#10293=DIRECTION('',(2.772109477808E-1,-9.608090811553E-1,0.E0));
#10294=DIRECTION('',(9.608090811553E-1,2.772109477808E-1,0.E0));
#10295=AXIS2_PLACEMENT_3D('',#10292,#10293,#10294);
#10296=PLANE('',#10295);
#10297=ORIENTED_EDGE('',*,*,#5423,.F.);
#10299=ORIENTED_EDGE('',*,*,#10298,.T.);
#10300=ORIENTED_EDGE('',*,*,#10056,.T.);
#10301=ORIENTED_EDGE('',*,*,#10285,.F.);
#10302=EDGE_LOOP('',(#10297,#10299,#10300,#10301));
#10303=FACE_OUTER_BOUND('',#10302,.F.);
#10305=CARTESIAN_POINT('',(6.649848528827E0,3.E-1,0.E0));
#10306=DIRECTION('',(0.E0,-1.E0,0.E0));
#10307=DIRECTION('',(1.E0,0.E0,0.E0));
#10308=AXIS2_PLACEMENT_3D('',#10305,#10306,#10307);
#10309=PLANE('',#10308);
#10310=ORIENTED_EDGE('',*,*,#5421,.F.);
#10312=ORIENTED_EDGE('',*,*,#10311,.T.);
#10313=ORIENTED_EDGE('',*,*,#10058,.T.);
#10314=ORIENTED_EDGE('',*,*,#10298,.F.);
#10315=EDGE_LOOP('',(#10310,#10312,#10313,#10314));
#10316=FACE_OUTER_BOUND('',#10315,.F.);
#10318=CARTESIAN_POINT('',(6.603020862731E0,3.135106378701E-1,0.E0));
#10319=DIRECTION('',(-2.772109843888E-1,-9.608090705932E-1,0.E0));
#10320=DIRECTION('',(9.608090705932E-1,-2.772109843888E-1,0.E0));
#10321=AXIS2_PLACEMENT_3D('',#10318,#10319,#10320);
#10322=PLANE('',#10321);
#10323=ORIENTED_EDGE('',*,*,#5419,.F.);
#10325=ORIENTED_EDGE('',*,*,#10324,.T.);
#10326=ORIENTED_EDGE('',*,*,#10060,.T.);
#10327=ORIENTED_EDGE('',*,*,#10311,.F.);
#10328=EDGE_LOOP('',(#10323,#10325,#10326,#10327));
#10329=FACE_OUTER_BOUND('',#10328,.F.);
#10331=CARTESIAN_POINT('',(6.556193196635E0,3.540425514802E-1,0.E0));
#10332=DIRECTION('',(-6.544503405515E-1,-7.561049872551E-1,0.E0));
#10333=DIRECTION('',(7.561049872551E-1,-6.544503405515E-1,0.E0));
#10334=AXIS2_PLACEMENT_3D('',#10331,#10332,#10333);
#10335=PLANE('',#10334);
#10336=ORIENTED_EDGE('',*,*,#5417,.F.);
#10338=ORIENTED_EDGE('',*,*,#10337,.T.);
#10339=ORIENTED_EDGE('',*,*,#10062,.T.);
#10340=ORIENTED_EDGE('',*,*,#10324,.F.);
#10341=EDGE_LOOP('',(#10336,#10338,#10339,#10340));
#10342=FACE_OUTER_BOUND('',#10341,.F.);
#10344=CARTESIAN_POINT('',(6.528096598318E0,4.080851029605E-1,0.E0));
#10345=DIRECTION('',(-8.872539500413E-1,-4.612812896012E-1,0.E0));
#10346=DIRECTION('',(4.612812896012E-1,-8.872539500413E-1,0.E0));
#10347=AXIS2_PLACEMENT_3D('',#10344,#10345,#10346);
#10348=PLANE('',#10347);
#10349=ORIENTED_EDGE('',*,*,#5415,.F.);
#10351=ORIENTED_EDGE('',*,*,#10350,.T.);
#10352=ORIENTED_EDGE('',*,*,#10064,.T.);
#10353=ORIENTED_EDGE('',*,*,#10337,.F.);
#10354=EDGE_LOOP('',(#10349,#10351,#10352,#10353));
#10355=FACE_OUTER_BOUND('',#10354,.F.);
#10357=CARTESIAN_POINT('',(6.509365533052E0,4.756382958591E-1,0.E0));
#10358=DIRECTION('',(-9.636418150153E-1,-2.671974033445E-1,0.E0));
#10359=DIRECTION('',(2.671974033445E-1,-9.636418150153E-1,0.E0));
#10360=AXIS2_PLACEMENT_3D('',#10357,#10358,#10359);
#10361=PLANE('',#10360);
#10362=ORIENTED_EDGE('',*,*,#5413,.F.);
#10364=ORIENTED_EDGE('',*,*,#10363,.T.);
#10365=ORIENTED_EDGE('',*,*,#10066,.T.);
#10366=ORIENTED_EDGE('',*,*,#10350,.F.);
#10367=EDGE_LOOP('',(#10362,#10364,#10365,#10366));
#10368=FACE_OUTER_BOUND('',#10367,.F.);
#10370=CARTESIAN_POINT('',(6.5E0,5.702127715945E-1,0.E0));
#10371=DIRECTION('',(-9.951324862759E-1,-9.854610473451E-2,0.E0));
#10372=DIRECTION('',(9.854610473451E-2,-9.951324862759E-1,0.E0));
#10373=AXIS2_PLACEMENT_3D('',#10370,#10371,#10372);
#10374=PLANE('',#10373);
#10375=ORIENTED_EDGE('',*,*,#5411,.F.);
#10377=ORIENTED_EDGE('',*,*,#10376,.T.);
#10378=ORIENTED_EDGE('',*,*,#10068,.T.);
#10379=ORIENTED_EDGE('',*,*,#10363,.F.);
#10380=EDGE_LOOP('',(#10375,#10377,#10378,#10379));
#10381=FACE_OUTER_BOUND('',#10380,.F.);
#10383=CARTESIAN_POINT('',(6.5E0,6.647872284055E-1,0.E0));
#10384=DIRECTION('',(-1.E0,0.E0,0.E0));
#10385=DIRECTION('',(0.E0,-1.E0,0.E0));
#10386=AXIS2_PLACEMENT_3D('',#10383,#10384,#10385);
#10387=PLANE('',#10386);
#10388=ORIENTED_EDGE('',*,*,#5409,.F.);
#10390=ORIENTED_EDGE('',*,*,#10389,.T.);
#10391=ORIENTED_EDGE('',*,*,#10070,.T.);
#10392=ORIENTED_EDGE('',*,*,#10376,.F.);
#10393=EDGE_LOOP('',(#10388,#10390,#10391,#10392));
#10394=FACE_OUTER_BOUND('',#10393,.F.);
#10396=CARTESIAN_POINT('',(6.509365533052E0,7.593616852164E-1,0.E0));
#10397=DIRECTION('',(-9.951324843421E-1,9.854612426221E-2,0.E0));
#10398=DIRECTION('',(-9.854612426221E-2,-9.951324843421E-1,0.E0));
#10399=AXIS2_PLACEMENT_3D('',#10396,#10397,#10398);
#10400=PLANE('',#10399);
#10401=ORIENTED_EDGE('',*,*,#5407,.F.);
#10403=ORIENTED_EDGE('',*,*,#10402,.T.);
#10404=ORIENTED_EDGE('',*,*,#10072,.T.);
#10405=ORIENTED_EDGE('',*,*,#10389,.F.);
#10406=EDGE_LOOP('',(#10401,#10403,#10404,#10405));
#10407=FACE_OUTER_BOUND('',#10406,.F.);
#10409=CARTESIAN_POINT('',(6.528096598318E0,8.269149065018E-1,0.E0));
#10410=DIRECTION('',(-9.636418439254E-1,2.671972990809E-1,0.E0));
#10411=DIRECTION('',(-2.671972990809E-1,-9.636418439254E-1,0.E0));
#10412=AXIS2_PLACEMENT_3D('',#10409,#10410,#10411);
#10413=PLANE('',#10412);
#10414=ORIENTED_EDGE('',*,*,#5405,.F.);
#10416=ORIENTED_EDGE('',*,*,#10415,.T.);
#10417=ORIENTED_EDGE('',*,*,#10074,.T.);
#10418=ORIENTED_EDGE('',*,*,#10402,.F.);
#10419=EDGE_LOOP('',(#10414,#10416,#10417,#10418));
#10420=FACE_OUTER_BOUND('',#10419,.F.);
#10422=CARTESIAN_POINT('',(6.556193196635E0,8.809574532509E-1,0.E0));
#10423=DIRECTION('',(-8.872539335137E-1,4.612813213912E-1,0.E0));
#10424=DIRECTION('',(-4.612813213912E-1,-8.872539335137E-1,0.E0));
#10425=AXIS2_PLACEMENT_3D('',#10422,#10423,#10424);
#10426=PLANE('',#10425);
#10427=ORIENTED_EDGE('',*,*,#5403,.F.);
#10429=ORIENTED_EDGE('',*,*,#10428,.T.);
#10430=ORIENTED_EDGE('',*,*,#10076,.T.);
#10431=ORIENTED_EDGE('',*,*,#10415,.F.);
#10432=EDGE_LOOP('',(#10427,#10429,#10430,#10431));
#10433=FACE_OUTER_BOUND('',#10432,.F.);
#10435=CARTESIAN_POINT('',(6.603020862731E0,9.214893633127E-1,0.E0));
#10436=DIRECTION('',(-6.544503077972E-1,7.561050156058E-1,0.E0));
#10437=DIRECTION('',(-7.561050156058E-1,-6.544503077972E-1,0.E0));
#10438=AXIS2_PLACEMENT_3D('',#10435,#10436,#10437);
#10439=PLANE('',#10438);
#10440=ORIENTED_EDGE('',*,*,#5401,.F.);
#10442=ORIENTED_EDGE('',*,*,#10441,.T.);
#10443=ORIENTED_EDGE('',*,*,#10078,.T.);
#10444=ORIENTED_EDGE('',*,*,#10428,.F.);
#10445=EDGE_LOOP('',(#10440,#10442,#10443,#10444));
#10446=FACE_OUTER_BOUND('',#10445,.F.);
#10448=CARTESIAN_POINT('',(6.649848528827E0,9.35E-1,0.E0));
#10449=DIRECTION('',(-2.772109619854E-1,9.608090770570E-1,0.E0));
#10450=DIRECTION('',(-9.608090770570E-1,-2.772109619854E-1,0.E0));
#10451=AXIS2_PLACEMENT_3D('',#10448,#10449,#10450);
#10452=PLANE('',#10451);
#10453=ORIENTED_EDGE('',*,*,#5399,.F.);
#10455=ORIENTED_EDGE('',*,*,#10454,.T.);
#10456=ORIENTED_EDGE('',*,*,#10080,.T.);
#10457=ORIENTED_EDGE('',*,*,#10441,.F.);
#10458=EDGE_LOOP('',(#10453,#10455,#10456,#10457));
#10459=FACE_OUTER_BOUND('',#10458,.F.);
#10461=CARTESIAN_POINT('',(6.687310650986E0,9.35E-1,0.E0));
#10462=DIRECTION('',(0.E0,1.E0,0.E0));
#10463=DIRECTION('',(-1.E0,0.E0,0.E0));
#10464=AXIS2_PLACEMENT_3D('',#10461,#10462,#10463);
#10465=PLANE('',#10464);
#10466=ORIENTED_EDGE('',*,*,#5397,.F.);
#10468=ORIENTED_EDGE('',*,*,#10467,.T.);
#10469=ORIENTED_EDGE('',*,*,#10082,.T.);
#10470=ORIENTED_EDGE('',*,*,#10454,.F.);
#10471=EDGE_LOOP('',(#10466,#10468,#10469,#10470));
#10472=FACE_OUTER_BOUND('',#10471,.F.);
#10474=CARTESIAN_POINT('',(6.734138310383E0,9.214893633127E-1,0.E0));
#10475=DIRECTION('',(2.772109985934E-1,9.608090664949E-1,0.E0));
#10476=DIRECTION('',(-9.608090664949E-1,2.772109985934E-1,0.E0));
#10477=AXIS2_PLACEMENT_3D('',#10474,#10475,#10476);
#10478=PLANE('',#10477);
#10479=ORIENTED_EDGE('',*,*,#5395,.F.);
#10481=ORIENTED_EDGE('',*,*,#10480,.T.);
#10482=ORIENTED_EDGE('',*,*,#10084,.T.);
#10483=ORIENTED_EDGE('',*,*,#10467,.F.);
#10484=EDGE_LOOP('',(#10479,#10481,#10482,#10483));
#10485=FACE_OUTER_BOUND('',#10484,.F.);
#10487=CARTESIAN_POINT('',(6.780965983177E0,8.809574532509E-1,0.E0));
#10488=DIRECTION('',(6.544502542752E-1,7.561050619320E-1,0.E0));
#10489=DIRECTION('',(-7.561050619320E-1,6.544502542752E-1,0.E0));
#10490=AXIS2_PLACEMENT_3D('',#10487,#10488,#10489);
#10491=PLANE('',#10490);
#10492=ORIENTED_EDGE('',*,*,#5393,.F.);
#10494=ORIENTED_EDGE('',*,*,#10493,.T.);
#10495=ORIENTED_EDGE('',*,*,#10086,.T.);
#10496=ORIENTED_EDGE('',*,*,#10480,.F.);
#10497=EDGE_LOOP('',(#10492,#10494,#10495,#10496));
#10498=FACE_OUTER_BOUND('',#10497,.F.);
#10500=CARTESIAN_POINT('',(6.809062581495E0,8.269149065018E-1,0.E0));
#10501=DIRECTION('',(8.872539335138E-1,4.612813213912E-1,0.E0));
#10502=DIRECTION('',(-4.612813213912E-1,8.872539335138E-1,0.E0));
#10503=AXIS2_PLACEMENT_3D('',#10500,#10501,#10502);
#10504=PLANE('',#10503);
#10505=ORIENTED_EDGE('',*,*,#5391,.F.);
#10507=ORIENTED_EDGE('',*,*,#10506,.T.);
#10508=ORIENTED_EDGE('',*,*,#10088,.T.);
#10509=ORIENTED_EDGE('',*,*,#10493,.F.);
#10510=EDGE_LOOP('',(#10505,#10507,#10508,#10509));
#10511=FACE_OUTER_BOUND('',#10510,.F.);
#10513=CARTESIAN_POINT('',(6.818428105336E0,7.863829964399E-1,0.E0));
#10514=DIRECTION('',(9.743279224042E-1,2.251335151051E-1,0.E0));
#10515=DIRECTION('',(-2.251335151051E-1,9.743279224042E-1,0.E0));
#10516=AXIS2_PLACEMENT_3D('',#10513,#10514,#10515);
#10517=PLANE('',#10516);
#10518=ORIENTED_EDGE('',*,*,#5389,.F.);
#10520=ORIENTED_EDGE('',*,*,#10519,.T.);
#10521=ORIENTED_EDGE('',*,*,#10090,.T.);
#10522=ORIENTED_EDGE('',*,*,#10506,.F.);
#10523=EDGE_LOOP('',(#10518,#10520,#10521,#10522));
#10524=FACE_OUTER_BOUND('',#10523,.F.);
#10526=CARTESIAN_POINT('',(6.771600459337E0,7.863829964399E-1,0.E0));
#10527=DIRECTION('',(0.E0,-1.E0,0.E0));
#10528=DIRECTION('',(1.E0,0.E0,0.E0));
#10529=AXIS2_PLACEMENT_3D('',#10526,#10527,#10528);
#10530=PLANE('',#10529);
#10531=ORIENTED_EDGE('',*,*,#5387,.F.);
#10533=ORIENTED_EDGE('',*,*,#10532,.T.);
#10534=ORIENTED_EDGE('',*,*,#10092,.T.);
#10535=ORIENTED_EDGE('',*,*,#10519,.F.);
#10536=EDGE_LOOP('',(#10531,#10533,#10534,#10535));
#10537=FACE_OUTER_BOUND('',#10536,.F.);
#10539=CARTESIAN_POINT('',(6.752869384860E0,8.269149065018E-1,0.E0));
#10540=DIRECTION('',(-9.077544290269E-1,-4.195019625484E-1,0.E0));
#10541=DIRECTION('',(4.195019625484E-1,-9.077544290269E-1,0.E0));
#10542=AXIS2_PLACEMENT_3D('',#10539,#10540,#10541);
#10543=PLANE('',#10542);
#10544=ORIENTED_EDGE('',*,*,#5385,.F.);
#10546=ORIENTED_EDGE('',*,*,#10545,.T.);
#10547=ORIENTED_EDGE('',*,*,#10094,.T.);
#10548=ORIENTED_EDGE('',*,*,#10532,.F.);
#10549=EDGE_LOOP('',(#10544,#10546,#10547,#10548));
#10550=FACE_OUTER_BOUND('',#10549,.F.);
#10552=CARTESIAN_POINT('',(6.724772786542E0,8.539361798763E-1,0.E0));
#10553=DIRECTION('',(-6.931795378467E-1,-7.207649605180E-1,0.E0));
#10554=DIRECTION('',(7.207649605180E-1,-6.931795378467E-1,0.E0));
#10555=AXIS2_PLACEMENT_3D('',#10552,#10553,#10554);
#10556=PLANE('',#10555);
#10557=ORIENTED_EDGE('',*,*,#5383,.F.);
#10559=ORIENTED_EDGE('',*,*,#10558,.T.);
#10560=ORIENTED_EDGE('',*,*,#10096,.T.);
#10561=ORIENTED_EDGE('',*,*,#10545,.F.);
#10562=EDGE_LOOP('',(#10557,#10559,#10560,#10561));
#10563=FACE_OUTER_BOUND('',#10562,.F.);
#10565=CARTESIAN_POINT('',(6.696676188224E0,8.674468165636E-1,0.E0));
#10566=DIRECTION('',(-4.333636511776E-1,-9.012191441808E-1,0.E0));
#10567=DIRECTION('',(9.012191441808E-1,-4.333636511776E-1,0.E0));
#10568=AXIS2_PLACEMENT_3D('',#10565,#10566,#10567);
#10569=PLANE('',#10568);
#10570=ORIENTED_EDGE('',*,*,#5381,.F.);
#10572=ORIENTED_EDGE('',*,*,#10571,.T.);
#10573=ORIENTED_EDGE('',*,*,#10098,.T.);
#10574=ORIENTED_EDGE('',*,*,#10558,.F.);
#10575=EDGE_LOOP('',(#10570,#10572,#10573,#10574));
#10576=FACE_OUTER_BOUND('',#10575,.F.);
#10578=CARTESIAN_POINT('',(6.640482991589E0,8.674468165636E-1,0.E0));
#10579=DIRECTION('',(0.E0,-1.E0,0.E0));
#10580=DIRECTION('',(1.E0,0.E0,0.E0));
#10581=AXIS2_PLACEMENT_3D('',#10578,#10579,#10580);
#10582=PLANE('',#10581);
#10583=ORIENTED_EDGE('',*,*,#5379,.F.);
#10585=ORIENTED_EDGE('',*,*,#10584,.T.);
#10586=ORIENTED_EDGE('',*,*,#10100,.T.);
#10587=ORIENTED_EDGE('',*,*,#10571,.F.);
#10588=EDGE_LOOP('',(#10583,#10585,#10586,#10587));
#10589=FACE_OUTER_BOUND('',#10588,.F.);
#10591=CARTESIAN_POINT('',(6.612386393271E0,8.539361798763E-1,0.E0));
#10592=DIRECTION('',(4.333636511776E-1,-9.012191441808E-1,0.E0));
#10593=DIRECTION('',(9.012191441808E-1,4.333636511776E-1,0.E0));
#10594=AXIS2_PLACEMENT_3D('',#10591,#10592,#10593);
#10595=PLANE('',#10594);
#10596=ORIENTED_EDGE('',*,*,#5377,.F.);
#10598=ORIENTED_EDGE('',*,*,#10597,.T.);
#10599=ORIENTED_EDGE('',*,*,#10102,.T.);
#10600=ORIENTED_EDGE('',*,*,#10584,.F.);
#10601=EDGE_LOOP('',(#10596,#10598,#10599,#10600));
#10602=FACE_OUTER_BOUND('',#10601,.F.);
#10604=CARTESIAN_POINT('',(6.584289794953E0,8.269149065018E-1,0.E0));
#10605=DIRECTION('',(6.931795378467E-1,-7.207649605180E-1,0.E0));
#10606=DIRECTION('',(7.207649605180E-1,6.931795378467E-1,0.E0));
#10607=AXIS2_PLACEMENT_3D('',#10604,#10605,#10606);
#10608=PLANE('',#10607);
#10609=ORIENTED_EDGE('',*,*,#5375,.F.);
#10611=ORIENTED_EDGE('',*,*,#10610,.T.);
#10612=ORIENTED_EDGE('',*,*,#10104,.T.);
#10613=ORIENTED_EDGE('',*,*,#10597,.F.);
#10614=EDGE_LOOP('',(#10609,#10611,#10612,#10613));
#10615=FACE_OUTER_BOUND('',#10614,.F.);
#10617=CARTESIAN_POINT('',(6.565558727175E0,7.863829964399E-1,0.E0));
#10618=DIRECTION('',(9.077544861574E-1,-4.195018389247E-1,0.E0));
#10619=DIRECTION('',(4.195018389247E-1,9.077544861574E-1,0.E0));
#10620=AXIS2_PLACEMENT_3D('',#10617,#10618,#10619);
#10621=PLANE('',#10620);
#10622=ORIENTED_EDGE('',*,*,#5373,.F.);
#10624=ORIENTED_EDGE('',*,*,#10623,.T.);
#10625=ORIENTED_EDGE('',*,*,#10106,.T.);
#10626=ORIENTED_EDGE('',*,*,#10610,.F.);
#10627=EDGE_LOOP('',(#10622,#10624,#10625,#10626));
#10628=FACE_OUTER_BOUND('',#10627,.F.);
#10630=CARTESIAN_POINT('',(6.556193196635E0,7.458510485291E-1,0.E0));
#10631=DIRECTION('',(9.743279331970E-1,-2.251334683961E-1,0.E0));
#10632=DIRECTION('',(2.251334683961E-1,9.743279331970E-1,0.E0));
#10633=AXIS2_PLACEMENT_3D('',#10630,#10631,#10632);
#10634=PLANE('',#10633);
#10635=ORIENTED_EDGE('',*,*,#5371,.F.);
#10637=ORIENTED_EDGE('',*,*,#10636,.T.);
#10638=ORIENTED_EDGE('',*,*,#10108,.T.);
#10639=ORIENTED_EDGE('',*,*,#10623,.F.);
#10640=EDGE_LOOP('',(#10635,#10637,#10638,#10639));
#10641=FACE_OUTER_BOUND('',#10640,.F.);
#10643=CARTESIAN_POINT('',(6.546827662746E0,6.647872284055E-1,0.E0));
#10644=DIRECTION('',(9.933921579012E-1,-1.147694237175E-1,0.E0));
#10645=DIRECTION('',(1.147694237175E-1,9.933921579012E-1,0.E0));
#10646=AXIS2_PLACEMENT_3D('',#10643,#10644,#10645);
#10647=PLANE('',#10646);
#10648=ORIENTED_EDGE('',*,*,#5369,.F.);
#10650=ORIENTED_EDGE('',*,*,#10649,.T.);
#10651=ORIENTED_EDGE('',*,*,#10110,.T.);
#10652=ORIENTED_EDGE('',*,*,#10636,.F.);
#10653=EDGE_LOOP('',(#10648,#10650,#10651,#10652));
#10654=FACE_OUTER_BOUND('',#10653,.F.);
#10656=CARTESIAN_POINT('',(6.546827662746E0,6.377659550309E-1,0.E0));
#10657=DIRECTION('',(1.E0,0.E0,0.E0));
#10658=DIRECTION('',(0.E0,1.E0,0.E0));
#10659=AXIS2_PLACEMENT_3D('',#10656,#10657,#10658);
#10660=PLANE('',#10659);
#10661=ORIENTED_EDGE('',*,*,#5367,.F.);
#10663=ORIENTED_EDGE('',*,*,#10662,.T.);
#10664=ORIENTED_EDGE('',*,*,#10112,.T.);
#10665=ORIENTED_EDGE('',*,*,#10649,.F.);
#10666=EDGE_LOOP('',(#10661,#10663,#10664,#10665));
#10667=FACE_OUTER_BOUND('',#10666,.F.);
#10669=CARTESIAN_POINT('',(6.603020862731E0,6.918085017800E-1,0.E0));
#10670=DIRECTION('',(-6.931795163826E-1,7.207649811607E-1,0.E0));
#10671=DIRECTION('',(-7.207649811607E-1,-6.931795163826E-1,0.E0));
#10672=AXIS2_PLACEMENT_3D('',#10669,#10670,#10671);
#10673=PLANE('',#10672);
#10674=ORIENTED_EDGE('',*,*,#5445,.F.);
#10676=ORIENTED_EDGE('',*,*,#10675,.T.);
#10677=ORIENTED_EDGE('',*,*,#10114,.T.);
#10678=ORIENTED_EDGE('',*,*,#10662,.F.);
#10679=EDGE_LOOP('',(#10674,#10676,#10677,#10678));
#10680=FACE_OUTER_BOUND('',#10679,.F.);
#10682=CARTESIAN_POINT('',(6.649848528827E0,7.053191384673E-1,0.E0));
#10683=DIRECTION('',(-2.772109619854E-1,9.608090770570E-1,0.E0));
#10684=DIRECTION('',(-9.608090770570E-1,-2.772109619854E-1,0.E0));
#10685=AXIS2_PLACEMENT_3D('',#10682,#10683,#10684);
#10686=PLANE('',#10685);
#10687=ORIENTED_EDGE('',*,*,#5443,.F.);
#10689=ORIENTED_EDGE('',*,*,#10688,.T.);
#10690=ORIENTED_EDGE('',*,*,#10116,.T.);
#10691=ORIENTED_EDGE('',*,*,#10675,.F.);
#10692=EDGE_LOOP('',(#10687,#10689,#10690,#10691));
#10693=FACE_OUTER_BOUND('',#10692,.F.);
#10695=CARTESIAN_POINT('',(6.696676188224E0,7.053191384673E-1,0.E0));
#10696=DIRECTION('',(0.E0,1.E0,0.E0));
#10697=DIRECTION('',(-1.E0,0.E0,0.E0));
#10698=AXIS2_PLACEMENT_3D('',#10695,#10696,#10697);
#10699=PLANE('',#10698);
#10700=ORIENTED_EDGE('',*,*,#5441,.F.);
#10702=ORIENTED_EDGE('',*,*,#10701,.T.);
#10703=ORIENTED_EDGE('',*,*,#10118,.T.);
#10704=ORIENTED_EDGE('',*,*,#10688,.F.);
#10705=EDGE_LOOP('',(#10700,#10702,#10703,#10704));
#10706=FACE_OUTER_BOUND('',#10705,.F.);
#10708=CARTESIAN_POINT('',(6.743503861019E0,6.918085017800E-1,0.E0));
#10709=DIRECTION('',(2.772109253774E-1,9.608090876191E-1,0.E0));
#10710=DIRECTION('',(-9.608090876191E-1,2.772109253774E-1,0.E0));
#10711=AXIS2_PLACEMENT_3D('',#10708,#10709,#10710);
#10712=PLANE('',#10711);
#10713=ORIENTED_EDGE('',*,*,#5439,.F.);
#10715=ORIENTED_EDGE('',*,*,#10714,.T.);
#10716=ORIENTED_EDGE('',*,*,#10120,.T.);
#10717=ORIENTED_EDGE('',*,*,#10701,.F.);
#10718=EDGE_LOOP('',(#10713,#10715,#10716,#10717));
#10719=FACE_OUTER_BOUND('',#10718,.F.);
#10721=CARTESIAN_POINT('',(6.790331507018E0,6.512765917182E-1,0.E0));
#10722=DIRECTION('',(6.544504683632E-1,7.561048766271E-1,0.E0));
#10723=DIRECTION('',(-7.561048766271E-1,6.544504683632E-1,0.E0));
#10724=AXIS2_PLACEMENT_3D('',#10721,#10722,#10723);
#10725=PLANE('',#10724);
#10726=ORIENTED_EDGE('',*,*,#5437,.F.);
#10727=ORIENTED_EDGE('',*,*,#10222,.T.);
#10728=ORIENTED_EDGE('',*,*,#10122,.T.);
#10729=ORIENTED_EDGE('',*,*,#10714,.F.);
#10730=EDGE_LOOP('',(#10726,#10727,#10728,#10729));
#10731=FACE_OUTER_BOUND('',#10730,.F.);
#10733=CARTESIAN_POINT('',(6.780965983177E0,5.702127715945E-1,0.E0));
#10734=DIRECTION('',(-9.743279454617E-1,-2.251334153174E-1,0.E0));
#10735=DIRECTION('',(2.251334153174E-1,-9.743279454617E-1,0.E0));
#10736=AXIS2_PLACEMENT_3D('',#10733,#10734,#10735);
#10737=PLANE('',#10736);
#10738=ORIENTED_EDGE('',*,*,#5487,.F.);
#10740=ORIENTED_EDGE('',*,*,#10739,.T.);
#10741=ORIENTED_EDGE('',*,*,#10126,.T.);
#10743=ORIENTED_EDGE('',*,*,#10742,.F.);
#10744=EDGE_LOOP('',(#10738,#10740,#10741,#10743));
#10745=FACE_OUTER_BOUND('',#10744,.F.);
#10747=CARTESIAN_POINT('',(6.762234908701E0,5.972340449691E-1,0.E0));
#10748=DIRECTION('',(-8.218498666645E-1,-5.697041308113E-1,0.E0));
#10749=DIRECTION('',(5.697041308113E-1,-8.218498666645E-1,0.E0));
#10750=AXIS2_PLACEMENT_3D('',#10747,#10748,#10749);
#10751=PLANE('',#10750);
#10752=ORIENTED_EDGE('',*,*,#5525,.F.);
#10754=ORIENTED_EDGE('',*,*,#10753,.T.);
#10755=ORIENTED_EDGE('',*,*,#10128,.T.);
#10756=ORIENTED_EDGE('',*,*,#10739,.F.);
#10757=EDGE_LOOP('',(#10752,#10754,#10755,#10756));
#10758=FACE_OUTER_BOUND('',#10757,.F.);
#10760=CARTESIAN_POINT('',(6.734138310383E0,6.242553183436E-1,0.E0));
#10761=DIRECTION('',(-6.931795378467E-1,-7.207649605180E-1,0.E0));
#10762=DIRECTION('',(7.207649605180E-1,-6.931795378467E-1,0.E0));
#10763=AXIS2_PLACEMENT_3D('',#10760,#10761,#10762);
#10764=PLANE('',#10763);
#10765=ORIENTED_EDGE('',*,*,#5523,.F.);
#10767=ORIENTED_EDGE('',*,*,#10766,.T.);
#10768=ORIENTED_EDGE('',*,*,#10130,.T.);
#10769=ORIENTED_EDGE('',*,*,#10753,.F.);
#10770=EDGE_LOOP('',(#10765,#10767,#10768,#10769));
#10771=FACE_OUTER_BOUND('',#10770,.F.);
#10773=CARTESIAN_POINT('',(6.706041725463E0,6.377659550309E-1,0.E0));
#10774=DIRECTION('',(-4.333638190130E-1,-9.012190634749E-1,0.E0));
#10775=DIRECTION('',(9.012190634749E-1,-4.333638190130E-1,0.E0));
#10776=AXIS2_PLACEMENT_3D('',#10773,#10774,#10775);
#10777=PLANE('',#10776);
#10778=ORIENTED_EDGE('',*,*,#5521,.F.);
#10780=ORIENTED_EDGE('',*,*,#10779,.T.);
#10781=ORIENTED_EDGE('',*,*,#10132,.T.);
#10782=ORIENTED_EDGE('',*,*,#10766,.F.);
#10783=EDGE_LOOP('',(#10778,#10780,#10781,#10782));
#10784=FACE_OUTER_BOUND('',#10783,.F.);
#10786=CARTESIAN_POINT('',(6.640482991589E0,6.377659550309E-1,0.E0));
#10787=DIRECTION('',(0.E0,-1.E0,0.E0));
#10788=DIRECTION('',(1.E0,0.E0,0.E0));
#10789=AXIS2_PLACEMENT_3D('',#10786,#10787,#10788);
#10790=PLANE('',#10789);
#10791=ORIENTED_EDGE('',*,*,#5519,.F.);
#10793=ORIENTED_EDGE('',*,*,#10792,.T.);
#10794=ORIENTED_EDGE('',*,*,#10134,.T.);
#10795=ORIENTED_EDGE('',*,*,#10779,.F.);
#10796=EDGE_LOOP('',(#10791,#10793,#10794,#10795));
#10797=FACE_OUTER_BOUND('',#10796,.F.);
#10799=CARTESIAN_POINT('',(6.612386393271E0,6.242553183436E-1,0.E0));
#10800=DIRECTION('',(4.333636511776E-1,-9.012191441808E-1,0.E0));
#10801=DIRECTION('',(9.012191441808E-1,4.333636511776E-1,0.E0));
#10802=AXIS2_PLACEMENT_3D('',#10799,#10800,#10801);
#10803=PLANE('',#10802);
#10804=ORIENTED_EDGE('',*,*,#5517,.F.);
#10806=ORIENTED_EDGE('',*,*,#10805,.T.);
#10807=ORIENTED_EDGE('',*,*,#10136,.T.);
#10808=ORIENTED_EDGE('',*,*,#10792,.F.);
#10809=EDGE_LOOP('',(#10804,#10806,#10807,#10808));
#10810=FACE_OUTER_BOUND('',#10809,.F.);
#10812=CARTESIAN_POINT('',(6.584289794953E0,5.972340449691E-1,0.E0));
#10813=DIRECTION('',(6.931795378467E-1,-7.207649605180E-1,0.E0));
#10814=DIRECTION('',(7.207649605180E-1,6.931795378467E-1,0.E0));
#10815=AXIS2_PLACEMENT_3D('',#10812,#10813,#10814);
#10816=PLANE('',#10815);
#10817=ORIENTED_EDGE('',*,*,#5515,.F.);
#10819=ORIENTED_EDGE('',*,*,#10818,.T.);
#10820=ORIENTED_EDGE('',*,*,#10138,.T.);
#10821=ORIENTED_EDGE('',*,*,#10805,.F.);
#10822=EDGE_LOOP('',(#10817,#10819,#10820,#10821));
#10823=FACE_OUTER_BOUND('',#10822,.F.);
#10825=CARTESIAN_POINT('',(6.565558727175E0,5.702127715945E-1,0.E0));
#10826=DIRECTION('',(8.218499620588E-1,-5.697039931964E-1,0.E0));
#10827=DIRECTION('',(5.697039931964E-1,8.218499620588E-1,0.E0));
#10828=AXIS2_PLACEMENT_3D('',#10825,#10826,#10827);
#10829=PLANE('',#10828);
#10830=ORIENTED_EDGE('',*,*,#5513,.F.);
#10832=ORIENTED_EDGE('',*,*,#10831,.T.);
#10833=ORIENTED_EDGE('',*,*,#10140,.T.);
#10834=ORIENTED_EDGE('',*,*,#10818,.F.);
#10835=EDGE_LOOP('',(#10830,#10832,#10833,#10834));
#10836=FACE_OUTER_BOUND('',#10835,.F.);
#10838=CARTESIAN_POINT('',(6.556193196635E0,5.296808426082E-1,0.E0));
#10839=DIRECTION('',(9.743279101395E-1,-2.251335681838E-1,0.E0));
#10840=DIRECTION('',(2.251335681838E-1,9.743279101395E-1,0.E0));
#10841=AXIS2_PLACEMENT_3D('',#10838,#10839,#10840);
#10842=PLANE('',#10841);
#10843=ORIENTED_EDGE('',*,*,#5511,.F.);
#10845=ORIENTED_EDGE('',*,*,#10844,.T.);
#10846=ORIENTED_EDGE('',*,*,#10142,.T.);
#10847=ORIENTED_EDGE('',*,*,#10831,.F.);
#10848=EDGE_LOOP('',(#10843,#10845,#10846,#10847));
#10849=FACE_OUTER_BOUND('',#10848,.F.);
#10851=CARTESIAN_POINT('',(6.556193196635E0,4.891489325464E-1,0.E0));
#10852=DIRECTION('',(1.E0,0.E0,0.E0));
#10853=DIRECTION('',(0.E0,1.E0,0.E0));
#10854=AXIS2_PLACEMENT_3D('',#10851,#10852,#10853);
#10855=PLANE('',#10854);
#10856=ORIENTED_EDGE('',*,*,#5509,.F.);
#10858=ORIENTED_EDGE('',*,*,#10857,.T.);
#10859=ORIENTED_EDGE('',*,*,#10144,.T.);
#10860=ORIENTED_EDGE('',*,*,#10844,.F.);
#10861=EDGE_LOOP('',(#10856,#10858,#10859,#10860));
#10862=FACE_OUTER_BOUND('',#10861,.F.);
#10864=CARTESIAN_POINT('',(6.565558727175E0,4.486170224845E-1,0.E0));
#10865=DIRECTION('',(9.743278870820E-1,2.251336679715E-1,0.E0));
#10866=DIRECTION('',(-2.251336679715E-1,9.743278870820E-1,0.E0));
#10867=AXIS2_PLACEMENT_3D('',#10864,#10865,#10866);
#10868=PLANE('',#10867);
#10869=ORIENTED_EDGE('',*,*,#5507,.F.);
#10871=ORIENTED_EDGE('',*,*,#10870,.T.);
#10872=ORIENTED_EDGE('',*,*,#10146,.T.);
#10873=ORIENTED_EDGE('',*,*,#10857,.F.);
#10874=EDGE_LOOP('',(#10869,#10871,#10872,#10873));
#10875=FACE_OUTER_BOUND('',#10874,.F.);
#10877=CARTESIAN_POINT('',(6.584289794953E0,4.080851029605E-1,0.E0));
#10878=DIRECTION('',(9.077545234508E-1,4.195017582258E-1,0.E0));
#10879=DIRECTION('',(-4.195017582258E-1,9.077545234508E-1,0.E0));
#10880=AXIS2_PLACEMENT_3D('',#10877,#10878,#10879);
#10881=PLANE('',#10880);
#10882=ORIENTED_EDGE('',*,*,#5505,.F.);
#10884=ORIENTED_EDGE('',*,*,#10883,.T.);
#10885=ORIENTED_EDGE('',*,*,#10148,.T.);
#10886=ORIENTED_EDGE('',*,*,#10870,.F.);
#10887=EDGE_LOOP('',(#10882,#10884,#10885,#10886));
#10888=FACE_OUTER_BOUND('',#10887,.F.);
#10890=CARTESIAN_POINT('',(6.612386393271E0,3.810638295859E-1,0.E0));
#10891=DIRECTION('',(6.931795378467E-1,7.207649605180E-1,0.E0));
#10892=DIRECTION('',(-7.207649605180E-1,6.931795378467E-1,0.E0));
#10893=AXIS2_PLACEMENT_3D('',#10890,#10891,#10892);
#10894=PLANE('',#10893);
#10895=ORIENTED_EDGE('',*,*,#5503,.F.);
#10897=ORIENTED_EDGE('',*,*,#10896,.T.);
#10898=ORIENTED_EDGE('',*,*,#10150,.T.);
#10899=ORIENTED_EDGE('',*,*,#10883,.F.);
#10900=EDGE_LOOP('',(#10895,#10897,#10898,#10899));
#10901=FACE_OUTER_BOUND('',#10900,.F.);
#10903=CARTESIAN_POINT('',(6.640482991589E0,3.675531928986E-1,0.E0));
#10904=DIRECTION('',(4.333636511776E-1,9.012191441808E-1,0.E0));
#10905=DIRECTION('',(-9.012191441808E-1,4.333636511776E-1,0.E0));
#10906=AXIS2_PLACEMENT_3D('',#10903,#10904,#10905);
#10907=PLANE('',#10906);
#10908=ORIENTED_EDGE('',*,*,#5501,.F.);
#10910=ORIENTED_EDGE('',*,*,#10909,.T.);
#10911=ORIENTED_EDGE('',*,*,#10152,.T.);
#10912=ORIENTED_EDGE('',*,*,#10896,.F.);
#10913=EDGE_LOOP('',(#10908,#10910,#10911,#10912));
#10914=FACE_OUTER_BOUND('',#10913,.F.);
#10916=CARTESIAN_POINT('',(6.706041725463E0,3.675531928986E-1,0.E0));
#10917=DIRECTION('',(0.E0,1.E0,0.E0));
#10918=DIRECTION('',(-1.E0,0.E0,0.E0));
#10919=AXIS2_PLACEMENT_3D('',#10916,#10917,#10918);
#10920=PLANE('',#10919);
#10921=ORIENTED_EDGE('',*,*,#5499,.F.);
#10923=ORIENTED_EDGE('',*,*,#10922,.T.);
#10924=ORIENTED_EDGE('',*,*,#10154,.T.);
#10925=ORIENTED_EDGE('',*,*,#10909,.F.);
#10926=EDGE_LOOP('',(#10921,#10923,#10924,#10925));
#10927=FACE_OUTER_BOUND('',#10926,.F.);
#10929=CARTESIAN_POINT('',(6.734138310383E0,3.810638295859E-1,0.E0));
#10930=DIRECTION('',(-4.333638190130E-1,9.012190634749E-1,0.E0));
#10931=DIRECTION('',(-9.012190634749E-1,-4.333638190130E-1,0.E0));
#10932=AXIS2_PLACEMENT_3D('',#10929,#10930,#10931);
#10933=PLANE('',#10932);
#10934=ORIENTED_EDGE('',*,*,#5497,.F.);
#10936=ORIENTED_EDGE('',*,*,#10935,.T.);
#10937=ORIENTED_EDGE('',*,*,#10156,.T.);
#10938=ORIENTED_EDGE('',*,*,#10922,.F.);
#10939=EDGE_LOOP('',(#10934,#10936,#10937,#10938));
#10940=FACE_OUTER_BOUND('',#10939,.F.);
#10942=CARTESIAN_POINT('',(6.762234908701E0,4.080851029605E-1,0.E0));
#10943=DIRECTION('',(-6.931795378467E-1,7.207649605180E-1,0.E0));
#10944=DIRECTION('',(-7.207649605180E-1,-6.931795378467E-1,0.E0));
#10945=AXIS2_PLACEMENT_3D('',#10942,#10943,#10944);
#10946=PLANE('',#10945);
#10947=ORIENTED_EDGE('',*,*,#5495,.F.);
#10949=ORIENTED_EDGE('',*,*,#10948,.T.);
#10950=ORIENTED_EDGE('',*,*,#10158,.T.);
#10951=ORIENTED_EDGE('',*,*,#10935,.F.);
#10952=EDGE_LOOP('',(#10947,#10949,#10950,#10951));
#10953=FACE_OUTER_BOUND('',#10952,.F.);
#10955=CARTESIAN_POINT('',(6.780965983177E0,4.486170224845E-1,0.E0));
#10956=DIRECTION('',(-9.077544663204E-1,4.195018818496E-1,0.E0));
#10957=DIRECTION('',(-4.195018818496E-1,-9.077544663204E-1,0.E0));
#10958=AXIS2_PLACEMENT_3D('',#10955,#10956,#10957);
#10959=PLANE('',#10958);
#10960=ORIENTED_EDGE('',*,*,#5493,.F.);
#10962=ORIENTED_EDGE('',*,*,#10961,.T.);
#10963=ORIENTED_EDGE('',*,*,#10160,.T.);
#10964=ORIENTED_EDGE('',*,*,#10948,.F.);
#10965=EDGE_LOOP('',(#10960,#10962,#10963,#10964));
#10966=FACE_OUTER_BOUND('',#10965,.F.);
#10968=CARTESIAN_POINT('',(6.790331507018E0,4.891489325464E-1,0.E0));
#10969=DIRECTION('',(-9.743279224042E-1,2.251335151051E-1,0.E0));
#10970=DIRECTION('',(-2.251335151051E-1,-9.743279224042E-1,0.E0));
#10971=AXIS2_PLACEMENT_3D('',#10968,#10969,#10970);
#10972=PLANE('',#10971);
#10973=ORIENTED_EDGE('',*,*,#5491,.F.);
#10975=ORIENTED_EDGE('',*,*,#10974,.T.);
#10976=ORIENTED_EDGE('',*,*,#10162,.T.);
#10977=ORIENTED_EDGE('',*,*,#10961,.F.);
#10978=EDGE_LOOP('',(#10973,#10975,#10976,#10977));
#10979=FACE_OUTER_BOUND('',#10978,.F.);
#10981=CARTESIAN_POINT('',(6.790331507018E0,5.296808426082E-1,0.E0));
#10982=DIRECTION('',(-1.E0,0.E0,0.E0));
#10983=DIRECTION('',(0.E0,-1.E0,0.E0));
#10984=AXIS2_PLACEMENT_3D('',#10981,#10982,#10983);
#10985=PLANE('',#10984);
#10986=ORIENTED_EDGE('',*,*,#5489,.F.);
#10987=ORIENTED_EDGE('',*,*,#10742,.T.);
#10988=ORIENTED_EDGE('',*,*,#10164,.T.);
#10989=ORIENTED_EDGE('',*,*,#10974,.F.);
#10990=EDGE_LOOP('',(#10986,#10987,#10988,#10989));
#10991=FACE_OUTER_BOUND('',#10990,.F.);
#10993=CARTESIAN_POINT('',(6.117683000807E0,-2.E0,0.E0));
#10994=DIRECTION('',(1.E0,0.E0,0.E0));
#10995=DIRECTION('',(0.E0,1.E0,0.E0));
#10996=AXIS2_PLACEMENT_3D('',#10993,#10994,#10995);
#10997=PLANE('',#10996);
#10998=ORIENTED_EDGE('',*,*,#5449,.F.);
#11000=ORIENTED_EDGE('',*,*,#10999,.T.);
#11001=ORIENTED_EDGE('',*,*,#10174,.T.);
#11003=ORIENTED_EDGE('',*,*,#11002,.F.);
#11004=EDGE_LOOP('',(#10998,#11000,#11001,#11003));
#11005=FACE_OUTER_BOUND('',#11004,.F.);
#11007=CARTESIAN_POINT('',(6.058841500403E0,-2.E0,0.E0));
#11008=DIRECTION('',(0.E0,-1.E0,0.E0));
#11009=DIRECTION('',(1.E0,0.E0,0.E0));
#11010=AXIS2_PLACEMENT_3D('',#11007,#11008,#11009);
#11011=PLANE('',#11010);
#11012=ORIENTED_EDGE('',*,*,#5461,.F.);
#11014=ORIENTED_EDGE('',*,*,#11013,.T.);
#11015=ORIENTED_EDGE('',*,*,#10176,.T.);
#11016=ORIENTED_EDGE('',*,*,#10999,.F.);
#11017=EDGE_LOOP('',(#11012,#11014,#11015,#11016));
#11018=FACE_OUTER_BOUND('',#11017,.F.);
#11020=CARTESIAN_POINT('',(6.058841500403E0,-1.473085093498E0,0.E0));
#11021=DIRECTION('',(-1.E0,0.E0,0.E0));
#11022=DIRECTION('',(0.E0,-1.E0,0.E0));
#11023=AXIS2_PLACEMENT_3D('',#11020,#11021,#11022);
#11024=PLANE('',#11023);
#11025=ORIENTED_EDGE('',*,*,#5459,.F.);
#11027=ORIENTED_EDGE('',*,*,#11026,.T.);
#11028=ORIENTED_EDGE('',*,*,#10178,.T.);
#11029=ORIENTED_EDGE('',*,*,#11013,.F.);
#11030=EDGE_LOOP('',(#11025,#11027,#11028,#11029));
#11031=FACE_OUTER_BOUND('',#11030,.F.);
#11033=CARTESIAN_POINT('',(6.E0,-1.567659588158E0,0.E0));
#11034=DIRECTION('',(8.490761419508E-1,-5.282704848560E-1,0.E0));
#11035=DIRECTION('',(5.282704848560E-1,8.490761419508E-1,0.E0));
#11036=AXIS2_PLACEMENT_3D('',#11033,#11034,#11035);
#11037=PLANE('',#11036);
#11038=ORIENTED_EDGE('',*,*,#5457,.F.);
#11040=ORIENTED_EDGE('',*,*,#11039,.T.);
#11041=ORIENTED_EDGE('',*,*,#10180,.T.);
#11042=ORIENTED_EDGE('',*,*,#11026,.F.);
#11043=EDGE_LOOP('',(#11038,#11040,#11041,#11042));
#11044=FACE_OUTER_BOUND('',#11043,.F.);
#11046=CARTESIAN_POINT('',(6.E0,-1.459574456811E0,0.E0));
#11047=DIRECTION('',(-1.E0,0.E0,0.E0));
#11048=DIRECTION('',(0.E0,-1.E0,0.E0));
#11049=AXIS2_PLACEMENT_3D('',#11046,#11047,#11048);
#11050=PLANE('',#11049);
#11051=ORIENTED_EDGE('',*,*,#5455,.F.);
#11053=ORIENTED_EDGE('',*,*,#11052,.T.);
#11054=ORIENTED_EDGE('',*,*,#10182,.T.);
#11055=ORIENTED_EDGE('',*,*,#11039,.F.);
#11056=EDGE_LOOP('',(#11051,#11053,#11054,#11055));
#11057=FACE_OUTER_BOUND('',#11056,.F.);
#11059=CARTESIAN_POINT('',(6.058841500403E0,-1.365E0,0.E0));
#11060=DIRECTION('',(-8.490760471222E-1,5.282706372716E-1,0.E0));
#11061=DIRECTION('',(-5.282706372716E-1,-8.490760471222E-1,0.E0));
#11062=AXIS2_PLACEMENT_3D('',#11059,#11060,#11061);
#11063=PLANE('',#11062);
#11064=ORIENTED_EDGE('',*,*,#5453,.F.);
#11066=ORIENTED_EDGE('',*,*,#11065,.T.);
#11067=ORIENTED_EDGE('',*,*,#10184,.T.);
#11068=ORIENTED_EDGE('',*,*,#11052,.F.);
#11069=EDGE_LOOP('',(#11064,#11066,#11067,#11068));
#11070=FACE_OUTER_BOUND('',#11069,.F.);
#11072=CARTESIAN_POINT('',(6.117683000807E0,-1.365E0,0.E0));
#11073=DIRECTION('',(0.E0,1.E0,0.E0));
#11074=DIRECTION('',(-1.E0,0.E0,0.E0));
#11075=AXIS2_PLACEMENT_3D('',#11072,#11073,#11074);
#11076=PLANE('',#11075);
#11077=ORIENTED_EDGE('',*,*,#5451,.F.);
#11078=ORIENTED_EDGE('',*,*,#11002,.T.);
#11079=ORIENTED_EDGE('',*,*,#10186,.T.);
#11080=ORIENTED_EDGE('',*,*,#11065,.F.);
#11081=EDGE_LOOP('',(#11077,#11078,#11079,#11080));
#11082=FACE_OUTER_BOUND('',#11081,.F.);
#11084=CARTESIAN_POINT('',(6.313821344837E0,-2.E0,0.E0));
#11085=DIRECTION('',(1.E0,0.E0,0.E0));
#11086=DIRECTION('',(0.E0,1.E0,0.E0));
#11087=AXIS2_PLACEMENT_3D('',#11084,#11085,#11086);
#11088=PLANE('',#11087);
#11089=ORIENTED_EDGE('',*,*,#5465,.F.);
#11091=ORIENTED_EDGE('',*,*,#11090,.T.);
#11092=ORIENTED_EDGE('',*,*,#10196,.T.);
#11094=ORIENTED_EDGE('',*,*,#11093,.F.);
#11095=EDGE_LOOP('',(#11089,#11091,#11092,#11094));
#11096=FACE_OUTER_BOUND('',#11095,.F.);
#11098=CARTESIAN_POINT('',(6.254979844433E0,-2.E0,0.E0));
#11099=DIRECTION('',(0.E0,-1.E0,0.E0));
#11100=DIRECTION('',(1.E0,0.E0,0.E0));
#11101=AXIS2_PLACEMENT_3D('',#11098,#11099,#11100);
#11102=PLANE('',#11101);
#11103=ORIENTED_EDGE('',*,*,#5477,.F.);
#11105=ORIENTED_EDGE('',*,*,#11104,.T.);
#11106=ORIENTED_EDGE('',*,*,#10198,.T.);
#11107=ORIENTED_EDGE('',*,*,#11090,.F.);
#11108=EDGE_LOOP('',(#11103,#11105,#11106,#11107));
#11109=FACE_OUTER_BOUND('',#11108,.F.);
#11111=CARTESIAN_POINT('',(6.254979844433E0,-1.473085093498E0,0.E0));
#11112=DIRECTION('',(-1.E0,0.E0,0.E0));
#11113=DIRECTION('',(0.E0,-1.E0,0.E0));
#11114=AXIS2_PLACEMENT_3D('',#11111,#11112,#11113);
#11115=PLANE('',#11114);
#11116=ORIENTED_EDGE('',*,*,#5475,.F.);
#11118=ORIENTED_EDGE('',*,*,#11117,.T.);
#11119=ORIENTED_EDGE('',*,*,#10200,.T.);
#11120=ORIENTED_EDGE('',*,*,#11104,.F.);
#11121=EDGE_LOOP('',(#11116,#11118,#11119,#11120));
#11122=FACE_OUTER_BOUND('',#11121,.F.);
#11124=CARTESIAN_POINT('',(6.196138330001E0,-1.567659588158E0,0.E0));
#11125=DIRECTION('',(8.490760854572E-1,-5.282705756568E-1,0.E0));
#11126=DIRECTION('',(5.282705756568E-1,8.490760854572E-1,0.E0));
#11127=AXIS2_PLACEMENT_3D('',#11124,#11125,#11126);
#11128=PLANE('',#11127);
#11129=ORIENTED_EDGE('',*,*,#5473,.F.);
#11131=ORIENTED_EDGE('',*,*,#11130,.T.);
#11132=ORIENTED_EDGE('',*,*,#10202,.T.);
#11133=ORIENTED_EDGE('',*,*,#11117,.F.);
#11134=EDGE_LOOP('',(#11129,#11131,#11132,#11133));
#11135=FACE_OUTER_BOUND('',#11134,.F.);
#11137=CARTESIAN_POINT('',(6.196138330001E0,-1.459574456811E0,0.E0));
#11138=DIRECTION('',(-1.E0,0.E0,0.E0));
#11139=DIRECTION('',(0.E0,-1.E0,0.E0));
#11140=AXIS2_PLACEMENT_3D('',#11137,#11138,#11139);
#11141=PLANE('',#11140);
#11142=ORIENTED_EDGE('',*,*,#5471,.F.);
#11144=ORIENTED_EDGE('',*,*,#11143,.T.);
#11145=ORIENTED_EDGE('',*,*,#10204,.T.);
#11146=ORIENTED_EDGE('',*,*,#11130,.F.);
#11147=EDGE_LOOP('',(#11142,#11144,#11145,#11146));
#11148=FACE_OUTER_BOUND('',#11147,.F.);
#11150=CARTESIAN_POINT('',(6.254979844433E0,-1.365E0,0.E0));
#11151=DIRECTION('',(-8.490759906285E-1,5.282707280724E-1,0.E0));
#11152=DIRECTION('',(-5.282707280724E-1,-8.490759906285E-1,0.E0));
#11153=AXIS2_PLACEMENT_3D('',#11150,#11151,#11152);
#11154=PLANE('',#11153);
#11155=ORIENTED_EDGE('',*,*,#5469,.F.);
#11157=ORIENTED_EDGE('',*,*,#11156,.T.);
#11158=ORIENTED_EDGE('',*,*,#10206,.T.);
#11159=ORIENTED_EDGE('',*,*,#11143,.F.);
#11160=EDGE_LOOP('',(#11155,#11157,#11158,#11159));
#11161=FACE_OUTER_BOUND('',#11160,.F.);
#11163=CARTESIAN_POINT('',(6.313821344837E0,-1.365E0,0.E0));
#11164=DIRECTION('',(0.E0,1.E0,0.E0));
#11165=DIRECTION('',(-1.E0,0.E0,0.E0));
#11166=AXIS2_PLACEMENT_3D('',#11163,#11164,#11165);
#11167=PLANE('',#11166);
#11168=ORIENTED_EDGE('',*,*,#5467,.F.);
#11169=ORIENTED_EDGE('',*,*,#11093,.T.);
#11170=ORIENTED_EDGE('',*,*,#10208,.T.);
#11171=ORIENTED_EDGE('',*,*,#11156,.F.);
#11172=EDGE_LOOP('',(#11168,#11169,#11170,#11171));
#11173=FACE_OUTER_BOUND('',#11172,.F.);
#11179=PLANE_ANGLE_MEASURE_WITH_UNIT(PLANE_ANGLE_MEASURE(1.745329251994E-2),
#11178);
#11180=(CONVERSION_BASED_UNIT('DEGREE',#11179)NAMED_UNIT(*)PLANE_ANGLE_UNIT());
#11182=UNCERTAINTY_MEASURE_WITH_UNIT(LENGTH_MEASURE(4.124277408858E-3),#11177,
'distance_accuracy_value',
'Maximum model space distance between geometric entities at asserted connectivities');
#11185=APPLICATION_CONTEXT('automotive_design');
#11186=APPLICATION_PROTOCOL_DEFINITION('international standard',
'automotive_design',2001,#11185);
#11187=PRODUCT_DEFINITION_CONTEXT('part definition',#11185,'design');
#11188=PRODUCT_CONTEXT('',#11185,'mechanical');
#11189=PRODUCT('C-2311763-3','C-2311763-3','NOT SPECIFIED',(#11188));
#11190=PRODUCT_DEFINITION_FORMATION('1','LAST_VERSION',#11189);
#11198=DERIVED_UNIT_ELEMENT(#11197,2.E0);
#11199=DERIVED_UNIT((#11198));
#11200=MEASURE_REPRESENTATION_ITEM('surface area measure',AREA_MEASURE(
2.826672501195E3),#11199);
#11205=DERIVED_UNIT_ELEMENT(#11204,3.E0);
#11206=DERIVED_UNIT((#11205));
#11207=MEASURE_REPRESENTATION_ITEM('volume measure',VOLUME_MEASURE(
4.264630519802E3),#11206);
#11211=CARTESIAN_POINT('centre point',(9.888136839013E-4,-6.060073470123E-1,
-1.134709991213E1));
#11216=DERIVED_UNIT_ELEMENT(#11215,2.E0);
#11217=DERIVED_UNIT((#11216));
#11218=MEASURE_REPRESENTATION_ITEM('surface area measure',AREA_MEASURE(
2.826672501195E3),#11217);
#11223=DERIVED_UNIT_ELEMENT(#11222,3.E0);
#11224=DERIVED_UNIT((#11223));
#11225=MEASURE_REPRESENTATION_ITEM('volume measure',VOLUME_MEASURE(
4.264630519802E3),#11224);
#11229=CARTESIAN_POINT('centre point',(9.888136839013E-4,-6.060073470123E-1,
-1.134709991213E1));
#11234=PRODUCT_RELATED_PRODUCT_CATEGORY('part','',(#11189));
#1=COLOUR_RGB('',8.784E-1,9.49E-1,1.E0);
#10=CIRCLE('',#9,2.2352E0);
#19=CIRCLE('',#18,2.2352E0);
#28=CIRCLE('',#27,2.2352E0);
#37=CIRCLE('',#36,2.2352E0);
#366=CIRCLE('',#365,1.27E0);
#371=CIRCLE('',#370,1.27E0);
#376=CIRCLE('',#375,1.27E0);
#381=CIRCLE('',#380,1.27E0);
#386=CIRCLE('',#385,1.27E0);
#391=CIRCLE('',#390,1.27E0);
#396=CIRCLE('',#395,1.27E0);
#401=CIRCLE('',#400,1.27E0);
#406=CIRCLE('',#405,2.54E0);
#423=CIRCLE('',#422,2.54E0);
#440=CIRCLE('',#439,2.54E0);
#457=CIRCLE('',#456,2.54E0);
#478=CIRCLE('',#477,8.128E-1);
#487=CIRCLE('',#486,2.54E0);
#492=CIRCLE('',#491,8.128E-1);
#497=CIRCLE('',#496,3.352799810779E0);
#506=CIRCLE('',#505,8.128E-1);
#515=CIRCLE('',#514,2.54E0);
#520=CIRCLE('',#519,8.128E-1);
#525=CIRCLE('',#524,3.352799810779E0);
#534=CIRCLE('',#533,8.128E-1);
#543=CIRCLE('',#542,2.54E0);
#548=CIRCLE('',#547,8.128E-1);
#553=CIRCLE('',#552,3.352799999081E0);
#562=CIRCLE('',#561,8.128E-1);
#571=CIRCLE('',#570,2.54E0);
#576=CIRCLE('',#575,8.128E-1);
#581=CIRCLE('',#580,3.352799999081E0);
#590=CIRCLE('',#589,1.42E0);
#595=CIRCLE('',#594,1.42E0);
#600=CIRCLE('',#599,1.42E0);
#605=CIRCLE('',#604,1.42E0);
#611=B_SPLINE_CURVE_WITH_KNOTS('',3,(#606,#607,#608,#609,#610),.UNSPECIFIED.,
.F.,.F.,(4,1,4),(0.E0,5.E-1,1.E0),.UNSPECIFIED.);
#620=CIRCLE('',#619,1.7E0);
#629=CIRCLE('',#628,1.7E0);
#635=B_SPLINE_CURVE_WITH_KNOTS('',3,(#630,#631,#632,#633,#634),.UNSPECIFIED.,
.F.,.F.,(4,1,4),(0.E0,5.E-1,1.E0),.UNSPECIFIED.);
#648=CIRCLE('',#647,7.8E-1);
#689=CIRCLE('',#688,1.E0);
#694=CIRCLE('',#693,1.E0);
#699=CIRCLE('',#698,1.E0);
#748=CIRCLE('',#747,1.E0);
#785=CIRCLE('',#784,7.8E-1);
#818=CIRCLE('',#817,1.9E0);
#835=CIRCLE('',#834,1.9E0);
#872=CIRCLE('',#871,1.9E0);
#881=CIRCLE('',#880,1.9E0);
#914=CIRCLE('',#913,1.E0);
#943=CIRCLE('',#942,4.5E-1);
#948=CIRCLE('',#947,7.87E-1);
#973=CIRCLE('',#972,7.87E-1);
#978=CIRCLE('',#977,4.5E-1);
#983=CIRCLE('',#982,1.E0);
#1020=CIRCLE('',#1019,6.E-1);
#1029=CIRCLE('',#1028,1.E0);
#1074=CIRCLE('',#1073,7.87E-1);
#1079=CIRCLE('',#1078,4.5E-1);
#1088=CIRCLE('',#1087,4.5E-1);
#1093=CIRCLE('',#1092,7.87E-1);
#1106=CIRCLE('',#1105,5.E-1);
#1111=CIRCLE('',#1110,5.E-1);
#1124=CIRCLE('',#1123,6.E-1);
#1137=CIRCLE('',#1136,1.9E0);
#1146=CIRCLE('',#1145,1.E0);
#1175=CIRCLE('',#1174,5.E-1);
#1180=CIRCLE('',#1179,5.E-1);
#1193=CIRCLE('',#1192,1.9E0);
#1210=CIRCLE('',#1209,1.9E0);
#1251=CIRCLE('',#1250,1.9E0);
#1272=CIRCLE('',#1271,1.9E0);
#2045=CIRCLE('',#2044,7.8E-1);
#2111=B_SPLINE_CURVE_WITH_KNOTS('',3,(#2106,#2107,#2108,#2109,#2110),
.UNSPECIFIED.,.F.,.F.,(4,1,4),(0.E0,5.E-1,1.E0),.UNSPECIFIED.);
#2117=B_SPLINE_CURVE_WITH_KNOTS('',3,(#2112,#2113,#2114,#2115,#2116),
.UNSPECIFIED.,.F.,.F.,(4,1,4),(0.E0,5.E-1,1.E0),.UNSPECIFIED.);
#2122=CIRCLE('',#2121,1.7E0);
#2131=CIRCLE('',#2130,1.7E0);
#2156=CIRCLE('',#2155,1.42E0);
#2161=CIRCLE('',#2160,1.42E0);
#2178=CIRCLE('',#2177,7.8E-1);
#2187=CIRCLE('',#2186,7.8E-1);
#2196=CIRCLE('',#2195,7.8E-1);
#2205=CIRCLE('',#2204,7.8E-1);
#2234=CIRCLE('',#2233,1.E0);
#2271=CIRCLE('',#2270,7.87E-1);
#2276=CIRCLE('',#2275,4.5E-1);
#2285=CIRCLE('',#2284,4.5E-1);
#2290=CIRCLE('',#2289,7.87E-1);
#2311=CIRCLE('',#2310,4.5E-1);
#2316=CIRCLE('',#2315,7.87E-1);
#2341=CIRCLE('',#2340,7.87E-1);
#2346=CIRCLE('',#2345,4.5E-1);
#2351=CIRCLE('',#2350,5.E-1);
#2356=CIRCLE('',#2355,5.E-1);
#2365=CIRCLE('',#2364,1.9E0);
#2378=CIRCLE('',#2377,6.E-1);
#2419=CIRCLE('',#2418,1.9E0);
#2440=CIRCLE('',#2439,1.9E0);
#2449=CIRCLE('',#2448,1.E0);
#2474=CIRCLE('',#2473,1.E0);
#2499=CIRCLE('',#2498,6.E-1);
#2520=CIRCLE('',#2519,1.E0);
#2577=CIRCLE('',#2576,1.42E0);
#2582=CIRCLE('',#2581,1.42E0);
#2607=CIRCLE('',#2606,7.8E-1);
#2616=CIRCLE('',#2615,5.E-1);
#2621=CIRCLE('',#2620,5.E-1);
#2674=CIRCLE('',#2673,8.222E-1);
#2683=CIRCLE('',#2682,3.65E-1);
#2692=CIRCLE('',#2691,8.222E-1);
#2697=CIRCLE('',#2696,3.65E-1);
#2710=CIRCLE('',#2709,3.65E-1);
#2715=CIRCLE('',#2714,3.65E-1);
#2720=CIRCLE('',#2719,3.65E-1);
#2725=CIRCLE('',#2724,3.65E-1);
#2730=CIRCLE('',#2729,3.65E-1);
#2735=CIRCLE('',#2734,3.65E-1);
#2744=CIRCLE('',#2743,8.222E-1);
#2749=CIRCLE('',#2748,3.65E-1);
#2754=CIRCLE('',#2753,8.222E-1);
#2763=CIRCLE('',#2762,3.65E-1);
#2780=CIRCLE('',#2779,8.222E-1);
#2789=CIRCLE('',#2788,3.65E-1);
#2798=CIRCLE('',#2797,8.222E-1);
#2803=CIRCLE('',#2802,3.65E-1);
#2812=CIRCLE('',#2811,8.222E-1);
#2821=CIRCLE('',#2820,3.65E-1);
#2830=CIRCLE('',#2829,8.222E-1);
#2835=CIRCLE('',#2834,3.65E-1);
#2848=CIRCLE('',#2847,3.65E-1);
#2853=CIRCLE('',#2852,3.65E-1);
#2858=CIRCLE('',#2857,3.65E-1);
#2863=CIRCLE('',#2862,3.65E-1);
#2868=CIRCLE('',#2867,3.65E-1);
#2873=CIRCLE('',#2872,3.65E-1);
#2882=CIRCLE('',#2881,8.222E-1);
#2887=CIRCLE('',#2886,3.65E-1);
#2892=CIRCLE('',#2891,8.222E-1);
#2901=CIRCLE('',#2900,3.65E-1);
#2918=CIRCLE('',#2917,8.222E-1);
#2927=CIRCLE('',#2926,3.65E-1);
#2936=CIRCLE('',#2935,8.222E-1);
#2941=CIRCLE('',#2940,3.65E-1);
#2950=CIRCLE('',#2949,8.222E-1);
#2959=CIRCLE('',#2958,3.65E-1);
#2968=CIRCLE('',#2967,8.222E-1);
#2973=CIRCLE('',#2972,3.65E-1);
#2986=CIRCLE('',#2985,3.65E-1);
#2991=CIRCLE('',#2990,3.65E-1);
#2996=CIRCLE('',#2995,3.65E-1);
#3001=CIRCLE('',#3000,3.65E-1);
#3006=CIRCLE('',#3005,3.65E-1);
#3011=CIRCLE('',#3010,3.65E-1);
#3020=CIRCLE('',#3019,8.222E-1);
#3025=CIRCLE('',#3024,3.65E-1);
#3030=CIRCLE('',#3029,8.222E-1);
#3039=CIRCLE('',#3038,3.65E-1);
#3056=CIRCLE('',#3055,8.222E-1);
#3065=CIRCLE('',#3064,3.65E-1);
#3074=CIRCLE('',#3073,8.222E-1);
#3079=CIRCLE('',#3078,3.65E-1);
#3088=CIRCLE('',#3087,8.222E-1);
#3097=CIRCLE('',#3096,3.65E-1);
#3106=CIRCLE('',#3105,8.222E-1);
#3111=CIRCLE('',#3110,3.65E-1);
#3124=CIRCLE('',#3123,3.65E-1);
#3129=CIRCLE('',#3128,3.65E-1);
#3134=CIRCLE('',#3133,3.65E-1);
#3139=CIRCLE('',#3138,3.65E-1);
#3144=CIRCLE('',#3143,3.65E-1);
#3149=CIRCLE('',#3148,3.65E-1);
#3158=CIRCLE('',#3157,8.222E-1);
#3163=CIRCLE('',#3162,3.65E-1);
#3168=CIRCLE('',#3167,8.222E-1);
#3177=CIRCLE('',#3176,3.65E-1);
#3194=CIRCLE('',#3193,8.222E-1);
#3203=CIRCLE('',#3202,3.65E-1);
#3212=CIRCLE('',#3211,8.222E-1);
#3217=CIRCLE('',#3216,3.65E-1);
#3226=CIRCLE('',#3225,8.222E-1);
#3235=CIRCLE('',#3234,3.65E-1);
#3244=CIRCLE('',#3243,8.222E-1);
#3249=CIRCLE('',#3248,3.65E-1);
#3262=CIRCLE('',#3261,3.65E-1);
#3267=CIRCLE('',#3266,3.65E-1);
#3272=CIRCLE('',#3271,3.65E-1);
#3277=CIRCLE('',#3276,3.65E-1);
#3282=CIRCLE('',#3281,3.65E-1);
#3287=CIRCLE('',#3286,3.65E-1);
#3296=CIRCLE('',#3295,8.222E-1);
#3301=CIRCLE('',#3300,3.65E-1);
#3306=CIRCLE('',#3305,8.222E-1);
#3315=CIRCLE('',#3314,3.65E-1);
#3332=CIRCLE('',#3331,8.222E-1);
#3341=CIRCLE('',#3340,3.65E-1);
#3350=CIRCLE('',#3349,8.222E-1);
#3355=CIRCLE('',#3354,3.65E-1);
#5243=EDGE_CURVE('',#4596,#4597,#5,.T.);
#5245=EDGE_CURVE('',#4599,#4596,#10,.T.);
#5247=EDGE_CURVE('',#4601,#4599,#14,.T.);
#5249=EDGE_CURVE('',#4603,#4601,#19,.T.);
#5251=EDGE_CURVE('',#4605,#4603,#23,.T.);
#5253=EDGE_CURVE('',#4607,#4605,#28,.T.);
#5255=EDGE_CURVE('',#4609,#4607,#32,.T.);
#5257=EDGE_CURVE('',#4597,#4609,#37,.T.);
#5261=EDGE_CURVE('',#4317,#4316,#2674,.T.);
#5263=EDGE_CURVE('',#4316,#4317,#2692,.T.);
#5267=EDGE_CURVE('',#4324,#4325,#2744,.T.);
#5269=EDGE_CURVE('',#4325,#4324,#2754,.T.);
#5273=EDGE_CURVE('',#4333,#4332,#2780,.T.);
#5275=EDGE_CURVE('',#4332,#4333,#2798,.T.);
#5279=EDGE_CURVE('',#4741,#4740,#2812,.T.);
#5281=EDGE_CURVE('',#4740,#4741,#2830,.T.);
#5285=EDGE_CURVE('',#4748,#4749,#2882,.T.);
#5287=EDGE_CURVE('',#4749,#4748,#2892,.T.);
#5291=EDGE_CURVE('',#4757,#4756,#2918,.T.);
#5293=EDGE_CURVE('',#4756,#4757,#2936,.T.);
#5297=EDGE_CURVE('',#4765,#4764,#2950,.T.);
#5299=EDGE_CURVE('',#4764,#4765,#2968,.T.);
#5303=EDGE_CURVE('',#4772,#4773,#3020,.T.);
#5305=EDGE_CURVE('',#4773,#4772,#3030,.T.);
#5309=EDGE_CURVE('',#4781,#4780,#3056,.T.);
#5311=EDGE_CURVE('',#4780,#4781,#3074,.T.);
#5315=EDGE_CURVE('',#4789,#4788,#3088,.T.);
#5317=EDGE_CURVE('',#4788,#4789,#3106,.T.);
#5321=EDGE_CURVE('',#4796,#4797,#3158,.T.);
#5323=EDGE_CURVE('',#4797,#4796,#3168,.T.);
#5327=EDGE_CURVE('',#4805,#4804,#3194,.T.);
#5329=EDGE_CURVE('',#4804,#4805,#3212,.T.);
#5333=EDGE_CURVE('',#4813,#4812,#3226,.T.);
#5335=EDGE_CURVE('',#4812,#4813,#3244,.T.);
#5339=EDGE_CURVE('',#4820,#4821,#3296,.T.);
#5341=EDGE_CURVE('',#4821,#4820,#3306,.T.);
#5345=EDGE_CURVE('',#4829,#4828,#3332,.T.);
#5347=EDGE_CURVE('',#4828,#4829,#3350,.T.);
#5351=EDGE_CURVE('',#4108,#4109,#41,.T.);
#5353=EDGE_CURVE('',#4109,#4111,#45,.T.);
#5355=EDGE_CURVE('',#4111,#4113,#49,.T.);
#5357=EDGE_CURVE('',#4113,#4115,#53,.T.);
#5359=EDGE_CURVE('',#4115,#4117,#57,.T.);
#5361=EDGE_CURVE('',#4117,#4119,#61,.T.);
#5363=EDGE_CURVE('',#4119,#4108,#65,.T.);
#5367=EDGE_CURVE('',#4662,#4663,#69,.T.);
#5369=EDGE_CURVE('',#4663,#4953,#73,.T.);
#5371=EDGE_CURVE('',#4953,#4955,#77,.T.);
#5373=EDGE_CURVE('',#4955,#4957,#81,.T.);
#5375=EDGE_CURVE('',#4957,#4959,#85,.T.);
#5377=EDGE_CURVE('',#4959,#4961,#89,.T.);
#5379=EDGE_CURVE('',#4961,#4963,#93,.T.);
#5381=EDGE_CURVE('',#4963,#4965,#97,.T.);
#5383=EDGE_CURVE('',#4965,#4967,#101,.T.);
#5385=EDGE_CURVE('',#4967,#4969,#105,.T.);
#5387=EDGE_CURVE('',#4969,#4971,#109,.T.);
#5389=EDGE_CURVE('',#4971,#4973,#113,.T.);
#5391=EDGE_CURVE('',#4973,#4975,#117,.T.);
#5393=EDGE_CURVE('',#4975,#4977,#121,.T.);
#5395=EDGE_CURVE('',#4977,#4979,#125,.T.);
#5397=EDGE_CURVE('',#4979,#4981,#129,.T.);
#5399=EDGE_CURVE('',#4981,#4983,#133,.T.);
#5401=EDGE_CURVE('',#4983,#4985,#137,.T.);
#5403=EDGE_CURVE('',#4985,#4987,#141,.T.);
#5405=EDGE_CURVE('',#4987,#4989,#145,.T.);
#5407=EDGE_CURVE('',#4989,#4991,#149,.T.);
#5409=EDGE_CURVE('',#4991,#4993,#153,.T.);
#5411=EDGE_CURVE('',#4993,#4995,#157,.T.);
#5413=EDGE_CURVE('',#4995,#4997,#161,.T.);
#5415=EDGE_CURVE('',#4997,#4999,#165,.T.);
#5417=EDGE_CURVE('',#4999,#5001,#169,.T.);
#5419=EDGE_CURVE('',#5001,#5003,#173,.T.);
#5421=EDGE_CURVE('',#5003,#5005,#177,.T.);
#5423=EDGE_CURVE('',#5005,#5007,#181,.T.);
#5425=EDGE_CURVE('',#5007,#5009,#185,.T.);
#5427=EDGE_CURVE('',#5009,#5011,#189,.T.);
#5429=EDGE_CURVE('',#5011,#5013,#193,.T.);
#5431=EDGE_CURVE('',#5013,#5015,#197,.T.);
#5433=EDGE_CURVE('',#5015,#4675,#201,.T.);
#5435=EDGE_CURVE('',#4675,#4673,#205,.T.);
#5437=EDGE_CURVE('',#4673,#4671,#209,.T.);
#5439=EDGE_CURVE('',#4671,#4669,#213,.T.);
#5441=EDGE_CURVE('',#4669,#4667,#217,.T.);
#5443=EDGE_CURVE('',#4667,#4665,#221,.T.);
#5445=EDGE_CURVE('',#4665,#4662,#225,.T.);
#5449=EDGE_CURVE('',#4678,#4679,#229,.T.);
#5451=EDGE_CURVE('',#4679,#4681,#233,.T.);
#5453=EDGE_CURVE('',#4681,#4683,#237,.T.);
#5455=EDGE_CURVE('',#4683,#4685,#241,.T.);
#5457=EDGE_CURVE('',#4685,#4687,#245,.T.);
#5459=EDGE_CURVE('',#4687,#4689,#249,.T.);
#5461=EDGE_CURVE('',#4689,#4678,#253,.T.);
#5465=EDGE_CURVE('',#5058,#5059,#337,.T.);
#5467=EDGE_CURVE('',#5059,#5061,#341,.T.);
#5469=EDGE_CURVE('',#5061,#5063,#345,.T.);
#5471=EDGE_CURVE('',#5063,#5065,#349,.T.);
#5473=EDGE_CURVE('',#5065,#5067,#353,.T.);
#5475=EDGE_CURVE('',#5067,#5069,#357,.T.);
#5477=EDGE_CURVE('',#5069,#5058,#361,.T.);
#5481=ADVANCED_FACE('',(#5260,#5266,#5272,#5278,#5284,#5290,#5296,#5302,#5308,
#5314,#5320,#5326,#5332,#5338,#5344,#5350,#5366,#5448,#5464,#5480),#5242,.T.);
#5487=EDGE_CURVE('',#5018,#5019,#257,.T.);
#5489=EDGE_CURVE('',#5019,#5021,#261,.T.);
#5491=EDGE_CURVE('',#5021,#5023,#265,.T.);
#5493=EDGE_CURVE('',#5023,#5025,#269,.T.);
#5495=EDGE_CURVE('',#5025,#5027,#273,.T.);
#5497=EDGE_CURVE('',#5027,#5029,#277,.T.);
#5499=EDGE_CURVE('',#5029,#5031,#281,.T.);
#5501=EDGE_CURVE('',#5031,#5033,#285,.T.);
#5503=EDGE_CURVE('',#5033,#5035,#289,.T.);
#5505=EDGE_CURVE('',#5035,#5037,#293,.T.);
#5507=EDGE_CURVE('',#5037,#5039,#297,.T.);
#5509=EDGE_CURVE('',#5039,#5041,#301,.T.);
#5511=EDGE_CURVE('',#5041,#5043,#305,.T.);
#5513=EDGE_CURVE('',#5043,#5045,#309,.T.);
#5515=EDGE_CURVE('',#5045,#5047,#313,.T.);
#5517=EDGE_CURVE('',#5047,#5049,#317,.T.);
#5519=EDGE_CURVE('',#5049,#5051,#321,.T.);
#5521=EDGE_CURVE('',#5051,#5053,#325,.T.);
#5523=EDGE_CURVE('',#5053,#5055,#329,.T.);
#5525=EDGE_CURVE('',#5055,#5018,#333,.T.);
#5529=ADVANCED_FACE('',(#5528),#5486,.T.);
#5536=EDGE_CURVE('',#4597,#4613,#371,.T.);
#5538=EDGE_CURVE('',#4625,#4613,#414,.T.);
#5540=EDGE_CURVE('',#4596,#4625,#401,.T.);
#5544=ADVANCED_FACE('',(#5543),#5534,.T.);
#5563=EDGE_CURVE('',#4609,#4612,#366,.T.);
#5565=EDGE_CURVE('',#4612,#4613,#423,.T.);
#5570=ADVANCED_FACE('',(#5569),#5561,.T.);
#5577=EDGE_CURVE('',#4607,#4615,#376,.T.);
#5579=EDGE_CURVE('',#4615,#4612,#431,.T.);
#5584=ADVANCED_FACE('',(#5583),#5575,.T.);
#5603=EDGE_CURVE('',#4605,#4617,#381,.T.);
#5605=EDGE_CURVE('',#4617,#4615,#440,.T.);
#5610=ADVANCED_FACE('',(#5609),#5601,.T.);
#5617=EDGE_CURVE('',#4603,#4619,#386,.T.);
#5619=EDGE_CURVE('',#4619,#4617,#448,.T.);
#5624=ADVANCED_FACE('',(#5623),#5615,.T.);
#5643=EDGE_CURVE('',#4601,#4621,#391,.T.);
#5645=EDGE_CURVE('',#4621,#4619,#457,.T.);
#5650=ADVANCED_FACE('',(#5649),#5641,.T.);
#5657=EDGE_CURVE('',#4599,#4623,#396,.T.);
#5659=EDGE_CURVE('',#4623,#4621,#465,.T.);
#5664=ADVANCED_FACE('',(#5663),#5655,.T.);
#5684=EDGE_CURVE('',#4625,#4623,#406,.T.);
#5689=ADVANCED_FACE('',(#5688),#5681,.T.);
#5696=EDGE_CURVE('',#4063,#4625,#418,.T.);
#5698=EDGE_CURVE('',#4063,#4089,#487,.T.);
#5700=EDGE_CURVE('',#4089,#4623,#410,.T.);
#5704=ADVANCED_FACE('',(#5703),#5694,.T.);
#5711=EDGE_CURVE('',#4062,#4613,#427,.T.);
#5713=EDGE_CURVE('',#4062,#4063,#501,.T.);
#5718=ADVANCED_FACE('',(#5717),#5709,.T.);
#5725=EDGE_CURVE('',#4069,#4612,#435,.T.);
#5727=EDGE_CURVE('',#4069,#4062,#515,.T.);
#5732=ADVANCED_FACE('',(#5731),#5723,.T.);
#5739=EDGE_CURVE('',#4073,#4615,#444,.T.);
#5741=EDGE_CURVE('',#4073,#4069,#529,.T.);
#5746=ADVANCED_FACE('',(#5745),#5737,.T.);
#5753=EDGE_CURVE('',#4077,#4617,#452,.T.);
#5755=EDGE_CURVE('',#4077,#4073,#543,.T.);
#5760=ADVANCED_FACE('',(#5759),#5751,.T.);
#5767=EDGE_CURVE('',#4081,#4619,#461,.T.);
#5769=EDGE_CURVE('',#4081,#4077,#557,.T.);
#5774=ADVANCED_FACE('',(#5773),#5765,.T.);
#5781=EDGE_CURVE('',#4085,#4621,#469,.T.);
#5783=EDGE_CURVE('',#4085,#4081,#571,.T.);
#5788=ADVANCED_FACE('',(#5787),#5779,.T.);
#5796=EDGE_CURVE('',#4089,#4085,#473,.T.);
#5801=ADVANCED_FACE('',(#5800),#5793,.T.);
#5808=EDGE_CURVE('',#4089,#4091,#478,.T.);
#5810=EDGE_CURVE('',#4091,#4087,#482,.T.);
#5812=EDGE_CURVE('',#4085,#4087,#576,.T.);
#5816=ADVANCED_FACE('',(#5815),#5806,.F.);
#5823=EDGE_CURVE('',#4063,#4067,#492,.T.);
#5825=EDGE_CURVE('',#4067,#4091,#497,.T.);
#5830=ADVANCED_FACE('',(#5829),#5821,.F.);
#5837=EDGE_CURVE('',#4062,#4066,#506,.T.);
#5839=EDGE_CURVE('',#4066,#4067,#510,.T.);
#5844=ADVANCED_FACE('',(#5843),#5835,.F.);
#5851=EDGE_CURVE('',#4069,#4071,#520,.T.);
#5853=EDGE_CURVE('',#4071,#4066,#525,.T.);
#5858=ADVANCED_FACE('',(#5857),#5849,.F.);
#5865=EDGE_CURVE('',#4073,#4075,#534,.T.);
#5867=EDGE_CURVE('',#4075,#4071,#538,.T.);
#5872=ADVANCED_FACE('',(#5871),#5863,.F.);
#5879=EDGE_CURVE('',#4077,#4079,#548,.T.);
#5881=EDGE_CURVE('',#4079,#4075,#553,.T.);
#5886=ADVANCED_FACE('',(#5885),#5877,.F.);
#5893=EDGE_CURVE('',#4081,#4083,#562,.T.);
#5895=EDGE_CURVE('',#4083,#4079,#566,.T.);
#5900=ADVANCED_FACE('',(#5899),#5891,.F.);
#5908=EDGE_CURVE('',#4087,#4083,#581,.T.);
#5913=ADVANCED_FACE('',(#5912),#5905,.F.);
#5919=EDGE_CURVE('',#4042,#4043,#620,.T.);
#5921=EDGE_CURVE('',#4042,#4020,#664,.T.);
#5923=EDGE_CURVE('',#4010,#4020,#1234,.T.);
#5925=EDGE_CURVE('',#4051,#4010,#2028,.T.);
#5927=EDGE_CURVE('',#4048,#4051,#2131,.T.);
#5929=EDGE_CURVE('',#4048,#4043,#585,.T.);
#5933=EDGE_CURVE('',#4054,#4055,#590,.T.);
#5935=EDGE_CURVE('',#4055,#4054,#595,.T.);
#5939=EDGE_CURVE('',#4058,#4059,#600,.T.);
#5941=EDGE_CURVE('',#4059,#4058,#605,.T.);
#5955=ADVANCED_FACE('',(#5932,#5938,#5944,#5954),#5918,.T.);
#5961=EDGE_CURVE('',#4216,#4217,#611,.T.);
#5963=EDGE_CURVE('',#4216,#4042,#615,.T.);
#5966=EDGE_CURVE('',#4045,#4043,#624,.T.);
#5968=EDGE_CURVE('',#4045,#4218,#629,.T.);
#5970=EDGE_CURVE('',#4217,#4218,#635,.T.);
#5974=ADVANCED_FACE('',(#5973),#5960,.T.);
#5983=EDGE_CURVE('',#4218,#4206,#639,.T.);
#5985=EDGE_CURVE('',#4206,#4207,#760,.T.);
#5987=EDGE_CURVE('',#4225,#4207,#2653,.T.);
#5989=EDGE_CURVE('',#4027,#4225,#643,.T.);
#5991=EDGE_CURVE('',#4025,#4027,#648,.T.);
#5993=EDGE_CURVE('',#4023,#4025,#652,.T.);
#5995=EDGE_CURVE('',#4021,#4023,#656,.T.);
#5997=EDGE_CURVE('',#4020,#4021,#660,.T.);
#6002=ADVANCED_FACE('',(#6001),#5979,.T.);
#6008=EDGE_CURVE('',#4580,#4581,#668,.T.);
#6010=EDGE_CURVE('',#4206,#4581,#752,.T.);
#6013=EDGE_CURVE('',#4218,#4221,#672,.T.);
#6015=EDGE_CURVE('',#4221,#4203,#676,.T.);
#6017=EDGE_CURVE('',#4591,#4203,#764,.T.);
#6019=EDGE_CURVE('',#4591,#4589,#680,.T.);
#6021=EDGE_CURVE('',#4589,#4580,#684,.T.);
#6025=ADVANCED_FACE('',(#6024),#6007,.T.);
#6032=EDGE_CURVE('',#4580,#4583,#694,.T.);
#6034=EDGE_CURVE('',#4583,#4585,#776,.T.);
#6036=EDGE_CURVE('',#4585,#4581,#689,.T.);
#6040=ADVANCED_FACE('',(#6039),#6030,.T.);
#6048=EDGE_CURVE('',#4588,#4589,#699,.T.);
#6050=EDGE_CURVE('',#4030,#4588,#2611,.T.);
#6052=EDGE_CURVE('',#4173,#4030,#889,.T.);
#6054=EDGE_CURVE('',#4163,#4173,#703,.T.);
#6056=EDGE_CURVE('',#4162,#4163,#707,.T.);
#6058=EDGE_CURVE('',#4162,#4175,#711,.T.);
#6060=EDGE_CURVE('',#4013,#4175,#863,.T.);
#6062=EDGE_CURVE('',#4011,#4013,#2036,.T.);
#6064=EDGE_CURVE('',#4011,#4126,#715,.T.);
#6066=EDGE_CURVE('',#4126,#4134,#719,.T.);
#6068=EDGE_CURVE('',#4134,#4135,#723,.T.);
#6070=EDGE_CURVE('',#4130,#4135,#727,.T.);
#6072=EDGE_CURVE('',#4130,#4021,#731,.T.);
#6075=EDGE_CURVE('',#4169,#4023,#843,.T.);
#6077=EDGE_CURVE('',#4167,#4169,#735,.T.);
#6079=EDGE_CURVE('',#4166,#4167,#739,.T.);
#6081=EDGE_CURVE('',#4166,#4171,#743,.T.);
#6083=EDGE_CURVE('',#4034,#4171,#809,.T.);
#6085=EDGE_CURVE('',#4034,#4583,#780,.T.);
#6089=ADVANCED_FACE('',(#6088),#6045,.T.);
#6097=EDGE_CURVE('',#4591,#4593,#748,.T.);
#6099=EDGE_CURVE('',#4593,#4588,#2594,.T.);
#6103=ADVANCED_FACE('',(#6102),#6094,.T.);
#6111=EDGE_CURVE('',#4585,#4215,#793,.T.);
#6113=EDGE_CURVE('',#4207,#4215,#756,.T.);
#6118=ADVANCED_FACE('',(#6117),#6108,.T.);
#6124=EDGE_CURVE('',#4593,#4211,#2598,.T.);
#6128=EDGE_CURVE('',#4202,#4203,#768,.T.);
#6130=EDGE_CURVE('',#4211,#4202,#772,.T.);
#6134=ADVANCED_FACE('',(#6133),#6123,.T.);
#6142=EDGE_CURVE('',#4034,#4035,#805,.T.);
#6144=EDGE_CURVE('',#4039,#4035,#785,.T.);
#6146=EDGE_CURVE('',#4039,#4214,#2057,.T.);
#6148=EDGE_CURVE('',#4214,#4215,#789,.T.);
#6153=ADVANCED_FACE('',(#6152),#6139,.T.);
#6159=EDGE_CURVE('',#4237,#4256,#797,.T.);
#6161=EDGE_CURVE('',#4236,#4237,#801,.T.);
#6163=EDGE_CURVE('',#4035,#4236,#2182,.T.);
#6167=EDGE_CURVE('',#4171,#4179,#813,.T.);
#6169=EDGE_CURVE('',#4179,#4627,#818,.T.);
#6171=EDGE_CURVE('',#4627,#4256,#822,.T.);
#6175=ADVANCED_FACE('',(#6174),#6158,.T.);
#6181=EDGE_CURVE('',#4260,#4241,#826,.T.);
#6183=EDGE_CURVE('',#4629,#4260,#830,.T.);
#6185=EDGE_CURVE('',#4629,#4177,#835,.T.);
#6187=EDGE_CURVE('',#4169,#4177,#839,.T.);
#6191=EDGE_CURVE('',#4240,#4025,#2191,.T.);
#6193=EDGE_CURVE('',#4240,#4241,#847,.T.);
#6197=ADVANCED_FACE('',(#6196),#6180,.T.);
#6203=EDGE_CURVE('',#5144,#5145,#851,.T.);
#6205=EDGE_CURVE('',#5091,#5145,#855,.T.);
#6207=EDGE_CURVE('',#5127,#5091,#859,.T.);
#6209=EDGE_CURVE('',#4015,#5127,#2200,.T.);
#6211=EDGE_CURVE('',#4013,#4015,#2040,.T.);
#6214=EDGE_CURVE('',#4175,#4183,#867,.T.);
#6216=EDGE_CURVE('',#4183,#5144,#872,.T.);
#6220=ADVANCED_FACE('',(#6219),#6202,.T.);
#6226=EDGE_CURVE('',#5148,#5149,#876,.T.);
#6228=EDGE_CURVE('',#5148,#4181,#881,.T.);
#6230=EDGE_CURVE('',#4173,#4181,#885,.T.);
#6233=EDGE_CURVE('',#4030,#4031,#893,.T.);
#6235=EDGE_CURVE('',#5129,#4031,#2209,.T.);
#6237=EDGE_CURVE('',#5129,#5093,#897,.T.);
#6239=EDGE_CURVE('',#5149,#5093,#901,.T.);
#6243=ADVANCED_FACE('',(#6242),#6225,.T.);
#6249=EDGE_CURVE('',#4256,#4257,#905,.T.);
#6251=EDGE_CURVE('',#4228,#4257,#1007,.T.);
#6253=EDGE_CURVE('',#4237,#4228,#2139,.T.);
#6258=ADVANCED_FACE('',(#6257),#6248,.T.);
#6264=EDGE_CURVE('',#4260,#4261,#909,.T.);
#6267=EDGE_CURVE('',#4241,#4232,#2173,.T.);
#6269=EDGE_CURVE('',#4261,#4232,#1003,.T.);
#6273=ADVANCED_FACE('',(#6272),#6263,.T.);
#6279=EDGE_CURVE('',#5232,#5233,#914,.T.);
#6281=EDGE_CURVE('',#5232,#4257,#918,.T.);
#6285=EDGE_CURVE('',#4627,#5196,#922,.T.);
#6287=EDGE_CURVE('',#5192,#5196,#1175,.T.);
#6289=EDGE_CURVE('',#5192,#4281,#926,.T.);
#6291=EDGE_CURVE('',#4280,#4281,#930,.T.);
#6293=EDGE_CURVE('',#4280,#5233,#934,.T.);
#6297=ADVANCED_FACE('',(#6296),#6278,.F.);
#6304=EDGE_CURVE('',#5235,#5233,#960,.T.);
#6306=EDGE_CURVE('',#5235,#5237,#1146,.T.);
#6308=EDGE_CURVE('',#5237,#5232,#1011,.T.);
#6312=ADVANCED_FACE('',(#6311),#6302,.T.);
#6318=EDGE_CURVE('',#5227,#5225,#938,.T.);
#6320=EDGE_CURVE('',#4264,#5225,#995,.T.);
#6322=EDGE_CURVE('',#4295,#4264,#943,.T.);
#6324=EDGE_CURVE('',#4299,#4295,#948,.T.);
#6326=EDGE_CURVE('',#4276,#4299,#952,.T.);
#6328=EDGE_CURVE('',#4284,#4276,#956,.T.);
#6330=EDGE_CURVE('',#4284,#5227,#1033,.T.);
#6334=ADVANCED_FACE('',(#6333),#6317,.T.);
#6342=EDGE_CURVE('',#4272,#4280,#964,.T.);
#6344=EDGE_CURVE('',#4301,#4272,#968,.T.);
#6346=EDGE_CURVE('',#4297,#4301,#973,.T.);
#6348=EDGE_CURVE('',#4268,#4297,#978,.T.);
#6350=EDGE_CURVE('',#5235,#4268,#1150,.T.);
#6354=ADVANCED_FACE('',(#6353),#6339,.T.);
#6360=EDGE_CURVE('',#5224,#5225,#983,.T.);
#6363=EDGE_CURVE('',#5227,#5229,#1029,.T.);
#6365=EDGE_CURVE('',#5229,#5224,#999,.T.);
#6369=ADVANCED_FACE('',(#6368),#6359,.T.);
#6376=EDGE_CURVE('',#5224,#5077,#1024,.T.);
#6378=EDGE_CURVE('',#5077,#5081,#987,.T.);
#6380=EDGE_CURVE('',#5188,#5081,#1119,.T.);
#6382=EDGE_CURVE('',#5184,#5188,#1106,.T.);
#6384=EDGE_CURVE('',#5184,#4265,#991,.T.);
#6386=EDGE_CURVE('',#4264,#4265,#2669,.T.);
#6391=ADVANCED_FACE('',(#6390),#6374,.F.);
#6398=EDGE_CURVE('',#5229,#4261,#1049,.T.);
#6401=EDGE_CURVE('',#4232,#4233,#2169,.T.);
#6403=EDGE_CURVE('',#4229,#4233,#2151,.T.);
#6405=EDGE_CURVE('',#4228,#4229,#2143,.T.);
#6410=EDGE_CURVE('',#5237,#5076,#1015,.T.);
#6412=EDGE_CURVE('',#5076,#5077,#1020,.T.);
#6417=ADVANCED_FACE('',(#6416),#6396,.T.);
#6425=EDGE_CURVE('',#4284,#4285,#1037,.T.);
#6427=EDGE_CURVE('',#5185,#4285,#1041,.T.);
#6429=EDGE_CURVE('',#5189,#5185,#1111,.T.);
#6431=EDGE_CURVE('',#4629,#5189,#1045,.T.);
#6438=ADVANCED_FACE('',(#6437),#6422,.T.);
#6446=EDGE_CURVE('',#4276,#4277,#1057,.T.);
#6448=EDGE_CURVE('',#4285,#4277,#1065,.T.);
#6452=ADVANCED_FACE('',(#6451),#6443,.T.);
#6458=EDGE_CURVE('',#4288,#4299,#1053,.T.);
#6460=EDGE_CURVE('',#4277,#4288,#1069,.T.);
#6466=ADVANCED_FACE('',(#6465),#6457,.T.);
#6472=EDGE_CURVE('',#4288,#4289,#1074,.T.);
#6476=EDGE_CURVE('',#4289,#4295,#2665,.T.);
#6480=ADVANCED_FACE('',(#6479),#6471,.T.);
#6486=EDGE_CURVE('',#5184,#5185,#1061,.T.);
#6492=EDGE_CURVE('',#4289,#4265,#1079,.T.);
#6497=ADVANCED_FACE('',(#6496),#6485,.T.);
#6503=EDGE_CURVE('',#5192,#5193,#1083,.T.);
#6505=EDGE_CURVE('',#4269,#5193,#1158,.T.);
#6507=EDGE_CURVE('',#4269,#4292,#1088,.T.);
#6509=EDGE_CURVE('',#4292,#4293,#1093,.T.);
#6511=EDGE_CURVE('',#4293,#4273,#1097,.T.);
#6513=EDGE_CURVE('',#4273,#4281,#1101,.T.);
#6518=ADVANCED_FACE('',(#6517),#6502,.T.);
#6526=EDGE_CURVE('',#5188,#5189,#1115,.T.);
#6531=ADVANCED_FACE('',(#6530),#6523,.F.);
#6539=EDGE_CURVE('',#5079,#5081,#1124,.T.);
#6541=EDGE_CURVE('',#5197,#5079,#1128,.T.);
#6543=EDGE_CURVE('',#5196,#5197,#1132,.T.);
#6546=EDGE_CURVE('',#4627,#4629,#1137,.T.);
#6551=ADVANCED_FACE('',(#6550),#6536,.T.);
#6558=EDGE_CURVE('',#5076,#5079,#1141,.T.);
#6564=ADVANCED_FACE('',(#6563),#6556,.F.);
#6572=EDGE_CURVE('',#4268,#4269,#1154,.T.);
#6575=EDGE_CURVE('',#5197,#5193,#1180,.T.);
#6582=ADVANCED_FACE('',(#6581),#6569,.F.);
#6588=EDGE_CURVE('',#4292,#4297,#1162,.T.);
#6595=ADVANCED_FACE('',(#6594),#6587,.T.);
#6604=EDGE_CURVE('',#4293,#4301,#1166,.T.);
#6608=ADVANCED_FACE('',(#6607),#6600,.T.);
#6616=EDGE_CURVE('',#4272,#4273,#1170,.T.);
#6621=ADVANCED_FACE('',(#6620),#6613,.T.);
#6633=ADVANCED_FACE('',(#6632),#6626,.T.);
#6645=ADVANCED_FACE('',(#6644),#6638,.F.);
#6653=EDGE_CURVE('',#4179,#4186,#1184,.T.);
#6655=EDGE_CURVE('',#4186,#4187,#1193,.T.);
#6657=EDGE_CURVE('',#4177,#4187,#2435,.T.);
#6662=ADVANCED_FACE('',(#6661),#6650,.F.);
#6668=EDGE_CURVE('',#4139,#4186,#1197,.T.);
#6673=EDGE_CURVE('',#4166,#4194,#2406,.T.);
#6675=EDGE_CURVE('',#4147,#4194,#2444,.T.);
#6677=EDGE_CURVE('',#4146,#4147,#1246,.T.);
#6679=EDGE_CURVE('',#4146,#4139,#1188,.T.);
#6683=ADVANCED_FACE('',(#6682),#6667,.F.);
#6691=EDGE_CURVE('',#4138,#4139,#1201,.T.);
#6693=EDGE_CURVE('',#4187,#4138,#1205,.T.);
#6697=ADVANCED_FACE('',(#6696),#6688,.T.);
#6703=EDGE_CURVE('',#4190,#4191,#1210,.T.);
#6705=EDGE_CURVE('',#4143,#4190,#1214,.T.);
#6707=EDGE_CURVE('',#4142,#4143,#1218,.T.);
#6709=EDGE_CURVE('',#4191,#4142,#1222,.T.);
#6713=ADVANCED_FACE('',(#6712),#6702,.T.);
#6719=EDGE_CURVE('',#4151,#4146,#1259,.T.);
#6721=EDGE_CURVE('',#4151,#4138,#1226,.T.);
#6727=ADVANCED_FACE('',(#6726),#6718,.F.);
#6733=EDGE_CURVE('',#4126,#4127,#1230,.T.);
#6736=EDGE_CURVE('',#4010,#4011,#2032,.T.);
#6741=EDGE_CURVE('',#4130,#4131,#1238,.T.);
#6743=EDGE_CURVE('',#4131,#4127,#1242,.T.);
#6748=EDGE_CURVE('',#4147,#4149,#1251,.T.);
#6750=EDGE_CURVE('',#4149,#4151,#1255,.T.);
#6755=EDGE_CURVE('',#4154,#4155,#1263,.T.);
#6757=EDGE_CURVE('',#4155,#4157,#1267,.T.);
#6759=EDGE_CURVE('',#4157,#4159,#1272,.T.);
#6761=EDGE_CURVE('',#4159,#4154,#1276,.T.);
#6765=ADVANCED_FACE('',(#6746,#6754,#6764),#6732,.T.);
#6772=EDGE_CURVE('',#4127,#4123,#1280,.T.);
#6774=EDGE_CURVE('',#4123,#4134,#1288,.T.);
#6779=ADVANCED_FACE('',(#6778),#6770,.F.);
#6786=EDGE_CURVE('',#4131,#4122,#1284,.T.);
#6788=EDGE_CURVE('',#4122,#4123,#1292,.T.);
#6793=ADVANCED_FACE('',(#6792),#6784,.F.);
#6801=EDGE_CURVE('',#4135,#4122,#1296,.T.);
#6806=ADVANCED_FACE('',(#6805),#6798,.F.);
#6818=EDGE_CURVE('',#4364,#4365,#1300,.T.);
#6820=EDGE_CURVE('',#4365,#4367,#1304,.T.);
#6822=EDGE_CURVE('',#4367,#4369,#1308,.T.);
#6824=EDGE_CURVE('',#4369,#4364,#1312,.T.);
#6828=EDGE_CURVE('',#4372,#4373,#1316,.T.);
#6830=EDGE_CURVE('',#4373,#4375,#1320,.T.);
#6832=EDGE_CURVE('',#4375,#4377,#1324,.T.);
#6834=EDGE_CURVE('',#4377,#4372,#1328,.T.);
#6838=EDGE_CURVE('',#4380,#4381,#1332,.T.);
#6840=EDGE_CURVE('',#4381,#4383,#1336,.T.);
#6842=EDGE_CURVE('',#4383,#4385,#1340,.T.);
#6844=EDGE_CURVE('',#4385,#4380,#1344,.T.);
#6848=EDGE_CURVE('',#4412,#4413,#1348,.T.);
#6850=EDGE_CURVE('',#4413,#4415,#1352,.T.);
#6852=EDGE_CURVE('',#4415,#4417,#1356,.T.);
#6854=EDGE_CURVE('',#4417,#4412,#1360,.T.);
#6858=EDGE_CURVE('',#4420,#4421,#1364,.T.);
#6860=EDGE_CURVE('',#4421,#4423,#1368,.T.);
#6862=EDGE_CURVE('',#4423,#4425,#1372,.T.);
#6864=EDGE_CURVE('',#4425,#4420,#1376,.T.);
#6868=EDGE_CURVE('',#4428,#4429,#1380,.T.);
#6870=EDGE_CURVE('',#4429,#4431,#1384,.T.);
#6872=EDGE_CURVE('',#4431,#4433,#1388,.T.);
#6874=EDGE_CURVE('',#4433,#4428,#1392,.T.);
#6878=EDGE_CURVE('',#4460,#4461,#1396,.T.);
#6880=EDGE_CURVE('',#4461,#4463,#1400,.T.);
#6882=EDGE_CURVE('',#4463,#4465,#1404,.T.);
#6884=EDGE_CURVE('',#4465,#4460,#1408,.T.);
#6888=EDGE_CURVE('',#4468,#4469,#1412,.T.);
#6890=EDGE_CURVE('',#4469,#4471,#1416,.T.);
#6892=EDGE_CURVE('',#4471,#4473,#1420,.T.);
#6894=EDGE_CURVE('',#4473,#4468,#1424,.T.);
#6898=EDGE_CURVE('',#4476,#4477,#1428,.T.);
#6900=EDGE_CURVE('',#4477,#4479,#1432,.T.);
#6902=EDGE_CURVE('',#4479,#4481,#1436,.T.);
#6904=EDGE_CURVE('',#4481,#4476,#1440,.T.);
#6908=EDGE_CURVE('',#4508,#4509,#1444,.T.);
#6910=EDGE_CURVE('',#4509,#4511,#1448,.T.);
#6912=EDGE_CURVE('',#4511,#4513,#1452,.T.);
#6914=EDGE_CURVE('',#4513,#4508,#1456,.T.);
#6918=EDGE_CURVE('',#4516,#4517,#1460,.T.);
#6920=EDGE_CURVE('',#4517,#4519,#1464,.T.);
#6922=EDGE_CURVE('',#4519,#4521,#1468,.T.);
#6924=EDGE_CURVE('',#4521,#4516,#1472,.T.);
#6928=EDGE_CURVE('',#4524,#4525,#1476,.T.);
#6930=EDGE_CURVE('',#4525,#4527,#1480,.T.);
#6932=EDGE_CURVE('',#4527,#4529,#1484,.T.);
#6934=EDGE_CURVE('',#4529,#4524,#1488,.T.);
#6938=EDGE_CURVE('',#4556,#4557,#1492,.T.);
#6940=EDGE_CURVE('',#4557,#4559,#1496,.T.);
#6942=EDGE_CURVE('',#4559,#4561,#1500,.T.);
#6944=EDGE_CURVE('',#4561,#4556,#1504,.T.);
#6948=EDGE_CURVE('',#4564,#4565,#1508,.T.);
#6950=EDGE_CURVE('',#4565,#4567,#1512,.T.);
#6952=EDGE_CURVE('',#4567,#4569,#1516,.T.);
#6954=EDGE_CURVE('',#4569,#4564,#1520,.T.);
#6958=EDGE_CURVE('',#4572,#4573,#1524,.T.);
#6960=EDGE_CURVE('',#4573,#4575,#1528,.T.);
#6962=EDGE_CURVE('',#4575,#4577,#1532,.T.);
#6964=EDGE_CURVE('',#4577,#4572,#1536,.T.);
#6968=ADVANCED_FACE('',(#6817,#6827,#6837,#6847,#6857,#6867,#6877,#6887,#6897,
#6907,#6917,#6927,#6937,#6947,#6957,#6967),#6811,.T.);
#6975=EDGE_CURVE('',#4364,#4340,#1540,.T.);
#6977=EDGE_CURVE('',#4340,#4341,#1556,.T.);
#6979=EDGE_CURVE('',#4365,#4341,#1552,.T.);
#6983=ADVANCED_FACE('',(#6982),#6973,.T.);
#6990=EDGE_CURVE('',#4369,#4345,#1544,.T.);
#6992=EDGE_CURVE('',#4345,#4340,#1560,.T.);
#6997=ADVANCED_FACE('',(#6996),#6988,.T.);
#7004=EDGE_CURVE('',#4367,#4343,#1548,.T.);
#7006=EDGE_CURVE('',#4343,#4345,#1564,.T.);
#7011=ADVANCED_FACE('',(#7010),#7002,.T.);
#7019=EDGE_CURVE('',#4341,#4343,#1568,.T.);
#7024=ADVANCED_FACE('',(#7023),#7016,.T.);
#7036=ADVANCED_FACE('',(#7035),#7029,.T.);
#7042=EDGE_CURVE('',#4348,#4349,#1572,.T.);
#7044=EDGE_CURVE('',#4353,#4348,#1576,.T.);
#7046=EDGE_CURVE('',#4351,#4353,#1580,.T.);
#7048=EDGE_CURVE('',#4349,#4351,#1584,.T.);
#7052=ADVANCED_FACE('',(#7051),#7041,.T.);
#7058=EDGE_CURVE('',#4356,#4357,#1588,.T.);
#7060=EDGE_CURVE('',#4361,#4356,#1592,.T.);
#7062=EDGE_CURVE('',#4359,#4361,#1596,.T.);
#7064=EDGE_CURVE('',#4357,#4359,#1600,.T.);
#7068=ADVANCED_FACE('',(#7067),#7057,.T.);
#7075=EDGE_CURVE('',#4372,#4348,#1604,.T.);
#7078=EDGE_CURVE('',#4373,#4349,#1616,.T.);
#7082=ADVANCED_FACE('',(#7081),#7073,.T.);
#7089=EDGE_CURVE('',#4377,#4353,#1608,.T.);
#7095=ADVANCED_FACE('',(#7094),#7087,.T.);
#7102=EDGE_CURVE('',#4375,#4351,#1612,.T.);
#7108=ADVANCED_FACE('',(#7107),#7100,.T.);
#7120=ADVANCED_FACE('',(#7119),#7113,.T.);
#7127=EDGE_CURVE('',#4380,#4356,#1620,.T.);
#7130=EDGE_CURVE('',#4381,#4357,#1632,.T.);
#7134=ADVANCED_FACE('',(#7133),#7125,.T.);
#7141=EDGE_CURVE('',#4385,#4361,#1624,.T.);
#7147=ADVANCED_FACE('',(#7146),#7139,.T.);
#7154=EDGE_CURVE('',#4383,#4359,#1628,.T.);
#7160=ADVANCED_FACE('',(#7159),#7152,.T.);
#7172=ADVANCED_FACE('',(#7171),#7165,.T.);
#7179=EDGE_CURVE('',#4412,#4388,#1636,.T.);
#7181=EDGE_CURVE('',#4388,#4389,#1652,.T.);
#7183=EDGE_CURVE('',#4413,#4389,#1648,.T.);
#7187=ADVANCED_FACE('',(#7186),#7177,.T.);
#7194=EDGE_CURVE('',#4417,#4393,#1640,.T.);
#7196=EDGE_CURVE('',#4393,#4388,#1656,.T.);
#7201=ADVANCED_FACE('',(#7200),#7192,.T.);
#7208=EDGE_CURVE('',#4415,#4391,#1644,.T.);
#7210=EDGE_CURVE('',#4391,#4393,#1660,.T.);
#7215=ADVANCED_FACE('',(#7214),#7206,.T.);
#7223=EDGE_CURVE('',#4389,#4391,#1664,.T.);
#7228=ADVANCED_FACE('',(#7227),#7220,.T.);
#7240=ADVANCED_FACE('',(#7239),#7233,.T.);
#7246=EDGE_CURVE('',#4396,#4397,#1668,.T.);
#7248=EDGE_CURVE('',#4401,#4396,#1672,.T.);
#7250=EDGE_CURVE('',#4399,#4401,#1676,.T.);
#7252=EDGE_CURVE('',#4397,#4399,#1680,.T.);
#7256=ADVANCED_FACE('',(#7255),#7245,.T.);
#7262=EDGE_CURVE('',#4404,#4405,#1684,.T.);
#7264=EDGE_CURVE('',#4409,#4404,#1688,.T.);
#7266=EDGE_CURVE('',#4407,#4409,#1692,.T.);
#7268=EDGE_CURVE('',#4405,#4407,#1696,.T.);
#7272=ADVANCED_FACE('',(#7271),#7261,.T.);
#7279=EDGE_CURVE('',#4420,#4396,#1700,.T.);
#7282=EDGE_CURVE('',#4421,#4397,#1712,.T.);
#7286=ADVANCED_FACE('',(#7285),#7277,.T.);
#7293=EDGE_CURVE('',#4425,#4401,#1704,.T.);
#7299=ADVANCED_FACE('',(#7298),#7291,.T.);
#7306=EDGE_CURVE('',#4423,#4399,#1708,.T.);
#7312=ADVANCED_FACE('',(#7311),#7304,.T.);
#7324=ADVANCED_FACE('',(#7323),#7317,.T.);
#7331=EDGE_CURVE('',#4428,#4404,#1716,.T.);
#7334=EDGE_CURVE('',#4429,#4405,#1728,.T.);
#7338=ADVANCED_FACE('',(#7337),#7329,.T.);
#7345=EDGE_CURVE('',#4433,#4409,#1720,.T.);
#7351=ADVANCED_FACE('',(#7350),#7343,.T.);
#7358=EDGE_CURVE('',#4431,#4407,#1724,.T.);
#7364=ADVANCED_FACE('',(#7363),#7356,.T.);
#7376=ADVANCED_FACE('',(#7375),#7369,.T.);
#7383=EDGE_CURVE('',#4460,#4436,#1732,.T.);
#7385=EDGE_CURVE('',#4436,#4437,#1748,.T.);
#7387=EDGE_CURVE('',#4461,#4437,#1744,.T.);
#7391=ADVANCED_FACE('',(#7390),#7381,.T.);
#7398=EDGE_CURVE('',#4465,#4441,#1736,.T.);
#7400=EDGE_CURVE('',#4441,#4436,#1752,.T.);
#7405=ADVANCED_FACE('',(#7404),#7396,.T.);
#7412=EDGE_CURVE('',#4463,#4439,#1740,.T.);
#7414=EDGE_CURVE('',#4439,#4441,#1756,.T.);
#7419=ADVANCED_FACE('',(#7418),#7410,.T.);
#7427=EDGE_CURVE('',#4437,#4439,#1760,.T.);
#7432=ADVANCED_FACE('',(#7431),#7424,.T.);
#7444=ADVANCED_FACE('',(#7443),#7437,.T.);
#7450=EDGE_CURVE('',#4444,#4445,#1764,.T.);
#7452=EDGE_CURVE('',#4449,#4444,#1768,.T.);
#7454=EDGE_CURVE('',#4447,#4449,#1772,.T.);
#7456=EDGE_CURVE('',#4445,#4447,#1776,.T.);
#7460=ADVANCED_FACE('',(#7459),#7449,.T.);
#7466=EDGE_CURVE('',#4452,#4453,#1780,.T.);
#7468=EDGE_CURVE('',#4457,#4452,#1784,.T.);
#7470=EDGE_CURVE('',#4455,#4457,#1788,.T.);
#7472=EDGE_CURVE('',#4453,#4455,#1792,.T.);
#7476=ADVANCED_FACE('',(#7475),#7465,.T.);
#7483=EDGE_CURVE('',#4468,#4444,#1796,.T.);
#7486=EDGE_CURVE('',#4469,#4445,#1808,.T.);
#7490=ADVANCED_FACE('',(#7489),#7481,.T.);
#7497=EDGE_CURVE('',#4473,#4449,#1800,.T.);
#7503=ADVANCED_FACE('',(#7502),#7495,.T.);
#7510=EDGE_CURVE('',#4471,#4447,#1804,.T.);
#7516=ADVANCED_FACE('',(#7515),#7508,.T.);
#7528=ADVANCED_FACE('',(#7527),#7521,.T.);
#7535=EDGE_CURVE('',#4476,#4452,#1812,.T.);
#7538=EDGE_CURVE('',#4477,#4453,#1824,.T.);
#7542=ADVANCED_FACE('',(#7541),#7533,.T.);
#7549=EDGE_CURVE('',#4481,#4457,#1816,.T.);
#7555=ADVANCED_FACE('',(#7554),#7547,.T.);
#7562=EDGE_CURVE('',#4479,#4455,#1820,.T.);
#7568=ADVANCED_FACE('',(#7567),#7560,.T.);
#7580=ADVANCED_FACE('',(#7579),#7573,.T.);
#7587=EDGE_CURVE('',#4508,#4484,#1828,.T.);
#7589=EDGE_CURVE('',#4484,#4485,#1844,.T.);
#7591=EDGE_CURVE('',#4509,#4485,#1840,.T.);
#7595=ADVANCED_FACE('',(#7594),#7585,.T.);
#7602=EDGE_CURVE('',#4513,#4489,#1832,.T.);
#7604=EDGE_CURVE('',#4489,#4484,#1848,.T.);
#7609=ADVANCED_FACE('',(#7608),#7600,.T.);
#7616=EDGE_CURVE('',#4511,#4487,#1836,.T.);
#7618=EDGE_CURVE('',#4487,#4489,#1852,.T.);
#7623=ADVANCED_FACE('',(#7622),#7614,.T.);
#7631=EDGE_CURVE('',#4485,#4487,#1856,.T.);
#7636=ADVANCED_FACE('',(#7635),#7628,.T.);
#7648=ADVANCED_FACE('',(#7647),#7641,.T.);
#7654=EDGE_CURVE('',#4492,#4493,#1860,.T.);
#7656=EDGE_CURVE('',#4497,#4492,#1864,.T.);
#7658=EDGE_CURVE('',#4495,#4497,#1868,.T.);
#7660=EDGE_CURVE('',#4493,#4495,#1872,.T.);
#7664=ADVANCED_FACE('',(#7663),#7653,.T.);
#7670=EDGE_CURVE('',#4500,#4501,#1876,.T.);
#7672=EDGE_CURVE('',#4505,#4500,#1880,.T.);
#7674=EDGE_CURVE('',#4503,#4505,#1884,.T.);
#7676=EDGE_CURVE('',#4501,#4503,#1888,.T.);
#7680=ADVANCED_FACE('',(#7679),#7669,.T.);
#7687=EDGE_CURVE('',#4516,#4492,#1892,.T.);
#7690=EDGE_CURVE('',#4517,#4493,#1904,.T.);
#7694=ADVANCED_FACE('',(#7693),#7685,.T.);
#7701=EDGE_CURVE('',#4521,#4497,#1896,.T.);
#7707=ADVANCED_FACE('',(#7706),#7699,.T.);
#7714=EDGE_CURVE('',#4519,#4495,#1900,.T.);
#7720=ADVANCED_FACE('',(#7719),#7712,.T.);
#7732=ADVANCED_FACE('',(#7731),#7725,.T.);
#7739=EDGE_CURVE('',#4524,#4500,#1908,.T.);
#7742=EDGE_CURVE('',#4525,#4501,#1920,.T.);
#7746=ADVANCED_FACE('',(#7745),#7737,.T.);
#7753=EDGE_CURVE('',#4529,#4505,#1912,.T.);
#7759=ADVANCED_FACE('',(#7758),#7751,.T.);
#7766=EDGE_CURVE('',#4527,#4503,#1916,.T.);
#7772=ADVANCED_FACE('',(#7771),#7764,.T.);
#7784=ADVANCED_FACE('',(#7783),#7777,.T.);
#7791=EDGE_CURVE('',#4556,#4532,#1924,.T.);
#7793=EDGE_CURVE('',#4532,#4533,#1940,.T.);
#7795=EDGE_CURVE('',#4557,#4533,#1936,.T.);
#7799=ADVANCED_FACE('',(#7798),#7789,.T.);
#7806=EDGE_CURVE('',#4561,#4537,#1928,.T.);
#7808=EDGE_CURVE('',#4537,#4532,#1944,.T.);
#7813=ADVANCED_FACE('',(#7812),#7804,.T.);
#7820=EDGE_CURVE('',#4559,#4535,#1932,.T.);
#7822=EDGE_CURVE('',#4535,#4537,#1948,.T.);
#7827=ADVANCED_FACE('',(#7826),#7818,.T.);
#7835=EDGE_CURVE('',#4533,#4535,#1952,.T.);
#7840=ADVANCED_FACE('',(#7839),#7832,.T.);
#7852=ADVANCED_FACE('',(#7851),#7845,.T.);
#7858=EDGE_CURVE('',#4540,#4541,#1956,.T.);
#7860=EDGE_CURVE('',#4545,#4540,#1960,.T.);
#7862=EDGE_CURVE('',#4543,#4545,#1964,.T.);
#7864=EDGE_CURVE('',#4541,#4543,#1968,.T.);
#7868=ADVANCED_FACE('',(#7867),#7857,.T.);
#7874=EDGE_CURVE('',#4548,#4549,#1972,.T.);
#7876=EDGE_CURVE('',#4553,#4548,#1976,.T.);
#7878=EDGE_CURVE('',#4551,#4553,#1980,.T.);
#7880=EDGE_CURVE('',#4549,#4551,#1984,.T.);
#7884=ADVANCED_FACE('',(#7883),#7873,.T.);
#7891=EDGE_CURVE('',#4564,#4540,#1988,.T.);
#7894=EDGE_CURVE('',#4565,#4541,#2000,.T.);
#7898=ADVANCED_FACE('',(#7897),#7889,.T.);
#7905=EDGE_CURVE('',#4569,#4545,#1992,.T.);
#7911=ADVANCED_FACE('',(#7910),#7903,.T.);
#7918=EDGE_CURVE('',#4567,#4543,#1996,.T.);
#7924=ADVANCED_FACE('',(#7923),#7916,.T.);
#7936=ADVANCED_FACE('',(#7935),#7929,.T.);
#7943=EDGE_CURVE('',#4572,#4548,#2004,.T.);
#7946=EDGE_CURVE('',#4573,#4549,#2016,.T.);
#7950=ADVANCED_FACE('',(#7949),#7941,.T.);
#7957=EDGE_CURVE('',#4577,#4553,#2008,.T.);
#7963=ADVANCED_FACE('',(#7962),#7955,.T.);
#7970=EDGE_CURVE('',#4575,#4551,#2012,.T.);
#7976=ADVANCED_FACE('',(#7975),#7968,.T.);
#7988=ADVANCED_FACE('',(#7987),#7981,.T.);
#7994=EDGE_CURVE('',#4017,#4223,#2020,.T.);
#7996=EDGE_CURVE('',#4223,#4202,#2024,.T.);
#8000=EDGE_CURVE('',#4220,#4221,#2117,.T.);
#8002=EDGE_CURVE('',#4219,#4220,#2111,.T.);
#8004=EDGE_CURVE('',#4051,#4219,#2135,.T.);
#8010=EDGE_CURVE('',#4015,#4017,#2045,.T.);
#8014=ADVANCED_FACE('',(#8013),#7993,.F.);
#8022=EDGE_CURVE('',#4049,#4045,#2105,.T.);
#8024=EDGE_CURVE('',#4221,#4049,#2122,.T.);
#8028=ADVANCED_FACE('',(#8027),#8019,.T.);
#8034=EDGE_CURVE('',#4243,#4247,#2049,.T.);
#8036=EDGE_CURVE('',#4247,#4214,#2053,.T.);
#8039=EDGE_CURVE('',#4039,#4243,#2061,.T.);
#8043=ADVANCED_FACE('',(#8042),#8033,.T.);
#8049=EDGE_CURVE('',#4245,#4249,#2065,.T.);
#8051=EDGE_CURVE('',#4245,#4027,#2069,.T.);
#8054=EDGE_CURVE('',#4225,#4249,#2073,.T.);
#8058=ADVANCED_FACE('',(#8057),#8048,.T.);
#8064=EDGE_CURVE('',#5131,#5135,#2077,.T.);
#8066=EDGE_CURVE('',#4223,#5135,#2081,.T.);
#8069=EDGE_CURVE('',#4017,#5131,#2085,.T.);
#8073=ADVANCED_FACE('',(#8072),#8063,.T.);
#8079=EDGE_CURVE('',#5133,#5137,#2089,.T.);
#8081=EDGE_CURVE('',#5133,#4037,#2093,.T.);
#8083=EDGE_CURVE('',#4037,#4210,#2097,.T.);
#8085=EDGE_CURVE('',#5137,#4210,#2101,.T.);
#8089=ADVANCED_FACE('',(#8088),#8078,.T.);
#8097=EDGE_CURVE('',#4048,#4049,#2126,.T.);
#8102=ADVANCED_FACE('',(#8101),#8094,.T.);
#8116=ADVANCED_FACE('',(#8115),#8107,.T.);
#8125=EDGE_CURVE('',#4229,#4251,#2147,.T.);
#8127=EDGE_CURVE('',#4247,#4251,#2641,.T.);
#8130=EDGE_CURVE('',#4243,#4236,#2178,.T.);
#8134=ADVANCED_FACE('',(#8133),#8121,.F.);
#8142=EDGE_CURVE('',#4233,#4253,#2165,.T.);
#8144=EDGE_CURVE('',#4251,#4253,#2645,.T.);
#8148=EDGE_CURVE('',#5072,#5073,#2156,.T.);
#8150=EDGE_CURVE('',#5073,#5072,#2161,.T.);
#8154=ADVANCED_FACE('',(#8147,#8153),#8139,.T.);
#8161=EDGE_CURVE('',#4245,#4240,#2187,.T.);
#8164=EDGE_CURVE('',#4249,#4253,#2649,.T.);
#8171=ADVANCED_FACE('',(#8170),#8159,.T.);
#8183=ADVANCED_FACE('',(#8182),#8176,.F.);
#8195=ADVANCED_FACE('',(#8194),#8188,.F.);
#8201=EDGE_CURVE('',#5131,#5127,#2196,.T.);
#8208=ADVANCED_FACE('',(#8207),#8200,.F.);
#8214=EDGE_CURVE('',#5133,#5129,#2205,.T.);
#8217=EDGE_CURVE('',#4037,#4031,#2607,.T.);
#8222=ADVANCED_FACE('',(#8221),#8213,.F.);
#8228=EDGE_CURVE('',#5091,#5084,#2213,.T.);
#8230=EDGE_CURVE('',#5084,#5085,#2217,.T.);
#8232=EDGE_CURVE('',#5085,#5139,#2221,.T.);
#8234=EDGE_CURVE('',#5135,#5139,#2560,.T.);
#8241=ADVANCED_FACE('',(#8240),#8227,.F.);
#8247=EDGE_CURVE('',#5145,#5151,#2225,.T.);
#8249=EDGE_CURVE('',#5084,#5151,#2515,.T.);
#8255=ADVANCED_FACE('',(#8254),#8246,.T.);
#8261=EDGE_CURVE('',#5149,#5153,#2229,.T.);
#8264=EDGE_CURVE('',#5093,#5088,#2548,.T.);
#8266=EDGE_CURVE('',#5153,#5088,#2511,.T.);
#8270=ADVANCED_FACE('',(#8269),#8260,.T.);
#8276=EDGE_CURVE('',#5208,#5209,#2234,.T.);
#8278=EDGE_CURVE('',#5208,#5151,#2238,.T.);
#8282=EDGE_CURVE('',#5144,#5180,#2242,.T.);
#8284=EDGE_CURVE('',#5176,#5180,#2351,.T.);
#8286=EDGE_CURVE('',#5176,#5123,#2246,.T.);
#8288=EDGE_CURVE('',#5119,#5123,#2250,.T.);
#8290=EDGE_CURVE('',#5119,#5209,#2254,.T.);
#8294=ADVANCED_FACE('',(#8293),#8275,.F.);
#8301=EDGE_CURVE('',#5211,#5209,#2258,.T.);
#8303=EDGE_CURVE('',#5211,#5213,#2520,.T.);
#8305=EDGE_CURVE('',#5213,#5208,#2490,.T.);
#8309=ADVANCED_FACE('',(#8308),#8299,.T.);
#8317=EDGE_CURVE('',#5112,#5119,#2262,.T.);
#8319=EDGE_CURVE('',#5169,#5112,#2266,.T.);
#8321=EDGE_CURVE('',#5165,#5169,#2271,.T.);
#8323=EDGE_CURVE('',#5108,#5165,#2276,.T.);
#8325=EDGE_CURVE('',#5211,#5108,#2524,.T.);
#8329=ADVANCED_FACE('',(#8328),#8314,.T.);
#8335=EDGE_CURVE('',#5219,#5217,#2280,.T.);
#8337=EDGE_CURVE('',#5104,#5217,#2486,.T.);
#8339=EDGE_CURVE('',#5163,#5104,#2285,.T.);
#8341=EDGE_CURVE('',#5167,#5163,#2290,.T.);
#8343=EDGE_CURVE('',#5116,#5167,#2294,.T.);
#8345=EDGE_CURVE('',#5121,#5116,#2298,.T.);
#8347=EDGE_CURVE('',#5121,#5219,#2453,.T.);
#8351=ADVANCED_FACE('',(#8350),#8334,.T.);
#8359=EDGE_CURVE('',#5113,#5123,#2324,.T.);
#8361=EDGE_CURVE('',#5112,#5113,#2302,.T.);
#8365=ADVANCED_FACE('',(#8364),#8356,.T.);
#8371=EDGE_CURVE('',#5176,#5177,#2306,.T.);
#8373=EDGE_CURVE('',#5109,#5177,#2532,.T.);
#8375=EDGE_CURVE('',#5109,#5160,#2311,.T.);
#8377=EDGE_CURVE('',#5160,#5161,#2316,.T.);
#8379=EDGE_CURVE('',#5161,#5113,#2320,.T.);
#8385=ADVANCED_FACE('',(#8384),#8370,.T.);
#8391=EDGE_CURVE('',#5200,#5201,#2328,.T.);
#8393=EDGE_CURVE('',#5201,#5125,#2461,.T.);
#8395=EDGE_CURVE('',#5125,#5117,#2332,.T.);
#8397=EDGE_CURVE('',#5117,#5156,#2336,.T.);
#8399=EDGE_CURVE('',#5156,#5157,#2341,.T.);
#8401=EDGE_CURVE('',#5157,#5105,#2346,.T.);
#8403=EDGE_CURVE('',#5200,#5105,#2482,.T.);
#8407=ADVANCED_FACE('',(#8406),#8390,.T.);
#8415=EDGE_CURVE('',#5180,#5181,#2360,.T.);
#8417=EDGE_CURVE('',#5181,#5177,#2356,.T.);
#8421=ADVANCED_FACE('',(#8420),#8412,.F.);
#8429=EDGE_CURVE('',#5144,#5148,#2365,.T.);
#8431=EDGE_CURVE('',#5148,#5205,#2465,.T.);
#8433=EDGE_CURVE('',#5204,#5205,#2369,.T.);
#8435=EDGE_CURVE('',#5204,#5101,#2373,.T.);
#8437=EDGE_CURVE('',#5097,#5101,#2378,.T.);
#8439=EDGE_CURVE('',#5181,#5097,#2382,.T.);
#8443=ADVANCED_FACE('',(#8442),#8426,.T.);
#8451=EDGE_CURVE('',#4183,#4190,#2386,.T.);
#8454=EDGE_CURVE('',#4181,#4191,#2414,.T.);
#8459=ADVANCED_FACE('',(#8458),#8448,.F.);
#8469=EDGE_CURVE('',#4162,#4198,#2398,.T.);
#8471=EDGE_CURVE('',#4157,#4198,#2423,.T.);
#8474=EDGE_CURVE('',#4155,#4143,#2390,.T.);
#8478=ADVANCED_FACE('',(#8477),#8464,.F.);
#8485=EDGE_CURVE('',#4199,#4163,#2394,.T.);
#8487=EDGE_CURVE('',#4198,#4199,#2419,.T.);
#8492=ADVANCED_FACE('',(#8491),#8483,.F.);
#8499=EDGE_CURVE('',#4195,#4167,#2402,.T.);
#8501=EDGE_CURVE('',#4194,#4195,#2440,.T.);
#8506=ADVANCED_FACE('',(#8505),#8497,.F.);
#8512=EDGE_CURVE('',#4159,#4199,#2410,.T.);
#8519=EDGE_CURVE('',#4154,#4142,#2427,.T.);
#8524=ADVANCED_FACE('',(#8523),#8511,.F.);
#8536=ADVANCED_FACE('',(#8535),#8529,.F.);
#8548=ADVANCED_FACE('',(#8547),#8541,.F.);
#8554=EDGE_CURVE('',#4149,#4195,#2431,.T.);
#8565=ADVANCED_FACE('',(#8564),#8553,.F.);
#8577=ADVANCED_FACE('',(#8576),#8570,.F.);
#8583=EDGE_CURVE('',#5219,#5221,#2449,.T.);
#8586=EDGE_CURVE('',#5121,#5125,#2457,.T.);
#8589=EDGE_CURVE('',#5205,#5201,#2621,.T.);
#8594=EDGE_CURVE('',#5221,#5153,#2469,.T.);
#8598=ADVANCED_FACE('',(#8597),#8582,.T.);
#8604=EDGE_CURVE('',#5216,#5217,#2474,.T.);
#8608=EDGE_CURVE('',#5221,#5216,#2507,.T.);
#8612=ADVANCED_FACE('',(#8611),#8603,.T.);
#8619=EDGE_CURVE('',#5216,#5100,#2503,.T.);
#8621=EDGE_CURVE('',#5100,#5101,#2478,.T.);
#8624=EDGE_CURVE('',#5200,#5204,#2616,.T.);
#8627=EDGE_CURVE('',#5104,#5105,#2629,.T.);
#8632=ADVANCED_FACE('',(#8631),#8617,.F.);
#8639=EDGE_CURVE('',#5213,#5096,#2494,.T.);
#8641=EDGE_CURVE('',#5096,#5100,#2499,.T.);
#8647=EDGE_CURVE('',#5088,#5089,#2556,.T.);
#8649=EDGE_CURVE('',#5085,#5089,#2572,.T.);
#8656=ADVANCED_FACE('',(#8655),#8637,.T.);
#8664=EDGE_CURVE('',#5108,#5109,#2528,.T.);
#8669=EDGE_CURVE('',#5096,#5097,#2544,.T.);
#8674=ADVANCED_FACE('',(#8673),#8661,.F.);
#8680=EDGE_CURVE('',#5160,#5165,#2536,.T.);
#8687=ADVANCED_FACE('',(#8686),#8679,.T.);
#8696=EDGE_CURVE('',#5161,#5169,#2540,.T.);
#8700=ADVANCED_FACE('',(#8699),#8692,.T.);
#8712=ADVANCED_FACE('',(#8711),#8705,.T.);
#8724=ADVANCED_FACE('',(#8723),#8717,.F.);
#8734=EDGE_CURVE('',#5137,#5141,#2568,.T.);
#8736=EDGE_CURVE('',#5089,#5141,#2552,.T.);
#8741=ADVANCED_FACE('',(#8740),#8729,.T.);
#8748=EDGE_CURVE('',#5139,#5141,#2564,.T.);
#8752=EDGE_CURVE('',#4210,#4211,#2602,.T.);
#8759=ADVANCED_FACE('',(#8758),#8746,.T.);
#8771=EDGE_CURVE('',#5172,#5173,#2577,.T.);
#8773=EDGE_CURVE('',#5173,#5172,#2582,.T.);
#8777=ADVANCED_FACE('',(#8770,#8776),#8764,.T.);
#8783=EDGE_CURVE('',#5173,#4058,#2590,.T.);
#8786=EDGE_CURVE('',#4059,#5172,#2586,.T.);
#8791=ADVANCED_FACE('',(#8790),#8782,.F.);
#8803=ADVANCED_FACE('',(#8802),#8796,.F.);
#8818=ADVANCED_FACE('',(#8817),#8808,.F.);
#8830=ADVANCED_FACE('',(#8829),#8823,.F.);
#8836=EDGE_CURVE('',#5157,#5163,#2625,.T.);
#8843=ADVANCED_FACE('',(#8842),#8835,.T.);
#8850=EDGE_CURVE('',#5156,#5167,#2633,.T.);
#8856=ADVANCED_FACE('',(#8855),#8848,.T.);
#8864=EDGE_CURVE('',#5116,#5117,#2637,.T.);
#8869=ADVANCED_FACE('',(#8868),#8861,.T.);
#8881=ADVANCED_FACE('',(#8880),#8874,.T.);
#8897=ADVANCED_FACE('',(#8896),#8886,.T.);
#8903=EDGE_CURVE('',#5073,#4054,#2661,.T.);
#8906=EDGE_CURVE('',#4055,#5072,#2657,.T.);
#8911=ADVANCED_FACE('',(#8910),#8902,.F.);
#8923=ADVANCED_FACE('',(#8922),#8916,.F.);
#8935=ADVANCED_FACE('',(#8934),#8928,.T.);
#8942=EDGE_CURVE('',#4317,#4321,#2678,.T.);
#8944=EDGE_CURVE('',#4321,#4320,#2683,.T.);
#8946=EDGE_CURVE('',#4316,#4320,#2687,.T.);
#8950=ADVANCED_FACE('',(#8949),#8940,.F.);
#8958=EDGE_CURVE('',#4320,#4321,#2697,.T.);
#8963=ADVANCED_FACE('',(#8962),#8955,.F.);
#8970=EDGE_CURVE('',#4320,#4305,#2701,.T.);
#8972=EDGE_CURVE('',#4305,#4304,#2715,.T.);
#8974=EDGE_CURVE('',#4321,#4304,#2705,.T.);
#8978=ADVANCED_FACE('',(#8977),#8968,.F.);
#8986=EDGE_CURVE('',#4304,#4305,#2710,.T.);
#8991=ADVANCED_FACE('',(#8990),#8983,.F.);
#9001=ADVANCED_FACE('',(#9000),#8996,.T.);
#9007=EDGE_CURVE('',#4308,#4309,#2720,.T.);
#9009=EDGE_CURVE('',#4309,#4308,#2725,.T.);
#9013=ADVANCED_FACE('',(#9012),#9006,.T.);
#9019=EDGE_CURVE('',#4312,#4313,#2730,.T.);
#9021=EDGE_CURVE('',#4313,#4312,#2735,.T.);
#9025=ADVANCED_FACE('',(#9024),#9018,.T.);
#9031=EDGE_CURVE('',#4328,#4329,#2749,.T.);
#9033=EDGE_CURVE('',#4328,#4308,#2739,.T.);
#9036=EDGE_CURVE('',#4329,#4309,#2771,.T.);
#9040=ADVANCED_FACE('',(#9039),#9030,.F.);
#9047=EDGE_CURVE('',#4324,#4328,#2767,.T.);
#9050=EDGE_CURVE('',#4325,#4329,#2758,.T.);
#9054=ADVANCED_FACE('',(#9053),#9045,.F.);
#9062=EDGE_CURVE('',#4329,#4328,#2763,.T.);
#9067=ADVANCED_FACE('',(#9066),#9059,.F.);
#9079=ADVANCED_FACE('',(#9078),#9072,.F.);
#9085=EDGE_CURVE('',#4337,#4336,#2789,.T.);
#9087=EDGE_CURVE('',#4337,#4312,#2775,.T.);
#9090=EDGE_CURVE('',#4336,#4313,#2807,.T.);
#9094=ADVANCED_FACE('',(#9093),#9084,.F.);
#9101=EDGE_CURVE('',#4333,#4337,#2784,.T.);
#9104=EDGE_CURVE('',#4332,#4336,#2793,.T.);
#9108=ADVANCED_FACE('',(#9107),#9099,.F.);
#9116=EDGE_CURVE('',#4336,#4337,#2803,.T.);
#9121=ADVANCED_FACE('',(#9120),#9113,.F.);
#9133=ADVANCED_FACE('',(#9132),#9126,.F.);
#9140=EDGE_CURVE('',#4741,#4745,#2816,.T.);
#9142=EDGE_CURVE('',#4745,#4744,#2821,.T.);
#9144=EDGE_CURVE('',#4740,#4744,#2825,.T.);
#9148=ADVANCED_FACE('',(#9147),#9138,.F.);
#9156=EDGE_CURVE('',#4744,#4745,#2835,.T.);
#9161=ADVANCED_FACE('',(#9160),#9153,.F.);
#9168=EDGE_CURVE('',#4744,#4693,#2839,.T.);
#9170=EDGE_CURVE('',#4693,#4692,#2853,.T.);
#9172=EDGE_CURVE('',#4745,#4692,#2843,.T.);
#9176=ADVANCED_FACE('',(#9175),#9166,.F.);
#9184=EDGE_CURVE('',#4692,#4693,#2848,.T.);
#9189=ADVANCED_FACE('',(#9188),#9181,.F.);
#9199=ADVANCED_FACE('',(#9198),#9194,.T.);
#9205=EDGE_CURVE('',#4696,#4697,#2858,.T.);
#9207=EDGE_CURVE('',#4697,#4696,#2863,.T.);
#9211=ADVANCED_FACE('',(#9210),#9204,.T.);
#9217=EDGE_CURVE('',#4700,#4701,#2868,.T.);
#9219=EDGE_CURVE('',#4701,#4700,#2873,.T.);
#9223=ADVANCED_FACE('',(#9222),#9216,.T.);
#9229=EDGE_CURVE('',#4752,#4753,#2887,.T.);
#9231=EDGE_CURVE('',#4752,#4696,#2877,.T.);
#9234=EDGE_CURVE('',#4753,#4697,#2909,.T.);
#9238=ADVANCED_FACE('',(#9237),#9228,.F.);
#9245=EDGE_CURVE('',#4748,#4752,#2905,.T.);
#9248=EDGE_CURVE('',#4749,#4753,#2896,.T.);
#9252=ADVANCED_FACE('',(#9251),#9243,.F.);
#9260=EDGE_CURVE('',#4753,#4752,#2901,.T.);
#9265=ADVANCED_FACE('',(#9264),#9257,.F.);
#9277=ADVANCED_FACE('',(#9276),#9270,.F.);
#9283=EDGE_CURVE('',#4761,#4760,#2927,.T.);
#9285=EDGE_CURVE('',#4761,#4700,#2913,.T.);
#9288=EDGE_CURVE('',#4760,#4701,#2945,.T.);
#9292=ADVANCED_FACE('',(#9291),#9282,.F.);
#9299=EDGE_CURVE('',#4757,#4761,#2922,.T.);
#9302=EDGE_CURVE('',#4756,#4760,#2931,.T.);
#9306=ADVANCED_FACE('',(#9305),#9297,.F.);
#9314=EDGE_CURVE('',#4760,#4761,#2941,.T.);
#9319=ADVANCED_FACE('',(#9318),#9311,.F.);
#9331=ADVANCED_FACE('',(#9330),#9324,.F.);
#9338=EDGE_CURVE('',#4765,#4769,#2954,.T.);
#9340=EDGE_CURVE('',#4769,#4768,#2959,.T.);
#9342=EDGE_CURVE('',#4764,#4768,#2963,.T.);
#9346=ADVANCED_FACE('',(#9345),#9336,.F.);
#9354=EDGE_CURVE('',#4768,#4769,#2973,.T.);
#9359=ADVANCED_FACE('',(#9358),#9351,.F.);
#9366=EDGE_CURVE('',#4768,#4705,#2977,.T.);
#9368=EDGE_CURVE('',#4705,#4704,#2991,.T.);
#9370=EDGE_CURVE('',#4769,#4704,#2981,.T.);
#9374=ADVANCED_FACE('',(#9373),#9364,.F.);
#9382=EDGE_CURVE('',#4704,#4705,#2986,.T.);
#9387=ADVANCED_FACE('',(#9386),#9379,.F.);
#9397=ADVANCED_FACE('',(#9396),#9392,.T.);
#9403=EDGE_CURVE('',#4708,#4709,#2996,.T.);
#9405=EDGE_CURVE('',#4709,#4708,#3001,.T.);
#9409=ADVANCED_FACE('',(#9408),#9402,.T.);
#9415=EDGE_CURVE('',#4712,#4713,#3006,.T.);
#9417=EDGE_CURVE('',#4713,#4712,#3011,.T.);
#9421=ADVANCED_FACE('',(#9420),#9414,.T.);
#9427=EDGE_CURVE('',#4776,#4777,#3025,.T.);
#9429=EDGE_CURVE('',#4776,#4708,#3015,.T.);
#9432=EDGE_CURVE('',#4777,#4709,#3047,.T.);
#9436=ADVANCED_FACE('',(#9435),#9426,.F.);
#9443=EDGE_CURVE('',#4772,#4776,#3043,.T.);
#9446=EDGE_CURVE('',#4773,#4777,#3034,.T.);
#9450=ADVANCED_FACE('',(#9449),#9441,.F.);
#9458=EDGE_CURVE('',#4777,#4776,#3039,.T.);
#9463=ADVANCED_FACE('',(#9462),#9455,.F.);
#9475=ADVANCED_FACE('',(#9474),#9468,.F.);
#9481=EDGE_CURVE('',#4785,#4784,#3065,.T.);
#9483=EDGE_CURVE('',#4785,#4712,#3051,.T.);
#9486=EDGE_CURVE('',#4784,#4713,#3083,.T.);
#9490=ADVANCED_FACE('',(#9489),#9480,.F.);
#9497=EDGE_CURVE('',#4781,#4785,#3060,.T.);
#9500=EDGE_CURVE('',#4780,#4784,#3069,.T.);
#9504=ADVANCED_FACE('',(#9503),#9495,.F.);
#9512=EDGE_CURVE('',#4784,#4785,#3079,.T.);
#9517=ADVANCED_FACE('',(#9516),#9509,.F.);
#9529=ADVANCED_FACE('',(#9528),#9522,.F.);
#9536=EDGE_CURVE('',#4789,#4793,#3092,.T.);
#9538=EDGE_CURVE('',#4793,#4792,#3097,.T.);
#9540=EDGE_CURVE('',#4788,#4792,#3101,.T.);
#9544=ADVANCED_FACE('',(#9543),#9534,.F.);
#9552=EDGE_CURVE('',#4792,#4793,#3111,.T.);
#9557=ADVANCED_FACE('',(#9556),#9549,.F.);
#9564=EDGE_CURVE('',#4792,#4717,#3115,.T.);
#9566=EDGE_CURVE('',#4717,#4716,#3129,.T.);
#9568=EDGE_CURVE('',#4793,#4716,#3119,.T.);
#9572=ADVANCED_FACE('',(#9571),#9562,.F.);
#9580=EDGE_CURVE('',#4716,#4717,#3124,.T.);
#9585=ADVANCED_FACE('',(#9584),#9577,.F.);
#9595=ADVANCED_FACE('',(#9594),#9590,.T.);
#9601=EDGE_CURVE('',#4720,#4721,#3134,.T.);
#9603=EDGE_CURVE('',#4721,#4720,#3139,.T.);
#9607=ADVANCED_FACE('',(#9606),#9600,.T.);
#9613=EDGE_CURVE('',#4724,#4725,#3144,.T.);
#9615=EDGE_CURVE('',#4725,#4724,#3149,.T.);
#9619=ADVANCED_FACE('',(#9618),#9612,.T.);
#9625=EDGE_CURVE('',#4800,#4801,#3163,.T.);
#9627=EDGE_CURVE('',#4800,#4720,#3153,.T.);
#9630=EDGE_CURVE('',#4801,#4721,#3185,.T.);
#9634=ADVANCED_FACE('',(#9633),#9624,.F.);
#9641=EDGE_CURVE('',#4796,#4800,#3181,.T.);
#9644=EDGE_CURVE('',#4797,#4801,#3172,.T.);
#9648=ADVANCED_FACE('',(#9647),#9639,.F.);
#9656=EDGE_CURVE('',#4801,#4800,#3177,.T.);
#9661=ADVANCED_FACE('',(#9660),#9653,.F.);
#9673=ADVANCED_FACE('',(#9672),#9666,.F.);
#9679=EDGE_CURVE('',#4809,#4808,#3203,.T.);
#9681=EDGE_CURVE('',#4809,#4724,#3189,.T.);
#9684=EDGE_CURVE('',#4808,#4725,#3221,.T.);
#9688=ADVANCED_FACE('',(#9687),#9678,.F.);
#9695=EDGE_CURVE('',#4805,#4809,#3198,.T.);
#9698=EDGE_CURVE('',#4804,#4808,#3207,.T.);
#9702=ADVANCED_FACE('',(#9701),#9693,.F.);
#9710=EDGE_CURVE('',#4808,#4809,#3217,.T.);
#9715=ADVANCED_FACE('',(#9714),#9707,.F.);
#9727=ADVANCED_FACE('',(#9726),#9720,.F.);
#9734=EDGE_CURVE('',#4813,#4817,#3230,.T.);
#9736=EDGE_CURVE('',#4817,#4816,#3235,.T.);
#9738=EDGE_CURVE('',#4812,#4816,#3239,.T.);
#9742=ADVANCED_FACE('',(#9741),#9732,.F.);
#9750=EDGE_CURVE('',#4816,#4817,#3249,.T.);
#9755=ADVANCED_FACE('',(#9754),#9747,.F.);
#9762=EDGE_CURVE('',#4816,#4729,#3253,.T.);
#9764=EDGE_CURVE('',#4729,#4728,#3267,.T.);
#9766=EDGE_CURVE('',#4817,#4728,#3257,.T.);
#9770=ADVANCED_FACE('',(#9769),#9760,.F.);
#9778=EDGE_CURVE('',#4728,#4729,#3262,.T.);
#9783=ADVANCED_FACE('',(#9782),#9775,.F.);
#9793=ADVANCED_FACE('',(#9792),#9788,.T.);
#9799=EDGE_CURVE('',#4732,#4733,#3272,.T.);
#9801=EDGE_CURVE('',#4733,#4732,#3277,.T.);
#9805=ADVANCED_FACE('',(#9804),#9798,.T.);
#9811=EDGE_CURVE('',#4736,#4737,#3282,.T.);
#9813=EDGE_CURVE('',#4737,#4736,#3287,.T.);
#9817=ADVANCED_FACE('',(#9816),#9810,.T.);
#9823=EDGE_CURVE('',#4824,#4825,#3301,.T.);
#9825=EDGE_CURVE('',#4824,#4732,#3291,.T.);
#9828=EDGE_CURVE('',#4825,#4733,#3323,.T.);
#9832=ADVANCED_FACE('',(#9831),#9822,.F.);
#9839=EDGE_CURVE('',#4820,#4824,#3319,.T.);
#9842=EDGE_CURVE('',#4821,#4825,#3310,.T.);
#9846=ADVANCED_FACE('',(#9845),#9837,.F.);
#9854=EDGE_CURVE('',#4825,#4824,#3315,.T.);
#9859=ADVANCED_FACE('',(#9858),#9851,.F.);
#9871=ADVANCED_FACE('',(#9870),#9864,.F.);
#9877=EDGE_CURVE('',#4833,#4832,#3341,.T.);
#9879=EDGE_CURVE('',#4833,#4736,#3327,.T.);
#9882=EDGE_CURVE('',#4832,#4737,#3359,.T.);
#9886=ADVANCED_FACE('',(#9885),#9876,.F.);
#9893=EDGE_CURVE('',#4829,#4833,#3336,.T.);
#9896=EDGE_CURVE('',#4828,#4832,#3345,.T.);
#9900=ADVANCED_FACE('',(#9899),#9891,.F.);
#9908=EDGE_CURVE('',#4832,#4833,#3355,.T.);
#9913=ADVANCED_FACE('',(#9912),#9905,.F.);
#9925=ADVANCED_FACE('',(#9924),#9918,.F.);
#9932=EDGE_CURVE('',#4108,#4094,#3363,.T.);
#9934=EDGE_CURVE('',#4094,#4095,#3391,.T.);
#9936=EDGE_CURVE('',#4109,#4095,#3387,.T.);
#9940=ADVANCED_FACE('',(#9939),#9930,.F.);
#9947=EDGE_CURVE('',#4119,#4105,#3367,.T.);
#9949=EDGE_CURVE('',#4105,#4094,#3395,.T.);
#9954=ADVANCED_FACE('',(#9953),#9945,.F.);
#9961=EDGE_CURVE('',#4117,#4103,#3371,.T.);
#9963=EDGE_CURVE('',#4103,#4105,#3399,.T.);
#9968=ADVANCED_FACE('',(#9967),#9959,.F.);
#9975=EDGE_CURVE('',#4115,#4101,#3375,.T.);
#9977=EDGE_CURVE('',#4101,#4103,#3403,.T.);
#9982=ADVANCED_FACE('',(#9981),#9973,.F.);
#9989=EDGE_CURVE('',#4113,#4099,#3379,.T.);
#9991=EDGE_CURVE('',#4099,#4101,#3407,.T.);
#9996=ADVANCED_FACE('',(#9995),#9987,.F.);
#10003=EDGE_CURVE('',#4111,#4097,#3383,.T.);
#10005=EDGE_CURVE('',#4097,#4099,#3411,.T.);
#10010=ADVANCED_FACE('',(#10009),#10001,.F.);
#10018=EDGE_CURVE('',#4095,#4097,#3415,.T.);
#10023=ADVANCED_FACE('',(#10022),#10015,.F.);
#10038=ADVANCED_FACE('',(#10037),#10028,.T.);
#10044=EDGE_CURVE('',#4645,#4643,#3419,.T.);
#10046=EDGE_CURVE('',#4897,#4645,#3423,.T.);
#10048=EDGE_CURVE('',#4895,#4897,#3427,.T.);
#10050=EDGE_CURVE('',#4893,#4895,#3431,.T.);
#10052=EDGE_CURVE('',#4891,#4893,#3435,.T.);
#10054=EDGE_CURVE('',#4889,#4891,#3439,.T.);
#10056=EDGE_CURVE('',#4887,#4889,#3443,.T.);
#10058=EDGE_CURVE('',#4885,#4887,#3447,.T.);
#10060=EDGE_CURVE('',#4883,#4885,#3451,.T.);
#10062=EDGE_CURVE('',#4881,#4883,#3455,.T.);
#10064=EDGE_CURVE('',#4879,#4881,#3459,.T.);
#10066=EDGE_CURVE('',#4877,#4879,#3463,.T.);
#10068=EDGE_CURVE('',#4875,#4877,#3467,.T.);
#10070=EDGE_CURVE('',#4873,#4875,#3471,.T.);
#10072=EDGE_CURVE('',#4871,#4873,#3475,.T.);
#10074=EDGE_CURVE('',#4869,#4871,#3479,.T.);
#10076=EDGE_CURVE('',#4867,#4869,#3483,.T.);
#10078=EDGE_CURVE('',#4865,#4867,#3487,.T.);
#10080=EDGE_CURVE('',#4863,#4865,#3491,.T.);
#10082=EDGE_CURVE('',#4861,#4863,#3495,.T.);
#10084=EDGE_CURVE('',#4859,#4861,#3499,.T.);
#10086=EDGE_CURVE('',#4857,#4859,#3503,.T.);
#10088=EDGE_CURVE('',#4855,#4857,#3507,.T.);
#10090=EDGE_CURVE('',#4853,#4855,#3511,.T.);
#10092=EDGE_CURVE('',#4851,#4853,#3515,.T.);
#10094=EDGE_CURVE('',#4849,#4851,#3519,.T.);
#10096=EDGE_CURVE('',#4847,#4849,#3523,.T.);
#10098=EDGE_CURVE('',#4845,#4847,#3527,.T.);
#10100=EDGE_CURVE('',#4843,#4845,#3531,.T.);
#10102=EDGE_CURVE('',#4841,#4843,#3535,.T.);
#10104=EDGE_CURVE('',#4839,#4841,#3539,.T.);
#10106=EDGE_CURVE('',#4837,#4839,#3543,.T.);
#10108=EDGE_CURVE('',#4835,#4837,#3547,.T.);
#10110=EDGE_CURVE('',#4633,#4835,#3551,.T.);
#10112=EDGE_CURVE('',#4632,#4633,#3555,.T.);
#10114=EDGE_CURVE('',#4635,#4632,#3559,.T.);
#10116=EDGE_CURVE('',#4637,#4635,#3563,.T.);
#10118=EDGE_CURVE('',#4639,#4637,#3567,.T.);
#10120=EDGE_CURVE('',#4641,#4639,#3571,.T.);
#10122=EDGE_CURVE('',#4643,#4641,#3575,.T.);
#10126=EDGE_CURVE('',#4900,#4901,#3579,.T.);
#10128=EDGE_CURVE('',#4937,#4900,#3583,.T.);
#10130=EDGE_CURVE('',#4935,#4937,#3587,.T.);
#10132=EDGE_CURVE('',#4933,#4935,#3591,.T.);
#10134=EDGE_CURVE('',#4931,#4933,#3595,.T.);
#10136=EDGE_CURVE('',#4929,#4931,#3599,.T.);
#10138=EDGE_CURVE('',#4927,#4929,#3603,.T.);
#10140=EDGE_CURVE('',#4925,#4927,#3607,.T.);
#10142=EDGE_CURVE('',#4923,#4925,#3611,.T.);
#10144=EDGE_CURVE('',#4921,#4923,#3615,.T.);
#10146=EDGE_CURVE('',#4919,#4921,#3619,.T.);
#10148=EDGE_CURVE('',#4917,#4919,#3623,.T.);
#10150=EDGE_CURVE('',#4915,#4917,#3627,.T.);
#10152=EDGE_CURVE('',#4913,#4915,#3631,.T.);
#10154=EDGE_CURVE('',#4911,#4913,#3635,.T.);
#10156=EDGE_CURVE('',#4909,#4911,#3639,.T.);
#10158=EDGE_CURVE('',#4907,#4909,#3643,.T.);
#10160=EDGE_CURVE('',#4905,#4907,#3647,.T.);
#10162=EDGE_CURVE('',#4903,#4905,#3651,.T.);
#10164=EDGE_CURVE('',#4901,#4903,#3655,.T.);
#10168=ADVANCED_FACE('',(#10125,#10167),#10043,.T.);
#10174=EDGE_CURVE('',#4648,#4649,#3659,.T.);
#10176=EDGE_CURVE('',#4659,#4648,#3663,.T.);
#10178=EDGE_CURVE('',#4657,#4659,#3667,.T.);
#10180=EDGE_CURVE('',#4655,#4657,#3671,.T.);
#10182=EDGE_CURVE('',#4653,#4655,#3675,.T.);
#10184=EDGE_CURVE('',#4651,#4653,#3679,.T.);
#10186=EDGE_CURVE('',#4649,#4651,#3683,.T.);
#10190=ADVANCED_FACE('',(#10189),#10173,.T.);
#10196=EDGE_CURVE('',#4940,#4941,#3687,.T.);
#10198=EDGE_CURVE('',#4951,#4940,#3691,.T.);
#10200=EDGE_CURVE('',#4949,#4951,#3695,.T.);
#10202=EDGE_CURVE('',#4947,#4949,#3699,.T.);
#10204=EDGE_CURVE('',#4945,#4947,#3703,.T.);
#10206=EDGE_CURVE('',#4943,#4945,#3707,.T.);
#10208=EDGE_CURVE('',#4941,#4943,#3711,.T.);
#10212=ADVANCED_FACE('',(#10211),#10195,.T.);
#10219=EDGE_CURVE('',#4675,#4645,#3715,.T.);
#10222=EDGE_CURVE('',#4673,#4643,#3871,.T.);
#10226=ADVANCED_FACE('',(#10225),#10217,.F.);
#10233=EDGE_CURVE('',#5015,#4897,#3719,.T.);
#10239=ADVANCED_FACE('',(#10238),#10231,.F.);
#10246=EDGE_CURVE('',#5013,#4895,#3723,.T.);
#10252=ADVANCED_FACE('',(#10251),#10244,.F.);
#10259=EDGE_CURVE('',#5011,#4893,#3727,.T.);
#10265=ADVANCED_FACE('',(#10264),#10257,.F.);
#10272=EDGE_CURVE('',#5009,#4891,#3731,.T.);
#10278=ADVANCED_FACE('',(#10277),#10270,.F.);
#10285=EDGE_CURVE('',#5007,#4889,#3735,.T.);
#10291=ADVANCED_FACE('',(#10290),#10283,.F.);
#10298=EDGE_CURVE('',#5005,#4887,#3739,.T.);
#10304=ADVANCED_FACE('',(#10303),#10296,.F.);
#10311=EDGE_CURVE('',#5003,#4885,#3743,.T.);
#10317=ADVANCED_FACE('',(#10316),#10309,.F.);
#10324=EDGE_CURVE('',#5001,#4883,#3747,.T.);
#10330=ADVANCED_FACE('',(#10329),#10322,.F.);
#10337=EDGE_CURVE('',#4999,#4881,#3751,.T.);
#10343=ADVANCED_FACE('',(#10342),#10335,.F.);
#10350=EDGE_CURVE('',#4997,#4879,#3755,.T.);
#10356=ADVANCED_FACE('',(#10355),#10348,.F.);
#10363=EDGE_CURVE('',#4995,#4877,#3759,.T.);
#10369=ADVANCED_FACE('',(#10368),#10361,.F.);
#10376=EDGE_CURVE('',#4993,#4875,#3763,.T.);
#10382=ADVANCED_FACE('',(#10381),#10374,.F.);
#10389=EDGE_CURVE('',#4991,#4873,#3767,.T.);
#10395=ADVANCED_FACE('',(#10394),#10387,.F.);
#10402=EDGE_CURVE('',#4989,#4871,#3771,.T.);
#10408=ADVANCED_FACE('',(#10407),#10400,.F.);
#10415=EDGE_CURVE('',#4987,#4869,#3775,.T.);
#10421=ADVANCED_FACE('',(#10420),#10413,.F.);
#10428=EDGE_CURVE('',#4985,#4867,#3779,.T.);
#10434=ADVANCED_FACE('',(#10433),#10426,.F.);
#10441=EDGE_CURVE('',#4983,#4865,#3783,.T.);
#10447=ADVANCED_FACE('',(#10446),#10439,.F.);
#10454=EDGE_CURVE('',#4981,#4863,#3787,.T.);
#10460=ADVANCED_FACE('',(#10459),#10452,.F.);
#10467=EDGE_CURVE('',#4979,#4861,#3791,.T.);
#10473=ADVANCED_FACE('',(#10472),#10465,.F.);
#10480=EDGE_CURVE('',#4977,#4859,#3795,.T.);
#10486=ADVANCED_FACE('',(#10485),#10478,.F.);
#10493=EDGE_CURVE('',#4975,#4857,#3799,.T.);
#10499=ADVANCED_FACE('',(#10498),#10491,.F.);
#10506=EDGE_CURVE('',#4973,#4855,#3803,.T.);
#10512=ADVANCED_FACE('',(#10511),#10504,.F.);
#10519=EDGE_CURVE('',#4971,#4853,#3807,.T.);
#10525=ADVANCED_FACE('',(#10524),#10517,.F.);
#10532=EDGE_CURVE('',#4969,#4851,#3811,.T.);
#10538=ADVANCED_FACE('',(#10537),#10530,.F.);
#10545=EDGE_CURVE('',#4967,#4849,#3815,.T.);
#10551=ADVANCED_FACE('',(#10550),#10543,.F.);
#10558=EDGE_CURVE('',#4965,#4847,#3819,.T.);
#10564=ADVANCED_FACE('',(#10563),#10556,.F.);
#10571=EDGE_CURVE('',#4963,#4845,#3823,.T.);
#10577=ADVANCED_FACE('',(#10576),#10569,.F.);
#10584=EDGE_CURVE('',#4961,#4843,#3827,.T.);
#10590=ADVANCED_FACE('',(#10589),#10582,.F.);
#10597=EDGE_CURVE('',#4959,#4841,#3831,.T.);
#10603=ADVANCED_FACE('',(#10602),#10595,.F.);
#10610=EDGE_CURVE('',#4957,#4839,#3835,.T.);
#10616=ADVANCED_FACE('',(#10615),#10608,.F.);
#10623=EDGE_CURVE('',#4955,#4837,#3839,.T.);
#10629=ADVANCED_FACE('',(#10628),#10621,.F.);
#10636=EDGE_CURVE('',#4953,#4835,#3843,.T.);
#10642=ADVANCED_FACE('',(#10641),#10634,.F.);
#10649=EDGE_CURVE('',#4663,#4633,#3847,.T.);
#10655=ADVANCED_FACE('',(#10654),#10647,.F.);
#10662=EDGE_CURVE('',#4662,#4632,#3851,.T.);
#10668=ADVANCED_FACE('',(#10667),#10660,.F.);
#10675=EDGE_CURVE('',#4665,#4635,#3855,.T.);
#10681=ADVANCED_FACE('',(#10680),#10673,.F.);
#10688=EDGE_CURVE('',#4667,#4637,#3859,.T.);
#10694=ADVANCED_FACE('',(#10693),#10686,.F.);
#10701=EDGE_CURVE('',#4669,#4639,#3863,.T.);
#10707=ADVANCED_FACE('',(#10706),#10699,.F.);
#10714=EDGE_CURVE('',#4671,#4641,#3867,.T.);
#10720=ADVANCED_FACE('',(#10719),#10712,.F.);
#10732=ADVANCED_FACE('',(#10731),#10725,.F.);
#10739=EDGE_CURVE('',#5018,#4900,#3875,.T.);
#10742=EDGE_CURVE('',#5019,#4901,#3951,.T.);
#10746=ADVANCED_FACE('',(#10745),#10737,.F.);
#10753=EDGE_CURVE('',#5055,#4937,#3879,.T.);
#10759=ADVANCED_FACE('',(#10758),#10751,.F.);
#10766=EDGE_CURVE('',#5053,#4935,#3883,.T.);
#10772=ADVANCED_FACE('',(#10771),#10764,.F.);
#10779=EDGE_CURVE('',#5051,#4933,#3887,.T.);
#10785=ADVANCED_FACE('',(#10784),#10777,.F.);
#10792=EDGE_CURVE('',#5049,#4931,#3891,.T.);
#10798=ADVANCED_FACE('',(#10797),#10790,.F.);
#10805=EDGE_CURVE('',#5047,#4929,#3895,.T.);
#10811=ADVANCED_FACE('',(#10810),#10803,.F.);
#10818=EDGE_CURVE('',#5045,#4927,#3899,.T.);
#10824=ADVANCED_FACE('',(#10823),#10816,.F.);
#10831=EDGE_CURVE('',#5043,#4925,#3903,.T.);
#10837=ADVANCED_FACE('',(#10836),#10829,.F.);
#10844=EDGE_CURVE('',#5041,#4923,#3907,.T.);
#10850=ADVANCED_FACE('',(#10849),#10842,.F.);
#10857=EDGE_CURVE('',#5039,#4921,#3911,.T.);
#10863=ADVANCED_FACE('',(#10862),#10855,.F.);
#10870=EDGE_CURVE('',#5037,#4919,#3915,.T.);
#10876=ADVANCED_FACE('',(#10875),#10868,.F.);
#10883=EDGE_CURVE('',#5035,#4917,#3919,.T.);
#10889=ADVANCED_FACE('',(#10888),#10881,.F.);
#10896=EDGE_CURVE('',#5033,#4915,#3923,.T.);
#10902=ADVANCED_FACE('',(#10901),#10894,.F.);
#10909=EDGE_CURVE('',#5031,#4913,#3927,.T.);
#10915=ADVANCED_FACE('',(#10914),#10907,.F.);
#10922=EDGE_CURVE('',#5029,#4911,#3931,.T.);
#10928=ADVANCED_FACE('',(#10927),#10920,.F.);
#10935=EDGE_CURVE('',#5027,#4909,#3935,.T.);
#10941=ADVANCED_FACE('',(#10940),#10933,.F.);
#10948=EDGE_CURVE('',#5025,#4907,#3939,.T.);
#10954=ADVANCED_FACE('',(#10953),#10946,.F.);
#10961=EDGE_CURVE('',#5023,#4905,#3943,.T.);
#10967=ADVANCED_FACE('',(#10966),#10959,.F.);
#10974=EDGE_CURVE('',#5021,#4903,#3947,.T.);
#10980=ADVANCED_FACE('',(#10979),#10972,.F.);
#10992=ADVANCED_FACE('',(#10991),#10985,.F.);
#10999=EDGE_CURVE('',#4678,#4648,#3955,.T.);
#11002=EDGE_CURVE('',#4679,#4649,#3979,.T.);
#11006=ADVANCED_FACE('',(#11005),#10997,.F.);
#11013=EDGE_CURVE('',#4689,#4659,#3959,.T.);
#11019=ADVANCED_FACE('',(#11018),#11011,.F.);
#11026=EDGE_CURVE('',#4687,#4657,#3963,.T.);
#11032=ADVANCED_FACE('',(#11031),#11024,.F.);
#11039=EDGE_CURVE('',#4685,#4655,#3967,.T.);
#11045=ADVANCED_FACE('',(#11044),#11037,.F.);
#11052=EDGE_CURVE('',#4683,#4653,#3971,.T.);
#11058=ADVANCED_FACE('',(#11057),#11050,.F.);
#11065=EDGE_CURVE('',#4681,#4651,#3975,.T.);
#11071=ADVANCED_FACE('',(#11070),#11063,.F.);
#11083=ADVANCED_FACE('',(#11082),#11076,.F.);
#11090=EDGE_CURVE('',#5058,#4940,#3983,.T.);
#11093=EDGE_CURVE('',#5059,#4941,#4007,.T.);
#11097=ADVANCED_FACE('',(#11096),#11088,.F.);
#11104=EDGE_CURVE('',#5069,#4951,#3987,.T.);
#11110=ADVANCED_FACE('',(#11109),#11102,.F.);
#11117=EDGE_CURVE('',#5067,#4949,#3991,.T.);
#11123=ADVANCED_FACE('',(#11122),#11115,.F.);
#11130=EDGE_CURVE('',#5065,#4947,#3995,.T.);
#11136=ADVANCED_FACE('',(#11135),#11128,.F.);
#11143=EDGE_CURVE('',#5063,#4945,#3999,.T.);
#11149=ADVANCED_FACE('',(#11148),#11141,.F.);
#11156=EDGE_CURVE('',#5061,#4943,#4003,.T.);
#11162=ADVANCED_FACE('',(#11161),#11154,.F.);
#11174=ADVANCED_FACE('',(#11173),#11167,.F.);
#11175=CLOSED_SHELL('',(#5481,#5529,#5544,#5570,#5584,#5610,#5624,#5650,#5664,
#5689,#5704,#5718,#5732,#5746,#5760,#5774,#5788,#5801,#5816,#5830,#5844,#5858,
#5872,#5886,#5900,#5913,#5955,#5974,#6002,#6025,#6040,#6089,#6103,#6118,#6134,
#6153,#6175,#6197,#6220,#6243,#6258,#6273,#6297,#6312,#6334,#6354,#6369,#6391,
#6417,#6438,#6452,#6466,#6480,#6497,#6518,#6531,#6551,#6564,#6582,#6595,#6608,
#6621,#6633,#6645,#6662,#6683,#6697,#6713,#6727,#6765,#6779,#6793,#6806,#6968,
#6983,#6997,#7011,#7024,#7036,#7052,#7068,#7082,#7095,#7108,#7120,#7134,#7147,
#7160,#7172,#7187,#7201,#7215,#7228,#7240,#7256,#7272,#7286,#7299,#7312,#7324,
#7338,#7351,#7364,#7376,#7391,#7405,#7419,#7432,#7444,#7460,#7476,#7490,#7503,
#7516,#7528,#7542,#7555,#7568,#7580,#7595,#7609,#7623,#7636,#7648,#7664,#7680,
#7694,#7707,#7720,#7732,#7746,#7759,#7772,#7784,#7799,#7813,#7827,#7840,#7852,
#7868,#7884,#7898,#7911,#7924,#7936,#7950,#7963,#7976,#7988,#8014,#8028,#8043,
#8058,#8073,#8089,#8102,#8116,#8134,#8154,#8171,#8183,#8195,#8208,#8222,#8241,
#8255,#8270,#8294,#8309,#8329,#8351,#8365,#8385,#8407,#8421,#8443,#8459,#8478,
#8492,#8506,#8524,#8536,#8548,#8565,#8577,#8598,#8612,#8632,#8656,#8674,#8687,
#8700,#8712,#8724,#8741,#8759,#8777,#8791,#8803,#8818,#8830,#8843,#8856,#8869,
#8881,#8897,#8911,#8923,#8935,#8950,#8963,#8978,#8991,#9001,#9013,#9025,#9040,
#9054,#9067,#9079,#9094,#9108,#9121,#9133,#9148,#9161,#9176,#9189,#9199,#9211,
#9223,#9238,#9252,#9265,#9277,#9292,#9306,#9319,#9331,#9346,#9359,#9374,#9387,
#9397,#9409,#9421,#9436,#9450,#9463,#9475,#9490,#9504,#9517,#9529,#9544,#9557,
#9572,#9585,#9595,#9607,#9619,#9634,#9648,#9661,#9673,#9688,#9702,#9715,#9727,
#9742,#9755,#9770,#9783,#9793,#9805,#9817,#9832,#9846,#9859,#9871,#9886,#9900,
#9913,#9925,#9940,#9954,#9968,#9982,#9996,#10010,#10023,#10038,#10168,#10190,
#10212,#10226,#10239,#10252,#10265,#10278,#10291,#10304,#10317,#10330,#10343,
#10356,#10369,#10382,#10395,#10408,#10421,#10434,#10447,#10460,#10473,#10486,
#10499,#10512,#10525,#10538,#10551,#10564,#10577,#10590,#10603,#10616,#10629,
#10642,#10655,#10668,#10681,#10694,#10707,#10720,#10732,#10746,#10759,#10772,
#10785,#10798,#10811,#10824,#10837,#10850,#10863,#10876,#10889,#10902,#10915,
#10928,#10941,#10954,#10967,#10980,#10992,#11006,#11019,#11032,#11045,#11058,
#11071,#11083,#11097,#11110,#11123,#11136,#11149,#11162,#11174));
#11176=MANIFOLD_SOLID_BREP('',#11175);
#11177=(LENGTH_UNIT()NAMED_UNIT(*)SI_UNIT(.MILLI.,.METRE.));
#11178=(NAMED_UNIT(*)PLANE_ANGLE_UNIT()SI_UNIT($,.RADIAN.));
#11181=(NAMED_UNIT(*)SI_UNIT($,.STERADIAN.)SOLID_ANGLE_UNIT());
#11183=(GEOMETRIC_REPRESENTATION_CONTEXT(3)GLOBAL_UNCERTAINTY_ASSIGNED_CONTEXT((
#11182))GLOBAL_UNIT_ASSIGNED_CONTEXT((#11177,#11180,#11181))REPRESENTATION_CONTEXT('ID1','3'));
#11184=ADVANCED_BREP_SHAPE_REPRESENTATION('',(#11176),#11183);
#11191=PRODUCT_DEFINITION('part definition','',#11190,#11187);
#11192=PRODUCT_DEFINITION_SHAPE('','SHAPE FOR C-2311763-3.',#11191);
#11193=SHAPE_ASPECT('','solid data associated with C-2311763-3',#11192,.F.);
#11194=PROPERTY_DEFINITION('',
'shape for solid data with which properties are associated',#11193);
#11195=SHAPE_REPRESENTATION('',(#11176),#11183);
#11196=SHAPE_DEFINITION_REPRESENTATION(#11194,#11195);
#11197=(LENGTH_UNIT()NAMED_UNIT(*)SI_UNIT(.MILLI.,.METRE.));
#11201=PROPERTY_DEFINITION('geometric validation property',
'area of C-2311763-3',#11193);
#11202=REPRESENTATION('surface area',(#11200),#11183);
#11203=PROPERTY_DEFINITION_REPRESENTATION(#11201,#11202);
#11204=(LENGTH_UNIT()NAMED_UNIT(*)SI_UNIT(.MILLI.,.METRE.));
#11208=PROPERTY_DEFINITION('geometric validation property',
'volume of C-2311763-3',#11193);
#11209=REPRESENTATION('volume',(#11207),#11183);
#11210=PROPERTY_DEFINITION_REPRESENTATION(#11208,#11209);
#11212=PROPERTY_DEFINITION('geometric validation property',
'centroid of C-2311763-3',#11193);
#11213=REPRESENTATION('centroid',(#11211),#11183);
#11214=PROPERTY_DEFINITION_REPRESENTATION(#11212,#11213);
#11215=(LENGTH_UNIT()NAMED_UNIT(*)SI_UNIT(.MILLI.,.METRE.));
#11219=PROPERTY_DEFINITION('geometric validation property',
'area of C-2311763-3',#11192);
#11220=REPRESENTATION('surface area',(#11218),#11183);
#11221=PROPERTY_DEFINITION_REPRESENTATION(#11219,#11220);
#11222=(LENGTH_UNIT()NAMED_UNIT(*)SI_UNIT(.MILLI.,.METRE.));
#11226=PROPERTY_DEFINITION('geometric validation property',
'volume of C-2311763-3',#11192);
#11227=REPRESENTATION('volume',(#11225),#11183);
#11228=PROPERTY_DEFINITION_REPRESENTATION(#11226,#11227);
#11230=PROPERTY_DEFINITION('geometric validation property',
'centroid of C-2311763-3',#11192);
#11231=REPRESENTATION('centroid',(#11229),#11183);
#11232=PROPERTY_DEFINITION_REPRESENTATION(#11230,#11231);
#11233=SHAPE_DEFINITION_REPRESENTATION(#11192,#11184);
ENDSEC;
END-ISO-10303-21;
