ISO-10303-21;
HEADER;
/* Generated by software containing ST-Developer
 * from STEP Tools, Inc. (www.steptools.com) 
 */
/* OPTION: using custom schema-name function */

FILE_DESCRIPTION(
/* description */ (''),
/* implementation_level */ '2;1');

FILE_NAME(
/* name */ '436500613wbm000_02_214.stp',
/* time_stamp */ '2024-04-18T14:54:07+05:00',
/* author */ (''),
/* organization */ (''),
/* preprocessor_version */ 'ST-DEVELOPER v16.7',
/* originating_system */ 'SIEMENS PLM Software NX 1919',
/* authorisation */ '');

FILE_SCHEMA (('AUTOMOTIVE_DESIGN { 1 0 10303 214 3 1 1 1 }'));
ENDSEC;

DATA;
#10=SHAPE_REPRESENTATION_RELATIONSHIP('None',
'relationship between 436500613wbm000_02-None and 436500613wbm000_02-N
one',#22,#11);
#11=ADVANCED_BREP_SHAPE_REPRESENTATION('436500613wbm000_02-None',(#32),
#6614);
#12=SHAPE_DEFINITION_REPRESENTATION(#13,#22);
#13=PRODUCT_DEFINITION_SHAPE('','',#14);
#14=PRODUCT_DEFINITION(' ','',#16,#15);
#15=PRODUCT_DEFINITION_CONTEXT('part definition',#21,'design');
#16=PRODUCT_DEFINITION_FORMATION_WITH_SPECIFIED_SOURCE(' ',' ',#18,
 .NOT_KNOWN.);
#17=PRODUCT_RELATED_PRODUCT_CATEGORY('part','',(#18));
#18=PRODUCT('436500613wbm000_02','436500613wbm000_02',' ',(#19));
#19=PRODUCT_CONTEXT(' ',#21,'mechanical');
#20=APPLICATION_PROTOCOL_DEFINITION('international standard',
'automotive_design',2010,#21);
#21=APPLICATION_CONTEXT(
'core data for automotive mechanical design processes');
#22=SHAPE_REPRESENTATION('436500613wbm000_02-None',(#4097),#6614);
#23=PRESENTATION_LAYER_ASSIGNMENT('1','Layer 1',(#32));
#24=STYLED_ITEM('',(#25),#32);
#25=PRESENTATION_STYLE_ASSIGNMENT((#26));
#26=SURFACE_STYLE_USAGE(.BOTH.,#27);
#27=SURFACE_SIDE_STYLE('',(#28));
#28=SURFACE_STYLE_FILL_AREA(#29);
#29=FILL_AREA_STYLE('',(#30));
#30=FILL_AREA_STYLE_COLOUR('',#31);
#31=COLOUR_RGB('Medium Steel',0.596063172350652,0.666666666666667,0.686259250782025);
#32=MANIFOLD_SOLID_BREP('',#33);
#33=CLOSED_SHELL('',(#339,#340,#341,#342,#343,#344,#345,#346,#347,#348,
#349,#350,#351,#352,#353,#354,#355,#356,#357,#358,#359,#360,#361,#362,#363,
#364,#365,#366,#367,#368,#369,#370,#371,#372,#373,#374,#375,#376,#377,#378,
#379,#380,#381,#382,#383,#384,#385,#386,#387,#388,#389,#390,#391,#392,#393,
#394,#395,#396,#397,#398,#399,#400,#401,#402,#403,#404,#405,#406,#407,#408,
#409,#410,#411,#412,#413,#414,#415,#416,#417,#418,#419,#420,#421,#422,#423,
#424,#425,#426,#427,#428,#429,#430,#431,#432,#433,#434,#435,#436,#437,#438,
#439,#440,#441,#442,#443,#444,#445,#446,#447,#448,#449,#450,#451,#452,#453,
#454,#455,#456,#457,#458,#459,#460,#461,#462,#463,#464,#465,#466,#467,#468,
#469,#470,#471,#472,#473,#474,#475,#476,#477,#478,#479,#480,#481,#482,#483,
#484,#485,#486,#487,#488,#489,#490,#491,#492,#493,#494,#495,#496,#497,#498,
#499,#500,#501,#502,#503,#504,#505,#506,#507,#508,#509,#510,#511,#512,#513,
#514,#515,#516,#517,#518,#519,#520,#521,#522,#523,#524,#525,#526,#527,#528,
#529,#530,#531,#532,#533,#534,#535,#536,#537,#538,#539,#540,#541,#542,#543,
#544,#545,#546,#547,#548,#549,#550,#551,#552,#553,#554,#555,#556));
#34=CYLINDRICAL_SURFACE('',#4193,0.38);
#35=CYLINDRICAL_SURFACE('',#4194,0.38);
#36=CYLINDRICAL_SURFACE('',#4202,0.880000000000001);
#37=CYLINDRICAL_SURFACE('',#4204,0.320000000000005);
#38=CYLINDRICAL_SURFACE('',#4218,0.38);
#39=CYLINDRICAL_SURFACE('',#4219,0.38);
#40=CYLINDRICAL_SURFACE('',#4227,0.880000000000001);
#41=CYLINDRICAL_SURFACE('',#4229,0.320000000000005);
#42=CYLINDRICAL_SURFACE('',#4243,0.38);
#43=CYLINDRICAL_SURFACE('',#4244,0.38);
#44=CYLINDRICAL_SURFACE('',#4252,0.880000000000001);
#45=CYLINDRICAL_SURFACE('',#4254,0.320000000000005);
#46=CYLINDRICAL_SURFACE('',#4268,0.38);
#47=CYLINDRICAL_SURFACE('',#4269,0.38);
#48=CYLINDRICAL_SURFACE('',#4277,0.880000000000001);
#49=CYLINDRICAL_SURFACE('',#4279,0.320000000000005);
#50=CYLINDRICAL_SURFACE('',#4293,0.38);
#51=CYLINDRICAL_SURFACE('',#4294,0.38);
#52=CYLINDRICAL_SURFACE('',#4302,0.880000000000001);
#53=CYLINDRICAL_SURFACE('',#4304,0.320000000000005);
#54=CYLINDRICAL_SURFACE('',#4318,0.38);
#55=CYLINDRICAL_SURFACE('',#4319,0.38);
#56=CYLINDRICAL_SURFACE('',#4327,0.880000000000001);
#57=CYLINDRICAL_SURFACE('',#4329,0.320000000000005);
#58=CYLINDRICAL_SURFACE('',#4336,0.199999999999999);
#59=CYLINDRICAL_SURFACE('',#4341,0.649999999999999);
#60=CYLINDRICAL_SURFACE('',#4347,0.199999999999999);
#61=CYLINDRICAL_SURFACE('',#4350,0.649999999999999);
#62=CYLINDRICAL_SURFACE('',#4361,0.6572);
#63=CYLINDRICAL_SURFACE('',#4364,0.2072);
#64=CYLINDRICAL_SURFACE('',#4371,0.6572);
#65=CYLINDRICAL_SURFACE('',#4377,0.2072);
#66=CIRCLE('',#4187,0.38);
#67=CIRCLE('',#4188,0.38);
#68=CIRCLE('',#4190,0.38);
#69=CIRCLE('',#4191,0.38);
#70=CIRCLE('',#4196,0.880000000000001);
#71=CIRCLE('',#4197,0.320000000000005);
#72=CIRCLE('',#4199,0.320000000000005);
#73=CIRCLE('',#4200,0.880000000000001);
#74=CIRCLE('',#4212,0.38);
#75=CIRCLE('',#4213,0.38);
#76=CIRCLE('',#4215,0.38);
#77=CIRCLE('',#4216,0.38);
#78=CIRCLE('',#4221,0.880000000000001);
#79=CIRCLE('',#4222,0.320000000000005);
#80=CIRCLE('',#4224,0.320000000000005);
#81=CIRCLE('',#4225,0.880000000000001);
#82=CIRCLE('',#4237,0.38);
#83=CIRCLE('',#4238,0.38);
#84=CIRCLE('',#4240,0.38);
#85=CIRCLE('',#4241,0.38);
#86=CIRCLE('',#4246,0.880000000000001);
#87=CIRCLE('',#4247,0.320000000000005);
#88=CIRCLE('',#4249,0.320000000000005);
#89=CIRCLE('',#4250,0.880000000000001);
#90=CIRCLE('',#4262,0.38);
#91=CIRCLE('',#4263,0.38);
#92=CIRCLE('',#4265,0.38);
#93=CIRCLE('',#4266,0.38);
#94=CIRCLE('',#4271,0.880000000000001);
#95=CIRCLE('',#4272,0.320000000000005);
#96=CIRCLE('',#4274,0.320000000000005);
#97=CIRCLE('',#4275,0.880000000000001);
#98=CIRCLE('',#4287,0.38);
#99=CIRCLE('',#4288,0.38);
#100=CIRCLE('',#4290,0.38);
#101=CIRCLE('',#4291,0.38);
#102=CIRCLE('',#4296,0.880000000000001);
#103=CIRCLE('',#4297,0.320000000000005);
#104=CIRCLE('',#4299,0.320000000000005);
#105=CIRCLE('',#4300,0.880000000000001);
#106=CIRCLE('',#4312,0.38);
#107=CIRCLE('',#4313,0.38);
#108=CIRCLE('',#4315,0.38);
#109=CIRCLE('',#4316,0.38);
#110=CIRCLE('',#4321,0.880000000000001);
#111=CIRCLE('',#4322,0.320000000000005);
#112=CIRCLE('',#4324,0.320000000000005);
#113=CIRCLE('',#4325,0.880000000000001);
#114=CIRCLE('',#4334,0.199999999999999);
#115=CIRCLE('',#4335,0.199999999999999);
#116=CIRCLE('',#4339,0.649999999999999);
#117=CIRCLE('',#4340,0.649999999999999);
#118=CIRCLE('',#4345,0.199999999999999);
#119=CIRCLE('',#4346,0.199999999999999);
#120=CIRCLE('',#4348,0.649999999999999);
#121=CIRCLE('',#4349,0.649999999999999);
#122=CIRCLE('',#4359,0.6572);
#123=CIRCLE('',#4360,0.6572);
#124=CIRCLE('',#4362,0.2072);
#125=CIRCLE('',#4363,0.2072);
#126=CIRCLE('',#4369,0.6572);
#127=CIRCLE('',#4370,0.6572);
#128=CIRCLE('',#4375,0.2072);
#129=CIRCLE('',#4376,0.2072);
#130=FACE_OUTER_BOUND('',#770,.T.);
#131=FACE_OUTER_BOUND('',#771,.T.);
#132=FACE_OUTER_BOUND('',#772,.T.);
#133=FACE_OUTER_BOUND('',#773,.T.);
#134=FACE_OUTER_BOUND('',#774,.T.);
#135=FACE_OUTER_BOUND('',#775,.T.);
#136=FACE_OUTER_BOUND('',#776,.T.);
#137=FACE_OUTER_BOUND('',#777,.T.);
#138=FACE_OUTER_BOUND('',#778,.T.);
#139=FACE_OUTER_BOUND('',#779,.T.);
#140=FACE_OUTER_BOUND('',#789,.T.);
#141=FACE_OUTER_BOUND('',#790,.T.);
#142=FACE_OUTER_BOUND('',#791,.T.);
#143=FACE_OUTER_BOUND('',#792,.T.);
#144=FACE_OUTER_BOUND('',#793,.T.);
#145=FACE_OUTER_BOUND('',#794,.T.);
#146=FACE_OUTER_BOUND('',#795,.T.);
#147=FACE_OUTER_BOUND('',#796,.T.);
#148=FACE_OUTER_BOUND('',#797,.T.);
#149=FACE_OUTER_BOUND('',#798,.T.);
#150=FACE_OUTER_BOUND('',#799,.T.);
#151=FACE_OUTER_BOUND('',#800,.T.);
#152=FACE_OUTER_BOUND('',#801,.T.);
#153=FACE_OUTER_BOUND('',#802,.T.);
#154=FACE_OUTER_BOUND('',#803,.T.);
#155=FACE_OUTER_BOUND('',#804,.T.);
#156=FACE_OUTER_BOUND('',#805,.T.);
#157=FACE_OUTER_BOUND('',#806,.T.);
#158=FACE_OUTER_BOUND('',#807,.T.);
#159=FACE_OUTER_BOUND('',#808,.T.);
#160=FACE_OUTER_BOUND('',#809,.T.);
#161=FACE_OUTER_BOUND('',#810,.T.);
#162=FACE_OUTER_BOUND('',#811,.T.);
#163=FACE_OUTER_BOUND('',#812,.T.);
#164=FACE_OUTER_BOUND('',#813,.T.);
#165=FACE_OUTER_BOUND('',#814,.T.);
#166=FACE_OUTER_BOUND('',#815,.T.);
#167=FACE_OUTER_BOUND('',#816,.T.);
#168=FACE_OUTER_BOUND('',#817,.T.);
#169=FACE_OUTER_BOUND('',#818,.T.);
#170=FACE_OUTER_BOUND('',#819,.T.);
#171=FACE_OUTER_BOUND('',#820,.T.);
#172=FACE_OUTER_BOUND('',#821,.T.);
#173=FACE_OUTER_BOUND('',#824,.T.);
#174=FACE_OUTER_BOUND('',#825,.T.);
#175=FACE_OUTER_BOUND('',#826,.T.);
#176=FACE_OUTER_BOUND('',#827,.T.);
#177=FACE_OUTER_BOUND('',#830,.T.);
#178=FACE_OUTER_BOUND('',#831,.T.);
#179=FACE_OUTER_BOUND('',#832,.T.);
#180=FACE_OUTER_BOUND('',#833,.T.);
#181=FACE_OUTER_BOUND('',#834,.T.);
#182=FACE_OUTER_BOUND('',#837,.T.);
#183=FACE_OUTER_BOUND('',#838,.T.);
#184=FACE_OUTER_BOUND('',#839,.T.);
#185=FACE_OUTER_BOUND('',#840,.T.);
#186=FACE_OUTER_BOUND('',#841,.T.);
#187=FACE_OUTER_BOUND('',#844,.T.);
#188=FACE_OUTER_BOUND('',#845,.T.);
#189=FACE_OUTER_BOUND('',#846,.T.);
#190=FACE_OUTER_BOUND('',#847,.T.);
#191=FACE_OUTER_BOUND('',#848,.T.);
#192=FACE_OUTER_BOUND('',#851,.T.);
#193=FACE_OUTER_BOUND('',#852,.T.);
#194=FACE_OUTER_BOUND('',#853,.T.);
#195=FACE_OUTER_BOUND('',#854,.T.);
#196=FACE_OUTER_BOUND('',#855,.T.);
#197=FACE_OUTER_BOUND('',#858,.T.);
#198=FACE_OUTER_BOUND('',#859,.T.);
#199=FACE_OUTER_BOUND('',#860,.T.);
#200=FACE_OUTER_BOUND('',#861,.T.);
#201=FACE_OUTER_BOUND('',#862,.T.);
#202=FACE_OUTER_BOUND('',#863,.T.);
#203=FACE_OUTER_BOUND('',#864,.T.);
#204=FACE_OUTER_BOUND('',#865,.T.);
#205=FACE_OUTER_BOUND('',#866,.T.);
#206=FACE_OUTER_BOUND('',#867,.T.);
#207=FACE_OUTER_BOUND('',#868,.T.);
#208=FACE_OUTER_BOUND('',#869,.T.);
#209=FACE_OUTER_BOUND('',#870,.T.);
#210=FACE_OUTER_BOUND('',#871,.T.);
#211=FACE_OUTER_BOUND('',#872,.T.);
#212=FACE_OUTER_BOUND('',#873,.T.);
#213=FACE_OUTER_BOUND('',#874,.T.);
#214=FACE_OUTER_BOUND('',#875,.T.);
#215=FACE_OUTER_BOUND('',#876,.T.);
#216=FACE_OUTER_BOUND('',#877,.T.);
#217=FACE_OUTER_BOUND('',#878,.T.);
#218=FACE_OUTER_BOUND('',#879,.T.);
#219=FACE_OUTER_BOUND('',#880,.T.);
#220=FACE_OUTER_BOUND('',#881,.T.);
#221=FACE_OUTER_BOUND('',#882,.T.);
#222=FACE_OUTER_BOUND('',#883,.T.);
#223=FACE_OUTER_BOUND('',#884,.T.);
#224=FACE_OUTER_BOUND('',#885,.T.);
#225=FACE_OUTER_BOUND('',#886,.T.);
#226=FACE_OUTER_BOUND('',#887,.T.);
#227=FACE_OUTER_BOUND('',#888,.T.);
#228=FACE_OUTER_BOUND('',#889,.T.);
#229=FACE_OUTER_BOUND('',#890,.T.);
#230=FACE_OUTER_BOUND('',#891,.T.);
#231=FACE_OUTER_BOUND('',#892,.T.);
#232=FACE_OUTER_BOUND('',#893,.T.);
#233=FACE_OUTER_BOUND('',#894,.T.);
#234=FACE_OUTER_BOUND('',#895,.T.);
#235=FACE_OUTER_BOUND('',#896,.T.);
#236=FACE_OUTER_BOUND('',#897,.T.);
#237=FACE_OUTER_BOUND('',#898,.T.);
#238=FACE_OUTER_BOUND('',#899,.T.);
#239=FACE_OUTER_BOUND('',#900,.T.);
#240=FACE_OUTER_BOUND('',#901,.T.);
#241=FACE_OUTER_BOUND('',#902,.T.);
#242=FACE_OUTER_BOUND('',#903,.T.);
#243=FACE_OUTER_BOUND('',#904,.T.);
#244=FACE_OUTER_BOUND('',#905,.T.);
#245=FACE_OUTER_BOUND('',#906,.T.);
#246=FACE_OUTER_BOUND('',#907,.T.);
#247=FACE_OUTER_BOUND('',#908,.T.);
#248=FACE_OUTER_BOUND('',#909,.T.);
#249=FACE_OUTER_BOUND('',#910,.T.);
#250=FACE_OUTER_BOUND('',#911,.T.);
#251=FACE_OUTER_BOUND('',#912,.T.);
#252=FACE_OUTER_BOUND('',#913,.T.);
#253=FACE_OUTER_BOUND('',#914,.T.);
#254=FACE_OUTER_BOUND('',#915,.T.);
#255=FACE_OUTER_BOUND('',#916,.T.);
#256=FACE_OUTER_BOUND('',#917,.T.);
#257=FACE_OUTER_BOUND('',#918,.T.);
#258=FACE_OUTER_BOUND('',#919,.T.);
#259=FACE_OUTER_BOUND('',#920,.T.);
#260=FACE_OUTER_BOUND('',#921,.T.);
#261=FACE_OUTER_BOUND('',#922,.T.);
#262=FACE_OUTER_BOUND('',#923,.T.);
#263=FACE_OUTER_BOUND('',#924,.T.);
#264=FACE_OUTER_BOUND('',#925,.T.);
#265=FACE_OUTER_BOUND('',#926,.T.);
#266=FACE_OUTER_BOUND('',#927,.T.);
#267=FACE_OUTER_BOUND('',#928,.T.);
#268=FACE_OUTER_BOUND('',#929,.T.);
#269=FACE_OUTER_BOUND('',#930,.T.);
#270=FACE_OUTER_BOUND('',#931,.T.);
#271=FACE_OUTER_BOUND('',#932,.T.);
#272=FACE_OUTER_BOUND('',#933,.T.);
#273=FACE_OUTER_BOUND('',#934,.T.);
#274=FACE_OUTER_BOUND('',#935,.T.);
#275=FACE_OUTER_BOUND('',#936,.T.);
#276=FACE_OUTER_BOUND('',#937,.T.);
#277=FACE_OUTER_BOUND('',#938,.T.);
#278=FACE_OUTER_BOUND('',#939,.T.);
#279=FACE_OUTER_BOUND('',#940,.T.);
#280=FACE_OUTER_BOUND('',#941,.T.);
#281=FACE_OUTER_BOUND('',#942,.T.);
#282=FACE_OUTER_BOUND('',#943,.T.);
#283=FACE_OUTER_BOUND('',#944,.T.);
#284=FACE_OUTER_BOUND('',#945,.T.);
#285=FACE_OUTER_BOUND('',#946,.T.);
#286=FACE_OUTER_BOUND('',#947,.T.);
#287=FACE_OUTER_BOUND('',#948,.T.);
#288=FACE_OUTER_BOUND('',#949,.T.);
#289=FACE_OUTER_BOUND('',#950,.T.);
#290=FACE_OUTER_BOUND('',#951,.T.);
#291=FACE_OUTER_BOUND('',#952,.T.);
#292=FACE_OUTER_BOUND('',#953,.T.);
#293=FACE_OUTER_BOUND('',#954,.T.);
#294=FACE_OUTER_BOUND('',#955,.T.);
#295=FACE_OUTER_BOUND('',#956,.T.);
#296=FACE_OUTER_BOUND('',#957,.T.);
#297=FACE_OUTER_BOUND('',#958,.T.);
#298=FACE_OUTER_BOUND('',#959,.T.);
#299=FACE_OUTER_BOUND('',#960,.T.);
#300=FACE_OUTER_BOUND('',#961,.T.);
#301=FACE_OUTER_BOUND('',#962,.T.);
#302=FACE_OUTER_BOUND('',#963,.T.);
#303=FACE_OUTER_BOUND('',#964,.T.);
#304=FACE_OUTER_BOUND('',#965,.T.);
#305=FACE_OUTER_BOUND('',#966,.T.);
#306=FACE_OUTER_BOUND('',#967,.T.);
#307=FACE_OUTER_BOUND('',#968,.T.);
#308=FACE_OUTER_BOUND('',#969,.T.);
#309=FACE_OUTER_BOUND('',#970,.T.);
#310=FACE_OUTER_BOUND('',#971,.T.);
#311=FACE_OUTER_BOUND('',#972,.T.);
#312=FACE_OUTER_BOUND('',#973,.T.);
#313=FACE_OUTER_BOUND('',#974,.T.);
#314=FACE_OUTER_BOUND('',#975,.T.);
#315=FACE_OUTER_BOUND('',#976,.T.);
#316=FACE_OUTER_BOUND('',#977,.T.);
#317=FACE_OUTER_BOUND('',#978,.T.);
#318=FACE_OUTER_BOUND('',#979,.T.);
#319=FACE_OUTER_BOUND('',#980,.T.);
#320=FACE_OUTER_BOUND('',#981,.T.);
#321=FACE_OUTER_BOUND('',#982,.T.);
#322=FACE_OUTER_BOUND('',#983,.T.);
#323=FACE_OUTER_BOUND('',#984,.T.);
#324=FACE_OUTER_BOUND('',#985,.T.);
#325=FACE_OUTER_BOUND('',#986,.T.);
#326=FACE_OUTER_BOUND('',#987,.T.);
#327=FACE_OUTER_BOUND('',#988,.T.);
#328=FACE_OUTER_BOUND('',#989,.T.);
#329=FACE_OUTER_BOUND('',#990,.T.);
#330=FACE_OUTER_BOUND('',#991,.T.);
#331=FACE_OUTER_BOUND('',#992,.T.);
#332=FACE_OUTER_BOUND('',#993,.T.);
#333=FACE_OUTER_BOUND('',#994,.T.);
#334=FACE_OUTER_BOUND('',#995,.T.);
#335=FACE_OUTER_BOUND('',#996,.T.);
#336=FACE_OUTER_BOUND('',#997,.T.);
#337=FACE_OUTER_BOUND('',#998,.T.);
#338=FACE_OUTER_BOUND('',#999,.T.);
#339=ADVANCED_FACE('',(#743,#744,#745),#557,.T.);
#340=ADVANCED_FACE('',(#130),#558,.F.);
#341=ADVANCED_FACE('',(#131),#559,.F.);
#342=ADVANCED_FACE('',(#132),#560,.F.);
#343=ADVANCED_FACE('',(#133),#561,.F.);
#344=ADVANCED_FACE('',(#134),#562,.F.);
#345=ADVANCED_FACE('',(#135),#563,.F.);
#346=ADVANCED_FACE('',(#136),#564,.T.);
#347=ADVANCED_FACE('',(#137),#565,.T.);
#348=ADVANCED_FACE('',(#138),#566,.T.);
#349=ADVANCED_FACE('',(#139),#567,.T.);
#350=ADVANCED_FACE('',(#746,#747,#748,#749,#750,#751,#752),#568,.T.);
#351=ADVANCED_FACE('',(#753,#754),#569,.T.);
#352=ADVANCED_FACE('',(#140),#570,.F.);
#353=ADVANCED_FACE('',(#141),#571,.F.);
#354=ADVANCED_FACE('',(#142),#572,.F.);
#355=ADVANCED_FACE('',(#143),#573,.F.);
#356=ADVANCED_FACE('',(#144),#574,.F.);
#357=ADVANCED_FACE('',(#145),#575,.T.);
#358=ADVANCED_FACE('',(#146),#576,.T.);
#359=ADVANCED_FACE('',(#147),#577,.T.);
#360=ADVANCED_FACE('',(#148),#578,.T.);
#361=ADVANCED_FACE('',(#149),#579,.T.);
#362=ADVANCED_FACE('',(#150),#580,.T.);
#363=ADVANCED_FACE('',(#151),#581,.F.);
#364=ADVANCED_FACE('',(#152),#582,.T.);
#365=ADVANCED_FACE('',(#153),#583,.T.);
#366=ADVANCED_FACE('',(#154),#584,.T.);
#367=ADVANCED_FACE('',(#155),#585,.F.);
#368=ADVANCED_FACE('',(#156),#586,.T.);
#369=ADVANCED_FACE('',(#157),#587,.T.);
#370=ADVANCED_FACE('',(#158),#588,.T.);
#371=ADVANCED_FACE('',(#159),#589,.F.);
#372=ADVANCED_FACE('',(#160),#590,.F.);
#373=ADVANCED_FACE('',(#161),#591,.F.);
#374=ADVANCED_FACE('',(#162),#592,.F.);
#375=ADVANCED_FACE('',(#163),#593,.T.);
#376=ADVANCED_FACE('',(#164),#594,.F.);
#377=ADVANCED_FACE('',(#165),#595,.F.);
#378=ADVANCED_FACE('',(#166),#596,.F.);
#379=ADVANCED_FACE('',(#167),#597,.F.);
#380=ADVANCED_FACE('',(#168),#598,.F.);
#381=ADVANCED_FACE('',(#169),#599,.F.);
#382=ADVANCED_FACE('',(#170),#600,.F.);
#383=ADVANCED_FACE('',(#171),#601,.F.);
#384=ADVANCED_FACE('',(#172),#602,.F.);
#385=ADVANCED_FACE('',(#755,#756),#603,.T.);
#386=ADVANCED_FACE('',(#173),#604,.F.);
#387=ADVANCED_FACE('',(#174),#605,.F.);
#388=ADVANCED_FACE('',(#175),#606,.F.);
#389=ADVANCED_FACE('',(#176),#607,.F.);
#390=ADVANCED_FACE('',(#757,#758),#608,.T.);
#391=ADVANCED_FACE('',(#177),#609,.F.);
#392=ADVANCED_FACE('',(#178),#610,.F.);
#393=ADVANCED_FACE('',(#179),#611,.F.);
#394=ADVANCED_FACE('',(#180),#612,.F.);
#395=ADVANCED_FACE('',(#181),#613,.F.);
#396=ADVANCED_FACE('',(#759,#760),#614,.T.);
#397=ADVANCED_FACE('',(#182),#615,.F.);
#398=ADVANCED_FACE('',(#183),#616,.F.);
#399=ADVANCED_FACE('',(#184),#617,.F.);
#400=ADVANCED_FACE('',(#185),#618,.F.);
#401=ADVANCED_FACE('',(#186),#619,.F.);
#402=ADVANCED_FACE('',(#761,#762),#620,.T.);
#403=ADVANCED_FACE('',(#187),#621,.F.);
#404=ADVANCED_FACE('',(#188),#622,.F.);
#405=ADVANCED_FACE('',(#189),#623,.F.);
#406=ADVANCED_FACE('',(#190),#624,.F.);
#407=ADVANCED_FACE('',(#191),#625,.F.);
#408=ADVANCED_FACE('',(#763,#764),#626,.T.);
#409=ADVANCED_FACE('',(#192),#627,.F.);
#410=ADVANCED_FACE('',(#193),#628,.F.);
#411=ADVANCED_FACE('',(#194),#629,.F.);
#412=ADVANCED_FACE('',(#195),#630,.F.);
#413=ADVANCED_FACE('',(#196),#631,.F.);
#414=ADVANCED_FACE('',(#765,#766),#632,.T.);
#415=ADVANCED_FACE('',(#197),#633,.T.);
#416=ADVANCED_FACE('',(#198),#634,.T.);
#417=ADVANCED_FACE('',(#199),#635,.T.);
#418=ADVANCED_FACE('',(#200),#636,.F.);
#419=ADVANCED_FACE('',(#201),#637,.T.);
#420=ADVANCED_FACE('',(#202),#638,.T.);
#421=ADVANCED_FACE('',(#203),#639,.T.);
#422=ADVANCED_FACE('',(#204),#640,.T.);
#423=ADVANCED_FACE('',(#205),#641,.F.);
#424=ADVANCED_FACE('',(#206),#642,.T.);
#425=ADVANCED_FACE('',(#207),#643,.F.);
#426=ADVANCED_FACE('',(#208),#644,.F.);
#427=ADVANCED_FACE('',(#209),#645,.F.);
#428=ADVANCED_FACE('',(#210),#646,.T.);
#429=ADVANCED_FACE('',(#211),#647,.F.);
#430=ADVANCED_FACE('',(#212),#34,.T.);
#431=ADVANCED_FACE('',(#213),#35,.T.);
#432=ADVANCED_FACE('',(#214),#648,.F.);
#433=ADVANCED_FACE('',(#215),#649,.T.);
#434=ADVANCED_FACE('',(#216),#650,.F.);
#435=ADVANCED_FACE('',(#217),#36,.T.);
#436=ADVANCED_FACE('',(#218),#651,.F.);
#437=ADVANCED_FACE('',(#219),#37,.T.);
#438=ADVANCED_FACE('',(#220),#652,.F.);
#439=ADVANCED_FACE('',(#221),#653,.T.);
#440=ADVANCED_FACE('',(#222),#654,.F.);
#441=ADVANCED_FACE('',(#223),#655,.F.);
#442=ADVANCED_FACE('',(#224),#656,.F.);
#443=ADVANCED_FACE('',(#225),#657,.F.);
#444=ADVANCED_FACE('',(#226),#658,.F.);
#445=ADVANCED_FACE('',(#227),#659,.T.);
#446=ADVANCED_FACE('',(#228),#660,.F.);
#447=ADVANCED_FACE('',(#229),#38,.T.);
#448=ADVANCED_FACE('',(#230),#39,.T.);
#449=ADVANCED_FACE('',(#231),#661,.F.);
#450=ADVANCED_FACE('',(#232),#662,.T.);
#451=ADVANCED_FACE('',(#233),#663,.F.);
#452=ADVANCED_FACE('',(#234),#40,.T.);
#453=ADVANCED_FACE('',(#235),#664,.F.);
#454=ADVANCED_FACE('',(#236),#41,.T.);
#455=ADVANCED_FACE('',(#237),#665,.F.);
#456=ADVANCED_FACE('',(#238),#666,.T.);
#457=ADVANCED_FACE('',(#239),#667,.F.);
#458=ADVANCED_FACE('',(#240),#668,.F.);
#459=ADVANCED_FACE('',(#241),#669,.F.);
#460=ADVANCED_FACE('',(#242),#670,.F.);
#461=ADVANCED_FACE('',(#243),#671,.F.);
#462=ADVANCED_FACE('',(#244),#672,.T.);
#463=ADVANCED_FACE('',(#245),#673,.F.);
#464=ADVANCED_FACE('',(#246),#42,.T.);
#465=ADVANCED_FACE('',(#247),#43,.T.);
#466=ADVANCED_FACE('',(#248),#674,.F.);
#467=ADVANCED_FACE('',(#249),#675,.T.);
#468=ADVANCED_FACE('',(#250),#676,.F.);
#469=ADVANCED_FACE('',(#251),#44,.T.);
#470=ADVANCED_FACE('',(#252),#677,.F.);
#471=ADVANCED_FACE('',(#253),#45,.T.);
#472=ADVANCED_FACE('',(#254),#678,.F.);
#473=ADVANCED_FACE('',(#255),#679,.T.);
#474=ADVANCED_FACE('',(#256),#680,.F.);
#475=ADVANCED_FACE('',(#257),#681,.F.);
#476=ADVANCED_FACE('',(#258),#682,.F.);
#477=ADVANCED_FACE('',(#259),#683,.F.);
#478=ADVANCED_FACE('',(#260),#684,.F.);
#479=ADVANCED_FACE('',(#261),#685,.T.);
#480=ADVANCED_FACE('',(#262),#686,.F.);
#481=ADVANCED_FACE('',(#263),#46,.T.);
#482=ADVANCED_FACE('',(#264),#47,.T.);
#483=ADVANCED_FACE('',(#265),#687,.F.);
#484=ADVANCED_FACE('',(#266),#688,.T.);
#485=ADVANCED_FACE('',(#267),#689,.F.);
#486=ADVANCED_FACE('',(#268),#48,.T.);
#487=ADVANCED_FACE('',(#269),#690,.F.);
#488=ADVANCED_FACE('',(#270),#49,.T.);
#489=ADVANCED_FACE('',(#271),#691,.F.);
#490=ADVANCED_FACE('',(#272),#692,.T.);
#491=ADVANCED_FACE('',(#273),#693,.F.);
#492=ADVANCED_FACE('',(#274),#694,.F.);
#493=ADVANCED_FACE('',(#275),#695,.F.);
#494=ADVANCED_FACE('',(#276),#696,.F.);
#495=ADVANCED_FACE('',(#277),#697,.F.);
#496=ADVANCED_FACE('',(#278),#698,.T.);
#497=ADVANCED_FACE('',(#279),#699,.F.);
#498=ADVANCED_FACE('',(#280),#50,.T.);
#499=ADVANCED_FACE('',(#281),#51,.T.);
#500=ADVANCED_FACE('',(#282),#700,.F.);
#501=ADVANCED_FACE('',(#283),#701,.T.);
#502=ADVANCED_FACE('',(#284),#702,.F.);
#503=ADVANCED_FACE('',(#285),#52,.T.);
#504=ADVANCED_FACE('',(#286),#703,.F.);
#505=ADVANCED_FACE('',(#287),#53,.T.);
#506=ADVANCED_FACE('',(#288),#704,.F.);
#507=ADVANCED_FACE('',(#289),#705,.T.);
#508=ADVANCED_FACE('',(#290),#706,.F.);
#509=ADVANCED_FACE('',(#291),#707,.F.);
#510=ADVANCED_FACE('',(#292),#708,.F.);
#511=ADVANCED_FACE('',(#293),#709,.F.);
#512=ADVANCED_FACE('',(#294),#710,.F.);
#513=ADVANCED_FACE('',(#295),#711,.T.);
#514=ADVANCED_FACE('',(#296),#712,.F.);
#515=ADVANCED_FACE('',(#297),#54,.T.);
#516=ADVANCED_FACE('',(#298),#55,.T.);
#517=ADVANCED_FACE('',(#299),#713,.F.);
#518=ADVANCED_FACE('',(#300),#714,.T.);
#519=ADVANCED_FACE('',(#301),#715,.F.);
#520=ADVANCED_FACE('',(#302),#56,.T.);
#521=ADVANCED_FACE('',(#303),#716,.F.);
#522=ADVANCED_FACE('',(#304),#57,.T.);
#523=ADVANCED_FACE('',(#305),#717,.F.);
#524=ADVANCED_FACE('',(#306),#718,.T.);
#525=ADVANCED_FACE('',(#307),#719,.F.);
#526=ADVANCED_FACE('',(#308),#720,.F.);
#527=ADVANCED_FACE('',(#309),#58,.F.);
#528=ADVANCED_FACE('',(#310),#721,.T.);
#529=ADVANCED_FACE('',(#311),#722,.T.);
#530=ADVANCED_FACE('',(#312),#59,.T.);
#531=ADVANCED_FACE('',(#313),#723,.T.);
#532=ADVANCED_FACE('',(#314),#724,.F.);
#533=ADVANCED_FACE('',(#315),#725,.T.);
#534=ADVANCED_FACE('',(#316),#60,.F.);
#535=ADVANCED_FACE('',(#317),#61,.T.);
#536=ADVANCED_FACE('',(#318),#726,.T.);
#537=ADVANCED_FACE('',(#319),#727,.T.);
#538=ADVANCED_FACE('',(#320),#728,.T.);
#539=ADVANCED_FACE('',(#321),#729,.F.);
#540=ADVANCED_FACE('',(#322),#730,.T.);
#541=ADVANCED_FACE('',(#323),#731,.T.);
#542=ADVANCED_FACE('',(#324),#732,.T.);
#543=ADVANCED_FACE('',(#325),#733,.T.);
#544=ADVANCED_FACE('',(#326),#62,.T.);
#545=ADVANCED_FACE('',(#327),#63,.F.);
#546=ADVANCED_FACE('',(#328),#734,.T.);
#547=ADVANCED_FACE('',(#329),#735,.F.);
#548=ADVANCED_FACE('',(#330),#736,.T.);
#549=ADVANCED_FACE('',(#331),#737,.T.);
#550=ADVANCED_FACE('',(#332),#64,.T.);
#551=ADVANCED_FACE('',(#333),#738,.T.);
#552=ADVANCED_FACE('',(#334),#739,.T.);
#553=ADVANCED_FACE('',(#335),#740,.T.);
#554=ADVANCED_FACE('',(#336),#65,.F.);
#555=ADVANCED_FACE('',(#337),#741,.F.);
#556=ADVANCED_FACE('',(#338),#742,.T.);
#557=PLANE('',#4098);
#558=PLANE('',#4099);
#559=PLANE('',#4100);
#560=PLANE('',#4101);
#561=PLANE('',#4102);
#562=PLANE('',#4103);
#563=PLANE('',#4104);
#564=PLANE('',#4105);
#565=PLANE('',#4106);
#566=PLANE('',#4107);
#567=PLANE('',#4108);
#568=PLANE('',#4109);
#569=PLANE('',#4110);
#570=PLANE('',#4111);
#571=PLANE('',#4112);
#572=PLANE('',#4113);
#573=PLANE('',#4114);
#574=PLANE('',#4115);
#575=PLANE('',#4116);
#576=PLANE('',#4117);
#577=PLANE('',#4118);
#578=PLANE('',#4119);
#579=PLANE('',#4120);
#580=PLANE('',#4121);
#581=PLANE('',#4122);
#582=PLANE('',#4123);
#583=PLANE('',#4124);
#584=PLANE('',#4125);
#585=PLANE('',#4126);
#586=PLANE('',#4127);
#587=PLANE('',#4128);
#588=PLANE('',#4129);
#589=PLANE('',#4130);
#590=PLANE('',#4131);
#591=PLANE('',#4132);
#592=PLANE('',#4133);
#593=PLANE('',#4134);
#594=PLANE('',#4135);
#595=PLANE('',#4136);
#596=PLANE('',#4137);
#597=PLANE('',#4138);
#598=PLANE('',#4139);
#599=PLANE('',#4140);
#600=PLANE('',#4141);
#601=PLANE('',#4142);
#602=PLANE('',#4143);
#603=PLANE('',#4144);
#604=PLANE('',#4145);
#605=PLANE('',#4146);
#606=PLANE('',#4147);
#607=PLANE('',#4148);
#608=PLANE('',#4149);
#609=PLANE('',#4150);
#610=PLANE('',#4151);
#611=PLANE('',#4152);
#612=PLANE('',#4153);
#613=PLANE('',#4154);
#614=PLANE('',#4155);
#615=PLANE('',#4156);
#616=PLANE('',#4157);
#617=PLANE('',#4158);
#618=PLANE('',#4159);
#619=PLANE('',#4160);
#620=PLANE('',#4161);
#621=PLANE('',#4162);
#622=PLANE('',#4163);
#623=PLANE('',#4164);
#624=PLANE('',#4165);
#625=PLANE('',#4166);
#626=PLANE('',#4167);
#627=PLANE('',#4168);
#628=PLANE('',#4169);
#629=PLANE('',#4170);
#630=PLANE('',#4171);
#631=PLANE('',#4172);
#632=PLANE('',#4173);
#633=PLANE('',#4174);
#634=PLANE('',#4175);
#635=PLANE('',#4176);
#636=PLANE('',#4177);
#637=PLANE('',#4178);
#638=PLANE('',#4179);
#639=PLANE('',#4180);
#640=PLANE('',#4181);
#641=PLANE('',#4182);
#642=PLANE('',#4183);
#643=PLANE('',#4184);
#644=PLANE('',#4185);
#645=PLANE('',#4186);
#646=PLANE('',#4189);
#647=PLANE('',#4192);
#648=PLANE('',#4195);
#649=PLANE('',#4198);
#650=PLANE('',#4201);
#651=PLANE('',#4203);
#652=PLANE('',#4205);
#653=PLANE('',#4206);
#654=PLANE('',#4207);
#655=PLANE('',#4208);
#656=PLANE('',#4209);
#657=PLANE('',#4210);
#658=PLANE('',#4211);
#659=PLANE('',#4214);
#660=PLANE('',#4217);
#661=PLANE('',#4220);
#662=PLANE('',#4223);
#663=PLANE('',#4226);
#664=PLANE('',#4228);
#665=PLANE('',#4230);
#666=PLANE('',#4231);
#667=PLANE('',#4232);
#668=PLANE('',#4233);
#669=PLANE('',#4234);
#670=PLANE('',#4235);
#671=PLANE('',#4236);
#672=PLANE('',#4239);
#673=PLANE('',#4242);
#674=PLANE('',#4245);
#675=PLANE('',#4248);
#676=PLANE('',#4251);
#677=PLANE('',#4253);
#678=PLANE('',#4255);
#679=PLANE('',#4256);
#680=PLANE('',#4257);
#681=PLANE('',#4258);
#682=PLANE('',#4259);
#683=PLANE('',#4260);
#684=PLANE('',#4261);
#685=PLANE('',#4264);
#686=PLANE('',#4267);
#687=PLANE('',#4270);
#688=PLANE('',#4273);
#689=PLANE('',#4276);
#690=PLANE('',#4278);
#691=PLANE('',#4280);
#692=PLANE('',#4281);
#693=PLANE('',#4282);
#694=PLANE('',#4283);
#695=PLANE('',#4284);
#696=PLANE('',#4285);
#697=PLANE('',#4286);
#698=PLANE('',#4289);
#699=PLANE('',#4292);
#700=PLANE('',#4295);
#701=PLANE('',#4298);
#702=PLANE('',#4301);
#703=PLANE('',#4303);
#704=PLANE('',#4305);
#705=PLANE('',#4306);
#706=PLANE('',#4307);
#707=PLANE('',#4308);
#708=PLANE('',#4309);
#709=PLANE('',#4310);
#710=PLANE('',#4311);
#711=PLANE('',#4314);
#712=PLANE('',#4317);
#713=PLANE('',#4320);
#714=PLANE('',#4323);
#715=PLANE('',#4326);
#716=PLANE('',#4328);
#717=PLANE('',#4330);
#718=PLANE('',#4331);
#719=PLANE('',#4332);
#720=PLANE('',#4333);
#721=PLANE('',#4337);
#722=PLANE('',#4338);
#723=PLANE('',#4342);
#724=PLANE('',#4343);
#725=PLANE('',#4344);
#726=PLANE('',#4351);
#727=PLANE('',#4352);
#728=PLANE('',#4353);
#729=PLANE('',#4354);
#730=PLANE('',#4355);
#731=PLANE('',#4356);
#732=PLANE('',#4357);
#733=PLANE('',#4358);
#734=PLANE('',#4365);
#735=PLANE('',#4366);
#736=PLANE('',#4367);
#737=PLANE('',#4368);
#738=PLANE('',#4372);
#739=PLANE('',#4373);
#740=PLANE('',#4374);
#741=PLANE('',#4378);
#742=PLANE('',#4379);
#743=FACE_BOUND('',#767,.T.);
#744=FACE_BOUND('',#768,.T.);
#745=FACE_BOUND('',#769,.T.);
#746=FACE_BOUND('',#780,.T.);
#747=FACE_BOUND('',#781,.T.);
#748=FACE_BOUND('',#782,.T.);
#749=FACE_BOUND('',#783,.T.);
#750=FACE_BOUND('',#784,.T.);
#751=FACE_BOUND('',#785,.T.);
#752=FACE_BOUND('',#786,.T.);
#753=FACE_BOUND('',#787,.T.);
#754=FACE_BOUND('',#788,.T.);
#755=FACE_BOUND('',#822,.T.);
#756=FACE_BOUND('',#823,.T.);
#757=FACE_BOUND('',#828,.T.);
#758=FACE_BOUND('',#829,.T.);
#759=FACE_BOUND('',#835,.T.);
#760=FACE_BOUND('',#836,.T.);
#761=FACE_BOUND('',#842,.T.);
#762=FACE_BOUND('',#843,.T.);
#763=FACE_BOUND('',#849,.T.);
#764=FACE_BOUND('',#850,.T.);
#765=FACE_BOUND('',#856,.T.);
#766=FACE_BOUND('',#857,.T.);
#767=EDGE_LOOP('',(#1000,#1001,#1002,#1003));
#768=EDGE_LOOP('',(#1004,#1005,#1006,#1007));
#769=EDGE_LOOP('',(#1008,#1009,#1010,#1011,#1012,#1013,#1014,#1015,#1016,
#1017,#1018,#1019,#1020,#1021,#1022,#1023,#1024,#1025,#1026,#1027,#1028,
#1029,#1030,#1031,#1032,#1033,#1034,#1035,#1036,#1037,#1038,#1039,#1040,
#1041,#1042,#1043,#1044,#1045,#1046,#1047,#1048,#1049,#1050,#1051,#1052,
#1053,#1054,#1055,#1056,#1057,#1058,#1059));
#770=EDGE_LOOP('',(#1060,#1061,#1062,#1063,#1064,#1065,#1066,#1067,#1068,
#1069,#1070,#1071));
#771=EDGE_LOOP('',(#1072,#1073,#1074,#1075));
#772=EDGE_LOOP('',(#1076,#1077,#1078,#1079,#1080,#1081,#1082,#1083,#1084,
#1085,#1086,#1087));
#773=EDGE_LOOP('',(#1088,#1089,#1090,#1091));
#774=EDGE_LOOP('',(#1092,#1093,#1094,#1095));
#775=EDGE_LOOP('',(#1096,#1097,#1098,#1099));
#776=EDGE_LOOP('',(#1100,#1101,#1102,#1103,#1104,#1105,#1106,#1107));
#777=EDGE_LOOP('',(#1108,#1109,#1110,#1111,#1112,#1113,#1114,#1115));
#778=EDGE_LOOP('',(#1116,#1117,#1118,#1119));
#779=EDGE_LOOP('',(#1120,#1121,#1122,#1123));
#780=EDGE_LOOP('',(#1124,#1125,#1126,#1127,#1128));
#781=EDGE_LOOP('',(#1129,#1130,#1131,#1132,#1133));
#782=EDGE_LOOP('',(#1134,#1135,#1136,#1137,#1138));
#783=EDGE_LOOP('',(#1139,#1140,#1141,#1142,#1143));
#784=EDGE_LOOP('',(#1144,#1145,#1146,#1147));
#785=EDGE_LOOP('',(#1148,#1149,#1150,#1151,#1152));
#786=EDGE_LOOP('',(#1153,#1154,#1155,#1156,#1157,#1158,#1159,#1160));
#787=EDGE_LOOP('',(#1161,#1162,#1163,#1164,#1165,#1166));
#788=EDGE_LOOP('',(#1167,#1168,#1169,#1170));
#789=EDGE_LOOP('',(#1171,#1172,#1173,#1174,#1175,#1176,#1177,#1178,#1179,
#1180,#1181,#1182,#1183,#1184,#1185,#1186,#1187,#1188,#1189,#1190,#1191,
#1192,#1193,#1194,#1195,#1196,#1197,#1198,#1199,#1200,#1201,#1202));
#790=EDGE_LOOP('',(#1203,#1204,#1205,#1206));
#791=EDGE_LOOP('',(#1207,#1208,#1209,#1210));
#792=EDGE_LOOP('',(#1211,#1212,#1213,#1214));
#793=EDGE_LOOP('',(#1215,#1216,#1217,#1218));
#794=EDGE_LOOP('',(#1219,#1220,#1221,#1222));
#795=EDGE_LOOP('',(#1223,#1224,#1225,#1226,#1227,#1228,#1229));
#796=EDGE_LOOP('',(#1230,#1231,#1232,#1233,#1234,#1235,#1236));
#797=EDGE_LOOP('',(#1237,#1238,#1239,#1240));
#798=EDGE_LOOP('',(#1241,#1242,#1243,#1244));
#799=EDGE_LOOP('',(#1245,#1246,#1247));
#800=EDGE_LOOP('',(#1248,#1249,#1250));
#801=EDGE_LOOP('',(#1251,#1252,#1253,#1254));
#802=EDGE_LOOP('',(#1255,#1256,#1257,#1258));
#803=EDGE_LOOP('',(#1259,#1260,#1261));
#804=EDGE_LOOP('',(#1262,#1263,#1264));
#805=EDGE_LOOP('',(#1265,#1266,#1267,#1268));
#806=EDGE_LOOP('',(#1269,#1270,#1271,#1272,#1273,#1274,#1275));
#807=EDGE_LOOP('',(#1276,#1277,#1278,#1279));
#808=EDGE_LOOP('',(#1280,#1281,#1282,#1283,#1284));
#809=EDGE_LOOP('',(#1285,#1286,#1287,#1288));
#810=EDGE_LOOP('',(#1289,#1290,#1291,#1292));
#811=EDGE_LOOP('',(#1293,#1294,#1295,#1296,#1297,#1298,#1299));
#812=EDGE_LOOP('',(#1300,#1301,#1302,#1303,#1304));
#813=EDGE_LOOP('',(#1305,#1306,#1307,#1308));
#814=EDGE_LOOP('',(#1309,#1310,#1311,#1312));
#815=EDGE_LOOP('',(#1313,#1314,#1315,#1316));
#816=EDGE_LOOP('',(#1317,#1318,#1319,#1320));
#817=EDGE_LOOP('',(#1321,#1322,#1323,#1324));
#818=EDGE_LOOP('',(#1325,#1326,#1327,#1328));
#819=EDGE_LOOP('',(#1329,#1330,#1331,#1332));
#820=EDGE_LOOP('',(#1333,#1334,#1335,#1336));
#821=EDGE_LOOP('',(#1337,#1338,#1339,#1340));
#822=EDGE_LOOP('',(#1341,#1342,#1343,#1344));
#823=EDGE_LOOP('',(#1345,#1346,#1347,#1348,#1349));
#824=EDGE_LOOP('',(#1350,#1351,#1352,#1353));
#825=EDGE_LOOP('',(#1354,#1355,#1356,#1357));
#826=EDGE_LOOP('',(#1358,#1359,#1360,#1361));
#827=EDGE_LOOP('',(#1362,#1363,#1364,#1365));
#828=EDGE_LOOP('',(#1366,#1367,#1368,#1369));
#829=EDGE_LOOP('',(#1370,#1371,#1372,#1373));
#830=EDGE_LOOP('',(#1374,#1375,#1376,#1377));
#831=EDGE_LOOP('',(#1378,#1379,#1380,#1381));
#832=EDGE_LOOP('',(#1382,#1383,#1384,#1385));
#833=EDGE_LOOP('',(#1386,#1387,#1388,#1389));
#834=EDGE_LOOP('',(#1390,#1391,#1392,#1393));
#835=EDGE_LOOP('',(#1394,#1395,#1396,#1397));
#836=EDGE_LOOP('',(#1398,#1399,#1400,#1401,#1402));
#837=EDGE_LOOP('',(#1403,#1404,#1405,#1406));
#838=EDGE_LOOP('',(#1407,#1408,#1409,#1410));
#839=EDGE_LOOP('',(#1411,#1412,#1413,#1414));
#840=EDGE_LOOP('',(#1415,#1416,#1417,#1418));
#841=EDGE_LOOP('',(#1419,#1420,#1421,#1422));
#842=EDGE_LOOP('',(#1423,#1424,#1425,#1426));
#843=EDGE_LOOP('',(#1427,#1428,#1429,#1430,#1431));
#844=EDGE_LOOP('',(#1432,#1433,#1434,#1435));
#845=EDGE_LOOP('',(#1436,#1437,#1438,#1439));
#846=EDGE_LOOP('',(#1440,#1441,#1442,#1443));
#847=EDGE_LOOP('',(#1444,#1445,#1446,#1447));
#848=EDGE_LOOP('',(#1448,#1449,#1450,#1451));
#849=EDGE_LOOP('',(#1452,#1453,#1454,#1455));
#850=EDGE_LOOP('',(#1456,#1457,#1458,#1459,#1460));
#851=EDGE_LOOP('',(#1461,#1462,#1463,#1464));
#852=EDGE_LOOP('',(#1465,#1466,#1467,#1468));
#853=EDGE_LOOP('',(#1469,#1470,#1471,#1472));
#854=EDGE_LOOP('',(#1473,#1474,#1475,#1476));
#855=EDGE_LOOP('',(#1477,#1478,#1479,#1480));
#856=EDGE_LOOP('',(#1481,#1482,#1483,#1484));
#857=EDGE_LOOP('',(#1485,#1486,#1487,#1488,#1489));
#858=EDGE_LOOP('',(#1490,#1491,#1492,#1493));
#859=EDGE_LOOP('',(#1494,#1495,#1496,#1497));
#860=EDGE_LOOP('',(#1498,#1499,#1500,#1501));
#861=EDGE_LOOP('',(#1502,#1503,#1504,#1505));
#862=EDGE_LOOP('',(#1506,#1507,#1508,#1509));
#863=EDGE_LOOP('',(#1510,#1511,#1512,#1513));
#864=EDGE_LOOP('',(#1514,#1515,#1516,#1517));
#865=EDGE_LOOP('',(#1518,#1519,#1520,#1521));
#866=EDGE_LOOP('',(#1522,#1523,#1524,#1525));
#867=EDGE_LOOP('',(#1526,#1527,#1528,#1529));
#868=EDGE_LOOP('',(#1530,#1531,#1532,#1533));
#869=EDGE_LOOP('',(#1534,#1535,#1536,#1537));
#870=EDGE_LOOP('',(#1538,#1539,#1540,#1541));
#871=EDGE_LOOP('',(#1542,#1543,#1544,#1545,#1546,#1547));
#872=EDGE_LOOP('',(#1548,#1549,#1550,#1551,#1552,#1553));
#873=EDGE_LOOP('',(#1554,#1555,#1556,#1557));
#874=EDGE_LOOP('',(#1558,#1559,#1560,#1561));
#875=EDGE_LOOP('',(#1562,#1563,#1564,#1565));
#876=EDGE_LOOP('',(#1566,#1567,#1568,#1569,#1570,#1571));
#877=EDGE_LOOP('',(#1572,#1573,#1574,#1575,#1576,#1577));
#878=EDGE_LOOP('',(#1578,#1579,#1580,#1581));
#879=EDGE_LOOP('',(#1582,#1583,#1584,#1585));
#880=EDGE_LOOP('',(#1586,#1587,#1588,#1589));
#881=EDGE_LOOP('',(#1590,#1591,#1592,#1593));
#882=EDGE_LOOP('',(#1594,#1595,#1596,#1597));
#883=EDGE_LOOP('',(#1598,#1599,#1600,#1601));
#884=EDGE_LOOP('',(#1602,#1603,#1604,#1605));
#885=EDGE_LOOP('',(#1606,#1607,#1608,#1609));
#886=EDGE_LOOP('',(#1610,#1611,#1612,#1613));
#887=EDGE_LOOP('',(#1614,#1615,#1616,#1617));
#888=EDGE_LOOP('',(#1618,#1619,#1620,#1621,#1622,#1623));
#889=EDGE_LOOP('',(#1624,#1625,#1626,#1627,#1628,#1629));
#890=EDGE_LOOP('',(#1630,#1631,#1632,#1633));
#891=EDGE_LOOP('',(#1634,#1635,#1636,#1637));
#892=EDGE_LOOP('',(#1638,#1639,#1640,#1641));
#893=EDGE_LOOP('',(#1642,#1643,#1644,#1645,#1646,#1647));
#894=EDGE_LOOP('',(#1648,#1649,#1650,#1651,#1652,#1653));
#895=EDGE_LOOP('',(#1654,#1655,#1656,#1657));
#896=EDGE_LOOP('',(#1658,#1659,#1660,#1661));
#897=EDGE_LOOP('',(#1662,#1663,#1664,#1665));
#898=EDGE_LOOP('',(#1666,#1667,#1668,#1669));
#899=EDGE_LOOP('',(#1670,#1671,#1672,#1673));
#900=EDGE_LOOP('',(#1674,#1675,#1676,#1677));
#901=EDGE_LOOP('',(#1678,#1679,#1680,#1681));
#902=EDGE_LOOP('',(#1682,#1683,#1684,#1685));
#903=EDGE_LOOP('',(#1686,#1687,#1688,#1689));
#904=EDGE_LOOP('',(#1690,#1691,#1692,#1693));
#905=EDGE_LOOP('',(#1694,#1695,#1696,#1697,#1698,#1699));
#906=EDGE_LOOP('',(#1700,#1701,#1702,#1703,#1704,#1705));
#907=EDGE_LOOP('',(#1706,#1707,#1708,#1709));
#908=EDGE_LOOP('',(#1710,#1711,#1712,#1713));
#909=EDGE_LOOP('',(#1714,#1715,#1716,#1717));
#910=EDGE_LOOP('',(#1718,#1719,#1720,#1721,#1722,#1723));
#911=EDGE_LOOP('',(#1724,#1725,#1726,#1727,#1728,#1729));
#912=EDGE_LOOP('',(#1730,#1731,#1732,#1733));
#913=EDGE_LOOP('',(#1734,#1735,#1736,#1737));
#914=EDGE_LOOP('',(#1738,#1739,#1740,#1741));
#915=EDGE_LOOP('',(#1742,#1743,#1744,#1745));
#916=EDGE_LOOP('',(#1746,#1747,#1748,#1749));
#917=EDGE_LOOP('',(#1750,#1751,#1752,#1753));
#918=EDGE_LOOP('',(#1754,#1755,#1756,#1757));
#919=EDGE_LOOP('',(#1758,#1759,#1760,#1761));
#920=EDGE_LOOP('',(#1762,#1763,#1764,#1765));
#921=EDGE_LOOP('',(#1766,#1767,#1768,#1769));
#922=EDGE_LOOP('',(#1770,#1771,#1772,#1773,#1774,#1775));
#923=EDGE_LOOP('',(#1776,#1777,#1778,#1779,#1780,#1781));
#924=EDGE_LOOP('',(#1782,#1783,#1784,#1785));
#925=EDGE_LOOP('',(#1786,#1787,#1788,#1789));
#926=EDGE_LOOP('',(#1790,#1791,#1792,#1793));
#927=EDGE_LOOP('',(#1794,#1795,#1796,#1797,#1798,#1799));
#928=EDGE_LOOP('',(#1800,#1801,#1802,#1803,#1804,#1805));
#929=EDGE_LOOP('',(#1806,#1807,#1808,#1809));
#930=EDGE_LOOP('',(#1810,#1811,#1812,#1813));
#931=EDGE_LOOP('',(#1814,#1815,#1816,#1817));
#932=EDGE_LOOP('',(#1818,#1819,#1820,#1821));
#933=EDGE_LOOP('',(#1822,#1823,#1824,#1825));
#934=EDGE_LOOP('',(#1826,#1827,#1828,#1829));
#935=EDGE_LOOP('',(#1830,#1831,#1832,#1833));
#936=EDGE_LOOP('',(#1834,#1835,#1836,#1837));
#937=EDGE_LOOP('',(#1838,#1839,#1840,#1841));
#938=EDGE_LOOP('',(#1842,#1843,#1844,#1845));
#939=EDGE_LOOP('',(#1846,#1847,#1848,#1849,#1850,#1851));
#940=EDGE_LOOP('',(#1852,#1853,#1854,#1855,#1856,#1857));
#941=EDGE_LOOP('',(#1858,#1859,#1860,#1861));
#942=EDGE_LOOP('',(#1862,#1863,#1864,#1865));
#943=EDGE_LOOP('',(#1866,#1867,#1868,#1869));
#944=EDGE_LOOP('',(#1870,#1871,#1872,#1873,#1874,#1875));
#945=EDGE_LOOP('',(#1876,#1877,#1878,#1879,#1880,#1881));
#946=EDGE_LOOP('',(#1882,#1883,#1884,#1885));
#947=EDGE_LOOP('',(#1886,#1887,#1888,#1889));
#948=EDGE_LOOP('',(#1890,#1891,#1892,#1893));
#949=EDGE_LOOP('',(#1894,#1895,#1896,#1897));
#950=EDGE_LOOP('',(#1898,#1899,#1900,#1901));
#951=EDGE_LOOP('',(#1902,#1903,#1904,#1905));
#952=EDGE_LOOP('',(#1906,#1907,#1908,#1909));
#953=EDGE_LOOP('',(#1910,#1911,#1912,#1913));
#954=EDGE_LOOP('',(#1914,#1915,#1916,#1917));
#955=EDGE_LOOP('',(#1918,#1919,#1920,#1921));
#956=EDGE_LOOP('',(#1922,#1923,#1924,#1925,#1926,#1927));
#957=EDGE_LOOP('',(#1928,#1929,#1930,#1931,#1932,#1933));
#958=EDGE_LOOP('',(#1934,#1935,#1936,#1937));
#959=EDGE_LOOP('',(#1938,#1939,#1940,#1941));
#960=EDGE_LOOP('',(#1942,#1943,#1944,#1945));
#961=EDGE_LOOP('',(#1946,#1947,#1948,#1949,#1950,#1951));
#962=EDGE_LOOP('',(#1952,#1953,#1954,#1955,#1956,#1957));
#963=EDGE_LOOP('',(#1958,#1959,#1960,#1961));
#964=EDGE_LOOP('',(#1962,#1963,#1964,#1965));
#965=EDGE_LOOP('',(#1966,#1967,#1968,#1969));
#966=EDGE_LOOP('',(#1970,#1971,#1972,#1973));
#967=EDGE_LOOP('',(#1974,#1975,#1976,#1977));
#968=EDGE_LOOP('',(#1978,#1979,#1980,#1981));
#969=EDGE_LOOP('',(#1982,#1983,#1984,#1985));
#970=EDGE_LOOP('',(#1986,#1987,#1988,#1989));
#971=EDGE_LOOP('',(#1990,#1991,#1992,#1993));
#972=EDGE_LOOP('',(#1994,#1995,#1996,#1997));
#973=EDGE_LOOP('',(#1998,#1999,#2000,#2001));
#974=EDGE_LOOP('',(#2002,#2003,#2004,#2005));
#975=EDGE_LOOP('',(#2006,#2007,#2008,#2009,#2010,#2011,#2012,#2013));
#976=EDGE_LOOP('',(#2014,#2015,#2016,#2017,#2018,#2019,#2020,#2021));
#977=EDGE_LOOP('',(#2022,#2023,#2024,#2025));
#978=EDGE_LOOP('',(#2026,#2027,#2028,#2029));
#979=EDGE_LOOP('',(#2030,#2031,#2032,#2033));
#980=EDGE_LOOP('',(#2034,#2035,#2036,#2037));
#981=EDGE_LOOP('',(#2038,#2039,#2040,#2041));
#982=EDGE_LOOP('',(#2042,#2043,#2044,#2045,#2046,#2047,#2048,#2049));
#983=EDGE_LOOP('',(#2050,#2051,#2052,#2053,#2054,#2055,#2056,#2057));
#984=EDGE_LOOP('',(#2058,#2059,#2060,#2061));
#985=EDGE_LOOP('',(#2062,#2063,#2064,#2065));
#986=EDGE_LOOP('',(#2066,#2067,#2068,#2069));
#987=EDGE_LOOP('',(#2070,#2071,#2072,#2073));
#988=EDGE_LOOP('',(#2074,#2075,#2076,#2077));
#989=EDGE_LOOP('',(#2078,#2079,#2080,#2081));
#990=EDGE_LOOP('',(#2082,#2083,#2084,#2085,#2086,#2087,#2088,#2089,#2090));
#991=EDGE_LOOP('',(#2091,#2092,#2093,#2094,#2095,#2096,#2097,#2098,#2099));
#992=EDGE_LOOP('',(#2100,#2101,#2102,#2103));
#993=EDGE_LOOP('',(#2104,#2105,#2106,#2107));
#994=EDGE_LOOP('',(#2108,#2109,#2110,#2111));
#995=EDGE_LOOP('',(#2112,#2113,#2114,#2115));
#996=EDGE_LOOP('',(#2116,#2117,#2118,#2119));
#997=EDGE_LOOP('',(#2120,#2121,#2122,#2123));
#998=EDGE_LOOP('',(#2124,#2125,#2126,#2127,#2128,#2129,#2130,#2131,#2132));
#999=EDGE_LOOP('',(#2133,#2134,#2135,#2136,#2137,#2138,#2139,#2140,#2141));
#1000=ORIENTED_EDGE('',*,*,#2512,.F.);
#1001=ORIENTED_EDGE('',*,*,#2513,.F.);
#1002=ORIENTED_EDGE('',*,*,#2514,.T.);
#1003=ORIENTED_EDGE('',*,*,#2515,.T.);
#1004=ORIENTED_EDGE('',*,*,#2516,.F.);
#1005=ORIENTED_EDGE('',*,*,#2517,.F.);
#1006=ORIENTED_EDGE('',*,*,#2518,.T.);
#1007=ORIENTED_EDGE('',*,*,#2519,.T.);
#1008=ORIENTED_EDGE('',*,*,#2520,.T.);
#1009=ORIENTED_EDGE('',*,*,#2521,.T.);
#1010=ORIENTED_EDGE('',*,*,#2522,.F.);
#1011=ORIENTED_EDGE('',*,*,#2523,.F.);
#1012=ORIENTED_EDGE('',*,*,#2524,.T.);
#1013=ORIENTED_EDGE('',*,*,#2525,.T.);
#1014=ORIENTED_EDGE('',*,*,#2526,.F.);
#1015=ORIENTED_EDGE('',*,*,#2527,.T.);
#1016=ORIENTED_EDGE('',*,*,#2528,.F.);
#1017=ORIENTED_EDGE('',*,*,#2529,.F.);
#1018=ORIENTED_EDGE('',*,*,#2530,.F.);
#1019=ORIENTED_EDGE('',*,*,#2531,.T.);
#1020=ORIENTED_EDGE('',*,*,#2532,.F.);
#1021=ORIENTED_EDGE('',*,*,#2533,.F.);
#1022=ORIENTED_EDGE('',*,*,#2534,.F.);
#1023=ORIENTED_EDGE('',*,*,#2535,.T.);
#1024=ORIENTED_EDGE('',*,*,#2536,.F.);
#1025=ORIENTED_EDGE('',*,*,#2537,.T.);
#1026=ORIENTED_EDGE('',*,*,#2538,.T.);
#1027=ORIENTED_EDGE('',*,*,#2539,.T.);
#1028=ORIENTED_EDGE('',*,*,#2540,.T.);
#1029=ORIENTED_EDGE('',*,*,#2541,.T.);
#1030=ORIENTED_EDGE('',*,*,#2542,.T.);
#1031=ORIENTED_EDGE('',*,*,#2543,.F.);
#1032=ORIENTED_EDGE('',*,*,#2544,.T.);
#1033=ORIENTED_EDGE('',*,*,#2545,.T.);
#1034=ORIENTED_EDGE('',*,*,#2546,.T.);
#1035=ORIENTED_EDGE('',*,*,#2547,.F.);
#1036=ORIENTED_EDGE('',*,*,#2548,.T.);
#1037=ORIENTED_EDGE('',*,*,#2549,.T.);
#1038=ORIENTED_EDGE('',*,*,#2550,.T.);
#1039=ORIENTED_EDGE('',*,*,#2551,.F.);
#1040=ORIENTED_EDGE('',*,*,#2552,.T.);
#1041=ORIENTED_EDGE('',*,*,#2553,.T.);
#1042=ORIENTED_EDGE('',*,*,#2554,.T.);
#1043=ORIENTED_EDGE('',*,*,#2555,.F.);
#1044=ORIENTED_EDGE('',*,*,#2556,.T.);
#1045=ORIENTED_EDGE('',*,*,#2557,.T.);
#1046=ORIENTED_EDGE('',*,*,#2558,.T.);
#1047=ORIENTED_EDGE('',*,*,#2559,.F.);
#1048=ORIENTED_EDGE('',*,*,#2560,.T.);
#1049=ORIENTED_EDGE('',*,*,#2561,.T.);
#1050=ORIENTED_EDGE('',*,*,#2562,.T.);
#1051=ORIENTED_EDGE('',*,*,#2563,.F.);
#1052=ORIENTED_EDGE('',*,*,#2564,.T.);
#1053=ORIENTED_EDGE('',*,*,#2565,.F.);
#1054=ORIENTED_EDGE('',*,*,#2566,.F.);
#1055=ORIENTED_EDGE('',*,*,#2567,.F.);
#1056=ORIENTED_EDGE('',*,*,#2568,.T.);
#1057=ORIENTED_EDGE('',*,*,#2569,.T.);
#1058=ORIENTED_EDGE('',*,*,#2570,.F.);
#1059=ORIENTED_EDGE('',*,*,#2571,.F.);
#1060=ORIENTED_EDGE('',*,*,#2572,.F.);
#1061=ORIENTED_EDGE('',*,*,#2573,.T.);
#1062=ORIENTED_EDGE('',*,*,#2574,.T.);
#1063=ORIENTED_EDGE('',*,*,#2575,.T.);
#1064=ORIENTED_EDGE('',*,*,#2576,.F.);
#1065=ORIENTED_EDGE('',*,*,#2577,.T.);
#1066=ORIENTED_EDGE('',*,*,#2578,.T.);
#1067=ORIENTED_EDGE('',*,*,#2579,.F.);
#1068=ORIENTED_EDGE('',*,*,#2580,.T.);
#1069=ORIENTED_EDGE('',*,*,#2581,.T.);
#1070=ORIENTED_EDGE('',*,*,#2582,.T.);
#1071=ORIENTED_EDGE('',*,*,#2583,.T.);
#1072=ORIENTED_EDGE('',*,*,#2584,.F.);
#1073=ORIENTED_EDGE('',*,*,#2520,.F.);
#1074=ORIENTED_EDGE('',*,*,#2585,.T.);
#1075=ORIENTED_EDGE('',*,*,#2573,.F.);
#1076=ORIENTED_EDGE('',*,*,#2586,.F.);
#1077=ORIENTED_EDGE('',*,*,#2587,.T.);
#1078=ORIENTED_EDGE('',*,*,#2588,.T.);
#1079=ORIENTED_EDGE('',*,*,#2589,.F.);
#1080=ORIENTED_EDGE('',*,*,#2590,.T.);
#1081=ORIENTED_EDGE('',*,*,#2591,.T.);
#1082=ORIENTED_EDGE('',*,*,#2592,.T.);
#1083=ORIENTED_EDGE('',*,*,#2593,.F.);
#1084=ORIENTED_EDGE('',*,*,#2594,.F.);
#1085=ORIENTED_EDGE('',*,*,#2595,.T.);
#1086=ORIENTED_EDGE('',*,*,#2596,.T.);
#1087=ORIENTED_EDGE('',*,*,#2597,.F.);
#1088=ORIENTED_EDGE('',*,*,#2598,.F.);
#1089=ORIENTED_EDGE('',*,*,#2597,.T.);
#1090=ORIENTED_EDGE('',*,*,#2599,.T.);
#1091=ORIENTED_EDGE('',*,*,#2532,.T.);
#1092=ORIENTED_EDGE('',*,*,#2600,.F.);
#1093=ORIENTED_EDGE('',*,*,#2568,.F.);
#1094=ORIENTED_EDGE('',*,*,#2601,.T.);
#1095=ORIENTED_EDGE('',*,*,#2577,.F.);
#1096=ORIENTED_EDGE('',*,*,#2602,.F.);
#1097=ORIENTED_EDGE('',*,*,#2593,.T.);
#1098=ORIENTED_EDGE('',*,*,#2603,.T.);
#1099=ORIENTED_EDGE('',*,*,#2536,.T.);
#1100=ORIENTED_EDGE('',*,*,#2604,.F.);
#1101=ORIENTED_EDGE('',*,*,#2605,.T.);
#1102=ORIENTED_EDGE('',*,*,#2606,.F.);
#1103=ORIENTED_EDGE('',*,*,#2607,.T.);
#1104=ORIENTED_EDGE('',*,*,#2608,.T.);
#1105=ORIENTED_EDGE('',*,*,#2609,.T.);
#1106=ORIENTED_EDGE('',*,*,#2610,.T.);
#1107=ORIENTED_EDGE('',*,*,#2611,.T.);
#1108=ORIENTED_EDGE('',*,*,#2612,.F.);
#1109=ORIENTED_EDGE('',*,*,#2613,.T.);
#1110=ORIENTED_EDGE('',*,*,#2614,.F.);
#1111=ORIENTED_EDGE('',*,*,#2615,.F.);
#1112=ORIENTED_EDGE('',*,*,#2616,.F.);
#1113=ORIENTED_EDGE('',*,*,#2617,.F.);
#1114=ORIENTED_EDGE('',*,*,#2618,.T.);
#1115=ORIENTED_EDGE('',*,*,#2619,.T.);
#1116=ORIENTED_EDGE('',*,*,#2616,.T.);
#1117=ORIENTED_EDGE('',*,*,#2620,.T.);
#1118=ORIENTED_EDGE('',*,*,#2621,.F.);
#1119=ORIENTED_EDGE('',*,*,#2622,.T.);
#1120=ORIENTED_EDGE('',*,*,#2623,.T.);
#1121=ORIENTED_EDGE('',*,*,#2624,.T.);
#1122=ORIENTED_EDGE('',*,*,#2609,.F.);
#1123=ORIENTED_EDGE('',*,*,#2625,.T.);
#1124=ORIENTED_EDGE('',*,*,#2626,.F.);
#1125=ORIENTED_EDGE('',*,*,#2627,.F.);
#1126=ORIENTED_EDGE('',*,*,#2628,.F.);
#1127=ORIENTED_EDGE('',*,*,#2629,.F.);
#1128=ORIENTED_EDGE('',*,*,#2630,.F.);
#1129=ORIENTED_EDGE('',*,*,#2631,.F.);
#1130=ORIENTED_EDGE('',*,*,#2632,.F.);
#1131=ORIENTED_EDGE('',*,*,#2633,.F.);
#1132=ORIENTED_EDGE('',*,*,#2634,.F.);
#1133=ORIENTED_EDGE('',*,*,#2635,.F.);
#1134=ORIENTED_EDGE('',*,*,#2636,.F.);
#1135=ORIENTED_EDGE('',*,*,#2637,.F.);
#1136=ORIENTED_EDGE('',*,*,#2638,.F.);
#1137=ORIENTED_EDGE('',*,*,#2639,.F.);
#1138=ORIENTED_EDGE('',*,*,#2640,.F.);
#1139=ORIENTED_EDGE('',*,*,#2641,.F.);
#1140=ORIENTED_EDGE('',*,*,#2642,.F.);
#1141=ORIENTED_EDGE('',*,*,#2643,.F.);
#1142=ORIENTED_EDGE('',*,*,#2644,.F.);
#1143=ORIENTED_EDGE('',*,*,#2645,.F.);
#1144=ORIENTED_EDGE('',*,*,#2646,.F.);
#1145=ORIENTED_EDGE('',*,*,#2647,.F.);
#1146=ORIENTED_EDGE('',*,*,#2648,.F.);
#1147=ORIENTED_EDGE('',*,*,#2649,.F.);
#1148=ORIENTED_EDGE('',*,*,#2650,.F.);
#1149=ORIENTED_EDGE('',*,*,#2651,.F.);
#1150=ORIENTED_EDGE('',*,*,#2652,.F.);
#1151=ORIENTED_EDGE('',*,*,#2653,.F.);
#1152=ORIENTED_EDGE('',*,*,#2654,.F.);
#1153=ORIENTED_EDGE('',*,*,#2623,.F.);
#1154=ORIENTED_EDGE('',*,*,#2655,.T.);
#1155=ORIENTED_EDGE('',*,*,#2621,.T.);
#1156=ORIENTED_EDGE('',*,*,#2656,.T.);
#1157=ORIENTED_EDGE('',*,*,#2657,.T.);
#1158=ORIENTED_EDGE('',*,*,#2526,.T.);
#1159=ORIENTED_EDGE('',*,*,#2658,.F.);
#1160=ORIENTED_EDGE('',*,*,#2659,.F.);
#1161=ORIENTED_EDGE('',*,*,#2625,.F.);
#1162=ORIENTED_EDGE('',*,*,#2608,.F.);
#1163=ORIENTED_EDGE('',*,*,#2660,.T.);
#1164=ORIENTED_EDGE('',*,*,#2617,.T.);
#1165=ORIENTED_EDGE('',*,*,#2622,.F.);
#1166=ORIENTED_EDGE('',*,*,#2655,.F.);
#1167=ORIENTED_EDGE('',*,*,#2661,.T.);
#1168=ORIENTED_EDGE('',*,*,#2662,.T.);
#1169=ORIENTED_EDGE('',*,*,#2663,.F.);
#1170=ORIENTED_EDGE('',*,*,#2664,.F.);
#1171=ORIENTED_EDGE('',*,*,#2544,.F.);
#1172=ORIENTED_EDGE('',*,*,#2665,.T.);
#1173=ORIENTED_EDGE('',*,*,#2666,.F.);
#1174=ORIENTED_EDGE('',*,*,#2667,.F.);
#1175=ORIENTED_EDGE('',*,*,#2540,.F.);
#1176=ORIENTED_EDGE('',*,*,#2668,.T.);
#1177=ORIENTED_EDGE('',*,*,#2669,.T.);
#1178=ORIENTED_EDGE('',*,*,#2618,.F.);
#1179=ORIENTED_EDGE('',*,*,#2660,.F.);
#1180=ORIENTED_EDGE('',*,*,#2607,.F.);
#1181=ORIENTED_EDGE('',*,*,#2670,.F.);
#1182=ORIENTED_EDGE('',*,*,#2671,.F.);
#1183=ORIENTED_EDGE('',*,*,#2564,.F.);
#1184=ORIENTED_EDGE('',*,*,#2672,.T.);
#1185=ORIENTED_EDGE('',*,*,#2673,.F.);
#1186=ORIENTED_EDGE('',*,*,#2674,.F.);
#1187=ORIENTED_EDGE('',*,*,#2560,.F.);
#1188=ORIENTED_EDGE('',*,*,#2675,.T.);
#1189=ORIENTED_EDGE('',*,*,#2676,.F.);
#1190=ORIENTED_EDGE('',*,*,#2677,.F.);
#1191=ORIENTED_EDGE('',*,*,#2556,.F.);
#1192=ORIENTED_EDGE('',*,*,#2678,.T.);
#1193=ORIENTED_EDGE('',*,*,#2679,.F.);
#1194=ORIENTED_EDGE('',*,*,#2680,.F.);
#1195=ORIENTED_EDGE('',*,*,#2552,.F.);
#1196=ORIENTED_EDGE('',*,*,#2681,.T.);
#1197=ORIENTED_EDGE('',*,*,#2682,.F.);
#1198=ORIENTED_EDGE('',*,*,#2683,.F.);
#1199=ORIENTED_EDGE('',*,*,#2548,.F.);
#1200=ORIENTED_EDGE('',*,*,#2684,.T.);
#1201=ORIENTED_EDGE('',*,*,#2685,.F.);
#1202=ORIENTED_EDGE('',*,*,#2686,.F.);
#1203=ORIENTED_EDGE('',*,*,#2687,.T.);
#1204=ORIENTED_EDGE('',*,*,#2661,.F.);
#1205=ORIENTED_EDGE('',*,*,#2688,.F.);
#1206=ORIENTED_EDGE('',*,*,#2689,.T.);
#1207=ORIENTED_EDGE('',*,*,#2690,.T.);
#1208=ORIENTED_EDGE('',*,*,#2691,.F.);
#1209=ORIENTED_EDGE('',*,*,#2692,.F.);
#1210=ORIENTED_EDGE('',*,*,#2663,.T.);
#1211=ORIENTED_EDGE('',*,*,#2693,.T.);
#1212=ORIENTED_EDGE('',*,*,#2689,.F.);
#1213=ORIENTED_EDGE('',*,*,#2694,.F.);
#1214=ORIENTED_EDGE('',*,*,#2691,.T.);
#1215=ORIENTED_EDGE('',*,*,#2688,.T.);
#1216=ORIENTED_EDGE('',*,*,#2664,.T.);
#1217=ORIENTED_EDGE('',*,*,#2692,.T.);
#1218=ORIENTED_EDGE('',*,*,#2694,.T.);
#1219=ORIENTED_EDGE('',*,*,#2687,.F.);
#1220=ORIENTED_EDGE('',*,*,#2693,.F.);
#1221=ORIENTED_EDGE('',*,*,#2690,.F.);
#1222=ORIENTED_EDGE('',*,*,#2662,.F.);
#1223=ORIENTED_EDGE('',*,*,#2695,.F.);
#1224=ORIENTED_EDGE('',*,*,#2527,.F.);
#1225=ORIENTED_EDGE('',*,*,#2657,.F.);
#1226=ORIENTED_EDGE('',*,*,#2696,.F.);
#1227=ORIENTED_EDGE('',*,*,#2614,.T.);
#1228=ORIENTED_EDGE('',*,*,#2697,.F.);
#1229=ORIENTED_EDGE('',*,*,#2590,.F.);
#1230=ORIENTED_EDGE('',*,*,#2698,.F.);
#1231=ORIENTED_EDGE('',*,*,#2580,.F.);
#1232=ORIENTED_EDGE('',*,*,#2699,.F.);
#1233=ORIENTED_EDGE('',*,*,#2611,.F.);
#1234=ORIENTED_EDGE('',*,*,#2700,.F.);
#1235=ORIENTED_EDGE('',*,*,#2658,.T.);
#1236=ORIENTED_EDGE('',*,*,#2525,.F.);
#1237=ORIENTED_EDGE('',*,*,#2701,.T.);
#1238=ORIENTED_EDGE('',*,*,#2702,.T.);
#1239=ORIENTED_EDGE('',*,*,#2703,.F.);
#1240=ORIENTED_EDGE('',*,*,#2659,.T.);
#1241=ORIENTED_EDGE('',*,*,#2704,.T.);
#1242=ORIENTED_EDGE('',*,*,#2610,.F.);
#1243=ORIENTED_EDGE('',*,*,#2705,.F.);
#1244=ORIENTED_EDGE('',*,*,#2702,.F.);
#1245=ORIENTED_EDGE('',*,*,#2703,.T.);
#1246=ORIENTED_EDGE('',*,*,#2705,.T.);
#1247=ORIENTED_EDGE('',*,*,#2624,.F.);
#1248=ORIENTED_EDGE('',*,*,#2701,.F.);
#1249=ORIENTED_EDGE('',*,*,#2700,.T.);
#1250=ORIENTED_EDGE('',*,*,#2704,.F.);
#1251=ORIENTED_EDGE('',*,*,#2706,.T.);
#1252=ORIENTED_EDGE('',*,*,#2656,.F.);
#1253=ORIENTED_EDGE('',*,*,#2707,.F.);
#1254=ORIENTED_EDGE('',*,*,#2708,.F.);
#1255=ORIENTED_EDGE('',*,*,#2709,.T.);
#1256=ORIENTED_EDGE('',*,*,#2708,.T.);
#1257=ORIENTED_EDGE('',*,*,#2710,.F.);
#1258=ORIENTED_EDGE('',*,*,#2615,.T.);
#1259=ORIENTED_EDGE('',*,*,#2620,.F.);
#1260=ORIENTED_EDGE('',*,*,#2710,.T.);
#1261=ORIENTED_EDGE('',*,*,#2707,.T.);
#1262=ORIENTED_EDGE('',*,*,#2696,.T.);
#1263=ORIENTED_EDGE('',*,*,#2706,.F.);
#1264=ORIENTED_EDGE('',*,*,#2709,.F.);
#1265=ORIENTED_EDGE('',*,*,#2566,.T.);
#1266=ORIENTED_EDGE('',*,*,#2711,.T.);
#1267=ORIENTED_EDGE('',*,*,#2712,.F.);
#1268=ORIENTED_EDGE('',*,*,#2713,.F.);
#1269=ORIENTED_EDGE('',*,*,#2605,.F.);
#1270=ORIENTED_EDGE('',*,*,#2714,.F.);
#1271=ORIENTED_EDGE('',*,*,#2578,.F.);
#1272=ORIENTED_EDGE('',*,*,#2601,.F.);
#1273=ORIENTED_EDGE('',*,*,#2567,.T.);
#1274=ORIENTED_EDGE('',*,*,#2713,.T.);
#1275=ORIENTED_EDGE('',*,*,#2715,.F.);
#1276=ORIENTED_EDGE('',*,*,#2565,.T.);
#1277=ORIENTED_EDGE('',*,*,#2671,.T.);
#1278=ORIENTED_EDGE('',*,*,#2716,.F.);
#1279=ORIENTED_EDGE('',*,*,#2711,.F.);
#1280=ORIENTED_EDGE('',*,*,#2712,.T.);
#1281=ORIENTED_EDGE('',*,*,#2716,.T.);
#1282=ORIENTED_EDGE('',*,*,#2670,.T.);
#1283=ORIENTED_EDGE('',*,*,#2606,.T.);
#1284=ORIENTED_EDGE('',*,*,#2715,.T.);
#1285=ORIENTED_EDGE('',*,*,#2539,.F.);
#1286=ORIENTED_EDGE('',*,*,#2717,.T.);
#1287=ORIENTED_EDGE('',*,*,#2718,.T.);
#1288=ORIENTED_EDGE('',*,*,#2668,.F.);
#1289=ORIENTED_EDGE('',*,*,#2538,.F.);
#1290=ORIENTED_EDGE('',*,*,#2719,.T.);
#1291=ORIENTED_EDGE('',*,*,#2720,.T.);
#1292=ORIENTED_EDGE('',*,*,#2717,.F.);
#1293=ORIENTED_EDGE('',*,*,#2719,.F.);
#1294=ORIENTED_EDGE('',*,*,#2537,.F.);
#1295=ORIENTED_EDGE('',*,*,#2603,.F.);
#1296=ORIENTED_EDGE('',*,*,#2592,.F.);
#1297=ORIENTED_EDGE('',*,*,#2721,.F.);
#1298=ORIENTED_EDGE('',*,*,#2612,.T.);
#1299=ORIENTED_EDGE('',*,*,#2722,.T.);
#1300=ORIENTED_EDGE('',*,*,#2619,.F.);
#1301=ORIENTED_EDGE('',*,*,#2669,.F.);
#1302=ORIENTED_EDGE('',*,*,#2718,.F.);
#1303=ORIENTED_EDGE('',*,*,#2720,.F.);
#1304=ORIENTED_EDGE('',*,*,#2722,.F.);
#1305=ORIENTED_EDGE('',*,*,#2524,.F.);
#1306=ORIENTED_EDGE('',*,*,#2723,.T.);
#1307=ORIENTED_EDGE('',*,*,#2581,.F.);
#1308=ORIENTED_EDGE('',*,*,#2698,.T.);
#1309=ORIENTED_EDGE('',*,*,#2699,.T.);
#1310=ORIENTED_EDGE('',*,*,#2579,.T.);
#1311=ORIENTED_EDGE('',*,*,#2714,.T.);
#1312=ORIENTED_EDGE('',*,*,#2604,.T.);
#1313=ORIENTED_EDGE('',*,*,#2589,.T.);
#1314=ORIENTED_EDGE('',*,*,#2724,.T.);
#1315=ORIENTED_EDGE('',*,*,#2528,.T.);
#1316=ORIENTED_EDGE('',*,*,#2695,.T.);
#1317=ORIENTED_EDGE('',*,*,#2697,.T.);
#1318=ORIENTED_EDGE('',*,*,#2613,.F.);
#1319=ORIENTED_EDGE('',*,*,#2721,.T.);
#1320=ORIENTED_EDGE('',*,*,#2591,.F.);
#1321=ORIENTED_EDGE('',*,*,#2650,.T.);
#1322=ORIENTED_EDGE('',*,*,#2725,.T.);
#1323=ORIENTED_EDGE('',*,*,#2726,.T.);
#1324=ORIENTED_EDGE('',*,*,#2727,.F.);
#1325=ORIENTED_EDGE('',*,*,#2654,.T.);
#1326=ORIENTED_EDGE('',*,*,#2728,.T.);
#1327=ORIENTED_EDGE('',*,*,#2729,.T.);
#1328=ORIENTED_EDGE('',*,*,#2725,.F.);
#1329=ORIENTED_EDGE('',*,*,#2653,.T.);
#1330=ORIENTED_EDGE('',*,*,#2730,.T.);
#1331=ORIENTED_EDGE('',*,*,#2731,.T.);
#1332=ORIENTED_EDGE('',*,*,#2728,.F.);
#1333=ORIENTED_EDGE('',*,*,#2652,.T.);
#1334=ORIENTED_EDGE('',*,*,#2732,.T.);
#1335=ORIENTED_EDGE('',*,*,#2733,.T.);
#1336=ORIENTED_EDGE('',*,*,#2730,.F.);
#1337=ORIENTED_EDGE('',*,*,#2651,.T.);
#1338=ORIENTED_EDGE('',*,*,#2727,.T.);
#1339=ORIENTED_EDGE('',*,*,#2734,.T.);
#1340=ORIENTED_EDGE('',*,*,#2732,.F.);
#1341=ORIENTED_EDGE('',*,*,#2735,.F.);
#1342=ORIENTED_EDGE('',*,*,#2736,.T.);
#1343=ORIENTED_EDGE('',*,*,#2737,.T.);
#1344=ORIENTED_EDGE('',*,*,#2738,.T.);
#1345=ORIENTED_EDGE('',*,*,#2726,.F.);
#1346=ORIENTED_EDGE('',*,*,#2729,.F.);
#1347=ORIENTED_EDGE('',*,*,#2731,.F.);
#1348=ORIENTED_EDGE('',*,*,#2733,.F.);
#1349=ORIENTED_EDGE('',*,*,#2734,.F.);
#1350=ORIENTED_EDGE('',*,*,#2646,.T.);
#1351=ORIENTED_EDGE('',*,*,#2739,.T.);
#1352=ORIENTED_EDGE('',*,*,#2740,.T.);
#1353=ORIENTED_EDGE('',*,*,#2741,.F.);
#1354=ORIENTED_EDGE('',*,*,#2649,.T.);
#1355=ORIENTED_EDGE('',*,*,#2742,.T.);
#1356=ORIENTED_EDGE('',*,*,#2743,.T.);
#1357=ORIENTED_EDGE('',*,*,#2739,.F.);
#1358=ORIENTED_EDGE('',*,*,#2648,.T.);
#1359=ORIENTED_EDGE('',*,*,#2744,.T.);
#1360=ORIENTED_EDGE('',*,*,#2745,.T.);
#1361=ORIENTED_EDGE('',*,*,#2742,.F.);
#1362=ORIENTED_EDGE('',*,*,#2647,.T.);
#1363=ORIENTED_EDGE('',*,*,#2741,.T.);
#1364=ORIENTED_EDGE('',*,*,#2746,.T.);
#1365=ORIENTED_EDGE('',*,*,#2744,.F.);
#1366=ORIENTED_EDGE('',*,*,#2747,.F.);
#1367=ORIENTED_EDGE('',*,*,#2748,.T.);
#1368=ORIENTED_EDGE('',*,*,#2749,.T.);
#1369=ORIENTED_EDGE('',*,*,#2750,.T.);
#1370=ORIENTED_EDGE('',*,*,#2740,.F.);
#1371=ORIENTED_EDGE('',*,*,#2743,.F.);
#1372=ORIENTED_EDGE('',*,*,#2745,.F.);
#1373=ORIENTED_EDGE('',*,*,#2746,.F.);
#1374=ORIENTED_EDGE('',*,*,#2641,.T.);
#1375=ORIENTED_EDGE('',*,*,#2751,.T.);
#1376=ORIENTED_EDGE('',*,*,#2752,.T.);
#1377=ORIENTED_EDGE('',*,*,#2753,.F.);
#1378=ORIENTED_EDGE('',*,*,#2645,.T.);
#1379=ORIENTED_EDGE('',*,*,#2754,.T.);
#1380=ORIENTED_EDGE('',*,*,#2755,.T.);
#1381=ORIENTED_EDGE('',*,*,#2751,.F.);
#1382=ORIENTED_EDGE('',*,*,#2644,.T.);
#1383=ORIENTED_EDGE('',*,*,#2756,.T.);
#1384=ORIENTED_EDGE('',*,*,#2757,.T.);
#1385=ORIENTED_EDGE('',*,*,#2754,.F.);
#1386=ORIENTED_EDGE('',*,*,#2643,.T.);
#1387=ORIENTED_EDGE('',*,*,#2758,.T.);
#1388=ORIENTED_EDGE('',*,*,#2759,.T.);
#1389=ORIENTED_EDGE('',*,*,#2756,.F.);
#1390=ORIENTED_EDGE('',*,*,#2642,.T.);
#1391=ORIENTED_EDGE('',*,*,#2753,.T.);
#1392=ORIENTED_EDGE('',*,*,#2760,.T.);
#1393=ORIENTED_EDGE('',*,*,#2758,.F.);
#1394=ORIENTED_EDGE('',*,*,#2761,.F.);
#1395=ORIENTED_EDGE('',*,*,#2762,.T.);
#1396=ORIENTED_EDGE('',*,*,#2763,.T.);
#1397=ORIENTED_EDGE('',*,*,#2764,.T.);
#1398=ORIENTED_EDGE('',*,*,#2752,.F.);
#1399=ORIENTED_EDGE('',*,*,#2755,.F.);
#1400=ORIENTED_EDGE('',*,*,#2757,.F.);
#1401=ORIENTED_EDGE('',*,*,#2759,.F.);
#1402=ORIENTED_EDGE('',*,*,#2760,.F.);
#1403=ORIENTED_EDGE('',*,*,#2636,.T.);
#1404=ORIENTED_EDGE('',*,*,#2765,.T.);
#1405=ORIENTED_EDGE('',*,*,#2766,.T.);
#1406=ORIENTED_EDGE('',*,*,#2767,.F.);
#1407=ORIENTED_EDGE('',*,*,#2640,.T.);
#1408=ORIENTED_EDGE('',*,*,#2768,.T.);
#1409=ORIENTED_EDGE('',*,*,#2769,.T.);
#1410=ORIENTED_EDGE('',*,*,#2765,.F.);
#1411=ORIENTED_EDGE('',*,*,#2639,.T.);
#1412=ORIENTED_EDGE('',*,*,#2770,.T.);
#1413=ORIENTED_EDGE('',*,*,#2771,.T.);
#1414=ORIENTED_EDGE('',*,*,#2768,.F.);
#1415=ORIENTED_EDGE('',*,*,#2638,.T.);
#1416=ORIENTED_EDGE('',*,*,#2772,.T.);
#1417=ORIENTED_EDGE('',*,*,#2773,.T.);
#1418=ORIENTED_EDGE('',*,*,#2770,.F.);
#1419=ORIENTED_EDGE('',*,*,#2637,.T.);
#1420=ORIENTED_EDGE('',*,*,#2767,.T.);
#1421=ORIENTED_EDGE('',*,*,#2774,.T.);
#1422=ORIENTED_EDGE('',*,*,#2772,.F.);
#1423=ORIENTED_EDGE('',*,*,#2775,.F.);
#1424=ORIENTED_EDGE('',*,*,#2776,.T.);
#1425=ORIENTED_EDGE('',*,*,#2777,.T.);
#1426=ORIENTED_EDGE('',*,*,#2778,.T.);
#1427=ORIENTED_EDGE('',*,*,#2766,.F.);
#1428=ORIENTED_EDGE('',*,*,#2769,.F.);
#1429=ORIENTED_EDGE('',*,*,#2771,.F.);
#1430=ORIENTED_EDGE('',*,*,#2773,.F.);
#1431=ORIENTED_EDGE('',*,*,#2774,.F.);
#1432=ORIENTED_EDGE('',*,*,#2631,.T.);
#1433=ORIENTED_EDGE('',*,*,#2779,.T.);
#1434=ORIENTED_EDGE('',*,*,#2780,.T.);
#1435=ORIENTED_EDGE('',*,*,#2781,.F.);
#1436=ORIENTED_EDGE('',*,*,#2635,.T.);
#1437=ORIENTED_EDGE('',*,*,#2782,.T.);
#1438=ORIENTED_EDGE('',*,*,#2783,.T.);
#1439=ORIENTED_EDGE('',*,*,#2779,.F.);
#1440=ORIENTED_EDGE('',*,*,#2634,.T.);
#1441=ORIENTED_EDGE('',*,*,#2784,.T.);
#1442=ORIENTED_EDGE('',*,*,#2785,.T.);
#1443=ORIENTED_EDGE('',*,*,#2782,.F.);
#1444=ORIENTED_EDGE('',*,*,#2633,.T.);
#1445=ORIENTED_EDGE('',*,*,#2786,.T.);
#1446=ORIENTED_EDGE('',*,*,#2787,.T.);
#1447=ORIENTED_EDGE('',*,*,#2784,.F.);
#1448=ORIENTED_EDGE('',*,*,#2632,.T.);
#1449=ORIENTED_EDGE('',*,*,#2781,.T.);
#1450=ORIENTED_EDGE('',*,*,#2788,.T.);
#1451=ORIENTED_EDGE('',*,*,#2786,.F.);
#1452=ORIENTED_EDGE('',*,*,#2789,.F.);
#1453=ORIENTED_EDGE('',*,*,#2790,.T.);
#1454=ORIENTED_EDGE('',*,*,#2791,.T.);
#1455=ORIENTED_EDGE('',*,*,#2792,.T.);
#1456=ORIENTED_EDGE('',*,*,#2780,.F.);
#1457=ORIENTED_EDGE('',*,*,#2783,.F.);
#1458=ORIENTED_EDGE('',*,*,#2785,.F.);
#1459=ORIENTED_EDGE('',*,*,#2787,.F.);
#1460=ORIENTED_EDGE('',*,*,#2788,.F.);
#1461=ORIENTED_EDGE('',*,*,#2626,.T.);
#1462=ORIENTED_EDGE('',*,*,#2793,.T.);
#1463=ORIENTED_EDGE('',*,*,#2794,.T.);
#1464=ORIENTED_EDGE('',*,*,#2795,.F.);
#1465=ORIENTED_EDGE('',*,*,#2630,.T.);
#1466=ORIENTED_EDGE('',*,*,#2796,.T.);
#1467=ORIENTED_EDGE('',*,*,#2797,.T.);
#1468=ORIENTED_EDGE('',*,*,#2793,.F.);
#1469=ORIENTED_EDGE('',*,*,#2629,.T.);
#1470=ORIENTED_EDGE('',*,*,#2798,.T.);
#1471=ORIENTED_EDGE('',*,*,#2799,.T.);
#1472=ORIENTED_EDGE('',*,*,#2796,.F.);
#1473=ORIENTED_EDGE('',*,*,#2628,.T.);
#1474=ORIENTED_EDGE('',*,*,#2800,.T.);
#1475=ORIENTED_EDGE('',*,*,#2801,.T.);
#1476=ORIENTED_EDGE('',*,*,#2798,.F.);
#1477=ORIENTED_EDGE('',*,*,#2627,.T.);
#1478=ORIENTED_EDGE('',*,*,#2795,.T.);
#1479=ORIENTED_EDGE('',*,*,#2802,.T.);
#1480=ORIENTED_EDGE('',*,*,#2800,.F.);
#1481=ORIENTED_EDGE('',*,*,#2803,.F.);
#1482=ORIENTED_EDGE('',*,*,#2804,.T.);
#1483=ORIENTED_EDGE('',*,*,#2805,.T.);
#1484=ORIENTED_EDGE('',*,*,#2806,.T.);
#1485=ORIENTED_EDGE('',*,*,#2794,.F.);
#1486=ORIENTED_EDGE('',*,*,#2797,.F.);
#1487=ORIENTED_EDGE('',*,*,#2799,.F.);
#1488=ORIENTED_EDGE('',*,*,#2801,.F.);
#1489=ORIENTED_EDGE('',*,*,#2802,.F.);
#1490=ORIENTED_EDGE('',*,*,#2807,.T.);
#1491=ORIENTED_EDGE('',*,*,#2517,.T.);
#1492=ORIENTED_EDGE('',*,*,#2808,.F.);
#1493=ORIENTED_EDGE('',*,*,#2809,.F.);
#1494=ORIENTED_EDGE('',*,*,#2810,.T.);
#1495=ORIENTED_EDGE('',*,*,#2809,.T.);
#1496=ORIENTED_EDGE('',*,*,#2811,.F.);
#1497=ORIENTED_EDGE('',*,*,#2812,.F.);
#1498=ORIENTED_EDGE('',*,*,#2813,.T.);
#1499=ORIENTED_EDGE('',*,*,#2812,.T.);
#1500=ORIENTED_EDGE('',*,*,#2814,.F.);
#1501=ORIENTED_EDGE('',*,*,#2519,.F.);
#1502=ORIENTED_EDGE('',*,*,#2808,.T.);
#1503=ORIENTED_EDGE('',*,*,#2516,.T.);
#1504=ORIENTED_EDGE('',*,*,#2814,.T.);
#1505=ORIENTED_EDGE('',*,*,#2811,.T.);
#1506=ORIENTED_EDGE('',*,*,#2807,.F.);
#1507=ORIENTED_EDGE('',*,*,#2810,.F.);
#1508=ORIENTED_EDGE('',*,*,#2813,.F.);
#1509=ORIENTED_EDGE('',*,*,#2518,.F.);
#1510=ORIENTED_EDGE('',*,*,#2815,.T.);
#1511=ORIENTED_EDGE('',*,*,#2513,.T.);
#1512=ORIENTED_EDGE('',*,*,#2816,.F.);
#1513=ORIENTED_EDGE('',*,*,#2817,.F.);
#1514=ORIENTED_EDGE('',*,*,#2818,.T.);
#1515=ORIENTED_EDGE('',*,*,#2817,.T.);
#1516=ORIENTED_EDGE('',*,*,#2819,.F.);
#1517=ORIENTED_EDGE('',*,*,#2820,.F.);
#1518=ORIENTED_EDGE('',*,*,#2821,.T.);
#1519=ORIENTED_EDGE('',*,*,#2820,.T.);
#1520=ORIENTED_EDGE('',*,*,#2822,.F.);
#1521=ORIENTED_EDGE('',*,*,#2515,.F.);
#1522=ORIENTED_EDGE('',*,*,#2816,.T.);
#1523=ORIENTED_EDGE('',*,*,#2512,.T.);
#1524=ORIENTED_EDGE('',*,*,#2822,.T.);
#1525=ORIENTED_EDGE('',*,*,#2819,.T.);
#1526=ORIENTED_EDGE('',*,*,#2815,.F.);
#1527=ORIENTED_EDGE('',*,*,#2818,.F.);
#1528=ORIENTED_EDGE('',*,*,#2821,.F.);
#1529=ORIENTED_EDGE('',*,*,#2514,.F.);
#1530=ORIENTED_EDGE('',*,*,#2823,.T.);
#1531=ORIENTED_EDGE('',*,*,#2824,.T.);
#1532=ORIENTED_EDGE('',*,*,#2825,.F.);
#1533=ORIENTED_EDGE('',*,*,#2826,.T.);
#1534=ORIENTED_EDGE('',*,*,#2827,.T.);
#1535=ORIENTED_EDGE('',*,*,#2828,.T.);
#1536=ORIENTED_EDGE('',*,*,#2829,.T.);
#1537=ORIENTED_EDGE('',*,*,#2830,.T.);
#1538=ORIENTED_EDGE('',*,*,#2831,.F.);
#1539=ORIENTED_EDGE('',*,*,#2832,.T.);
#1540=ORIENTED_EDGE('',*,*,#2833,.T.);
#1541=ORIENTED_EDGE('',*,*,#2834,.F.);
#1542=ORIENTED_EDGE('',*,*,#2825,.T.);
#1543=ORIENTED_EDGE('',*,*,#2835,.T.);
#1544=ORIENTED_EDGE('',*,*,#2831,.T.);
#1545=ORIENTED_EDGE('',*,*,#2836,.T.);
#1546=ORIENTED_EDGE('',*,*,#2735,.T.);
#1547=ORIENTED_EDGE('',*,*,#2837,.T.);
#1548=ORIENTED_EDGE('',*,*,#2833,.F.);
#1549=ORIENTED_EDGE('',*,*,#2838,.T.);
#1550=ORIENTED_EDGE('',*,*,#2823,.F.);
#1551=ORIENTED_EDGE('',*,*,#2839,.F.);
#1552=ORIENTED_EDGE('',*,*,#2737,.F.);
#1553=ORIENTED_EDGE('',*,*,#2840,.F.);
#1554=ORIENTED_EDGE('',*,*,#2738,.F.);
#1555=ORIENTED_EDGE('',*,*,#2839,.T.);
#1556=ORIENTED_EDGE('',*,*,#2826,.F.);
#1557=ORIENTED_EDGE('',*,*,#2837,.F.);
#1558=ORIENTED_EDGE('',*,*,#2736,.F.);
#1559=ORIENTED_EDGE('',*,*,#2836,.F.);
#1560=ORIENTED_EDGE('',*,*,#2834,.T.);
#1561=ORIENTED_EDGE('',*,*,#2840,.T.);
#1562=ORIENTED_EDGE('',*,*,#2841,.T.);
#1563=ORIENTED_EDGE('',*,*,#2673,.T.);
#1564=ORIENTED_EDGE('',*,*,#2842,.F.);
#1565=ORIENTED_EDGE('',*,*,#2843,.T.);
#1566=ORIENTED_EDGE('',*,*,#2672,.F.);
#1567=ORIENTED_EDGE('',*,*,#2563,.T.);
#1568=ORIENTED_EDGE('',*,*,#2844,.T.);
#1569=ORIENTED_EDGE('',*,*,#2845,.T.);
#1570=ORIENTED_EDGE('',*,*,#2846,.T.);
#1571=ORIENTED_EDGE('',*,*,#2842,.T.);
#1572=ORIENTED_EDGE('',*,*,#2561,.F.);
#1573=ORIENTED_EDGE('',*,*,#2674,.T.);
#1574=ORIENTED_EDGE('',*,*,#2841,.F.);
#1575=ORIENTED_EDGE('',*,*,#2847,.F.);
#1576=ORIENTED_EDGE('',*,*,#2848,.F.);
#1577=ORIENTED_EDGE('',*,*,#2849,.F.);
#1578=ORIENTED_EDGE('',*,*,#2562,.F.);
#1579=ORIENTED_EDGE('',*,*,#2849,.T.);
#1580=ORIENTED_EDGE('',*,*,#2850,.F.);
#1581=ORIENTED_EDGE('',*,*,#2844,.F.);
#1582=ORIENTED_EDGE('',*,*,#2848,.T.);
#1583=ORIENTED_EDGE('',*,*,#2851,.F.);
#1584=ORIENTED_EDGE('',*,*,#2845,.F.);
#1585=ORIENTED_EDGE('',*,*,#2850,.T.);
#1586=ORIENTED_EDGE('',*,*,#2847,.T.);
#1587=ORIENTED_EDGE('',*,*,#2843,.F.);
#1588=ORIENTED_EDGE('',*,*,#2846,.F.);
#1589=ORIENTED_EDGE('',*,*,#2851,.T.);
#1590=ORIENTED_EDGE('',*,*,#2852,.F.);
#1591=ORIENTED_EDGE('',*,*,#2832,.F.);
#1592=ORIENTED_EDGE('',*,*,#2853,.F.);
#1593=ORIENTED_EDGE('',*,*,#2830,.F.);
#1594=ORIENTED_EDGE('',*,*,#2853,.T.);
#1595=ORIENTED_EDGE('',*,*,#2835,.F.);
#1596=ORIENTED_EDGE('',*,*,#2854,.F.);
#1597=ORIENTED_EDGE('',*,*,#2827,.F.);
#1598=ORIENTED_EDGE('',*,*,#2852,.T.);
#1599=ORIENTED_EDGE('',*,*,#2829,.F.);
#1600=ORIENTED_EDGE('',*,*,#2855,.F.);
#1601=ORIENTED_EDGE('',*,*,#2838,.F.);
#1602=ORIENTED_EDGE('',*,*,#2854,.T.);
#1603=ORIENTED_EDGE('',*,*,#2824,.F.);
#1604=ORIENTED_EDGE('',*,*,#2855,.T.);
#1605=ORIENTED_EDGE('',*,*,#2828,.F.);
#1606=ORIENTED_EDGE('',*,*,#2856,.T.);
#1607=ORIENTED_EDGE('',*,*,#2857,.T.);
#1608=ORIENTED_EDGE('',*,*,#2858,.F.);
#1609=ORIENTED_EDGE('',*,*,#2859,.T.);
#1610=ORIENTED_EDGE('',*,*,#2860,.T.);
#1611=ORIENTED_EDGE('',*,*,#2861,.T.);
#1612=ORIENTED_EDGE('',*,*,#2862,.T.);
#1613=ORIENTED_EDGE('',*,*,#2863,.T.);
#1614=ORIENTED_EDGE('',*,*,#2864,.F.);
#1615=ORIENTED_EDGE('',*,*,#2865,.T.);
#1616=ORIENTED_EDGE('',*,*,#2866,.T.);
#1617=ORIENTED_EDGE('',*,*,#2867,.F.);
#1618=ORIENTED_EDGE('',*,*,#2858,.T.);
#1619=ORIENTED_EDGE('',*,*,#2868,.T.);
#1620=ORIENTED_EDGE('',*,*,#2864,.T.);
#1621=ORIENTED_EDGE('',*,*,#2869,.T.);
#1622=ORIENTED_EDGE('',*,*,#2747,.T.);
#1623=ORIENTED_EDGE('',*,*,#2870,.T.);
#1624=ORIENTED_EDGE('',*,*,#2866,.F.);
#1625=ORIENTED_EDGE('',*,*,#2871,.T.);
#1626=ORIENTED_EDGE('',*,*,#2856,.F.);
#1627=ORIENTED_EDGE('',*,*,#2872,.F.);
#1628=ORIENTED_EDGE('',*,*,#2749,.F.);
#1629=ORIENTED_EDGE('',*,*,#2873,.F.);
#1630=ORIENTED_EDGE('',*,*,#2750,.F.);
#1631=ORIENTED_EDGE('',*,*,#2872,.T.);
#1632=ORIENTED_EDGE('',*,*,#2859,.F.);
#1633=ORIENTED_EDGE('',*,*,#2870,.F.);
#1634=ORIENTED_EDGE('',*,*,#2748,.F.);
#1635=ORIENTED_EDGE('',*,*,#2869,.F.);
#1636=ORIENTED_EDGE('',*,*,#2867,.T.);
#1637=ORIENTED_EDGE('',*,*,#2873,.T.);
#1638=ORIENTED_EDGE('',*,*,#2874,.T.);
#1639=ORIENTED_EDGE('',*,*,#2676,.T.);
#1640=ORIENTED_EDGE('',*,*,#2875,.F.);
#1641=ORIENTED_EDGE('',*,*,#2876,.T.);
#1642=ORIENTED_EDGE('',*,*,#2675,.F.);
#1643=ORIENTED_EDGE('',*,*,#2559,.T.);
#1644=ORIENTED_EDGE('',*,*,#2877,.T.);
#1645=ORIENTED_EDGE('',*,*,#2878,.T.);
#1646=ORIENTED_EDGE('',*,*,#2879,.T.);
#1647=ORIENTED_EDGE('',*,*,#2875,.T.);
#1648=ORIENTED_EDGE('',*,*,#2557,.F.);
#1649=ORIENTED_EDGE('',*,*,#2677,.T.);
#1650=ORIENTED_EDGE('',*,*,#2874,.F.);
#1651=ORIENTED_EDGE('',*,*,#2880,.F.);
#1652=ORIENTED_EDGE('',*,*,#2881,.F.);
#1653=ORIENTED_EDGE('',*,*,#2882,.F.);
#1654=ORIENTED_EDGE('',*,*,#2558,.F.);
#1655=ORIENTED_EDGE('',*,*,#2882,.T.);
#1656=ORIENTED_EDGE('',*,*,#2883,.F.);
#1657=ORIENTED_EDGE('',*,*,#2877,.F.);
#1658=ORIENTED_EDGE('',*,*,#2881,.T.);
#1659=ORIENTED_EDGE('',*,*,#2884,.F.);
#1660=ORIENTED_EDGE('',*,*,#2878,.F.);
#1661=ORIENTED_EDGE('',*,*,#2883,.T.);
#1662=ORIENTED_EDGE('',*,*,#2880,.T.);
#1663=ORIENTED_EDGE('',*,*,#2876,.F.);
#1664=ORIENTED_EDGE('',*,*,#2879,.F.);
#1665=ORIENTED_EDGE('',*,*,#2884,.T.);
#1666=ORIENTED_EDGE('',*,*,#2885,.F.);
#1667=ORIENTED_EDGE('',*,*,#2865,.F.);
#1668=ORIENTED_EDGE('',*,*,#2886,.F.);
#1669=ORIENTED_EDGE('',*,*,#2863,.F.);
#1670=ORIENTED_EDGE('',*,*,#2886,.T.);
#1671=ORIENTED_EDGE('',*,*,#2868,.F.);
#1672=ORIENTED_EDGE('',*,*,#2887,.F.);
#1673=ORIENTED_EDGE('',*,*,#2860,.F.);
#1674=ORIENTED_EDGE('',*,*,#2885,.T.);
#1675=ORIENTED_EDGE('',*,*,#2862,.F.);
#1676=ORIENTED_EDGE('',*,*,#2888,.F.);
#1677=ORIENTED_EDGE('',*,*,#2871,.F.);
#1678=ORIENTED_EDGE('',*,*,#2887,.T.);
#1679=ORIENTED_EDGE('',*,*,#2857,.F.);
#1680=ORIENTED_EDGE('',*,*,#2888,.T.);
#1681=ORIENTED_EDGE('',*,*,#2861,.F.);
#1682=ORIENTED_EDGE('',*,*,#2889,.T.);
#1683=ORIENTED_EDGE('',*,*,#2890,.T.);
#1684=ORIENTED_EDGE('',*,*,#2891,.F.);
#1685=ORIENTED_EDGE('',*,*,#2892,.T.);
#1686=ORIENTED_EDGE('',*,*,#2893,.T.);
#1687=ORIENTED_EDGE('',*,*,#2894,.T.);
#1688=ORIENTED_EDGE('',*,*,#2895,.T.);
#1689=ORIENTED_EDGE('',*,*,#2896,.T.);
#1690=ORIENTED_EDGE('',*,*,#2897,.F.);
#1691=ORIENTED_EDGE('',*,*,#2898,.T.);
#1692=ORIENTED_EDGE('',*,*,#2899,.T.);
#1693=ORIENTED_EDGE('',*,*,#2900,.F.);
#1694=ORIENTED_EDGE('',*,*,#2891,.T.);
#1695=ORIENTED_EDGE('',*,*,#2901,.T.);
#1696=ORIENTED_EDGE('',*,*,#2897,.T.);
#1697=ORIENTED_EDGE('',*,*,#2902,.T.);
#1698=ORIENTED_EDGE('',*,*,#2761,.T.);
#1699=ORIENTED_EDGE('',*,*,#2903,.T.);
#1700=ORIENTED_EDGE('',*,*,#2899,.F.);
#1701=ORIENTED_EDGE('',*,*,#2904,.T.);
#1702=ORIENTED_EDGE('',*,*,#2889,.F.);
#1703=ORIENTED_EDGE('',*,*,#2905,.F.);
#1704=ORIENTED_EDGE('',*,*,#2763,.F.);
#1705=ORIENTED_EDGE('',*,*,#2906,.F.);
#1706=ORIENTED_EDGE('',*,*,#2764,.F.);
#1707=ORIENTED_EDGE('',*,*,#2905,.T.);
#1708=ORIENTED_EDGE('',*,*,#2892,.F.);
#1709=ORIENTED_EDGE('',*,*,#2903,.F.);
#1710=ORIENTED_EDGE('',*,*,#2762,.F.);
#1711=ORIENTED_EDGE('',*,*,#2902,.F.);
#1712=ORIENTED_EDGE('',*,*,#2900,.T.);
#1713=ORIENTED_EDGE('',*,*,#2906,.T.);
#1714=ORIENTED_EDGE('',*,*,#2907,.T.);
#1715=ORIENTED_EDGE('',*,*,#2679,.T.);
#1716=ORIENTED_EDGE('',*,*,#2908,.F.);
#1717=ORIENTED_EDGE('',*,*,#2909,.T.);
#1718=ORIENTED_EDGE('',*,*,#2678,.F.);
#1719=ORIENTED_EDGE('',*,*,#2555,.T.);
#1720=ORIENTED_EDGE('',*,*,#2910,.T.);
#1721=ORIENTED_EDGE('',*,*,#2911,.T.);
#1722=ORIENTED_EDGE('',*,*,#2912,.T.);
#1723=ORIENTED_EDGE('',*,*,#2908,.T.);
#1724=ORIENTED_EDGE('',*,*,#2553,.F.);
#1725=ORIENTED_EDGE('',*,*,#2680,.T.);
#1726=ORIENTED_EDGE('',*,*,#2907,.F.);
#1727=ORIENTED_EDGE('',*,*,#2913,.F.);
#1728=ORIENTED_EDGE('',*,*,#2914,.F.);
#1729=ORIENTED_EDGE('',*,*,#2915,.F.);
#1730=ORIENTED_EDGE('',*,*,#2554,.F.);
#1731=ORIENTED_EDGE('',*,*,#2915,.T.);
#1732=ORIENTED_EDGE('',*,*,#2916,.F.);
#1733=ORIENTED_EDGE('',*,*,#2910,.F.);
#1734=ORIENTED_EDGE('',*,*,#2914,.T.);
#1735=ORIENTED_EDGE('',*,*,#2917,.F.);
#1736=ORIENTED_EDGE('',*,*,#2911,.F.);
#1737=ORIENTED_EDGE('',*,*,#2916,.T.);
#1738=ORIENTED_EDGE('',*,*,#2913,.T.);
#1739=ORIENTED_EDGE('',*,*,#2909,.F.);
#1740=ORIENTED_EDGE('',*,*,#2912,.F.);
#1741=ORIENTED_EDGE('',*,*,#2917,.T.);
#1742=ORIENTED_EDGE('',*,*,#2918,.F.);
#1743=ORIENTED_EDGE('',*,*,#2898,.F.);
#1744=ORIENTED_EDGE('',*,*,#2919,.F.);
#1745=ORIENTED_EDGE('',*,*,#2896,.F.);
#1746=ORIENTED_EDGE('',*,*,#2919,.T.);
#1747=ORIENTED_EDGE('',*,*,#2901,.F.);
#1748=ORIENTED_EDGE('',*,*,#2920,.F.);
#1749=ORIENTED_EDGE('',*,*,#2893,.F.);
#1750=ORIENTED_EDGE('',*,*,#2918,.T.);
#1751=ORIENTED_EDGE('',*,*,#2895,.F.);
#1752=ORIENTED_EDGE('',*,*,#2921,.F.);
#1753=ORIENTED_EDGE('',*,*,#2904,.F.);
#1754=ORIENTED_EDGE('',*,*,#2920,.T.);
#1755=ORIENTED_EDGE('',*,*,#2890,.F.);
#1756=ORIENTED_EDGE('',*,*,#2921,.T.);
#1757=ORIENTED_EDGE('',*,*,#2894,.F.);
#1758=ORIENTED_EDGE('',*,*,#2922,.T.);
#1759=ORIENTED_EDGE('',*,*,#2923,.T.);
#1760=ORIENTED_EDGE('',*,*,#2924,.F.);
#1761=ORIENTED_EDGE('',*,*,#2925,.T.);
#1762=ORIENTED_EDGE('',*,*,#2926,.T.);
#1763=ORIENTED_EDGE('',*,*,#2927,.T.);
#1764=ORIENTED_EDGE('',*,*,#2928,.T.);
#1765=ORIENTED_EDGE('',*,*,#2929,.T.);
#1766=ORIENTED_EDGE('',*,*,#2930,.F.);
#1767=ORIENTED_EDGE('',*,*,#2931,.T.);
#1768=ORIENTED_EDGE('',*,*,#2932,.T.);
#1769=ORIENTED_EDGE('',*,*,#2933,.F.);
#1770=ORIENTED_EDGE('',*,*,#2924,.T.);
#1771=ORIENTED_EDGE('',*,*,#2934,.T.);
#1772=ORIENTED_EDGE('',*,*,#2930,.T.);
#1773=ORIENTED_EDGE('',*,*,#2935,.T.);
#1774=ORIENTED_EDGE('',*,*,#2775,.T.);
#1775=ORIENTED_EDGE('',*,*,#2936,.T.);
#1776=ORIENTED_EDGE('',*,*,#2932,.F.);
#1777=ORIENTED_EDGE('',*,*,#2937,.T.);
#1778=ORIENTED_EDGE('',*,*,#2922,.F.);
#1779=ORIENTED_EDGE('',*,*,#2938,.F.);
#1780=ORIENTED_EDGE('',*,*,#2777,.F.);
#1781=ORIENTED_EDGE('',*,*,#2939,.F.);
#1782=ORIENTED_EDGE('',*,*,#2778,.F.);
#1783=ORIENTED_EDGE('',*,*,#2938,.T.);
#1784=ORIENTED_EDGE('',*,*,#2925,.F.);
#1785=ORIENTED_EDGE('',*,*,#2936,.F.);
#1786=ORIENTED_EDGE('',*,*,#2776,.F.);
#1787=ORIENTED_EDGE('',*,*,#2935,.F.);
#1788=ORIENTED_EDGE('',*,*,#2933,.T.);
#1789=ORIENTED_EDGE('',*,*,#2939,.T.);
#1790=ORIENTED_EDGE('',*,*,#2940,.T.);
#1791=ORIENTED_EDGE('',*,*,#2682,.T.);
#1792=ORIENTED_EDGE('',*,*,#2941,.F.);
#1793=ORIENTED_EDGE('',*,*,#2942,.T.);
#1794=ORIENTED_EDGE('',*,*,#2681,.F.);
#1795=ORIENTED_EDGE('',*,*,#2551,.T.);
#1796=ORIENTED_EDGE('',*,*,#2943,.T.);
#1797=ORIENTED_EDGE('',*,*,#2944,.T.);
#1798=ORIENTED_EDGE('',*,*,#2945,.T.);
#1799=ORIENTED_EDGE('',*,*,#2941,.T.);
#1800=ORIENTED_EDGE('',*,*,#2549,.F.);
#1801=ORIENTED_EDGE('',*,*,#2683,.T.);
#1802=ORIENTED_EDGE('',*,*,#2940,.F.);
#1803=ORIENTED_EDGE('',*,*,#2946,.F.);
#1804=ORIENTED_EDGE('',*,*,#2947,.F.);
#1805=ORIENTED_EDGE('',*,*,#2948,.F.);
#1806=ORIENTED_EDGE('',*,*,#2550,.F.);
#1807=ORIENTED_EDGE('',*,*,#2948,.T.);
#1808=ORIENTED_EDGE('',*,*,#2949,.F.);
#1809=ORIENTED_EDGE('',*,*,#2943,.F.);
#1810=ORIENTED_EDGE('',*,*,#2947,.T.);
#1811=ORIENTED_EDGE('',*,*,#2950,.F.);
#1812=ORIENTED_EDGE('',*,*,#2944,.F.);
#1813=ORIENTED_EDGE('',*,*,#2949,.T.);
#1814=ORIENTED_EDGE('',*,*,#2946,.T.);
#1815=ORIENTED_EDGE('',*,*,#2942,.F.);
#1816=ORIENTED_EDGE('',*,*,#2945,.F.);
#1817=ORIENTED_EDGE('',*,*,#2950,.T.);
#1818=ORIENTED_EDGE('',*,*,#2951,.F.);
#1819=ORIENTED_EDGE('',*,*,#2931,.F.);
#1820=ORIENTED_EDGE('',*,*,#2952,.F.);
#1821=ORIENTED_EDGE('',*,*,#2929,.F.);
#1822=ORIENTED_EDGE('',*,*,#2952,.T.);
#1823=ORIENTED_EDGE('',*,*,#2934,.F.);
#1824=ORIENTED_EDGE('',*,*,#2953,.F.);
#1825=ORIENTED_EDGE('',*,*,#2926,.F.);
#1826=ORIENTED_EDGE('',*,*,#2951,.T.);
#1827=ORIENTED_EDGE('',*,*,#2928,.F.);
#1828=ORIENTED_EDGE('',*,*,#2954,.F.);
#1829=ORIENTED_EDGE('',*,*,#2937,.F.);
#1830=ORIENTED_EDGE('',*,*,#2953,.T.);
#1831=ORIENTED_EDGE('',*,*,#2923,.F.);
#1832=ORIENTED_EDGE('',*,*,#2954,.T.);
#1833=ORIENTED_EDGE('',*,*,#2927,.F.);
#1834=ORIENTED_EDGE('',*,*,#2955,.T.);
#1835=ORIENTED_EDGE('',*,*,#2956,.T.);
#1836=ORIENTED_EDGE('',*,*,#2957,.F.);
#1837=ORIENTED_EDGE('',*,*,#2958,.T.);
#1838=ORIENTED_EDGE('',*,*,#2959,.T.);
#1839=ORIENTED_EDGE('',*,*,#2960,.T.);
#1840=ORIENTED_EDGE('',*,*,#2961,.T.);
#1841=ORIENTED_EDGE('',*,*,#2962,.T.);
#1842=ORIENTED_EDGE('',*,*,#2963,.F.);
#1843=ORIENTED_EDGE('',*,*,#2964,.T.);
#1844=ORIENTED_EDGE('',*,*,#2965,.T.);
#1845=ORIENTED_EDGE('',*,*,#2966,.F.);
#1846=ORIENTED_EDGE('',*,*,#2957,.T.);
#1847=ORIENTED_EDGE('',*,*,#2967,.T.);
#1848=ORIENTED_EDGE('',*,*,#2963,.T.);
#1849=ORIENTED_EDGE('',*,*,#2968,.T.);
#1850=ORIENTED_EDGE('',*,*,#2789,.T.);
#1851=ORIENTED_EDGE('',*,*,#2969,.T.);
#1852=ORIENTED_EDGE('',*,*,#2965,.F.);
#1853=ORIENTED_EDGE('',*,*,#2970,.T.);
#1854=ORIENTED_EDGE('',*,*,#2955,.F.);
#1855=ORIENTED_EDGE('',*,*,#2971,.F.);
#1856=ORIENTED_EDGE('',*,*,#2791,.F.);
#1857=ORIENTED_EDGE('',*,*,#2972,.F.);
#1858=ORIENTED_EDGE('',*,*,#2792,.F.);
#1859=ORIENTED_EDGE('',*,*,#2971,.T.);
#1860=ORIENTED_EDGE('',*,*,#2958,.F.);
#1861=ORIENTED_EDGE('',*,*,#2969,.F.);
#1862=ORIENTED_EDGE('',*,*,#2790,.F.);
#1863=ORIENTED_EDGE('',*,*,#2968,.F.);
#1864=ORIENTED_EDGE('',*,*,#2966,.T.);
#1865=ORIENTED_EDGE('',*,*,#2972,.T.);
#1866=ORIENTED_EDGE('',*,*,#2973,.T.);
#1867=ORIENTED_EDGE('',*,*,#2685,.T.);
#1868=ORIENTED_EDGE('',*,*,#2974,.F.);
#1869=ORIENTED_EDGE('',*,*,#2975,.T.);
#1870=ORIENTED_EDGE('',*,*,#2684,.F.);
#1871=ORIENTED_EDGE('',*,*,#2547,.T.);
#1872=ORIENTED_EDGE('',*,*,#2976,.T.);
#1873=ORIENTED_EDGE('',*,*,#2977,.T.);
#1874=ORIENTED_EDGE('',*,*,#2978,.T.);
#1875=ORIENTED_EDGE('',*,*,#2974,.T.);
#1876=ORIENTED_EDGE('',*,*,#2545,.F.);
#1877=ORIENTED_EDGE('',*,*,#2686,.T.);
#1878=ORIENTED_EDGE('',*,*,#2973,.F.);
#1879=ORIENTED_EDGE('',*,*,#2979,.F.);
#1880=ORIENTED_EDGE('',*,*,#2980,.F.);
#1881=ORIENTED_EDGE('',*,*,#2981,.F.);
#1882=ORIENTED_EDGE('',*,*,#2546,.F.);
#1883=ORIENTED_EDGE('',*,*,#2981,.T.);
#1884=ORIENTED_EDGE('',*,*,#2982,.F.);
#1885=ORIENTED_EDGE('',*,*,#2976,.F.);
#1886=ORIENTED_EDGE('',*,*,#2980,.T.);
#1887=ORIENTED_EDGE('',*,*,#2983,.F.);
#1888=ORIENTED_EDGE('',*,*,#2977,.F.);
#1889=ORIENTED_EDGE('',*,*,#2982,.T.);
#1890=ORIENTED_EDGE('',*,*,#2979,.T.);
#1891=ORIENTED_EDGE('',*,*,#2975,.F.);
#1892=ORIENTED_EDGE('',*,*,#2978,.F.);
#1893=ORIENTED_EDGE('',*,*,#2983,.T.);
#1894=ORIENTED_EDGE('',*,*,#2984,.F.);
#1895=ORIENTED_EDGE('',*,*,#2964,.F.);
#1896=ORIENTED_EDGE('',*,*,#2985,.F.);
#1897=ORIENTED_EDGE('',*,*,#2962,.F.);
#1898=ORIENTED_EDGE('',*,*,#2985,.T.);
#1899=ORIENTED_EDGE('',*,*,#2967,.F.);
#1900=ORIENTED_EDGE('',*,*,#2986,.F.);
#1901=ORIENTED_EDGE('',*,*,#2959,.F.);
#1902=ORIENTED_EDGE('',*,*,#2984,.T.);
#1903=ORIENTED_EDGE('',*,*,#2961,.F.);
#1904=ORIENTED_EDGE('',*,*,#2987,.F.);
#1905=ORIENTED_EDGE('',*,*,#2970,.F.);
#1906=ORIENTED_EDGE('',*,*,#2986,.T.);
#1907=ORIENTED_EDGE('',*,*,#2956,.F.);
#1908=ORIENTED_EDGE('',*,*,#2987,.T.);
#1909=ORIENTED_EDGE('',*,*,#2960,.F.);
#1910=ORIENTED_EDGE('',*,*,#2988,.T.);
#1911=ORIENTED_EDGE('',*,*,#2989,.T.);
#1912=ORIENTED_EDGE('',*,*,#2990,.F.);
#1913=ORIENTED_EDGE('',*,*,#2991,.T.);
#1914=ORIENTED_EDGE('',*,*,#2992,.T.);
#1915=ORIENTED_EDGE('',*,*,#2993,.T.);
#1916=ORIENTED_EDGE('',*,*,#2994,.T.);
#1917=ORIENTED_EDGE('',*,*,#2995,.T.);
#1918=ORIENTED_EDGE('',*,*,#2996,.F.);
#1919=ORIENTED_EDGE('',*,*,#2997,.T.);
#1920=ORIENTED_EDGE('',*,*,#2998,.T.);
#1921=ORIENTED_EDGE('',*,*,#2999,.F.);
#1922=ORIENTED_EDGE('',*,*,#2990,.T.);
#1923=ORIENTED_EDGE('',*,*,#3000,.T.);
#1924=ORIENTED_EDGE('',*,*,#2996,.T.);
#1925=ORIENTED_EDGE('',*,*,#3001,.T.);
#1926=ORIENTED_EDGE('',*,*,#2803,.T.);
#1927=ORIENTED_EDGE('',*,*,#3002,.T.);
#1928=ORIENTED_EDGE('',*,*,#2998,.F.);
#1929=ORIENTED_EDGE('',*,*,#3003,.T.);
#1930=ORIENTED_EDGE('',*,*,#2988,.F.);
#1931=ORIENTED_EDGE('',*,*,#3004,.F.);
#1932=ORIENTED_EDGE('',*,*,#2805,.F.);
#1933=ORIENTED_EDGE('',*,*,#3005,.F.);
#1934=ORIENTED_EDGE('',*,*,#2806,.F.);
#1935=ORIENTED_EDGE('',*,*,#3004,.T.);
#1936=ORIENTED_EDGE('',*,*,#2991,.F.);
#1937=ORIENTED_EDGE('',*,*,#3002,.F.);
#1938=ORIENTED_EDGE('',*,*,#2804,.F.);
#1939=ORIENTED_EDGE('',*,*,#3001,.F.);
#1940=ORIENTED_EDGE('',*,*,#2999,.T.);
#1941=ORIENTED_EDGE('',*,*,#3005,.T.);
#1942=ORIENTED_EDGE('',*,*,#3006,.T.);
#1943=ORIENTED_EDGE('',*,*,#2666,.T.);
#1944=ORIENTED_EDGE('',*,*,#3007,.F.);
#1945=ORIENTED_EDGE('',*,*,#3008,.T.);
#1946=ORIENTED_EDGE('',*,*,#2665,.F.);
#1947=ORIENTED_EDGE('',*,*,#2543,.T.);
#1948=ORIENTED_EDGE('',*,*,#3009,.T.);
#1949=ORIENTED_EDGE('',*,*,#3010,.T.);
#1950=ORIENTED_EDGE('',*,*,#3011,.T.);
#1951=ORIENTED_EDGE('',*,*,#3007,.T.);
#1952=ORIENTED_EDGE('',*,*,#2541,.F.);
#1953=ORIENTED_EDGE('',*,*,#2667,.T.);
#1954=ORIENTED_EDGE('',*,*,#3006,.F.);
#1955=ORIENTED_EDGE('',*,*,#3012,.F.);
#1956=ORIENTED_EDGE('',*,*,#3013,.F.);
#1957=ORIENTED_EDGE('',*,*,#3014,.F.);
#1958=ORIENTED_EDGE('',*,*,#2542,.F.);
#1959=ORIENTED_EDGE('',*,*,#3014,.T.);
#1960=ORIENTED_EDGE('',*,*,#3015,.F.);
#1961=ORIENTED_EDGE('',*,*,#3009,.F.);
#1962=ORIENTED_EDGE('',*,*,#3013,.T.);
#1963=ORIENTED_EDGE('',*,*,#3016,.F.);
#1964=ORIENTED_EDGE('',*,*,#3010,.F.);
#1965=ORIENTED_EDGE('',*,*,#3015,.T.);
#1966=ORIENTED_EDGE('',*,*,#3012,.T.);
#1967=ORIENTED_EDGE('',*,*,#3008,.F.);
#1968=ORIENTED_EDGE('',*,*,#3011,.F.);
#1969=ORIENTED_EDGE('',*,*,#3016,.T.);
#1970=ORIENTED_EDGE('',*,*,#3017,.F.);
#1971=ORIENTED_EDGE('',*,*,#2997,.F.);
#1972=ORIENTED_EDGE('',*,*,#3018,.F.);
#1973=ORIENTED_EDGE('',*,*,#2995,.F.);
#1974=ORIENTED_EDGE('',*,*,#3018,.T.);
#1975=ORIENTED_EDGE('',*,*,#3000,.F.);
#1976=ORIENTED_EDGE('',*,*,#3019,.F.);
#1977=ORIENTED_EDGE('',*,*,#2992,.F.);
#1978=ORIENTED_EDGE('',*,*,#3017,.T.);
#1979=ORIENTED_EDGE('',*,*,#2994,.F.);
#1980=ORIENTED_EDGE('',*,*,#3020,.F.);
#1981=ORIENTED_EDGE('',*,*,#3003,.F.);
#1982=ORIENTED_EDGE('',*,*,#3019,.T.);
#1983=ORIENTED_EDGE('',*,*,#2989,.F.);
#1984=ORIENTED_EDGE('',*,*,#3020,.T.);
#1985=ORIENTED_EDGE('',*,*,#2993,.F.);
#1986=ORIENTED_EDGE('',*,*,#2595,.F.);
#1987=ORIENTED_EDGE('',*,*,#3021,.T.);
#1988=ORIENTED_EDGE('',*,*,#3022,.T.);
#1989=ORIENTED_EDGE('',*,*,#3023,.F.);
#1990=ORIENTED_EDGE('',*,*,#3024,.F.);
#1991=ORIENTED_EDGE('',*,*,#3025,.F.);
#1992=ORIENTED_EDGE('',*,*,#3026,.T.);
#1993=ORIENTED_EDGE('',*,*,#3027,.T.);
#1994=ORIENTED_EDGE('',*,*,#3028,.F.);
#1995=ORIENTED_EDGE('',*,*,#3027,.F.);
#1996=ORIENTED_EDGE('',*,*,#3029,.T.);
#1997=ORIENTED_EDGE('',*,*,#3030,.T.);
#1998=ORIENTED_EDGE('',*,*,#3031,.T.);
#1999=ORIENTED_EDGE('',*,*,#2534,.T.);
#2000=ORIENTED_EDGE('',*,*,#3032,.F.);
#2001=ORIENTED_EDGE('',*,*,#3030,.F.);
#2002=ORIENTED_EDGE('',*,*,#3033,.F.);
#2003=ORIENTED_EDGE('',*,*,#3022,.F.);
#2004=ORIENTED_EDGE('',*,*,#3034,.T.);
#2005=ORIENTED_EDGE('',*,*,#3025,.T.);
#2006=ORIENTED_EDGE('',*,*,#2535,.F.);
#2007=ORIENTED_EDGE('',*,*,#3031,.F.);
#2008=ORIENTED_EDGE('',*,*,#3029,.F.);
#2009=ORIENTED_EDGE('',*,*,#3026,.F.);
#2010=ORIENTED_EDGE('',*,*,#3034,.F.);
#2011=ORIENTED_EDGE('',*,*,#3021,.F.);
#2012=ORIENTED_EDGE('',*,*,#2594,.T.);
#2013=ORIENTED_EDGE('',*,*,#2602,.T.);
#2014=ORIENTED_EDGE('',*,*,#3032,.T.);
#2015=ORIENTED_EDGE('',*,*,#2533,.T.);
#2016=ORIENTED_EDGE('',*,*,#2599,.F.);
#2017=ORIENTED_EDGE('',*,*,#2596,.F.);
#2018=ORIENTED_EDGE('',*,*,#3023,.T.);
#2019=ORIENTED_EDGE('',*,*,#3033,.T.);
#2020=ORIENTED_EDGE('',*,*,#3024,.T.);
#2021=ORIENTED_EDGE('',*,*,#3028,.T.);
#2022=ORIENTED_EDGE('',*,*,#2575,.F.);
#2023=ORIENTED_EDGE('',*,*,#3035,.T.);
#2024=ORIENTED_EDGE('',*,*,#3036,.T.);
#2025=ORIENTED_EDGE('',*,*,#3037,.F.);
#2026=ORIENTED_EDGE('',*,*,#3038,.T.);
#2027=ORIENTED_EDGE('',*,*,#2570,.T.);
#2028=ORIENTED_EDGE('',*,*,#3039,.F.);
#2029=ORIENTED_EDGE('',*,*,#3040,.F.);
#2030=ORIENTED_EDGE('',*,*,#3041,.T.);
#2031=ORIENTED_EDGE('',*,*,#3040,.T.);
#2032=ORIENTED_EDGE('',*,*,#3042,.F.);
#2033=ORIENTED_EDGE('',*,*,#3043,.F.);
#2034=ORIENTED_EDGE('',*,*,#3044,.T.);
#2035=ORIENTED_EDGE('',*,*,#3043,.T.);
#2036=ORIENTED_EDGE('',*,*,#3045,.F.);
#2037=ORIENTED_EDGE('',*,*,#3046,.F.);
#2038=ORIENTED_EDGE('',*,*,#3047,.T.);
#2039=ORIENTED_EDGE('',*,*,#3046,.T.);
#2040=ORIENTED_EDGE('',*,*,#3048,.F.);
#2041=ORIENTED_EDGE('',*,*,#3036,.F.);
#2042=ORIENTED_EDGE('',*,*,#2569,.F.);
#2043=ORIENTED_EDGE('',*,*,#2600,.T.);
#2044=ORIENTED_EDGE('',*,*,#2576,.T.);
#2045=ORIENTED_EDGE('',*,*,#3037,.T.);
#2046=ORIENTED_EDGE('',*,*,#3048,.T.);
#2047=ORIENTED_EDGE('',*,*,#3045,.T.);
#2048=ORIENTED_EDGE('',*,*,#3042,.T.);
#2049=ORIENTED_EDGE('',*,*,#3039,.T.);
#2050=ORIENTED_EDGE('',*,*,#2585,.F.);
#2051=ORIENTED_EDGE('',*,*,#2571,.T.);
#2052=ORIENTED_EDGE('',*,*,#3038,.F.);
#2053=ORIENTED_EDGE('',*,*,#3041,.F.);
#2054=ORIENTED_EDGE('',*,*,#3044,.F.);
#2055=ORIENTED_EDGE('',*,*,#3047,.F.);
#2056=ORIENTED_EDGE('',*,*,#3035,.F.);
#2057=ORIENTED_EDGE('',*,*,#2574,.F.);
#2058=ORIENTED_EDGE('',*,*,#2587,.F.);
#2059=ORIENTED_EDGE('',*,*,#3049,.T.);
#2060=ORIENTED_EDGE('',*,*,#3050,.T.);
#2061=ORIENTED_EDGE('',*,*,#3051,.F.);
#2062=ORIENTED_EDGE('',*,*,#3052,.F.);
#2063=ORIENTED_EDGE('',*,*,#3053,.F.);
#2064=ORIENTED_EDGE('',*,*,#3054,.T.);
#2065=ORIENTED_EDGE('',*,*,#3055,.T.);
#2066=ORIENTED_EDGE('',*,*,#3056,.F.);
#2067=ORIENTED_EDGE('',*,*,#3055,.F.);
#2068=ORIENTED_EDGE('',*,*,#3057,.T.);
#2069=ORIENTED_EDGE('',*,*,#3058,.T.);
#2070=ORIENTED_EDGE('',*,*,#3059,.T.);
#2071=ORIENTED_EDGE('',*,*,#2530,.T.);
#2072=ORIENTED_EDGE('',*,*,#3060,.F.);
#2073=ORIENTED_EDGE('',*,*,#3058,.F.);
#2074=ORIENTED_EDGE('',*,*,#3061,.F.);
#2075=ORIENTED_EDGE('',*,*,#3050,.F.);
#2076=ORIENTED_EDGE('',*,*,#3062,.T.);
#2077=ORIENTED_EDGE('',*,*,#3063,.T.);
#2078=ORIENTED_EDGE('',*,*,#3064,.F.);
#2079=ORIENTED_EDGE('',*,*,#3063,.F.);
#2080=ORIENTED_EDGE('',*,*,#3065,.T.);
#2081=ORIENTED_EDGE('',*,*,#3053,.T.);
#2082=ORIENTED_EDGE('',*,*,#2531,.F.);
#2083=ORIENTED_EDGE('',*,*,#3059,.F.);
#2084=ORIENTED_EDGE('',*,*,#3057,.F.);
#2085=ORIENTED_EDGE('',*,*,#3054,.F.);
#2086=ORIENTED_EDGE('',*,*,#3065,.F.);
#2087=ORIENTED_EDGE('',*,*,#3062,.F.);
#2088=ORIENTED_EDGE('',*,*,#3049,.F.);
#2089=ORIENTED_EDGE('',*,*,#2586,.T.);
#2090=ORIENTED_EDGE('',*,*,#2598,.T.);
#2091=ORIENTED_EDGE('',*,*,#3060,.T.);
#2092=ORIENTED_EDGE('',*,*,#2529,.T.);
#2093=ORIENTED_EDGE('',*,*,#2724,.F.);
#2094=ORIENTED_EDGE('',*,*,#2588,.F.);
#2095=ORIENTED_EDGE('',*,*,#3051,.T.);
#2096=ORIENTED_EDGE('',*,*,#3061,.T.);
#2097=ORIENTED_EDGE('',*,*,#3064,.T.);
#2098=ORIENTED_EDGE('',*,*,#3052,.T.);
#2099=ORIENTED_EDGE('',*,*,#3056,.T.);
#2100=ORIENTED_EDGE('',*,*,#2583,.F.);
#2101=ORIENTED_EDGE('',*,*,#3066,.F.);
#2102=ORIENTED_EDGE('',*,*,#3067,.F.);
#2103=ORIENTED_EDGE('',*,*,#3068,.T.);
#2104=ORIENTED_EDGE('',*,*,#3069,.F.);
#2105=ORIENTED_EDGE('',*,*,#2522,.T.);
#2106=ORIENTED_EDGE('',*,*,#3070,.T.);
#2107=ORIENTED_EDGE('',*,*,#3071,.T.);
#2108=ORIENTED_EDGE('',*,*,#3072,.F.);
#2109=ORIENTED_EDGE('',*,*,#3071,.F.);
#2110=ORIENTED_EDGE('',*,*,#3073,.T.);
#2111=ORIENTED_EDGE('',*,*,#3074,.T.);
#2112=ORIENTED_EDGE('',*,*,#3075,.F.);
#2113=ORIENTED_EDGE('',*,*,#3074,.F.);
#2114=ORIENTED_EDGE('',*,*,#3076,.T.);
#2115=ORIENTED_EDGE('',*,*,#3077,.T.);
#2116=ORIENTED_EDGE('',*,*,#3078,.F.);
#2117=ORIENTED_EDGE('',*,*,#3077,.F.);
#2118=ORIENTED_EDGE('',*,*,#3079,.T.);
#2119=ORIENTED_EDGE('',*,*,#3080,.T.);
#2120=ORIENTED_EDGE('',*,*,#3081,.F.);
#2121=ORIENTED_EDGE('',*,*,#3080,.F.);
#2122=ORIENTED_EDGE('',*,*,#3082,.T.);
#2123=ORIENTED_EDGE('',*,*,#3067,.T.);
#2124=ORIENTED_EDGE('',*,*,#2521,.F.);
#2125=ORIENTED_EDGE('',*,*,#2584,.T.);
#2126=ORIENTED_EDGE('',*,*,#2572,.T.);
#2127=ORIENTED_EDGE('',*,*,#3068,.F.);
#2128=ORIENTED_EDGE('',*,*,#3082,.F.);
#2129=ORIENTED_EDGE('',*,*,#3079,.F.);
#2130=ORIENTED_EDGE('',*,*,#3076,.F.);
#2131=ORIENTED_EDGE('',*,*,#3073,.F.);
#2132=ORIENTED_EDGE('',*,*,#3070,.F.);
#2133=ORIENTED_EDGE('',*,*,#2723,.F.);
#2134=ORIENTED_EDGE('',*,*,#2523,.T.);
#2135=ORIENTED_EDGE('',*,*,#3069,.T.);
#2136=ORIENTED_EDGE('',*,*,#3072,.T.);
#2137=ORIENTED_EDGE('',*,*,#3075,.T.);
#2138=ORIENTED_EDGE('',*,*,#3078,.T.);
#2139=ORIENTED_EDGE('',*,*,#3081,.T.);
#2140=ORIENTED_EDGE('',*,*,#3066,.T.);
#2141=ORIENTED_EDGE('',*,*,#2582,.F.);
#2142=VERTEX_POINT('',#5455);
#2143=VERTEX_POINT('',#5456);
#2144=VERTEX_POINT('',#5458);
#2145=VERTEX_POINT('',#5460);
#2146=VERTEX_POINT('',#5463);
#2147=VERTEX_POINT('',#5464);
#2148=VERTEX_POINT('',#5466);
#2149=VERTEX_POINT('',#5468);
#2150=VERTEX_POINT('',#5471);
#2151=VERTEX_POINT('',#5472);
#2152=VERTEX_POINT('',#5474);
#2153=VERTEX_POINT('',#5476);
#2154=VERTEX_POINT('',#5478);
#2155=VERTEX_POINT('',#5480);
#2156=VERTEX_POINT('',#5482);
#2157=VERTEX_POINT('',#5484);
#2158=VERTEX_POINT('',#5486);
#2159=VERTEX_POINT('',#5488);
#2160=VERTEX_POINT('',#5490);
#2161=VERTEX_POINT('',#5492);
#2162=VERTEX_POINT('',#5494);
#2163=VERTEX_POINT('',#5496);
#2164=VERTEX_POINT('',#5498);
#2165=VERTEX_POINT('',#5500);
#2166=VERTEX_POINT('',#5502);
#2167=VERTEX_POINT('',#5504);
#2168=VERTEX_POINT('',#5506);
#2169=VERTEX_POINT('',#5508);
#2170=VERTEX_POINT('',#5510);
#2171=VERTEX_POINT('',#5512);
#2172=VERTEX_POINT('',#5514);
#2173=VERTEX_POINT('',#5516);
#2174=VERTEX_POINT('',#5518);
#2175=VERTEX_POINT('',#5520);
#2176=VERTEX_POINT('',#5522);
#2177=VERTEX_POINT('',#5524);
#2178=VERTEX_POINT('',#5526);
#2179=VERTEX_POINT('',#5528);
#2180=VERTEX_POINT('',#5530);
#2181=VERTEX_POINT('',#5532);
#2182=VERTEX_POINT('',#5534);
#2183=VERTEX_POINT('',#5536);
#2184=VERTEX_POINT('',#5538);
#2185=VERTEX_POINT('',#5540);
#2186=VERTEX_POINT('',#5542);
#2187=VERTEX_POINT('',#5544);
#2188=VERTEX_POINT('',#5546);
#2189=VERTEX_POINT('',#5548);
#2190=VERTEX_POINT('',#5550);
#2191=VERTEX_POINT('',#5552);
#2192=VERTEX_POINT('',#5554);
#2193=VERTEX_POINT('',#5556);
#2194=VERTEX_POINT('',#5558);
#2195=VERTEX_POINT('',#5560);
#2196=VERTEX_POINT('',#5562);
#2197=VERTEX_POINT('',#5564);
#2198=VERTEX_POINT('',#5566);
#2199=VERTEX_POINT('',#5568);
#2200=VERTEX_POINT('',#5570);
#2201=VERTEX_POINT('',#5572);
#2202=VERTEX_POINT('',#5576);
#2203=VERTEX_POINT('',#5577);
#2204=VERTEX_POINT('',#5579);
#2205=VERTEX_POINT('',#5581);
#2206=VERTEX_POINT('',#5583);
#2207=VERTEX_POINT('',#5585);
#2208=VERTEX_POINT('',#5587);
#2209=VERTEX_POINT('',#5589);
#2210=VERTEX_POINT('',#5591);
#2211=VERTEX_POINT('',#5593);
#2212=VERTEX_POINT('',#5595);
#2213=VERTEX_POINT('',#5597);
#2214=VERTEX_POINT('',#5604);
#2215=VERTEX_POINT('',#5605);
#2216=VERTEX_POINT('',#5607);
#2217=VERTEX_POINT('',#5609);
#2218=VERTEX_POINT('',#5611);
#2219=VERTEX_POINT('',#5613);
#2220=VERTEX_POINT('',#5615);
#2221=VERTEX_POINT('',#5617);
#2222=VERTEX_POINT('',#5619);
#2223=VERTEX_POINT('',#5621);
#2224=VERTEX_POINT('',#5623);
#2225=VERTEX_POINT('',#5625);
#2226=VERTEX_POINT('',#5638);
#2227=VERTEX_POINT('',#5639);
#2228=VERTEX_POINT('',#5641);
#2229=VERTEX_POINT('',#5643);
#2230=VERTEX_POINT('',#5645);
#2231=VERTEX_POINT('',#5647);
#2232=VERTEX_POINT('',#5649);
#2233=VERTEX_POINT('',#5651);
#2234=VERTEX_POINT('',#5655);
#2235=VERTEX_POINT('',#5656);
#2236=VERTEX_POINT('',#5658);
#2237=VERTEX_POINT('',#5660);
#2238=VERTEX_POINT('',#5662);
#2239=VERTEX_POINT('',#5664);
#2240=VERTEX_POINT('',#5666);
#2241=VERTEX_POINT('',#5668);
#2242=VERTEX_POINT('',#5672);
#2243=VERTEX_POINT('',#5674);
#2244=VERTEX_POINT('',#5678);
#2245=VERTEX_POINT('',#5679);
#2246=VERTEX_POINT('',#5684);
#2247=VERTEX_POINT('',#5685);
#2248=VERTEX_POINT('',#5687);
#2249=VERTEX_POINT('',#5689);
#2250=VERTEX_POINT('',#5691);
#2251=VERTEX_POINT('',#5694);
#2252=VERTEX_POINT('',#5695);
#2253=VERTEX_POINT('',#5697);
#2254=VERTEX_POINT('',#5699);
#2255=VERTEX_POINT('',#5701);
#2256=VERTEX_POINT('',#5704);
#2257=VERTEX_POINT('',#5705);
#2258=VERTEX_POINT('',#5707);
#2259=VERTEX_POINT('',#5709);
#2260=VERTEX_POINT('',#5711);
#2261=VERTEX_POINT('',#5714);
#2262=VERTEX_POINT('',#5715);
#2263=VERTEX_POINT('',#5717);
#2264=VERTEX_POINT('',#5719);
#2265=VERTEX_POINT('',#5721);
#2266=VERTEX_POINT('',#5724);
#2267=VERTEX_POINT('',#5725);
#2268=VERTEX_POINT('',#5727);
#2269=VERTEX_POINT('',#5729);
#2270=VERTEX_POINT('',#5732);
#2271=VERTEX_POINT('',#5733);
#2272=VERTEX_POINT('',#5735);
#2273=VERTEX_POINT('',#5737);
#2274=VERTEX_POINT('',#5739);
#2275=VERTEX_POINT('',#5743);
#2276=VERTEX_POINT('',#5746);
#2277=VERTEX_POINT('',#5751);
#2278=VERTEX_POINT('',#5752);
#2279=VERTEX_POINT('',#5754);
#2280=VERTEX_POINT('',#5756);
#2281=VERTEX_POINT('',#5760);
#2282=VERTEX_POINT('',#5762);
#2283=VERTEX_POINT('',#5765);
#2284=VERTEX_POINT('',#5768);
#2285=VERTEX_POINT('',#5771);
#2286=VERTEX_POINT('',#5773);
#2287=VERTEX_POINT('',#5776);
#2288=VERTEX_POINT('',#5778);
#2289=VERTEX_POINT('',#5781);
#2290=VERTEX_POINT('',#5783);
#2291=VERTEX_POINT('',#5786);
#2292=VERTEX_POINT('',#5788);
#2293=VERTEX_POINT('',#5791);
#2294=VERTEX_POINT('',#5793);
#2295=VERTEX_POINT('',#5797);
#2296=VERTEX_POINT('',#5799);
#2297=VERTEX_POINT('',#5803);
#2298=VERTEX_POINT('',#5805);
#2299=VERTEX_POINT('',#5822);
#2300=VERTEX_POINT('',#5824);
#2301=VERTEX_POINT('',#5833);
#2302=VERTEX_POINT('',#5835);
#2303=VERTEX_POINT('',#5844);
#2304=VERTEX_POINT('',#5846);
#2305=VERTEX_POINT('',#5856);
#2306=VERTEX_POINT('',#5860);
#2307=VERTEX_POINT('',#5874);
#2308=VERTEX_POINT('',#5876);
#2309=VERTEX_POINT('',#5880);
#2310=VERTEX_POINT('',#5884);
#2311=VERTEX_POINT('',#5888);
#2312=VERTEX_POINT('',#5894);
#2313=VERTEX_POINT('',#5895);
#2314=VERTEX_POINT('',#5897);
#2315=VERTEX_POINT('',#5899);
#2316=VERTEX_POINT('',#5903);
#2317=VERTEX_POINT('',#5905);
#2318=VERTEX_POINT('',#5909);
#2319=VERTEX_POINT('',#5913);
#2320=VERTEX_POINT('',#5919);
#2321=VERTEX_POINT('',#5920);
#2322=VERTEX_POINT('',#5922);
#2323=VERTEX_POINT('',#5924);
#2324=VERTEX_POINT('',#5928);
#2325=VERTEX_POINT('',#5930);
#2326=VERTEX_POINT('',#5934);
#2327=VERTEX_POINT('',#5938);
#2328=VERTEX_POINT('',#5942);
#2329=VERTEX_POINT('',#5948);
#2330=VERTEX_POINT('',#5949);
#2331=VERTEX_POINT('',#5951);
#2332=VERTEX_POINT('',#5953);
#2333=VERTEX_POINT('',#5957);
#2334=VERTEX_POINT('',#5959);
#2335=VERTEX_POINT('',#5963);
#2336=VERTEX_POINT('',#5967);
#2337=VERTEX_POINT('',#5971);
#2338=VERTEX_POINT('',#5977);
#2339=VERTEX_POINT('',#5978);
#2340=VERTEX_POINT('',#5980);
#2341=VERTEX_POINT('',#5982);
#2342=VERTEX_POINT('',#5986);
#2343=VERTEX_POINT('',#5988);
#2344=VERTEX_POINT('',#5992);
#2345=VERTEX_POINT('',#5996);
#2346=VERTEX_POINT('',#6000);
#2347=VERTEX_POINT('',#6006);
#2348=VERTEX_POINT('',#6007);
#2349=VERTEX_POINT('',#6009);
#2350=VERTEX_POINT('',#6011);
#2351=VERTEX_POINT('',#6015);
#2352=VERTEX_POINT('',#6017);
#2353=VERTEX_POINT('',#6021);
#2354=VERTEX_POINT('',#6025);
#2355=VERTEX_POINT('',#6029);
#2356=VERTEX_POINT('',#6035);
#2357=VERTEX_POINT('',#6036);
#2358=VERTEX_POINT('',#6038);
#2359=VERTEX_POINT('',#6040);
#2360=VERTEX_POINT('',#6044);
#2361=VERTEX_POINT('',#6046);
#2362=VERTEX_POINT('',#6050);
#2363=VERTEX_POINT('',#6052);
#2364=VERTEX_POINT('',#6061);
#2365=VERTEX_POINT('',#6063);
#2366=VERTEX_POINT('',#6067);
#2367=VERTEX_POINT('',#6069);
#2368=VERTEX_POINT('',#6078);
#2369=VERTEX_POINT('',#6079);
#2370=VERTEX_POINT('',#6081);
#2371=VERTEX_POINT('',#6083);
#2372=VERTEX_POINT('',#6087);
#2373=VERTEX_POINT('',#6088);
#2374=VERTEX_POINT('',#6090);
#2375=VERTEX_POINT('',#6092);
#2376=VERTEX_POINT('',#6096);
#2377=VERTEX_POINT('',#6097);
#2378=VERTEX_POINT('',#6099);
#2379=VERTEX_POINT('',#6101);
#2380=VERTEX_POINT('',#6115);
#2381=VERTEX_POINT('',#6117);
#2382=VERTEX_POINT('',#6121);
#2383=VERTEX_POINT('',#6123);
#2384=VERTEX_POINT('',#6127);
#2385=VERTEX_POINT('',#6129);
#2386=VERTEX_POINT('',#6146);
#2387=VERTEX_POINT('',#6147);
#2388=VERTEX_POINT('',#6149);
#2389=VERTEX_POINT('',#6151);
#2390=VERTEX_POINT('',#6155);
#2391=VERTEX_POINT('',#6156);
#2392=VERTEX_POINT('',#6158);
#2393=VERTEX_POINT('',#6160);
#2394=VERTEX_POINT('',#6164);
#2395=VERTEX_POINT('',#6165);
#2396=VERTEX_POINT('',#6167);
#2397=VERTEX_POINT('',#6169);
#2398=VERTEX_POINT('',#6183);
#2399=VERTEX_POINT('',#6185);
#2400=VERTEX_POINT('',#6189);
#2401=VERTEX_POINT('',#6191);
#2402=VERTEX_POINT('',#6195);
#2403=VERTEX_POINT('',#6197);
#2404=VERTEX_POINT('',#6214);
#2405=VERTEX_POINT('',#6215);
#2406=VERTEX_POINT('',#6217);
#2407=VERTEX_POINT('',#6219);
#2408=VERTEX_POINT('',#6223);
#2409=VERTEX_POINT('',#6224);
#2410=VERTEX_POINT('',#6226);
#2411=VERTEX_POINT('',#6228);
#2412=VERTEX_POINT('',#6232);
#2413=VERTEX_POINT('',#6233);
#2414=VERTEX_POINT('',#6235);
#2415=VERTEX_POINT('',#6237);
#2416=VERTEX_POINT('',#6251);
#2417=VERTEX_POINT('',#6253);
#2418=VERTEX_POINT('',#6257);
#2419=VERTEX_POINT('',#6259);
#2420=VERTEX_POINT('',#6263);
#2421=VERTEX_POINT('',#6265);
#2422=VERTEX_POINT('',#6282);
#2423=VERTEX_POINT('',#6283);
#2424=VERTEX_POINT('',#6285);
#2425=VERTEX_POINT('',#6287);
#2426=VERTEX_POINT('',#6291);
#2427=VERTEX_POINT('',#6292);
#2428=VERTEX_POINT('',#6294);
#2429=VERTEX_POINT('',#6296);
#2430=VERTEX_POINT('',#6300);
#2431=VERTEX_POINT('',#6301);
#2432=VERTEX_POINT('',#6303);
#2433=VERTEX_POINT('',#6305);
#2434=VERTEX_POINT('',#6319);
#2435=VERTEX_POINT('',#6321);
#2436=VERTEX_POINT('',#6325);
#2437=VERTEX_POINT('',#6327);
#2438=VERTEX_POINT('',#6331);
#2439=VERTEX_POINT('',#6333);
#2440=VERTEX_POINT('',#6350);
#2441=VERTEX_POINT('',#6351);
#2442=VERTEX_POINT('',#6353);
#2443=VERTEX_POINT('',#6355);
#2444=VERTEX_POINT('',#6359);
#2445=VERTEX_POINT('',#6360);
#2446=VERTEX_POINT('',#6362);
#2447=VERTEX_POINT('',#6364);
#2448=VERTEX_POINT('',#6368);
#2449=VERTEX_POINT('',#6369);
#2450=VERTEX_POINT('',#6371);
#2451=VERTEX_POINT('',#6373);
#2452=VERTEX_POINT('',#6387);
#2453=VERTEX_POINT('',#6389);
#2454=VERTEX_POINT('',#6393);
#2455=VERTEX_POINT('',#6395);
#2456=VERTEX_POINT('',#6399);
#2457=VERTEX_POINT('',#6401);
#2458=VERTEX_POINT('',#6418);
#2459=VERTEX_POINT('',#6419);
#2460=VERTEX_POINT('',#6421);
#2461=VERTEX_POINT('',#6423);
#2462=VERTEX_POINT('',#6427);
#2463=VERTEX_POINT('',#6428);
#2464=VERTEX_POINT('',#6430);
#2465=VERTEX_POINT('',#6432);
#2466=VERTEX_POINT('',#6436);
#2467=VERTEX_POINT('',#6437);
#2468=VERTEX_POINT('',#6439);
#2469=VERTEX_POINT('',#6441);
#2470=VERTEX_POINT('',#6455);
#2471=VERTEX_POINT('',#6457);
#2472=VERTEX_POINT('',#6461);
#2473=VERTEX_POINT('',#6463);
#2474=VERTEX_POINT('',#6467);
#2475=VERTEX_POINT('',#6469);
#2476=VERTEX_POINT('',#6486);
#2477=VERTEX_POINT('',#6488);
#2478=VERTEX_POINT('',#6492);
#2479=VERTEX_POINT('',#6493);
#2480=VERTEX_POINT('',#6495);
#2481=VERTEX_POINT('',#6497);
#2482=VERTEX_POINT('',#6501);
#2483=VERTEX_POINT('',#6503);
#2484=VERTEX_POINT('',#6515);
#2485=VERTEX_POINT('',#6517);
#2486=VERTEX_POINT('',#6521);
#2487=VERTEX_POINT('',#6523);
#2488=VERTEX_POINT('',#6527);
#2489=VERTEX_POINT('',#6529);
#2490=VERTEX_POINT('',#6533);
#2491=VERTEX_POINT('',#6535);
#2492=VERTEX_POINT('',#6544);
#2493=VERTEX_POINT('',#6546);
#2494=VERTEX_POINT('',#6550);
#2495=VERTEX_POINT('',#6551);
#2496=VERTEX_POINT('',#6553);
#2497=VERTEX_POINT('',#6555);
#2498=VERTEX_POINT('',#6559);
#2499=VERTEX_POINT('',#6561);
#2500=VERTEX_POINT('',#6568);
#2501=VERTEX_POINT('',#6570);
#2502=VERTEX_POINT('',#6579);
#2503=VERTEX_POINT('',#6581);
#2504=VERTEX_POINT('',#6585);
#2505=VERTEX_POINT('',#6587);
#2506=VERTEX_POINT('',#6591);
#2507=VERTEX_POINT('',#6593);
#2508=VERTEX_POINT('',#6597);
#2509=VERTEX_POINT('',#6599);
#2510=VERTEX_POINT('',#6603);
#2511=VERTEX_POINT('',#6605);
#2512=EDGE_CURVE('',#2142,#2143,#3083,.T.);
#2513=EDGE_CURVE('',#2144,#2142,#3084,.T.);
#2514=EDGE_CURVE('',#2144,#2145,#3085,.T.);
#2515=EDGE_CURVE('',#2145,#2143,#3086,.T.);
#2516=EDGE_CURVE('',#2146,#2147,#3087,.T.);
#2517=EDGE_CURVE('',#2148,#2146,#3088,.T.);
#2518=EDGE_CURVE('',#2148,#2149,#3089,.T.);
#2519=EDGE_CURVE('',#2149,#2147,#3090,.T.);
#2520=EDGE_CURVE('',#2150,#2151,#3091,.T.);
#2521=EDGE_CURVE('',#2151,#2152,#3092,.T.);
#2522=EDGE_CURVE('',#2153,#2152,#3093,.T.);
#2523=EDGE_CURVE('',#2154,#2153,#3094,.T.);
#2524=EDGE_CURVE('',#2154,#2155,#3095,.T.);
#2525=EDGE_CURVE('',#2155,#2156,#3096,.T.);
#2526=EDGE_CURVE('',#2157,#2156,#3097,.T.);
#2527=EDGE_CURVE('',#2157,#2158,#3098,.T.);
#2528=EDGE_CURVE('',#2159,#2158,#3099,.T.);
#2529=EDGE_CURVE('',#2160,#2159,#3100,.T.);
#2530=EDGE_CURVE('',#2161,#2160,#3101,.T.);
#2531=EDGE_CURVE('',#2161,#2162,#3102,.T.);
#2532=EDGE_CURVE('',#2163,#2162,#3103,.T.);
#2533=EDGE_CURVE('',#2164,#2163,#3104,.T.);
#2534=EDGE_CURVE('',#2165,#2164,#3105,.T.);
#2535=EDGE_CURVE('',#2165,#2166,#3106,.T.);
#2536=EDGE_CURVE('',#2167,#2166,#3107,.T.);
#2537=EDGE_CURVE('',#2167,#2168,#3108,.T.);
#2538=EDGE_CURVE('',#2168,#2169,#3109,.T.);
#2539=EDGE_CURVE('',#2169,#2170,#3110,.T.);
#2540=EDGE_CURVE('',#2170,#2171,#3111,.T.);
#2541=EDGE_CURVE('',#2171,#2172,#3112,.T.);
#2542=EDGE_CURVE('',#2172,#2173,#3113,.T.);
#2543=EDGE_CURVE('',#2174,#2173,#3114,.T.);
#2544=EDGE_CURVE('',#2174,#2175,#3115,.T.);
#2545=EDGE_CURVE('',#2175,#2176,#3116,.T.);
#2546=EDGE_CURVE('',#2176,#2177,#3117,.T.);
#2547=EDGE_CURVE('',#2178,#2177,#3118,.T.);
#2548=EDGE_CURVE('',#2178,#2179,#3119,.T.);
#2549=EDGE_CURVE('',#2179,#2180,#3120,.T.);
#2550=EDGE_CURVE('',#2180,#2181,#3121,.T.);
#2551=EDGE_CURVE('',#2182,#2181,#3122,.T.);
#2552=EDGE_CURVE('',#2182,#2183,#3123,.T.);
#2553=EDGE_CURVE('',#2183,#2184,#3124,.T.);
#2554=EDGE_CURVE('',#2184,#2185,#3125,.T.);
#2555=EDGE_CURVE('',#2186,#2185,#3126,.T.);
#2556=EDGE_CURVE('',#2186,#2187,#3127,.T.);
#2557=EDGE_CURVE('',#2187,#2188,#3128,.T.);
#2558=EDGE_CURVE('',#2188,#2189,#3129,.T.);
#2559=EDGE_CURVE('',#2190,#2189,#3130,.T.);
#2560=EDGE_CURVE('',#2190,#2191,#3131,.T.);
#2561=EDGE_CURVE('',#2191,#2192,#3132,.T.);
#2562=EDGE_CURVE('',#2192,#2193,#3133,.T.);
#2563=EDGE_CURVE('',#2194,#2193,#3134,.T.);
#2564=EDGE_CURVE('',#2194,#2195,#3135,.T.);
#2565=EDGE_CURVE('',#2196,#2195,#3136,.T.);
#2566=EDGE_CURVE('',#2197,#2196,#3137,.T.);
#2567=EDGE_CURVE('',#2198,#2197,#3138,.T.);
#2568=EDGE_CURVE('',#2198,#2199,#3139,.T.);
#2569=EDGE_CURVE('',#2199,#2200,#3140,.T.);
#2570=EDGE_CURVE('',#2201,#2200,#3141,.T.);
#2571=EDGE_CURVE('',#2150,#2201,#3142,.T.);
#2572=EDGE_CURVE('',#2202,#2203,#3143,.T.);
#2573=EDGE_CURVE('',#2202,#2204,#3144,.T.);
#2574=EDGE_CURVE('',#2204,#2205,#3145,.T.);
#2575=EDGE_CURVE('',#2205,#2206,#3146,.T.);
#2576=EDGE_CURVE('',#2207,#2206,#3147,.T.);
#2577=EDGE_CURVE('',#2207,#2208,#3148,.T.);
#2578=EDGE_CURVE('',#2208,#2209,#3149,.T.);
#2579=EDGE_CURVE('',#2210,#2209,#3150,.T.);
#2580=EDGE_CURVE('',#2210,#2211,#3151,.T.);
#2581=EDGE_CURVE('',#2211,#2212,#3152,.T.);
#2582=EDGE_CURVE('',#2212,#2213,#3153,.T.);
#2583=EDGE_CURVE('',#2213,#2203,#3154,.T.);
#2584=EDGE_CURVE('',#2151,#2202,#3155,.T.);
#2585=EDGE_CURVE('',#2150,#2204,#3156,.T.);
#2586=EDGE_CURVE('',#2214,#2215,#3157,.T.);
#2587=EDGE_CURVE('',#2214,#2216,#3158,.T.);
#2588=EDGE_CURVE('',#2216,#2217,#3159,.T.);
#2589=EDGE_CURVE('',#2218,#2217,#3160,.T.);
#2590=EDGE_CURVE('',#2218,#2219,#3161,.T.);
#2591=EDGE_CURVE('',#2219,#2220,#3162,.T.);
#2592=EDGE_CURVE('',#2220,#2221,#3163,.T.);
#2593=EDGE_CURVE('',#2222,#2221,#3164,.T.);
#2594=EDGE_CURVE('',#2223,#2222,#3165,.T.);
#2595=EDGE_CURVE('',#2223,#2224,#3166,.T.);
#2596=EDGE_CURVE('',#2224,#2225,#3167,.T.);
#2597=EDGE_CURVE('',#2215,#2225,#3168,.T.);
#2598=EDGE_CURVE('',#2215,#2162,#3169,.T.);
#2599=EDGE_CURVE('',#2225,#2163,#3170,.T.);
#2600=EDGE_CURVE('',#2199,#2207,#3171,.T.);
#2601=EDGE_CURVE('',#2198,#2208,#3172,.T.);
#2602=EDGE_CURVE('',#2222,#2166,#3173,.T.);
#2603=EDGE_CURVE('',#2221,#2167,#3174,.T.);
#2604=EDGE_CURVE('',#2226,#2227,#3175,.T.);
#2605=EDGE_CURVE('',#2226,#2228,#3176,.T.);
#2606=EDGE_CURVE('',#2229,#2228,#3177,.T.);
#2607=EDGE_CURVE('',#2229,#2230,#3178,.T.);
#2608=EDGE_CURVE('',#2230,#2231,#3179,.T.);
#2609=EDGE_CURVE('',#2231,#2232,#3180,.T.);
#2610=EDGE_CURVE('',#2232,#2233,#3181,.T.);
#2611=EDGE_CURVE('',#2233,#2227,#3182,.T.);
#2612=EDGE_CURVE('',#2234,#2235,#3183,.T.);
#2613=EDGE_CURVE('',#2234,#2236,#3184,.T.);
#2614=EDGE_CURVE('',#2237,#2236,#3185,.T.);
#2615=EDGE_CURVE('',#2238,#2237,#3186,.T.);
#2616=EDGE_CURVE('',#2239,#2238,#3187,.T.);
#2617=EDGE_CURVE('',#2240,#2239,#3188,.T.);
#2618=EDGE_CURVE('',#2240,#2241,#3189,.T.);
#2619=EDGE_CURVE('',#2241,#2235,#3190,.T.);
#2620=EDGE_CURVE('',#2238,#2242,#3191,.T.);
#2621=EDGE_CURVE('',#2243,#2242,#3192,.T.);
#2622=EDGE_CURVE('',#2243,#2239,#3193,.T.);
#2623=EDGE_CURVE('',#2244,#2245,#3194,.T.);
#2624=EDGE_CURVE('',#2245,#2232,#3195,.T.);
#2625=EDGE_CURVE('',#2231,#2244,#3196,.T.);
#2626=EDGE_CURVE('',#2246,#2247,#3197,.T.);
#2627=EDGE_CURVE('',#2248,#2246,#3198,.T.);
#2628=EDGE_CURVE('',#2249,#2248,#3199,.T.);
#2629=EDGE_CURVE('',#2250,#2249,#3200,.T.);
#2630=EDGE_CURVE('',#2247,#2250,#3201,.T.);
#2631=EDGE_CURVE('',#2251,#2252,#3202,.T.);
#2632=EDGE_CURVE('',#2253,#2251,#3203,.T.);
#2633=EDGE_CURVE('',#2254,#2253,#3204,.T.);
#2634=EDGE_CURVE('',#2255,#2254,#3205,.T.);
#2635=EDGE_CURVE('',#2252,#2255,#3206,.T.);
#2636=EDGE_CURVE('',#2256,#2257,#3207,.T.);
#2637=EDGE_CURVE('',#2258,#2256,#3208,.T.);
#2638=EDGE_CURVE('',#2259,#2258,#3209,.T.);
#2639=EDGE_CURVE('',#2260,#2259,#3210,.T.);
#2640=EDGE_CURVE('',#2257,#2260,#3211,.T.);
#2641=EDGE_CURVE('',#2261,#2262,#3212,.T.);
#2642=EDGE_CURVE('',#2263,#2261,#3213,.T.);
#2643=EDGE_CURVE('',#2264,#2263,#3214,.T.);
#2644=EDGE_CURVE('',#2265,#2264,#3215,.T.);
#2645=EDGE_CURVE('',#2262,#2265,#3216,.T.);
#2646=EDGE_CURVE('',#2266,#2267,#3217,.T.);
#2647=EDGE_CURVE('',#2268,#2266,#3218,.T.);
#2648=EDGE_CURVE('',#2269,#2268,#3219,.T.);
#2649=EDGE_CURVE('',#2267,#2269,#3220,.T.);
#2650=EDGE_CURVE('',#2270,#2271,#3221,.T.);
#2651=EDGE_CURVE('',#2272,#2270,#3222,.T.);
#2652=EDGE_CURVE('',#2273,#2272,#3223,.T.);
#2653=EDGE_CURVE('',#2274,#2273,#3224,.T.);
#2654=EDGE_CURVE('',#2271,#2274,#3225,.T.);
#2655=EDGE_CURVE('',#2244,#2243,#3226,.T.);
#2656=EDGE_CURVE('',#2242,#2275,#3227,.T.);
#2657=EDGE_CURVE('',#2275,#2157,#3228,.T.);
#2658=EDGE_CURVE('',#2276,#2156,#3229,.T.);
#2659=EDGE_CURVE('',#2245,#2276,#3230,.T.);
#2660=EDGE_CURVE('',#2230,#2240,#3231,.T.);
#2661=EDGE_CURVE('',#2277,#2278,#3232,.T.);
#2662=EDGE_CURVE('',#2278,#2279,#3233,.T.);
#2663=EDGE_CURVE('',#2280,#2279,#3234,.T.);
#2664=EDGE_CURVE('',#2277,#2280,#3235,.T.);
#2665=EDGE_CURVE('',#2174,#2281,#3236,.T.);
#2666=EDGE_CURVE('',#2282,#2281,#3237,.T.);
#2667=EDGE_CURVE('',#2171,#2282,#3238,.T.);
#2668=EDGE_CURVE('',#2170,#2283,#3239,.T.);
#2669=EDGE_CURVE('',#2283,#2241,#3240,.T.);
#2670=EDGE_CURVE('',#2284,#2229,#3241,.T.);
#2671=EDGE_CURVE('',#2195,#2284,#3242,.T.);
#2672=EDGE_CURVE('',#2194,#2285,#3243,.T.);
#2673=EDGE_CURVE('',#2286,#2285,#3244,.T.);
#2674=EDGE_CURVE('',#2191,#2286,#3245,.T.);
#2675=EDGE_CURVE('',#2190,#2287,#3246,.T.);
#2676=EDGE_CURVE('',#2288,#2287,#3247,.T.);
#2677=EDGE_CURVE('',#2187,#2288,#3248,.T.);
#2678=EDGE_CURVE('',#2186,#2289,#3249,.T.);
#2679=EDGE_CURVE('',#2290,#2289,#3250,.T.);
#2680=EDGE_CURVE('',#2183,#2290,#3251,.T.);
#2681=EDGE_CURVE('',#2182,#2291,#3252,.T.);
#2682=EDGE_CURVE('',#2292,#2291,#3253,.T.);
#2683=EDGE_CURVE('',#2179,#2292,#3254,.T.);
#2684=EDGE_CURVE('',#2178,#2293,#3255,.T.);
#2685=EDGE_CURVE('',#2294,#2293,#3256,.T.);
#2686=EDGE_CURVE('',#2175,#2294,#3257,.T.);
#2687=EDGE_CURVE('',#2295,#2278,#3258,.T.);
#2688=EDGE_CURVE('',#2296,#2277,#3259,.T.);
#2689=EDGE_CURVE('',#2296,#2295,#3260,.T.);
#2690=EDGE_CURVE('',#2279,#2297,#3261,.T.);
#2691=EDGE_CURVE('',#2298,#2297,#3262,.T.);
#2692=EDGE_CURVE('',#2280,#2298,#3263,.T.);
#2693=EDGE_CURVE('',#2297,#2295,#3264,.T.);
#2694=EDGE_CURVE('',#2298,#2296,#3265,.T.);
#2695=EDGE_CURVE('',#2158,#2218,#3266,.T.);
#2696=EDGE_CURVE('',#2237,#2275,#3267,.T.);
#2697=EDGE_CURVE('',#2219,#2236,#3268,.T.);
#2698=EDGE_CURVE('',#2211,#2155,#3269,.T.);
#2699=EDGE_CURVE('',#2227,#2210,#3270,.T.);
#2700=EDGE_CURVE('',#2276,#2233,#3271,.T.);
#2701=EDGE_CURVE('',#2276,#2299,#3272,.T.);
#2702=EDGE_CURVE('',#2299,#2300,#3273,.T.);
#2703=EDGE_CURVE('',#2245,#2300,#3274,.T.);
#2704=EDGE_CURVE('',#2299,#2233,#3275,.T.);
#2705=EDGE_CURVE('',#2300,#2232,#3276,.T.);
#2706=EDGE_CURVE('',#2301,#2275,#3277,.T.);
#2707=EDGE_CURVE('',#2302,#2242,#3278,.T.);
#2708=EDGE_CURVE('',#2301,#2302,#3279,.T.);
#2709=EDGE_CURVE('',#2237,#2301,#3280,.T.);
#2710=EDGE_CURVE('',#2238,#2302,#3281,.T.);
#2711=EDGE_CURVE('',#2196,#2303,#3282,.T.);
#2712=EDGE_CURVE('',#2304,#2303,#3283,.T.);
#2713=EDGE_CURVE('',#2197,#2304,#3284,.T.);
#2714=EDGE_CURVE('',#2209,#2226,#3285,.T.);
#2715=EDGE_CURVE('',#2228,#2304,#3286,.T.);
#2716=EDGE_CURVE('',#2303,#2284,#3287,.T.);
#2717=EDGE_CURVE('',#2169,#2305,#3288,.T.);
#2718=EDGE_CURVE('',#2305,#2283,#3289,.T.);
#2719=EDGE_CURVE('',#2168,#2306,#3290,.T.);
#2720=EDGE_CURVE('',#2306,#2305,#3291,.T.);
#2721=EDGE_CURVE('',#2234,#2220,#3292,.T.);
#2722=EDGE_CURVE('',#2235,#2306,#3293,.T.);
#2723=EDGE_CURVE('',#2154,#2212,#3294,.T.);
#2724=EDGE_CURVE('',#2217,#2159,#3295,.T.);
#2725=EDGE_CURVE('',#2271,#2307,#3296,.T.);
#2726=EDGE_CURVE('',#2307,#2308,#3297,.T.);
#2727=EDGE_CURVE('',#2270,#2308,#3298,.T.);
#2728=EDGE_CURVE('',#2274,#2309,#3299,.T.);
#2729=EDGE_CURVE('',#2309,#2307,#3300,.T.);
#2730=EDGE_CURVE('',#2273,#2310,#3301,.T.);
#2731=EDGE_CURVE('',#2310,#2309,#3302,.T.);
#2732=EDGE_CURVE('',#2272,#2311,#3303,.T.);
#2733=EDGE_CURVE('',#2311,#2310,#3304,.T.);
#2734=EDGE_CURVE('',#2308,#2311,#3305,.T.);
#2735=EDGE_CURVE('',#2312,#2313,#3306,.T.);
#2736=EDGE_CURVE('',#2312,#2314,#3307,.T.);
#2737=EDGE_CURVE('',#2314,#2315,#3308,.T.);
#2738=EDGE_CURVE('',#2315,#2313,#3309,.T.);
#2739=EDGE_CURVE('',#2267,#2316,#3310,.T.);
#2740=EDGE_CURVE('',#2316,#2317,#3311,.T.);
#2741=EDGE_CURVE('',#2266,#2317,#3312,.T.);
#2742=EDGE_CURVE('',#2269,#2318,#3313,.T.);
#2743=EDGE_CURVE('',#2318,#2316,#3314,.T.);
#2744=EDGE_CURVE('',#2268,#2319,#3315,.T.);
#2745=EDGE_CURVE('',#2319,#2318,#3316,.T.);
#2746=EDGE_CURVE('',#2317,#2319,#3317,.T.);
#2747=EDGE_CURVE('',#2320,#2321,#3318,.T.);
#2748=EDGE_CURVE('',#2320,#2322,#3319,.T.);
#2749=EDGE_CURVE('',#2322,#2323,#3320,.T.);
#2750=EDGE_CURVE('',#2323,#2321,#3321,.T.);
#2751=EDGE_CURVE('',#2262,#2324,#3322,.T.);
#2752=EDGE_CURVE('',#2324,#2325,#3323,.T.);
#2753=EDGE_CURVE('',#2261,#2325,#3324,.T.);
#2754=EDGE_CURVE('',#2265,#2326,#3325,.T.);
#2755=EDGE_CURVE('',#2326,#2324,#3326,.T.);
#2756=EDGE_CURVE('',#2264,#2327,#3327,.T.);
#2757=EDGE_CURVE('',#2327,#2326,#3328,.T.);
#2758=EDGE_CURVE('',#2263,#2328,#3329,.T.);
#2759=EDGE_CURVE('',#2328,#2327,#3330,.T.);
#2760=EDGE_CURVE('',#2325,#2328,#3331,.T.);
#2761=EDGE_CURVE('',#2329,#2330,#3332,.T.);
#2762=EDGE_CURVE('',#2329,#2331,#3333,.T.);
#2763=EDGE_CURVE('',#2331,#2332,#3334,.T.);
#2764=EDGE_CURVE('',#2332,#2330,#3335,.T.);
#2765=EDGE_CURVE('',#2257,#2333,#3336,.T.);
#2766=EDGE_CURVE('',#2333,#2334,#3337,.T.);
#2767=EDGE_CURVE('',#2256,#2334,#3338,.T.);
#2768=EDGE_CURVE('',#2260,#2335,#3339,.T.);
#2769=EDGE_CURVE('',#2335,#2333,#3340,.T.);
#2770=EDGE_CURVE('',#2259,#2336,#3341,.T.);
#2771=EDGE_CURVE('',#2336,#2335,#3342,.T.);
#2772=EDGE_CURVE('',#2258,#2337,#3343,.T.);
#2773=EDGE_CURVE('',#2337,#2336,#3344,.T.);
#2774=EDGE_CURVE('',#2334,#2337,#3345,.T.);
#2775=EDGE_CURVE('',#2338,#2339,#3346,.T.);
#2776=EDGE_CURVE('',#2338,#2340,#3347,.T.);
#2777=EDGE_CURVE('',#2340,#2341,#3348,.T.);
#2778=EDGE_CURVE('',#2341,#2339,#3349,.T.);
#2779=EDGE_CURVE('',#2252,#2342,#3350,.T.);
#2780=EDGE_CURVE('',#2342,#2343,#3351,.T.);
#2781=EDGE_CURVE('',#2251,#2343,#3352,.T.);
#2782=EDGE_CURVE('',#2255,#2344,#3353,.T.);
#2783=EDGE_CURVE('',#2344,#2342,#3354,.T.);
#2784=EDGE_CURVE('',#2254,#2345,#3355,.T.);
#2785=EDGE_CURVE('',#2345,#2344,#3356,.T.);
#2786=EDGE_CURVE('',#2253,#2346,#3357,.T.);
#2787=EDGE_CURVE('',#2346,#2345,#3358,.T.);
#2788=EDGE_CURVE('',#2343,#2346,#3359,.T.);
#2789=EDGE_CURVE('',#2347,#2348,#3360,.T.);
#2790=EDGE_CURVE('',#2347,#2349,#3361,.T.);
#2791=EDGE_CURVE('',#2349,#2350,#3362,.T.);
#2792=EDGE_CURVE('',#2350,#2348,#3363,.T.);
#2793=EDGE_CURVE('',#2247,#2351,#3364,.T.);
#2794=EDGE_CURVE('',#2351,#2352,#3365,.T.);
#2795=EDGE_CURVE('',#2246,#2352,#3366,.T.);
#2796=EDGE_CURVE('',#2250,#2353,#3367,.T.);
#2797=EDGE_CURVE('',#2353,#2351,#3368,.T.);
#2798=EDGE_CURVE('',#2249,#2354,#3369,.T.);
#2799=EDGE_CURVE('',#2354,#2353,#3370,.T.);
#2800=EDGE_CURVE('',#2248,#2355,#3371,.T.);
#2801=EDGE_CURVE('',#2355,#2354,#3372,.T.);
#2802=EDGE_CURVE('',#2352,#2355,#3373,.T.);
#2803=EDGE_CURVE('',#2356,#2357,#3374,.T.);
#2804=EDGE_CURVE('',#2356,#2358,#3375,.T.);
#2805=EDGE_CURVE('',#2358,#2359,#3376,.T.);
#2806=EDGE_CURVE('',#2359,#2357,#3377,.T.);
#2807=EDGE_CURVE('',#2360,#2148,#3378,.T.);
#2808=EDGE_CURVE('',#2361,#2146,#3379,.T.);
#2809=EDGE_CURVE('',#2360,#2361,#3380,.T.);
#2810=EDGE_CURVE('',#2362,#2360,#3381,.T.);
#2811=EDGE_CURVE('',#2363,#2361,#3382,.T.);
#2812=EDGE_CURVE('',#2362,#2363,#3383,.T.);
#2813=EDGE_CURVE('',#2149,#2362,#3384,.T.);
#2814=EDGE_CURVE('',#2147,#2363,#3385,.T.);
#2815=EDGE_CURVE('',#2364,#2144,#3386,.T.);
#2816=EDGE_CURVE('',#2365,#2142,#3387,.T.);
#2817=EDGE_CURVE('',#2364,#2365,#3388,.T.);
#2818=EDGE_CURVE('',#2366,#2364,#3389,.T.);
#2819=EDGE_CURVE('',#2367,#2365,#3390,.T.);
#2820=EDGE_CURVE('',#2366,#2367,#3391,.T.);
#2821=EDGE_CURVE('',#2145,#2366,#3392,.T.);
#2822=EDGE_CURVE('',#2143,#2367,#3393,.T.);
#2823=EDGE_CURVE('',#2368,#2369,#3394,.T.);
#2824=EDGE_CURVE('',#2369,#2370,#3395,.T.);
#2825=EDGE_CURVE('',#2371,#2370,#3396,.T.);
#2826=EDGE_CURVE('',#2371,#2368,#3397,.T.);
#2827=EDGE_CURVE('',#2372,#2373,#3398,.T.);
#2828=EDGE_CURVE('',#2373,#2374,#3399,.T.);
#2829=EDGE_CURVE('',#2374,#2375,#3400,.T.);
#2830=EDGE_CURVE('',#2375,#2372,#3401,.T.);
#2831=EDGE_CURVE('',#2376,#2377,#3402,.T.);
#2832=EDGE_CURVE('',#2376,#2378,#3403,.T.);
#2833=EDGE_CURVE('',#2378,#2379,#3404,.T.);
#2834=EDGE_CURVE('',#2377,#2379,#3405,.T.);
#2835=EDGE_CURVE('',#2370,#2376,#3406,.T.);
#2836=EDGE_CURVE('',#2377,#2312,#66,.T.);
#2837=EDGE_CURVE('',#2313,#2371,#67,.T.);
#2838=EDGE_CURVE('',#2378,#2369,#3407,.T.);
#2839=EDGE_CURVE('',#2315,#2368,#68,.T.);
#2840=EDGE_CURVE('',#2379,#2314,#69,.T.);
#2841=EDGE_CURVE('',#2380,#2286,#3408,.T.);
#2842=EDGE_CURVE('',#2381,#2285,#3409,.T.);
#2843=EDGE_CURVE('',#2381,#2380,#3410,.T.);
#2844=EDGE_CURVE('',#2193,#2382,#70,.T.);
#2845=EDGE_CURVE('',#2382,#2383,#3411,.T.);
#2846=EDGE_CURVE('',#2383,#2381,#71,.T.);
#2847=EDGE_CURVE('',#2384,#2380,#72,.T.);
#2848=EDGE_CURVE('',#2385,#2384,#3412,.T.);
#2849=EDGE_CURVE('',#2192,#2385,#73,.T.);
#2850=EDGE_CURVE('',#2382,#2385,#3413,.T.);
#2851=EDGE_CURVE('',#2383,#2384,#3414,.T.);
#2852=EDGE_CURVE('',#2378,#2375,#3415,.T.);
#2853=EDGE_CURVE('',#2372,#2376,#3416,.T.);
#2854=EDGE_CURVE('',#2373,#2370,#3417,.T.);
#2855=EDGE_CURVE('',#2369,#2374,#3418,.T.);
#2856=EDGE_CURVE('',#2386,#2387,#3419,.T.);
#2857=EDGE_CURVE('',#2387,#2388,#3420,.T.);
#2858=EDGE_CURVE('',#2389,#2388,#3421,.T.);
#2859=EDGE_CURVE('',#2389,#2386,#3422,.T.);
#2860=EDGE_CURVE('',#2390,#2391,#3423,.T.);
#2861=EDGE_CURVE('',#2391,#2392,#3424,.T.);
#2862=EDGE_CURVE('',#2392,#2393,#3425,.T.);
#2863=EDGE_CURVE('',#2393,#2390,#3426,.T.);
#2864=EDGE_CURVE('',#2394,#2395,#3427,.T.);
#2865=EDGE_CURVE('',#2394,#2396,#3428,.T.);
#2866=EDGE_CURVE('',#2396,#2397,#3429,.T.);
#2867=EDGE_CURVE('',#2395,#2397,#3430,.T.);
#2868=EDGE_CURVE('',#2388,#2394,#3431,.T.);
#2869=EDGE_CURVE('',#2395,#2320,#74,.T.);
#2870=EDGE_CURVE('',#2321,#2389,#75,.T.);
#2871=EDGE_CURVE('',#2396,#2387,#3432,.T.);
#2872=EDGE_CURVE('',#2323,#2386,#76,.T.);
#2873=EDGE_CURVE('',#2397,#2322,#77,.T.);
#2874=EDGE_CURVE('',#2398,#2288,#3433,.T.);
#2875=EDGE_CURVE('',#2399,#2287,#3434,.T.);
#2876=EDGE_CURVE('',#2399,#2398,#3435,.T.);
#2877=EDGE_CURVE('',#2189,#2400,#78,.T.);
#2878=EDGE_CURVE('',#2400,#2401,#3436,.T.);
#2879=EDGE_CURVE('',#2401,#2399,#79,.T.);
#2880=EDGE_CURVE('',#2402,#2398,#80,.T.);
#2881=EDGE_CURVE('',#2403,#2402,#3437,.T.);
#2882=EDGE_CURVE('',#2188,#2403,#81,.T.);
#2883=EDGE_CURVE('',#2400,#2403,#3438,.T.);
#2884=EDGE_CURVE('',#2401,#2402,#3439,.T.);
#2885=EDGE_CURVE('',#2396,#2393,#3440,.T.);
#2886=EDGE_CURVE('',#2390,#2394,#3441,.T.);
#2887=EDGE_CURVE('',#2391,#2388,#3442,.T.);
#2888=EDGE_CURVE('',#2387,#2392,#3443,.T.);
#2889=EDGE_CURVE('',#2404,#2405,#3444,.T.);
#2890=EDGE_CURVE('',#2405,#2406,#3445,.T.);
#2891=EDGE_CURVE('',#2407,#2406,#3446,.T.);
#2892=EDGE_CURVE('',#2407,#2404,#3447,.T.);
#2893=EDGE_CURVE('',#2408,#2409,#3448,.T.);
#2894=EDGE_CURVE('',#2409,#2410,#3449,.T.);
#2895=EDGE_CURVE('',#2410,#2411,#3450,.T.);
#2896=EDGE_CURVE('',#2411,#2408,#3451,.T.);
#2897=EDGE_CURVE('',#2412,#2413,#3452,.T.);
#2898=EDGE_CURVE('',#2412,#2414,#3453,.T.);
#2899=EDGE_CURVE('',#2414,#2415,#3454,.T.);
#2900=EDGE_CURVE('',#2413,#2415,#3455,.T.);
#2901=EDGE_CURVE('',#2406,#2412,#3456,.T.);
#2902=EDGE_CURVE('',#2413,#2329,#82,.T.);
#2903=EDGE_CURVE('',#2330,#2407,#83,.T.);
#2904=EDGE_CURVE('',#2414,#2405,#3457,.T.);
#2905=EDGE_CURVE('',#2332,#2404,#84,.T.);
#2906=EDGE_CURVE('',#2415,#2331,#85,.T.);
#2907=EDGE_CURVE('',#2416,#2290,#3458,.T.);
#2908=EDGE_CURVE('',#2417,#2289,#3459,.T.);
#2909=EDGE_CURVE('',#2417,#2416,#3460,.T.);
#2910=EDGE_CURVE('',#2185,#2418,#86,.T.);
#2911=EDGE_CURVE('',#2418,#2419,#3461,.T.);
#2912=EDGE_CURVE('',#2419,#2417,#87,.T.);
#2913=EDGE_CURVE('',#2420,#2416,#88,.T.);
#2914=EDGE_CURVE('',#2421,#2420,#3462,.T.);
#2915=EDGE_CURVE('',#2184,#2421,#89,.T.);
#2916=EDGE_CURVE('',#2418,#2421,#3463,.T.);
#2917=EDGE_CURVE('',#2419,#2420,#3464,.T.);
#2918=EDGE_CURVE('',#2414,#2411,#3465,.T.);
#2919=EDGE_CURVE('',#2408,#2412,#3466,.T.);
#2920=EDGE_CURVE('',#2409,#2406,#3467,.T.);
#2921=EDGE_CURVE('',#2405,#2410,#3468,.T.);
#2922=EDGE_CURVE('',#2422,#2423,#3469,.T.);
#2923=EDGE_CURVE('',#2423,#2424,#3470,.T.);
#2924=EDGE_CURVE('',#2425,#2424,#3471,.T.);
#2925=EDGE_CURVE('',#2425,#2422,#3472,.T.);
#2926=EDGE_CURVE('',#2426,#2427,#3473,.T.);
#2927=EDGE_CURVE('',#2427,#2428,#3474,.T.);
#2928=EDGE_CURVE('',#2428,#2429,#3475,.T.);
#2929=EDGE_CURVE('',#2429,#2426,#3476,.T.);
#2930=EDGE_CURVE('',#2430,#2431,#3477,.T.);
#2931=EDGE_CURVE('',#2430,#2432,#3478,.T.);
#2932=EDGE_CURVE('',#2432,#2433,#3479,.T.);
#2933=EDGE_CURVE('',#2431,#2433,#3480,.T.);
#2934=EDGE_CURVE('',#2424,#2430,#3481,.T.);
#2935=EDGE_CURVE('',#2431,#2338,#90,.T.);
#2936=EDGE_CURVE('',#2339,#2425,#91,.T.);
#2937=EDGE_CURVE('',#2432,#2423,#3482,.T.);
#2938=EDGE_CURVE('',#2341,#2422,#92,.T.);
#2939=EDGE_CURVE('',#2433,#2340,#93,.T.);
#2940=EDGE_CURVE('',#2434,#2292,#3483,.T.);
#2941=EDGE_CURVE('',#2435,#2291,#3484,.T.);
#2942=EDGE_CURVE('',#2435,#2434,#3485,.T.);
#2943=EDGE_CURVE('',#2181,#2436,#94,.T.);
#2944=EDGE_CURVE('',#2436,#2437,#3486,.T.);
#2945=EDGE_CURVE('',#2437,#2435,#95,.T.);
#2946=EDGE_CURVE('',#2438,#2434,#96,.T.);
#2947=EDGE_CURVE('',#2439,#2438,#3487,.T.);
#2948=EDGE_CURVE('',#2180,#2439,#97,.T.);
#2949=EDGE_CURVE('',#2436,#2439,#3488,.T.);
#2950=EDGE_CURVE('',#2437,#2438,#3489,.T.);
#2951=EDGE_CURVE('',#2432,#2429,#3490,.T.);
#2952=EDGE_CURVE('',#2426,#2430,#3491,.T.);
#2953=EDGE_CURVE('',#2427,#2424,#3492,.T.);
#2954=EDGE_CURVE('',#2423,#2428,#3493,.T.);
#2955=EDGE_CURVE('',#2440,#2441,#3494,.T.);
#2956=EDGE_CURVE('',#2441,#2442,#3495,.T.);
#2957=EDGE_CURVE('',#2443,#2442,#3496,.T.);
#2958=EDGE_CURVE('',#2443,#2440,#3497,.T.);
#2959=EDGE_CURVE('',#2444,#2445,#3498,.T.);
#2960=EDGE_CURVE('',#2445,#2446,#3499,.T.);
#2961=EDGE_CURVE('',#2446,#2447,#3500,.T.);
#2962=EDGE_CURVE('',#2447,#2444,#3501,.T.);
#2963=EDGE_CURVE('',#2448,#2449,#3502,.T.);
#2964=EDGE_CURVE('',#2448,#2450,#3503,.T.);
#2965=EDGE_CURVE('',#2450,#2451,#3504,.T.);
#2966=EDGE_CURVE('',#2449,#2451,#3505,.T.);
#2967=EDGE_CURVE('',#2442,#2448,#3506,.T.);
#2968=EDGE_CURVE('',#2449,#2347,#98,.T.);
#2969=EDGE_CURVE('',#2348,#2443,#99,.T.);
#2970=EDGE_CURVE('',#2450,#2441,#3507,.T.);
#2971=EDGE_CURVE('',#2350,#2440,#100,.T.);
#2972=EDGE_CURVE('',#2451,#2349,#101,.T.);
#2973=EDGE_CURVE('',#2452,#2294,#3508,.T.);
#2974=EDGE_CURVE('',#2453,#2293,#3509,.T.);
#2975=EDGE_CURVE('',#2453,#2452,#3510,.T.);
#2976=EDGE_CURVE('',#2177,#2454,#102,.T.);
#2977=EDGE_CURVE('',#2454,#2455,#3511,.T.);
#2978=EDGE_CURVE('',#2455,#2453,#103,.T.);
#2979=EDGE_CURVE('',#2456,#2452,#104,.T.);
#2980=EDGE_CURVE('',#2457,#2456,#3512,.T.);
#2981=EDGE_CURVE('',#2176,#2457,#105,.T.);
#2982=EDGE_CURVE('',#2454,#2457,#3513,.T.);
#2983=EDGE_CURVE('',#2455,#2456,#3514,.T.);
#2984=EDGE_CURVE('',#2450,#2447,#3515,.T.);
#2985=EDGE_CURVE('',#2444,#2448,#3516,.T.);
#2986=EDGE_CURVE('',#2445,#2442,#3517,.T.);
#2987=EDGE_CURVE('',#2441,#2446,#3518,.T.);
#2988=EDGE_CURVE('',#2458,#2459,#3519,.T.);
#2989=EDGE_CURVE('',#2459,#2460,#3520,.T.);
#2990=EDGE_CURVE('',#2461,#2460,#3521,.T.);
#2991=EDGE_CURVE('',#2461,#2458,#3522,.T.);
#2992=EDGE_CURVE('',#2462,#2463,#3523,.T.);
#2993=EDGE_CURVE('',#2463,#2464,#3524,.T.);
#2994=EDGE_CURVE('',#2464,#2465,#3525,.T.);
#2995=EDGE_CURVE('',#2465,#2462,#3526,.T.);
#2996=EDGE_CURVE('',#2466,#2467,#3527,.T.);
#2997=EDGE_CURVE('',#2466,#2468,#3528,.T.);
#2998=EDGE_CURVE('',#2468,#2469,#3529,.T.);
#2999=EDGE_CURVE('',#2467,#2469,#3530,.T.);
#3000=EDGE_CURVE('',#2460,#2466,#3531,.T.);
#3001=EDGE_CURVE('',#2467,#2356,#106,.T.);
#3002=EDGE_CURVE('',#2357,#2461,#107,.T.);
#3003=EDGE_CURVE('',#2468,#2459,#3532,.T.);
#3004=EDGE_CURVE('',#2359,#2458,#108,.T.);
#3005=EDGE_CURVE('',#2469,#2358,#109,.T.);
#3006=EDGE_CURVE('',#2470,#2282,#3533,.T.);
#3007=EDGE_CURVE('',#2471,#2281,#3534,.T.);
#3008=EDGE_CURVE('',#2471,#2470,#3535,.T.);
#3009=EDGE_CURVE('',#2173,#2472,#110,.T.);
#3010=EDGE_CURVE('',#2472,#2473,#3536,.T.);
#3011=EDGE_CURVE('',#2473,#2471,#111,.T.);
#3012=EDGE_CURVE('',#2474,#2470,#112,.T.);
#3013=EDGE_CURVE('',#2475,#2474,#3537,.T.);
#3014=EDGE_CURVE('',#2172,#2475,#113,.T.);
#3015=EDGE_CURVE('',#2472,#2475,#3538,.T.);
#3016=EDGE_CURVE('',#2473,#2474,#3539,.T.);
#3017=EDGE_CURVE('',#2468,#2465,#3540,.T.);
#3018=EDGE_CURVE('',#2462,#2466,#3541,.T.);
#3019=EDGE_CURVE('',#2463,#2460,#3542,.T.);
#3020=EDGE_CURVE('',#2459,#2464,#3543,.T.);
#3021=EDGE_CURVE('',#2223,#2476,#114,.T.);
#3022=EDGE_CURVE('',#2476,#2477,#3544,.T.);
#3023=EDGE_CURVE('',#2224,#2477,#115,.T.);
#3024=EDGE_CURVE('',#2478,#2479,#3545,.T.);
#3025=EDGE_CURVE('',#2480,#2478,#3546,.T.);
#3026=EDGE_CURVE('',#2480,#2481,#3547,.T.);
#3027=EDGE_CURVE('',#2481,#2479,#3548,.T.);
#3028=EDGE_CURVE('',#2479,#2482,#3549,.T.);
#3029=EDGE_CURVE('',#2481,#2483,#3550,.T.);
#3030=EDGE_CURVE('',#2483,#2482,#3551,.T.);
#3031=EDGE_CURVE('',#2483,#2165,#116,.T.);
#3032=EDGE_CURVE('',#2482,#2164,#117,.T.);
#3033=EDGE_CURVE('',#2477,#2478,#3552,.T.);
#3034=EDGE_CURVE('',#2476,#2480,#3553,.T.);
#3035=EDGE_CURVE('',#2205,#2484,#118,.T.);
#3036=EDGE_CURVE('',#2484,#2485,#3554,.T.);
#3037=EDGE_CURVE('',#2206,#2485,#119,.T.);
#3038=EDGE_CURVE('',#2486,#2201,#120,.T.);
#3039=EDGE_CURVE('',#2487,#2200,#121,.T.);
#3040=EDGE_CURVE('',#2486,#2487,#3555,.T.);
#3041=EDGE_CURVE('',#2488,#2486,#3556,.T.);
#3042=EDGE_CURVE('',#2489,#2487,#3557,.T.);
#3043=EDGE_CURVE('',#2488,#2489,#3558,.T.);
#3044=EDGE_CURVE('',#2490,#2488,#3559,.T.);
#3045=EDGE_CURVE('',#2491,#2489,#3560,.T.);
#3046=EDGE_CURVE('',#2490,#2491,#3561,.T.);
#3047=EDGE_CURVE('',#2484,#2490,#3562,.T.);
#3048=EDGE_CURVE('',#2485,#2491,#3563,.T.);
#3049=EDGE_CURVE('',#2214,#2492,#3564,.T.);
#3050=EDGE_CURVE('',#2492,#2493,#3565,.T.);
#3051=EDGE_CURVE('',#2216,#2493,#3566,.T.);
#3052=EDGE_CURVE('',#2494,#2495,#3567,.T.);
#3053=EDGE_CURVE('',#2496,#2494,#3568,.T.);
#3054=EDGE_CURVE('',#2496,#2497,#3569,.T.);
#3055=EDGE_CURVE('',#2497,#2495,#3570,.T.);
#3056=EDGE_CURVE('',#2495,#2498,#3571,.T.);
#3057=EDGE_CURVE('',#2497,#2499,#3572,.T.);
#3058=EDGE_CURVE('',#2499,#2498,#3573,.T.);
#3059=EDGE_CURVE('',#2499,#2161,#122,.T.);
#3060=EDGE_CURVE('',#2498,#2160,#123,.T.);
#3061=EDGE_CURVE('',#2493,#2500,#124,.T.);
#3062=EDGE_CURVE('',#2492,#2501,#125,.T.);
#3063=EDGE_CURVE('',#2501,#2500,#3574,.T.);
#3064=EDGE_CURVE('',#2500,#2494,#3575,.T.);
#3065=EDGE_CURVE('',#2501,#2496,#3576,.T.);
#3066=EDGE_CURVE('',#2502,#2213,#3577,.T.);
#3067=EDGE_CURVE('',#2503,#2502,#3578,.T.);
#3068=EDGE_CURVE('',#2503,#2203,#3579,.T.);
#3069=EDGE_CURVE('',#2153,#2504,#126,.T.);
#3070=EDGE_CURVE('',#2152,#2505,#127,.T.);
#3071=EDGE_CURVE('',#2505,#2504,#3580,.T.);
#3072=EDGE_CURVE('',#2504,#2506,#3581,.T.);
#3073=EDGE_CURVE('',#2505,#2507,#3582,.T.);
#3074=EDGE_CURVE('',#2507,#2506,#3583,.T.);
#3075=EDGE_CURVE('',#2506,#2508,#3584,.T.);
#3076=EDGE_CURVE('',#2507,#2509,#3585,.T.);
#3077=EDGE_CURVE('',#2509,#2508,#3586,.T.);
#3078=EDGE_CURVE('',#2508,#2510,#3587,.T.);
#3079=EDGE_CURVE('',#2509,#2511,#3588,.T.);
#3080=EDGE_CURVE('',#2511,#2510,#3589,.T.);
#3081=EDGE_CURVE('',#2510,#2502,#128,.T.);
#3082=EDGE_CURVE('',#2511,#2503,#129,.T.);
#3083=LINE('',#5454,#3590);
#3084=LINE('',#5457,#3591);
#3085=LINE('',#5459,#3592);
#3086=LINE('',#5461,#3593);
#3087=LINE('',#5462,#3594);
#3088=LINE('',#5465,#3595);
#3089=LINE('',#5467,#3596);
#3090=LINE('',#5469,#3597);
#3091=LINE('',#5470,#3598);
#3092=LINE('',#5473,#3599);
#3093=LINE('',#5475,#3600);
#3094=LINE('',#5477,#3601);
#3095=LINE('',#5479,#3602);
#3096=LINE('',#5481,#3603);
#3097=LINE('',#5483,#3604);
#3098=LINE('',#5485,#3605);
#3099=LINE('',#5487,#3606);
#3100=LINE('',#5489,#3607);
#3101=LINE('',#5491,#3608);
#3102=LINE('',#5493,#3609);
#3103=LINE('',#5495,#3610);
#3104=LINE('',#5497,#3611);
#3105=LINE('',#5499,#3612);
#3106=LINE('',#5501,#3613);
#3107=LINE('',#5503,#3614);
#3108=LINE('',#5505,#3615);
#3109=LINE('',#5507,#3616);
#3110=LINE('',#5509,#3617);
#3111=LINE('',#5511,#3618);
#3112=LINE('',#5513,#3619);
#3113=LINE('',#5515,#3620);
#3114=LINE('',#5517,#3621);
#3115=LINE('',#5519,#3622);
#3116=LINE('',#5521,#3623);
#3117=LINE('',#5523,#3624);
#3118=LINE('',#5525,#3625);
#3119=LINE('',#5527,#3626);
#3120=LINE('',#5529,#3627);
#3121=LINE('',#5531,#3628);
#3122=LINE('',#5533,#3629);
#3123=LINE('',#5535,#3630);
#3124=LINE('',#5537,#3631);
#3125=LINE('',#5539,#3632);
#3126=LINE('',#5541,#3633);
#3127=LINE('',#5543,#3634);
#3128=LINE('',#5545,#3635);
#3129=LINE('',#5547,#3636);
#3130=LINE('',#5549,#3637);
#3131=LINE('',#5551,#3638);
#3132=LINE('',#5553,#3639);
#3133=LINE('',#5555,#3640);
#3134=LINE('',#5557,#3641);
#3135=LINE('',#5559,#3642);
#3136=LINE('',#5561,#3643);
#3137=LINE('',#5563,#3644);
#3138=LINE('',#5565,#3645);
#3139=LINE('',#5567,#3646);
#3140=LINE('',#5569,#3647);
#3141=LINE('',#5571,#3648);
#3142=LINE('',#5573,#3649);
#3143=LINE('',#5575,#3650);
#3144=LINE('',#5578,#3651);
#3145=LINE('',#5580,#3652);
#3146=LINE('',#5582,#3653);
#3147=LINE('',#5584,#3654);
#3148=LINE('',#5586,#3655);
#3149=LINE('',#5588,#3656);
#3150=LINE('',#5590,#3657);
#3151=LINE('',#5592,#3658);
#3152=LINE('',#5594,#3659);
#3153=LINE('',#5596,#3660);
#3154=LINE('',#5598,#3661);
#3155=LINE('',#5600,#3662);
#3156=LINE('',#5601,#3663);
#3157=LINE('',#5603,#3664);
#3158=LINE('',#5606,#3665);
#3159=LINE('',#5608,#3666);
#3160=LINE('',#5610,#3667);
#3161=LINE('',#5612,#3668);
#3162=LINE('',#5614,#3669);
#3163=LINE('',#5616,#3670);
#3164=LINE('',#5618,#3671);
#3165=LINE('',#5620,#3672);
#3166=LINE('',#5622,#3673);
#3167=LINE('',#5624,#3674);
#3168=LINE('',#5626,#3675);
#3169=LINE('',#5628,#3676);
#3170=LINE('',#5629,#3677);
#3171=LINE('',#5631,#3678);
#3172=LINE('',#5632,#3679);
#3173=LINE('',#5634,#3680);
#3174=LINE('',#5635,#3681);
#3175=LINE('',#5637,#3682);
#3176=LINE('',#5640,#3683);
#3177=LINE('',#5642,#3684);
#3178=LINE('',#5644,#3685);
#3179=LINE('',#5646,#3686);
#3180=LINE('',#5648,#3687);
#3181=LINE('',#5650,#3688);
#3182=LINE('',#5652,#3689);
#3183=LINE('',#5654,#3690);
#3184=LINE('',#5657,#3691);
#3185=LINE('',#5659,#3692);
#3186=LINE('',#5661,#3693);
#3187=LINE('',#5663,#3694);
#3188=LINE('',#5665,#3695);
#3189=LINE('',#5667,#3696);
#3190=LINE('',#5669,#3697);
#3191=LINE('',#5671,#3698);
#3192=LINE('',#5673,#3699);
#3193=LINE('',#5675,#3700);
#3194=LINE('',#5677,#3701);
#3195=LINE('',#5680,#3702);
#3196=LINE('',#5681,#3703);
#3197=LINE('',#5683,#3704);
#3198=LINE('',#5686,#3705);
#3199=LINE('',#5688,#3706);
#3200=LINE('',#5690,#3707);
#3201=LINE('',#5692,#3708);
#3202=LINE('',#5693,#3709);
#3203=LINE('',#5696,#3710);
#3204=LINE('',#5698,#3711);
#3205=LINE('',#5700,#3712);
#3206=LINE('',#5702,#3713);
#3207=LINE('',#5703,#3714);
#3208=LINE('',#5706,#3715);
#3209=LINE('',#5708,#3716);
#3210=LINE('',#5710,#3717);
#3211=LINE('',#5712,#3718);
#3212=LINE('',#5713,#3719);
#3213=LINE('',#5716,#3720);
#3214=LINE('',#5718,#3721);
#3215=LINE('',#5720,#3722);
#3216=LINE('',#5722,#3723);
#3217=LINE('',#5723,#3724);
#3218=LINE('',#5726,#3725);
#3219=LINE('',#5728,#3726);
#3220=LINE('',#5730,#3727);
#3221=LINE('',#5731,#3728);
#3222=LINE('',#5734,#3729);
#3223=LINE('',#5736,#3730);
#3224=LINE('',#5738,#3731);
#3225=LINE('',#5740,#3732);
#3226=LINE('',#5741,#3733);
#3227=LINE('',#5742,#3734);
#3228=LINE('',#5744,#3735);
#3229=LINE('',#5745,#3736);
#3230=LINE('',#5747,#3737);
#3231=LINE('',#5749,#3738);
#3232=LINE('',#5750,#3739);
#3233=LINE('',#5753,#3740);
#3234=LINE('',#5755,#3741);
#3235=LINE('',#5757,#3742);
#3236=LINE('',#5759,#3743);
#3237=LINE('',#5761,#3744);
#3238=LINE('',#5763,#3745);
#3239=LINE('',#5764,#3746);
#3240=LINE('',#5766,#3747);
#3241=LINE('',#5767,#3748);
#3242=LINE('',#5769,#3749);
#3243=LINE('',#5770,#3750);
#3244=LINE('',#5772,#3751);
#3245=LINE('',#5774,#3752);
#3246=LINE('',#5775,#3753);
#3247=LINE('',#5777,#3754);
#3248=LINE('',#5779,#3755);
#3249=LINE('',#5780,#3756);
#3250=LINE('',#5782,#3757);
#3251=LINE('',#5784,#3758);
#3252=LINE('',#5785,#3759);
#3253=LINE('',#5787,#3760);
#3254=LINE('',#5789,#3761);
#3255=LINE('',#5790,#3762);
#3256=LINE('',#5792,#3763);
#3257=LINE('',#5794,#3764);
#3258=LINE('',#5796,#3765);
#3259=LINE('',#5798,#3766);
#3260=LINE('',#5800,#3767);
#3261=LINE('',#5802,#3768);
#3262=LINE('',#5804,#3769);
#3263=LINE('',#5806,#3770);
#3264=LINE('',#5808,#3771);
#3265=LINE('',#5809,#3772);
#3266=LINE('',#5813,#3773);
#3267=LINE('',#5814,#3774);
#3268=LINE('',#5815,#3775);
#3269=LINE('',#5817,#3776);
#3270=LINE('',#5818,#3777);
#3271=LINE('',#5819,#3778);
#3272=LINE('',#5821,#3779);
#3273=LINE('',#5823,#3780);
#3274=LINE('',#5825,#3781);
#3275=LINE('',#5827,#3782);
#3276=LINE('',#5828,#3783);
#3277=LINE('',#5832,#3784);
#3278=LINE('',#5834,#3785);
#3279=LINE('',#5836,#3786);
#3280=LINE('',#5838,#3787);
#3281=LINE('',#5839,#3788);
#3282=LINE('',#5843,#3789);
#3283=LINE('',#5845,#3790);
#3284=LINE('',#5847,#3791);
#3285=LINE('',#5849,#3792);
#3286=LINE('',#5850,#3793);
#3287=LINE('',#5852,#3794);
#3288=LINE('',#5855,#3795);
#3289=LINE('',#5857,#3796);
#3290=LINE('',#5859,#3797);
#3291=LINE('',#5861,#3798);
#3292=LINE('',#5863,#3799);
#3293=LINE('',#5864,#3800);
#3294=LINE('',#5867,#3801);
#3295=LINE('',#5870,#3802);
#3296=LINE('',#5873,#3803);
#3297=LINE('',#5875,#3804);
#3298=LINE('',#5877,#3805);
#3299=LINE('',#5879,#3806);
#3300=LINE('',#5881,#3807);
#3301=LINE('',#5883,#3808);
#3302=LINE('',#5885,#3809);
#3303=LINE('',#5887,#3810);
#3304=LINE('',#5889,#3811);
#3305=LINE('',#5891,#3812);
#3306=LINE('',#5893,#3813);
#3307=LINE('',#5896,#3814);
#3308=LINE('',#5898,#3815);
#3309=LINE('',#5900,#3816);
#3310=LINE('',#5902,#3817);
#3311=LINE('',#5904,#3818);
#3312=LINE('',#5906,#3819);
#3313=LINE('',#5908,#3820);
#3314=LINE('',#5910,#3821);
#3315=LINE('',#5912,#3822);
#3316=LINE('',#5914,#3823);
#3317=LINE('',#5916,#3824);
#3318=LINE('',#5918,#3825);
#3319=LINE('',#5921,#3826);
#3320=LINE('',#5923,#3827);
#3321=LINE('',#5925,#3828);
#3322=LINE('',#5927,#3829);
#3323=LINE('',#5929,#3830);
#3324=LINE('',#5931,#3831);
#3325=LINE('',#5933,#3832);
#3326=LINE('',#5935,#3833);
#3327=LINE('',#5937,#3834);
#3328=LINE('',#5939,#3835);
#3329=LINE('',#5941,#3836);
#3330=LINE('',#5943,#3837);
#3331=LINE('',#5945,#3838);
#3332=LINE('',#5947,#3839);
#3333=LINE('',#5950,#3840);
#3334=LINE('',#5952,#3841);
#3335=LINE('',#5954,#3842);
#3336=LINE('',#5956,#3843);
#3337=LINE('',#5958,#3844);
#3338=LINE('',#5960,#3845);
#3339=LINE('',#5962,#3846);
#3340=LINE('',#5964,#3847);
#3341=LINE('',#5966,#3848);
#3342=LINE('',#5968,#3849);
#3343=LINE('',#5970,#3850);
#3344=LINE('',#5972,#3851);
#3345=LINE('',#5974,#3852);
#3346=LINE('',#5976,#3853);
#3347=LINE('',#5979,#3854);
#3348=LINE('',#5981,#3855);
#3349=LINE('',#5983,#3856);
#3350=LINE('',#5985,#3857);
#3351=LINE('',#5987,#3858);
#3352=LINE('',#5989,#3859);
#3353=LINE('',#5991,#3860);
#3354=LINE('',#5993,#3861);
#3355=LINE('',#5995,#3862);
#3356=LINE('',#5997,#3863);
#3357=LINE('',#5999,#3864);
#3358=LINE('',#6001,#3865);
#3359=LINE('',#6003,#3866);
#3360=LINE('',#6005,#3867);
#3361=LINE('',#6008,#3868);
#3362=LINE('',#6010,#3869);
#3363=LINE('',#6012,#3870);
#3364=LINE('',#6014,#3871);
#3365=LINE('',#6016,#3872);
#3366=LINE('',#6018,#3873);
#3367=LINE('',#6020,#3874);
#3368=LINE('',#6022,#3875);
#3369=LINE('',#6024,#3876);
#3370=LINE('',#6026,#3877);
#3371=LINE('',#6028,#3878);
#3372=LINE('',#6030,#3879);
#3373=LINE('',#6032,#3880);
#3374=LINE('',#6034,#3881);
#3375=LINE('',#6037,#3882);
#3376=LINE('',#6039,#3883);
#3377=LINE('',#6041,#3884);
#3378=LINE('',#6043,#3885);
#3379=LINE('',#6045,#3886);
#3380=LINE('',#6047,#3887);
#3381=LINE('',#6049,#3888);
#3382=LINE('',#6051,#3889);
#3383=LINE('',#6053,#3890);
#3384=LINE('',#6055,#3891);
#3385=LINE('',#6056,#3892);
#3386=LINE('',#6060,#3893);
#3387=LINE('',#6062,#3894);
#3388=LINE('',#6064,#3895);
#3389=LINE('',#6066,#3896);
#3390=LINE('',#6068,#3897);
#3391=LINE('',#6070,#3898);
#3392=LINE('',#6072,#3899);
#3393=LINE('',#6073,#3900);
#3394=LINE('',#6077,#3901);
#3395=LINE('',#6080,#3902);
#3396=LINE('',#6082,#3903);
#3397=LINE('',#6084,#3904);
#3398=LINE('',#6086,#3905);
#3399=LINE('',#6089,#3906);
#3400=LINE('',#6091,#3907);
#3401=LINE('',#6093,#3908);
#3402=LINE('',#6095,#3909);
#3403=LINE('',#6098,#3910);
#3404=LINE('',#6100,#3911);
#3405=LINE('',#6102,#3912);
#3406=LINE('',#6104,#3913);
#3407=LINE('',#6108,#3914);
#3408=LINE('',#6114,#3915);
#3409=LINE('',#6116,#3916);
#3410=LINE('',#6118,#3917);
#3411=LINE('',#6122,#3918);
#3412=LINE('',#6128,#3919);
#3413=LINE('',#6132,#3920);
#3414=LINE('',#6134,#3921);
#3415=LINE('',#6137,#3922);
#3416=LINE('',#6138,#3923);
#3417=LINE('',#6140,#3924);
#3418=LINE('',#6142,#3925);
#3419=LINE('',#6145,#3926);
#3420=LINE('',#6148,#3927);
#3421=LINE('',#6150,#3928);
#3422=LINE('',#6152,#3929);
#3423=LINE('',#6154,#3930);
#3424=LINE('',#6157,#3931);
#3425=LINE('',#6159,#3932);
#3426=LINE('',#6161,#3933);
#3427=LINE('',#6163,#3934);
#3428=LINE('',#6166,#3935);
#3429=LINE('',#6168,#3936);
#3430=LINE('',#6170,#3937);
#3431=LINE('',#6172,#3938);
#3432=LINE('',#6176,#3939);
#3433=LINE('',#6182,#3940);
#3434=LINE('',#6184,#3941);
#3435=LINE('',#6186,#3942);
#3436=LINE('',#6190,#3943);
#3437=LINE('',#6196,#3944);
#3438=LINE('',#6200,#3945);
#3439=LINE('',#6202,#3946);
#3440=LINE('',#6205,#3947);
#3441=LINE('',#6206,#3948);
#3442=LINE('',#6208,#3949);
#3443=LINE('',#6210,#3950);
#3444=LINE('',#6213,#3951);
#3445=LINE('',#6216,#3952);
#3446=LINE('',#6218,#3953);
#3447=LINE('',#6220,#3954);
#3448=LINE('',#6222,#3955);
#3449=LINE('',#6225,#3956);
#3450=LINE('',#6227,#3957);
#3451=LINE('',#6229,#3958);
#3452=LINE('',#6231,#3959);
#3453=LINE('',#6234,#3960);
#3454=LINE('',#6236,#3961);
#3455=LINE('',#6238,#3962);
#3456=LINE('',#6240,#3963);
#3457=LINE('',#6244,#3964);
#3458=LINE('',#6250,#3965);
#3459=LINE('',#6252,#3966);
#3460=LINE('',#6254,#3967);
#3461=LINE('',#6258,#3968);
#3462=LINE('',#6264,#3969);
#3463=LINE('',#6268,#3970);
#3464=LINE('',#6270,#3971);
#3465=LINE('',#6273,#3972);
#3466=LINE('',#6274,#3973);
#3467=LINE('',#6276,#3974);
#3468=LINE('',#6278,#3975);
#3469=LINE('',#6281,#3976);
#3470=LINE('',#6284,#3977);
#3471=LINE('',#6286,#3978);
#3472=LINE('',#6288,#3979);
#3473=LINE('',#6290,#3980);
#3474=LINE('',#6293,#3981);
#3475=LINE('',#6295,#3982);
#3476=LINE('',#6297,#3983);
#3477=LINE('',#6299,#3984);
#3478=LINE('',#6302,#3985);
#3479=LINE('',#6304,#3986);
#3480=LINE('',#6306,#3987);
#3481=LINE('',#6308,#3988);
#3482=LINE('',#6312,#3989);
#3483=LINE('',#6318,#3990);
#3484=LINE('',#6320,#3991);
#3485=LINE('',#6322,#3992);
#3486=LINE('',#6326,#3993);
#3487=LINE('',#6332,#3994);
#3488=LINE('',#6336,#3995);
#3489=LINE('',#6338,#3996);
#3490=LINE('',#6341,#3997);
#3491=LINE('',#6342,#3998);
#3492=LINE('',#6344,#3999);
#3493=LINE('',#6346,#4000);
#3494=LINE('',#6349,#4001);
#3495=LINE('',#6352,#4002);
#3496=LINE('',#6354,#4003);
#3497=LINE('',#6356,#4004);
#3498=LINE('',#6358,#4005);
#3499=LINE('',#6361,#4006);
#3500=LINE('',#6363,#4007);
#3501=LINE('',#6365,#4008);
#3502=LINE('',#6367,#4009);
#3503=LINE('',#6370,#4010);
#3504=LINE('',#6372,#4011);
#3505=LINE('',#6374,#4012);
#3506=LINE('',#6376,#4013);
#3507=LINE('',#6380,#4014);
#3508=LINE('',#6386,#4015);
#3509=LINE('',#6388,#4016);
#3510=LINE('',#6390,#4017);
#3511=LINE('',#6394,#4018);
#3512=LINE('',#6400,#4019);
#3513=LINE('',#6404,#4020);
#3514=LINE('',#6406,#4021);
#3515=LINE('',#6409,#4022);
#3516=LINE('',#6410,#4023);
#3517=LINE('',#6412,#4024);
#3518=LINE('',#6414,#4025);
#3519=LINE('',#6417,#4026);
#3520=LINE('',#6420,#4027);
#3521=LINE('',#6422,#4028);
#3522=LINE('',#6424,#4029);
#3523=LINE('',#6426,#4030);
#3524=LINE('',#6429,#4031);
#3525=LINE('',#6431,#4032);
#3526=LINE('',#6433,#4033);
#3527=LINE('',#6435,#4034);
#3528=LINE('',#6438,#4035);
#3529=LINE('',#6440,#4036);
#3530=LINE('',#6442,#4037);
#3531=LINE('',#6444,#4038);
#3532=LINE('',#6448,#4039);
#3533=LINE('',#6454,#4040);
#3534=LINE('',#6456,#4041);
#3535=LINE('',#6458,#4042);
#3536=LINE('',#6462,#4043);
#3537=LINE('',#6468,#4044);
#3538=LINE('',#6472,#4045);
#3539=LINE('',#6474,#4046);
#3540=LINE('',#6477,#4047);
#3541=LINE('',#6478,#4048);
#3542=LINE('',#6480,#4049);
#3543=LINE('',#6482,#4050);
#3544=LINE('',#6487,#4051);
#3545=LINE('',#6491,#4052);
#3546=LINE('',#6494,#4053);
#3547=LINE('',#6496,#4054);
#3548=LINE('',#6498,#4055);
#3549=LINE('',#6500,#4056);
#3550=LINE('',#6502,#4057);
#3551=LINE('',#6504,#4058);
#3552=LINE('',#6509,#4059);
#3553=LINE('',#6510,#4060);
#3554=LINE('',#6516,#4061);
#3555=LINE('',#6524,#4062);
#3556=LINE('',#6526,#4063);
#3557=LINE('',#6528,#4064);
#3558=LINE('',#6530,#4065);
#3559=LINE('',#6532,#4066);
#3560=LINE('',#6534,#4067);
#3561=LINE('',#6536,#4068);
#3562=LINE('',#6538,#4069);
#3563=LINE('',#6539,#4070);
#3564=LINE('',#6543,#4071);
#3565=LINE('',#6545,#4072);
#3566=LINE('',#6547,#4073);
#3567=LINE('',#6549,#4074);
#3568=LINE('',#6552,#4075);
#3569=LINE('',#6554,#4076);
#3570=LINE('',#6556,#4077);
#3571=LINE('',#6558,#4078);
#3572=LINE('',#6560,#4079);
#3573=LINE('',#6562,#4080);
#3574=LINE('',#6571,#4081);
#3575=LINE('',#6573,#4082);
#3576=LINE('',#6574,#4083);
#3577=LINE('',#6578,#4084);
#3578=LINE('',#6580,#4085);
#3579=LINE('',#6582,#4086);
#3580=LINE('',#6588,#4087);
#3581=LINE('',#6590,#4088);
#3582=LINE('',#6592,#4089);
#3583=LINE('',#6594,#4090);
#3584=LINE('',#6596,#4091);
#3585=LINE('',#6598,#4092);
#3586=LINE('',#6600,#4093);
#3587=LINE('',#6602,#4094);
#3588=LINE('',#6604,#4095);
#3589=LINE('',#6606,#4096);
#3590=VECTOR('',#4382,1.);
#3591=VECTOR('',#4383,1.);
#3592=VECTOR('',#4384,1.);
#3593=VECTOR('',#4385,1.);
#3594=VECTOR('',#4386,1.);
#3595=VECTOR('',#4387,1.);
#3596=VECTOR('',#4388,1.);
#3597=VECTOR('',#4389,1.);
#3598=VECTOR('',#4390,1.);
#3599=VECTOR('',#4391,1.);
#3600=VECTOR('',#4392,1.);
#3601=VECTOR('',#4393,1.);
#3602=VECTOR('',#4394,1.);
#3603=VECTOR('',#4395,1.);
#3604=VECTOR('',#4396,1.);
#3605=VECTOR('',#4397,1.);
#3606=VECTOR('',#4398,1.);
#3607=VECTOR('',#4399,1.);
#3608=VECTOR('',#4400,1.);
#3609=VECTOR('',#4401,1.);
#3610=VECTOR('',#4402,1.);
#3611=VECTOR('',#4403,1.);
#3612=VECTOR('',#4404,1.);
#3613=VECTOR('',#4405,1.);
#3614=VECTOR('',#4406,1.);
#3615=VECTOR('',#4407,1.);
#3616=VECTOR('',#4408,1.);
#3617=VECTOR('',#4409,1.);
#3618=VECTOR('',#4410,1.);
#3619=VECTOR('',#4411,1.);
#3620=VECTOR('',#4412,1.);
#3621=VECTOR('',#4413,1.);
#3622=VECTOR('',#4414,1.);
#3623=VECTOR('',#4415,1.);
#3624=VECTOR('',#4416,1.);
#3625=VECTOR('',#4417,1.);
#3626=VECTOR('',#4418,1.);
#3627=VECTOR('',#4419,1.);
#3628=VECTOR('',#4420,1.);
#3629=VECTOR('',#4421,1.);
#3630=VECTOR('',#4422,1.);
#3631=VECTOR('',#4423,1.);
#3632=VECTOR('',#4424,1.);
#3633=VECTOR('',#4425,1.);
#3634=VECTOR('',#4426,1.);
#3635=VECTOR('',#4427,1.);
#3636=VECTOR('',#4428,1.);
#3637=VECTOR('',#4429,1.);
#3638=VECTOR('',#4430,1.);
#3639=VECTOR('',#4431,1.);
#3640=VECTOR('',#4432,1.);
#3641=VECTOR('',#4433,1.);
#3642=VECTOR('',#4434,1.);
#3643=VECTOR('',#4435,1.);
#3644=VECTOR('',#4436,1.);
#3645=VECTOR('',#4437,1.);
#3646=VECTOR('',#4438,1.);
#3647=VECTOR('',#4439,1.);
#3648=VECTOR('',#4440,1.);
#3649=VECTOR('',#4441,1.);
#3650=VECTOR('',#4444,1.);
#3651=VECTOR('',#4445,1.);
#3652=VECTOR('',#4446,1.);
#3653=VECTOR('',#4447,1.);
#3654=VECTOR('',#4448,1.);
#3655=VECTOR('',#4449,1.);
#3656=VECTOR('',#4450,1.);
#3657=VECTOR('',#4451,1.);
#3658=VECTOR('',#4452,1.);
#3659=VECTOR('',#4453,1.);
#3660=VECTOR('',#4454,1.);
#3661=VECTOR('',#4455,1.);
#3662=VECTOR('',#4458,1.);
#3663=VECTOR('',#4459,1.);
#3664=VECTOR('',#4462,1.);
#3665=VECTOR('',#4463,1.);
#3666=VECTOR('',#4464,1.);
#3667=VECTOR('',#4465,1.);
#3668=VECTOR('',#4466,1.);
#3669=VECTOR('',#4467,1.);
#3670=VECTOR('',#4468,1.);
#3671=VECTOR('',#4469,1.);
#3672=VECTOR('',#4470,1.);
#3673=VECTOR('',#4471,1.);
#3674=VECTOR('',#4472,1.);
#3675=VECTOR('',#4473,1.);
#3676=VECTOR('',#4476,1.);
#3677=VECTOR('',#4477,1.);
#3678=VECTOR('',#4480,1.);
#3679=VECTOR('',#4481,1.);
#3680=VECTOR('',#4484,1.);
#3681=VECTOR('',#4485,1.);
#3682=VECTOR('',#4488,1.);
#3683=VECTOR('',#4489,1.);
#3684=VECTOR('',#4490,1.);
#3685=VECTOR('',#4491,1.);
#3686=VECTOR('',#4492,1.);
#3687=VECTOR('',#4493,1.);
#3688=VECTOR('',#4494,1.);
#3689=VECTOR('',#4495,1.);
#3690=VECTOR('',#4498,1.);
#3691=VECTOR('',#4499,1.);
#3692=VECTOR('',#4500,1.);
#3693=VECTOR('',#4501,1.);
#3694=VECTOR('',#4502,1.);
#3695=VECTOR('',#4503,1.);
#3696=VECTOR('',#4504,1.);
#3697=VECTOR('',#4505,1.);
#3698=VECTOR('',#4508,1.);
#3699=VECTOR('',#4509,1.);
#3700=VECTOR('',#4510,1.);
#3701=VECTOR('',#4513,1.);
#3702=VECTOR('',#4514,1.);
#3703=VECTOR('',#4515,1.);
#3704=VECTOR('',#4518,1.);
#3705=VECTOR('',#4519,1.);
#3706=VECTOR('',#4520,1.);
#3707=VECTOR('',#4521,1.);
#3708=VECTOR('',#4522,1.);
#3709=VECTOR('',#4523,1.);
#3710=VECTOR('',#4524,1.);
#3711=VECTOR('',#4525,1.);
#3712=VECTOR('',#4526,1.);
#3713=VECTOR('',#4527,1.);
#3714=VECTOR('',#4528,1.);
#3715=VECTOR('',#4529,1.);
#3716=VECTOR('',#4530,1.);
#3717=VECTOR('',#4531,1.);
#3718=VECTOR('',#4532,1.);
#3719=VECTOR('',#4533,1.);
#3720=VECTOR('',#4534,1.);
#3721=VECTOR('',#4535,1.);
#3722=VECTOR('',#4536,1.);
#3723=VECTOR('',#4537,1.);
#3724=VECTOR('',#4538,1.);
#3725=VECTOR('',#4539,1.);
#3726=VECTOR('',#4540,1.);
#3727=VECTOR('',#4541,1.);
#3728=VECTOR('',#4542,1.);
#3729=VECTOR('',#4543,1.);
#3730=VECTOR('',#4544,1.);
#3731=VECTOR('',#4545,1.);
#3732=VECTOR('',#4546,1.);
#3733=VECTOR('',#4547,1.);
#3734=VECTOR('',#4548,1.);
#3735=VECTOR('',#4549,1.);
#3736=VECTOR('',#4550,1.);
#3737=VECTOR('',#4551,1.);
#3738=VECTOR('',#4554,1.);
#3739=VECTOR('',#4555,1.);
#3740=VECTOR('',#4556,1.);
#3741=VECTOR('',#4557,1.);
#3742=VECTOR('',#4558,1.);
#3743=VECTOR('',#4561,1.);
#3744=VECTOR('',#4562,1.);
#3745=VECTOR('',#4563,1.);
#3746=VECTOR('',#4564,1.);
#3747=VECTOR('',#4565,1.);
#3748=VECTOR('',#4566,1.);
#3749=VECTOR('',#4567,1.);
#3750=VECTOR('',#4568,1.);
#3751=VECTOR('',#4569,1.);
#3752=VECTOR('',#4570,1.);
#3753=VECTOR('',#4571,1.);
#3754=VECTOR('',#4572,1.);
#3755=VECTOR('',#4573,1.);
#3756=VECTOR('',#4574,1.);
#3757=VECTOR('',#4575,1.);
#3758=VECTOR('',#4576,1.);
#3759=VECTOR('',#4577,1.);
#3760=VECTOR('',#4578,1.);
#3761=VECTOR('',#4579,1.);
#3762=VECTOR('',#4580,1.);
#3763=VECTOR('',#4581,1.);
#3764=VECTOR('',#4582,1.);
#3765=VECTOR('',#4585,1.);
#3766=VECTOR('',#4586,1.);
#3767=VECTOR('',#4587,1.);
#3768=VECTOR('',#4590,1.);
#3769=VECTOR('',#4591,1.);
#3770=VECTOR('',#4592,1.);
#3771=VECTOR('',#4595,1.);
#3772=VECTOR('',#4596,1.);
#3773=VECTOR('',#4603,1.);
#3774=VECTOR('',#4604,1.);
#3775=VECTOR('',#4605,1.);
#3776=VECTOR('',#4608,1.);
#3777=VECTOR('',#4609,1.);
#3778=VECTOR('',#4610,1.);
#3779=VECTOR('',#4613,1.);
#3780=VECTOR('',#4614,1.);
#3781=VECTOR('',#4615,1.);
#3782=VECTOR('',#4618,1.);
#3783=VECTOR('',#4619,1.);
#3784=VECTOR('',#4626,1.);
#3785=VECTOR('',#4627,1.);
#3786=VECTOR('',#4628,1.);
#3787=VECTOR('',#4631,1.);
#3788=VECTOR('',#4632,1.);
#3789=VECTOR('',#4639,1.);
#3790=VECTOR('',#4640,1.);
#3791=VECTOR('',#4641,1.);
#3792=VECTOR('',#4644,1.);
#3793=VECTOR('',#4645,1.);
#3794=VECTOR('',#4648,1.);
#3795=VECTOR('',#4653,1.);
#3796=VECTOR('',#4654,1.);
#3797=VECTOR('',#4657,1.);
#3798=VECTOR('',#4658,1.);
#3799=VECTOR('',#4661,1.);
#3800=VECTOR('',#4662,1.);
#3801=VECTOR('',#4667,1.);
#3802=VECTOR('',#4672,1.);
#3803=VECTOR('',#4677,1.);
#3804=VECTOR('',#4678,1.);
#3805=VECTOR('',#4679,1.);
#3806=VECTOR('',#4682,1.);
#3807=VECTOR('',#4683,1.);
#3808=VECTOR('',#4686,1.);
#3809=VECTOR('',#4687,1.);
#3810=VECTOR('',#4690,1.);
#3811=VECTOR('',#4691,1.);
#3812=VECTOR('',#4694,1.);
#3813=VECTOR('',#4697,1.);
#3814=VECTOR('',#4698,1.);
#3815=VECTOR('',#4699,1.);
#3816=VECTOR('',#4700,1.);
#3817=VECTOR('',#4703,1.);
#3818=VECTOR('',#4704,1.);
#3819=VECTOR('',#4705,1.);
#3820=VECTOR('',#4708,1.);
#3821=VECTOR('',#4709,1.);
#3822=VECTOR('',#4712,1.);
#3823=VECTOR('',#4713,1.);
#3824=VECTOR('',#4716,1.);
#3825=VECTOR('',#4719,1.);
#3826=VECTOR('',#4720,1.);
#3827=VECTOR('',#4721,1.);
#3828=VECTOR('',#4722,1.);
#3829=VECTOR('',#4725,1.);
#3830=VECTOR('',#4726,1.);
#3831=VECTOR('',#4727,1.);
#3832=VECTOR('',#4730,1.);
#3833=VECTOR('',#4731,1.);
#3834=VECTOR('',#4734,1.);
#3835=VECTOR('',#4735,1.);
#3836=VECTOR('',#4738,1.);
#3837=VECTOR('',#4739,1.);
#3838=VECTOR('',#4742,1.);
#3839=VECTOR('',#4745,1.);
#3840=VECTOR('',#4746,1.);
#3841=VECTOR('',#4747,1.);
#3842=VECTOR('',#4748,1.);
#3843=VECTOR('',#4751,1.);
#3844=VECTOR('',#4752,1.);
#3845=VECTOR('',#4753,1.);
#3846=VECTOR('',#4756,1.);
#3847=VECTOR('',#4757,1.);
#3848=VECTOR('',#4760,1.);
#3849=VECTOR('',#4761,1.);
#3850=VECTOR('',#4764,1.);
#3851=VECTOR('',#4765,1.);
#3852=VECTOR('',#4768,1.);
#3853=VECTOR('',#4771,1.);
#3854=VECTOR('',#4772,1.);
#3855=VECTOR('',#4773,1.);
#3856=VECTOR('',#4774,1.);
#3857=VECTOR('',#4777,1.);
#3858=VECTOR('',#4778,1.);
#3859=VECTOR('',#4779,1.);
#3860=VECTOR('',#4782,1.);
#3861=VECTOR('',#4783,1.);
#3862=VECTOR('',#4786,1.);
#3863=VECTOR('',#4787,1.);
#3864=VECTOR('',#4790,1.);
#3865=VECTOR('',#4791,1.);
#3866=VECTOR('',#4794,1.);
#3867=VECTOR('',#4797,1.);
#3868=VECTOR('',#4798,1.);
#3869=VECTOR('',#4799,1.);
#3870=VECTOR('',#4800,1.);
#3871=VECTOR('',#4803,1.);
#3872=VECTOR('',#4804,1.);
#3873=VECTOR('',#4805,1.);
#3874=VECTOR('',#4808,1.);
#3875=VECTOR('',#4809,1.);
#3876=VECTOR('',#4812,1.);
#3877=VECTOR('',#4813,1.);
#3878=VECTOR('',#4816,1.);
#3879=VECTOR('',#4817,1.);
#3880=VECTOR('',#4820,1.);
#3881=VECTOR('',#4823,1.);
#3882=VECTOR('',#4824,1.);
#3883=VECTOR('',#4825,1.);
#3884=VECTOR('',#4826,1.);
#3885=VECTOR('',#4829,1.);
#3886=VECTOR('',#4830,1.);
#3887=VECTOR('',#4831,1.);
#3888=VECTOR('',#4834,1.);
#3889=VECTOR('',#4835,1.);
#3890=VECTOR('',#4836,1.);
#3891=VECTOR('',#4839,1.);
#3892=VECTOR('',#4840,1.);
#3893=VECTOR('',#4847,1.);
#3894=VECTOR('',#4848,1.);
#3895=VECTOR('',#4849,1.);
#3896=VECTOR('',#4852,1.);
#3897=VECTOR('',#4853,1.);
#3898=VECTOR('',#4854,1.);
#3899=VECTOR('',#4857,1.);
#3900=VECTOR('',#4858,1.);
#3901=VECTOR('',#4865,1.);
#3902=VECTOR('',#4866,1.);
#3903=VECTOR('',#4867,1.);
#3904=VECTOR('',#4868,1.);
#3905=VECTOR('',#4871,1.);
#3906=VECTOR('',#4872,1.);
#3907=VECTOR('',#4873,1.);
#3908=VECTOR('',#4874,1.);
#3909=VECTOR('',#4877,1.);
#3910=VECTOR('',#4878,1.);
#3911=VECTOR('',#4879,1.);
#3912=VECTOR('',#4880,1.);
#3913=VECTOR('',#4883,1.);
#3914=VECTOR('',#4890,1.);
#3915=VECTOR('',#4901,1.);
#3916=VECTOR('',#4902,1.);
#3917=VECTOR('',#4903,1.);
#3918=VECTOR('',#4908,1.);
#3919=VECTOR('',#4915,1.);
#3920=VECTOR('',#4920,1.);
#3921=VECTOR('',#4923,1.);
#3922=VECTOR('',#4928,1.);
#3923=VECTOR('',#4929,1.);
#3924=VECTOR('',#4932,1.);
#3925=VECTOR('',#4935,1.);
#3926=VECTOR('',#4940,1.);
#3927=VECTOR('',#4941,1.);
#3928=VECTOR('',#4942,1.);
#3929=VECTOR('',#4943,1.);
#3930=VECTOR('',#4946,1.);
#3931=VECTOR('',#4947,1.);
#3932=VECTOR('',#4948,1.);
#3933=VECTOR('',#4949,1.);
#3934=VECTOR('',#4952,1.);
#3935=VECTOR('',#4953,1.);
#3936=VECTOR('',#4954,1.);
#3937=VECTOR('',#4955,1.);
#3938=VECTOR('',#4958,1.);
#3939=VECTOR('',#4965,1.);
#3940=VECTOR('',#4976,1.);
#3941=VECTOR('',#4977,1.);
#3942=VECTOR('',#4978,1.);
#3943=VECTOR('',#4983,1.);
#3944=VECTOR('',#4990,1.);
#3945=VECTOR('',#4995,1.);
#3946=VECTOR('',#4998,1.);
#3947=VECTOR('',#5003,1.);
#3948=VECTOR('',#5004,1.);
#3949=VECTOR('',#5007,1.);
#3950=VECTOR('',#5010,1.);
#3951=VECTOR('',#5015,1.);
#3952=VECTOR('',#5016,1.);
#3953=VECTOR('',#5017,1.);
#3954=VECTOR('',#5018,1.);
#3955=VECTOR('',#5021,1.);
#3956=VECTOR('',#5022,1.);
#3957=VECTOR('',#5023,1.);
#3958=VECTOR('',#5024,1.);
#3959=VECTOR('',#5027,1.);
#3960=VECTOR('',#5028,1.);
#3961=VECTOR('',#5029,1.);
#3962=VECTOR('',#5030,1.);
#3963=VECTOR('',#5033,1.);
#3964=VECTOR('',#5040,1.);
#3965=VECTOR('',#5051,1.);
#3966=VECTOR('',#5052,1.);
#3967=VECTOR('',#5053,1.);
#3968=VECTOR('',#5058,1.);
#3969=VECTOR('',#5065,1.);
#3970=VECTOR('',#5070,1.);
#3971=VECTOR('',#5073,1.);
#3972=VECTOR('',#5078,1.);
#3973=VECTOR('',#5079,1.);
#3974=VECTOR('',#5082,1.);
#3975=VECTOR('',#5085,1.);
#3976=VECTOR('',#5090,1.);
#3977=VECTOR('',#5091,1.);
#3978=VECTOR('',#5092,1.);
#3979=VECTOR('',#5093,1.);
#3980=VECTOR('',#5096,1.);
#3981=VECTOR('',#5097,1.);
#3982=VECTOR('',#5098,1.);
#3983=VECTOR('',#5099,1.);
#3984=VECTOR('',#5102,1.);
#3985=VECTOR('',#5103,1.);
#3986=VECTOR('',#5104,1.);
#3987=VECTOR('',#5105,1.);
#3988=VECTOR('',#5108,1.);
#3989=VECTOR('',#5115,1.);
#3990=VECTOR('',#5126,1.);
#3991=VECTOR('',#5127,1.);
#3992=VECTOR('',#5128,1.);
#3993=VECTOR('',#5133,1.);
#3994=VECTOR('',#5140,1.);
#3995=VECTOR('',#5145,1.);
#3996=VECTOR('',#5148,1.);
#3997=VECTOR('',#5153,1.);
#3998=VECTOR('',#5154,1.);
#3999=VECTOR('',#5157,1.);
#4000=VECTOR('',#5160,1.);
#4001=VECTOR('',#5165,1.);
#4002=VECTOR('',#5166,1.);
#4003=VECTOR('',#5167,1.);
#4004=VECTOR('',#5168,1.);
#4005=VECTOR('',#5171,1.);
#4006=VECTOR('',#5172,1.);
#4007=VECTOR('',#5173,1.);
#4008=VECTOR('',#5174,1.);
#4009=VECTOR('',#5177,1.);
#4010=VECTOR('',#5178,1.);
#4011=VECTOR('',#5179,1.);
#4012=VECTOR('',#5180,1.);
#4013=VECTOR('',#5183,1.);
#4014=VECTOR('',#5190,1.);
#4015=VECTOR('',#5201,1.);
#4016=VECTOR('',#5202,1.);
#4017=VECTOR('',#5203,1.);
#4018=VECTOR('',#5208,1.);
#4019=VECTOR('',#5215,1.);
#4020=VECTOR('',#5220,1.);
#4021=VECTOR('',#5223,1.);
#4022=VECTOR('',#5228,1.);
#4023=VECTOR('',#5229,1.);
#4024=VECTOR('',#5232,1.);
#4025=VECTOR('',#5235,1.);
#4026=VECTOR('',#5240,1.);
#4027=VECTOR('',#5241,1.);
#4028=VECTOR('',#5242,1.);
#4029=VECTOR('',#5243,1.);
#4030=VECTOR('',#5246,1.);
#4031=VECTOR('',#5247,1.);
#4032=VECTOR('',#5248,1.);
#4033=VECTOR('',#5249,1.);
#4034=VECTOR('',#5252,1.);
#4035=VECTOR('',#5253,1.);
#4036=VECTOR('',#5254,1.);
#4037=VECTOR('',#5255,1.);
#4038=VECTOR('',#5258,1.);
#4039=VECTOR('',#5265,1.);
#4040=VECTOR('',#5276,1.);
#4041=VECTOR('',#5277,1.);
#4042=VECTOR('',#5278,1.);
#4043=VECTOR('',#5283,1.);
#4044=VECTOR('',#5290,1.);
#4045=VECTOR('',#5295,1.);
#4046=VECTOR('',#5298,1.);
#4047=VECTOR('',#5303,1.);
#4048=VECTOR('',#5304,1.);
#4049=VECTOR('',#5307,1.);
#4050=VECTOR('',#5310,1.);
#4051=VECTOR('',#5317,1.);
#4052=VECTOR('',#5322,1.);
#4053=VECTOR('',#5323,1.);
#4054=VECTOR('',#5324,1.);
#4055=VECTOR('',#5325,1.);
#4056=VECTOR('',#5328,1.);
#4057=VECTOR('',#5329,1.);
#4058=VECTOR('',#5330,1.);
#4059=VECTOR('',#5339,1.);
#4060=VECTOR('',#5340,1.);
#4061=VECTOR('',#5349,1.);
#4062=VECTOR('',#5358,1.);
#4063=VECTOR('',#5361,1.);
#4064=VECTOR('',#5362,1.);
#4065=VECTOR('',#5363,1.);
#4066=VECTOR('',#5366,1.);
#4067=VECTOR('',#5367,1.);
#4068=VECTOR('',#5368,1.);
#4069=VECTOR('',#5371,1.);
#4070=VECTOR('',#5372,1.);
#4071=VECTOR('',#5379,1.);
#4072=VECTOR('',#5380,1.);
#4073=VECTOR('',#5381,1.);
#4074=VECTOR('',#5384,1.);
#4075=VECTOR('',#5385,1.);
#4076=VECTOR('',#5386,1.);
#4077=VECTOR('',#5387,1.);
#4078=VECTOR('',#5390,1.);
#4079=VECTOR('',#5391,1.);
#4080=VECTOR('',#5392,1.);
#4081=VECTOR('',#5405,1.);
#4082=VECTOR('',#5408,1.);
#4083=VECTOR('',#5409,1.);
#4084=VECTOR('',#5416,1.);
#4085=VECTOR('',#5417,1.);
#4086=VECTOR('',#5418,1.);
#4087=VECTOR('',#5425,1.);
#4088=VECTOR('',#5428,1.);
#4089=VECTOR('',#5429,1.);
#4090=VECTOR('',#5430,1.);
#4091=VECTOR('',#5433,1.);
#4092=VECTOR('',#5434,1.);
#4093=VECTOR('',#5435,1.);
#4094=VECTOR('',#5438,1.);
#4095=VECTOR('',#5439,1.);
#4096=VECTOR('',#5440,1.);
#4097=AXIS2_PLACEMENT_3D('',#5453,#4380,#4381);
#4098=AXIS2_PLACEMENT_3D('',#5574,#4442,#4443);
#4099=AXIS2_PLACEMENT_3D('',#5599,#4456,#4457);
#4100=AXIS2_PLACEMENT_3D('',#5602,#4460,#4461);
#4101=AXIS2_PLACEMENT_3D('',#5627,#4474,#4475);
#4102=AXIS2_PLACEMENT_3D('',#5630,#4478,#4479);
#4103=AXIS2_PLACEMENT_3D('',#5633,#4482,#4483);
#4104=AXIS2_PLACEMENT_3D('',#5636,#4486,#4487);
#4105=AXIS2_PLACEMENT_3D('',#5653,#4496,#4497);
#4106=AXIS2_PLACEMENT_3D('',#5670,#4506,#4507);
#4107=AXIS2_PLACEMENT_3D('',#5676,#4511,#4512);
#4108=AXIS2_PLACEMENT_3D('',#5682,#4516,#4517);
#4109=AXIS2_PLACEMENT_3D('',#5748,#4552,#4553);
#4110=AXIS2_PLACEMENT_3D('',#5758,#4559,#4560);
#4111=AXIS2_PLACEMENT_3D('',#5795,#4583,#4584);
#4112=AXIS2_PLACEMENT_3D('',#5801,#4588,#4589);
#4113=AXIS2_PLACEMENT_3D('',#5807,#4593,#4594);
#4114=AXIS2_PLACEMENT_3D('',#5810,#4597,#4598);
#4115=AXIS2_PLACEMENT_3D('',#5811,#4599,#4600);
#4116=AXIS2_PLACEMENT_3D('',#5812,#4601,#4602);
#4117=AXIS2_PLACEMENT_3D('',#5816,#4606,#4607);
#4118=AXIS2_PLACEMENT_3D('',#5820,#4611,#4612);
#4119=AXIS2_PLACEMENT_3D('',#5826,#4616,#4617);
#4120=AXIS2_PLACEMENT_3D('',#5829,#4620,#4621);
#4121=AXIS2_PLACEMENT_3D('',#5830,#4622,#4623);
#4122=AXIS2_PLACEMENT_3D('',#5831,#4624,#4625);
#4123=AXIS2_PLACEMENT_3D('',#5837,#4629,#4630);
#4124=AXIS2_PLACEMENT_3D('',#5840,#4633,#4634);
#4125=AXIS2_PLACEMENT_3D('',#5841,#4635,#4636);
#4126=AXIS2_PLACEMENT_3D('',#5842,#4637,#4638);
#4127=AXIS2_PLACEMENT_3D('',#5848,#4642,#4643);
#4128=AXIS2_PLACEMENT_3D('',#5851,#4646,#4647);
#4129=AXIS2_PLACEMENT_3D('',#5853,#4649,#4650);
#4130=AXIS2_PLACEMENT_3D('',#5854,#4651,#4652);
#4131=AXIS2_PLACEMENT_3D('',#5858,#4655,#4656);
#4132=AXIS2_PLACEMENT_3D('',#5862,#4659,#4660);
#4133=AXIS2_PLACEMENT_3D('',#5865,#4663,#4664);
#4134=AXIS2_PLACEMENT_3D('',#5866,#4665,#4666);
#4135=AXIS2_PLACEMENT_3D('',#5868,#4668,#4669);
#4136=AXIS2_PLACEMENT_3D('',#5869,#4670,#4671);
#4137=AXIS2_PLACEMENT_3D('',#5871,#4673,#4674);
#4138=AXIS2_PLACEMENT_3D('',#5872,#4675,#4676);
#4139=AXIS2_PLACEMENT_3D('',#5878,#4680,#4681);
#4140=AXIS2_PLACEMENT_3D('',#5882,#4684,#4685);
#4141=AXIS2_PLACEMENT_3D('',#5886,#4688,#4689);
#4142=AXIS2_PLACEMENT_3D('',#5890,#4692,#4693);
#4143=AXIS2_PLACEMENT_3D('',#5892,#4695,#4696);
#4144=AXIS2_PLACEMENT_3D('',#5901,#4701,#4702);
#4145=AXIS2_PLACEMENT_3D('',#5907,#4706,#4707);
#4146=AXIS2_PLACEMENT_3D('',#5911,#4710,#4711);
#4147=AXIS2_PLACEMENT_3D('',#5915,#4714,#4715);
#4148=AXIS2_PLACEMENT_3D('',#5917,#4717,#4718);
#4149=AXIS2_PLACEMENT_3D('',#5926,#4723,#4724);
#4150=AXIS2_PLACEMENT_3D('',#5932,#4728,#4729);
#4151=AXIS2_PLACEMENT_3D('',#5936,#4732,#4733);
#4152=AXIS2_PLACEMENT_3D('',#5940,#4736,#4737);
#4153=AXIS2_PLACEMENT_3D('',#5944,#4740,#4741);
#4154=AXIS2_PLACEMENT_3D('',#5946,#4743,#4744);
#4155=AXIS2_PLACEMENT_3D('',#5955,#4749,#4750);
#4156=AXIS2_PLACEMENT_3D('',#5961,#4754,#4755);
#4157=AXIS2_PLACEMENT_3D('',#5965,#4758,#4759);
#4158=AXIS2_PLACEMENT_3D('',#5969,#4762,#4763);
#4159=AXIS2_PLACEMENT_3D('',#5973,#4766,#4767);
#4160=AXIS2_PLACEMENT_3D('',#5975,#4769,#4770);
#4161=AXIS2_PLACEMENT_3D('',#5984,#4775,#4776);
#4162=AXIS2_PLACEMENT_3D('',#5990,#4780,#4781);
#4163=AXIS2_PLACEMENT_3D('',#5994,#4784,#4785);
#4164=AXIS2_PLACEMENT_3D('',#5998,#4788,#4789);
#4165=AXIS2_PLACEMENT_3D('',#6002,#4792,#4793);
#4166=AXIS2_PLACEMENT_3D('',#6004,#4795,#4796);
#4167=AXIS2_PLACEMENT_3D('',#6013,#4801,#4802);
#4168=AXIS2_PLACEMENT_3D('',#6019,#4806,#4807);
#4169=AXIS2_PLACEMENT_3D('',#6023,#4810,#4811);
#4170=AXIS2_PLACEMENT_3D('',#6027,#4814,#4815);
#4171=AXIS2_PLACEMENT_3D('',#6031,#4818,#4819);
#4172=AXIS2_PLACEMENT_3D('',#6033,#4821,#4822);
#4173=AXIS2_PLACEMENT_3D('',#6042,#4827,#4828);
#4174=AXIS2_PLACEMENT_3D('',#6048,#4832,#4833);
#4175=AXIS2_PLACEMENT_3D('',#6054,#4837,#4838);
#4176=AXIS2_PLACEMENT_3D('',#6057,#4841,#4842);
#4177=AXIS2_PLACEMENT_3D('',#6058,#4843,#4844);
#4178=AXIS2_PLACEMENT_3D('',#6059,#4845,#4846);
#4179=AXIS2_PLACEMENT_3D('',#6065,#4850,#4851);
#4180=AXIS2_PLACEMENT_3D('',#6071,#4855,#4856);
#4181=AXIS2_PLACEMENT_3D('',#6074,#4859,#4860);
#4182=AXIS2_PLACEMENT_3D('',#6075,#4861,#4862);
#4183=AXIS2_PLACEMENT_3D('',#6076,#4863,#4864);
#4184=AXIS2_PLACEMENT_3D('',#6085,#4869,#4870);
#4185=AXIS2_PLACEMENT_3D('',#6094,#4875,#4876);
#4186=AXIS2_PLACEMENT_3D('',#6103,#4881,#4882);
#4187=AXIS2_PLACEMENT_3D('',#6105,#4884,#4885);
#4188=AXIS2_PLACEMENT_3D('',#6106,#4886,#4887);
#4189=AXIS2_PLACEMENT_3D('',#6107,#4888,#4889);
#4190=AXIS2_PLACEMENT_3D('',#6109,#4891,#4892);
#4191=AXIS2_PLACEMENT_3D('',#6110,#4893,#4894);
#4192=AXIS2_PLACEMENT_3D('',#6111,#4895,#4896);
#4193=AXIS2_PLACEMENT_3D('',#6112,#4897,#4898);
#4194=AXIS2_PLACEMENT_3D('',#6113,#4899,#4900);
#4195=AXIS2_PLACEMENT_3D('',#6119,#4904,#4905);
#4196=AXIS2_PLACEMENT_3D('',#6120,#4906,#4907);
#4197=AXIS2_PLACEMENT_3D('',#6124,#4909,#4910);
#4198=AXIS2_PLACEMENT_3D('',#6125,#4911,#4912);
#4199=AXIS2_PLACEMENT_3D('',#6126,#4913,#4914);
#4200=AXIS2_PLACEMENT_3D('',#6130,#4916,#4917);
#4201=AXIS2_PLACEMENT_3D('',#6131,#4918,#4919);
#4202=AXIS2_PLACEMENT_3D('',#6133,#4921,#4922);
#4203=AXIS2_PLACEMENT_3D('',#6135,#4924,#4925);
#4204=AXIS2_PLACEMENT_3D('',#6136,#4926,#4927);
#4205=AXIS2_PLACEMENT_3D('',#6139,#4930,#4931);
#4206=AXIS2_PLACEMENT_3D('',#6141,#4933,#4934);
#4207=AXIS2_PLACEMENT_3D('',#6143,#4936,#4937);
#4208=AXIS2_PLACEMENT_3D('',#6144,#4938,#4939);
#4209=AXIS2_PLACEMENT_3D('',#6153,#4944,#4945);
#4210=AXIS2_PLACEMENT_3D('',#6162,#4950,#4951);
#4211=AXIS2_PLACEMENT_3D('',#6171,#4956,#4957);
#4212=AXIS2_PLACEMENT_3D('',#6173,#4959,#4960);
#4213=AXIS2_PLACEMENT_3D('',#6174,#4961,#4962);
#4214=AXIS2_PLACEMENT_3D('',#6175,#4963,#4964);
#4215=AXIS2_PLACEMENT_3D('',#6177,#4966,#4967);
#4216=AXIS2_PLACEMENT_3D('',#6178,#4968,#4969);
#4217=AXIS2_PLACEMENT_3D('',#6179,#4970,#4971);
#4218=AXIS2_PLACEMENT_3D('',#6180,#4972,#4973);
#4219=AXIS2_PLACEMENT_3D('',#6181,#4974,#4975);
#4220=AXIS2_PLACEMENT_3D('',#6187,#4979,#4980);
#4221=AXIS2_PLACEMENT_3D('',#6188,#4981,#4982);
#4222=AXIS2_PLACEMENT_3D('',#6192,#4984,#4985);
#4223=AXIS2_PLACEMENT_3D('',#6193,#4986,#4987);
#4224=AXIS2_PLACEMENT_3D('',#6194,#4988,#4989);
#4225=AXIS2_PLACEMENT_3D('',#6198,#4991,#4992);
#4226=AXIS2_PLACEMENT_3D('',#6199,#4993,#4994);
#4227=AXIS2_PLACEMENT_3D('',#6201,#4996,#4997);
#4228=AXIS2_PLACEMENT_3D('',#6203,#4999,#5000);
#4229=AXIS2_PLACEMENT_3D('',#6204,#5001,#5002);
#4230=AXIS2_PLACEMENT_3D('',#6207,#5005,#5006);
#4231=AXIS2_PLACEMENT_3D('',#6209,#5008,#5009);
#4232=AXIS2_PLACEMENT_3D('',#6211,#5011,#5012);
#4233=AXIS2_PLACEMENT_3D('',#6212,#5013,#5014);
#4234=AXIS2_PLACEMENT_3D('',#6221,#5019,#5020);
#4235=AXIS2_PLACEMENT_3D('',#6230,#5025,#5026);
#4236=AXIS2_PLACEMENT_3D('',#6239,#5031,#5032);
#4237=AXIS2_PLACEMENT_3D('',#6241,#5034,#5035);
#4238=AXIS2_PLACEMENT_3D('',#6242,#5036,#5037);
#4239=AXIS2_PLACEMENT_3D('',#6243,#5038,#5039);
#4240=AXIS2_PLACEMENT_3D('',#6245,#5041,#5042);
#4241=AXIS2_PLACEMENT_3D('',#6246,#5043,#5044);
#4242=AXIS2_PLACEMENT_3D('',#6247,#5045,#5046);
#4243=AXIS2_PLACEMENT_3D('',#6248,#5047,#5048);
#4244=AXIS2_PLACEMENT_3D('',#6249,#5049,#5050);
#4245=AXIS2_PLACEMENT_3D('',#6255,#5054,#5055);
#4246=AXIS2_PLACEMENT_3D('',#6256,#5056,#5057);
#4247=AXIS2_PLACEMENT_3D('',#6260,#5059,#5060);
#4248=AXIS2_PLACEMENT_3D('',#6261,#5061,#5062);
#4249=AXIS2_PLACEMENT_3D('',#6262,#5063,#5064);
#4250=AXIS2_PLACEMENT_3D('',#6266,#5066,#5067);
#4251=AXIS2_PLACEMENT_3D('',#6267,#5068,#5069);
#4252=AXIS2_PLACEMENT_3D('',#6269,#5071,#5072);
#4253=AXIS2_PLACEMENT_3D('',#6271,#5074,#5075);
#4254=AXIS2_PLACEMENT_3D('',#6272,#5076,#5077);
#4255=AXIS2_PLACEMENT_3D('',#6275,#5080,#5081);
#4256=AXIS2_PLACEMENT_3D('',#6277,#5083,#5084);
#4257=AXIS2_PLACEMENT_3D('',#6279,#5086,#5087);
#4258=AXIS2_PLACEMENT_3D('',#6280,#5088,#5089);
#4259=AXIS2_PLACEMENT_3D('',#6289,#5094,#5095);
#4260=AXIS2_PLACEMENT_3D('',#6298,#5100,#5101);
#4261=AXIS2_PLACEMENT_3D('',#6307,#5106,#5107);
#4262=AXIS2_PLACEMENT_3D('',#6309,#5109,#5110);
#4263=AXIS2_PLACEMENT_3D('',#6310,#5111,#5112);
#4264=AXIS2_PLACEMENT_3D('',#6311,#5113,#5114);
#4265=AXIS2_PLACEMENT_3D('',#6313,#5116,#5117);
#4266=AXIS2_PLACEMENT_3D('',#6314,#5118,#5119);
#4267=AXIS2_PLACEMENT_3D('',#6315,#5120,#5121);
#4268=AXIS2_PLACEMENT_3D('',#6316,#5122,#5123);
#4269=AXIS2_PLACEMENT_3D('',#6317,#5124,#5125);
#4270=AXIS2_PLACEMENT_3D('',#6323,#5129,#5130);
#4271=AXIS2_PLACEMENT_3D('',#6324,#5131,#5132);
#4272=AXIS2_PLACEMENT_3D('',#6328,#5134,#5135);
#4273=AXIS2_PLACEMENT_3D('',#6329,#5136,#5137);
#4274=AXIS2_PLACEMENT_3D('',#6330,#5138,#5139);
#4275=AXIS2_PLACEMENT_3D('',#6334,#5141,#5142);
#4276=AXIS2_PLACEMENT_3D('',#6335,#5143,#5144);
#4277=AXIS2_PLACEMENT_3D('',#6337,#5146,#5147);
#4278=AXIS2_PLACEMENT_3D('',#6339,#5149,#5150);
#4279=AXIS2_PLACEMENT_3D('',#6340,#5151,#5152);
#4280=AXIS2_PLACEMENT_3D('',#6343,#5155,#5156);
#4281=AXIS2_PLACEMENT_3D('',#6345,#5158,#5159);
#4282=AXIS2_PLACEMENT_3D('',#6347,#5161,#5162);
#4283=AXIS2_PLACEMENT_3D('',#6348,#5163,#5164);
#4284=AXIS2_PLACEMENT_3D('',#6357,#5169,#5170);
#4285=AXIS2_PLACEMENT_3D('',#6366,#5175,#5176);
#4286=AXIS2_PLACEMENT_3D('',#6375,#5181,#5182);
#4287=AXIS2_PLACEMENT_3D('',#6377,#5184,#5185);
#4288=AXIS2_PLACEMENT_3D('',#6378,#5186,#5187);
#4289=AXIS2_PLACEMENT_3D('',#6379,#5188,#5189);
#4290=AXIS2_PLACEMENT_3D('',#6381,#5191,#5192);
#4291=AXIS2_PLACEMENT_3D('',#6382,#5193,#5194);
#4292=AXIS2_PLACEMENT_3D('',#6383,#5195,#5196);
#4293=AXIS2_PLACEMENT_3D('',#6384,#5197,#5198);
#4294=AXIS2_PLACEMENT_3D('',#6385,#5199,#5200);
#4295=AXIS2_PLACEMENT_3D('',#6391,#5204,#5205);
#4296=AXIS2_PLACEMENT_3D('',#6392,#5206,#5207);
#4297=AXIS2_PLACEMENT_3D('',#6396,#5209,#5210);
#4298=AXIS2_PLACEMENT_3D('',#6397,#5211,#5212);
#4299=AXIS2_PLACEMENT_3D('',#6398,#5213,#5214);
#4300=AXIS2_PLACEMENT_3D('',#6402,#5216,#5217);
#4301=AXIS2_PLACEMENT_3D('',#6403,#5218,#5219);
#4302=AXIS2_PLACEMENT_3D('',#6405,#5221,#5222);
#4303=AXIS2_PLACEMENT_3D('',#6407,#5224,#5225);
#4304=AXIS2_PLACEMENT_3D('',#6408,#5226,#5227);
#4305=AXIS2_PLACEMENT_3D('',#6411,#5230,#5231);
#4306=AXIS2_PLACEMENT_3D('',#6413,#5233,#5234);
#4307=AXIS2_PLACEMENT_3D('',#6415,#5236,#5237);
#4308=AXIS2_PLACEMENT_3D('',#6416,#5238,#5239);
#4309=AXIS2_PLACEMENT_3D('',#6425,#5244,#5245);
#4310=AXIS2_PLACEMENT_3D('',#6434,#5250,#5251);
#4311=AXIS2_PLACEMENT_3D('',#6443,#5256,#5257);
#4312=AXIS2_PLACEMENT_3D('',#6445,#5259,#5260);
#4313=AXIS2_PLACEMENT_3D('',#6446,#5261,#5262);
#4314=AXIS2_PLACEMENT_3D('',#6447,#5263,#5264);
#4315=AXIS2_PLACEMENT_3D('',#6449,#5266,#5267);
#4316=AXIS2_PLACEMENT_3D('',#6450,#5268,#5269);
#4317=AXIS2_PLACEMENT_3D('',#6451,#5270,#5271);
#4318=AXIS2_PLACEMENT_3D('',#6452,#5272,#5273);
#4319=AXIS2_PLACEMENT_3D('',#6453,#5274,#5275);
#4320=AXIS2_PLACEMENT_3D('',#6459,#5279,#5280);
#4321=AXIS2_PLACEMENT_3D('',#6460,#5281,#5282);
#4322=AXIS2_PLACEMENT_3D('',#6464,#5284,#5285);
#4323=AXIS2_PLACEMENT_3D('',#6465,#5286,#5287);
#4324=AXIS2_PLACEMENT_3D('',#6466,#5288,#5289);
#4325=AXIS2_PLACEMENT_3D('',#6470,#5291,#5292);
#4326=AXIS2_PLACEMENT_3D('',#6471,#5293,#5294);
#4327=AXIS2_PLACEMENT_3D('',#6473,#5296,#5297);
#4328=AXIS2_PLACEMENT_3D('',#6475,#5299,#5300);
#4329=AXIS2_PLACEMENT_3D('',#6476,#5301,#5302);
#4330=AXIS2_PLACEMENT_3D('',#6479,#5305,#5306);
#4331=AXIS2_PLACEMENT_3D('',#6481,#5308,#5309);
#4332=AXIS2_PLACEMENT_3D('',#6483,#5311,#5312);
#4333=AXIS2_PLACEMENT_3D('',#6484,#5313,#5314);
#4334=AXIS2_PLACEMENT_3D('',#6485,#5315,#5316);
#4335=AXIS2_PLACEMENT_3D('',#6489,#5318,#5319);
#4336=AXIS2_PLACEMENT_3D('',#6490,#5320,#5321);
#4337=AXIS2_PLACEMENT_3D('',#6499,#5326,#5327);
#4338=AXIS2_PLACEMENT_3D('',#6505,#5331,#5332);
#4339=AXIS2_PLACEMENT_3D('',#6506,#5333,#5334);
#4340=AXIS2_PLACEMENT_3D('',#6507,#5335,#5336);
#4341=AXIS2_PLACEMENT_3D('',#6508,#5337,#5338);
#4342=AXIS2_PLACEMENT_3D('',#6511,#5341,#5342);
#4343=AXIS2_PLACEMENT_3D('',#6512,#5343,#5344);
#4344=AXIS2_PLACEMENT_3D('',#6513,#5345,#5346);
#4345=AXIS2_PLACEMENT_3D('',#6514,#5347,#5348);
#4346=AXIS2_PLACEMENT_3D('',#6518,#5350,#5351);
#4347=AXIS2_PLACEMENT_3D('',#6519,#5352,#5353);
#4348=AXIS2_PLACEMENT_3D('',#6520,#5354,#5355);
#4349=AXIS2_PLACEMENT_3D('',#6522,#5356,#5357);
#4350=AXIS2_PLACEMENT_3D('',#6525,#5359,#5360);
#4351=AXIS2_PLACEMENT_3D('',#6531,#5364,#5365);
#4352=AXIS2_PLACEMENT_3D('',#6537,#5369,#5370);
#4353=AXIS2_PLACEMENT_3D('',#6540,#5373,#5374);
#4354=AXIS2_PLACEMENT_3D('',#6541,#5375,#5376);
#4355=AXIS2_PLACEMENT_3D('',#6542,#5377,#5378);
#4356=AXIS2_PLACEMENT_3D('',#6548,#5382,#5383);
#4357=AXIS2_PLACEMENT_3D('',#6557,#5388,#5389);
#4358=AXIS2_PLACEMENT_3D('',#6563,#5393,#5394);
#4359=AXIS2_PLACEMENT_3D('',#6564,#5395,#5396);
#4360=AXIS2_PLACEMENT_3D('',#6565,#5397,#5398);
#4361=AXIS2_PLACEMENT_3D('',#6566,#5399,#5400);
#4362=AXIS2_PLACEMENT_3D('',#6567,#5401,#5402);
#4363=AXIS2_PLACEMENT_3D('',#6569,#5403,#5404);
#4364=AXIS2_PLACEMENT_3D('',#6572,#5406,#5407);
#4365=AXIS2_PLACEMENT_3D('',#6575,#5410,#5411);
#4366=AXIS2_PLACEMENT_3D('',#6576,#5412,#5413);
#4367=AXIS2_PLACEMENT_3D('',#6577,#5414,#5415);
#4368=AXIS2_PLACEMENT_3D('',#6583,#5419,#5420);
#4369=AXIS2_PLACEMENT_3D('',#6584,#5421,#5422);
#4370=AXIS2_PLACEMENT_3D('',#6586,#5423,#5424);
#4371=AXIS2_PLACEMENT_3D('',#6589,#5426,#5427);
#4372=AXIS2_PLACEMENT_3D('',#6595,#5431,#5432);
#4373=AXIS2_PLACEMENT_3D('',#6601,#5436,#5437);
#4374=AXIS2_PLACEMENT_3D('',#6607,#5441,#5442);
#4375=AXIS2_PLACEMENT_3D('',#6608,#5443,#5444);
#4376=AXIS2_PLACEMENT_3D('',#6609,#5445,#5446);
#4377=AXIS2_PLACEMENT_3D('',#6610,#5447,#5448);
#4378=AXIS2_PLACEMENT_3D('',#6611,#5449,#5450);
#4379=AXIS2_PLACEMENT_3D('',#6612,#5451,#5452);
#4380=DIRECTION('',(0.,0.,1.));
#4381=DIRECTION('',(1.,0.,0.));
#4382=DIRECTION('',(1.,0.,-9.95799250102959E-17));
#4383=DIRECTION('',(0.,1.,0.));
#4384=DIRECTION('',(1.,0.,-9.95799250102959E-17));
#4385=DIRECTION('',(0.,1.,0.));
#4386=DIRECTION('',(1.,0.,9.95799250102959E-17));
#4387=DIRECTION('',(0.,1.,0.));
#4388=DIRECTION('',(1.,0.,9.95799250102959E-17));
#4389=DIRECTION('',(0.,1.,0.));
#4390=DIRECTION('',(0.,-1.,0.));
#4391=DIRECTION('',(-1.,0.,0.));
#4392=DIRECTION('',(0.,1.,0.));
#4393=DIRECTION('',(-1.,0.,0.));
#4394=DIRECTION('',(0.,-1.,0.));
#4395=DIRECTION('',(-0.642787609686539,-0.766044443118978,0.));
#4396=DIRECTION('',(1.,0.,0.));
#4397=DIRECTION('',(-0.642787609686539,0.766044443118978,0.));
#4398=DIRECTION('',(0.,-1.,0.));
#4399=DIRECTION('',(-1.,0.,0.));
#4400=DIRECTION('',(0.,-1.,0.));
#4401=DIRECTION('',(-1.,0.,0.));
#4402=DIRECTION('',(0.,-1.,0.));
#4403=DIRECTION('',(-1.,0.,0.));
#4404=DIRECTION('',(0.,-1.,0.));
#4405=DIRECTION('',(-1.,0.,0.));
#4406=DIRECTION('',(0.,-1.,0.));
#4407=DIRECTION('',(-1.,0.,-1.44294358956948E-17));
#4408=DIRECTION('',(0.,1.,0.));
#4409=DIRECTION('',(-0.707106781186547,0.707106781186547,0.));
#4410=DIRECTION('',(1.,0.,0.));
#4411=DIRECTION('',(0.,-1.,0.));
#4412=DIRECTION('',(1.,0.,0.));
#4413=DIRECTION('',(0.,-1.,0.));
#4414=DIRECTION('',(1.,0.,0.));
#4415=DIRECTION('',(0.,-1.,0.));
#4416=DIRECTION('',(1.,0.,0.));
#4417=DIRECTION('',(0.,-1.,0.));
#4418=DIRECTION('',(1.,0.,0.));
#4419=DIRECTION('',(0.,-1.,0.));
#4420=DIRECTION('',(1.,0.,0.));
#4421=DIRECTION('',(0.,-1.,0.));
#4422=DIRECTION('',(1.,0.,0.));
#4423=DIRECTION('',(0.,-1.,0.));
#4424=DIRECTION('',(1.,0.,0.));
#4425=DIRECTION('',(0.,-1.,0.));
#4426=DIRECTION('',(1.,0.,0.));
#4427=DIRECTION('',(0.,-1.,0.));
#4428=DIRECTION('',(1.,0.,0.));
#4429=DIRECTION('',(0.,-1.,0.));
#4430=DIRECTION('',(1.,0.,0.));
#4431=DIRECTION('',(0.,-1.,0.));
#4432=DIRECTION('',(1.,0.,0.));
#4433=DIRECTION('',(0.,-1.,0.));
#4434=DIRECTION('',(1.,0.,0.));
#4435=DIRECTION('',(0.707106781186547,0.707106781186547,0.));
#4436=DIRECTION('',(0.,1.,0.));
#4437=DIRECTION('',(1.,0.,-1.44294358956948E-17));
#4438=DIRECTION('',(0.,-1.,0.));
#4439=DIRECTION('',(-1.,0.,0.));
#4440=DIRECTION('',(0.,1.,0.));
#4441=DIRECTION('',(-1.,0.,0.));
#4442=DIRECTION('',(0.,0.,-1.));
#4443=DIRECTION('',(-1.,0.,0.));
#4444=DIRECTION('',(1.,0.,0.));
#4445=DIRECTION('',(0.,1.,0.));
#4446=DIRECTION('',(1.,0.,0.));
#4447=DIRECTION('',(0.,1.,0.));
#4448=DIRECTION('',(1.,0.,0.));
#4449=DIRECTION('',(0.,1.,0.));
#4450=DIRECTION('',(1.,0.,0.));
#4451=DIRECTION('',(0.,1.,0.));
#4452=DIRECTION('',(-0.642787609686539,-0.766044443118978,0.));
#4453=DIRECTION('',(0.,1.,0.));
#4454=DIRECTION('',(1.,0.,0.));
#4455=DIRECTION('',(0.,1.,0.));
#4456=DIRECTION('',(0.,0.,1.));
#4457=DIRECTION('',(1.,0.,0.));
#4458=DIRECTION('',(0.,0.,1.));
#4459=DIRECTION('',(0.,0.,1.));
#4460=DIRECTION('',(-1.,0.,0.));
#4461=DIRECTION('',(0.,0.,1.));
#4462=DIRECTION('',(1.,0.,0.));
#4463=DIRECTION('',(0.,-1.,0.));
#4464=DIRECTION('',(1.,0.,0.));
#4465=DIRECTION('',(0.,1.,0.));
#4466=DIRECTION('',(-0.642787609686539,0.766044443118978,0.));
#4467=DIRECTION('',(0.,1.,0.));
#4468=DIRECTION('',(1.,0.,0.));
#4469=DIRECTION('',(0.,1.,0.));
#4470=DIRECTION('',(1.,0.,0.));
#4471=DIRECTION('',(0.,-1.,0.));
#4472=DIRECTION('',(1.,0.,0.));
#4473=DIRECTION('',(0.,1.,0.));
#4474=DIRECTION('',(0.,0.,1.));
#4475=DIRECTION('',(1.,0.,0.));
#4476=DIRECTION('',(0.,0.,-1.));
#4477=DIRECTION('',(0.,0.,-1.));
#4478=DIRECTION('',(1.,0.,0.));
#4479=DIRECTION('',(0.,0.,-1.));
#4480=DIRECTION('',(0.,0.,1.));
#4481=DIRECTION('',(0.,0.,1.));
#4482=DIRECTION('',(-1.,0.,0.));
#4483=DIRECTION('',(0.,0.,1.));
#4484=DIRECTION('',(0.,0.,-1.));
#4485=DIRECTION('',(0.,0.,-1.));
#4486=DIRECTION('',(1.,0.,0.));
#4487=DIRECTION('',(0.,0.,-1.));
#4488=DIRECTION('',(0.,-1.,0.));
#4489=DIRECTION('',(0.,0.,-1.));
#4490=DIRECTION('',(0.,-1.,0.));
#4491=DIRECTION('',(0.,0.,1.));
#4492=DIRECTION('',(0.,-1.,0.));
#4493=DIRECTION('',(0.,0.,-1.));
#4494=DIRECTION('',(0.,0.,-1.));
#4495=DIRECTION('',(0.,0.,-1.));
#4496=DIRECTION('',(1.,0.,0.));
#4497=DIRECTION('',(0.,0.,-1.));
#4498=DIRECTION('',(0.,0.,-1.));
#4499=DIRECTION('',(0.,-1.,0.));
#4500=DIRECTION('',(0.,0.,-1.));
#4501=DIRECTION('',(0.,0.,-1.));
#4502=DIRECTION('',(0.,0.,-1.));
#4503=DIRECTION('',(0.,-1.,0.));
#4504=DIRECTION('',(0.,0.,-1.));
#4505=DIRECTION('',(0.,-1.,0.));
#4506=DIRECTION('',(-1.,0.,0.));
#4507=DIRECTION('',(0.,0.,1.));
#4508=DIRECTION('',(0.642787609686539,-0.766044443118978,0.));
#4509=DIRECTION('',(0.,0.,-1.));
#4510=DIRECTION('',(-0.642787609686539,0.766044443118978,-2.70520262111777E-16));
#4511=DIRECTION('',(-0.766044443118978,-0.64278760968654,0.));
#4512=DIRECTION('',(0.642787609686539,-0.766044443118978,0.));
#4513=DIRECTION('',(0.,0.,-1.));
#4514=DIRECTION('',(0.642787609686539,0.766044443118978,0.));
#4515=DIRECTION('',(-0.642787609686539,-0.766044443118978,-2.70520262111777E-16));
#4516=DIRECTION('',(0.766044443118978,-0.64278760968654,0.));
#4517=DIRECTION('',(0.642787609686539,0.766044443118978,0.));
#4518=DIRECTION('',(6.82961998416067E-16,0.,-1.));
#4519=DIRECTION('',(-1.,0.,-4.09777199049639E-15));
#4520=DIRECTION('',(1.83568621796487E-15,0.,1.));
#4521=DIRECTION('',(0.707106781186547,0.,0.707106781186548));
#4522=DIRECTION('',(1.,0.,4.01556360179816E-16));
#4523=DIRECTION('',(6.82961998416065E-16,0.,-1.));
#4524=DIRECTION('',(-1.,0.,1.70740499604016E-16));
#4525=DIRECTION('',(2.06514699521048E-15,0.,1.));
#4526=DIRECTION('',(0.707106781186546,0.,0.707106781186549));
#4527=DIRECTION('',(1.,0.,4.01556360179816E-16));
#4528=DIRECTION('',(0.,0.,-1.));
#4529=DIRECTION('',(-1.,0.,8.53702498020081E-16));
#4530=DIRECTION('',(-3.41480999208032E-16,0.,1.));
#4531=DIRECTION('',(1.,0.,-5.1628674880262E-16));
#4532=DIRECTION('',(0.707106781186548,0.,-0.707106781186547));
#4533=DIRECTION('',(0.,0.,-1.));
#4534=DIRECTION('',(-1.,0.,0.));
#4535=DIRECTION('',(-3.41480999208032E-16,0.,1.));
#4536=DIRECTION('',(1.,0.,-5.1628674880262E-16));
#4537=DIRECTION('',(0.707106781186548,0.,-0.707106781186547));
#4538=DIRECTION('',(5.12221498812048E-16,0.,-1.));
#4539=DIRECTION('',(-1.,0.,1.70740499604016E-16));
#4540=DIRECTION('',(-3.41480999208032E-16,0.,1.));
#4541=DIRECTION('',(1.,0.,8.53702498020081E-16));
#4542=DIRECTION('',(6.82961998416065E-16,0.,-1.));
#4543=DIRECTION('',(-1.,0.,1.70740499604016E-16));
#4544=DIRECTION('',(1.83568621796487E-15,0.,1.));
#4545=DIRECTION('',(0.707106781186547,0.,0.707106781186548));
#4546=DIRECTION('',(1.,0.,4.01556360179816E-16));
#4547=DIRECTION('',(-1.,0.,-4.20854817415815E-16));
#4548=DIRECTION('',(0.,0.,-1.));
#4549=DIRECTION('',(0.,0.,-1.));
#4550=DIRECTION('',(0.,0.,-1.));
#4551=DIRECTION('',(0.,0.,-1.));
#4552=DIRECTION('',(0.,-1.,0.));
#4553=DIRECTION('',(0.,0.,-1.));
#4554=DIRECTION('',(-1.,0.,-4.20854817415815E-16));
#4555=DIRECTION('',(-1.,0.,0.));
#4556=DIRECTION('',(0.,1.,-2.6992585207108E-15));
#4557=DIRECTION('',(-1.,0.,0.));
#4558=DIRECTION('',(0.,1.,-2.6992585207108E-15));
#4559=DIRECTION('',(-4.20854817415815E-16,0.,1.));
#4560=DIRECTION('',(1.,0.,4.20670442924376E-16));
#4561=DIRECTION('',(0.,0.,1.));
#4562=DIRECTION('',(1.,0.,0.));
#4563=DIRECTION('',(0.,0.,1.));
#4564=DIRECTION('',(0.,0.,-1.));
#4565=DIRECTION('',(-1.,0.,0.));
#4566=DIRECTION('',(1.,0.,0.));
#4567=DIRECTION('',(0.,0.,-1.));
#4568=DIRECTION('',(0.,0.,1.));
#4569=DIRECTION('',(1.,0.,0.));
#4570=DIRECTION('',(0.,0.,1.));
#4571=DIRECTION('',(0.,0.,1.));
#4572=DIRECTION('',(1.,0.,0.));
#4573=DIRECTION('',(0.,0.,1.));
#4574=DIRECTION('',(0.,0.,1.));
#4575=DIRECTION('',(1.,0.,0.));
#4576=DIRECTION('',(0.,0.,1.));
#4577=DIRECTION('',(0.,0.,1.));
#4578=DIRECTION('',(1.,0.,0.));
#4579=DIRECTION('',(0.,0.,1.));
#4580=DIRECTION('',(0.,0.,1.));
#4581=DIRECTION('',(1.,0.,0.));
#4582=DIRECTION('',(0.,0.,1.));
#4583=DIRECTION('',(0.,-1.,0.));
#4584=DIRECTION('',(0.,0.,-1.));
#4585=DIRECTION('',(0.,-0.810421678379293,-0.585846996418766));
#4586=DIRECTION('',(0.,-0.810421678379293,-0.585846996418766));
#4587=DIRECTION('',(-1.,0.,0.));
#4588=DIRECTION('',(0.,0.585846996418766,-0.810421678379293));
#4589=DIRECTION('',(0.,0.810421678379293,0.585846996418766));
#4590=DIRECTION('',(0.,0.,1.));
#4591=DIRECTION('',(-1.,0.,0.));
#4592=DIRECTION('',(0.,0.,1.));
#4593=DIRECTION('',(0.,-1.,0.));
#4594=DIRECTION('',(0.,0.,-1.));
#4595=DIRECTION('',(0.,-1.,-1.15648231731787E-15));
#4596=DIRECTION('',(0.,-1.,-1.15648231731787E-15));
#4597=DIRECTION('',(0.,1.15648231731787E-15,-1.));
#4598=DIRECTION('',(0.,1.,1.15619319673854E-15));
#4599=DIRECTION('',(-1.,0.,0.));
#4600=DIRECTION('',(0.,0.,1.));
#4601=DIRECTION('',(-1.,0.,0.));
#4602=DIRECTION('',(0.,0.,1.));
#4603=DIRECTION('',(0.,0.,1.));
#4604=DIRECTION('',(0.642787609686539,-0.766044443118978,0.));
#4605=DIRECTION('',(-0.608243751871341,0.724876676465651,0.323408939619156));
#4606=DIRECTION('',(-0.766044443118978,-0.64278760968654,0.));
#4607=DIRECTION('',(0.642787609686539,-0.766044443118978,0.));
#4608=DIRECTION('',(0.,0.,-1.));
#4609=DIRECTION('',(-0.608243751871341,-0.724876676465651,-0.323408939619156));
#4610=DIRECTION('',(0.642787609686539,0.766044443118978,0.));
#4611=DIRECTION('',(0.766044443118978,-0.64278760968654,0.));
#4612=DIRECTION('',(0.642787609686539,0.766044443118978,0.));
#4613=DIRECTION('',(0.,1.,0.));
#4614=DIRECTION('',(0.,0.,1.));
#4615=DIRECTION('',(0.,1.,0.));
#4616=DIRECTION('',(1.,0.,0.));
#4617=DIRECTION('',(0.,0.,-1.));
#4618=DIRECTION('',(1.,1.54886024640787E-15,0.));
#4619=DIRECTION('',(1.,1.54886024640787E-15,0.));
#4620=DIRECTION('',(1.54886024640787E-15,-1.,0.));
#4621=DIRECTION('',(1.,1.54889122361279E-15,0.));
#4622=DIRECTION('',(0.,0.,-1.));
#4623=DIRECTION('',(-1.,0.,0.));
#4624=DIRECTION('',(0.,0.,-1.));
#4625=DIRECTION('',(-1.,0.,0.));
#4626=DIRECTION('',(0.,-1.,0.));
#4627=DIRECTION('',(0.,-1.,0.));
#4628=DIRECTION('',(0.,0.,1.));
#4629=DIRECTION('',(-1.,0.,0.));
#4630=DIRECTION('',(0.,0.,1.));
#4631=DIRECTION('',(1.,-1.54886024640787E-15,0.));
#4632=DIRECTION('',(1.,-1.54886024640787E-15,0.));
#4633=DIRECTION('',(-1.54886024640787E-15,-1.,0.));
#4634=DIRECTION('',(1.,-1.54889122361279E-15,0.));
#4635=DIRECTION('',(0.,0.,-1.));
#4636=DIRECTION('',(-1.,0.,0.));
#4637=DIRECTION('',(0.,0.,-1.));
#4638=DIRECTION('',(-1.,0.,0.));
#4639=DIRECTION('',(0.,0.,-1.));
#4640=DIRECTION('',(0.,1.,0.));
#4641=DIRECTION('',(0.,0.,-1.));
#4642=DIRECTION('',(-1.,0.,0.));
#4643=DIRECTION('',(0.,0.,1.));
#4644=DIRECTION('',(0.882947592858927,0.,0.469471562785891));
#4645=DIRECTION('',(-1.,0.,0.));
#4646=DIRECTION('',(0.,-1.,0.));
#4647=DIRECTION('',(0.,0.,-1.));
#4648=DIRECTION('',(0.707106781186547,0.707106781186547,0.));
#4649=DIRECTION('',(-0.707106781186547,0.707106781186547,0.));
#4650=DIRECTION('',(-0.707106781186548,-0.707106781186548,0.));
#4651=DIRECTION('',(0.,0.,1.));
#4652=DIRECTION('',(1.,0.,0.));
#4653=DIRECTION('',(0.,0.,-1.));
#4654=DIRECTION('',(-0.707106781186547,0.707106781186547,0.));
#4655=DIRECTION('',(-0.707106781186547,-0.707106781186547,0.));
#4656=DIRECTION('',(0.707106781186548,-0.707106781186548,0.));
#4657=DIRECTION('',(0.,0.,-1.));
#4658=DIRECTION('',(0.,1.,0.));
#4659=DIRECTION('',(-1.,0.,0.));
#4660=DIRECTION('',(0.,0.,1.));
#4661=DIRECTION('',(0.882947592858927,0.,-0.469471562785891));
#4662=DIRECTION('',(1.,0.,0.));
#4663=DIRECTION('',(0.,1.,0.));
#4664=DIRECTION('',(0.,0.,1.));
#4665=DIRECTION('',(0.,0.,-1.));
#4666=DIRECTION('',(-1.,0.,0.));
#4667=DIRECTION('',(0.,0.,1.));
#4668=DIRECTION('',(-1.,0.,0.));
#4669=DIRECTION('',(0.,0.,1.));
#4670=DIRECTION('',(-0.469471562785891,0.,0.882947592858927));
#4671=DIRECTION('',(0.882947592858927,0.,0.469471562785891));
#4672=DIRECTION('',(0.,0.,-1.));
#4673=DIRECTION('',(1.,0.,0.));
#4674=DIRECTION('',(0.,0.,-1.));
#4675=DIRECTION('',(0.469471562785891,0.,0.882947592858927));
#4676=DIRECTION('',(0.882947592858927,0.,-0.469471562785891));
#4677=DIRECTION('',(0.,1.,0.));
#4678=DIRECTION('',(-6.82961998416065E-16,0.,1.));
#4679=DIRECTION('',(0.,1.,0.));
#4680=DIRECTION('',(-1.,0.,-6.82961998416065E-16));
#4681=DIRECTION('',(-6.82613687796874E-16,0.,1.));
#4682=DIRECTION('',(0.,1.,0.));
#4683=DIRECTION('',(-1.,0.,-4.01556360179816E-16));
#4684=DIRECTION('',(4.01556360179816E-16,0.,-1.));
#4685=DIRECTION('',(-1.,0.,-4.01588484688631E-16));
#4686=DIRECTION('',(0.,1.,0.));
#4687=DIRECTION('',(-0.707106781186547,0.,-0.707106781186548));
#4688=DIRECTION('',(0.707106781186548,0.,-0.707106781186547));
#4689=DIRECTION('',(-0.707106781186547,0.,-0.707106781186548));
#4690=DIRECTION('',(0.,1.,0.));
#4691=DIRECTION('',(-1.83568621796487E-15,0.,-1.));
#4692=DIRECTION('',(1.,0.,-1.83568621796487E-15));
#4693=DIRECTION('',(-1.83533743758346E-15,0.,-1.));
#4694=DIRECTION('',(1.,0.,-1.70740499604016E-16));
#4695=DIRECTION('',(1.70740499604016E-16,0.,1.));
#4696=DIRECTION('',(1.,0.,-1.70870262383715E-16));
#4697=DIRECTION('',(0.,0.,1.));
#4698=DIRECTION('',(-1.,0.,0.));
#4699=DIRECTION('',(0.,0.,1.));
#4700=DIRECTION('',(1.,0.,0.));
#4701=DIRECTION('',(0.,-1.,0.));
#4702=DIRECTION('',(0.,0.,-1.));
#4703=DIRECTION('',(0.,1.,0.));
#4704=DIRECTION('',(-5.12221498812048E-16,0.,1.));
#4705=DIRECTION('',(0.,1.,0.));
#4706=DIRECTION('',(-1.,0.,-5.12221498812048E-16));
#4707=DIRECTION('',(-5.12177106282152E-16,0.,1.));
#4708=DIRECTION('',(0.,1.,0.));
#4709=DIRECTION('',(-1.,0.,-8.53702498020081E-16));
#4710=DIRECTION('',(8.53702498020081E-16,0.,-1.));
#4711=DIRECTION('',(-1.,0.,-8.53700790615086E-16));
#4712=DIRECTION('',(0.,1.,0.));
#4713=DIRECTION('',(3.41480999208032E-16,0.,-1.));
#4714=DIRECTION('',(1.,0.,3.41480999208032E-16));
#4715=DIRECTION('',(3.41740524767431E-16,0.,-1.));
#4716=DIRECTION('',(1.,0.,-1.70740499604016E-16));
#4717=DIRECTION('',(1.70740499604016E-16,0.,1.));
#4718=DIRECTION('',(1.,0.,-1.70870262383715E-16));
#4719=DIRECTION('',(0.,0.,1.));
#4720=DIRECTION('',(-1.,0.,0.));
#4721=DIRECTION('',(0.,0.,1.));
#4722=DIRECTION('',(1.,0.,0.));
#4723=DIRECTION('',(0.,-1.,0.));
#4724=DIRECTION('',(0.,0.,-1.));
#4725=DIRECTION('',(0.,1.,0.));
#4726=DIRECTION('',(0.,0.,1.));
#4727=DIRECTION('',(0.,1.,0.));
#4728=DIRECTION('',(-1.,0.,0.));
#4729=DIRECTION('',(0.,0.,1.));
#4730=DIRECTION('',(0.,1.,0.));
#4731=DIRECTION('',(-0.707106781186548,0.,0.707106781186547));
#4732=DIRECTION('',(-0.707106781186547,0.,-0.707106781186548));
#4733=DIRECTION('',(-0.707106781186548,0.,0.707106781186547));
#4734=DIRECTION('',(0.,1.,0.));
#4735=DIRECTION('',(-1.,0.,5.1628674880262E-16));
#4736=DIRECTION('',(-5.1628674880262E-16,0.,-1.));
#4737=DIRECTION('',(-1.,0.,5.16297074537597E-16));
#4738=DIRECTION('',(0.,1.,0.));
#4739=DIRECTION('',(3.41480999208032E-16,0.,-1.));
#4740=DIRECTION('',(1.,0.,3.41480999208032E-16));
#4741=DIRECTION('',(3.41306843898437E-16,0.,-1.));
#4742=DIRECTION('',(1.,0.,0.));
#4743=DIRECTION('',(0.,0.,1.));
#4744=DIRECTION('',(1.,0.,0.));
#4745=DIRECTION('',(0.,0.,1.));
#4746=DIRECTION('',(-1.,0.,0.));
#4747=DIRECTION('',(0.,0.,1.));
#4748=DIRECTION('',(1.,0.,0.));
#4749=DIRECTION('',(0.,-1.,0.));
#4750=DIRECTION('',(0.,0.,-1.));
#4751=DIRECTION('',(0.,1.,0.));
#4752=DIRECTION('',(0.,0.,1.));
#4753=DIRECTION('',(0.,1.,0.));
#4754=DIRECTION('',(-1.,0.,0.));
#4755=DIRECTION('',(0.,0.,1.));
#4756=DIRECTION('',(0.,1.,0.));
#4757=DIRECTION('',(-0.707106781186548,0.,0.707106781186547));
#4758=DIRECTION('',(-0.707106781186547,0.,-0.707106781186548));
#4759=DIRECTION('',(-0.707106781186548,0.,0.707106781186547));
#4760=DIRECTION('',(0.,1.,0.));
#4761=DIRECTION('',(-1.,0.,5.1628674880262E-16));
#4762=DIRECTION('',(-5.1628674880262E-16,0.,-1.));
#4763=DIRECTION('',(-1.,0.,5.16297074537597E-16));
#4764=DIRECTION('',(0.,1.,0.));
#4765=DIRECTION('',(3.41480999208032E-16,0.,-1.));
#4766=DIRECTION('',(1.,0.,3.41480999208032E-16));
#4767=DIRECTION('',(3.4146947422431E-16,0.,-1.));
#4768=DIRECTION('',(1.,0.,-8.53702498020081E-16));
#4769=DIRECTION('',(8.53702498020081E-16,0.,1.));
#4770=DIRECTION('',(1.,0.,-8.53917631049583E-16));
#4771=DIRECTION('',(0.,0.,1.));
#4772=DIRECTION('',(-1.,0.,0.));
#4773=DIRECTION('',(0.,0.,1.));
#4774=DIRECTION('',(1.,0.,0.));
#4775=DIRECTION('',(0.,-1.,0.));
#4776=DIRECTION('',(0.,0.,-1.));
#4777=DIRECTION('',(0.,1.,0.));
#4778=DIRECTION('',(-6.82961998416065E-16,0.,1.));
#4779=DIRECTION('',(0.,1.,0.));
#4780=DIRECTION('',(-1.,0.,-6.82961998416065E-16));
#4781=DIRECTION('',(-6.82613687796874E-16,0.,1.));
#4782=DIRECTION('',(0.,1.,0.));
#4783=DIRECTION('',(-1.,0.,-4.01556360179816E-16));
#4784=DIRECTION('',(4.01556360179816E-16,0.,-1.));
#4785=DIRECTION('',(-1.,0.,-4.01588484688631E-16));
#4786=DIRECTION('',(0.,1.,0.));
#4787=DIRECTION('',(-0.707106781186546,0.,-0.707106781186549));
#4788=DIRECTION('',(0.707106781186549,0.,-0.707106781186547));
#4789=DIRECTION('',(-0.707106781186546,0.,-0.707106781186549));
#4790=DIRECTION('',(0.,1.,0.));
#4791=DIRECTION('',(-2.06514699521048E-15,0.,-1.));
#4792=DIRECTION('',(1.,0.,-2.06514699521048E-15));
#4793=DIRECTION('',(-2.06518829815039E-15,0.,-1.));
#4794=DIRECTION('',(1.,0.,-1.70740499604016E-16));
#4795=DIRECTION('',(1.70740499604016E-16,0.,1.));
#4796=DIRECTION('',(1.,0.,-1.70870262383715E-16));
#4797=DIRECTION('',(0.,0.,1.));
#4798=DIRECTION('',(-1.,0.,0.));
#4799=DIRECTION('',(0.,0.,1.));
#4800=DIRECTION('',(1.,0.,0.));
#4801=DIRECTION('',(0.,-1.,0.));
#4802=DIRECTION('',(0.,0.,-1.));
#4803=DIRECTION('',(0.,1.,0.));
#4804=DIRECTION('',(-6.82961998416067E-16,0.,1.));
#4805=DIRECTION('',(0.,1.,0.));
#4806=DIRECTION('',(-1.,0.,-6.82961998416068E-16));
#4807=DIRECTION('',(-6.83481049534862E-16,0.,1.));
#4808=DIRECTION('',(0.,1.,0.));
#4809=DIRECTION('',(-1.,0.,-4.01556360179816E-16));
#4810=DIRECTION('',(4.01556360179816E-16,0.,-1.));
#4811=DIRECTION('',(-1.,0.,-4.01588484688631E-16));
#4812=DIRECTION('',(0.,1.,0.));
#4813=DIRECTION('',(-0.707106781186547,0.,-0.707106781186548));
#4814=DIRECTION('',(0.707106781186548,0.,-0.707106781186547));
#4815=DIRECTION('',(-0.707106781186547,0.,-0.707106781186548));
#4816=DIRECTION('',(0.,1.,0.));
#4817=DIRECTION('',(-1.83568621796487E-15,0.,-1.));
#4818=DIRECTION('',(1.,0.,-1.83568621796487E-15));
#4819=DIRECTION('',(-1.83533743758346E-15,0.,-1.));
#4820=DIRECTION('',(1.,0.,4.09777199049639E-15));
#4821=DIRECTION('',(-4.09777199049639E-15,0.,1.));
#4822=DIRECTION('',(1.,0.,4.09785053112621E-15));
#4823=DIRECTION('',(0.,0.,1.));
#4824=DIRECTION('',(-1.,0.,0.));
#4825=DIRECTION('',(0.,0.,1.));
#4826=DIRECTION('',(1.,0.,0.));
#4827=DIRECTION('',(0.,-1.,0.));
#4828=DIRECTION('',(0.,0.,-1.));
#4829=DIRECTION('',(0.,0.,1.));
#4830=DIRECTION('',(0.,0.,1.));
#4831=DIRECTION('',(0.,1.,0.));
#4832=DIRECTION('',(-1.,0.,0.));
#4833=DIRECTION('',(0.,0.,1.));
#4834=DIRECTION('',(-1.,0.,0.));
#4835=DIRECTION('',(-1.,0.,0.));
#4836=DIRECTION('',(0.,1.,0.));
#4837=DIRECTION('',(0.,0.,-1.));
#4838=DIRECTION('',(-1.,0.,0.));
#4839=DIRECTION('',(0.,0.,-1.));
#4840=DIRECTION('',(0.,0.,-1.));
#4841=DIRECTION('',(1.,0.,0.));
#4842=DIRECTION('',(0.,0.,-1.));
#4843=DIRECTION('',(0.,-1.,0.));
#4844=DIRECTION('',(0.,0.,-1.));
#4845=DIRECTION('',(0.,-1.,0.));
#4846=DIRECTION('',(0.,0.,-1.));
#4847=DIRECTION('',(0.,0.,1.));
#4848=DIRECTION('',(0.,0.,1.));
#4849=DIRECTION('',(0.,1.,0.));
#4850=DIRECTION('',(-1.,0.,0.));
#4851=DIRECTION('',(0.,0.,1.));
#4852=DIRECTION('',(-1.,0.,0.));
#4853=DIRECTION('',(-1.,0.,0.));
#4854=DIRECTION('',(0.,1.,0.));
#4855=DIRECTION('',(0.,0.,-1.));
#4856=DIRECTION('',(-1.,0.,0.));
#4857=DIRECTION('',(0.,0.,-1.));
#4858=DIRECTION('',(0.,0.,-1.));
#4859=DIRECTION('',(1.,0.,0.));
#4860=DIRECTION('',(0.,0.,-1.));
#4861=DIRECTION('',(0.,-1.,0.));
#4862=DIRECTION('',(0.,0.,-1.));
#4863=DIRECTION('',(0.,-1.,0.));
#4864=DIRECTION('',(0.,0.,-1.));
#4865=DIRECTION('',(0.,-1.,-2.22224071040957E-15));
#4866=DIRECTION('',(1.,0.,0.));
#4867=DIRECTION('',(0.,-1.,-2.22224071040957E-15));
#4868=DIRECTION('',(-1.,0.,0.));
#4869=DIRECTION('',(0.,2.22224071040957E-15,-1.));
#4870=DIRECTION('',(0.,1.,2.22218077272629E-15));
#4871=DIRECTION('',(0.,0.,1.));
#4872=DIRECTION('',(-1.,0.,0.));
#4873=DIRECTION('',(0.,0.,-1.));
#4874=DIRECTION('',(1.,0.,0.));
#4875=DIRECTION('',(0.,1.,0.));
#4876=DIRECTION('',(0.,0.,1.));
#4877=DIRECTION('',(0.,1.,1.88890460384825E-15));
#4878=DIRECTION('',(-1.,0.,0.));
#4879=DIRECTION('',(0.,1.,1.88890460384825E-15));
#4880=DIRECTION('',(-1.,0.,0.));
#4881=DIRECTION('',(0.,-1.88890460384825E-15,1.));
#4882=DIRECTION('',(0.,-1.,-1.88889702490425E-15));
#4883=DIRECTION('',(0.,0.,-1.));
#4884=DIRECTION('',(1.,0.,0.));
#4885=DIRECTION('',(0.,0.999999999999999,0.));
#4886=DIRECTION('',(1.,0.,0.));
#4887=DIRECTION('',(0.,0.999999999999999,0.));
#4888=DIRECTION('',(1.,0.,0.));
#4889=DIRECTION('',(0.,0.,-1.));
#4890=DIRECTION('',(0.,0.,1.));
#4891=DIRECTION('',(1.,0.,0.));
#4892=DIRECTION('',(0.,0.999999999999999,0.));
#4893=DIRECTION('',(1.,0.,0.));
#4894=DIRECTION('',(0.,0.999999999999999,0.));
#4895=DIRECTION('',(1.,0.,0.));
#4896=DIRECTION('',(0.,0.,-1.));
#4897=DIRECTION('',(-1.,0.,0.));
#4898=DIRECTION('',(0.,0.,0.999999999999999));
#4899=DIRECTION('',(-1.,0.,0.));
#4900=DIRECTION('',(0.,0.,0.999999999999999));
#4901=DIRECTION('',(0.,-1.,-4.31060024047995E-15));
#4902=DIRECTION('',(0.,-1.,-4.31060024047995E-15));
#4903=DIRECTION('',(-1.,0.,0.));
#4904=DIRECTION('',(0.,4.31060024047995E-15,-1.));
#4905=DIRECTION('',(0.,1.,4.31059810242218E-15));
#4906=DIRECTION('',(1.,0.,0.));
#4907=DIRECTION('',(0.,1.,-6.1602396163949E-17));
#4908=DIRECTION('',(0.,1.,5.55653613398828E-15));
#4909=DIRECTION('',(1.,0.,0.));
#4910=DIRECTION('',(0.,0.999999999999999,0.));
#4911=DIRECTION('',(1.,0.,0.));
#4912=DIRECTION('',(0.,0.,-1.));
#4913=DIRECTION('',(1.,0.,0.));
#4914=DIRECTION('',(0.,0.999999999999999,0.));
#4915=DIRECTION('',(0.,1.,5.55653613398828E-15));
#4916=DIRECTION('',(1.,0.,0.));
#4917=DIRECTION('',(0.,1.,-6.1602396163949E-17));
#4918=DIRECTION('',(1.,0.,0.));
#4919=DIRECTION('',(0.,0.,-1.));
#4920=DIRECTION('',(-1.,0.,0.));
#4921=DIRECTION('',(-1.,0.,0.));
#4922=DIRECTION('',(0.,0.,1.));
#4923=DIRECTION('',(-1.,0.,0.));
#4924=DIRECTION('',(0.,-5.55653613398828E-15,1.));
#4925=DIRECTION('',(0.,-1.,-5.55653613398821E-15));
#4926=DIRECTION('',(-1.,0.,0.));
#4927=DIRECTION('',(0.,0.,1.));
#4928=DIRECTION('',(0.245599354379008,-0.937742989447124,0.245599354379007));
#4929=DIRECTION('',(0.245599354379008,0.937742989447124,-0.245599354379007));
#4930=DIRECTION('',(0.,0.253359391837682,0.967372223380246));
#4931=DIRECTION('',(-1.,0.,0.));
#4932=DIRECTION('',(0.245599354379008,0.937742989447123,0.245599354379011));
#4933=DIRECTION('',(0.967372223380245,-0.253359391837683,0.));
#4934=DIRECTION('',(0.,0.,1.));
#4935=DIRECTION('',(0.245599354379008,-0.937742989447123,-0.245599354379011));
#4936=DIRECTION('',(0.967372223380245,0.253359391837683,0.));
#4937=DIRECTION('',(0.,0.,-1.));
#4938=DIRECTION('',(0.,0.253359391837685,-0.967372223380245));
#4939=DIRECTION('',(-1.,0.,0.));
#4940=DIRECTION('',(0.,-1.,-2.22224071040957E-15));
#4941=DIRECTION('',(1.,0.,0.));
#4942=DIRECTION('',(0.,-1.,-2.22224071040957E-15));
#4943=DIRECTION('',(-1.,0.,0.));
#4944=DIRECTION('',(0.,2.22224071040957E-15,-1.));
#4945=DIRECTION('',(0.,1.,2.22218077272629E-15));
#4946=DIRECTION('',(0.,0.,1.));
#4947=DIRECTION('',(-1.,0.,0.));
#4948=DIRECTION('',(0.,0.,-1.));
#4949=DIRECTION('',(1.,0.,0.));
#4950=DIRECTION('',(0.,1.,0.));
#4951=DIRECTION('',(0.,0.,1.));
#4952=DIRECTION('',(0.,1.,1.88890460384825E-15));
#4953=DIRECTION('',(-1.,0.,0.));
#4954=DIRECTION('',(0.,1.,1.88890460384825E-15));
#4955=DIRECTION('',(-1.,0.,0.));
#4956=DIRECTION('',(0.,-1.88890460384825E-15,1.));
#4957=DIRECTION('',(0.,-1.,-1.88889702490425E-15));
#4958=DIRECTION('',(0.,0.,-1.));
#4959=DIRECTION('',(1.,0.,0.));
#4960=DIRECTION('',(0.,0.999999999999999,0.));
#4961=DIRECTION('',(1.,0.,0.));
#4962=DIRECTION('',(0.,0.999999999999999,0.));
#4963=DIRECTION('',(1.,0.,0.));
#4964=DIRECTION('',(0.,0.,-1.));
#4965=DIRECTION('',(0.,0.,1.));
#4966=DIRECTION('',(1.,0.,0.));
#4967=DIRECTION('',(0.,0.999999999999999,0.));
#4968=DIRECTION('',(1.,0.,0.));
#4969=DIRECTION('',(0.,0.999999999999999,0.));
#4970=DIRECTION('',(1.,0.,0.));
#4971=DIRECTION('',(0.,0.,-1.));
#4972=DIRECTION('',(-1.,0.,0.));
#4973=DIRECTION('',(0.,0.,0.999999999999999));
#4974=DIRECTION('',(-1.,0.,0.));
#4975=DIRECTION('',(0.,0.,0.999999999999999));
#4976=DIRECTION('',(0.,-1.,-4.31060024047995E-15));
#4977=DIRECTION('',(0.,-1.,-4.31060024047995E-15));
#4978=DIRECTION('',(-1.,0.,0.));
#4979=DIRECTION('',(0.,4.31060024047995E-15,-1.));
#4980=DIRECTION('',(0.,1.,4.31059810242218E-15));
#4981=DIRECTION('',(1.,0.,0.));
#4982=DIRECTION('',(0.,1.,-6.1602396163949E-17));
#4983=DIRECTION('',(0.,1.,5.55653613398828E-15));
#4984=DIRECTION('',(1.,0.,0.));
#4985=DIRECTION('',(0.,0.999999999999999,0.));
#4986=DIRECTION('',(1.,0.,0.));
#4987=DIRECTION('',(0.,0.,-1.));
#4988=DIRECTION('',(1.,0.,0.));
#4989=DIRECTION('',(0.,0.999999999999999,0.));
#4990=DIRECTION('',(0.,1.,5.55653613398828E-15));
#4991=DIRECTION('',(1.,0.,0.));
#4992=DIRECTION('',(0.,1.,-6.1602396163949E-17));
#4993=DIRECTION('',(1.,0.,0.));
#4994=DIRECTION('',(0.,0.,-1.));
#4995=DIRECTION('',(-1.,0.,0.));
#4996=DIRECTION('',(-1.,0.,0.));
#4997=DIRECTION('',(0.,0.,1.));
#4998=DIRECTION('',(-1.,0.,0.));
#4999=DIRECTION('',(0.,-5.55653613398828E-15,1.));
#5000=DIRECTION('',(0.,-1.,-5.55653613398821E-15));
#5001=DIRECTION('',(-1.,0.,0.));
#5002=DIRECTION('',(0.,0.,1.));
#5003=DIRECTION('',(0.245599354379008,-0.937742989447124,0.245599354379007));
#5004=DIRECTION('',(0.245599354379008,0.937742989447124,-0.245599354379007));
#5005=DIRECTION('',(0.,0.253359391837682,0.967372223380246));
#5006=DIRECTION('',(-1.,0.,0.));
#5007=DIRECTION('',(0.245599354379008,0.937742989447123,0.245599354379011));
#5008=DIRECTION('',(0.967372223380245,-0.253359391837683,0.));
#5009=DIRECTION('',(0.,0.,1.));
#5010=DIRECTION('',(0.245599354379008,-0.937742989447123,-0.245599354379011));
#5011=DIRECTION('',(0.967372223380245,0.253359391837683,0.));
#5012=DIRECTION('',(0.,0.,-1.));
#5013=DIRECTION('',(0.,0.253359391837685,-0.967372223380245));
#5014=DIRECTION('',(-1.,0.,0.));
#5015=DIRECTION('',(0.,-1.,-2.22224071040957E-15));
#5016=DIRECTION('',(1.,0.,0.));
#5017=DIRECTION('',(0.,-1.,-2.22224071040957E-15));
#5018=DIRECTION('',(-1.,0.,0.));
#5019=DIRECTION('',(0.,2.22224071040957E-15,-1.));
#5020=DIRECTION('',(0.,1.,2.22218077272629E-15));
#5021=DIRECTION('',(0.,0.,1.));
#5022=DIRECTION('',(-1.,0.,0.));
#5023=DIRECTION('',(0.,0.,-1.));
#5024=DIRECTION('',(1.,0.,0.));
#5025=DIRECTION('',(0.,1.,0.));
#5026=DIRECTION('',(0.,0.,1.));
#5027=DIRECTION('',(0.,1.,1.88890460384825E-15));
#5028=DIRECTION('',(-1.,0.,0.));
#5029=DIRECTION('',(0.,1.,1.88890460384825E-15));
#5030=DIRECTION('',(-1.,0.,0.));
#5031=DIRECTION('',(0.,-1.88890460384825E-15,1.));
#5032=DIRECTION('',(0.,-1.,-1.88889702490425E-15));
#5033=DIRECTION('',(0.,0.,-1.));
#5034=DIRECTION('',(1.,0.,0.));
#5035=DIRECTION('',(0.,0.999999999999999,0.));
#5036=DIRECTION('',(1.,0.,0.));
#5037=DIRECTION('',(0.,0.999999999999999,0.));
#5038=DIRECTION('',(1.,0.,0.));
#5039=DIRECTION('',(0.,0.,-1.));
#5040=DIRECTION('',(0.,0.,1.));
#5041=DIRECTION('',(1.,0.,0.));
#5042=DIRECTION('',(0.,0.999999999999999,0.));
#5043=DIRECTION('',(1.,0.,0.));
#5044=DIRECTION('',(0.,0.999999999999999,0.));
#5045=DIRECTION('',(1.,0.,0.));
#5046=DIRECTION('',(0.,0.,-1.));
#5047=DIRECTION('',(-1.,0.,0.));
#5048=DIRECTION('',(0.,0.,0.999999999999999));
#5049=DIRECTION('',(-1.,0.,0.));
#5050=DIRECTION('',(0.,0.,0.999999999999999));
#5051=DIRECTION('',(0.,-1.,-4.31060024047995E-15));
#5052=DIRECTION('',(0.,-1.,-4.31060024047995E-15));
#5053=DIRECTION('',(-1.,0.,0.));
#5054=DIRECTION('',(0.,4.31060024047995E-15,-1.));
#5055=DIRECTION('',(0.,1.,4.31059810242218E-15));
#5056=DIRECTION('',(1.,0.,0.));
#5057=DIRECTION('',(0.,1.,-6.1602396163949E-17));
#5058=DIRECTION('',(0.,1.,5.55653613398828E-15));
#5059=DIRECTION('',(1.,0.,0.));
#5060=DIRECTION('',(0.,0.999999999999999,0.));
#5061=DIRECTION('',(1.,0.,0.));
#5062=DIRECTION('',(0.,0.,-1.));
#5063=DIRECTION('',(1.,0.,0.));
#5064=DIRECTION('',(0.,0.999999999999999,0.));
#5065=DIRECTION('',(0.,1.,5.55653613398828E-15));
#5066=DIRECTION('',(1.,0.,0.));
#5067=DIRECTION('',(0.,1.,-6.1602396163949E-17));
#5068=DIRECTION('',(1.,0.,0.));
#5069=DIRECTION('',(0.,0.,-1.));
#5070=DIRECTION('',(-1.,0.,0.));
#5071=DIRECTION('',(-1.,0.,0.));
#5072=DIRECTION('',(0.,0.,1.));
#5073=DIRECTION('',(-1.,0.,0.));
#5074=DIRECTION('',(0.,-5.55653613398828E-15,1.));
#5075=DIRECTION('',(0.,-1.,-5.55653613398821E-15));
#5076=DIRECTION('',(-1.,0.,0.));
#5077=DIRECTION('',(0.,0.,1.));
#5078=DIRECTION('',(0.245599354379008,-0.937742989447124,0.245599354379007));
#5079=DIRECTION('',(0.245599354379009,0.937742989447124,-0.245599354379007));
#5080=DIRECTION('',(0.,0.253359391837682,0.967372223380246));
#5081=DIRECTION('',(-1.,0.,0.));
#5082=DIRECTION('',(0.245599354379008,0.937742989447123,0.245599354379011));
#5083=DIRECTION('',(0.967372223380245,-0.253359391837683,0.));
#5084=DIRECTION('',(0.,0.,1.));
#5085=DIRECTION('',(0.245599354379008,-0.937742989447123,-0.245599354379011));
#5086=DIRECTION('',(0.967372223380245,0.253359391837683,0.));
#5087=DIRECTION('',(0.,0.,-1.));
#5088=DIRECTION('',(0.,0.253359391837685,-0.967372223380245));
#5089=DIRECTION('',(-1.,0.,0.));
#5090=DIRECTION('',(0.,-1.,-2.22224071040957E-15));
#5091=DIRECTION('',(1.,0.,0.));
#5092=DIRECTION('',(0.,-1.,-2.22224071040957E-15));
#5093=DIRECTION('',(-1.,0.,0.));
#5094=DIRECTION('',(0.,2.22224071040957E-15,-1.));
#5095=DIRECTION('',(0.,1.,2.22218077272629E-15));
#5096=DIRECTION('',(0.,0.,1.));
#5097=DIRECTION('',(-1.,0.,0.));
#5098=DIRECTION('',(0.,0.,-1.));
#5099=DIRECTION('',(1.,0.,0.));
#5100=DIRECTION('',(0.,1.,0.));
#5101=DIRECTION('',(0.,0.,1.));
#5102=DIRECTION('',(0.,1.,1.88890460384825E-15));
#5103=DIRECTION('',(-1.,0.,0.));
#5104=DIRECTION('',(0.,1.,1.88890460384825E-15));
#5105=DIRECTION('',(-1.,0.,0.));
#5106=DIRECTION('',(0.,-1.88890460384825E-15,1.));
#5107=DIRECTION('',(0.,-1.,-1.88889702490425E-15));
#5108=DIRECTION('',(0.,0.,-1.));
#5109=DIRECTION('',(1.,0.,0.));
#5110=DIRECTION('',(0.,0.999999999999999,0.));
#5111=DIRECTION('',(1.,0.,0.));
#5112=DIRECTION('',(0.,0.999999999999999,0.));
#5113=DIRECTION('',(1.,0.,0.));
#5114=DIRECTION('',(0.,0.,-1.));
#5115=DIRECTION('',(0.,0.,1.));
#5116=DIRECTION('',(1.,0.,0.));
#5117=DIRECTION('',(0.,0.999999999999999,0.));
#5118=DIRECTION('',(1.,0.,0.));
#5119=DIRECTION('',(0.,0.999999999999999,0.));
#5120=DIRECTION('',(1.,0.,0.));
#5121=DIRECTION('',(0.,0.,-1.));
#5122=DIRECTION('',(-1.,0.,0.));
#5123=DIRECTION('',(0.,0.,0.999999999999999));
#5124=DIRECTION('',(-1.,0.,0.));
#5125=DIRECTION('',(0.,0.,0.999999999999999));
#5126=DIRECTION('',(0.,-1.,-4.31060024047995E-15));
#5127=DIRECTION('',(0.,-1.,-4.31060024047995E-15));
#5128=DIRECTION('',(-1.,0.,0.));
#5129=DIRECTION('',(0.,4.31060024047995E-15,-1.));
#5130=DIRECTION('',(0.,1.,4.31059810242218E-15));
#5131=DIRECTION('',(1.,0.,0.));
#5132=DIRECTION('',(0.,1.,-6.1602396163949E-17));
#5133=DIRECTION('',(0.,1.,5.55653613398828E-15));
#5134=DIRECTION('',(1.,0.,0.));
#5135=DIRECTION('',(0.,0.999999999999999,0.));
#5136=DIRECTION('',(1.,0.,0.));
#5137=DIRECTION('',(0.,0.,-1.));
#5138=DIRECTION('',(1.,0.,0.));
#5139=DIRECTION('',(0.,0.999999999999999,0.));
#5140=DIRECTION('',(0.,1.,5.55653613398828E-15));
#5141=DIRECTION('',(1.,0.,0.));
#5142=DIRECTION('',(0.,1.,-6.1602396163949E-17));
#5143=DIRECTION('',(1.,0.,0.));
#5144=DIRECTION('',(0.,0.,-1.));
#5145=DIRECTION('',(-1.,0.,0.));
#5146=DIRECTION('',(-1.,0.,0.));
#5147=DIRECTION('',(0.,0.,1.));
#5148=DIRECTION('',(-1.,0.,0.));
#5149=DIRECTION('',(0.,-5.55653613398828E-15,1.));
#5150=DIRECTION('',(0.,-1.,-5.55653613398821E-15));
#5151=DIRECTION('',(-1.,0.,0.));
#5152=DIRECTION('',(0.,0.,1.));
#5153=DIRECTION('',(0.245599354379008,-0.937742989447124,0.245599354379007));
#5154=DIRECTION('',(0.245599354379009,0.937742989447124,-0.245599354379007));
#5155=DIRECTION('',(0.,0.253359391837682,0.967372223380246));
#5156=DIRECTION('',(-1.,0.,0.));
#5157=DIRECTION('',(0.245599354379008,0.937742989447123,0.245599354379011));
#5158=DIRECTION('',(0.967372223380245,-0.253359391837683,0.));
#5159=DIRECTION('',(0.,0.,1.));
#5160=DIRECTION('',(0.245599354379008,-0.937742989447123,-0.245599354379011));
#5161=DIRECTION('',(0.967372223380245,0.253359391837683,0.));
#5162=DIRECTION('',(0.,0.,-1.));
#5163=DIRECTION('',(0.,0.253359391837685,-0.967372223380245));
#5164=DIRECTION('',(-1.,0.,0.));
#5165=DIRECTION('',(0.,-1.,-2.22224071040957E-15));
#5166=DIRECTION('',(1.,0.,0.));
#5167=DIRECTION('',(0.,-1.,-2.22224071040957E-15));
#5168=DIRECTION('',(-1.,0.,0.));
#5169=DIRECTION('',(0.,2.22224071040957E-15,-1.));
#5170=DIRECTION('',(0.,1.,2.22218077272629E-15));
#5171=DIRECTION('',(0.,0.,1.));
#5172=DIRECTION('',(-1.,0.,0.));
#5173=DIRECTION('',(0.,0.,-1.));
#5174=DIRECTION('',(1.,0.,0.));
#5175=DIRECTION('',(0.,1.,0.));
#5176=DIRECTION('',(0.,0.,1.));
#5177=DIRECTION('',(0.,1.,1.88890460384825E-15));
#5178=DIRECTION('',(-1.,0.,0.));
#5179=DIRECTION('',(0.,1.,1.88890460384825E-15));
#5180=DIRECTION('',(-1.,0.,0.));
#5181=DIRECTION('',(0.,-1.88890460384825E-15,1.));
#5182=DIRECTION('',(0.,-1.,-1.88889702490425E-15));
#5183=DIRECTION('',(0.,0.,-1.));
#5184=DIRECTION('',(1.,0.,0.));
#5185=DIRECTION('',(0.,0.999999999999999,0.));
#5186=DIRECTION('',(1.,0.,0.));
#5187=DIRECTION('',(0.,0.999999999999999,0.));
#5188=DIRECTION('',(1.,0.,0.));
#5189=DIRECTION('',(0.,0.,-1.));
#5190=DIRECTION('',(0.,0.,1.));
#5191=DIRECTION('',(1.,0.,0.));
#5192=DIRECTION('',(0.,0.999999999999999,0.));
#5193=DIRECTION('',(1.,0.,0.));
#5194=DIRECTION('',(0.,0.999999999999999,0.));
#5195=DIRECTION('',(1.,0.,0.));
#5196=DIRECTION('',(0.,0.,-1.));
#5197=DIRECTION('',(-1.,0.,0.));
#5198=DIRECTION('',(0.,0.,0.999999999999999));
#5199=DIRECTION('',(-1.,0.,0.));
#5200=DIRECTION('',(0.,0.,0.999999999999999));
#5201=DIRECTION('',(0.,-1.,-4.31060024047995E-15));
#5202=DIRECTION('',(0.,-1.,-4.31060024047995E-15));
#5203=DIRECTION('',(-1.,0.,0.));
#5204=DIRECTION('',(0.,4.31060024047995E-15,-1.));
#5205=DIRECTION('',(0.,1.,4.31059810242218E-15));
#5206=DIRECTION('',(1.,0.,0.));
#5207=DIRECTION('',(0.,1.,-6.1602396163949E-17));
#5208=DIRECTION('',(0.,1.,5.55653613398828E-15));
#5209=DIRECTION('',(1.,0.,0.));
#5210=DIRECTION('',(0.,0.999999999999999,0.));
#5211=DIRECTION('',(1.,0.,0.));
#5212=DIRECTION('',(0.,0.,-1.));
#5213=DIRECTION('',(1.,0.,0.));
#5214=DIRECTION('',(0.,0.999999999999999,0.));
#5215=DIRECTION('',(0.,1.,5.55653613398828E-15));
#5216=DIRECTION('',(1.,0.,0.));
#5217=DIRECTION('',(0.,1.,-6.1602396163949E-17));
#5218=DIRECTION('',(1.,0.,0.));
#5219=DIRECTION('',(0.,0.,-1.));
#5220=DIRECTION('',(-1.,0.,0.));
#5221=DIRECTION('',(-1.,0.,0.));
#5222=DIRECTION('',(0.,0.,1.));
#5223=DIRECTION('',(-1.,0.,0.));
#5224=DIRECTION('',(0.,-5.55653613398828E-15,1.));
#5225=DIRECTION('',(0.,-1.,-5.55653613398821E-15));
#5226=DIRECTION('',(-1.,0.,0.));
#5227=DIRECTION('',(0.,0.,1.));
#5228=DIRECTION('',(0.245599354379008,-0.937742989447124,0.245599354379007));
#5229=DIRECTION('',(0.245599354379008,0.937742989447124,-0.245599354379007));
#5230=DIRECTION('',(0.,0.253359391837682,0.967372223380246));
#5231=DIRECTION('',(-1.,0.,0.));
#5232=DIRECTION('',(0.245599354379008,0.937742989447123,0.245599354379011));
#5233=DIRECTION('',(0.967372223380245,-0.253359391837683,0.));
#5234=DIRECTION('',(0.,0.,1.));
#5235=DIRECTION('',(0.245599354379008,-0.937742989447123,-0.245599354379011));
#5236=DIRECTION('',(0.967372223380245,0.253359391837683,0.));
#5237=DIRECTION('',(0.,0.,-1.));
#5238=DIRECTION('',(0.,0.253359391837685,-0.967372223380245));
#5239=DIRECTION('',(-1.,0.,0.));
#5240=DIRECTION('',(0.,-1.,-2.22224071040957E-15));
#5241=DIRECTION('',(1.,0.,0.));
#5242=DIRECTION('',(0.,-1.,-2.22224071040957E-15));
#5243=DIRECTION('',(-1.,0.,0.));
#5244=DIRECTION('',(0.,2.22224071040957E-15,-1.));
#5245=DIRECTION('',(0.,1.,2.22218077272629E-15));
#5246=DIRECTION('',(0.,0.,1.));
#5247=DIRECTION('',(-1.,0.,0.));
#5248=DIRECTION('',(0.,0.,-1.));
#5249=DIRECTION('',(1.,0.,0.));
#5250=DIRECTION('',(0.,1.,0.));
#5251=DIRECTION('',(0.,0.,1.));
#5252=DIRECTION('',(0.,1.,1.88890460384825E-15));
#5253=DIRECTION('',(-1.,0.,0.));
#5254=DIRECTION('',(0.,1.,1.88890460384825E-15));
#5255=DIRECTION('',(-1.,0.,0.));
#5256=DIRECTION('',(0.,-1.88890460384825E-15,1.));
#5257=DIRECTION('',(0.,-1.,-1.88889702490425E-15));
#5258=DIRECTION('',(0.,0.,-1.));
#5259=DIRECTION('',(1.,0.,0.));
#5260=DIRECTION('',(0.,0.999999999999999,0.));
#5261=DIRECTION('',(1.,0.,0.));
#5262=DIRECTION('',(0.,0.999999999999999,0.));
#5263=DIRECTION('',(1.,0.,0.));
#5264=DIRECTION('',(0.,0.,-1.));
#5265=DIRECTION('',(0.,0.,1.));
#5266=DIRECTION('',(1.,0.,0.));
#5267=DIRECTION('',(0.,0.999999999999999,0.));
#5268=DIRECTION('',(1.,0.,0.));
#5269=DIRECTION('',(0.,0.999999999999999,0.));
#5270=DIRECTION('',(1.,0.,0.));
#5271=DIRECTION('',(0.,0.,-1.));
#5272=DIRECTION('',(-1.,0.,0.));
#5273=DIRECTION('',(0.,0.,0.999999999999999));
#5274=DIRECTION('',(-1.,0.,0.));
#5275=DIRECTION('',(0.,0.,0.999999999999999));
#5276=DIRECTION('',(0.,-1.,-4.31060024047995E-15));
#5277=DIRECTION('',(0.,-1.,-4.31060024047995E-15));
#5278=DIRECTION('',(-1.,0.,0.));
#5279=DIRECTION('',(0.,4.31060024047995E-15,-1.));
#5280=DIRECTION('',(0.,1.,4.31059810242218E-15));
#5281=DIRECTION('',(1.,0.,0.));
#5282=DIRECTION('',(0.,1.,-6.1602396163949E-17));
#5283=DIRECTION('',(0.,1.,5.55653613398828E-15));
#5284=DIRECTION('',(1.,0.,0.));
#5285=DIRECTION('',(0.,0.999999999999999,0.));
#5286=DIRECTION('',(1.,0.,0.));
#5287=DIRECTION('',(0.,0.,-1.));
#5288=DIRECTION('',(1.,0.,0.));
#5289=DIRECTION('',(0.,0.999999999999999,0.));
#5290=DIRECTION('',(0.,1.,5.55653613398828E-15));
#5291=DIRECTION('',(1.,0.,0.));
#5292=DIRECTION('',(0.,1.,-6.1602396163949E-17));
#5293=DIRECTION('',(1.,0.,0.));
#5294=DIRECTION('',(0.,0.,-1.));
#5295=DIRECTION('',(-1.,0.,0.));
#5296=DIRECTION('',(-1.,0.,0.));
#5297=DIRECTION('',(0.,0.,1.));
#5298=DIRECTION('',(-1.,0.,0.));
#5299=DIRECTION('',(0.,-5.55653613398828E-15,1.));
#5300=DIRECTION('',(0.,-1.,-5.55653613398821E-15));
#5301=DIRECTION('',(-1.,0.,0.));
#5302=DIRECTION('',(0.,0.,1.));
#5303=DIRECTION('',(0.245599354379008,-0.937742989447124,0.245599354379007));
#5304=DIRECTION('',(0.245599354379008,0.937742989447124,-0.245599354379007));
#5305=DIRECTION('',(0.,0.253359391837682,0.967372223380246));
#5306=DIRECTION('',(-1.,0.,0.));
#5307=DIRECTION('',(0.245599354379008,0.937742989447123,0.245599354379011));
#5308=DIRECTION('',(0.967372223380245,-0.253359391837683,0.));
#5309=DIRECTION('',(0.,0.,1.));
#5310=DIRECTION('',(0.245599354379008,-0.937742989447123,-0.245599354379011));
#5311=DIRECTION('',(0.967372223380245,0.253359391837683,0.));
#5312=DIRECTION('',(0.,0.,-1.));
#5313=DIRECTION('',(0.,0.253359391837685,-0.967372223380245));
#5314=DIRECTION('',(-1.,0.,0.));
#5315=DIRECTION('',(0.,1.,0.));
#5316=DIRECTION('',(-0.999999999999997,0.,-2.71050543121377E-16));
#5317=DIRECTION('',(0.,-1.,0.));
#5318=DIRECTION('',(0.,1.,0.));
#5319=DIRECTION('',(-0.999999999999997,0.,-2.71050543121377E-16));
#5320=DIRECTION('',(0.,-1.,0.));
#5321=DIRECTION('',(0.,0.,-1.));
#5322=DIRECTION('',(0.,0.,-1.));
#5323=DIRECTION('',(0.,-1.,0.));
#5324=DIRECTION('',(0.,0.,-1.));
#5325=DIRECTION('',(0.,-1.,0.));
#5326=DIRECTION('',(-1.,0.,0.));
#5327=DIRECTION('',(0.,0.,1.));
#5328=DIRECTION('',(1.,0.,1.37119686520226E-14));
#5329=DIRECTION('',(1.,0.,1.37119686520226E-14));
#5330=DIRECTION('',(0.,-1.,0.));
#5331=DIRECTION('',(1.37119686520226E-14,0.,-1.));
#5332=DIRECTION('',(-1.,0.,-1.37119590855328E-14));
#5333=DIRECTION('',(0.,-1.,0.));
#5334=DIRECTION('',(-0.999999999999999,0.,1.6680033422854E-16));
#5335=DIRECTION('',(0.,-1.,0.));
#5336=DIRECTION('',(-0.999999999999999,0.,1.6680033422854E-16));
#5337=DIRECTION('',(0.,-1.,0.));
#5338=DIRECTION('',(0.,0.,-1.));
#5339=DIRECTION('',(-1.,0.,-4.18533926878595E-16));
#5340=DIRECTION('',(-1.,0.,-4.18533926878595E-16));
#5341=DIRECTION('',(-4.18533926878595E-16,0.,1.));
#5342=DIRECTION('',(1.,0.,4.18529143633717E-16));
#5343=DIRECTION('',(0.,-1.,0.));
#5344=DIRECTION('',(0.,0.,-1.));
#5345=DIRECTION('',(0.,-1.,0.));
#5346=DIRECTION('',(0.,0.,-1.));
#5347=DIRECTION('',(0.,-1.,0.));
#5348=DIRECTION('',(0.999999999999997,0.,0.));
#5349=DIRECTION('',(0.,1.,0.));
#5350=DIRECTION('',(0.,-1.,0.));
#5351=DIRECTION('',(0.999999999999997,0.,0.));
#5352=DIRECTION('',(0.,-1.,0.));
#5353=DIRECTION('',(0.,0.,-1.));
#5354=DIRECTION('',(0.,1.,0.));
#5355=DIRECTION('',(0.999999999999999,0.,-8.34001671142698E-17));
#5356=DIRECTION('',(0.,1.,0.));
#5357=DIRECTION('',(0.999999999999999,0.,-8.34001671142698E-17));
#5358=DIRECTION('',(0.,1.,0.));
#5359=DIRECTION('',(0.,-1.,0.));
#5360=DIRECTION('',(0.,0.,-1.));
#5361=DIRECTION('',(-1.,0.,2.15246019537563E-15));
#5362=DIRECTION('',(-1.,0.,2.15246019537563E-15));
#5363=DIRECTION('',(0.,1.,0.));
#5364=DIRECTION('',(-2.15246019537563E-15,0.,-1.));
#5365=DIRECTION('',(-1.,0.,2.15246657303547E-15));
#5366=DIRECTION('',(0.,0.,-1.));
#5367=DIRECTION('',(0.,0.,-1.));
#5368=DIRECTION('',(0.,1.,0.));
#5369=DIRECTION('',(1.,0.,0.));
#5370=DIRECTION('',(0.,0.,-1.));
#5371=DIRECTION('',(1.,0.,0.));
#5372=DIRECTION('',(1.,0.,0.));
#5373=DIRECTION('',(0.,0.,1.));
#5374=DIRECTION('',(1.,0.,0.));
#5375=DIRECTION('',(0.,-1.,0.));
#5376=DIRECTION('',(0.,0.,-1.));
#5377=DIRECTION('',(0.,-1.,0.));
#5378=DIRECTION('',(0.,0.,-1.));
#5379=DIRECTION('',(0.,0.,-1.));
#5380=DIRECTION('',(0.,-1.,0.));
#5381=DIRECTION('',(0.,0.,-1.));
#5382=DIRECTION('',(-1.,0.,0.));
#5383=DIRECTION('',(0.,0.,1.));
#5384=DIRECTION('',(0.,0.,-1.));
#5385=DIRECTION('',(0.,-1.,0.));
#5386=DIRECTION('',(0.,0.,-1.));
#5387=DIRECTION('',(0.,-1.,0.));
#5388=DIRECTION('',(-1.,0.,0.));
#5389=DIRECTION('',(0.,0.,1.));
#5390=DIRECTION('',(1.,0.,0.));
#5391=DIRECTION('',(1.,0.,0.));
#5392=DIRECTION('',(0.,-1.,0.));
#5393=DIRECTION('',(0.,0.,-1.));
#5394=DIRECTION('',(-1.,0.,0.));
#5395=DIRECTION('',(0.,-1.,0.));
#5396=DIRECTION('',(-1.,0.,1.85594559349695E-16));
#5397=DIRECTION('',(0.,-1.,0.));
#5398=DIRECTION('',(-1.,0.,1.85594559349695E-16));
#5399=DIRECTION('',(0.,-1.,0.));
#5400=DIRECTION('',(0.,0.,-1.));
#5401=DIRECTION('',(0.,1.,0.));
#5402=DIRECTION('',(-1.,0.,-1.9622384878478E-16));
#5403=DIRECTION('',(0.,1.,0.));
#5404=DIRECTION('',(-1.,0.,-1.9622384878478E-16));
#5405=DIRECTION('',(0.,-1.,0.));
#5406=DIRECTION('',(0.,-1.,0.));
#5407=DIRECTION('',(0.,0.,-1.));
#5408=DIRECTION('',(-1.,0.,0.));
#5409=DIRECTION('',(-1.,0.,0.));
#5410=DIRECTION('',(0.,0.,1.));
#5411=DIRECTION('',(1.,0.,0.));
#5412=DIRECTION('',(0.,-1.,0.));
#5413=DIRECTION('',(0.,0.,-1.));
#5414=DIRECTION('',(0.,-1.,0.));
#5415=DIRECTION('',(0.,0.,-1.));
#5416=DIRECTION('',(0.,0.,1.));
#5417=DIRECTION('',(0.,-1.,0.));
#5418=DIRECTION('',(0.,0.,1.));
#5419=DIRECTION('',(1.,0.,0.));
#5420=DIRECTION('',(0.,0.,-1.));
#5421=DIRECTION('',(0.,-1.,0.));
#5422=DIRECTION('',(1.,0.,-6.18648531165649E-17));
#5423=DIRECTION('',(0.,-1.,0.));
#5424=DIRECTION('',(1.,0.,-6.18648531165649E-17));
#5425=DIRECTION('',(0.,-1.,0.));
#5426=DIRECTION('',(0.,-1.,0.));
#5427=DIRECTION('',(0.,0.,-1.));
#5428=DIRECTION('',(1.,0.,0.));
#5429=DIRECTION('',(1.,0.,0.));
#5430=DIRECTION('',(0.,-1.,0.));
#5431=DIRECTION('',(0.,0.,-1.));
#5432=DIRECTION('',(-1.,0.,0.));
#5433=DIRECTION('',(0.,0.,1.));
#5434=DIRECTION('',(0.,0.,1.));
#5435=DIRECTION('',(0.,-1.,0.));
#5436=DIRECTION('',(1.,0.,0.));
#5437=DIRECTION('',(0.,0.,-1.));
#5438=DIRECTION('',(-1.,0.,0.));
#5439=DIRECTION('',(-1.,0.,0.));
#5440=DIRECTION('',(0.,-1.,0.));
#5441=DIRECTION('',(0.,0.,1.));
#5442=DIRECTION('',(1.,0.,0.));
#5443=DIRECTION('',(0.,1.,0.));
#5444=DIRECTION('',(0.999999999999996,0.,6.54079495949266E-17));
#5445=DIRECTION('',(0.,1.,0.));
#5446=DIRECTION('',(0.999999999999996,0.,6.54079495949266E-17));
#5447=DIRECTION('',(0.,-1.,0.));
#5448=DIRECTION('',(0.,0.,-1.));
#5449=DIRECTION('',(0.,-1.,0.));
#5450=DIRECTION('',(0.,0.,-1.));
#5451=DIRECTION('',(0.,-1.,0.));
#5452=DIRECTION('',(0.,0.,-1.));
#5453=CARTESIAN_POINT('',(0.,0.,0.));
#5454=CARTESIAN_POINT('',(6.85,8.06,1.52312566744958E-15));
#5455=CARTESIAN_POINT('',(5.85,8.06,6.62533918338718E-16));
#5456=CARTESIAN_POINT('',(6.85,8.06,6.62533918338718E-16));
#5457=CARTESIAN_POINT('',(5.85,8.06,1.66533453693773E-15));
#5458=CARTESIAN_POINT('',(5.85,1.6,1.66533453693773E-15));
#5459=CARTESIAN_POINT('',(6.85,1.6,1.52312566744958E-15));
#5460=CARTESIAN_POINT('',(6.85,1.6,6.62533918338718E-16));
#5461=CARTESIAN_POINT('',(6.85,8.06,1.51788304147971E-15));
#5462=CARTESIAN_POINT('',(-5.85,8.06,1.62270559245987E-15));
#5463=CARTESIAN_POINT('',(-6.85,8.06,6.62533918338718E-16));
#5464=CARTESIAN_POINT('',(-5.85,8.06,6.62533918338718E-16));
#5465=CARTESIAN_POINT('',(-6.85,8.06,1.55431223447522E-15));
#5466=CARTESIAN_POINT('',(-6.85,1.6,1.55431223447522E-15));
#5467=CARTESIAN_POINT('',(-5.85,1.6,1.62270559245987E-15));
#5468=CARTESIAN_POINT('',(-5.85,1.6,6.62533918338718E-16));
#5469=CARTESIAN_POINT('',(-5.85,8.06,1.62630325872826E-15));
#5470=CARTESIAN_POINT('',(9.88,79.695,8.40256683676266E-16));
#5471=CARTESIAN_POINT('',(9.88,7.15,8.40256683676266E-16));
#5472=CARTESIAN_POINT('',(9.88,5.25,8.40256683676266E-16));
#5473=CARTESIAN_POINT('',(-10.82,5.25,6.62533918338718E-16));
#5474=CARTESIAN_POINT('',(9.62169713959434,5.25,6.64073830647371E-16));
#5475=CARTESIAN_POINT('',(9.62169713959434,5.25,6.7762635780344E-16));
#5476=CARTESIAN_POINT('',(9.62169713959434,3.95,6.64073830647371E-16));
#5477=CARTESIAN_POINT('',(-10.82,3.95,6.62533918338718E-16));
#5478=CARTESIAN_POINT('',(9.88,3.95,8.40256683676266E-16));
#5479=CARTESIAN_POINT('',(9.88,79.695,8.40256683676266E-16));
#5480=CARTESIAN_POINT('',(9.88,0.548206652593336,8.40256683676266E-16));
#5481=CARTESIAN_POINT('',(10.82,1.66845502963189,0.));
#5482=CARTESIAN_POINT('',(9.42,0.,0.));
#5483=CARTESIAN_POINT('',(-10.82,0.,6.62533918338718E-16));
#5484=CARTESIAN_POINT('',(-9.42,0.,6.62533918338718E-16));
#5485=CARTESIAN_POINT('',(-9.42,0.,0.));
#5486=CARTESIAN_POINT('',(-9.88,0.548206652593336,8.4623093821082E-16));
#5487=CARTESIAN_POINT('',(-9.88,79.695,8.4623093821082E-16));
#5488=CARTESIAN_POINT('',(-9.88,3.95,8.4623093821082E-16));
#5489=CARTESIAN_POINT('',(-10.82,3.95,6.62533918338718E-16));
#5490=CARTESIAN_POINT('',(-9.62169713959434,3.95,6.64073830647371E-16));
#5491=CARTESIAN_POINT('',(-9.62169713959434,5.25,6.7762635780344E-16));
#5492=CARTESIAN_POINT('',(-9.62169713959434,5.25,6.64073830647371E-16));
#5493=CARTESIAN_POINT('',(-10.82,5.25,6.62533918338718E-16));
#5494=CARTESIAN_POINT('',(-9.88,5.25,8.46233030514737E-16));
#5495=CARTESIAN_POINT('',(-9.88,79.695,8.4623093821082E-16));
#5496=CARTESIAN_POINT('',(-9.88,7.15,8.46233030514737E-16));
#5497=CARTESIAN_POINT('',(-10.82,7.15,6.62533918338718E-16));
#5498=CARTESIAN_POINT('',(-9.5000168137989,7.15,6.50521303491303E-16));
#5499=CARTESIAN_POINT('',(-9.5000168137989,7.79,7.58941520739853E-16));
#5500=CARTESIAN_POINT('',(-9.5000168137989,7.79,6.50521303491303E-16));
#5501=CARTESIAN_POINT('',(-10.82,7.79,6.62533918338718E-16));
#5502=CARTESIAN_POINT('',(-9.88,7.79000000000001,8.46233030514737E-16));
#5503=CARTESIAN_POINT('',(-9.88,79.695,8.4623093821082E-16));
#5504=CARTESIAN_POINT('',(-9.88,8.05,8.4623093821082E-16));
#5505=CARTESIAN_POINT('',(-10.82,8.05,8.32667268468867E-16));
#5506=CARTESIAN_POINT('',(-9.885,8.05,8.46158791031342E-16));
#5507=CARTESIAN_POINT('',(-9.885,9.6,0.));
#5508=CARTESIAN_POINT('',(-9.885,9.6,6.62533918338718E-16));
#5509=CARTESIAN_POINT('',(-10.185,9.9,0.));
#5510=CARTESIAN_POINT('',(-10.185,9.9,6.62533918338718E-16));
#5511=CARTESIAN_POINT('',(-10.82,9.9,6.62533918338718E-16));
#5512=CARTESIAN_POINT('',(-7.82,9.9,6.62533918338718E-16));
#5513=CARTESIAN_POINT('',(-7.82,9.9,6.62533918338718E-16));
#5514=CARTESIAN_POINT('',(-7.82,8.75641029632469,6.50521303491303E-16));
#5515=CARTESIAN_POINT('',(-7.18,8.75641029632469,7.58941520739853E-16));
#5516=CARTESIAN_POINT('',(-7.18,8.75641029632469,7.58941520739853E-16));
#5517=CARTESIAN_POINT('',(-7.18,9.9,6.62533918338718E-16));
#5518=CARTESIAN_POINT('',(-7.18,9.9,6.62533918338718E-16));
#5519=CARTESIAN_POINT('',(-10.82,9.9,6.62533918338718E-16));
#5520=CARTESIAN_POINT('',(-4.82,9.9,6.62533918338718E-16));
#5521=CARTESIAN_POINT('',(-4.82,9.9,6.62533918338718E-16));
#5522=CARTESIAN_POINT('',(-4.82,8.75641029632469,6.50521303491303E-16));
#5523=CARTESIAN_POINT('',(-4.18,8.75641029632469,7.58941520739853E-16));
#5524=CARTESIAN_POINT('',(-4.18,8.75641029632469,7.58941520739853E-16));
#5525=CARTESIAN_POINT('',(-4.18,9.9,6.62533918338718E-16));
#5526=CARTESIAN_POINT('',(-4.18,9.9,6.62533918338718E-16));
#5527=CARTESIAN_POINT('',(-10.82,9.9,6.62533918338718E-16));
#5528=CARTESIAN_POINT('',(-1.82,9.9,6.62533918338718E-16));
#5529=CARTESIAN_POINT('',(-1.82,9.9,6.62533918338718E-16));
#5530=CARTESIAN_POINT('',(-1.82,8.75641029632469,6.50521303491303E-16));
#5531=CARTESIAN_POINT('',(-1.18,8.75641029632469,7.58941520739853E-16));
#5532=CARTESIAN_POINT('',(-1.18,8.75641029632469,7.58941520739853E-16));
#5533=CARTESIAN_POINT('',(-1.18,9.9,6.62533918338718E-16));
#5534=CARTESIAN_POINT('',(-1.18,9.9,6.62533918338718E-16));
#5535=CARTESIAN_POINT('',(-10.82,9.9,6.62533918338718E-16));
#5536=CARTESIAN_POINT('',(1.18,9.9,6.62533918338718E-16));
#5537=CARTESIAN_POINT('',(1.18,9.9,6.62533918338718E-16));
#5538=CARTESIAN_POINT('',(1.18,8.75641029632469,6.50521303491303E-16));
#5539=CARTESIAN_POINT('',(1.82,8.75641029632469,7.58941520739853E-16));
#5540=CARTESIAN_POINT('',(1.82,8.75641029632469,7.58941520739853E-16));
#5541=CARTESIAN_POINT('',(1.82,9.9,6.62533918338718E-16));
#5542=CARTESIAN_POINT('',(1.82,9.9,6.62533918338718E-16));
#5543=CARTESIAN_POINT('',(-10.82,9.9,6.62533918338718E-16));
#5544=CARTESIAN_POINT('',(4.18,9.9,6.62533918338718E-16));
#5545=CARTESIAN_POINT('',(4.18,9.9,6.62533918338718E-16));
#5546=CARTESIAN_POINT('',(4.18,8.75641029632469,6.50521303491303E-16));
#5547=CARTESIAN_POINT('',(4.82,8.75641029632469,7.58941520739853E-16));
#5548=CARTESIAN_POINT('',(4.82,8.75641029632469,7.58941520739853E-16));
#5549=CARTESIAN_POINT('',(4.82,9.9,6.62533918338718E-16));
#5550=CARTESIAN_POINT('',(4.82,9.9,6.62533918338718E-16));
#5551=CARTESIAN_POINT('',(-10.82,9.9,6.62533918338718E-16));
#5552=CARTESIAN_POINT('',(7.18,9.9,6.62533918338718E-16));
#5553=CARTESIAN_POINT('',(7.18,9.9,6.62533918338718E-16));
#5554=CARTESIAN_POINT('',(7.18,8.75641029632469,6.50521303491303E-16));
#5555=CARTESIAN_POINT('',(7.82,8.75641029632469,7.58941520739853E-16));
#5556=CARTESIAN_POINT('',(7.82,8.75641029632469,7.58941520739853E-16));
#5557=CARTESIAN_POINT('',(7.82,9.9,6.62533918338718E-16));
#5558=CARTESIAN_POINT('',(7.82,9.9,6.62533918338718E-16));
#5559=CARTESIAN_POINT('',(-10.82,9.9,6.62533918338718E-16));
#5560=CARTESIAN_POINT('',(10.185,9.9,0.));
#5561=CARTESIAN_POINT('',(10.185,9.9,0.));
#5562=CARTESIAN_POINT('',(9.885,9.6,0.));
#5563=CARTESIAN_POINT('',(9.885,9.6,0.));
#5564=CARTESIAN_POINT('',(9.885,8.05,8.46158791031342E-16));
#5565=CARTESIAN_POINT('',(9.88,8.05,8.4623093821082E-16));
#5566=CARTESIAN_POINT('',(9.88,8.05,8.40256683676266E-16));
#5567=CARTESIAN_POINT('',(9.88,79.695,8.40256683676266E-16));
#5568=CARTESIAN_POINT('',(9.88,7.79000000000001,8.40256683676266E-16));
#5569=CARTESIAN_POINT('',(-10.82,7.79,6.62533918338718E-16));
#5570=CARTESIAN_POINT('',(9.5000168137989,7.79,6.50521303491303E-16));
#5571=CARTESIAN_POINT('',(9.5000168137989,7.79,7.58941520739853E-16));
#5572=CARTESIAN_POINT('',(9.5000168137989,7.15,6.50521303491303E-16));
#5573=CARTESIAN_POINT('',(-10.82,7.15,6.62533918338718E-16));
#5574=CARTESIAN_POINT('',(-10.82,9.9,6.62533918338718E-16));
#5575=CARTESIAN_POINT('',(10.1053239431684,5.25,0.130000000000001));
#5576=CARTESIAN_POINT('',(9.88,5.25,0.130000000000001));
#5577=CARTESIAN_POINT('',(10.07,5.25,0.130000000000001));
#5578=CARTESIAN_POINT('',(9.88,79.695,0.130000000000001));
#5579=CARTESIAN_POINT('',(9.88,7.15,0.130000000000001));
#5580=CARTESIAN_POINT('',(10.1053239431684,7.15,0.130000000000001));
#5581=CARTESIAN_POINT('',(9.94997086017546,7.15,0.130000000000001));
#5582=CARTESIAN_POINT('',(9.94997086017546,7.79,0.130000000000001));
#5583=CARTESIAN_POINT('',(9.94997086017546,7.79,0.130000000000001));
#5584=CARTESIAN_POINT('',(10.1053239431684,7.79000000000001,0.130000000000001));
#5585=CARTESIAN_POINT('',(9.88,7.79000000000001,0.130000000000001));
#5586=CARTESIAN_POINT('',(9.88,79.695,0.130000000000001));
#5587=CARTESIAN_POINT('',(9.88,8.05,0.130000000000001));
#5588=CARTESIAN_POINT('',(10.1053239431684,8.05,0.130000000000001));
#5589=CARTESIAN_POINT('',(10.1053239431684,8.05,0.130000000000001));
#5590=CARTESIAN_POINT('',(10.1053239431684,79.695,0.130000000000001));
#5591=CARTESIAN_POINT('',(10.1053239431684,0.816737271361764,0.129999999999998));
#5592=CARTESIAN_POINT('',(10.82,1.66845502963189,0.129999999999998));
#5593=CARTESIAN_POINT('',(9.87999999999999,0.548206652593315,0.13));
#5594=CARTESIAN_POINT('',(9.88,79.695,0.130000000000001));
#5595=CARTESIAN_POINT('',(9.88,3.95,0.130000000000001));
#5596=CARTESIAN_POINT('',(10.1053239431684,3.95,0.130000000000001));
#5597=CARTESIAN_POINT('',(10.07,3.95,0.130000000000001));
#5598=CARTESIAN_POINT('',(10.07,79.695,0.130000000000001));
#5599=CARTESIAN_POINT('',(10.1053239431684,79.695,0.130000000000001));
#5600=CARTESIAN_POINT('',(9.88,5.25,0.130000000000001));
#5601=CARTESIAN_POINT('',(9.88,7.15,0.130000000000001));
#5602=CARTESIAN_POINT('',(9.88,79.695,0.130000000000001));
#5603=CARTESIAN_POINT('',(-9.88,5.25,0.130000000000001));
#5604=CARTESIAN_POINT('',(-10.07,5.25,0.130000000000001));
#5605=CARTESIAN_POINT('',(-9.88,5.25,0.130000000000001));
#5606=CARTESIAN_POINT('',(-10.07,79.695,0.130000000000001));
#5607=CARTESIAN_POINT('',(-10.07,3.95,0.130000000000001));
#5608=CARTESIAN_POINT('',(-9.88,3.95,0.130000000000001));
#5609=CARTESIAN_POINT('',(-9.88,3.95,0.130000000000001));
#5610=CARTESIAN_POINT('',(-9.88,79.695,0.130000000000001));
#5611=CARTESIAN_POINT('',(-9.87999999999999,0.548206652593315,0.13));
#5612=CARTESIAN_POINT('',(-9.42,0.,0.129999999999998));
#5613=CARTESIAN_POINT('',(-10.1053239431684,0.816737271361764,0.129999999999995));
#5614=CARTESIAN_POINT('',(-10.1053239431684,79.695,0.130000000000001));
#5615=CARTESIAN_POINT('',(-10.1053239431684,8.05,0.130000000000001));
#5616=CARTESIAN_POINT('',(-9.88,8.05,0.130000000000001));
#5617=CARTESIAN_POINT('',(-9.88,8.05,0.130000000000001));
#5618=CARTESIAN_POINT('',(-9.88,79.695,0.130000000000001));
#5619=CARTESIAN_POINT('',(-9.88,7.79000000000001,0.130000000000001));
#5620=CARTESIAN_POINT('',(-9.88,7.79000000000001,0.130000000000001));
#5621=CARTESIAN_POINT('',(-9.94997086017546,7.79,0.130000000000001));
#5622=CARTESIAN_POINT('',(-9.94997086017546,7.79,0.130000000000001));
#5623=CARTESIAN_POINT('',(-9.94997086017546,7.15,0.130000000000001));
#5624=CARTESIAN_POINT('',(-9.88,7.15,0.130000000000001));
#5625=CARTESIAN_POINT('',(-9.88,7.15,0.130000000000001));
#5626=CARTESIAN_POINT('',(-9.88,79.695,0.130000000000001));
#5627=CARTESIAN_POINT('',(-9.88,79.695,0.130000000000001));
#5628=CARTESIAN_POINT('',(-9.88,5.25,8.32667268468867E-16));
#5629=CARTESIAN_POINT('',(-9.88,7.15,8.32667268468867E-16));
#5630=CARTESIAN_POINT('',(-9.88,79.695,8.32667268468867E-16));
#5631=CARTESIAN_POINT('',(9.88,7.79000000000001,0.130000000000001));
#5632=CARTESIAN_POINT('',(9.88,8.05,0.130000000000001));
#5633=CARTESIAN_POINT('',(9.88,79.695,0.130000000000001));
#5634=CARTESIAN_POINT('',(-9.88,7.79000000000001,8.32667268468867E-16));
#5635=CARTESIAN_POINT('',(-9.88,8.05,8.32667268468867E-16));
#5636=CARTESIAN_POINT('',(-9.88,79.695,8.32667268468867E-16));
#5637=CARTESIAN_POINT('',(10.82,79.695,0.510000000000001));
#5638=CARTESIAN_POINT('',(10.82,8.05,0.510000000000001));
#5639=CARTESIAN_POINT('',(10.82,1.66845502963189,0.51));
#5640=CARTESIAN_POINT('',(10.82,8.05,-0.51));
#5641=CARTESIAN_POINT('',(10.82,8.05,-0.51));
#5642=CARTESIAN_POINT('',(10.82,8.05,-0.51));
#5643=CARTESIAN_POINT('',(10.82,9.9,-0.51));
#5644=CARTESIAN_POINT('',(10.82,9.9,4.44089209850063E-16));
#5645=CARTESIAN_POINT('',(10.82,9.9,3.86));
#5646=CARTESIAN_POINT('',(10.82,9.9,3.86));
#5647=CARTESIAN_POINT('',(10.82,1.66845502963189,3.86));
#5648=CARTESIAN_POINT('',(10.82,1.66845502963189,38.214));
#5649=CARTESIAN_POINT('',(10.82,1.66845502963189,3.22));
#5650=CARTESIAN_POINT('',(10.82,1.66845502963189,3.22));
#5651=CARTESIAN_POINT('',(10.82,1.66845502963189,1.15));
#5652=CARTESIAN_POINT('',(10.82,1.66845502963189,38.214));
#5653=CARTESIAN_POINT('',(10.82,9.9,4.44089209850063E-16));
#5654=CARTESIAN_POINT('',(-10.82,8.05,-0.51));
#5655=CARTESIAN_POINT('',(-10.82,8.05,0.510000000000001));
#5656=CARTESIAN_POINT('',(-10.82,8.05,-0.51));
#5657=CARTESIAN_POINT('',(-10.82,79.695,0.510000000000001));
#5658=CARTESIAN_POINT('',(-10.82,1.6684550296319,0.509999999999999));
#5659=CARTESIAN_POINT('',(-10.82,1.66845502963189,38.214));
#5660=CARTESIAN_POINT('',(-10.82,1.66845502963189,1.15));
#5661=CARTESIAN_POINT('',(-10.82,1.66845502963189,3.22));
#5662=CARTESIAN_POINT('',(-10.82,1.66845502963189,3.22));
#5663=CARTESIAN_POINT('',(-10.82,1.66845502963189,38.214));
#5664=CARTESIAN_POINT('',(-10.82,1.66845502963189,3.86));
#5665=CARTESIAN_POINT('',(-10.82,9.9,3.85999999999999));
#5666=CARTESIAN_POINT('',(-10.82,9.9,3.85999999999999));
#5667=CARTESIAN_POINT('',(-10.82,9.9,3.85999999999999));
#5668=CARTESIAN_POINT('',(-10.82,9.9,-0.51));
#5669=CARTESIAN_POINT('',(-10.82,8.05,-0.51));
#5670=CARTESIAN_POINT('',(-10.82,9.9,3.85999999999999));
#5671=CARTESIAN_POINT('',(-10.82,1.66845502963189,3.22));
#5672=CARTESIAN_POINT('',(-9.42,0.,3.22));
#5673=CARTESIAN_POINT('',(-9.42,0.,38.214));
#5674=CARTESIAN_POINT('',(-9.42,0.,3.86));
#5675=CARTESIAN_POINT('',(-9.41999999999999,-7.11919809283555E-15,3.86));
#5676=CARTESIAN_POINT('',(-9.42,0.,38.214));
#5677=CARTESIAN_POINT('',(9.42,0.,38.214));
#5678=CARTESIAN_POINT('',(9.42,0.,3.86));
#5679=CARTESIAN_POINT('',(9.42,0.,3.22));
#5680=CARTESIAN_POINT('',(9.42,0.,3.22));
#5681=CARTESIAN_POINT('',(10.82,1.6684550296319,3.86));
#5682=CARTESIAN_POINT('',(10.82,1.66845502963189,38.214));
#5683=CARTESIAN_POINT('',(-8.77,0.,3.19999999999999));
#5684=CARTESIAN_POINT('',(-8.77,0.,3.19999999999999));
#5685=CARTESIAN_POINT('',(-8.77,0.,0.659999999999996));
#5686=CARTESIAN_POINT('',(-6.23,0.,3.2));
#5687=CARTESIAN_POINT('',(-6.23,0.,3.2));
#5688=CARTESIAN_POINT('',(-6.23,0.,1.30999999999999));
#5689=CARTESIAN_POINT('',(-6.23,0.,1.30999999999999));
#5690=CARTESIAN_POINT('',(-6.88,0.,0.659999999999996));
#5691=CARTESIAN_POINT('',(-6.88,0.,0.659999999999996));
#5692=CARTESIAN_POINT('',(-8.77,0.,0.659999999999996));
#5693=CARTESIAN_POINT('',(-5.77,0.,3.2));
#5694=CARTESIAN_POINT('',(-5.77,0.,3.2));
#5695=CARTESIAN_POINT('',(-5.77,0.,0.659999999999996));
#5696=CARTESIAN_POINT('',(-3.23,0.,3.2));
#5697=CARTESIAN_POINT('',(-3.23,0.,3.2));
#5698=CARTESIAN_POINT('',(-3.23,0.,1.30999999999999));
#5699=CARTESIAN_POINT('',(-3.23,0.,1.30999999999999));
#5700=CARTESIAN_POINT('',(-3.88,0.,0.659999999999996));
#5701=CARTESIAN_POINT('',(-3.88,0.,0.659999999999996));
#5702=CARTESIAN_POINT('',(-5.77,0.,0.659999999999996));
#5703=CARTESIAN_POINT('',(-2.77,0.,3.2));
#5704=CARTESIAN_POINT('',(-2.77,0.,3.2));
#5705=CARTESIAN_POINT('',(-2.77,0.,1.30999999999999));
#5706=CARTESIAN_POINT('',(-0.229999999999998,0.,3.2));
#5707=CARTESIAN_POINT('',(-0.229999999999998,0.,3.2));
#5708=CARTESIAN_POINT('',(-0.229999999999997,0.,0.659999999999993));
#5709=CARTESIAN_POINT('',(-0.229999999999997,0.,0.659999999999993));
#5710=CARTESIAN_POINT('',(-2.12,0.,0.659999999999994));
#5711=CARTESIAN_POINT('',(-2.12,0.,0.659999999999994));
#5712=CARTESIAN_POINT('',(-2.77,0.,1.30999999999999));
#5713=CARTESIAN_POINT('',(0.229999999999998,0.,3.2));
#5714=CARTESIAN_POINT('',(0.229999999999998,0.,3.2));
#5715=CARTESIAN_POINT('',(0.229999999999998,0.,1.30999999999999));
#5716=CARTESIAN_POINT('',(2.77,0.,3.2));
#5717=CARTESIAN_POINT('',(2.77,0.,3.2));
#5718=CARTESIAN_POINT('',(2.77,0.,0.659999999999993));
#5719=CARTESIAN_POINT('',(2.77,0.,0.659999999999993));
#5720=CARTESIAN_POINT('',(0.879999999999999,0.,0.659999999999994));
#5721=CARTESIAN_POINT('',(0.879999999999999,0.,0.659999999999994));
#5722=CARTESIAN_POINT('',(0.229999999999998,0.,1.30999999999999));
#5723=CARTESIAN_POINT('',(3.23,0.,3.2));
#5724=CARTESIAN_POINT('',(3.23,0.,3.2));
#5725=CARTESIAN_POINT('',(3.23,0.,0.659999999999993));
#5726=CARTESIAN_POINT('',(5.77,0.,3.2));
#5727=CARTESIAN_POINT('',(5.77,0.,3.2));
#5728=CARTESIAN_POINT('',(5.77,0.,0.659999999999995));
#5729=CARTESIAN_POINT('',(5.77,0.,0.659999999999995));
#5730=CARTESIAN_POINT('',(3.23,0.,0.659999999999993));
#5731=CARTESIAN_POINT('',(6.23,0.,3.2));
#5732=CARTESIAN_POINT('',(6.23,0.,3.2));
#5733=CARTESIAN_POINT('',(6.23,0.,0.659999999999996));
#5734=CARTESIAN_POINT('',(8.77,0.,3.2));
#5735=CARTESIAN_POINT('',(8.77,0.,3.2));
#5736=CARTESIAN_POINT('',(8.77,0.,1.30999999999999));
#5737=CARTESIAN_POINT('',(8.77,0.,1.30999999999999));
#5738=CARTESIAN_POINT('',(8.12,0.,0.659999999999996));
#5739=CARTESIAN_POINT('',(8.12,0.,0.659999999999996));
#5740=CARTESIAN_POINT('',(6.23,0.,0.659999999999996));
#5741=CARTESIAN_POINT('',(10.82,0.,3.86));
#5742=CARTESIAN_POINT('',(-9.42,0.,3.22));
#5743=CARTESIAN_POINT('',(-9.42,0.,1.15));
#5744=CARTESIAN_POINT('',(-9.42,0.,38.214));
#5745=CARTESIAN_POINT('',(9.42,0.,38.214));
#5746=CARTESIAN_POINT('',(9.42,0.,1.15));
#5747=CARTESIAN_POINT('',(9.42,0.,3.22));
#5748=CARTESIAN_POINT('',(0.,0.,0.));
#5749=CARTESIAN_POINT('',(10.82,9.9,3.86));
#5750=CARTESIAN_POINT('',(1.3,0.54,3.85999999999998));
#5751=CARTESIAN_POINT('',(1.3,0.54,3.85999999999998));
#5752=CARTESIAN_POINT('',(-1.3,0.54,3.85999999999998));
#5753=CARTESIAN_POINT('',(-1.3,0.54,3.85999999999998));
#5754=CARTESIAN_POINT('',(-1.3,2.95,3.85999999999998));
#5755=CARTESIAN_POINT('',(1.3,2.95,3.85999999999998));
#5756=CARTESIAN_POINT('',(1.3,2.95,3.85999999999998));
#5757=CARTESIAN_POINT('',(1.3,0.54,3.85999999999998));
#5758=CARTESIAN_POINT('',(10.82,9.9,3.86));
#5759=CARTESIAN_POINT('',(-7.18,9.9,0.));
#5760=CARTESIAN_POINT('',(-7.18,9.9,0.0700000000000013));
#5761=CARTESIAN_POINT('',(0.,9.9,0.0700000000000013));
#5762=CARTESIAN_POINT('',(-7.82,9.9,0.0700000000000013));
#5763=CARTESIAN_POINT('',(-7.82,9.9,0.));
#5764=CARTESIAN_POINT('',(-10.185,9.9,-0.51));
#5765=CARTESIAN_POINT('',(-10.185,9.9,-0.51));
#5766=CARTESIAN_POINT('',(-10.82,9.9,-0.51));
#5767=CARTESIAN_POINT('',(10.82,9.9,-0.51));
#5768=CARTESIAN_POINT('',(10.185,9.9,-0.51));
#5769=CARTESIAN_POINT('',(10.185,9.9,-0.51));
#5770=CARTESIAN_POINT('',(7.82,9.9,0.));
#5771=CARTESIAN_POINT('',(7.82,9.9,0.0700000000000013));
#5772=CARTESIAN_POINT('',(0.,9.9,0.0700000000000013));
#5773=CARTESIAN_POINT('',(7.18,9.9,0.0700000000000013));
#5774=CARTESIAN_POINT('',(7.18,9.9,0.));
#5775=CARTESIAN_POINT('',(4.82,9.9,0.));
#5776=CARTESIAN_POINT('',(4.82,9.9,0.0700000000000013));
#5777=CARTESIAN_POINT('',(0.,9.9,0.0700000000000013));
#5778=CARTESIAN_POINT('',(4.18,9.9,0.0700000000000013));
#5779=CARTESIAN_POINT('',(4.18,9.9,0.));
#5780=CARTESIAN_POINT('',(1.82,9.9,0.));
#5781=CARTESIAN_POINT('',(1.82,9.9,0.0700000000000013));
#5782=CARTESIAN_POINT('',(0.,9.9,0.0700000000000013));
#5783=CARTESIAN_POINT('',(1.18,9.9,0.0700000000000013));
#5784=CARTESIAN_POINT('',(1.18,9.9,0.));
#5785=CARTESIAN_POINT('',(-1.18,9.9,0.));
#5786=CARTESIAN_POINT('',(-1.18,9.9,0.0700000000000013));
#5787=CARTESIAN_POINT('',(0.,9.9,0.0700000000000013));
#5788=CARTESIAN_POINT('',(-1.82,9.9,0.0700000000000013));
#5789=CARTESIAN_POINT('',(-1.82,9.9,0.));
#5790=CARTESIAN_POINT('',(-4.18,9.9,0.));
#5791=CARTESIAN_POINT('',(-4.18,9.9,0.0700000000000013));
#5792=CARTESIAN_POINT('',(0.,9.9,0.0700000000000013));
#5793=CARTESIAN_POINT('',(-4.82,9.9,0.0700000000000013));
#5794=CARTESIAN_POINT('',(-4.82,9.9,0.));
#5795=CARTESIAN_POINT('',(0.,9.9,0.));
#5796=CARTESIAN_POINT('',(-1.3,2.2,5.05999999999998));
#5797=CARTESIAN_POINT('',(-1.3,2.2,5.05999999999998));
#5798=CARTESIAN_POINT('',(1.3,2.2,5.05999999999998));
#5799=CARTESIAN_POINT('',(1.3,2.2,5.05999999999998));
#5800=CARTESIAN_POINT('',(1.3,2.2,5.05999999999998));
#5801=CARTESIAN_POINT('',(1.3,2.2,5.05999999999998));
#5802=CARTESIAN_POINT('',(-1.3,2.95,3.85999999999999));
#5803=CARTESIAN_POINT('',(-1.3,2.95,5.05999999999998));
#5804=CARTESIAN_POINT('',(1.3,2.95,5.05999999999998));
#5805=CARTESIAN_POINT('',(1.3,2.95,5.05999999999998));
#5806=CARTESIAN_POINT('',(1.3,2.95,3.85999999999999));
#5807=CARTESIAN_POINT('',(1.3,2.95,3.85999999999999));
#5808=CARTESIAN_POINT('',(-1.3,2.95,5.05999999999998));
#5809=CARTESIAN_POINT('',(1.3,2.95,5.05999999999998));
#5810=CARTESIAN_POINT('',(1.3,2.95,5.05999999999998));
#5811=CARTESIAN_POINT('',(1.3,0.,0.));
#5812=CARTESIAN_POINT('',(-1.3,0.,0.));
#5813=CARTESIAN_POINT('',(-9.88,0.548206652593339,38.214));
#5814=CARTESIAN_POINT('',(-10.82,1.66845502963189,1.15));
#5815=CARTESIAN_POINT('',(-16.9832398241984,9.01351823214007,3.78705274411793));
#5816=CARTESIAN_POINT('',(-9.42,0.,38.214));
#5817=CARTESIAN_POINT('',(9.88,0.548206652593339,38.214));
#5818=CARTESIAN_POINT('',(18.2368091450826,10.5074639738697,4.45358737527353));
#5819=CARTESIAN_POINT('',(9.42,0.,1.15));
#5820=CARTESIAN_POINT('',(10.82,1.66845502963189,38.214));
#5821=CARTESIAN_POINT('',(9.42,1.66845502963189,1.15));
#5822=CARTESIAN_POINT('',(9.42,1.66845502963189,1.15));
#5823=CARTESIAN_POINT('',(9.42,1.66845502963189,3.22));
#5824=CARTESIAN_POINT('',(9.42,1.66845502963189,3.22));
#5825=CARTESIAN_POINT('',(9.42,1.66845502963189,3.22));
#5826=CARTESIAN_POINT('',(9.42,1.66845502963189,3.22));
#5827=CARTESIAN_POINT('',(10.82,1.66845502963189,1.15));
#5828=CARTESIAN_POINT('',(10.82,1.66845502963189,3.22));
#5829=CARTESIAN_POINT('',(10.82,1.66845502963189,3.22));
#5830=CARTESIAN_POINT('',(0.,0.,3.22));
#5831=CARTESIAN_POINT('',(0.,0.,1.15));
#5832=CARTESIAN_POINT('',(-9.42,0.,1.15));
#5833=CARTESIAN_POINT('',(-9.42,1.66845502963189,1.15));
#5834=CARTESIAN_POINT('',(-9.42,0.,3.22));
#5835=CARTESIAN_POINT('',(-9.42,1.66845502963189,3.22));
#5836=CARTESIAN_POINT('',(-9.42,1.66845502963189,3.22));
#5837=CARTESIAN_POINT('',(-9.42,0.,3.22));
#5838=CARTESIAN_POINT('',(-9.42,1.66845502963189,1.15));
#5839=CARTESIAN_POINT('',(-9.42,1.66845502963189,3.22));
#5840=CARTESIAN_POINT('',(-9.42,1.66845502963189,3.22));
#5841=CARTESIAN_POINT('',(0.,0.,3.22));
#5842=CARTESIAN_POINT('',(0.,0.,1.15));
#5843=CARTESIAN_POINT('',(9.885,9.6,-0.51));
#5844=CARTESIAN_POINT('',(9.885,9.6,-0.51));
#5845=CARTESIAN_POINT('',(9.885,9.6,-0.51));
#5846=CARTESIAN_POINT('',(9.885,8.05,-0.51));
#5847=CARTESIAN_POINT('',(9.885,8.05,-0.51));
#5848=CARTESIAN_POINT('',(9.885,9.6,-0.51));
#5849=CARTESIAN_POINT('',(10.82,8.05,0.510000000000001));
#5850=CARTESIAN_POINT('',(9.885,8.05,-0.51));
#5851=CARTESIAN_POINT('',(9.885,8.05,-0.51));
#5852=CARTESIAN_POINT('',(10.185,9.9,-0.51));
#5853=CARTESIAN_POINT('',(10.185,9.9,-0.51));
#5854=CARTESIAN_POINT('',(0.,0.,-0.51));
#5855=CARTESIAN_POINT('',(-9.885,9.6,-0.51));
#5856=CARTESIAN_POINT('',(-9.885,9.6,-0.51));
#5857=CARTESIAN_POINT('',(-10.185,9.9,-0.51));
#5858=CARTESIAN_POINT('',(-10.185,9.9,-0.51));
#5859=CARTESIAN_POINT('',(-9.885,8.05,-0.51));
#5860=CARTESIAN_POINT('',(-9.885,8.05,-0.51));
#5861=CARTESIAN_POINT('',(-9.885,9.6,-0.51));
#5862=CARTESIAN_POINT('',(-9.885,9.6,-0.51));
#5863=CARTESIAN_POINT('',(-10.1053239431684,8.05,0.130000000000001));
#5864=CARTESIAN_POINT('',(-9.885,8.05,-0.51));
#5865=CARTESIAN_POINT('',(-9.885,8.05,-0.51));
#5866=CARTESIAN_POINT('',(0.,0.,-0.51));
#5867=CARTESIAN_POINT('',(9.88,3.95,0.130000000000001));
#5868=CARTESIAN_POINT('',(9.88,79.695,0.130000000000001));
#5869=CARTESIAN_POINT('',(10.82,79.695,0.510000000000001));
#5870=CARTESIAN_POINT('',(-9.88,3.95,8.32667268468867E-16));
#5871=CARTESIAN_POINT('',(-9.88,79.695,8.32667268468867E-16));
#5872=CARTESIAN_POINT('',(-10.1053239431684,79.695,0.130000000000001));
#5873=CARTESIAN_POINT('',(6.23,6.6,0.659999999999996));
#5874=CARTESIAN_POINT('',(6.23,6.6,0.659999999999996));
#5875=CARTESIAN_POINT('',(6.23,6.6,3.2));
#5876=CARTESIAN_POINT('',(6.23,6.6,3.2));
#5877=CARTESIAN_POINT('',(6.23,6.6,3.2));
#5878=CARTESIAN_POINT('',(6.23,6.6,3.2));
#5879=CARTESIAN_POINT('',(8.12,6.6,0.659999999999996));
#5880=CARTESIAN_POINT('',(8.12,6.6,0.659999999999996));
#5881=CARTESIAN_POINT('',(6.23,6.6,0.659999999999996));
#5882=CARTESIAN_POINT('',(6.23,6.6,0.659999999999996));
#5883=CARTESIAN_POINT('',(8.77,6.6,1.30999999999999));
#5884=CARTESIAN_POINT('',(8.77,6.6,1.30999999999999));
#5885=CARTESIAN_POINT('',(8.12,6.6,0.659999999999996));
#5886=CARTESIAN_POINT('',(8.12,6.6,0.659999999999996));
#5887=CARTESIAN_POINT('',(8.77,6.6,3.2));
#5888=CARTESIAN_POINT('',(8.77,6.6,3.2));
#5889=CARTESIAN_POINT('',(8.77,6.6,1.30999999999999));
#5890=CARTESIAN_POINT('',(8.77,6.6,1.30999999999999));
#5891=CARTESIAN_POINT('',(8.77,6.6,3.2));
#5892=CARTESIAN_POINT('',(8.77,6.6,3.2));
#5893=CARTESIAN_POINT('',(7.82,6.6,0.));
#5894=CARTESIAN_POINT('',(7.82,6.6,1.54330383596304));
#5895=CARTESIAN_POINT('',(7.82,6.6,2.37669616403676));
#5896=CARTESIAN_POINT('',(7.82,6.6,1.54330383596304));
#5897=CARTESIAN_POINT('',(7.18,6.6,1.54330383596304));
#5898=CARTESIAN_POINT('',(7.18,6.6,0.));
#5899=CARTESIAN_POINT('',(7.18,6.6,2.37669616403676));
#5900=CARTESIAN_POINT('',(7.82,6.6,2.37669616403676));
#5901=CARTESIAN_POINT('',(0.,6.6,0.));
#5902=CARTESIAN_POINT('',(3.23,6.6,0.659999999999993));
#5903=CARTESIAN_POINT('',(3.23,6.6,0.659999999999993));
#5904=CARTESIAN_POINT('',(3.23,6.6,3.2));
#5905=CARTESIAN_POINT('',(3.23,6.6,3.2));
#5906=CARTESIAN_POINT('',(3.23,6.6,3.2));
#5907=CARTESIAN_POINT('',(3.23,6.6,3.2));
#5908=CARTESIAN_POINT('',(5.77,6.6,0.659999999999995));
#5909=CARTESIAN_POINT('',(5.77,6.6,0.659999999999995));
#5910=CARTESIAN_POINT('',(3.23,6.6,0.659999999999993));
#5911=CARTESIAN_POINT('',(3.23,6.6,0.659999999999993));
#5912=CARTESIAN_POINT('',(5.77,6.6,3.2));
#5913=CARTESIAN_POINT('',(5.77,6.6,3.2));
#5914=CARTESIAN_POINT('',(5.77,6.6,0.659999999999995));
#5915=CARTESIAN_POINT('',(5.77,6.6,0.659999999999995));
#5916=CARTESIAN_POINT('',(5.77,6.6,3.2));
#5917=CARTESIAN_POINT('',(5.77,6.6,3.2));
#5918=CARTESIAN_POINT('',(4.82,6.6,0.));
#5919=CARTESIAN_POINT('',(4.82,6.6,1.54330383596304));
#5920=CARTESIAN_POINT('',(4.82,6.6,2.37669616403676));
#5921=CARTESIAN_POINT('',(4.82,6.6,1.54330383596304));
#5922=CARTESIAN_POINT('',(4.18,6.6,1.54330383596304));
#5923=CARTESIAN_POINT('',(4.18,6.6,0.));
#5924=CARTESIAN_POINT('',(4.18,6.6,2.37669616403676));
#5925=CARTESIAN_POINT('',(4.82,6.6,2.37669616403676));
#5926=CARTESIAN_POINT('',(0.,6.6,0.));
#5927=CARTESIAN_POINT('',(0.229999999999998,6.6,1.30999999999999));
#5928=CARTESIAN_POINT('',(0.229999999999998,6.6,1.30999999999999));
#5929=CARTESIAN_POINT('',(0.229999999999998,6.6,3.2));
#5930=CARTESIAN_POINT('',(0.229999999999998,6.6,3.2));
#5931=CARTESIAN_POINT('',(0.229999999999998,6.6,3.2));
#5932=CARTESIAN_POINT('',(0.229999999999998,6.6,3.2));
#5933=CARTESIAN_POINT('',(0.879999999999999,6.6,0.659999999999994));
#5934=CARTESIAN_POINT('',(0.879999999999999,6.6,0.659999999999994));
#5935=CARTESIAN_POINT('',(0.229999999999998,6.6,1.30999999999999));
#5936=CARTESIAN_POINT('',(0.229999999999998,6.6,1.30999999999999));
#5937=CARTESIAN_POINT('',(2.77,6.6,0.659999999999993));
#5938=CARTESIAN_POINT('',(2.77,6.6,0.659999999999993));
#5939=CARTESIAN_POINT('',(0.879999999999999,6.6,0.659999999999994));
#5940=CARTESIAN_POINT('',(0.879999999999999,6.6,0.659999999999994));
#5941=CARTESIAN_POINT('',(2.77,6.6,3.2));
#5942=CARTESIAN_POINT('',(2.77,6.6,3.2));
#5943=CARTESIAN_POINT('',(2.77,6.6,0.659999999999993));
#5944=CARTESIAN_POINT('',(2.77,6.6,0.659999999999993));
#5945=CARTESIAN_POINT('',(2.77,6.6,3.2));
#5946=CARTESIAN_POINT('',(2.77,6.6,3.2));
#5947=CARTESIAN_POINT('',(1.82,6.6,0.));
#5948=CARTESIAN_POINT('',(1.82,6.6,1.54330383596304));
#5949=CARTESIAN_POINT('',(1.82,6.6,2.37669616403676));
#5950=CARTESIAN_POINT('',(1.82,6.6,1.54330383596304));
#5951=CARTESIAN_POINT('',(1.18,6.6,1.54330383596304));
#5952=CARTESIAN_POINT('',(1.18,6.6,0.));
#5953=CARTESIAN_POINT('',(1.18,6.6,2.37669616403676));
#5954=CARTESIAN_POINT('',(1.82,6.6,2.37669616403676));
#5955=CARTESIAN_POINT('',(0.,6.6,0.));
#5956=CARTESIAN_POINT('',(-2.77,6.6,1.30999999999999));
#5957=CARTESIAN_POINT('',(-2.77,6.6,1.30999999999999));
#5958=CARTESIAN_POINT('',(-2.77,6.6,3.2));
#5959=CARTESIAN_POINT('',(-2.77,6.6,3.2));
#5960=CARTESIAN_POINT('',(-2.77,6.6,3.2));
#5961=CARTESIAN_POINT('',(-2.77,6.6,3.2));
#5962=CARTESIAN_POINT('',(-2.12,6.6,0.659999999999994));
#5963=CARTESIAN_POINT('',(-2.12,6.6,0.659999999999994));
#5964=CARTESIAN_POINT('',(-2.77,6.6,1.30999999999999));
#5965=CARTESIAN_POINT('',(-2.77,6.6,1.30999999999999));
#5966=CARTESIAN_POINT('',(-0.229999999999997,6.6,0.659999999999993));
#5967=CARTESIAN_POINT('',(-0.229999999999997,6.6,0.659999999999993));
#5968=CARTESIAN_POINT('',(-2.12,6.6,0.659999999999994));
#5969=CARTESIAN_POINT('',(-2.12,6.6,0.659999999999994));
#5970=CARTESIAN_POINT('',(-0.229999999999998,6.6,3.2));
#5971=CARTESIAN_POINT('',(-0.229999999999998,6.6,3.2));
#5972=CARTESIAN_POINT('',(-0.229999999999997,6.6,0.659999999999993));
#5973=CARTESIAN_POINT('',(-0.229999999999997,6.6,0.659999999999993));
#5974=CARTESIAN_POINT('',(-0.229999999999998,6.6,3.2));
#5975=CARTESIAN_POINT('',(-0.229999999999998,6.6,3.2));
#5976=CARTESIAN_POINT('',(-1.18,6.6,0.));
#5977=CARTESIAN_POINT('',(-1.18,6.6,1.54330383596304));
#5978=CARTESIAN_POINT('',(-1.18,6.6,2.37669616403676));
#5979=CARTESIAN_POINT('',(-1.18,6.6,1.54330383596304));
#5980=CARTESIAN_POINT('',(-1.82,6.6,1.54330383596304));
#5981=CARTESIAN_POINT('',(-1.82,6.6,0.));
#5982=CARTESIAN_POINT('',(-1.82,6.6,2.37669616403676));
#5983=CARTESIAN_POINT('',(-1.18,6.6,2.37669616403676));
#5984=CARTESIAN_POINT('',(0.,6.6,0.));
#5985=CARTESIAN_POINT('',(-5.77,6.6,0.659999999999996));
#5986=CARTESIAN_POINT('',(-5.77,6.6,0.659999999999996));
#5987=CARTESIAN_POINT('',(-5.77,6.6,3.2));
#5988=CARTESIAN_POINT('',(-5.77,6.6,3.2));
#5989=CARTESIAN_POINT('',(-5.77,6.6,3.2));
#5990=CARTESIAN_POINT('',(-5.77,6.6,3.2));
#5991=CARTESIAN_POINT('',(-3.88,6.6,0.659999999999996));
#5992=CARTESIAN_POINT('',(-3.88,6.6,0.659999999999996));
#5993=CARTESIAN_POINT('',(-5.77,6.6,0.659999999999996));
#5994=CARTESIAN_POINT('',(-5.77,6.6,0.659999999999996));
#5995=CARTESIAN_POINT('',(-3.23,6.6,1.30999999999999));
#5996=CARTESIAN_POINT('',(-3.23,6.6,1.30999999999999));
#5997=CARTESIAN_POINT('',(-3.88,6.6,0.659999999999996));
#5998=CARTESIAN_POINT('',(-3.88,6.6,0.659999999999996));
#5999=CARTESIAN_POINT('',(-3.23,6.6,3.2));
#6000=CARTESIAN_POINT('',(-3.23,6.6,3.2));
#6001=CARTESIAN_POINT('',(-3.23,6.6,1.30999999999999));
#6002=CARTESIAN_POINT('',(-3.23,6.6,1.30999999999999));
#6003=CARTESIAN_POINT('',(-3.23,6.6,3.2));
#6004=CARTESIAN_POINT('',(-3.23,6.6,3.2));
#6005=CARTESIAN_POINT('',(-4.18,6.6,0.));
#6006=CARTESIAN_POINT('',(-4.18,6.6,1.54330383596304));
#6007=CARTESIAN_POINT('',(-4.18,6.6,2.37669616403676));
#6008=CARTESIAN_POINT('',(-4.18,6.6,1.54330383596304));
#6009=CARTESIAN_POINT('',(-4.82,6.6,1.54330383596304));
#6010=CARTESIAN_POINT('',(-4.82,6.6,0.));
#6011=CARTESIAN_POINT('',(-4.82,6.6,2.37669616403676));
#6012=CARTESIAN_POINT('',(-4.18,6.6,2.37669616403676));
#6013=CARTESIAN_POINT('',(0.,6.6,0.));
#6014=CARTESIAN_POINT('',(-8.77,6.6,0.659999999999996));
#6015=CARTESIAN_POINT('',(-8.77,6.6,0.659999999999996));
#6016=CARTESIAN_POINT('',(-8.77,6.6,3.19999999999999));
#6017=CARTESIAN_POINT('',(-8.77,6.6,3.19999999999999));
#6018=CARTESIAN_POINT('',(-8.77,6.6,3.19999999999999));
#6019=CARTESIAN_POINT('',(-8.77,6.6,3.19999999999999));
#6020=CARTESIAN_POINT('',(-6.88,6.6,0.659999999999996));
#6021=CARTESIAN_POINT('',(-6.88,6.6,0.659999999999996));
#6022=CARTESIAN_POINT('',(-8.77,6.6,0.659999999999996));
#6023=CARTESIAN_POINT('',(-8.77,6.6,0.659999999999996));
#6024=CARTESIAN_POINT('',(-6.23,6.6,1.30999999999999));
#6025=CARTESIAN_POINT('',(-6.23,6.6,1.30999999999999));
#6026=CARTESIAN_POINT('',(-6.88,6.6,0.659999999999996));
#6027=CARTESIAN_POINT('',(-6.88,6.6,0.659999999999996));
#6028=CARTESIAN_POINT('',(-6.23,6.6,3.2));
#6029=CARTESIAN_POINT('',(-6.23,6.6,3.2));
#6030=CARTESIAN_POINT('',(-6.23,6.6,1.30999999999999));
#6031=CARTESIAN_POINT('',(-6.23,6.6,1.30999999999999));
#6032=CARTESIAN_POINT('',(-6.23,6.6,3.2));
#6033=CARTESIAN_POINT('',(-6.23,6.6,3.2));
#6034=CARTESIAN_POINT('',(-7.18,6.6,0.));
#6035=CARTESIAN_POINT('',(-7.18,6.6,1.54330383596304));
#6036=CARTESIAN_POINT('',(-7.18,6.6,2.37669616403676));
#6037=CARTESIAN_POINT('',(-7.18,6.6,1.54330383596304));
#6038=CARTESIAN_POINT('',(-7.82,6.6,1.54330383596304));
#6039=CARTESIAN_POINT('',(-7.82,6.6,0.));
#6040=CARTESIAN_POINT('',(-7.82,6.6,2.37669616403676));
#6041=CARTESIAN_POINT('',(-7.18,6.6,2.37669616403676));
#6042=CARTESIAN_POINT('',(0.,6.6,0.));
#6043=CARTESIAN_POINT('',(-6.85,1.6,1.55431223447522E-15));
#6044=CARTESIAN_POINT('',(-6.85,1.6,-0.509999999999998));
#6045=CARTESIAN_POINT('',(-6.85,8.06,1.55431223447522E-15));
#6046=CARTESIAN_POINT('',(-6.85,8.06,-0.509999999999998));
#6047=CARTESIAN_POINT('',(-6.85,8.06,-0.509999999999998));
#6048=CARTESIAN_POINT('',(-6.85,8.06,1.55431223447522E-15));
#6049=CARTESIAN_POINT('',(-6.85,1.6,-0.509999999999998));
#6050=CARTESIAN_POINT('',(-5.85,1.6,-0.509999999999998));
#6051=CARTESIAN_POINT('',(-6.85,8.06,-0.509999999999998));
#6052=CARTESIAN_POINT('',(-5.85,8.06,-0.509999999999998));
#6053=CARTESIAN_POINT('',(-5.85,8.06,-0.509999999999998));
#6054=CARTESIAN_POINT('',(-6.85,8.06,-0.509999999999998));
#6055=CARTESIAN_POINT('',(-5.85,1.6,-0.509999999999998));
#6056=CARTESIAN_POINT('',(-5.85,8.06,-0.509999999999998));
#6057=CARTESIAN_POINT('',(-5.85,8.06,-0.509999999999998));
#6058=CARTESIAN_POINT('',(0.,8.06,0.));
#6059=CARTESIAN_POINT('',(0.,1.6,0.));
#6060=CARTESIAN_POINT('',(5.85,1.6,1.66533453693773E-15));
#6061=CARTESIAN_POINT('',(5.85,1.6,-0.509999999999998));
#6062=CARTESIAN_POINT('',(5.85,8.06,1.66533453693773E-15));
#6063=CARTESIAN_POINT('',(5.85,8.06,-0.509999999999998));
#6064=CARTESIAN_POINT('',(5.85,8.06,-0.509999999999998));
#6065=CARTESIAN_POINT('',(5.85,8.06,1.66533453693773E-15));
#6066=CARTESIAN_POINT('',(5.85,1.6,-0.509999999999998));
#6067=CARTESIAN_POINT('',(6.85,1.6,-0.509999999999998));
#6068=CARTESIAN_POINT('',(5.85,8.06,-0.509999999999998));
#6069=CARTESIAN_POINT('',(6.85,8.06,-0.509999999999998));
#6070=CARTESIAN_POINT('',(6.85,8.06,-0.509999999999998));
#6071=CARTESIAN_POINT('',(5.85,8.06,-0.509999999999998));
#6072=CARTESIAN_POINT('',(6.85,1.6,-0.509999999999998));
#6073=CARTESIAN_POINT('',(6.85,8.06,-0.509999999999998));
#6074=CARTESIAN_POINT('',(6.85,8.06,-0.509999999999998));
#6075=CARTESIAN_POINT('',(0.,8.06,0.));
#6076=CARTESIAN_POINT('',(0.,1.6,0.));
#6077=CARTESIAN_POINT('',(7.18,6.3930953484267,2.28000000000001));
#6078=CARTESIAN_POINT('',(7.18,6.3930953484267,2.28000000000001));
#6079=CARTESIAN_POINT('',(7.18,3.33,2.28000000000001));
#6080=CARTESIAN_POINT('',(7.82,3.33,2.28000000000001));
#6081=CARTESIAN_POINT('',(7.82,3.33,2.28000000000001));
#6082=CARTESIAN_POINT('',(7.82,6.3930953484267,2.28000000000001));
#6083=CARTESIAN_POINT('',(7.82,6.3930953484267,2.28000000000001));
#6084=CARTESIAN_POINT('',(7.82,6.3930953484267,2.28000000000001));
#6085=CARTESIAN_POINT('',(7.82,6.3930953484267,2.28000000000001));
#6086=CARTESIAN_POINT('',(7.6,2.49,2.28));
#6087=CARTESIAN_POINT('',(7.6,2.49,1.86));
#6088=CARTESIAN_POINT('',(7.6,2.49,2.06));
#6089=CARTESIAN_POINT('',(7.82,2.49,2.06));
#6090=CARTESIAN_POINT('',(7.4,2.49,2.06));
#6091=CARTESIAN_POINT('',(7.4,2.49,2.28));
#6092=CARTESIAN_POINT('',(7.4,2.49,1.86));
#6093=CARTESIAN_POINT('',(7.82,2.49,1.86));
#6094=CARTESIAN_POINT('',(7.82,2.49,2.28));
#6095=CARTESIAN_POINT('',(7.82,2.49,1.64));
#6096=CARTESIAN_POINT('',(7.82,3.33,1.64000000000001));
#6097=CARTESIAN_POINT('',(7.82,6.39309534842645,1.64000000000001));
#6098=CARTESIAN_POINT('',(7.82,3.33,1.64000000000001));
#6099=CARTESIAN_POINT('',(7.18,3.33,1.64000000000001));
#6100=CARTESIAN_POINT('',(7.18,2.49,1.64));
#6101=CARTESIAN_POINT('',(7.18,6.39309534842645,1.64000000000001));
#6102=CARTESIAN_POINT('',(7.82,6.39309534842645,1.64000000000001));
#6103=CARTESIAN_POINT('',(7.82,2.49,1.64));
#6104=CARTESIAN_POINT('',(7.82,3.33,1.64));
#6105=CARTESIAN_POINT('',(7.82,6.65,1.91999999999978));
#6106=CARTESIAN_POINT('',(7.82,6.65,2.00000000000001));
#6107=CARTESIAN_POINT('',(7.82,6.65,1.91999999999978));
#6108=CARTESIAN_POINT('',(7.18,3.33,1.91999999999978));
#6109=CARTESIAN_POINT('',(7.18,6.65,2.00000000000001));
#6110=CARTESIAN_POINT('',(7.18,6.65,1.91999999999978));
#6111=CARTESIAN_POINT('',(7.18,6.65,1.91999999999978));
#6112=CARTESIAN_POINT('',(7.82,6.65,2.00000000000001));
#6113=CARTESIAN_POINT('',(7.82,6.65,1.91999999999978));
#6114=CARTESIAN_POINT('',(7.18,10.38,0.0700000000000034));
#6115=CARTESIAN_POINT('',(7.18,10.38,0.0700000000000132));
#6116=CARTESIAN_POINT('',(7.82,10.38,0.0700000000000034));
#6117=CARTESIAN_POINT('',(7.82,10.38,0.0700000000000132));
#6118=CARTESIAN_POINT('',(7.82,10.38,0.0700000000000132));
#6119=CARTESIAN_POINT('',(7.82,10.38,0.0700000000000034));
#6120=CARTESIAN_POINT('',(7.82,9.58,0.310000000000012));
#6121=CARTESIAN_POINT('',(7.82,9.58000000000001,-0.569999999999989));
#6122=CARTESIAN_POINT('',(7.82,9.58000000000001,-0.570000000000001));
#6123=CARTESIAN_POINT('',(7.82,10.38,-0.569999999999996));
#6124=CARTESIAN_POINT('',(7.82,10.38,-0.249999999999992));
#6125=CARTESIAN_POINT('',(7.82,6.65,1.91999999999978));
#6126=CARTESIAN_POINT('',(7.18,10.38,-0.249999999999992));
#6127=CARTESIAN_POINT('',(7.18,10.38,-0.569999999999996));
#6128=CARTESIAN_POINT('',(7.18,9.58000000000001,-0.570000000000001));
#6129=CARTESIAN_POINT('',(7.18,9.58000000000001,-0.569999999999989));
#6130=CARTESIAN_POINT('',(7.18,9.58,0.310000000000012));
#6131=CARTESIAN_POINT('',(7.18,6.65,1.91999999999978));
#6132=CARTESIAN_POINT('',(7.82,9.58000000000001,-0.569999999999989));
#6133=CARTESIAN_POINT('',(7.82,9.58,0.310000000000012));
#6134=CARTESIAN_POINT('',(7.82,10.38,-0.569999999999996));
#6135=CARTESIAN_POINT('',(7.82,9.58000000000001,-0.570000000000001));
#6136=CARTESIAN_POINT('',(7.82,10.38,-0.249999999999992));
#6137=CARTESIAN_POINT('',(7.42533399800598,2.39327018943171,1.88533399800599));
#6138=CARTESIAN_POINT('',(7.82,3.33,1.64000000000001));
#6139=CARTESIAN_POINT('',(7.82,3.33,1.64000000000001));
#6140=CARTESIAN_POINT('',(7.79828514456629,3.24708873379855,2.25828514456629));
#6141=CARTESIAN_POINT('',(7.82,3.33,1.91999999999978));
#6142=CARTESIAN_POINT('',(7.3867298105683,2.54066799601196,2.07327018943171));
#6143=CARTESIAN_POINT('',(7.4,2.49,2.28));
#6144=CARTESIAN_POINT('',(7.82,2.49,2.06));
#6145=CARTESIAN_POINT('',(4.18,6.3930953484267,2.28000000000001));
#6146=CARTESIAN_POINT('',(4.18,6.3930953484267,2.28000000000001));
#6147=CARTESIAN_POINT('',(4.18,3.33,2.28000000000001));
#6148=CARTESIAN_POINT('',(4.82,3.33,2.28000000000001));
#6149=CARTESIAN_POINT('',(4.82,3.33,2.28000000000001));
#6150=CARTESIAN_POINT('',(4.82,6.3930953484267,2.28000000000001));
#6151=CARTESIAN_POINT('',(4.82,6.3930953484267,2.28000000000001));
#6152=CARTESIAN_POINT('',(4.82,6.3930953484267,2.28000000000001));
#6153=CARTESIAN_POINT('',(4.82,6.3930953484267,2.28000000000001));
#6154=CARTESIAN_POINT('',(4.6,2.49,2.28));
#6155=CARTESIAN_POINT('',(4.6,2.49,1.86));
#6156=CARTESIAN_POINT('',(4.6,2.49,2.06));
#6157=CARTESIAN_POINT('',(4.82,2.49,2.06));
#6158=CARTESIAN_POINT('',(4.4,2.49,2.06));
#6159=CARTESIAN_POINT('',(4.4,2.49,2.28));
#6160=CARTESIAN_POINT('',(4.4,2.49,1.86));
#6161=CARTESIAN_POINT('',(4.82,2.49,1.86));
#6162=CARTESIAN_POINT('',(4.82,2.49,2.28));
#6163=CARTESIAN_POINT('',(4.82,2.49,1.64));
#6164=CARTESIAN_POINT('',(4.82,3.33,1.64000000000001));
#6165=CARTESIAN_POINT('',(4.82,6.39309534842645,1.64000000000001));
#6166=CARTESIAN_POINT('',(4.82,3.33,1.64000000000001));
#6167=CARTESIAN_POINT('',(4.18,3.33,1.64000000000001));
#6168=CARTESIAN_POINT('',(4.18,2.49,1.64));
#6169=CARTESIAN_POINT('',(4.18,6.39309534842645,1.64000000000001));
#6170=CARTESIAN_POINT('',(4.82,6.39309534842645,1.64000000000001));
#6171=CARTESIAN_POINT('',(4.82,2.49,1.64));
#6172=CARTESIAN_POINT('',(4.82,3.33,1.64));
#6173=CARTESIAN_POINT('',(4.82,6.65,1.91999999999978));
#6174=CARTESIAN_POINT('',(4.82,6.65,2.00000000000001));
#6175=CARTESIAN_POINT('',(4.82,6.65,1.91999999999978));
#6176=CARTESIAN_POINT('',(4.18,3.33,1.91999999999978));
#6177=CARTESIAN_POINT('',(4.18,6.65,2.00000000000001));
#6178=CARTESIAN_POINT('',(4.18,6.65,1.91999999999978));
#6179=CARTESIAN_POINT('',(4.18,6.65,1.91999999999978));
#6180=CARTESIAN_POINT('',(4.82,6.65,2.00000000000001));
#6181=CARTESIAN_POINT('',(4.82,6.65,1.91999999999978));
#6182=CARTESIAN_POINT('',(4.18,10.38,0.0700000000000034));
#6183=CARTESIAN_POINT('',(4.18,10.38,0.0700000000000132));
#6184=CARTESIAN_POINT('',(4.82,10.38,0.0700000000000034));
#6185=CARTESIAN_POINT('',(4.82,10.38,0.0700000000000132));
#6186=CARTESIAN_POINT('',(4.82,10.38,0.0700000000000132));
#6187=CARTESIAN_POINT('',(4.82,10.38,0.0700000000000034));
#6188=CARTESIAN_POINT('',(4.82,9.58,0.310000000000012));
#6189=CARTESIAN_POINT('',(4.82,9.58000000000001,-0.569999999999989));
#6190=CARTESIAN_POINT('',(4.82,9.58000000000001,-0.570000000000001));
#6191=CARTESIAN_POINT('',(4.82,10.38,-0.569999999999996));
#6192=CARTESIAN_POINT('',(4.82,10.38,-0.249999999999992));
#6193=CARTESIAN_POINT('',(4.82,6.65,1.91999999999978));
#6194=CARTESIAN_POINT('',(4.18,10.38,-0.249999999999992));
#6195=CARTESIAN_POINT('',(4.18,10.38,-0.569999999999996));
#6196=CARTESIAN_POINT('',(4.18,9.58000000000001,-0.570000000000001));
#6197=CARTESIAN_POINT('',(4.18,9.58000000000001,-0.569999999999989));
#6198=CARTESIAN_POINT('',(4.18,9.58,0.310000000000012));
#6199=CARTESIAN_POINT('',(4.18,6.65,1.91999999999978));
#6200=CARTESIAN_POINT('',(4.82,9.58000000000001,-0.569999999999989));
#6201=CARTESIAN_POINT('',(4.82,9.58,0.310000000000012));
#6202=CARTESIAN_POINT('',(4.82,10.38,-0.569999999999996));
#6203=CARTESIAN_POINT('',(4.82,9.58000000000001,-0.570000000000001));
#6204=CARTESIAN_POINT('',(4.82,10.38,-0.249999999999992));
#6205=CARTESIAN_POINT('',(4.42533399800598,2.39327018943171,1.88533399800599));
#6206=CARTESIAN_POINT('',(4.82,3.33,1.64000000000001));
#6207=CARTESIAN_POINT('',(4.82,3.33,1.64000000000001));
#6208=CARTESIAN_POINT('',(4.79828514456629,3.24708873379855,2.25828514456629));
#6209=CARTESIAN_POINT('',(4.82,3.33,1.91999999999978));
#6210=CARTESIAN_POINT('',(4.3867298105683,2.54066799601196,2.07327018943171));
#6211=CARTESIAN_POINT('',(4.4,2.49,2.28));
#6212=CARTESIAN_POINT('',(4.82,2.49,2.06));
#6213=CARTESIAN_POINT('',(1.18,6.3930953484267,2.28000000000001));
#6214=CARTESIAN_POINT('',(1.18,6.3930953484267,2.28000000000001));
#6215=CARTESIAN_POINT('',(1.18,3.33,2.28000000000001));
#6216=CARTESIAN_POINT('',(1.82,3.33,2.28000000000001));
#6217=CARTESIAN_POINT('',(1.82,3.33,2.28000000000001));
#6218=CARTESIAN_POINT('',(1.82,6.3930953484267,2.28000000000001));
#6219=CARTESIAN_POINT('',(1.82,6.3930953484267,2.28000000000001));
#6220=CARTESIAN_POINT('',(1.82,6.3930953484267,2.28000000000001));
#6221=CARTESIAN_POINT('',(1.82,6.3930953484267,2.28000000000001));
#6222=CARTESIAN_POINT('',(1.6,2.49,2.28));
#6223=CARTESIAN_POINT('',(1.6,2.49,1.86));
#6224=CARTESIAN_POINT('',(1.6,2.49,2.06));
#6225=CARTESIAN_POINT('',(1.82,2.49,2.06));
#6226=CARTESIAN_POINT('',(1.4,2.49,2.06));
#6227=CARTESIAN_POINT('',(1.4,2.49,2.28));
#6228=CARTESIAN_POINT('',(1.4,2.49,1.86));
#6229=CARTESIAN_POINT('',(1.82,2.49,1.86));
#6230=CARTESIAN_POINT('',(1.82,2.49,2.28));
#6231=CARTESIAN_POINT('',(1.82,2.49,1.64));
#6232=CARTESIAN_POINT('',(1.82,3.33,1.64000000000001));
#6233=CARTESIAN_POINT('',(1.82,6.39309534842645,1.64000000000001));
#6234=CARTESIAN_POINT('',(1.82,3.33,1.64000000000001));
#6235=CARTESIAN_POINT('',(1.18,3.33,1.64000000000001));
#6236=CARTESIAN_POINT('',(1.18,2.49,1.64));
#6237=CARTESIAN_POINT('',(1.18,6.39309534842645,1.64000000000001));
#6238=CARTESIAN_POINT('',(1.82,6.39309534842645,1.64000000000001));
#6239=CARTESIAN_POINT('',(1.82,2.49,1.64));
#6240=CARTESIAN_POINT('',(1.82,3.33,1.64));
#6241=CARTESIAN_POINT('',(1.82,6.65,1.91999999999978));
#6242=CARTESIAN_POINT('',(1.82,6.65,2.00000000000001));
#6243=CARTESIAN_POINT('',(1.82,6.65,1.91999999999978));
#6244=CARTESIAN_POINT('',(1.18,3.33,1.91999999999978));
#6245=CARTESIAN_POINT('',(1.18,6.65,2.00000000000001));
#6246=CARTESIAN_POINT('',(1.18,6.65,1.91999999999978));
#6247=CARTESIAN_POINT('',(1.18,6.65,1.91999999999978));
#6248=CARTESIAN_POINT('',(1.82,6.65,2.00000000000001));
#6249=CARTESIAN_POINT('',(1.82,6.65,1.91999999999978));
#6250=CARTESIAN_POINT('',(1.18,10.38,0.0700000000000034));
#6251=CARTESIAN_POINT('',(1.18,10.38,0.0700000000000132));
#6252=CARTESIAN_POINT('',(1.82,10.38,0.0700000000000034));
#6253=CARTESIAN_POINT('',(1.82,10.38,0.0700000000000132));
#6254=CARTESIAN_POINT('',(1.82,10.38,0.0700000000000132));
#6255=CARTESIAN_POINT('',(1.82,10.38,0.0700000000000034));
#6256=CARTESIAN_POINT('',(1.82,9.58,0.310000000000012));
#6257=CARTESIAN_POINT('',(1.82,9.58000000000001,-0.569999999999989));
#6258=CARTESIAN_POINT('',(1.82,9.58000000000001,-0.570000000000001));
#6259=CARTESIAN_POINT('',(1.82,10.38,-0.569999999999996));
#6260=CARTESIAN_POINT('',(1.82,10.38,-0.249999999999992));
#6261=CARTESIAN_POINT('',(1.82,6.65,1.91999999999978));
#6262=CARTESIAN_POINT('',(1.18,10.38,-0.249999999999992));
#6263=CARTESIAN_POINT('',(1.18,10.38,-0.569999999999996));
#6264=CARTESIAN_POINT('',(1.18,9.58000000000001,-0.570000000000001));
#6265=CARTESIAN_POINT('',(1.18,9.58000000000001,-0.569999999999989));
#6266=CARTESIAN_POINT('',(1.18,9.58,0.310000000000012));
#6267=CARTESIAN_POINT('',(1.18,6.65,1.91999999999978));
#6268=CARTESIAN_POINT('',(1.82,9.58000000000001,-0.569999999999989));
#6269=CARTESIAN_POINT('',(1.82,9.58,0.310000000000012));
#6270=CARTESIAN_POINT('',(1.82,10.38,-0.569999999999996));
#6271=CARTESIAN_POINT('',(1.82,9.58000000000001,-0.570000000000001));
#6272=CARTESIAN_POINT('',(1.82,10.38,-0.249999999999992));
#6273=CARTESIAN_POINT('',(1.42533399800598,2.39327018943171,1.88533399800599));
#6274=CARTESIAN_POINT('',(1.82,3.33,1.64000000000001));
#6275=CARTESIAN_POINT('',(1.82,3.33,1.64000000000001));
#6276=CARTESIAN_POINT('',(1.79828514456629,3.24708873379855,2.25828514456629));
#6277=CARTESIAN_POINT('',(1.82,3.33,1.91999999999978));
#6278=CARTESIAN_POINT('',(1.38672981056829,2.54066799601196,2.07327018943171));
#6279=CARTESIAN_POINT('',(1.4,2.49,2.28));
#6280=CARTESIAN_POINT('',(1.82,2.49,2.06));
#6281=CARTESIAN_POINT('',(-1.82,6.3930953484267,2.28000000000001));
#6282=CARTESIAN_POINT('',(-1.82,6.3930953484267,2.28000000000001));
#6283=CARTESIAN_POINT('',(-1.82,3.33,2.28000000000001));
#6284=CARTESIAN_POINT('',(-1.18,3.33,2.28000000000001));
#6285=CARTESIAN_POINT('',(-1.18,3.33,2.28000000000001));
#6286=CARTESIAN_POINT('',(-1.18,6.3930953484267,2.28000000000001));
#6287=CARTESIAN_POINT('',(-1.18,6.3930953484267,2.28000000000001));
#6288=CARTESIAN_POINT('',(-1.18,6.3930953484267,2.28000000000001));
#6289=CARTESIAN_POINT('',(-1.18,6.3930953484267,2.28000000000001));
#6290=CARTESIAN_POINT('',(-1.4,2.49,2.28));
#6291=CARTESIAN_POINT('',(-1.4,2.49,1.86));
#6292=CARTESIAN_POINT('',(-1.4,2.49,2.06));
#6293=CARTESIAN_POINT('',(-1.18,2.49,2.06));
#6294=CARTESIAN_POINT('',(-1.6,2.49,2.06));
#6295=CARTESIAN_POINT('',(-1.6,2.49,2.28));
#6296=CARTESIAN_POINT('',(-1.6,2.49,1.86));
#6297=CARTESIAN_POINT('',(-1.18,2.49,1.86));
#6298=CARTESIAN_POINT('',(-1.18,2.49,2.28));
#6299=CARTESIAN_POINT('',(-1.18,2.49,1.64));
#6300=CARTESIAN_POINT('',(-1.18,3.33,1.64000000000001));
#6301=CARTESIAN_POINT('',(-1.18,6.39309534842645,1.64000000000001));
#6302=CARTESIAN_POINT('',(-1.18,3.33,1.64000000000001));
#6303=CARTESIAN_POINT('',(-1.82,3.33,1.64000000000001));
#6304=CARTESIAN_POINT('',(-1.82,2.49,1.64));
#6305=CARTESIAN_POINT('',(-1.82,6.39309534842645,1.64000000000001));
#6306=CARTESIAN_POINT('',(-1.18,6.39309534842645,1.64000000000001));
#6307=CARTESIAN_POINT('',(-1.18,2.49,1.64));
#6308=CARTESIAN_POINT('',(-1.18,3.33,1.64));
#6309=CARTESIAN_POINT('',(-1.18,6.65,1.91999999999978));
#6310=CARTESIAN_POINT('',(-1.18,6.65,2.00000000000001));
#6311=CARTESIAN_POINT('',(-1.18,6.65,1.91999999999978));
#6312=CARTESIAN_POINT('',(-1.82,3.33,1.91999999999978));
#6313=CARTESIAN_POINT('',(-1.82,6.65,2.00000000000001));
#6314=CARTESIAN_POINT('',(-1.82,6.65,1.91999999999978));
#6315=CARTESIAN_POINT('',(-1.82,6.65,1.91999999999978));
#6316=CARTESIAN_POINT('',(-1.18,6.65,2.00000000000001));
#6317=CARTESIAN_POINT('',(-1.18,6.65,1.91999999999978));
#6318=CARTESIAN_POINT('',(-1.82,10.38,0.0700000000000034));
#6319=CARTESIAN_POINT('',(-1.82,10.38,0.0700000000000132));
#6320=CARTESIAN_POINT('',(-1.18,10.38,0.0700000000000034));
#6321=CARTESIAN_POINT('',(-1.18,10.38,0.0700000000000132));
#6322=CARTESIAN_POINT('',(-1.18,10.38,0.0700000000000132));
#6323=CARTESIAN_POINT('',(-1.18,10.38,0.0700000000000034));
#6324=CARTESIAN_POINT('',(-1.18,9.58,0.310000000000012));
#6325=CARTESIAN_POINT('',(-1.18,9.58000000000001,-0.569999999999989));
#6326=CARTESIAN_POINT('',(-1.18,9.58000000000001,-0.570000000000001));
#6327=CARTESIAN_POINT('',(-1.18,10.38,-0.569999999999996));
#6328=CARTESIAN_POINT('',(-1.18,10.38,-0.249999999999992));
#6329=CARTESIAN_POINT('',(-1.18,6.65,1.91999999999978));
#6330=CARTESIAN_POINT('',(-1.82,10.38,-0.249999999999992));
#6331=CARTESIAN_POINT('',(-1.82,10.38,-0.569999999999996));
#6332=CARTESIAN_POINT('',(-1.82,9.58000000000001,-0.570000000000001));
#6333=CARTESIAN_POINT('',(-1.82,9.58000000000001,-0.569999999999989));
#6334=CARTESIAN_POINT('',(-1.82,9.58,0.310000000000012));
#6335=CARTESIAN_POINT('',(-1.82,6.65,1.91999999999978));
#6336=CARTESIAN_POINT('',(-1.18,9.58000000000001,-0.569999999999989));
#6337=CARTESIAN_POINT('',(-1.18,9.58,0.310000000000012));
#6338=CARTESIAN_POINT('',(-1.18,10.38,-0.569999999999996));
#6339=CARTESIAN_POINT('',(-1.18,9.58000000000001,-0.570000000000001));
#6340=CARTESIAN_POINT('',(-1.18,10.38,-0.249999999999992));
#6341=CARTESIAN_POINT('',(-1.57466600199402,2.39327018943171,1.88533399800599));
#6342=CARTESIAN_POINT('',(-1.18,3.33,1.64000000000001));
#6343=CARTESIAN_POINT('',(-1.18,3.33,1.64000000000001));
#6344=CARTESIAN_POINT('',(-1.20171485543371,3.24708873379855,2.25828514456629));
#6345=CARTESIAN_POINT('',(-1.18,3.33,1.91999999999978));
#6346=CARTESIAN_POINT('',(-1.61327018943171,2.54066799601196,2.07327018943171));
#6347=CARTESIAN_POINT('',(-1.6,2.49,2.28));
#6348=CARTESIAN_POINT('',(-1.18,2.49,2.06));
#6349=CARTESIAN_POINT('',(-4.82,6.3930953484267,2.28000000000001));
#6350=CARTESIAN_POINT('',(-4.82,6.3930953484267,2.28000000000001));
#6351=CARTESIAN_POINT('',(-4.82,3.33,2.28000000000001));
#6352=CARTESIAN_POINT('',(-4.18,3.33,2.28000000000001));
#6353=CARTESIAN_POINT('',(-4.18,3.33,2.28000000000001));
#6354=CARTESIAN_POINT('',(-4.18,6.3930953484267,2.28000000000001));
#6355=CARTESIAN_POINT('',(-4.18,6.3930953484267,2.28000000000001));
#6356=CARTESIAN_POINT('',(-4.18,6.3930953484267,2.28000000000001));
#6357=CARTESIAN_POINT('',(-4.18,6.3930953484267,2.28000000000001));
#6358=CARTESIAN_POINT('',(-4.4,2.49,2.28));
#6359=CARTESIAN_POINT('',(-4.4,2.49,1.86));
#6360=CARTESIAN_POINT('',(-4.4,2.49,2.06));
#6361=CARTESIAN_POINT('',(-4.18,2.49,2.06));
#6362=CARTESIAN_POINT('',(-4.6,2.49,2.06));
#6363=CARTESIAN_POINT('',(-4.6,2.49,2.28));
#6364=CARTESIAN_POINT('',(-4.6,2.49,1.86));
#6365=CARTESIAN_POINT('',(-4.18,2.49,1.86));
#6366=CARTESIAN_POINT('',(-4.18,2.49,2.28));
#6367=CARTESIAN_POINT('',(-4.18,2.49,1.64));
#6368=CARTESIAN_POINT('',(-4.18,3.33,1.64000000000001));
#6369=CARTESIAN_POINT('',(-4.18,6.39309534842645,1.64000000000001));
#6370=CARTESIAN_POINT('',(-4.18,3.33,1.64000000000001));
#6371=CARTESIAN_POINT('',(-4.82,3.33,1.64000000000001));
#6372=CARTESIAN_POINT('',(-4.82,2.49,1.64));
#6373=CARTESIAN_POINT('',(-4.82,6.39309534842645,1.64000000000001));
#6374=CARTESIAN_POINT('',(-4.18,6.39309534842645,1.64000000000001));
#6375=CARTESIAN_POINT('',(-4.18,2.49,1.64));
#6376=CARTESIAN_POINT('',(-4.18,3.33,1.64));
#6377=CARTESIAN_POINT('',(-4.18,6.65,1.91999999999978));
#6378=CARTESIAN_POINT('',(-4.18,6.65,2.00000000000001));
#6379=CARTESIAN_POINT('',(-4.18,6.65,1.91999999999978));
#6380=CARTESIAN_POINT('',(-4.82,3.33,1.91999999999978));
#6381=CARTESIAN_POINT('',(-4.82,6.65,2.00000000000001));
#6382=CARTESIAN_POINT('',(-4.82,6.65,1.91999999999978));
#6383=CARTESIAN_POINT('',(-4.82,6.65,1.91999999999978));
#6384=CARTESIAN_POINT('',(-4.18,6.65,2.00000000000001));
#6385=CARTESIAN_POINT('',(-4.18,6.65,1.91999999999978));
#6386=CARTESIAN_POINT('',(-4.82,10.38,0.0700000000000034));
#6387=CARTESIAN_POINT('',(-4.82,10.38,0.0700000000000132));
#6388=CARTESIAN_POINT('',(-4.18,10.38,0.0700000000000034));
#6389=CARTESIAN_POINT('',(-4.18,10.38,0.0700000000000132));
#6390=CARTESIAN_POINT('',(-4.18,10.38,0.0700000000000132));
#6391=CARTESIAN_POINT('',(-4.18,10.38,0.0700000000000034));
#6392=CARTESIAN_POINT('',(-4.18,9.58,0.310000000000012));
#6393=CARTESIAN_POINT('',(-4.18,9.58000000000001,-0.569999999999989));
#6394=CARTESIAN_POINT('',(-4.18,9.58000000000001,-0.570000000000001));
#6395=CARTESIAN_POINT('',(-4.18,10.38,-0.569999999999996));
#6396=CARTESIAN_POINT('',(-4.18,10.38,-0.249999999999992));
#6397=CARTESIAN_POINT('',(-4.18,6.65,1.91999999999978));
#6398=CARTESIAN_POINT('',(-4.82,10.38,-0.249999999999992));
#6399=CARTESIAN_POINT('',(-4.82,10.38,-0.569999999999996));
#6400=CARTESIAN_POINT('',(-4.82,9.58000000000001,-0.570000000000001));
#6401=CARTESIAN_POINT('',(-4.82,9.58000000000001,-0.569999999999989));
#6402=CARTESIAN_POINT('',(-4.82,9.58,0.310000000000012));
#6403=CARTESIAN_POINT('',(-4.82,6.65,1.91999999999978));
#6404=CARTESIAN_POINT('',(-4.18,9.58000000000001,-0.569999999999989));
#6405=CARTESIAN_POINT('',(-4.18,9.58,0.310000000000012));
#6406=CARTESIAN_POINT('',(-4.18,10.38,-0.569999999999996));
#6407=CARTESIAN_POINT('',(-4.18,9.58000000000001,-0.570000000000001));
#6408=CARTESIAN_POINT('',(-4.18,10.38,-0.249999999999992));
#6409=CARTESIAN_POINT('',(-4.57466600199402,2.39327018943171,1.88533399800599));
#6410=CARTESIAN_POINT('',(-4.18,3.33,1.64000000000001));
#6411=CARTESIAN_POINT('',(-4.18,3.33,1.64000000000001));
#6412=CARTESIAN_POINT('',(-4.20171485543371,3.24708873379855,2.25828514456629));
#6413=CARTESIAN_POINT('',(-4.18,3.33,1.91999999999978));
#6414=CARTESIAN_POINT('',(-4.61327018943171,2.54066799601196,2.07327018943171));
#6415=CARTESIAN_POINT('',(-4.6,2.49,2.28));
#6416=CARTESIAN_POINT('',(-4.18,2.49,2.06));
#6417=CARTESIAN_POINT('',(-7.82,6.3930953484267,2.28000000000001));
#6418=CARTESIAN_POINT('',(-7.82,6.3930953484267,2.28000000000001));
#6419=CARTESIAN_POINT('',(-7.82,3.33,2.28000000000001));
#6420=CARTESIAN_POINT('',(-7.18,3.33,2.28000000000001));
#6421=CARTESIAN_POINT('',(-7.18,3.33,2.28000000000001));
#6422=CARTESIAN_POINT('',(-7.18,6.3930953484267,2.28000000000001));
#6423=CARTESIAN_POINT('',(-7.18,6.3930953484267,2.28000000000001));
#6424=CARTESIAN_POINT('',(-7.18,6.3930953484267,2.28000000000001));
#6425=CARTESIAN_POINT('',(-7.18,6.3930953484267,2.28000000000001));
#6426=CARTESIAN_POINT('',(-7.4,2.49,2.28));
#6427=CARTESIAN_POINT('',(-7.4,2.49,1.86));
#6428=CARTESIAN_POINT('',(-7.4,2.49,2.06));
#6429=CARTESIAN_POINT('',(-7.18,2.49,2.06));
#6430=CARTESIAN_POINT('',(-7.6,2.49,2.06));
#6431=CARTESIAN_POINT('',(-7.6,2.49,2.28));
#6432=CARTESIAN_POINT('',(-7.6,2.49,1.86));
#6433=CARTESIAN_POINT('',(-7.18,2.49,1.86));
#6434=CARTESIAN_POINT('',(-7.18,2.49,2.28));
#6435=CARTESIAN_POINT('',(-7.18,2.49,1.64));
#6436=CARTESIAN_POINT('',(-7.18,3.33,1.64000000000001));
#6437=CARTESIAN_POINT('',(-7.18,6.39309534842645,1.64000000000001));
#6438=CARTESIAN_POINT('',(-7.18,3.33,1.64000000000001));
#6439=CARTESIAN_POINT('',(-7.82,3.33,1.64000000000001));
#6440=CARTESIAN_POINT('',(-7.82,2.49,1.64));
#6441=CARTESIAN_POINT('',(-7.82,6.39309534842645,1.64000000000001));
#6442=CARTESIAN_POINT('',(-7.18,6.39309534842645,1.64000000000001));
#6443=CARTESIAN_POINT('',(-7.18,2.49,1.64));
#6444=CARTESIAN_POINT('',(-7.18,3.33,1.64));
#6445=CARTESIAN_POINT('',(-7.18,6.65,1.91999999999978));
#6446=CARTESIAN_POINT('',(-7.18,6.65,2.00000000000001));
#6447=CARTESIAN_POINT('',(-7.18,6.65,1.91999999999978));
#6448=CARTESIAN_POINT('',(-7.82,3.33,1.91999999999978));
#6449=CARTESIAN_POINT('',(-7.82,6.65,2.00000000000001));
#6450=CARTESIAN_POINT('',(-7.82,6.65,1.91999999999978));
#6451=CARTESIAN_POINT('',(-7.82,6.65,1.91999999999978));
#6452=CARTESIAN_POINT('',(-7.18,6.65,2.00000000000001));
#6453=CARTESIAN_POINT('',(-7.18,6.65,1.91999999999978));
#6454=CARTESIAN_POINT('',(-7.82,10.38,0.0700000000000034));
#6455=CARTESIAN_POINT('',(-7.82,10.38,0.0700000000000132));
#6456=CARTESIAN_POINT('',(-7.18,10.38,0.0700000000000034));
#6457=CARTESIAN_POINT('',(-7.18,10.38,0.0700000000000132));
#6458=CARTESIAN_POINT('',(-7.18,10.38,0.0700000000000132));
#6459=CARTESIAN_POINT('',(-7.18,10.38,0.0700000000000034));
#6460=CARTESIAN_POINT('',(-7.18,9.58,0.310000000000012));
#6461=CARTESIAN_POINT('',(-7.18,9.58000000000001,-0.569999999999989));
#6462=CARTESIAN_POINT('',(-7.18,9.58000000000001,-0.570000000000001));
#6463=CARTESIAN_POINT('',(-7.18,10.38,-0.569999999999996));
#6464=CARTESIAN_POINT('',(-7.18,10.38,-0.249999999999992));
#6465=CARTESIAN_POINT('',(-7.18,6.65,1.91999999999978));
#6466=CARTESIAN_POINT('',(-7.82,10.38,-0.249999999999992));
#6467=CARTESIAN_POINT('',(-7.82,10.38,-0.569999999999996));
#6468=CARTESIAN_POINT('',(-7.82,9.58000000000001,-0.570000000000001));
#6469=CARTESIAN_POINT('',(-7.82,9.58000000000001,-0.569999999999989));
#6470=CARTESIAN_POINT('',(-7.82,9.58,0.310000000000012));
#6471=CARTESIAN_POINT('',(-7.82,6.65,1.91999999999978));
#6472=CARTESIAN_POINT('',(-7.18,9.58000000000001,-0.569999999999989));
#6473=CARTESIAN_POINT('',(-7.18,9.58,0.310000000000012));
#6474=CARTESIAN_POINT('',(-7.18,10.38,-0.569999999999996));
#6475=CARTESIAN_POINT('',(-7.18,9.58000000000001,-0.570000000000001));
#6476=CARTESIAN_POINT('',(-7.18,10.38,-0.249999999999992));
#6477=CARTESIAN_POINT('',(-7.57466600199402,2.39327018943171,1.88533399800599));
#6478=CARTESIAN_POINT('',(-7.18,3.33,1.64000000000001));
#6479=CARTESIAN_POINT('',(-7.18,3.33,1.64000000000001));
#6480=CARTESIAN_POINT('',(-7.20171485543371,3.24708873379855,2.25828514456629));
#6481=CARTESIAN_POINT('',(-7.18,3.33,1.91999999999978));
#6482=CARTESIAN_POINT('',(-7.61327018943171,2.54066799601196,2.07327018943171));
#6483=CARTESIAN_POINT('',(-7.6,2.49,2.28));
#6484=CARTESIAN_POINT('',(-7.18,2.49,2.06));
#6485=CARTESIAN_POINT('',(-10.09,7.79,0.272799999999995));
#6486=CARTESIAN_POINT('',(-10.09,7.79,0.0727999999999956));
#6487=CARTESIAN_POINT('',(-10.09,7.79,0.0727999999999956));
#6488=CARTESIAN_POINT('',(-10.09,7.15,0.0727999999999956));
#6489=CARTESIAN_POINT('',(-10.09,7.15,0.272799999999995));
#6490=CARTESIAN_POINT('',(-10.09,7.79,0.272799999999995));
#6491=CARTESIAN_POINT('',(-10.77,7.15,0.0727999999999951));
#6492=CARTESIAN_POINT('',(-10.77,7.15,0.0727999999999951));
#6493=CARTESIAN_POINT('',(-10.77,7.15,-0.377200000000013));
#6494=CARTESIAN_POINT('',(-10.77,7.79,0.0727999999999951));
#6495=CARTESIAN_POINT('',(-10.77,7.79,0.0727999999999951));
#6496=CARTESIAN_POINT('',(-10.77,7.79,0.0727999999999951));
#6497=CARTESIAN_POINT('',(-10.77,7.79,-0.377200000000013));
#6498=CARTESIAN_POINT('',(-10.77,7.79,-0.377200000000013));
#6499=CARTESIAN_POINT('',(-10.77,7.79,0.0727999999999951));
#6500=CARTESIAN_POINT('',(-10.77,7.15,-0.377200000000013));
#6501=CARTESIAN_POINT('',(-10.09,7.15,-0.377200000000004));
#6502=CARTESIAN_POINT('',(-10.77,7.79,-0.377200000000013));
#6503=CARTESIAN_POINT('',(-10.09,7.79,-0.377200000000004));
#6504=CARTESIAN_POINT('',(-10.09,7.79,-0.377200000000004));
#6505=CARTESIAN_POINT('',(-10.77,7.79,-0.377200000000013));
#6506=CARTESIAN_POINT('',(-10.09,7.79,0.272799999999995));
#6507=CARTESIAN_POINT('',(-10.09,7.15,0.272799999999995));
#6508=CARTESIAN_POINT('',(-10.09,7.79,0.272799999999995));
#6509=CARTESIAN_POINT('',(-10.09,7.15,0.0727999999999954));
#6510=CARTESIAN_POINT('',(-10.09,7.79,0.0727999999999954));
#6511=CARTESIAN_POINT('',(-10.09,7.79,0.0727999999999954));
#6512=CARTESIAN_POINT('',(-10.09,7.79,0.272799999999995));
#6513=CARTESIAN_POINT('',(-10.09,7.15,0.272799999999995));
#6514=CARTESIAN_POINT('',(10.09,7.15,0.272799999999995));
#6515=CARTESIAN_POINT('',(10.09,7.15,0.0727999999999954));
#6516=CARTESIAN_POINT('',(10.09,7.79,0.0727999999999954));
#6517=CARTESIAN_POINT('',(10.09,7.79,0.0727999999999954));
#6518=CARTESIAN_POINT('',(10.09,7.79,0.272799999999995));
#6519=CARTESIAN_POINT('',(10.09,7.79,0.272799999999995));
#6520=CARTESIAN_POINT('',(10.09,7.15,0.272799999999995));
#6521=CARTESIAN_POINT('',(10.09,7.15,-0.377200000000004));
#6522=CARTESIAN_POINT('',(10.09,7.79,0.272799999999995));
#6523=CARTESIAN_POINT('',(10.09,7.79,-0.377200000000004));
#6524=CARTESIAN_POINT('',(10.09,7.79,-0.377200000000004));
#6525=CARTESIAN_POINT('',(10.09,7.79,0.272799999999995));
#6526=CARTESIAN_POINT('',(10.09,7.15,-0.377200000000004));
#6527=CARTESIAN_POINT('',(10.77,7.15,-0.377200000000005));
#6528=CARTESIAN_POINT('',(10.09,7.79,-0.377200000000004));
#6529=CARTESIAN_POINT('',(10.77,7.79,-0.377200000000005));
#6530=CARTESIAN_POINT('',(10.77,7.79,-0.377200000000005));
#6531=CARTESIAN_POINT('',(10.09,7.79,-0.377200000000004));
#6532=CARTESIAN_POINT('',(10.77,7.15,-0.377200000000005));
#6533=CARTESIAN_POINT('',(10.77,7.15,0.0727999999999952));
#6534=CARTESIAN_POINT('',(10.77,7.79,-0.377200000000005));
#6535=CARTESIAN_POINT('',(10.77,7.79,0.0727999999999952));
#6536=CARTESIAN_POINT('',(10.77,7.79,0.0727999999999952));
#6537=CARTESIAN_POINT('',(10.77,7.79,-0.377200000000005));
#6538=CARTESIAN_POINT('',(10.77,7.15,0.0727999999999954));
#6539=CARTESIAN_POINT('',(10.77,7.79,0.0727999999999954));
#6540=CARTESIAN_POINT('',(10.77,7.79,0.0727999999999954));
#6541=CARTESIAN_POINT('',(10.09,7.79,0.272799999999995));
#6542=CARTESIAN_POINT('',(10.09,7.15,0.272799999999995));
#6543=CARTESIAN_POINT('',(-10.07,5.25,1.39));
#6544=CARTESIAN_POINT('',(-10.07,5.25,0.0471999999999998));
#6545=CARTESIAN_POINT('',(-10.07,5.25,0.0471999999999998));
#6546=CARTESIAN_POINT('',(-10.07,3.95,0.0471999999999998));
#6547=CARTESIAN_POINT('',(-10.07,3.95,1.39));
#6548=CARTESIAN_POINT('',(-10.07,5.25,1.39));
#6549=CARTESIAN_POINT('',(-12.82,3.95,-0.16));
#6550=CARTESIAN_POINT('',(-12.82,3.95,-0.16));
#6551=CARTESIAN_POINT('',(-12.82,3.95,-0.61));
#6552=CARTESIAN_POINT('',(-12.82,5.25,-0.16));
#6553=CARTESIAN_POINT('',(-12.82,5.25,-0.16));
#6554=CARTESIAN_POINT('',(-12.82,5.25,-0.16));
#6555=CARTESIAN_POINT('',(-12.82,5.25,-0.61));
#6556=CARTESIAN_POINT('',(-12.82,5.25,-0.61));
#6557=CARTESIAN_POINT('',(-12.82,5.25,-0.16));
#6558=CARTESIAN_POINT('',(-12.82,3.95,-0.61));
#6559=CARTESIAN_POINT('',(-10.2772,3.95,-0.61));
#6560=CARTESIAN_POINT('',(-12.82,5.25,-0.61));
#6561=CARTESIAN_POINT('',(-10.2772,5.25,-0.61));
#6562=CARTESIAN_POINT('',(-10.2772,5.25,-0.61));
#6563=CARTESIAN_POINT('',(-12.82,5.25,-0.61));
#6564=CARTESIAN_POINT('',(-10.2772,5.25,0.0472000000000007));
#6565=CARTESIAN_POINT('',(-10.2772,3.95,0.0472000000000007));
#6566=CARTESIAN_POINT('',(-10.2772,5.25,0.0472000000000007));
#6567=CARTESIAN_POINT('',(-10.2772,3.95,0.0472000000000007));
#6568=CARTESIAN_POINT('',(-10.2772,3.95,-0.16));
#6569=CARTESIAN_POINT('',(-10.2772,5.25,0.0472000000000007));
#6570=CARTESIAN_POINT('',(-10.2772,5.25,-0.16));
#6571=CARTESIAN_POINT('',(-10.2772,5.25,-0.16));
#6572=CARTESIAN_POINT('',(-10.2772,5.25,0.0472000000000007));
#6573=CARTESIAN_POINT('',(-10.2772,3.95,-0.16));
#6574=CARTESIAN_POINT('',(-10.2772,5.25,-0.16));
#6575=CARTESIAN_POINT('',(-10.2772,5.25,-0.16));
#6576=CARTESIAN_POINT('',(-10.2772,5.25,0.0472000000000007));
#6577=CARTESIAN_POINT('',(-10.2772,3.95,0.0472000000000007));
#6578=CARTESIAN_POINT('',(10.07,3.95,0.0471999999999999));
#6579=CARTESIAN_POINT('',(10.07,3.95,0.0472));
#6580=CARTESIAN_POINT('',(10.07,5.25,0.0472));
#6581=CARTESIAN_POINT('',(10.07,5.25,0.0472));
#6582=CARTESIAN_POINT('',(10.07,5.25,0.0471999999999999));
#6583=CARTESIAN_POINT('',(10.07,5.25,0.0471999999999999));
#6584=CARTESIAN_POINT('',(10.2772,3.95,0.0472000000000007));
#6585=CARTESIAN_POINT('',(10.2772,3.95,-0.609999999999999));
#6586=CARTESIAN_POINT('',(10.2772,5.25,0.0472000000000007));
#6587=CARTESIAN_POINT('',(10.2772,5.25,-0.609999999999999));
#6588=CARTESIAN_POINT('',(10.2772,5.25,-0.609999999999999));
#6589=CARTESIAN_POINT('',(10.2772,5.25,0.0472000000000007));
#6590=CARTESIAN_POINT('',(10.2772,3.95,-0.61));
#6591=CARTESIAN_POINT('',(12.82,3.95,-0.61));
#6592=CARTESIAN_POINT('',(10.2772,5.25,-0.61));
#6593=CARTESIAN_POINT('',(12.82,5.25,-0.61));
#6594=CARTESIAN_POINT('',(12.82,5.25,-0.61));
#6595=CARTESIAN_POINT('',(10.2772,5.25,-0.61));
#6596=CARTESIAN_POINT('',(12.82,3.95,-0.61));
#6597=CARTESIAN_POINT('',(12.82,3.95,-0.16));
#6598=CARTESIAN_POINT('',(12.82,5.25,-0.61));
#6599=CARTESIAN_POINT('',(12.82,5.25,-0.16));
#6600=CARTESIAN_POINT('',(12.82,5.25,-0.16));
#6601=CARTESIAN_POINT('',(12.82,5.25,-0.61));
#6602=CARTESIAN_POINT('',(12.82,3.95,-0.16));
#6603=CARTESIAN_POINT('',(10.2772,3.95,-0.16));
#6604=CARTESIAN_POINT('',(12.82,5.25,-0.16));
#6605=CARTESIAN_POINT('',(10.2772,5.25,-0.16));
#6606=CARTESIAN_POINT('',(10.2772,5.25,-0.16));
#6607=CARTESIAN_POINT('',(12.82,5.25,-0.16));
#6608=CARTESIAN_POINT('',(10.2772,3.95,0.0472000000000007));
#6609=CARTESIAN_POINT('',(10.2772,5.25,0.0472000000000007));
#6610=CARTESIAN_POINT('',(10.2772,5.25,0.0472000000000007));
#6611=CARTESIAN_POINT('',(10.2772,5.25,0.0472000000000007));
#6612=CARTESIAN_POINT('',(10.2772,3.95,0.0472000000000007));
#6613=MECHANICAL_DESIGN_GEOMETRIC_PRESENTATION_REPRESENTATION('',(#24),
#6614);
#6614=(
GEOMETRIC_REPRESENTATION_CONTEXT(3)
GLOBAL_UNCERTAINTY_ASSIGNED_CONTEXT((#6615))
GLOBAL_UNIT_ASSIGNED_CONTEXT((#6621,#6617,#6616))
REPRESENTATION_CONTEXT('436500613wbm000_02_214',
'TOP_LEVEL_ASSEMBLY_PART')
);
#6615=UNCERTAINTY_MEASURE_WITH_UNIT(LENGTH_MEASURE(2.E-5),#6621,
'DISTANCE_ACCURACY_VALUE','Maximum Tolerance applied to model');
#6616=(
NAMED_UNIT(*)
SI_UNIT($,.STERADIAN.)
SOLID_ANGLE_UNIT()
);
#6617=(
CONVERSION_BASED_UNIT('DEGREE',#6619)
NAMED_UNIT(#6618)
PLANE_ANGLE_UNIT()
);
#6618=DIMENSIONAL_EXPONENTS(0.,0.,0.,0.,0.,0.,0.);
#6619=PLANE_ANGLE_MEASURE_WITH_UNIT(PLANE_ANGLE_MEASURE(0.0174532925),#6620);
#6620=(
NAMED_UNIT(*)
PLANE_ANGLE_UNIT()
SI_UNIT($,.RADIAN.)
);
#6621=(
LENGTH_UNIT()
NAMED_UNIT(*)
SI_UNIT(.MILLI.,.METRE.)
);
ENDSEC;
END-ISO-10303-21;
