ISO-10303-21;
HEADER;
/* Generated by software containing ST-Developer
 * from STEP Tools, Inc. (www.steptools.com) 
 */
/* OPTION: using custom renumber hook */

FILE_DESCRIPTION(
/* description */ ('STEP AP242',
'CAx-IF Rec.Pracs.---Representation and Presentation of Product Manufa
cturing Information (PMI)---4.0---2014-10-13',
'CAx-IF Rec.Pracs.---3D Tessellated Geometry---0.4---2014-09-14','2;1'),

/* implementation_level */ '2;1');

FILE_NAME(
/* name */ 'CJS-1201A',
/* time_stamp */ '2024-05-15T11:29:47+02:00',
/* author */ ('License CC BY-ND 4.0'),
/* organization */ ('CADENAS'),
/* preprocessor_version */ 'ST-DEVELOPER v19.3',
/* originating_system */ 'PARTsolutions',
/* authorisation */ '  ');

FILE_SCHEMA (('AP242_MANAGED_MODEL_BASED_3D_ENGINEERING_MIM_LF { 1 0 10303 442 1 1 4 }'));
ENDSEC;

DATA;
#10=ELLIPSE('',#2440,0.14142135623731,0.1);
#11=ELLIPSE('',#2441,0.141421356237309,0.0999999999999999);
#12=ELLIPSE('',#2442,0.141421356237309,0.1);
#13=ELLIPSE('',#2443,0.141421356237309,0.0999999999999998);
#14=ELLIPSE('',#2450,0.141421356237309,0.0999999999999999);
#15=ELLIPSE('',#2451,0.141421356237309,0.1);
#16=ELLIPSE('',#2452,0.141421356237309,0.0999999999999998);
#17=ELLIPSE('',#2453,0.141421356237309,0.0999999999999999);
#18=ELLIPSE('',#2455,0.141421356237309,0.1);
#19=ELLIPSE('',#2456,0.14142135623731,0.1);
#20=ELLIPSE('',#2458,0.141421356237309,0.0999999999999998);
#21=ELLIPSE('',#2459,0.141421356237309,0.0999999999999999);
#22=CONTEXT_DEPENDENT_SHAPE_REPRESENTATION(#26,#3458);
#23=CONTEXT_DEPENDENT_SHAPE_REPRESENTATION(#27,#3460);
#24=NEXT_ASSEMBLY_USAGE_OCCURRENCE('NAUO1','CJS_c_21','CJS_c_21',#3461,
#3462,'');
#25=NEXT_ASSEMBLY_USAGE_OCCURRENCE('NAUO2','CJS Slider_s',
'CJS Slider_s',#3461,#3463,'');
#26=(
REPRESENTATION_RELATIONSHIP(' ',' ',#2334,#2333)
REPRESENTATION_RELATIONSHIP_WITH_TRANSFORMATION(#28)
SHAPE_REPRESENTATION_RELATIONSHIP()
);
#27=(
REPRESENTATION_RELATIONSHIP(' ',' ',#2335,#2333)
REPRESENTATION_RELATIONSHIP_WITH_TRANSFORMATION(#29)
SHAPE_REPRESENTATION_RELATIONSHIP()
);
#28=ITEM_DEFINED_TRANSFORMATION(' ',' ',#2336,#2433);
#29=ITEM_DEFINED_TRANSFORMATION(' ',' ',#2336,#2464);
#30=SHAPE_REPRESENTATION_RELATIONSHIP('','',#2334,#32);
#31=SHAPE_REPRESENTATION_RELATIONSHIP('','',#2335,#33);
#32=ADVANCED_BREP_SHAPE_REPRESENTATION('',(#2328),#3448);
#33=ADVANCED_BREP_SHAPE_REPRESENTATION('',(#2329),#3449);
#34=CIRCLE('',#2388,0.200000000000001);
#35=CIRCLE('',#2389,0.200000000000001);
#36=CIRCLE('',#2394,0.0499999999999997);
#37=CIRCLE('',#2395,0.0499999999999997);
#38=CIRCLE('',#2397,0.2);
#39=CIRCLE('',#2398,0.2);
#40=CIRCLE('',#2404,0.200000000000001);
#41=CIRCLE('',#2405,0.200000000000001);
#42=CIRCLE('',#2410,0.0499999999999997);
#43=CIRCLE('',#2411,0.0499999999999997);
#44=CIRCLE('',#2413,0.2);
#45=CIRCLE('',#2414,0.2);
#46=CIRCLE('',#2418,0.200000000000001);
#47=CIRCLE('',#2419,0.200000000000001);
#48=CIRCLE('',#2422,0.0499999999999997);
#49=CIRCLE('',#2423,0.200000000000001);
#50=CIRCLE('',#2425,0.200000000000001);
#51=CIRCLE('',#2426,0.0499999999999997);
#52=CIRCLE('',#2445,0.0999999999999999);
#53=CIRCLE('',#2446,0.1);
#54=CIRCLE('',#2447,0.0999999999999999);
#55=CIRCLE('',#2448,0.1);
#56=CYLINDRICAL_SURFACE('',#2387,0.200000000000001);
#57=CYLINDRICAL_SURFACE('',#2393,0.0499999999999997);
#58=CYLINDRICAL_SURFACE('',#2396,0.2);
#59=CYLINDRICAL_SURFACE('',#2403,0.200000000000001);
#60=CYLINDRICAL_SURFACE('',#2409,0.0499999999999997);
#61=CYLINDRICAL_SURFACE('',#2412,0.2);
#62=CYLINDRICAL_SURFACE('',#2417,0.200000000000001);
#63=CYLINDRICAL_SURFACE('',#2427,0.0499999999999997);
#64=CYLINDRICAL_SURFACE('',#2431,0.200000000000001);
#65=CYLINDRICAL_SURFACE('',#2439,0.0999999999999999);
#66=CYLINDRICAL_SURFACE('',#2449,0.0999999999999998);
#67=CYLINDRICAL_SURFACE('',#2454,0.1);
#68=CYLINDRICAL_SURFACE('',#2457,0.0999999999999997);
#69=CYLINDRICAL_SURFACE('',#2460,0.1);
#70=CYLINDRICAL_SURFACE('',#2461,0.0999999999999999);
#71=CYLINDRICAL_SURFACE('',#2462,0.1);
#72=CYLINDRICAL_SURFACE('',#2463,0.0999999999999999);
#73=DRAUGHTING_PRE_DEFINED_COLOUR('white');
#74=ORIENTED_EDGE('',*,*,#574,.F.);
#75=ORIENTED_EDGE('',*,*,#575,.T.);
#76=ORIENTED_EDGE('',*,*,#576,.F.);
#77=ORIENTED_EDGE('',*,*,#577,.F.);
#78=ORIENTED_EDGE('',*,*,#578,.F.);
#79=ORIENTED_EDGE('',*,*,#579,.F.);
#80=ORIENTED_EDGE('',*,*,#580,.T.);
#81=ORIENTED_EDGE('',*,*,#581,.F.);
#82=ORIENTED_EDGE('',*,*,#582,.F.);
#83=ORIENTED_EDGE('',*,*,#583,.F.);
#84=ORIENTED_EDGE('',*,*,#584,.F.);
#85=ORIENTED_EDGE('',*,*,#585,.T.);
#86=ORIENTED_EDGE('',*,*,#586,.T.);
#87=ORIENTED_EDGE('',*,*,#587,.F.);
#88=ORIENTED_EDGE('',*,*,#588,.F.);
#89=ORIENTED_EDGE('',*,*,#589,.F.);
#90=ORIENTED_EDGE('',*,*,#590,.T.);
#91=ORIENTED_EDGE('',*,*,#591,.T.);
#92=ORIENTED_EDGE('',*,*,#592,.T.);
#93=ORIENTED_EDGE('',*,*,#593,.T.);
#94=ORIENTED_EDGE('',*,*,#580,.F.);
#95=ORIENTED_EDGE('',*,*,#594,.F.);
#96=ORIENTED_EDGE('',*,*,#586,.F.);
#97=ORIENTED_EDGE('',*,*,#595,.T.);
#98=ORIENTED_EDGE('',*,*,#592,.F.);
#99=ORIENTED_EDGE('',*,*,#596,.T.);
#100=ORIENTED_EDGE('',*,*,#597,.T.);
#101=ORIENTED_EDGE('',*,*,#598,.T.);
#102=ORIENTED_EDGE('',*,*,#597,.F.);
#103=ORIENTED_EDGE('',*,*,#599,.T.);
#104=ORIENTED_EDGE('',*,*,#600,.T.);
#105=ORIENTED_EDGE('',*,*,#601,.T.);
#106=ORIENTED_EDGE('',*,*,#600,.F.);
#107=ORIENTED_EDGE('',*,*,#602,.T.);
#108=ORIENTED_EDGE('',*,*,#603,.T.);
#109=ORIENTED_EDGE('',*,*,#604,.T.);
#110=ORIENTED_EDGE('',*,*,#584,.T.);
#111=ORIENTED_EDGE('',*,*,#605,.F.);
#112=ORIENTED_EDGE('',*,*,#582,.T.);
#113=ORIENTED_EDGE('',*,*,#606,.T.);
#114=ORIENTED_EDGE('',*,*,#603,.F.);
#115=ORIENTED_EDGE('',*,*,#607,.T.);
#116=ORIENTED_EDGE('',*,*,#608,.T.);
#117=ORIENTED_EDGE('',*,*,#609,.T.);
#118=ORIENTED_EDGE('',*,*,#610,.F.);
#119=ORIENTED_EDGE('',*,*,#577,.T.);
#120=ORIENTED_EDGE('',*,*,#611,.T.);
#121=ORIENTED_EDGE('',*,*,#612,.F.);
#122=ORIENTED_EDGE('',*,*,#613,.T.);
#123=ORIENTED_EDGE('',*,*,#614,.F.);
#124=ORIENTED_EDGE('',*,*,#615,.F.);
#125=ORIENTED_EDGE('',*,*,#616,.F.);
#126=ORIENTED_EDGE('',*,*,#617,.T.);
#127=ORIENTED_EDGE('',*,*,#618,.T.);
#128=ORIENTED_EDGE('',*,*,#619,.F.);
#129=ORIENTED_EDGE('',*,*,#620,.F.);
#130=ORIENTED_EDGE('',*,*,#621,.T.);
#131=ORIENTED_EDGE('',*,*,#608,.F.);
#132=ORIENTED_EDGE('',*,*,#622,.F.);
#133=ORIENTED_EDGE('',*,*,#623,.F.);
#134=ORIENTED_EDGE('',*,*,#575,.F.);
#135=ORIENTED_EDGE('',*,*,#624,.F.);
#136=ORIENTED_EDGE('',*,*,#625,.F.);
#137=ORIENTED_EDGE('',*,*,#626,.T.);
#138=ORIENTED_EDGE('',*,*,#591,.F.);
#139=ORIENTED_EDGE('',*,*,#627,.F.);
#140=ORIENTED_EDGE('',*,*,#628,.T.);
#141=ORIENTED_EDGE('',*,*,#629,.T.);
#142=ORIENTED_EDGE('',*,*,#630,.F.);
#143=ORIENTED_EDGE('',*,*,#631,.F.);
#144=ORIENTED_EDGE('',*,*,#632,.F.);
#145=ORIENTED_EDGE('',*,*,#633,.T.);
#146=ORIENTED_EDGE('',*,*,#627,.T.);
#147=ORIENTED_EDGE('',*,*,#590,.F.);
#148=ORIENTED_EDGE('',*,*,#634,.T.);
#149=ORIENTED_EDGE('',*,*,#635,.F.);
#150=ORIENTED_EDGE('',*,*,#636,.F.);
#151=ORIENTED_EDGE('',*,*,#637,.F.);
#152=ORIENTED_EDGE('',*,*,#638,.T.);
#153=ORIENTED_EDGE('',*,*,#639,.T.);
#154=ORIENTED_EDGE('',*,*,#640,.F.);
#155=ORIENTED_EDGE('',*,*,#641,.F.);
#156=ORIENTED_EDGE('',*,*,#642,.T.);
#157=ORIENTED_EDGE('',*,*,#643,.T.);
#158=ORIENTED_EDGE('',*,*,#644,.F.);
#159=ORIENTED_EDGE('',*,*,#645,.F.);
#160=ORIENTED_EDGE('',*,*,#646,.T.);
#161=ORIENTED_EDGE('',*,*,#647,.T.);
#162=ORIENTED_EDGE('',*,*,#648,.F.);
#163=ORIENTED_EDGE('',*,*,#649,.F.);
#164=ORIENTED_EDGE('',*,*,#632,.T.);
#165=ORIENTED_EDGE('',*,*,#650,.F.);
#166=ORIENTED_EDGE('',*,*,#651,.T.);
#167=ORIENTED_EDGE('',*,*,#588,.T.);
#168=ORIENTED_EDGE('',*,*,#652,.F.);
#169=ORIENTED_EDGE('',*,*,#653,.F.);
#170=ORIENTED_EDGE('',*,*,#654,.T.);
#171=ORIENTED_EDGE('',*,*,#578,.T.);
#172=ORIENTED_EDGE('',*,*,#610,.T.);
#173=ORIENTED_EDGE('',*,*,#655,.F.);
#174=ORIENTED_EDGE('',*,*,#656,.T.);
#175=ORIENTED_EDGE('',*,*,#657,.T.);
#176=ORIENTED_EDGE('',*,*,#619,.T.);
#177=ORIENTED_EDGE('',*,*,#658,.T.);
#178=ORIENTED_EDGE('',*,*,#659,.T.);
#179=ORIENTED_EDGE('',*,*,#660,.T.);
#180=ORIENTED_EDGE('',*,*,#630,.T.);
#181=ORIENTED_EDGE('',*,*,#661,.T.);
#182=ORIENTED_EDGE('',*,*,#662,.T.);
#183=ORIENTED_EDGE('',*,*,#663,.T.);
#184=ORIENTED_EDGE('',*,*,#664,.T.);
#185=ORIENTED_EDGE('',*,*,#665,.T.);
#186=ORIENTED_EDGE('',*,*,#643,.F.);
#187=ORIENTED_EDGE('',*,*,#666,.T.);
#188=ORIENTED_EDGE('',*,*,#667,.T.);
#189=ORIENTED_EDGE('',*,*,#668,.T.);
#190=ORIENTED_EDGE('',*,*,#639,.F.);
#191=ORIENTED_EDGE('',*,*,#669,.T.);
#192=ORIENTED_EDGE('',*,*,#670,.T.);
#193=ORIENTED_EDGE('',*,*,#671,.T.);
#194=ORIENTED_EDGE('',*,*,#672,.T.);
#195=ORIENTED_EDGE('',*,*,#673,.T.);
#196=ORIENTED_EDGE('',*,*,#589,.T.);
#197=ORIENTED_EDGE('',*,*,#651,.F.);
#198=ORIENTED_EDGE('',*,*,#674,.F.);
#199=ORIENTED_EDGE('',*,*,#634,.F.);
#200=ORIENTED_EDGE('',*,*,#674,.T.);
#201=ORIENTED_EDGE('',*,*,#650,.T.);
#202=ORIENTED_EDGE('',*,*,#635,.T.);
#203=ORIENTED_EDGE('',*,*,#576,.T.);
#204=ORIENTED_EDGE('',*,*,#623,.T.);
#205=ORIENTED_EDGE('',*,*,#675,.F.);
#206=ORIENTED_EDGE('',*,*,#611,.F.);
#207=ORIENTED_EDGE('',*,*,#612,.T.);
#208=ORIENTED_EDGE('',*,*,#675,.T.);
#209=ORIENTED_EDGE('',*,*,#622,.T.);
#210=ORIENTED_EDGE('',*,*,#676,.F.);
#211=ORIENTED_EDGE('',*,*,#677,.F.);
#212=ORIENTED_EDGE('',*,*,#620,.T.);
#213=ORIENTED_EDGE('',*,*,#673,.F.);
#214=ORIENTED_EDGE('',*,*,#678,.F.);
#215=ORIENTED_EDGE('',*,*,#679,.F.);
#216=ORIENTED_EDGE('',*,*,#680,.T.);
#217=ORIENTED_EDGE('',*,*,#671,.F.);
#218=ORIENTED_EDGE('',*,*,#681,.F.);
#219=ORIENTED_EDGE('',*,*,#682,.F.);
#220=ORIENTED_EDGE('',*,*,#678,.T.);
#221=ORIENTED_EDGE('',*,*,#670,.F.);
#222=ORIENTED_EDGE('',*,*,#638,.F.);
#223=ORIENTED_EDGE('',*,*,#683,.F.);
#224=ORIENTED_EDGE('',*,*,#681,.T.);
#225=ORIENTED_EDGE('',*,*,#669,.F.);
#226=ORIENTED_EDGE('',*,*,#680,.F.);
#227=ORIENTED_EDGE('',*,*,#684,.F.);
#228=ORIENTED_EDGE('',*,*,#676,.T.);
#229=ORIENTED_EDGE('',*,*,#672,.F.);
#230=ORIENTED_EDGE('',*,*,#677,.T.);
#231=ORIENTED_EDGE('',*,*,#684,.T.);
#232=ORIENTED_EDGE('',*,*,#679,.T.);
#233=ORIENTED_EDGE('',*,*,#682,.T.);
#234=ORIENTED_EDGE('',*,*,#683,.T.);
#235=ORIENTED_EDGE('',*,*,#637,.T.);
#236=ORIENTED_EDGE('',*,*,#685,.T.);
#237=ORIENTED_EDGE('',*,*,#655,.T.);
#238=ORIENTED_EDGE('',*,*,#609,.F.);
#239=ORIENTED_EDGE('',*,*,#621,.F.);
#240=ORIENTED_EDGE('',*,*,#686,.F.);
#241=ORIENTED_EDGE('',*,*,#687,.F.);
#242=ORIENTED_EDGE('',*,*,#640,.T.);
#243=ORIENTED_EDGE('',*,*,#668,.F.);
#244=ORIENTED_EDGE('',*,*,#688,.F.);
#245=ORIENTED_EDGE('',*,*,#689,.F.);
#246=ORIENTED_EDGE('',*,*,#686,.T.);
#247=ORIENTED_EDGE('',*,*,#667,.F.);
#248=ORIENTED_EDGE('',*,*,#642,.F.);
#249=ORIENTED_EDGE('',*,*,#690,.F.);
#250=ORIENTED_EDGE('',*,*,#688,.T.);
#251=ORIENTED_EDGE('',*,*,#666,.F.);
#252=ORIENTED_EDGE('',*,*,#641,.T.);
#253=ORIENTED_EDGE('',*,*,#687,.T.);
#254=ORIENTED_EDGE('',*,*,#689,.T.);
#255=ORIENTED_EDGE('',*,*,#690,.T.);
#256=ORIENTED_EDGE('',*,*,#691,.F.);
#257=ORIENTED_EDGE('',*,*,#692,.F.);
#258=ORIENTED_EDGE('',*,*,#644,.T.);
#259=ORIENTED_EDGE('',*,*,#665,.F.);
#260=ORIENTED_EDGE('',*,*,#693,.F.);
#261=ORIENTED_EDGE('',*,*,#694,.F.);
#262=ORIENTED_EDGE('',*,*,#691,.T.);
#263=ORIENTED_EDGE('',*,*,#664,.F.);
#264=ORIENTED_EDGE('',*,*,#695,.F.);
#265=ORIENTED_EDGE('',*,*,#696,.F.);
#266=ORIENTED_EDGE('',*,*,#693,.T.);
#267=ORIENTED_EDGE('',*,*,#663,.F.);
#268=ORIENTED_EDGE('',*,*,#697,.F.);
#269=ORIENTED_EDGE('',*,*,#698,.F.);
#270=ORIENTED_EDGE('',*,*,#695,.T.);
#271=ORIENTED_EDGE('',*,*,#662,.F.);
#272=ORIENTED_EDGE('',*,*,#629,.F.);
#273=ORIENTED_EDGE('',*,*,#699,.F.);
#274=ORIENTED_EDGE('',*,*,#697,.T.);
#275=ORIENTED_EDGE('',*,*,#661,.F.);
#276=ORIENTED_EDGE('',*,*,#633,.F.);
#277=ORIENTED_EDGE('',*,*,#649,.T.);
#278=ORIENTED_EDGE('',*,*,#700,.T.);
#279=ORIENTED_EDGE('',*,*,#645,.T.);
#280=ORIENTED_EDGE('',*,*,#692,.T.);
#281=ORIENTED_EDGE('',*,*,#694,.T.);
#282=ORIENTED_EDGE('',*,*,#696,.T.);
#283=ORIENTED_EDGE('',*,*,#698,.T.);
#284=ORIENTED_EDGE('',*,*,#699,.T.);
#285=ORIENTED_EDGE('',*,*,#628,.F.);
#286=ORIENTED_EDGE('',*,*,#701,.T.);
#287=ORIENTED_EDGE('',*,*,#702,.T.);
#288=ORIENTED_EDGE('',*,*,#703,.T.);
#289=ORIENTED_EDGE('',*,*,#617,.F.);
#290=ORIENTED_EDGE('',*,*,#704,.F.);
#291=ORIENTED_EDGE('',*,*,#613,.F.);
#292=ORIENTED_EDGE('',*,*,#618,.F.);
#293=ORIENTED_EDGE('',*,*,#703,.F.);
#294=ORIENTED_EDGE('',*,*,#705,.T.);
#295=ORIENTED_EDGE('',*,*,#658,.F.);
#296=ORIENTED_EDGE('',*,*,#705,.F.);
#297=ORIENTED_EDGE('',*,*,#702,.F.);
#298=ORIENTED_EDGE('',*,*,#706,.T.);
#299=ORIENTED_EDGE('',*,*,#659,.F.);
#300=ORIENTED_EDGE('',*,*,#706,.F.);
#301=ORIENTED_EDGE('',*,*,#701,.F.);
#302=ORIENTED_EDGE('',*,*,#631,.T.);
#303=ORIENTED_EDGE('',*,*,#660,.F.);
#304=ORIENTED_EDGE('',*,*,#595,.F.);
#305=ORIENTED_EDGE('',*,*,#585,.F.);
#306=ORIENTED_EDGE('',*,*,#607,.F.);
#307=ORIENTED_EDGE('',*,*,#707,.F.);
#308=ORIENTED_EDGE('',*,*,#596,.F.);
#309=ORIENTED_EDGE('',*,*,#707,.T.);
#310=ORIENTED_EDGE('',*,*,#602,.F.);
#311=ORIENTED_EDGE('',*,*,#599,.F.);
#312=ORIENTED_EDGE('',*,*,#593,.F.);
#313=ORIENTED_EDGE('',*,*,#708,.T.);
#314=ORIENTED_EDGE('',*,*,#606,.F.);
#315=ORIENTED_EDGE('',*,*,#581,.T.);
#316=ORIENTED_EDGE('',*,*,#598,.F.);
#317=ORIENTED_EDGE('',*,*,#601,.F.);
#318=ORIENTED_EDGE('',*,*,#604,.F.);
#319=ORIENTED_EDGE('',*,*,#708,.F.);
#320=ORIENTED_EDGE('',*,*,#594,.T.);
#321=ORIENTED_EDGE('',*,*,#709,.F.);
#322=ORIENTED_EDGE('',*,*,#710,.F.);
#323=ORIENTED_EDGE('',*,*,#711,.T.);
#324=ORIENTED_EDGE('',*,*,#579,.T.);
#325=ORIENTED_EDGE('',*,*,#654,.F.);
#326=ORIENTED_EDGE('',*,*,#712,.F.);
#327=ORIENTED_EDGE('',*,*,#709,.T.);
#328=ORIENTED_EDGE('',*,*,#587,.T.);
#329=ORIENTED_EDGE('',*,*,#711,.F.);
#330=ORIENTED_EDGE('',*,*,#713,.F.);
#331=ORIENTED_EDGE('',*,*,#652,.T.);
#332=ORIENTED_EDGE('',*,*,#710,.T.);
#333=ORIENTED_EDGE('',*,*,#712,.T.);
#334=ORIENTED_EDGE('',*,*,#653,.T.);
#335=ORIENTED_EDGE('',*,*,#713,.T.);
#336=ORIENTED_EDGE('',*,*,#574,.T.);
#337=ORIENTED_EDGE('',*,*,#714,.F.);
#338=ORIENTED_EDGE('',*,*,#715,.F.);
#339=ORIENTED_EDGE('',*,*,#624,.T.);
#340=ORIENTED_EDGE('',*,*,#605,.T.);
#341=ORIENTED_EDGE('',*,*,#716,.F.);
#342=ORIENTED_EDGE('',*,*,#717,.F.);
#343=ORIENTED_EDGE('',*,*,#714,.T.);
#344=ORIENTED_EDGE('',*,*,#583,.T.);
#345=ORIENTED_EDGE('',*,*,#626,.F.);
#346=ORIENTED_EDGE('',*,*,#718,.F.);
#347=ORIENTED_EDGE('',*,*,#716,.T.);
#348=ORIENTED_EDGE('',*,*,#715,.T.);
#349=ORIENTED_EDGE('',*,*,#717,.T.);
#350=ORIENTED_EDGE('',*,*,#718,.T.);
#351=ORIENTED_EDGE('',*,*,#625,.T.);
#352=ORIENTED_EDGE('',*,*,#719,.T.);
#353=ORIENTED_EDGE('',*,*,#700,.F.);
#354=ORIENTED_EDGE('',*,*,#720,.F.);
#355=ORIENTED_EDGE('',*,*,#721,.T.);
#356=ORIENTED_EDGE('',*,*,#722,.T.);
#357=ORIENTED_EDGE('',*,*,#723,.F.);
#358=ORIENTED_EDGE('',*,*,#724,.F.);
#359=ORIENTED_EDGE('',*,*,#725,.T.);
#360=ORIENTED_EDGE('',*,*,#726,.T.);
#361=ORIENTED_EDGE('',*,*,#727,.F.);
#362=ORIENTED_EDGE('',*,*,#728,.F.);
#363=ORIENTED_EDGE('',*,*,#723,.T.);
#364=ORIENTED_EDGE('',*,*,#729,.T.);
#365=ORIENTED_EDGE('',*,*,#730,.F.);
#366=ORIENTED_EDGE('',*,*,#731,.F.);
#367=ORIENTED_EDGE('',*,*,#727,.T.);
#368=ORIENTED_EDGE('',*,*,#732,.T.);
#369=ORIENTED_EDGE('',*,*,#733,.F.);
#370=ORIENTED_EDGE('',*,*,#734,.F.);
#371=ORIENTED_EDGE('',*,*,#730,.T.);
#372=ORIENTED_EDGE('',*,*,#735,.T.);
#373=ORIENTED_EDGE('',*,*,#736,.F.);
#374=ORIENTED_EDGE('',*,*,#737,.F.);
#375=ORIENTED_EDGE('',*,*,#733,.T.);
#376=ORIENTED_EDGE('',*,*,#738,.F.);
#377=ORIENTED_EDGE('',*,*,#721,.F.);
#378=ORIENTED_EDGE('',*,*,#739,.T.);
#379=ORIENTED_EDGE('',*,*,#736,.T.);
#380=ORIENTED_EDGE('',*,*,#647,.F.);
#381=ORIENTED_EDGE('',*,*,#740,.T.);
#382=ORIENTED_EDGE('',*,*,#725,.F.);
#383=ORIENTED_EDGE('',*,*,#741,.F.);
#384=ORIENTED_EDGE('',*,*,#648,.T.);
#385=ORIENTED_EDGE('',*,*,#741,.T.);
#386=ORIENTED_EDGE('',*,*,#724,.T.);
#387=ORIENTED_EDGE('',*,*,#728,.T.);
#388=ORIENTED_EDGE('',*,*,#731,.T.);
#389=ORIENTED_EDGE('',*,*,#734,.T.);
#390=ORIENTED_EDGE('',*,*,#737,.T.);
#391=ORIENTED_EDGE('',*,*,#739,.F.);
#392=ORIENTED_EDGE('',*,*,#720,.T.);
#393=ORIENTED_EDGE('',*,*,#646,.F.);
#394=ORIENTED_EDGE('',*,*,#719,.F.);
#395=ORIENTED_EDGE('',*,*,#738,.T.);
#396=ORIENTED_EDGE('',*,*,#735,.F.);
#397=ORIENTED_EDGE('',*,*,#732,.F.);
#398=ORIENTED_EDGE('',*,*,#729,.F.);
#399=ORIENTED_EDGE('',*,*,#726,.F.);
#400=ORIENTED_EDGE('',*,*,#722,.F.);
#401=ORIENTED_EDGE('',*,*,#740,.F.);
#402=ORIENTED_EDGE('',*,*,#742,.T.);
#403=ORIENTED_EDGE('',*,*,#685,.F.);
#404=ORIENTED_EDGE('',*,*,#743,.F.);
#405=ORIENTED_EDGE('',*,*,#744,.T.);
#406=ORIENTED_EDGE('',*,*,#745,.T.);
#407=ORIENTED_EDGE('',*,*,#746,.F.);
#408=ORIENTED_EDGE('',*,*,#747,.F.);
#409=ORIENTED_EDGE('',*,*,#748,.T.);
#410=ORIENTED_EDGE('',*,*,#749,.T.);
#411=ORIENTED_EDGE('',*,*,#750,.F.);
#412=ORIENTED_EDGE('',*,*,#751,.F.);
#413=ORIENTED_EDGE('',*,*,#746,.T.);
#414=ORIENTED_EDGE('',*,*,#752,.T.);
#415=ORIENTED_EDGE('',*,*,#753,.F.);
#416=ORIENTED_EDGE('',*,*,#754,.F.);
#417=ORIENTED_EDGE('',*,*,#750,.T.);
#418=ORIENTED_EDGE('',*,*,#755,.T.);
#419=ORIENTED_EDGE('',*,*,#756,.F.);
#420=ORIENTED_EDGE('',*,*,#757,.F.);
#421=ORIENTED_EDGE('',*,*,#753,.T.);
#422=ORIENTED_EDGE('',*,*,#758,.T.);
#423=ORIENTED_EDGE('',*,*,#759,.F.);
#424=ORIENTED_EDGE('',*,*,#760,.F.);
#425=ORIENTED_EDGE('',*,*,#756,.T.);
#426=ORIENTED_EDGE('',*,*,#761,.F.);
#427=ORIENTED_EDGE('',*,*,#744,.F.);
#428=ORIENTED_EDGE('',*,*,#762,.T.);
#429=ORIENTED_EDGE('',*,*,#759,.T.);
#430=ORIENTED_EDGE('',*,*,#657,.F.);
#431=ORIENTED_EDGE('',*,*,#763,.T.);
#432=ORIENTED_EDGE('',*,*,#748,.F.);
#433=ORIENTED_EDGE('',*,*,#764,.F.);
#434=ORIENTED_EDGE('',*,*,#636,.T.);
#435=ORIENTED_EDGE('',*,*,#764,.T.);
#436=ORIENTED_EDGE('',*,*,#747,.T.);
#437=ORIENTED_EDGE('',*,*,#751,.T.);
#438=ORIENTED_EDGE('',*,*,#754,.T.);
#439=ORIENTED_EDGE('',*,*,#757,.T.);
#440=ORIENTED_EDGE('',*,*,#760,.T.);
#441=ORIENTED_EDGE('',*,*,#762,.F.);
#442=ORIENTED_EDGE('',*,*,#743,.T.);
#443=ORIENTED_EDGE('',*,*,#656,.F.);
#444=ORIENTED_EDGE('',*,*,#742,.F.);
#445=ORIENTED_EDGE('',*,*,#761,.T.);
#446=ORIENTED_EDGE('',*,*,#758,.F.);
#447=ORIENTED_EDGE('',*,*,#755,.F.);
#448=ORIENTED_EDGE('',*,*,#752,.F.);
#449=ORIENTED_EDGE('',*,*,#749,.F.);
#450=ORIENTED_EDGE('',*,*,#745,.F.);
#451=ORIENTED_EDGE('',*,*,#763,.F.);
#452=ORIENTED_EDGE('',*,*,#765,.T.);
#453=ORIENTED_EDGE('',*,*,#615,.T.);
#454=ORIENTED_EDGE('',*,*,#766,.F.);
#455=ORIENTED_EDGE('',*,*,#767,.T.);
#456=ORIENTED_EDGE('',*,*,#768,.F.);
#457=ORIENTED_EDGE('',*,*,#704,.T.);
#458=ORIENTED_EDGE('',*,*,#769,.T.);
#459=ORIENTED_EDGE('',*,*,#770,.F.);
#460=ORIENTED_EDGE('',*,*,#766,.T.);
#461=ORIENTED_EDGE('',*,*,#614,.T.);
#462=ORIENTED_EDGE('',*,*,#768,.T.);
#463=ORIENTED_EDGE('',*,*,#771,.F.);
#464=ORIENTED_EDGE('',*,*,#772,.T.);
#465=ORIENTED_EDGE('',*,*,#773,.T.);
#466=ORIENTED_EDGE('',*,*,#774,.T.);
#467=ORIENTED_EDGE('',*,*,#775,.T.);
#468=ORIENTED_EDGE('',*,*,#776,.T.);
#469=ORIENTED_EDGE('',*,*,#769,.F.);
#470=ORIENTED_EDGE('',*,*,#616,.T.);
#471=ORIENTED_EDGE('',*,*,#765,.F.);
#472=ORIENTED_EDGE('',*,*,#777,.F.);
#473=ORIENTED_EDGE('',*,*,#778,.F.);
#474=ORIENTED_EDGE('',*,*,#779,.F.);
#475=ORIENTED_EDGE('',*,*,#780,.F.);
#476=ORIENTED_EDGE('',*,*,#781,.F.);
#477=ORIENTED_EDGE('',*,*,#782,.T.);
#478=ORIENTED_EDGE('',*,*,#782,.F.);
#479=ORIENTED_EDGE('',*,*,#783,.F.);
#480=ORIENTED_EDGE('',*,*,#771,.T.);
#481=ORIENTED_EDGE('',*,*,#770,.T.);
#482=ORIENTED_EDGE('',*,*,#781,.T.);
#483=ORIENTED_EDGE('',*,*,#784,.F.);
#484=ORIENTED_EDGE('',*,*,#772,.F.);
#485=ORIENTED_EDGE('',*,*,#783,.T.);
#486=ORIENTED_EDGE('',*,*,#780,.T.);
#487=ORIENTED_EDGE('',*,*,#785,.F.);
#488=ORIENTED_EDGE('',*,*,#773,.F.);
#489=ORIENTED_EDGE('',*,*,#784,.T.);
#490=ORIENTED_EDGE('',*,*,#779,.T.);
#491=ORIENTED_EDGE('',*,*,#786,.F.);
#492=ORIENTED_EDGE('',*,*,#774,.F.);
#493=ORIENTED_EDGE('',*,*,#785,.T.);
#494=ORIENTED_EDGE('',*,*,#778,.T.);
#495=ORIENTED_EDGE('',*,*,#787,.F.);
#496=ORIENTED_EDGE('',*,*,#775,.F.);
#497=ORIENTED_EDGE('',*,*,#786,.T.);
#498=ORIENTED_EDGE('',*,*,#777,.T.);
#499=ORIENTED_EDGE('',*,*,#767,.F.);
#500=ORIENTED_EDGE('',*,*,#776,.F.);
#501=ORIENTED_EDGE('',*,*,#787,.T.);
#502=ORIENTED_EDGE('',*,*,#788,.T.);
#503=ORIENTED_EDGE('',*,*,#789,.F.);
#504=ORIENTED_EDGE('',*,*,#790,.F.);
#505=ORIENTED_EDGE('',*,*,#791,.T.);
#506=ORIENTED_EDGE('',*,*,#792,.T.);
#507=ORIENTED_EDGE('',*,*,#793,.F.);
#508=ORIENTED_EDGE('',*,*,#794,.F.);
#509=ORIENTED_EDGE('',*,*,#795,.T.);
#510=ORIENTED_EDGE('',*,*,#796,.T.);
#511=ORIENTED_EDGE('',*,*,#797,.F.);
#512=ORIENTED_EDGE('',*,*,#798,.F.);
#513=ORIENTED_EDGE('',*,*,#799,.T.);
#514=ORIENTED_EDGE('',*,*,#800,.F.);
#515=ORIENTED_EDGE('',*,*,#801,.F.);
#516=ORIENTED_EDGE('',*,*,#802,.T.);
#517=ORIENTED_EDGE('',*,*,#803,.T.);
#518=ORIENTED_EDGE('',*,*,#804,.F.);
#519=ORIENTED_EDGE('',*,*,#805,.F.);
#520=ORIENTED_EDGE('',*,*,#806,.T.);
#521=ORIENTED_EDGE('',*,*,#807,.T.);
#522=ORIENTED_EDGE('',*,*,#808,.T.);
#523=ORIENTED_EDGE('',*,*,#809,.T.);
#524=ORIENTED_EDGE('',*,*,#791,.F.);
#525=ORIENTED_EDGE('',*,*,#810,.T.);
#526=ORIENTED_EDGE('',*,*,#811,.T.);
#527=ORIENTED_EDGE('',*,*,#804,.T.);
#528=ORIENTED_EDGE('',*,*,#789,.T.);
#529=ORIENTED_EDGE('',*,*,#812,.F.);
#530=ORIENTED_EDGE('',*,*,#800,.T.);
#531=ORIENTED_EDGE('',*,*,#813,.F.);
#532=ORIENTED_EDGE('',*,*,#792,.F.);
#533=ORIENTED_EDGE('',*,*,#814,.F.);
#534=ORIENTED_EDGE('',*,*,#796,.F.);
#535=ORIENTED_EDGE('',*,*,#815,.F.);
#536=ORIENTED_EDGE('',*,*,#794,.T.);
#537=ORIENTED_EDGE('',*,*,#816,.T.);
#538=ORIENTED_EDGE('',*,*,#817,.T.);
#539=ORIENTED_EDGE('',*,*,#806,.F.);
#540=ORIENTED_EDGE('',*,*,#818,.T.);
#541=ORIENTED_EDGE('',*,*,#819,.T.);
#542=ORIENTED_EDGE('',*,*,#802,.F.);
#543=ORIENTED_EDGE('',*,*,#820,.T.);
#544=ORIENTED_EDGE('',*,*,#808,.F.);
#545=ORIENTED_EDGE('',*,*,#807,.F.);
#546=ORIENTED_EDGE('',*,*,#817,.F.);
#547=ORIENTED_EDGE('',*,*,#821,.T.);
#548=ORIENTED_EDGE('',*,*,#798,.T.);
#549=ORIENTED_EDGE('',*,*,#822,.T.);
#550=ORIENTED_EDGE('',*,*,#818,.F.);
#551=ORIENTED_EDGE('',*,*,#805,.T.);
#552=ORIENTED_EDGE('',*,*,#811,.F.);
#553=ORIENTED_EDGE('',*,*,#823,.T.);
#554=ORIENTED_EDGE('',*,*,#790,.T.);
#555=ORIENTED_EDGE('',*,*,#815,.T.);
#556=ORIENTED_EDGE('',*,*,#799,.F.);
#557=ORIENTED_EDGE('',*,*,#823,.F.);
#558=ORIENTED_EDGE('',*,*,#810,.F.);
#559=ORIENTED_EDGE('',*,*,#822,.F.);
#560=ORIENTED_EDGE('',*,*,#797,.T.);
#561=ORIENTED_EDGE('',*,*,#814,.T.);
#562=ORIENTED_EDGE('',*,*,#795,.F.);
#563=ORIENTED_EDGE('',*,*,#819,.F.);
#564=ORIENTED_EDGE('',*,*,#793,.T.);
#565=ORIENTED_EDGE('',*,*,#813,.T.);
#566=ORIENTED_EDGE('',*,*,#803,.F.);
#567=ORIENTED_EDGE('',*,*,#821,.F.);
#568=ORIENTED_EDGE('',*,*,#816,.F.);
#569=ORIENTED_EDGE('',*,*,#820,.F.);
#570=ORIENTED_EDGE('',*,*,#801,.T.);
#571=ORIENTED_EDGE('',*,*,#812,.T.);
#572=ORIENTED_EDGE('',*,*,#788,.F.);
#573=ORIENTED_EDGE('',*,*,#809,.F.);
#574=EDGE_CURVE('',#824,#825,#986,.T.);
#575=EDGE_CURVE('',#824,#826,#987,.T.);
#576=EDGE_CURVE('',#827,#826,#988,.T.);
#577=EDGE_CURVE('',#828,#827,#989,.T.);
#578=EDGE_CURVE('',#829,#828,#990,.T.);
#579=EDGE_CURVE('',#830,#829,#991,.T.);
#580=EDGE_CURVE('',#830,#831,#992,.T.);
#581=EDGE_CURVE('',#832,#831,#993,.T.);
#582=EDGE_CURVE('',#825,#832,#994,.T.);
#583=EDGE_CURVE('',#833,#834,#995,.T.);
#584=EDGE_CURVE('',#835,#833,#996,.T.);
#585=EDGE_CURVE('',#835,#836,#997,.T.);
#586=EDGE_CURVE('',#836,#837,#998,.T.);
#587=EDGE_CURVE('',#838,#837,#999,.T.);
#588=EDGE_CURVE('',#839,#838,#1000,.T.);
#589=EDGE_CURVE('',#840,#839,#1001,.T.);
#590=EDGE_CURVE('',#840,#841,#1002,.T.);
#591=EDGE_CURVE('',#841,#834,#1003,.T.);
#592=EDGE_CURVE('',#842,#843,#1004,.T.);
#593=EDGE_CURVE('',#843,#831,#1005,.T.);
#594=EDGE_CURVE('',#837,#830,#1006,.T.);
#595=EDGE_CURVE('',#836,#842,#1007,.T.);
#596=EDGE_CURVE('',#842,#844,#1008,.T.);
#597=EDGE_CURVE('',#844,#845,#1009,.T.);
#598=EDGE_CURVE('',#845,#843,#1010,.T.);
#599=EDGE_CURVE('',#844,#846,#1011,.T.);
#600=EDGE_CURVE('',#846,#847,#1012,.T.);
#601=EDGE_CURVE('',#847,#845,#1013,.T.);
#602=EDGE_CURVE('',#846,#848,#1014,.T.);
#603=EDGE_CURVE('',#848,#849,#1015,.T.);
#604=EDGE_CURVE('',#849,#847,#1016,.T.);
#605=EDGE_CURVE('',#825,#833,#1017,.T.);
#606=EDGE_CURVE('',#832,#849,#1018,.T.);
#607=EDGE_CURVE('',#848,#835,#1019,.T.);
#608=EDGE_CURVE('',#850,#851,#1020,.T.);
#609=EDGE_CURVE('',#851,#852,#1021,.T.);
#610=EDGE_CURVE('',#828,#852,#1022,.T.);
#611=EDGE_CURVE('',#827,#853,#1023,.T.);
#612=EDGE_CURVE('',#850,#853,#1024,.T.);
#613=EDGE_CURVE('',#854,#855,#1025,.T.);
#614=EDGE_CURVE('',#856,#855,#1026,.T.);
#615=EDGE_CURVE('',#857,#856,#1027,.F.);
#616=EDGE_CURVE('',#858,#857,#1028,.T.);
#617=EDGE_CURVE('',#858,#859,#1029,.T.);
#618=EDGE_CURVE('',#859,#860,#1030,.T.);
#619=EDGE_CURVE('',#861,#860,#1031,.T.);
#620=EDGE_CURVE('',#862,#861,#1032,.T.);
#621=EDGE_CURVE('',#862,#851,#1033,.T.);
#622=EDGE_CURVE('',#863,#850,#1034,.T.);
#623=EDGE_CURVE('',#826,#863,#1035,.T.);
#624=EDGE_CURVE('',#864,#824,#1036,.T.);
#625=EDGE_CURVE('',#865,#864,#1037,.T.);
#626=EDGE_CURVE('',#865,#834,#1038,.T.);
#627=EDGE_CURVE('',#866,#841,#1039,.T.);
#628=EDGE_CURVE('',#866,#867,#1040,.T.);
#629=EDGE_CURVE('',#867,#868,#1041,.T.);
#630=EDGE_CURVE('',#869,#868,#1042,.T.);
#631=EDGE_CURVE('',#854,#869,#1043,.T.);
#632=EDGE_CURVE('',#870,#871,#1044,.T.);
#633=EDGE_CURVE('',#870,#866,#1045,.T.);
#634=EDGE_CURVE('',#840,#872,#1046,.T.);
#635=EDGE_CURVE('',#871,#872,#1047,.T.);
#636=EDGE_CURVE('',#873,#874,#1048,.T.);
#637=EDGE_CURVE('',#875,#873,#1049,.T.);
#638=EDGE_CURVE('',#875,#876,#1050,.T.);
#639=EDGE_CURVE('',#876,#877,#1051,.T.);
#640=EDGE_CURVE('',#878,#877,#1052,.T.);
#641=EDGE_CURVE('',#879,#878,#1053,.T.);
#642=EDGE_CURVE('',#879,#880,#1054,.T.);
#643=EDGE_CURVE('',#880,#881,#1055,.T.);
#644=EDGE_CURVE('',#882,#881,#1056,.T.);
#645=EDGE_CURVE('',#883,#882,#1057,.T.);
#646=EDGE_CURVE('',#883,#884,#1058,.T.);
#647=EDGE_CURVE('',#884,#885,#1059,.F.);
#648=EDGE_CURVE('',#886,#885,#1060,.T.);
#649=EDGE_CURVE('',#870,#886,#1061,.T.);
#650=EDGE_CURVE('',#887,#871,#1062,.T.);
#651=EDGE_CURVE('',#887,#839,#1063,.T.);
#652=EDGE_CURVE('',#888,#838,#1064,.T.);
#653=EDGE_CURVE('',#889,#888,#1065,.T.);
#654=EDGE_CURVE('',#889,#829,#1066,.T.);
#655=EDGE_CURVE('',#890,#852,#1067,.T.);
#656=EDGE_CURVE('',#890,#891,#1068,.T.);
#657=EDGE_CURVE('',#891,#874,#1069,.F.);
#658=EDGE_CURVE('',#860,#892,#1070,.T.);
#659=EDGE_CURVE('',#892,#893,#1071,.T.);
#660=EDGE_CURVE('',#893,#869,#1072,.T.);
#661=EDGE_CURVE('',#868,#894,#1073,.T.);
#662=EDGE_CURVE('',#894,#895,#1074,.T.);
#663=EDGE_CURVE('',#895,#896,#1075,.T.);
#664=EDGE_CURVE('',#896,#897,#1076,.T.);
#665=EDGE_CURVE('',#897,#881,#1077,.T.);
#666=EDGE_CURVE('',#880,#898,#1078,.T.);
#667=EDGE_CURVE('',#898,#899,#1079,.T.);
#668=EDGE_CURVE('',#899,#877,#1080,.T.);
#669=EDGE_CURVE('',#876,#900,#1081,.T.);
#670=EDGE_CURVE('',#900,#901,#1082,.T.);
#671=EDGE_CURVE('',#901,#902,#1083,.T.);
#672=EDGE_CURVE('',#902,#903,#1084,.T.);
#673=EDGE_CURVE('',#903,#861,#1085,.T.);
#674=EDGE_CURVE('',#872,#887,#1086,.T.);
#675=EDGE_CURVE('',#853,#863,#1087,.T.);
#676=EDGE_CURVE('',#904,#903,#1088,.T.);
#677=EDGE_CURVE('',#862,#904,#1089,.T.);
#678=EDGE_CURVE('',#905,#901,#1090,.T.);
#679=EDGE_CURVE('',#906,#905,#1091,.T.);
#680=EDGE_CURVE('',#906,#902,#1092,.T.);
#681=EDGE_CURVE('',#907,#900,#1093,.T.);
#682=EDGE_CURVE('',#905,#907,#1094,.T.);
#683=EDGE_CURVE('',#907,#875,#1095,.T.);
#684=EDGE_CURVE('',#904,#906,#1096,.T.);
#685=EDGE_CURVE('',#873,#890,#1097,.T.);
#686=EDGE_CURVE('',#908,#899,#1098,.T.);
#687=EDGE_CURVE('',#878,#908,#1099,.T.);
#688=EDGE_CURVE('',#909,#898,#1100,.T.);
#689=EDGE_CURVE('',#908,#909,#1101,.T.);
#690=EDGE_CURVE('',#909,#879,#1102,.T.);
#691=EDGE_CURVE('',#910,#897,#1103,.T.);
#692=EDGE_CURVE('',#882,#910,#1104,.T.);
#693=EDGE_CURVE('',#911,#896,#1105,.T.);
#694=EDGE_CURVE('',#910,#911,#1106,.T.);
#695=EDGE_CURVE('',#912,#895,#1107,.T.);
#696=EDGE_CURVE('',#911,#912,#1108,.T.);
#697=EDGE_CURVE('',#913,#894,#1109,.T.);
#698=EDGE_CURVE('',#912,#913,#1110,.T.);
#699=EDGE_CURVE('',#913,#867,#1111,.T.);
#700=EDGE_CURVE('',#886,#883,#1112,.T.);
#701=EDGE_CURVE('',#854,#914,#1113,.T.);
#702=EDGE_CURVE('',#914,#915,#1114,.T.);
#703=EDGE_CURVE('',#915,#859,#1115,.T.);
#704=EDGE_CURVE('',#855,#858,#1116,.T.);
#705=EDGE_CURVE('',#915,#892,#1117,.T.);
#706=EDGE_CURVE('',#914,#893,#1118,.T.);
#707=EDGE_CURVE('',#842,#848,#1119,.T.);
#708=EDGE_CURVE('',#843,#849,#1120,.T.);
#709=EDGE_CURVE('',#916,#830,#1121,.T.);
#710=EDGE_CURVE('',#917,#916,#1122,.T.);
#711=EDGE_CURVE('',#917,#837,#1123,.T.);
#712=EDGE_CURVE('',#916,#889,#1124,.T.);
#713=EDGE_CURVE('',#888,#917,#1125,.T.);
#714=EDGE_CURVE('',#918,#825,#1126,.T.);
#715=EDGE_CURVE('',#864,#918,#1127,.T.);
#716=EDGE_CURVE('',#919,#833,#1128,.T.);
#717=EDGE_CURVE('',#918,#919,#1129,.T.);
#718=EDGE_CURVE('',#919,#865,#1130,.T.);
#719=EDGE_CURVE('',#920,#883,#1131,.T.);
#720=EDGE_CURVE('',#921,#886,#1132,.T.);
#721=EDGE_CURVE('',#921,#920,#1133,.T.);
#722=EDGE_CURVE('',#922,#923,#1134,.T.);
#723=EDGE_CURVE('',#924,#923,#1135,.T.);
#724=EDGE_CURVE('',#925,#924,#1136,.T.);
#725=EDGE_CURVE('',#925,#922,#1137,.T.);
#726=EDGE_CURVE('',#923,#926,#34,.T.);
#727=EDGE_CURVE('',#927,#926,#1138,.T.);
#728=EDGE_CURVE('',#924,#927,#35,.T.);
#729=EDGE_CURVE('',#926,#928,#1139,.T.);
#730=EDGE_CURVE('',#929,#928,#1140,.T.);
#731=EDGE_CURVE('',#927,#929,#1141,.T.);
#732=EDGE_CURVE('',#928,#930,#1142,.T.);
#733=EDGE_CURVE('',#931,#930,#1143,.T.);
#734=EDGE_CURVE('',#929,#931,#1144,.T.);
#735=EDGE_CURVE('',#930,#932,#1145,.T.);
#736=EDGE_CURVE('',#933,#932,#1146,.T.);
#737=EDGE_CURVE('',#931,#933,#1147,.T.);
#738=EDGE_CURVE('',#920,#932,#36,.T.);
#739=EDGE_CURVE('',#921,#933,#37,.T.);
#740=EDGE_CURVE('',#884,#922,#38,.T.);
#741=EDGE_CURVE('',#885,#925,#39,.T.);
#742=EDGE_CURVE('',#934,#890,#1148,.T.);
#743=EDGE_CURVE('',#935,#873,#1149,.T.);
#744=EDGE_CURVE('',#935,#934,#1150,.T.);
#745=EDGE_CURVE('',#936,#937,#1151,.T.);
#746=EDGE_CURVE('',#938,#937,#1152,.T.);
#747=EDGE_CURVE('',#939,#938,#1153,.T.);
#748=EDGE_CURVE('',#939,#936,#1154,.T.);
#749=EDGE_CURVE('',#937,#940,#40,.T.);
#750=EDGE_CURVE('',#941,#940,#1155,.T.);
#751=EDGE_CURVE('',#938,#941,#41,.T.);
#752=EDGE_CURVE('',#940,#942,#1156,.T.);
#753=EDGE_CURVE('',#943,#942,#1157,.T.);
#754=EDGE_CURVE('',#941,#943,#1158,.T.);
#755=EDGE_CURVE('',#942,#944,#1159,.T.);
#756=EDGE_CURVE('',#945,#944,#1160,.T.);
#757=EDGE_CURVE('',#943,#945,#1161,.T.);
#758=EDGE_CURVE('',#944,#946,#1162,.T.);
#759=EDGE_CURVE('',#947,#946,#1163,.T.);
#760=EDGE_CURVE('',#945,#947,#1164,.T.);
#761=EDGE_CURVE('',#934,#946,#42,.T.);
#762=EDGE_CURVE('',#935,#947,#43,.T.);
#763=EDGE_CURVE('',#891,#936,#44,.T.);
#764=EDGE_CURVE('',#874,#939,#45,.T.);
#765=EDGE_CURVE('',#948,#857,#46,.T.);
#766=EDGE_CURVE('',#949,#856,#47,.T.);
#767=EDGE_CURVE('',#949,#948,#1165,.T.);
#768=EDGE_CURVE('',#855,#950,#1166,.T.);
#769=EDGE_CURVE('',#858,#951,#1167,.T.);
#770=EDGE_CURVE('',#950,#951,#1168,.T.);
#771=EDGE_CURVE('',#952,#950,#48,.T.);
#772=EDGE_CURVE('',#952,#953,#1169,.T.);
#773=EDGE_CURVE('',#953,#954,#1170,.T.);
#774=EDGE_CURVE('',#954,#955,#1171,.T.);
#775=EDGE_CURVE('',#955,#956,#49,.T.);
#776=EDGE_CURVE('',#956,#949,#1172,.T.);
#777=EDGE_CURVE('',#957,#948,#1173,.T.);
#778=EDGE_CURVE('',#958,#957,#50,.T.);
#779=EDGE_CURVE('',#959,#958,#1174,.T.);
#780=EDGE_CURVE('',#960,#959,#1175,.T.);
#781=EDGE_CURVE('',#961,#960,#1176,.T.);
#782=EDGE_CURVE('',#961,#951,#51,.T.);
#783=EDGE_CURVE('',#952,#961,#1177,.T.);
#784=EDGE_CURVE('',#953,#960,#1178,.T.);
#785=EDGE_CURVE('',#954,#959,#1179,.T.);
#786=EDGE_CURVE('',#955,#958,#1180,.T.);
#787=EDGE_CURVE('',#956,#957,#1181,.T.);
#788=EDGE_CURVE('',#962,#963,#1182,.T.);
#789=EDGE_CURVE('',#964,#963,#1183,.T.);
#790=EDGE_CURVE('',#965,#964,#1184,.T.);
#791=EDGE_CURVE('',#965,#962,#1185,.T.);
#792=EDGE_CURVE('',#966,#967,#1186,.T.);
#793=EDGE_CURVE('',#968,#967,#1187,.T.);
#794=EDGE_CURVE('',#969,#968,#1188,.T.);
#795=EDGE_CURVE('',#969,#966,#1189,.T.);
#796=EDGE_CURVE('',#970,#971,#1190,.T.);
#797=EDGE_CURVE('',#972,#971,#1191,.T.);
#798=EDGE_CURVE('',#973,#972,#1192,.F.);
#799=EDGE_CURVE('',#973,#970,#1193,.T.);
#800=EDGE_CURVE('',#974,#975,#1194,.T.);
#801=EDGE_CURVE('',#976,#974,#1195,.T.);
#802=EDGE_CURVE('',#976,#977,#1196,.F.);
#803=EDGE_CURVE('',#977,#975,#1197,.T.);
#804=EDGE_CURVE('',#978,#979,#1198,.T.);
#805=EDGE_CURVE('',#980,#978,#1199,.T.);
#806=EDGE_CURVE('',#980,#981,#1200,.T.);
#807=EDGE_CURVE('',#981,#979,#1201,.T.);
#808=EDGE_CURVE('',#979,#982,#10,.F.);
#809=EDGE_CURVE('',#982,#962,#11,.F.);
#810=EDGE_CURVE('',#965,#983,#12,.T.);
#811=EDGE_CURVE('',#983,#978,#13,.T.);
#812=EDGE_CURVE('',#974,#963,#52,.T.);
#813=EDGE_CURVE('',#967,#975,#53,.T.);
#814=EDGE_CURVE('',#971,#966,#54,.T.);
#815=EDGE_CURVE('',#964,#970,#55,.T.);
#816=EDGE_CURVE('',#968,#984,#14,.F.);
#817=EDGE_CURVE('',#984,#981,#15,.F.);
#818=EDGE_CURVE('',#980,#985,#16,.T.);
#819=EDGE_CURVE('',#985,#969,#17,.T.);
#820=EDGE_CURVE('',#976,#982,#18,.F.);
#821=EDGE_CURVE('',#984,#977,#19,.T.);
#822=EDGE_CURVE('',#972,#985,#20,.T.);
#823=EDGE_CURVE('',#983,#973,#21,.F.);
#824=VERTEX_POINT('',#2942);
#825=VERTEX_POINT('',#2943);
#826=VERTEX_POINT('',#2945);
#827=VERTEX_POINT('',#2947);
#828=VERTEX_POINT('',#2949);
#829=VERTEX_POINT('',#2951);
#830=VERTEX_POINT('',#2953);
#831=VERTEX_POINT('',#2955);
#832=VERTEX_POINT('',#2957);
#833=VERTEX_POINT('',#2961);
#834=VERTEX_POINT('',#2962);
#835=VERTEX_POINT('',#2964);
#836=VERTEX_POINT('',#2966);
#837=VERTEX_POINT('',#2968);
#838=VERTEX_POINT('',#2970);
#839=VERTEX_POINT('',#2972);
#840=VERTEX_POINT('',#2974);
#841=VERTEX_POINT('',#2976);
#842=VERTEX_POINT('',#2980);
#843=VERTEX_POINT('',#2981);
#844=VERTEX_POINT('',#2987);
#845=VERTEX_POINT('',#2989);
#846=VERTEX_POINT('',#2993);
#847=VERTEX_POINT('',#2995);
#848=VERTEX_POINT('',#2999);
#849=VERTEX_POINT('',#3001);
#850=VERTEX_POINT('',#3009);
#851=VERTEX_POINT('',#3010);
#852=VERTEX_POINT('',#3012);
#853=VERTEX_POINT('',#3015);
#854=VERTEX_POINT('',#3019);
#855=VERTEX_POINT('',#3020);
#856=VERTEX_POINT('',#3022);
#857=VERTEX_POINT('',#3024);
#858=VERTEX_POINT('',#3026);
#859=VERTEX_POINT('',#3028);
#860=VERTEX_POINT('',#3030);
#861=VERTEX_POINT('',#3032);
#862=VERTEX_POINT('',#3034);
#863=VERTEX_POINT('',#3037);
#864=VERTEX_POINT('',#3040);
#865=VERTEX_POINT('',#3042);
#866=VERTEX_POINT('',#3045);
#867=VERTEX_POINT('',#3047);
#868=VERTEX_POINT('',#3049);
#869=VERTEX_POINT('',#3051);
#870=VERTEX_POINT('',#3055);
#871=VERTEX_POINT('',#3056);
#872=VERTEX_POINT('',#3059);
#873=VERTEX_POINT('',#3063);
#874=VERTEX_POINT('',#3064);
#875=VERTEX_POINT('',#3066);
#876=VERTEX_POINT('',#3068);
#877=VERTEX_POINT('',#3070);
#878=VERTEX_POINT('',#3072);
#879=VERTEX_POINT('',#3074);
#880=VERTEX_POINT('',#3076);
#881=VERTEX_POINT('',#3078);
#882=VERTEX_POINT('',#3080);
#883=VERTEX_POINT('',#3082);
#884=VERTEX_POINT('',#3084);
#885=VERTEX_POINT('',#3086);
#886=VERTEX_POINT('',#3088);
#887=VERTEX_POINT('',#3091);
#888=VERTEX_POINT('',#3094);
#889=VERTEX_POINT('',#3096);
#890=VERTEX_POINT('',#3099);
#891=VERTEX_POINT('',#3101);
#892=VERTEX_POINT('',#3105);
#893=VERTEX_POINT('',#3107);
#894=VERTEX_POINT('',#3110);
#895=VERTEX_POINT('',#3112);
#896=VERTEX_POINT('',#3114);
#897=VERTEX_POINT('',#3116);
#898=VERTEX_POINT('',#3119);
#899=VERTEX_POINT('',#3121);
#900=VERTEX_POINT('',#3124);
#901=VERTEX_POINT('',#3126);
#902=VERTEX_POINT('',#3128);
#903=VERTEX_POINT('',#3130);
#904=VERTEX_POINT('',#3140);
#905=VERTEX_POINT('',#3144);
#906=VERTEX_POINT('',#3146);
#907=VERTEX_POINT('',#3150);
#908=VERTEX_POINT('',#3160);
#909=VERTEX_POINT('',#3164);
#910=VERTEX_POINT('',#3171);
#911=VERTEX_POINT('',#3175);
#912=VERTEX_POINT('',#3179);
#913=VERTEX_POINT('',#3183);
#914=VERTEX_POINT('',#3191);
#915=VERTEX_POINT('',#3193);
#916=VERTEX_POINT('',#3209);
#917=VERTEX_POINT('',#3211);
#918=VERTEX_POINT('',#3220);
#919=VERTEX_POINT('',#3224);
#920=VERTEX_POINT('',#3231);
#921=VERTEX_POINT('',#3233);
#922=VERTEX_POINT('',#3237);
#923=VERTEX_POINT('',#3238);
#924=VERTEX_POINT('',#3240);
#925=VERTEX_POINT('',#3242);
#926=VERTEX_POINT('',#3246);
#927=VERTEX_POINT('',#3248);
#928=VERTEX_POINT('',#3252);
#929=VERTEX_POINT('',#3254);
#930=VERTEX_POINT('',#3258);
#931=VERTEX_POINT('',#3260);
#932=VERTEX_POINT('',#3264);
#933=VERTEX_POINT('',#3266);
#934=VERTEX_POINT('',#3278);
#935=VERTEX_POINT('',#3280);
#936=VERTEX_POINT('',#3284);
#937=VERTEX_POINT('',#3285);
#938=VERTEX_POINT('',#3287);
#939=VERTEX_POINT('',#3289);
#940=VERTEX_POINT('',#3293);
#941=VERTEX_POINT('',#3295);
#942=VERTEX_POINT('',#3299);
#943=VERTEX_POINT('',#3301);
#944=VERTEX_POINT('',#3305);
#945=VERTEX_POINT('',#3307);
#946=VERTEX_POINT('',#3311);
#947=VERTEX_POINT('',#3313);
#948=VERTEX_POINT('',#3325);
#949=VERTEX_POINT('',#3327);
#950=VERTEX_POINT('',#3331);
#951=VERTEX_POINT('',#3333);
#952=VERTEX_POINT('',#3337);
#953=VERTEX_POINT('',#3339);
#954=VERTEX_POINT('',#3341);
#955=VERTEX_POINT('',#3343);
#956=VERTEX_POINT('',#3345);
#957=VERTEX_POINT('',#3349);
#958=VERTEX_POINT('',#3351);
#959=VERTEX_POINT('',#3353);
#960=VERTEX_POINT('',#3355);
#961=VERTEX_POINT('',#3357);
#962=VERTEX_POINT('',#3373);
#963=VERTEX_POINT('',#3374);
#964=VERTEX_POINT('',#3376);
#965=VERTEX_POINT('',#3378);
#966=VERTEX_POINT('',#3382);
#967=VERTEX_POINT('',#3383);
#968=VERTEX_POINT('',#3385);
#969=VERTEX_POINT('',#3387);
#970=VERTEX_POINT('',#3391);
#971=VERTEX_POINT('',#3392);
#972=VERTEX_POINT('',#3394);
#973=VERTEX_POINT('',#3396);
#974=VERTEX_POINT('',#3400);
#975=VERTEX_POINT('',#3401);
#976=VERTEX_POINT('',#3403);
#977=VERTEX_POINT('',#3405);
#978=VERTEX_POINT('',#3409);
#979=VERTEX_POINT('',#3410);
#980=VERTEX_POINT('',#3412);
#981=VERTEX_POINT('',#3414);
#982=VERTEX_POINT('',#3418);
#983=VERTEX_POINT('',#3421);
#984=VERTEX_POINT('',#3430);
#985=VERTEX_POINT('',#3433);
#986=LINE('',#2941,#1202);
#987=LINE('',#2944,#1203);
#988=LINE('',#2946,#1204);
#989=LINE('',#2948,#1205);
#990=LINE('',#2950,#1206);
#991=LINE('',#2952,#1207);
#992=LINE('',#2954,#1208);
#993=LINE('',#2956,#1209);
#994=LINE('',#2958,#1210);
#995=LINE('',#2960,#1211);
#996=LINE('',#2963,#1212);
#997=LINE('',#2965,#1213);
#998=LINE('',#2967,#1214);
#999=LINE('',#2969,#1215);
#1000=LINE('',#2971,#1216);
#1001=LINE('',#2973,#1217);
#1002=LINE('',#2975,#1218);
#1003=LINE('',#2977,#1219);
#1004=LINE('',#2979,#1220);
#1005=LINE('',#2982,#1221);
#1006=LINE('',#2983,#1222);
#1007=LINE('',#2984,#1223);
#1008=LINE('',#2986,#1224);
#1009=LINE('',#2988,#1225);
#1010=LINE('',#2990,#1226);
#1011=LINE('',#2992,#1227);
#1012=LINE('',#2994,#1228);
#1013=LINE('',#2996,#1229);
#1014=LINE('',#2998,#1230);
#1015=LINE('',#3000,#1231);
#1016=LINE('',#3002,#1232);
#1017=LINE('',#3004,#1233);
#1018=LINE('',#3005,#1234);
#1019=LINE('',#3006,#1235);
#1020=LINE('',#3008,#1236);
#1021=LINE('',#3011,#1237);
#1022=LINE('',#3013,#1238);
#1023=LINE('',#3014,#1239);
#1024=LINE('',#3016,#1240);
#1025=LINE('',#3018,#1241);
#1026=LINE('',#3021,#1242);
#1027=LINE('',#3023,#1243);
#1028=LINE('',#3025,#1244);
#1029=LINE('',#3027,#1245);
#1030=LINE('',#3029,#1246);
#1031=LINE('',#3031,#1247);
#1032=LINE('',#3033,#1248);
#1033=LINE('',#3035,#1249);
#1034=LINE('',#3036,#1250);
#1035=LINE('',#3038,#1251);
#1036=LINE('',#3039,#1252);
#1037=LINE('',#3041,#1253);
#1038=LINE('',#3043,#1254);
#1039=LINE('',#3044,#1255);
#1040=LINE('',#3046,#1256);
#1041=LINE('',#3048,#1257);
#1042=LINE('',#3050,#1258);
#1043=LINE('',#3052,#1259);
#1044=LINE('',#3054,#1260);
#1045=LINE('',#3057,#1261);
#1046=LINE('',#3058,#1262);
#1047=LINE('',#3060,#1263);
#1048=LINE('',#3062,#1264);
#1049=LINE('',#3065,#1265);
#1050=LINE('',#3067,#1266);
#1051=LINE('',#3069,#1267);
#1052=LINE('',#3071,#1268);
#1053=LINE('',#3073,#1269);
#1054=LINE('',#3075,#1270);
#1055=LINE('',#3077,#1271);
#1056=LINE('',#3079,#1272);
#1057=LINE('',#3081,#1273);
#1058=LINE('',#3083,#1274);
#1059=LINE('',#3085,#1275);
#1060=LINE('',#3087,#1276);
#1061=LINE('',#3089,#1277);
#1062=LINE('',#3090,#1278);
#1063=LINE('',#3092,#1279);
#1064=LINE('',#3093,#1280);
#1065=LINE('',#3095,#1281);
#1066=LINE('',#3097,#1282);
#1067=LINE('',#3098,#1283);
#1068=LINE('',#3100,#1284);
#1069=LINE('',#3102,#1285);
#1070=LINE('',#3104,#1286);
#1071=LINE('',#3106,#1287);
#1072=LINE('',#3108,#1288);
#1073=LINE('',#3109,#1289);
#1074=LINE('',#3111,#1290);
#1075=LINE('',#3113,#1291);
#1076=LINE('',#3115,#1292);
#1077=LINE('',#3117,#1293);
#1078=LINE('',#3118,#1294);
#1079=LINE('',#3120,#1295);
#1080=LINE('',#3122,#1296);
#1081=LINE('',#3123,#1297);
#1082=LINE('',#3125,#1298);
#1083=LINE('',#3127,#1299);
#1084=LINE('',#3129,#1300);
#1085=LINE('',#3131,#1301);
#1086=LINE('',#3133,#1302);
#1087=LINE('',#3136,#1303);
#1088=LINE('',#3139,#1304);
#1089=LINE('',#3141,#1305);
#1090=LINE('',#3143,#1306);
#1091=LINE('',#3145,#1307);
#1092=LINE('',#3147,#1308);
#1093=LINE('',#3149,#1309);
#1094=LINE('',#3151,#1310);
#1095=LINE('',#3153,#1311);
#1096=LINE('',#3155,#1312);
#1097=LINE('',#3157,#1313);
#1098=LINE('',#3159,#1314);
#1099=LINE('',#3161,#1315);
#1100=LINE('',#3163,#1316);
#1101=LINE('',#3165,#1317);
#1102=LINE('',#3167,#1318);
#1103=LINE('',#3170,#1319);
#1104=LINE('',#3172,#1320);
#1105=LINE('',#3174,#1321);
#1106=LINE('',#3176,#1322);
#1107=LINE('',#3178,#1323);
#1108=LINE('',#3180,#1324);
#1109=LINE('',#3182,#1325);
#1110=LINE('',#3184,#1326);
#1111=LINE('',#3186,#1327);
#1112=LINE('',#3188,#1328);
#1113=LINE('',#3190,#1329);
#1114=LINE('',#3192,#1330);
#1115=LINE('',#3194,#1331);
#1116=LINE('',#3195,#1332);
#1117=LINE('',#3197,#1333);
#1118=LINE('',#3199,#1334);
#1119=LINE('',#3202,#1335);
#1120=LINE('',#3205,#1336);
#1121=LINE('',#3208,#1337);
#1122=LINE('',#3210,#1338);
#1123=LINE('',#3212,#1339);
#1124=LINE('',#3214,#1340);
#1125=LINE('',#3216,#1341);
#1126=LINE('',#3219,#1342);
#1127=LINE('',#3221,#1343);
#1128=LINE('',#3223,#1344);
#1129=LINE('',#3225,#1345);
#1130=LINE('',#3227,#1346);
#1131=LINE('',#3230,#1347);
#1132=LINE('',#3232,#1348);
#1133=LINE('',#3234,#1349);
#1134=LINE('',#3236,#1350);
#1135=LINE('',#3239,#1351);
#1136=LINE('',#3241,#1352);
#1137=LINE('',#3243,#1353);
#1138=LINE('',#3247,#1354);
#1139=LINE('',#3251,#1355);
#1140=LINE('',#3253,#1356);
#1141=LINE('',#3255,#1357);
#1142=LINE('',#3257,#1358);
#1143=LINE('',#3259,#1359);
#1144=LINE('',#3261,#1360);
#1145=LINE('',#3263,#1361);
#1146=LINE('',#3265,#1362);
#1147=LINE('',#3267,#1363);
#1148=LINE('',#3277,#1364);
#1149=LINE('',#3279,#1365);
#1150=LINE('',#3281,#1366);
#1151=LINE('',#3283,#1367);
#1152=LINE('',#3286,#1368);
#1153=LINE('',#3288,#1369);
#1154=LINE('',#3290,#1370);
#1155=LINE('',#3294,#1371);
#1156=LINE('',#3298,#1372);
#1157=LINE('',#3300,#1373);
#1158=LINE('',#3302,#1374);
#1159=LINE('',#3304,#1375);
#1160=LINE('',#3306,#1376);
#1161=LINE('',#3308,#1377);
#1162=LINE('',#3310,#1378);
#1163=LINE('',#3312,#1379);
#1164=LINE('',#3314,#1380);
#1165=LINE('',#3328,#1381);
#1166=LINE('',#3330,#1382);
#1167=LINE('',#3332,#1383);
#1168=LINE('',#3334,#1384);
#1169=LINE('',#3338,#1385);
#1170=LINE('',#3340,#1386);
#1171=LINE('',#3342,#1387);
#1172=LINE('',#3346,#1388);
#1173=LINE('',#3348,#1389);
#1174=LINE('',#3352,#1390);
#1175=LINE('',#3354,#1391);
#1176=LINE('',#3356,#1392);
#1177=LINE('',#3360,#1393);
#1178=LINE('',#3362,#1394);
#1179=LINE('',#3364,#1395);
#1180=LINE('',#3366,#1396);
#1181=LINE('',#3368,#1397);
#1182=LINE('',#3372,#1398);
#1183=LINE('',#3375,#1399);
#1184=LINE('',#3377,#1400);
#1185=LINE('',#3379,#1401);
#1186=LINE('',#3381,#1402);
#1187=LINE('',#3384,#1403);
#1188=LINE('',#3386,#1404);
#1189=LINE('',#3388,#1405);
#1190=LINE('',#3390,#1406);
#1191=LINE('',#3393,#1407);
#1192=LINE('',#3395,#1408);
#1193=LINE('',#3397,#1409);
#1194=LINE('',#3399,#1410);
#1195=LINE('',#3402,#1411);
#1196=LINE('',#3404,#1412);
#1197=LINE('',#3406,#1413);
#1198=LINE('',#3408,#1414);
#1199=LINE('',#3411,#1415);
#1200=LINE('',#3413,#1416);
#1201=LINE('',#3415,#1417);
#1202=VECTOR('',#2469,1000.);
#1203=VECTOR('',#2470,1000.);
#1204=VECTOR('',#2471,1000.);
#1205=VECTOR('',#2472,1000.);
#1206=VECTOR('',#2473,1000.);
#1207=VECTOR('',#2474,1000.);
#1208=VECTOR('',#2475,1000.);
#1209=VECTOR('',#2476,1000.);
#1210=VECTOR('',#2477,1000.);
#1211=VECTOR('',#2480,1000.);
#1212=VECTOR('',#2481,1000.);
#1213=VECTOR('',#2482,1000.);
#1214=VECTOR('',#2483,1000.);
#1215=VECTOR('',#2484,1000.);
#1216=VECTOR('',#2485,1000.);
#1217=VECTOR('',#2486,1000.);
#1218=VECTOR('',#2487,1000.);
#1219=VECTOR('',#2488,1000.);
#1220=VECTOR('',#2491,1000.);
#1221=VECTOR('',#2492,1000.);
#1222=VECTOR('',#2493,1000.);
#1223=VECTOR('',#2494,1000.);
#1224=VECTOR('',#2497,1000.);
#1225=VECTOR('',#2498,1000.);
#1226=VECTOR('',#2499,1000.);
#1227=VECTOR('',#2502,1000.);
#1228=VECTOR('',#2503,1000.);
#1229=VECTOR('',#2504,1000.);
#1230=VECTOR('',#2507,1000.);
#1231=VECTOR('',#2508,1000.);
#1232=VECTOR('',#2509,1000.);
#1233=VECTOR('',#2512,1000.);
#1234=VECTOR('',#2513,1000.);
#1235=VECTOR('',#2514,1000.);
#1236=VECTOR('',#2517,1000.);
#1237=VECTOR('',#2518,1000.);
#1238=VECTOR('',#2519,1000.);
#1239=VECTOR('',#2520,1000.);
#1240=VECTOR('',#2521,1000.);
#1241=VECTOR('',#2524,1000.);
#1242=VECTOR('',#2525,1000.);
#1243=VECTOR('',#2526,1000.);
#1244=VECTOR('',#2527,1000.);
#1245=VECTOR('',#2528,1000.);
#1246=VECTOR('',#2529,1000.);
#1247=VECTOR('',#2530,1000.);
#1248=VECTOR('',#2531,1000.);
#1249=VECTOR('',#2532,1000.);
#1250=VECTOR('',#2533,1000.);
#1251=VECTOR('',#2534,1000.);
#1252=VECTOR('',#2535,1000.);
#1253=VECTOR('',#2536,1000.);
#1254=VECTOR('',#2537,1000.);
#1255=VECTOR('',#2538,1000.);
#1256=VECTOR('',#2539,1000.);
#1257=VECTOR('',#2540,1000.);
#1258=VECTOR('',#2541,1000.);
#1259=VECTOR('',#2542,1000.);
#1260=VECTOR('',#2545,1000.);
#1261=VECTOR('',#2546,1000.);
#1262=VECTOR('',#2547,1000.);
#1263=VECTOR('',#2548,1000.);
#1264=VECTOR('',#2551,1000.);
#1265=VECTOR('',#2552,1000.);
#1266=VECTOR('',#2553,1000.);
#1267=VECTOR('',#2554,1000.);
#1268=VECTOR('',#2555,1000.);
#1269=VECTOR('',#2556,1000.);
#1270=VECTOR('',#2557,1000.);
#1271=VECTOR('',#2558,1000.);
#1272=VECTOR('',#2559,1000.);
#1273=VECTOR('',#2560,1000.);
#1274=VECTOR('',#2561,1000.);
#1275=VECTOR('',#2562,1000.);
#1276=VECTOR('',#2563,1000.);
#1277=VECTOR('',#2564,1000.);
#1278=VECTOR('',#2565,1000.);
#1279=VECTOR('',#2566,1000.);
#1280=VECTOR('',#2567,1000.);
#1281=VECTOR('',#2568,1000.);
#1282=VECTOR('',#2569,1000.);
#1283=VECTOR('',#2570,1000.);
#1284=VECTOR('',#2571,1000.);
#1285=VECTOR('',#2572,1000.);
#1286=VECTOR('',#2575,1000.);
#1287=VECTOR('',#2576,1000.);
#1288=VECTOR('',#2577,1000.);
#1289=VECTOR('',#2578,1000.);
#1290=VECTOR('',#2579,1000.);
#1291=VECTOR('',#2580,1000.);
#1292=VECTOR('',#2581,1000.);
#1293=VECTOR('',#2582,1000.);
#1294=VECTOR('',#2583,1000.);
#1295=VECTOR('',#2584,1000.);
#1296=VECTOR('',#2585,1000.);
#1297=VECTOR('',#2586,1000.);
#1298=VECTOR('',#2587,1000.);
#1299=VECTOR('',#2588,1000.);
#1300=VECTOR('',#2589,1000.);
#1301=VECTOR('',#2590,1000.);
#1302=VECTOR('',#2593,1000.);
#1303=VECTOR('',#2598,1000.);
#1304=VECTOR('',#2603,1000.);
#1305=VECTOR('',#2604,1000.);
#1306=VECTOR('',#2607,1000.);
#1307=VECTOR('',#2608,1000.);
#1308=VECTOR('',#2609,1000.);
#1309=VECTOR('',#2612,1000.);
#1310=VECTOR('',#2613,1000.);
#1311=VECTOR('',#2616,1000.);
#1312=VECTOR('',#2619,1000.);
#1313=VECTOR('',#2622,1000.);
#1314=VECTOR('',#2625,1000.);
#1315=VECTOR('',#2626,1000.);
#1316=VECTOR('',#2629,1000.);
#1317=VECTOR('',#2630,1000.);
#1318=VECTOR('',#2633,1000.);
#1319=VECTOR('',#2638,1000.);
#1320=VECTOR('',#2639,1000.);
#1321=VECTOR('',#2642,1000.);
#1322=VECTOR('',#2643,1000.);
#1323=VECTOR('',#2646,1000.);
#1324=VECTOR('',#2647,1000.);
#1325=VECTOR('',#2650,1000.);
#1326=VECTOR('',#2651,1000.);
#1327=VECTOR('',#2654,1000.);
#1328=VECTOR('',#2657,1000.);
#1329=VECTOR('',#2660,1000.);
#1330=VECTOR('',#2661,1000.);
#1331=VECTOR('',#2662,1000.);
#1332=VECTOR('',#2663,1000.);
#1333=VECTOR('',#2666,1000.);
#1334=VECTOR('',#2669,1000.);
#1335=VECTOR('',#2674,1000.);
#1336=VECTOR('',#2679,1000.);
#1337=VECTOR('',#2684,1000.);
#1338=VECTOR('',#2685,1000.);
#1339=VECTOR('',#2686,1000.);
#1340=VECTOR('',#2689,1000.);
#1341=VECTOR('',#2692,1000.);
#1342=VECTOR('',#2697,1000.);
#1343=VECTOR('',#2698,1000.);
#1344=VECTOR('',#2701,1000.);
#1345=VECTOR('',#2702,1000.);
#1346=VECTOR('',#2705,1000.);
#1347=VECTOR('',#2710,1000.);
#1348=VECTOR('',#2711,1000.);
#1349=VECTOR('',#2712,1000.);
#1350=VECTOR('',#2715,1000.);
#1351=VECTOR('',#2716,1000.);
#1352=VECTOR('',#2717,1000.);
#1353=VECTOR('',#2718,1000.);
#1354=VECTOR('',#2723,1000.);
#1355=VECTOR('',#2728,1000.);
#1356=VECTOR('',#2729,1000.);
#1357=VECTOR('',#2730,1000.);
#1358=VECTOR('',#2733,1000.);
#1359=VECTOR('',#2734,1000.);
#1360=VECTOR('',#2735,1000.);
#1361=VECTOR('',#2738,1000.);
#1362=VECTOR('',#2739,1000.);
#1363=VECTOR('',#2740,1000.);
#1364=VECTOR('',#2759,1000.);
#1365=VECTOR('',#2760,1000.);
#1366=VECTOR('',#2761,1000.);
#1367=VECTOR('',#2764,1000.);
#1368=VECTOR('',#2765,1000.);
#1369=VECTOR('',#2766,1000.);
#1370=VECTOR('',#2767,1000.);
#1371=VECTOR('',#2772,1000.);
#1372=VECTOR('',#2777,1000.);
#1373=VECTOR('',#2778,1000.);
#1374=VECTOR('',#2779,1000.);
#1375=VECTOR('',#2782,1000.);
#1376=VECTOR('',#2783,1000.);
#1377=VECTOR('',#2784,1000.);
#1378=VECTOR('',#2787,1000.);
#1379=VECTOR('',#2788,1000.);
#1380=VECTOR('',#2789,1000.);
#1381=VECTOR('',#2812,1000.);
#1382=VECTOR('',#2815,1000.);
#1383=VECTOR('',#2816,1000.);
#1384=VECTOR('',#2817,1000.);
#1385=VECTOR('',#2822,1000.);
#1386=VECTOR('',#2823,1000.);
#1387=VECTOR('',#2824,1000.);
#1388=VECTOR('',#2827,1000.);
#1389=VECTOR('',#2830,1000.);
#1390=VECTOR('',#2833,1000.);
#1391=VECTOR('',#2834,1000.);
#1392=VECTOR('',#2835,1000.);
#1393=VECTOR('',#2840,1000.);
#1394=VECTOR('',#2843,1000.);
#1395=VECTOR('',#2846,1000.);
#1396=VECTOR('',#2849,1000.);
#1397=VECTOR('',#2852,1000.);
#1398=VECTOR('',#2859,1000.);
#1399=VECTOR('',#2860,1000.);
#1400=VECTOR('',#2861,1000.);
#1401=VECTOR('',#2862,1000.);
#1402=VECTOR('',#2865,1000.);
#1403=VECTOR('',#2866,1000.);
#1404=VECTOR('',#2867,1000.);
#1405=VECTOR('',#2868,1000.);
#1406=VECTOR('',#2871,1000.);
#1407=VECTOR('',#2872,1000.);
#1408=VECTOR('',#2873,1000.);
#1409=VECTOR('',#2874,1000.);
#1410=VECTOR('',#2877,1000.);
#1411=VECTOR('',#2878,1000.);
#1412=VECTOR('',#2879,1000.);
#1413=VECTOR('',#2880,1000.);
#1414=VECTOR('',#2883,1000.);
#1415=VECTOR('',#2884,1000.);
#1416=VECTOR('',#2885,1000.);
#1417=VECTOR('',#2886,1000.);
#1418=EDGE_LOOP('',(#74,#75,#76,#77,#78,#79,#80,#81,#82));
#1419=EDGE_LOOP('',(#83,#84,#85,#86,#87,#88,#89,#90,#91));
#1420=EDGE_LOOP('',(#92,#93,#94,#95,#96,#97));
#1421=EDGE_LOOP('',(#98,#99,#100,#101));
#1422=EDGE_LOOP('',(#102,#103,#104,#105));
#1423=EDGE_LOOP('',(#106,#107,#108,#109));
#1424=EDGE_LOOP('',(#110,#111,#112,#113,#114,#115));
#1425=EDGE_LOOP('',(#116,#117,#118,#119,#120,#121));
#1426=EDGE_LOOP('',(#122,#123,#124,#125,#126,#127,#128,#129,#130,#131,#132,
#133,#134,#135,#136,#137,#138,#139,#140,#141,#142,#143));
#1427=EDGE_LOOP('',(#144,#145,#146,#147,#148,#149));
#1428=EDGE_LOOP('',(#150,#151,#152,#153,#154,#155,#156,#157,#158,#159,#160,
#161,#162,#163,#164,#165,#166,#167,#168,#169,#170,#171,#172,#173,#174,#175));
#1429=EDGE_LOOP('',(#176,#177,#178,#179,#180,#181,#182,#183,#184,#185,#186,
#187,#188,#189,#190,#191,#192,#193,#194,#195));
#1430=EDGE_LOOP('',(#196,#197,#198,#199));
#1431=EDGE_LOOP('',(#200,#201,#202));
#1432=EDGE_LOOP('',(#203,#204,#205,#206));
#1433=EDGE_LOOP('',(#207,#208,#209));
#1434=EDGE_LOOP('',(#210,#211,#212,#213));
#1435=EDGE_LOOP('',(#214,#215,#216,#217));
#1436=EDGE_LOOP('',(#218,#219,#220,#221));
#1437=EDGE_LOOP('',(#222,#223,#224,#225));
#1438=EDGE_LOOP('',(#226,#227,#228,#229));
#1439=EDGE_LOOP('',(#230,#231,#232,#233,#234,#235,#236,#237,#238,#239));
#1440=EDGE_LOOP('',(#240,#241,#242,#243));
#1441=EDGE_LOOP('',(#244,#245,#246,#247));
#1442=EDGE_LOOP('',(#248,#249,#250,#251));
#1443=EDGE_LOOP('',(#252,#253,#254,#255));
#1444=EDGE_LOOP('',(#256,#257,#258,#259));
#1445=EDGE_LOOP('',(#260,#261,#262,#263));
#1446=EDGE_LOOP('',(#264,#265,#266,#267));
#1447=EDGE_LOOP('',(#268,#269,#270,#271));
#1448=EDGE_LOOP('',(#272,#273,#274,#275));
#1449=EDGE_LOOP('',(#276,#277,#278,#279,#280,#281,#282,#283,#284,#285));
#1450=EDGE_LOOP('',(#286,#287,#288,#289,#290,#291));
#1451=EDGE_LOOP('',(#292,#293,#294,#295));
#1452=EDGE_LOOP('',(#296,#297,#298,#299));
#1453=EDGE_LOOP('',(#300,#301,#302,#303));
#1454=EDGE_LOOP('',(#304,#305,#306,#307));
#1455=EDGE_LOOP('',(#308,#309,#310,#311));
#1456=EDGE_LOOP('',(#312,#313,#314,#315));
#1457=EDGE_LOOP('',(#316,#317,#318,#319));
#1458=EDGE_LOOP('',(#320,#321,#322,#323));
#1459=EDGE_LOOP('',(#324,#325,#326,#327));
#1460=EDGE_LOOP('',(#328,#329,#330,#331));
#1461=EDGE_LOOP('',(#332,#333,#334,#335));
#1462=EDGE_LOOP('',(#336,#337,#338,#339));
#1463=EDGE_LOOP('',(#340,#341,#342,#343));
#1464=EDGE_LOOP('',(#344,#345,#346,#347));
#1465=EDGE_LOOP('',(#348,#349,#350,#351));
#1466=EDGE_LOOP('',(#352,#353,#354,#355));
#1467=EDGE_LOOP('',(#356,#357,#358,#359));
#1468=EDGE_LOOP('',(#360,#361,#362,#363));
#1469=EDGE_LOOP('',(#364,#365,#366,#367));
#1470=EDGE_LOOP('',(#368,#369,#370,#371));
#1471=EDGE_LOOP('',(#372,#373,#374,#375));
#1472=EDGE_LOOP('',(#376,#377,#378,#379));
#1473=EDGE_LOOP('',(#380,#381,#382,#383));
#1474=EDGE_LOOP('',(#384,#385,#386,#387,#388,#389,#390,#391,#392));
#1475=EDGE_LOOP('',(#393,#394,#395,#396,#397,#398,#399,#400,#401));
#1476=EDGE_LOOP('',(#402,#403,#404,#405));
#1477=EDGE_LOOP('',(#406,#407,#408,#409));
#1478=EDGE_LOOP('',(#410,#411,#412,#413));
#1479=EDGE_LOOP('',(#414,#415,#416,#417));
#1480=EDGE_LOOP('',(#418,#419,#420,#421));
#1481=EDGE_LOOP('',(#422,#423,#424,#425));
#1482=EDGE_LOOP('',(#426,#427,#428,#429));
#1483=EDGE_LOOP('',(#430,#431,#432,#433));
#1484=EDGE_LOOP('',(#434,#435,#436,#437,#438,#439,#440,#441,#442));
#1485=EDGE_LOOP('',(#443,#444,#445,#446,#447,#448,#449,#450,#451));
#1486=EDGE_LOOP('',(#452,#453,#454,#455));
#1487=EDGE_LOOP('',(#456,#457,#458,#459));
#1488=EDGE_LOOP('',(#460,#461,#462,#463,#464,#465,#466,#467,#468));
#1489=EDGE_LOOP('',(#469,#470,#471,#472,#473,#474,#475,#476,#477));
#1490=EDGE_LOOP('',(#478,#479,#480,#481));
#1491=EDGE_LOOP('',(#482,#483,#484,#485));
#1492=EDGE_LOOP('',(#486,#487,#488,#489));
#1493=EDGE_LOOP('',(#490,#491,#492,#493));
#1494=EDGE_LOOP('',(#494,#495,#496,#497));
#1495=EDGE_LOOP('',(#498,#499,#500,#501));
#1496=EDGE_LOOP('',(#502,#503,#504,#505));
#1497=EDGE_LOOP('',(#506,#507,#508,#509));
#1498=EDGE_LOOP('',(#510,#511,#512,#513));
#1499=EDGE_LOOP('',(#514,#515,#516,#517));
#1500=EDGE_LOOP('',(#518,#519,#520,#521));
#1501=EDGE_LOOP('',(#522,#523,#524,#525,#526,#527));
#1502=EDGE_LOOP('',(#528,#529,#530,#531,#532,#533,#534,#535));
#1503=EDGE_LOOP('',(#536,#537,#538,#539,#540,#541));
#1504=EDGE_LOOP('',(#542,#543,#544,#545,#546,#547));
#1505=EDGE_LOOP('',(#548,#549,#550,#551,#552,#553));
#1506=EDGE_LOOP('',(#554,#555,#556,#557,#558));
#1507=EDGE_LOOP('',(#559,#560,#561,#562,#563));
#1508=EDGE_LOOP('',(#564,#565,#566,#567,#568));
#1509=EDGE_LOOP('',(#569,#570,#571,#572,#573));
#1510=FACE_BOUND('',#1418,.T.);
#1511=FACE_BOUND('',#1419,.T.);
#1512=FACE_BOUND('',#1420,.T.);
#1513=FACE_BOUND('',#1421,.T.);
#1514=FACE_BOUND('',#1422,.T.);
#1515=FACE_BOUND('',#1423,.T.);
#1516=FACE_BOUND('',#1424,.T.);
#1517=FACE_BOUND('',#1425,.T.);
#1518=FACE_BOUND('',#1426,.T.);
#1519=FACE_BOUND('',#1427,.T.);
#1520=FACE_BOUND('',#1428,.T.);
#1521=FACE_BOUND('',#1429,.T.);
#1522=FACE_BOUND('',#1430,.T.);
#1523=FACE_BOUND('',#1431,.T.);
#1524=FACE_BOUND('',#1432,.T.);
#1525=FACE_BOUND('',#1433,.T.);
#1526=FACE_BOUND('',#1434,.T.);
#1527=FACE_BOUND('',#1435,.T.);
#1528=FACE_BOUND('',#1436,.T.);
#1529=FACE_BOUND('',#1437,.T.);
#1530=FACE_BOUND('',#1438,.T.);
#1531=FACE_BOUND('',#1439,.T.);
#1532=FACE_BOUND('',#1440,.T.);
#1533=FACE_BOUND('',#1441,.T.);
#1534=FACE_BOUND('',#1442,.T.);
#1535=FACE_BOUND('',#1443,.T.);
#1536=FACE_BOUND('',#1444,.T.);
#1537=FACE_BOUND('',#1445,.T.);
#1538=FACE_BOUND('',#1446,.T.);
#1539=FACE_BOUND('',#1447,.T.);
#1540=FACE_BOUND('',#1448,.T.);
#1541=FACE_BOUND('',#1449,.T.);
#1542=FACE_BOUND('',#1450,.T.);
#1543=FACE_BOUND('',#1451,.T.);
#1544=FACE_BOUND('',#1452,.T.);
#1545=FACE_BOUND('',#1453,.T.);
#1546=FACE_BOUND('',#1454,.T.);
#1547=FACE_BOUND('',#1455,.T.);
#1548=FACE_BOUND('',#1456,.T.);
#1549=FACE_BOUND('',#1457,.T.);
#1550=FACE_BOUND('',#1458,.T.);
#1551=FACE_BOUND('',#1459,.T.);
#1552=FACE_BOUND('',#1460,.T.);
#1553=FACE_BOUND('',#1461,.T.);
#1554=FACE_BOUND('',#1462,.T.);
#1555=FACE_BOUND('',#1463,.T.);
#1556=FACE_BOUND('',#1464,.T.);
#1557=FACE_BOUND('',#1465,.T.);
#1558=FACE_BOUND('',#1466,.T.);
#1559=FACE_BOUND('',#1467,.T.);
#1560=FACE_BOUND('',#1468,.T.);
#1561=FACE_BOUND('',#1469,.T.);
#1562=FACE_BOUND('',#1470,.T.);
#1563=FACE_BOUND('',#1471,.T.);
#1564=FACE_BOUND('',#1472,.T.);
#1565=FACE_BOUND('',#1473,.T.);
#1566=FACE_BOUND('',#1474,.T.);
#1567=FACE_BOUND('',#1475,.T.);
#1568=FACE_BOUND('',#1476,.T.);
#1569=FACE_BOUND('',#1477,.T.);
#1570=FACE_BOUND('',#1478,.T.);
#1571=FACE_BOUND('',#1479,.T.);
#1572=FACE_BOUND('',#1480,.T.);
#1573=FACE_BOUND('',#1481,.T.);
#1574=FACE_BOUND('',#1482,.T.);
#1575=FACE_BOUND('',#1483,.T.);
#1576=FACE_BOUND('',#1484,.T.);
#1577=FACE_BOUND('',#1485,.T.);
#1578=FACE_BOUND('',#1486,.T.);
#1579=FACE_BOUND('',#1487,.T.);
#1580=FACE_BOUND('',#1488,.T.);
#1581=FACE_BOUND('',#1489,.T.);
#1582=FACE_BOUND('',#1490,.T.);
#1583=FACE_BOUND('',#1491,.T.);
#1584=FACE_BOUND('',#1492,.T.);
#1585=FACE_BOUND('',#1493,.T.);
#1586=FACE_BOUND('',#1494,.T.);
#1587=FACE_BOUND('',#1495,.T.);
#1588=FACE_BOUND('',#1496,.T.);
#1589=FACE_BOUND('',#1497,.T.);
#1590=FACE_BOUND('',#1498,.T.);
#1591=FACE_BOUND('',#1499,.T.);
#1592=FACE_BOUND('',#1500,.T.);
#1593=FACE_BOUND('',#1501,.T.);
#1594=FACE_BOUND('',#1502,.T.);
#1595=FACE_BOUND('',#1503,.T.);
#1596=FACE_BOUND('',#1504,.T.);
#1597=FACE_BOUND('',#1505,.T.);
#1598=FACE_BOUND('',#1506,.T.);
#1599=FACE_BOUND('',#1507,.T.);
#1600=FACE_BOUND('',#1508,.T.);
#1601=FACE_BOUND('',#1509,.T.);
#1602=PLANE('',#2337);
#1603=PLANE('',#2338);
#1604=PLANE('',#2339);
#1605=PLANE('',#2340);
#1606=PLANE('',#2341);
#1607=PLANE('',#2342);
#1608=PLANE('',#2343);
#1609=PLANE('',#2344);
#1610=PLANE('',#2345);
#1611=PLANE('',#2346);
#1612=PLANE('',#2347);
#1613=PLANE('',#2348);
#1614=PLANE('',#2349);
#1615=PLANE('',#2350);
#1616=PLANE('',#2351);
#1617=PLANE('',#2352);
#1618=PLANE('',#2353);
#1619=PLANE('',#2354);
#1620=PLANE('',#2355);
#1621=PLANE('',#2356);
#1622=PLANE('',#2357);
#1623=PLANE('',#2358);
#1624=PLANE('',#2359);
#1625=PLANE('',#2360);
#1626=PLANE('',#2361);
#1627=PLANE('',#2362);
#1628=PLANE('',#2363);
#1629=PLANE('',#2364);
#1630=PLANE('',#2365);
#1631=PLANE('',#2366);
#1632=PLANE('',#2367);
#1633=PLANE('',#2368);
#1634=PLANE('',#2369);
#1635=PLANE('',#2370);
#1636=PLANE('',#2371);
#1637=PLANE('',#2372);
#1638=PLANE('',#2373);
#1639=PLANE('',#2374);
#1640=PLANE('',#2375);
#1641=PLANE('',#2376);
#1642=PLANE('',#2377);
#1643=PLANE('',#2378);
#1644=PLANE('',#2379);
#1645=PLANE('',#2380);
#1646=PLANE('',#2381);
#1647=PLANE('',#2382);
#1648=PLANE('',#2383);
#1649=PLANE('',#2384);
#1650=PLANE('',#2385);
#1651=PLANE('',#2386);
#1652=PLANE('',#2390);
#1653=PLANE('',#2391);
#1654=PLANE('',#2392);
#1655=PLANE('',#2399);
#1656=PLANE('',#2400);
#1657=PLANE('',#2401);
#1658=PLANE('',#2402);
#1659=PLANE('',#2406);
#1660=PLANE('',#2407);
#1661=PLANE('',#2408);
#1662=PLANE('',#2415);
#1663=PLANE('',#2416);
#1664=PLANE('',#2420);
#1665=PLANE('',#2421);
#1666=PLANE('',#2424);
#1667=PLANE('',#2428);
#1668=PLANE('',#2429);
#1669=PLANE('',#2430);
#1670=PLANE('',#2432);
#1671=PLANE('',#2434);
#1672=PLANE('',#2435);
#1673=PLANE('',#2436);
#1674=PLANE('',#2437);
#1675=PLANE('',#2438);
#1676=PLANE('',#2444);
#1677=STYLED_ITEM('',(#1756),#2234);
#1678=STYLED_ITEM('',(#1757),#2235);
#1679=STYLED_ITEM('',(#1758),#2236);
#1680=STYLED_ITEM('',(#1759),#2237);
#1681=STYLED_ITEM('',(#1760),#2238);
#1682=STYLED_ITEM('',(#1761),#2239);
#1683=STYLED_ITEM('',(#1762),#2240);
#1684=STYLED_ITEM('',(#1763),#2241);
#1685=STYLED_ITEM('',(#1764),#2242);
#1686=STYLED_ITEM('',(#1765),#2243);
#1687=STYLED_ITEM('',(#1766),#2244);
#1688=STYLED_ITEM('',(#1767),#2245);
#1689=STYLED_ITEM('',(#1768),#2246);
#1690=STYLED_ITEM('',(#1769),#2247);
#1691=STYLED_ITEM('',(#1770),#2248);
#1692=STYLED_ITEM('',(#1771),#2249);
#1693=STYLED_ITEM('',(#1772),#2250);
#1694=STYLED_ITEM('',(#1773),#2251);
#1695=STYLED_ITEM('',(#1774),#2252);
#1696=STYLED_ITEM('',(#1775),#2253);
#1697=STYLED_ITEM('',(#1776),#2254);
#1698=STYLED_ITEM('',(#1777),#2255);
#1699=STYLED_ITEM('',(#1778),#2256);
#1700=STYLED_ITEM('',(#1779),#2257);
#1701=STYLED_ITEM('',(#1780),#2258);
#1702=STYLED_ITEM('',(#1781),#2259);
#1703=STYLED_ITEM('',(#1782),#2260);
#1704=STYLED_ITEM('',(#1783),#2261);
#1705=STYLED_ITEM('',(#1784),#2262);
#1706=STYLED_ITEM('',(#1785),#2263);
#1707=STYLED_ITEM('',(#1786),#2264);
#1708=STYLED_ITEM('',(#1787),#2265);
#1709=STYLED_ITEM('',(#1788),#2266);
#1710=STYLED_ITEM('',(#1789),#2267);
#1711=STYLED_ITEM('',(#1790),#2268);
#1712=STYLED_ITEM('',(#1791),#2269);
#1713=STYLED_ITEM('',(#1792),#2270);
#1714=STYLED_ITEM('',(#1793),#2271);
#1715=STYLED_ITEM('',(#1794),#2272);
#1716=STYLED_ITEM('',(#1795),#2273);
#1717=STYLED_ITEM('',(#1796),#2274);
#1718=STYLED_ITEM('',(#1797),#2275);
#1719=STYLED_ITEM('',(#1798),#2276);
#1720=STYLED_ITEM('',(#1799),#2277);
#1721=STYLED_ITEM('',(#1800),#2278);
#1722=STYLED_ITEM('',(#1801),#2279);
#1723=STYLED_ITEM('',(#1802),#2280);
#1724=STYLED_ITEM('',(#1803),#2281);
#1725=STYLED_ITEM('',(#1804),#2282);
#1726=STYLED_ITEM('',(#1805),#2283);
#1727=STYLED_ITEM('',(#1806),#2284);
#1728=STYLED_ITEM('',(#1807),#2285);
#1729=STYLED_ITEM('',(#1808),#2286);
#1730=STYLED_ITEM('',(#1809),#2287);
#1731=STYLED_ITEM('',(#1810),#2288);
#1732=STYLED_ITEM('',(#1811),#2289);
#1733=STYLED_ITEM('',(#1812),#2290);
#1734=STYLED_ITEM('',(#1813),#2291);
#1735=STYLED_ITEM('',(#1814),#2292);
#1736=STYLED_ITEM('',(#1815),#2293);
#1737=STYLED_ITEM('',(#1816),#2294);
#1738=STYLED_ITEM('',(#1817),#2295);
#1739=STYLED_ITEM('',(#1818),#2296);
#1740=STYLED_ITEM('',(#1819),#2297);
#1741=STYLED_ITEM('',(#1820),#2298);
#1742=STYLED_ITEM('',(#1821),#2299);
#1743=STYLED_ITEM('',(#1822),#2300);
#1744=STYLED_ITEM('',(#1823),#2301);
#1745=STYLED_ITEM('',(#1824),#2302);
#1746=STYLED_ITEM('',(#1825),#2303);
#1747=STYLED_ITEM('',(#1826),#2304);
#1748=STYLED_ITEM('',(#1827),#2305);
#1749=STYLED_ITEM('',(#1828),#2306);
#1750=STYLED_ITEM('',(#1829),#2307);
#1751=STYLED_ITEM('',(#1830),#2308);
#1752=STYLED_ITEM('',(#1831),#2309);
#1753=STYLED_ITEM('',(#1832),#2310);
#1754=STYLED_ITEM('',(#1833),#2311);
#1755=STYLED_ITEM('',(#1834),#2329);
#1756=PRESENTATION_STYLE_ASSIGNMENT((#1835));
#1757=PRESENTATION_STYLE_ASSIGNMENT((#1836));
#1758=PRESENTATION_STYLE_ASSIGNMENT((#1837));
#1759=PRESENTATION_STYLE_ASSIGNMENT((#1838));
#1760=PRESENTATION_STYLE_ASSIGNMENT((#1839));
#1761=PRESENTATION_STYLE_ASSIGNMENT((#1840));
#1762=PRESENTATION_STYLE_ASSIGNMENT((#1841));
#1763=PRESENTATION_STYLE_ASSIGNMENT((#1842));
#1764=PRESENTATION_STYLE_ASSIGNMENT((#1843));
#1765=PRESENTATION_STYLE_ASSIGNMENT((#1844));
#1766=PRESENTATION_STYLE_ASSIGNMENT((#1845));
#1767=PRESENTATION_STYLE_ASSIGNMENT((#1846));
#1768=PRESENTATION_STYLE_ASSIGNMENT((#1847));
#1769=PRESENTATION_STYLE_ASSIGNMENT((#1848));
#1770=PRESENTATION_STYLE_ASSIGNMENT((#1849));
#1771=PRESENTATION_STYLE_ASSIGNMENT((#1850));
#1772=PRESENTATION_STYLE_ASSIGNMENT((#1851));
#1773=PRESENTATION_STYLE_ASSIGNMENT((#1852));
#1774=PRESENTATION_STYLE_ASSIGNMENT((#1853));
#1775=PRESENTATION_STYLE_ASSIGNMENT((#1854));
#1776=PRESENTATION_STYLE_ASSIGNMENT((#1855));
#1777=PRESENTATION_STYLE_ASSIGNMENT((#1856));
#1778=PRESENTATION_STYLE_ASSIGNMENT((#1857));
#1779=PRESENTATION_STYLE_ASSIGNMENT((#1858));
#1780=PRESENTATION_STYLE_ASSIGNMENT((#1859));
#1781=PRESENTATION_STYLE_ASSIGNMENT((#1860));
#1782=PRESENTATION_STYLE_ASSIGNMENT((#1861));
#1783=PRESENTATION_STYLE_ASSIGNMENT((#1862));
#1784=PRESENTATION_STYLE_ASSIGNMENT((#1863));
#1785=PRESENTATION_STYLE_ASSIGNMENT((#1864));
#1786=PRESENTATION_STYLE_ASSIGNMENT((#1865));
#1787=PRESENTATION_STYLE_ASSIGNMENT((#1866));
#1788=PRESENTATION_STYLE_ASSIGNMENT((#1867));
#1789=PRESENTATION_STYLE_ASSIGNMENT((#1868));
#1790=PRESENTATION_STYLE_ASSIGNMENT((#1869));
#1791=PRESENTATION_STYLE_ASSIGNMENT((#1870));
#1792=PRESENTATION_STYLE_ASSIGNMENT((#1871));
#1793=PRESENTATION_STYLE_ASSIGNMENT((#1872));
#1794=PRESENTATION_STYLE_ASSIGNMENT((#1873));
#1795=PRESENTATION_STYLE_ASSIGNMENT((#1874));
#1796=PRESENTATION_STYLE_ASSIGNMENT((#1875));
#1797=PRESENTATION_STYLE_ASSIGNMENT((#1876));
#1798=PRESENTATION_STYLE_ASSIGNMENT((#1877));
#1799=PRESENTATION_STYLE_ASSIGNMENT((#1878));
#1800=PRESENTATION_STYLE_ASSIGNMENT((#1879));
#1801=PRESENTATION_STYLE_ASSIGNMENT((#1880));
#1802=PRESENTATION_STYLE_ASSIGNMENT((#1881));
#1803=PRESENTATION_STYLE_ASSIGNMENT((#1882));
#1804=PRESENTATION_STYLE_ASSIGNMENT((#1883));
#1805=PRESENTATION_STYLE_ASSIGNMENT((#1884));
#1806=PRESENTATION_STYLE_ASSIGNMENT((#1885));
#1807=PRESENTATION_STYLE_ASSIGNMENT((#1886));
#1808=PRESENTATION_STYLE_ASSIGNMENT((#1887));
#1809=PRESENTATION_STYLE_ASSIGNMENT((#1888));
#1810=PRESENTATION_STYLE_ASSIGNMENT((#1889));
#1811=PRESENTATION_STYLE_ASSIGNMENT((#1890));
#1812=PRESENTATION_STYLE_ASSIGNMENT((#1891));
#1813=PRESENTATION_STYLE_ASSIGNMENT((#1892));
#1814=PRESENTATION_STYLE_ASSIGNMENT((#1893));
#1815=PRESENTATION_STYLE_ASSIGNMENT((#1894));
#1816=PRESENTATION_STYLE_ASSIGNMENT((#1895));
#1817=PRESENTATION_STYLE_ASSIGNMENT((#1896));
#1818=PRESENTATION_STYLE_ASSIGNMENT((#1897));
#1819=PRESENTATION_STYLE_ASSIGNMENT((#1898));
#1820=PRESENTATION_STYLE_ASSIGNMENT((#1899));
#1821=PRESENTATION_STYLE_ASSIGNMENT((#1900));
#1822=PRESENTATION_STYLE_ASSIGNMENT((#1901));
#1823=PRESENTATION_STYLE_ASSIGNMENT((#1902));
#1824=PRESENTATION_STYLE_ASSIGNMENT((#1903));
#1825=PRESENTATION_STYLE_ASSIGNMENT((#1904));
#1826=PRESENTATION_STYLE_ASSIGNMENT((#1905));
#1827=PRESENTATION_STYLE_ASSIGNMENT((#1906));
#1828=PRESENTATION_STYLE_ASSIGNMENT((#1907));
#1829=PRESENTATION_STYLE_ASSIGNMENT((#1908));
#1830=PRESENTATION_STYLE_ASSIGNMENT((#1909));
#1831=PRESENTATION_STYLE_ASSIGNMENT((#1910));
#1832=PRESENTATION_STYLE_ASSIGNMENT((#1911));
#1833=PRESENTATION_STYLE_ASSIGNMENT((#1912));
#1834=PRESENTATION_STYLE_ASSIGNMENT((#1913));
#1835=SURFACE_STYLE_USAGE(.BOTH.,#1914);
#1836=SURFACE_STYLE_USAGE(.BOTH.,#1915);
#1837=SURFACE_STYLE_USAGE(.BOTH.,#1916);
#1838=SURFACE_STYLE_USAGE(.BOTH.,#1917);
#1839=SURFACE_STYLE_USAGE(.BOTH.,#1918);
#1840=SURFACE_STYLE_USAGE(.BOTH.,#1919);
#1841=SURFACE_STYLE_USAGE(.BOTH.,#1920);
#1842=SURFACE_STYLE_USAGE(.BOTH.,#1921);
#1843=SURFACE_STYLE_USAGE(.BOTH.,#1922);
#1844=SURFACE_STYLE_USAGE(.BOTH.,#1923);
#1845=SURFACE_STYLE_USAGE(.BOTH.,#1924);
#1846=SURFACE_STYLE_USAGE(.BOTH.,#1925);
#1847=SURFACE_STYLE_USAGE(.BOTH.,#1926);
#1848=SURFACE_STYLE_USAGE(.BOTH.,#1927);
#1849=SURFACE_STYLE_USAGE(.BOTH.,#1928);
#1850=SURFACE_STYLE_USAGE(.BOTH.,#1929);
#1851=SURFACE_STYLE_USAGE(.BOTH.,#1930);
#1852=SURFACE_STYLE_USAGE(.BOTH.,#1931);
#1853=SURFACE_STYLE_USAGE(.BOTH.,#1932);
#1854=SURFACE_STYLE_USAGE(.BOTH.,#1933);
#1855=SURFACE_STYLE_USAGE(.BOTH.,#1934);
#1856=SURFACE_STYLE_USAGE(.BOTH.,#1935);
#1857=SURFACE_STYLE_USAGE(.BOTH.,#1936);
#1858=SURFACE_STYLE_USAGE(.BOTH.,#1937);
#1859=SURFACE_STYLE_USAGE(.BOTH.,#1938);
#1860=SURFACE_STYLE_USAGE(.BOTH.,#1939);
#1861=SURFACE_STYLE_USAGE(.BOTH.,#1940);
#1862=SURFACE_STYLE_USAGE(.BOTH.,#1941);
#1863=SURFACE_STYLE_USAGE(.BOTH.,#1942);
#1864=SURFACE_STYLE_USAGE(.BOTH.,#1943);
#1865=SURFACE_STYLE_USAGE(.BOTH.,#1944);
#1866=SURFACE_STYLE_USAGE(.BOTH.,#1945);
#1867=SURFACE_STYLE_USAGE(.BOTH.,#1946);
#1868=SURFACE_STYLE_USAGE(.BOTH.,#1947);
#1869=SURFACE_STYLE_USAGE(.BOTH.,#1948);
#1870=SURFACE_STYLE_USAGE(.BOTH.,#1949);
#1871=SURFACE_STYLE_USAGE(.BOTH.,#1950);
#1872=SURFACE_STYLE_USAGE(.BOTH.,#1951);
#1873=SURFACE_STYLE_USAGE(.BOTH.,#1952);
#1874=SURFACE_STYLE_USAGE(.BOTH.,#1953);
#1875=SURFACE_STYLE_USAGE(.BOTH.,#1954);
#1876=SURFACE_STYLE_USAGE(.BOTH.,#1955);
#1877=SURFACE_STYLE_USAGE(.BOTH.,#1956);
#1878=SURFACE_STYLE_USAGE(.BOTH.,#1957);
#1879=SURFACE_STYLE_USAGE(.BOTH.,#1958);
#1880=SURFACE_STYLE_USAGE(.BOTH.,#1959);
#1881=SURFACE_STYLE_USAGE(.BOTH.,#1960);
#1882=SURFACE_STYLE_USAGE(.BOTH.,#1961);
#1883=SURFACE_STYLE_USAGE(.BOTH.,#1962);
#1884=SURFACE_STYLE_USAGE(.BOTH.,#1963);
#1885=SURFACE_STYLE_USAGE(.BOTH.,#1964);
#1886=SURFACE_STYLE_USAGE(.BOTH.,#1965);
#1887=SURFACE_STYLE_USAGE(.BOTH.,#1966);
#1888=SURFACE_STYLE_USAGE(.BOTH.,#1967);
#1889=SURFACE_STYLE_USAGE(.BOTH.,#1968);
#1890=SURFACE_STYLE_USAGE(.BOTH.,#1969);
#1891=SURFACE_STYLE_USAGE(.BOTH.,#1970);
#1892=SURFACE_STYLE_USAGE(.BOTH.,#1971);
#1893=SURFACE_STYLE_USAGE(.BOTH.,#1972);
#1894=SURFACE_STYLE_USAGE(.BOTH.,#1973);
#1895=SURFACE_STYLE_USAGE(.BOTH.,#1974);
#1896=SURFACE_STYLE_USAGE(.BOTH.,#1975);
#1897=SURFACE_STYLE_USAGE(.BOTH.,#1976);
#1898=SURFACE_STYLE_USAGE(.BOTH.,#1977);
#1899=SURFACE_STYLE_USAGE(.BOTH.,#1978);
#1900=SURFACE_STYLE_USAGE(.BOTH.,#1979);
#1901=SURFACE_STYLE_USAGE(.BOTH.,#1980);
#1902=SURFACE_STYLE_USAGE(.BOTH.,#1981);
#1903=SURFACE_STYLE_USAGE(.BOTH.,#1982);
#1904=SURFACE_STYLE_USAGE(.BOTH.,#1983);
#1905=SURFACE_STYLE_USAGE(.BOTH.,#1984);
#1906=SURFACE_STYLE_USAGE(.BOTH.,#1985);
#1907=SURFACE_STYLE_USAGE(.BOTH.,#1986);
#1908=SURFACE_STYLE_USAGE(.BOTH.,#1987);
#1909=SURFACE_STYLE_USAGE(.BOTH.,#1988);
#1910=SURFACE_STYLE_USAGE(.BOTH.,#1989);
#1911=SURFACE_STYLE_USAGE(.BOTH.,#1990);
#1912=SURFACE_STYLE_USAGE(.BOTH.,#1991);
#1913=SURFACE_STYLE_USAGE(.BOTH.,#1992);
#1914=SURFACE_SIDE_STYLE('',(#1993));
#1915=SURFACE_SIDE_STYLE('',(#1994));
#1916=SURFACE_SIDE_STYLE('',(#1995));
#1917=SURFACE_SIDE_STYLE('',(#1996));
#1918=SURFACE_SIDE_STYLE('',(#1997));
#1919=SURFACE_SIDE_STYLE('',(#1998));
#1920=SURFACE_SIDE_STYLE('',(#1999));
#1921=SURFACE_SIDE_STYLE('',(#2000));
#1922=SURFACE_SIDE_STYLE('',(#2001));
#1923=SURFACE_SIDE_STYLE('',(#2002));
#1924=SURFACE_SIDE_STYLE('',(#2003));
#1925=SURFACE_SIDE_STYLE('',(#2004));
#1926=SURFACE_SIDE_STYLE('',(#2005));
#1927=SURFACE_SIDE_STYLE('',(#2006));
#1928=SURFACE_SIDE_STYLE('',(#2007));
#1929=SURFACE_SIDE_STYLE('',(#2008));
#1930=SURFACE_SIDE_STYLE('',(#2009));
#1931=SURFACE_SIDE_STYLE('',(#2010));
#1932=SURFACE_SIDE_STYLE('',(#2011));
#1933=SURFACE_SIDE_STYLE('',(#2012));
#1934=SURFACE_SIDE_STYLE('',(#2013));
#1935=SURFACE_SIDE_STYLE('',(#2014));
#1936=SURFACE_SIDE_STYLE('',(#2015));
#1937=SURFACE_SIDE_STYLE('',(#2016));
#1938=SURFACE_SIDE_STYLE('',(#2017));
#1939=SURFACE_SIDE_STYLE('',(#2018));
#1940=SURFACE_SIDE_STYLE('',(#2019));
#1941=SURFACE_SIDE_STYLE('',(#2020));
#1942=SURFACE_SIDE_STYLE('',(#2021));
#1943=SURFACE_SIDE_STYLE('',(#2022));
#1944=SURFACE_SIDE_STYLE('',(#2023));
#1945=SURFACE_SIDE_STYLE('',(#2024));
#1946=SURFACE_SIDE_STYLE('',(#2025));
#1947=SURFACE_SIDE_STYLE('',(#2026));
#1948=SURFACE_SIDE_STYLE('',(#2027));
#1949=SURFACE_SIDE_STYLE('',(#2028));
#1950=SURFACE_SIDE_STYLE('',(#2029));
#1951=SURFACE_SIDE_STYLE('',(#2030));
#1952=SURFACE_SIDE_STYLE('',(#2031));
#1953=SURFACE_SIDE_STYLE('',(#2032));
#1954=SURFACE_SIDE_STYLE('',(#2033));
#1955=SURFACE_SIDE_STYLE('',(#2034));
#1956=SURFACE_SIDE_STYLE('',(#2035));
#1957=SURFACE_SIDE_STYLE('',(#2036));
#1958=SURFACE_SIDE_STYLE('',(#2037));
#1959=SURFACE_SIDE_STYLE('',(#2038));
#1960=SURFACE_SIDE_STYLE('',(#2039));
#1961=SURFACE_SIDE_STYLE('',(#2040));
#1962=SURFACE_SIDE_STYLE('',(#2041));
#1963=SURFACE_SIDE_STYLE('',(#2042));
#1964=SURFACE_SIDE_STYLE('',(#2043));
#1965=SURFACE_SIDE_STYLE('',(#2044));
#1966=SURFACE_SIDE_STYLE('',(#2045));
#1967=SURFACE_SIDE_STYLE('',(#2046));
#1968=SURFACE_SIDE_STYLE('',(#2047));
#1969=SURFACE_SIDE_STYLE('',(#2048));
#1970=SURFACE_SIDE_STYLE('',(#2049));
#1971=SURFACE_SIDE_STYLE('',(#2050));
#1972=SURFACE_SIDE_STYLE('',(#2051));
#1973=SURFACE_SIDE_STYLE('',(#2052));
#1974=SURFACE_SIDE_STYLE('',(#2053));
#1975=SURFACE_SIDE_STYLE('',(#2054));
#1976=SURFACE_SIDE_STYLE('',(#2055));
#1977=SURFACE_SIDE_STYLE('',(#2056));
#1978=SURFACE_SIDE_STYLE('',(#2057));
#1979=SURFACE_SIDE_STYLE('',(#2058));
#1980=SURFACE_SIDE_STYLE('',(#2059));
#1981=SURFACE_SIDE_STYLE('',(#2060));
#1982=SURFACE_SIDE_STYLE('',(#2061));
#1983=SURFACE_SIDE_STYLE('',(#2062));
#1984=SURFACE_SIDE_STYLE('',(#2063));
#1985=SURFACE_SIDE_STYLE('',(#2064));
#1986=SURFACE_SIDE_STYLE('',(#2065));
#1987=SURFACE_SIDE_STYLE('',(#2066));
#1988=SURFACE_SIDE_STYLE('',(#2067));
#1989=SURFACE_SIDE_STYLE('',(#2068));
#1990=SURFACE_SIDE_STYLE('',(#2069));
#1991=SURFACE_SIDE_STYLE('',(#2070));
#1992=SURFACE_SIDE_STYLE('',(#2071));
#1993=SURFACE_STYLE_FILL_AREA(#2072);
#1994=SURFACE_STYLE_FILL_AREA(#2073);
#1995=SURFACE_STYLE_FILL_AREA(#2074);
#1996=SURFACE_STYLE_FILL_AREA(#2075);
#1997=SURFACE_STYLE_FILL_AREA(#2076);
#1998=SURFACE_STYLE_FILL_AREA(#2077);
#1999=SURFACE_STYLE_FILL_AREA(#2078);
#2000=SURFACE_STYLE_FILL_AREA(#2079);
#2001=SURFACE_STYLE_FILL_AREA(#2080);
#2002=SURFACE_STYLE_FILL_AREA(#2081);
#2003=SURFACE_STYLE_FILL_AREA(#2082);
#2004=SURFACE_STYLE_FILL_AREA(#2083);
#2005=SURFACE_STYLE_FILL_AREA(#2084);
#2006=SURFACE_STYLE_FILL_AREA(#2085);
#2007=SURFACE_STYLE_FILL_AREA(#2086);
#2008=SURFACE_STYLE_FILL_AREA(#2087);
#2009=SURFACE_STYLE_FILL_AREA(#2088);
#2010=SURFACE_STYLE_FILL_AREA(#2089);
#2011=SURFACE_STYLE_FILL_AREA(#2090);
#2012=SURFACE_STYLE_FILL_AREA(#2091);
#2013=SURFACE_STYLE_FILL_AREA(#2092);
#2014=SURFACE_STYLE_FILL_AREA(#2093);
#2015=SURFACE_STYLE_FILL_AREA(#2094);
#2016=SURFACE_STYLE_FILL_AREA(#2095);
#2017=SURFACE_STYLE_FILL_AREA(#2096);
#2018=SURFACE_STYLE_FILL_AREA(#2097);
#2019=SURFACE_STYLE_FILL_AREA(#2098);
#2020=SURFACE_STYLE_FILL_AREA(#2099);
#2021=SURFACE_STYLE_FILL_AREA(#2100);
#2022=SURFACE_STYLE_FILL_AREA(#2101);
#2023=SURFACE_STYLE_FILL_AREA(#2102);
#2024=SURFACE_STYLE_FILL_AREA(#2103);
#2025=SURFACE_STYLE_FILL_AREA(#2104);
#2026=SURFACE_STYLE_FILL_AREA(#2105);
#2027=SURFACE_STYLE_FILL_AREA(#2106);
#2028=SURFACE_STYLE_FILL_AREA(#2107);
#2029=SURFACE_STYLE_FILL_AREA(#2108);
#2030=SURFACE_STYLE_FILL_AREA(#2109);
#2031=SURFACE_STYLE_FILL_AREA(#2110);
#2032=SURFACE_STYLE_FILL_AREA(#2111);
#2033=SURFACE_STYLE_FILL_AREA(#2112);
#2034=SURFACE_STYLE_FILL_AREA(#2113);
#2035=SURFACE_STYLE_FILL_AREA(#2114);
#2036=SURFACE_STYLE_FILL_AREA(#2115);
#2037=SURFACE_STYLE_FILL_AREA(#2116);
#2038=SURFACE_STYLE_FILL_AREA(#2117);
#2039=SURFACE_STYLE_FILL_AREA(#2118);
#2040=SURFACE_STYLE_FILL_AREA(#2119);
#2041=SURFACE_STYLE_FILL_AREA(#2120);
#2042=SURFACE_STYLE_FILL_AREA(#2121);
#2043=SURFACE_STYLE_FILL_AREA(#2122);
#2044=SURFACE_STYLE_FILL_AREA(#2123);
#2045=SURFACE_STYLE_FILL_AREA(#2124);
#2046=SURFACE_STYLE_FILL_AREA(#2125);
#2047=SURFACE_STYLE_FILL_AREA(#2126);
#2048=SURFACE_STYLE_FILL_AREA(#2127);
#2049=SURFACE_STYLE_FILL_AREA(#2128);
#2050=SURFACE_STYLE_FILL_AREA(#2129);
#2051=SURFACE_STYLE_FILL_AREA(#2130);
#2052=SURFACE_STYLE_FILL_AREA(#2131);
#2053=SURFACE_STYLE_FILL_AREA(#2132);
#2054=SURFACE_STYLE_FILL_AREA(#2133);
#2055=SURFACE_STYLE_FILL_AREA(#2134);
#2056=SURFACE_STYLE_FILL_AREA(#2135);
#2057=SURFACE_STYLE_FILL_AREA(#2136);
#2058=SURFACE_STYLE_FILL_AREA(#2137);
#2059=SURFACE_STYLE_FILL_AREA(#2138);
#2060=SURFACE_STYLE_FILL_AREA(#2139);
#2061=SURFACE_STYLE_FILL_AREA(#2140);
#2062=SURFACE_STYLE_FILL_AREA(#2141);
#2063=SURFACE_STYLE_FILL_AREA(#2142);
#2064=SURFACE_STYLE_FILL_AREA(#2143);
#2065=SURFACE_STYLE_FILL_AREA(#2144);
#2066=SURFACE_STYLE_FILL_AREA(#2145);
#2067=SURFACE_STYLE_FILL_AREA(#2146);
#2068=SURFACE_STYLE_FILL_AREA(#2147);
#2069=SURFACE_STYLE_FILL_AREA(#2148);
#2070=SURFACE_STYLE_FILL_AREA(#2149);
#2071=SURFACE_STYLE_FILL_AREA(#2150);
#2072=FILL_AREA_STYLE('',(#2151));
#2073=FILL_AREA_STYLE('',(#2152));
#2074=FILL_AREA_STYLE('',(#2153));
#2075=FILL_AREA_STYLE('',(#2154));
#2076=FILL_AREA_STYLE('',(#2155));
#2077=FILL_AREA_STYLE('',(#2156));
#2078=FILL_AREA_STYLE('',(#2157));
#2079=FILL_AREA_STYLE('',(#2158));
#2080=FILL_AREA_STYLE('',(#2159));
#2081=FILL_AREA_STYLE('',(#2160));
#2082=FILL_AREA_STYLE('',(#2161));
#2083=FILL_AREA_STYLE('',(#2162));
#2084=FILL_AREA_STYLE('',(#2163));
#2085=FILL_AREA_STYLE('',(#2164));
#2086=FILL_AREA_STYLE('',(#2165));
#2087=FILL_AREA_STYLE('',(#2166));
#2088=FILL_AREA_STYLE('',(#2167));
#2089=FILL_AREA_STYLE('',(#2168));
#2090=FILL_AREA_STYLE('',(#2169));
#2091=FILL_AREA_STYLE('',(#2170));
#2092=FILL_AREA_STYLE('',(#2171));
#2093=FILL_AREA_STYLE('',(#2172));
#2094=FILL_AREA_STYLE('',(#2173));
#2095=FILL_AREA_STYLE('',(#2174));
#2096=FILL_AREA_STYLE('',(#2175));
#2097=FILL_AREA_STYLE('',(#2176));
#2098=FILL_AREA_STYLE('',(#2177));
#2099=FILL_AREA_STYLE('',(#2178));
#2100=FILL_AREA_STYLE('',(#2179));
#2101=FILL_AREA_STYLE('',(#2180));
#2102=FILL_AREA_STYLE('',(#2181));
#2103=FILL_AREA_STYLE('',(#2182));
#2104=FILL_AREA_STYLE('',(#2183));
#2105=FILL_AREA_STYLE('',(#2184));
#2106=FILL_AREA_STYLE('',(#2185));
#2107=FILL_AREA_STYLE('',(#2186));
#2108=FILL_AREA_STYLE('',(#2187));
#2109=FILL_AREA_STYLE('',(#2188));
#2110=FILL_AREA_STYLE('',(#2189));
#2111=FILL_AREA_STYLE('',(#2190));
#2112=FILL_AREA_STYLE('',(#2191));
#2113=FILL_AREA_STYLE('',(#2192));
#2114=FILL_AREA_STYLE('',(#2193));
#2115=FILL_AREA_STYLE('',(#2194));
#2116=FILL_AREA_STYLE('',(#2195));
#2117=FILL_AREA_STYLE('',(#2196));
#2118=FILL_AREA_STYLE('',(#2197));
#2119=FILL_AREA_STYLE('',(#2198));
#2120=FILL_AREA_STYLE('',(#2199));
#2121=FILL_AREA_STYLE('',(#2200));
#2122=FILL_AREA_STYLE('',(#2201));
#2123=FILL_AREA_STYLE('',(#2202));
#2124=FILL_AREA_STYLE('',(#2203));
#2125=FILL_AREA_STYLE('',(#2204));
#2126=FILL_AREA_STYLE('',(#2205));
#2127=FILL_AREA_STYLE('',(#2206));
#2128=FILL_AREA_STYLE('',(#2207));
#2129=FILL_AREA_STYLE('',(#2208));
#2130=FILL_AREA_STYLE('',(#2209));
#2131=FILL_AREA_STYLE('',(#2210));
#2132=FILL_AREA_STYLE('',(#2211));
#2133=FILL_AREA_STYLE('',(#2212));
#2134=FILL_AREA_STYLE('',(#2213));
#2135=FILL_AREA_STYLE('',(#2214));
#2136=FILL_AREA_STYLE('',(#2215));
#2137=FILL_AREA_STYLE('',(#2216));
#2138=FILL_AREA_STYLE('',(#2217));
#2139=FILL_AREA_STYLE('',(#2218));
#2140=FILL_AREA_STYLE('',(#2219));
#2141=FILL_AREA_STYLE('',(#2220));
#2142=FILL_AREA_STYLE('',(#2221));
#2143=FILL_AREA_STYLE('',(#2222));
#2144=FILL_AREA_STYLE('',(#2223));
#2145=FILL_AREA_STYLE('',(#2224));
#2146=FILL_AREA_STYLE('',(#2225));
#2147=FILL_AREA_STYLE('',(#2226));
#2148=FILL_AREA_STYLE('',(#2227));
#2149=FILL_AREA_STYLE('',(#2228));
#2150=FILL_AREA_STYLE('',(#2229));
#2151=FILL_AREA_STYLE_COLOUR('',#2230);
#2152=FILL_AREA_STYLE_COLOUR('',#2230);
#2153=FILL_AREA_STYLE_COLOUR('',#2230);
#2154=FILL_AREA_STYLE_COLOUR('',#2230);
#2155=FILL_AREA_STYLE_COLOUR('',#2231);
#2156=FILL_AREA_STYLE_COLOUR('',#2230);
#2157=FILL_AREA_STYLE_COLOUR('',#2230);
#2158=FILL_AREA_STYLE_COLOUR('',#2230);
#2159=FILL_AREA_STYLE_COLOUR('',#2230);
#2160=FILL_AREA_STYLE_COLOUR('',#2230);
#2161=FILL_AREA_STYLE_COLOUR('',#2230);
#2162=FILL_AREA_STYLE_COLOUR('',#2230);
#2163=FILL_AREA_STYLE_COLOUR('',#2230);
#2164=FILL_AREA_STYLE_COLOUR('',#2230);
#2165=FILL_AREA_STYLE_COLOUR('',#2230);
#2166=FILL_AREA_STYLE_COLOUR('',#2230);
#2167=FILL_AREA_STYLE_COLOUR('',#2230);
#2168=FILL_AREA_STYLE_COLOUR('',#2230);
#2169=FILL_AREA_STYLE_COLOUR('',#2230);
#2170=FILL_AREA_STYLE_COLOUR('',#2230);
#2171=FILL_AREA_STYLE_COLOUR('',#2230);
#2172=FILL_AREA_STYLE_COLOUR('',#2230);
#2173=FILL_AREA_STYLE_COLOUR('',#2230);
#2174=FILL_AREA_STYLE_COLOUR('',#2230);
#2175=FILL_AREA_STYLE_COLOUR('',#2230);
#2176=FILL_AREA_STYLE_COLOUR('',#2230);
#2177=FILL_AREA_STYLE_COLOUR('',#2230);
#2178=FILL_AREA_STYLE_COLOUR('',#2230);
#2179=FILL_AREA_STYLE_COLOUR('',#2230);
#2180=FILL_AREA_STYLE_COLOUR('',#2230);
#2181=FILL_AREA_STYLE_COLOUR('',#2230);
#2182=FILL_AREA_STYLE_COLOUR('',#2230);
#2183=FILL_AREA_STYLE_COLOUR('',#2230);
#2184=FILL_AREA_STYLE_COLOUR('',#2230);
#2185=FILL_AREA_STYLE_COLOUR('',#2230);
#2186=FILL_AREA_STYLE_COLOUR('',#2230);
#2187=FILL_AREA_STYLE_COLOUR('',#2230);
#2188=FILL_AREA_STYLE_COLOUR('',#2230);
#2189=FILL_AREA_STYLE_COLOUR('',#2230);
#2190=FILL_AREA_STYLE_COLOUR('',#2230);
#2191=FILL_AREA_STYLE_COLOUR('',#2230);
#2192=FILL_AREA_STYLE_COLOUR('',#2230);
#2193=FILL_AREA_STYLE_COLOUR('',#2230);
#2194=FILL_AREA_STYLE_COLOUR('',#73);
#2195=FILL_AREA_STYLE_COLOUR('',#2230);
#2196=FILL_AREA_STYLE_COLOUR('',#2230);
#2197=FILL_AREA_STYLE_COLOUR('',#2230);
#2198=FILL_AREA_STYLE_COLOUR('',#73);
#2199=FILL_AREA_STYLE_COLOUR('',#2232);
#2200=FILL_AREA_STYLE_COLOUR('',#2232);
#2201=FILL_AREA_STYLE_COLOUR('',#2232);
#2202=FILL_AREA_STYLE_COLOUR('',#2232);
#2203=FILL_AREA_STYLE_COLOUR('',#2232);
#2204=FILL_AREA_STYLE_COLOUR('',#2232);
#2205=FILL_AREA_STYLE_COLOUR('',#2232);
#2206=FILL_AREA_STYLE_COLOUR('',#2232);
#2207=FILL_AREA_STYLE_COLOUR('',#2232);
#2208=FILL_AREA_STYLE_COLOUR('',#2232);
#2209=FILL_AREA_STYLE_COLOUR('',#2232);
#2210=FILL_AREA_STYLE_COLOUR('',#2232);
#2211=FILL_AREA_STYLE_COLOUR('',#2232);
#2212=FILL_AREA_STYLE_COLOUR('',#2232);
#2213=FILL_AREA_STYLE_COLOUR('',#2232);
#2214=FILL_AREA_STYLE_COLOUR('',#2232);
#2215=FILL_AREA_STYLE_COLOUR('',#2232);
#2216=FILL_AREA_STYLE_COLOUR('',#2232);
#2217=FILL_AREA_STYLE_COLOUR('',#2232);
#2218=FILL_AREA_STYLE_COLOUR('',#2232);
#2219=FILL_AREA_STYLE_COLOUR('',#2232);
#2220=FILL_AREA_STYLE_COLOUR('',#2232);
#2221=FILL_AREA_STYLE_COLOUR('',#2232);
#2222=FILL_AREA_STYLE_COLOUR('',#2232);
#2223=FILL_AREA_STYLE_COLOUR('',#2232);
#2224=FILL_AREA_STYLE_COLOUR('',#2232);
#2225=FILL_AREA_STYLE_COLOUR('',#2232);
#2226=FILL_AREA_STYLE_COLOUR('',#2232);
#2227=FILL_AREA_STYLE_COLOUR('',#2232);
#2228=FILL_AREA_STYLE_COLOUR('',#2232);
#2229=FILL_AREA_STYLE_COLOUR('',#2233);
#2230=COLOUR_RGB('',0.349999994039536,0.349999994039536,0.349999994039536);
#2231=COLOUR_RGB('',0.84700000286102,0.84700000286102,0.84700000286102);
#2232=COLOUR_RGB('',0.77300000190735,0.77300000190735,0.);
#2233=COLOUR_RGB('',0.839999973773956,0.839999973773956,0.839999973773956);
#2234=ADVANCED_FACE('',(#1510),#1602,.F.);
#2235=ADVANCED_FACE('',(#1511),#1603,.F.);
#2236=ADVANCED_FACE('',(#1512),#1604,.T.);
#2237=ADVANCED_FACE('',(#1513),#1605,.T.);
#2238=ADVANCED_FACE('',(#1514),#1606,.T.);
#2239=ADVANCED_FACE('',(#1515),#1607,.T.);
#2240=ADVANCED_FACE('',(#1516),#1608,.T.);
#2241=ADVANCED_FACE('',(#1517),#1609,.F.);
#2242=ADVANCED_FACE('',(#1518),#1610,.F.);
#2243=ADVANCED_FACE('',(#1519),#1611,.F.);
#2244=ADVANCED_FACE('',(#1520),#1612,.T.);
#2245=ADVANCED_FACE('',(#1521),#1613,.F.);
#2246=ADVANCED_FACE('',(#1522),#1614,.T.);
#2247=ADVANCED_FACE('',(#1523),#1615,.T.);
#2248=ADVANCED_FACE('',(#1524),#1616,.T.);
#2249=ADVANCED_FACE('',(#1525),#1617,.F.);
#2250=ADVANCED_FACE('',(#1526),#1618,.F.);
#2251=ADVANCED_FACE('',(#1527),#1619,.F.);
#2252=ADVANCED_FACE('',(#1528),#1620,.F.);
#2253=ADVANCED_FACE('',(#1529),#1621,.F.);
#2254=ADVANCED_FACE('',(#1530),#1622,.F.);
#2255=ADVANCED_FACE('',(#1531),#1623,.F.);
#2256=ADVANCED_FACE('',(#1532),#1624,.F.);
#2257=ADVANCED_FACE('',(#1533),#1625,.F.);
#2258=ADVANCED_FACE('',(#1534),#1626,.F.);
#2259=ADVANCED_FACE('',(#1535),#1627,.F.);
#2260=ADVANCED_FACE('',(#1536),#1628,.F.);
#2261=ADVANCED_FACE('',(#1537),#1629,.F.);
#2262=ADVANCED_FACE('',(#1538),#1630,.F.);
#2263=ADVANCED_FACE('',(#1539),#1631,.F.);
#2264=ADVANCED_FACE('',(#1540),#1632,.F.);
#2265=ADVANCED_FACE('',(#1541),#1633,.F.);
#2266=ADVANCED_FACE('',(#1542),#1634,.F.);
#2267=ADVANCED_FACE('',(#1543),#1635,.F.);
#2268=ADVANCED_FACE('',(#1544),#1636,.F.);
#2269=ADVANCED_FACE('',(#1545),#1637,.F.);
#2270=ADVANCED_FACE('',(#1546),#1638,.F.);
#2271=ADVANCED_FACE('',(#1547),#1639,.F.);
#2272=ADVANCED_FACE('',(#1548),#1640,.F.);
#2273=ADVANCED_FACE('',(#1549),#1641,.F.);
#2274=ADVANCED_FACE('',(#1550),#1642,.F.);
#2275=ADVANCED_FACE('',(#1551),#1643,.F.);
#2276=ADVANCED_FACE('',(#1552),#1644,.F.);
#2277=ADVANCED_FACE('',(#1553),#1645,.T.);
#2278=ADVANCED_FACE('',(#1554),#1646,.F.);
#2279=ADVANCED_FACE('',(#1555),#1647,.F.);
#2280=ADVANCED_FACE('',(#1556),#1648,.F.);
#2281=ADVANCED_FACE('',(#1557),#1649,.T.);
#2282=ADVANCED_FACE('',(#1558),#1650,.F.);
#2283=ADVANCED_FACE('',(#1559),#1651,.F.);
#2284=ADVANCED_FACE('',(#1560),#56,.T.);
#2285=ADVANCED_FACE('',(#1561),#1652,.F.);
#2286=ADVANCED_FACE('',(#1562),#1653,.F.);
#2287=ADVANCED_FACE('',(#1563),#1654,.F.);
#2288=ADVANCED_FACE('',(#1564),#57,.F.);
#2289=ADVANCED_FACE('',(#1565),#58,.T.);
#2290=ADVANCED_FACE('',(#1566),#1655,.T.);
#2291=ADVANCED_FACE('',(#1567),#1656,.F.);
#2292=ADVANCED_FACE('',(#1568),#1657,.F.);
#2293=ADVANCED_FACE('',(#1569),#1658,.F.);
#2294=ADVANCED_FACE('',(#1570),#59,.T.);
#2295=ADVANCED_FACE('',(#1571),#1659,.F.);
#2296=ADVANCED_FACE('',(#1572),#1660,.F.);
#2297=ADVANCED_FACE('',(#1573),#1661,.F.);
#2298=ADVANCED_FACE('',(#1574),#60,.F.);
#2299=ADVANCED_FACE('',(#1575),#61,.T.);
#2300=ADVANCED_FACE('',(#1576),#1662,.T.);
#2301=ADVANCED_FACE('',(#1577),#1663,.F.);
#2302=ADVANCED_FACE('',(#1578),#62,.T.);
#2303=ADVANCED_FACE('',(#1579),#1664,.F.);
#2304=ADVANCED_FACE('',(#1580),#1665,.T.);
#2305=ADVANCED_FACE('',(#1581),#1666,.F.);
#2306=ADVANCED_FACE('',(#1582),#63,.F.);
#2307=ADVANCED_FACE('',(#1583),#1667,.F.);
#2308=ADVANCED_FACE('',(#1584),#1668,.F.);
#2309=ADVANCED_FACE('',(#1585),#1669,.F.);
#2310=ADVANCED_FACE('',(#1586),#64,.T.);
#2311=ADVANCED_FACE('',(#1587),#1670,.F.);
#2312=ADVANCED_FACE('',(#1588),#1671,.F.);
#2313=ADVANCED_FACE('',(#1589),#1672,.F.);
#2314=ADVANCED_FACE('',(#1590),#1673,.T.);
#2315=ADVANCED_FACE('',(#1591),#1674,.F.);
#2316=ADVANCED_FACE('',(#1592),#1675,.F.);
#2317=ADVANCED_FACE('',(#1593),#65,.T.);
#2318=ADVANCED_FACE('',(#1594),#1676,.F.);
#2319=ADVANCED_FACE('',(#1595),#66,.T.);
#2320=ADVANCED_FACE('',(#1596),#67,.T.);
#2321=ADVANCED_FACE('',(#1597),#68,.T.);
#2322=ADVANCED_FACE('',(#1598),#69,.T.);
#2323=ADVANCED_FACE('',(#1599),#70,.T.);
#2324=ADVANCED_FACE('',(#1600),#71,.T.);
#2325=ADVANCED_FACE('',(#1601),#72,.T.);
#2326=CLOSED_SHELL('',(#2234,#2235,#2236,#2237,#2238,#2239,#2240,#2241,
#2242,#2243,#2244,#2245,#2246,#2247,#2248,#2249,#2250,#2251,#2252,#2253,
#2254,#2255,#2256,#2257,#2258,#2259,#2260,#2261,#2262,#2263,#2264,#2265,
#2266,#2267,#2268,#2269,#2270,#2271,#2272,#2273,#2274,#2275,#2276,#2277,
#2278,#2279,#2280,#2281,#2282,#2283,#2284,#2285,#2286,#2287,#2288,#2289,
#2290,#2291,#2292,#2293,#2294,#2295,#2296,#2297,#2298,#2299,#2300,#2301,
#2302,#2303,#2304,#2305,#2306,#2307,#2308,#2309,#2310,#2311));
#2327=CLOSED_SHELL('',(#2312,#2313,#2314,#2315,#2316,#2317,#2318,#2319,
#2320,#2321,#2322,#2323,#2324,#2325));
#2328=MANIFOLD_SOLID_BREP('CJS_c_21',#2326);
#2329=MANIFOLD_SOLID_BREP('CJS Slider_s',#2327);
#2330=SHAPE_DEFINITION_REPRESENTATION(#3456,#2333);
#2331=SHAPE_DEFINITION_REPRESENTATION(#3457,#2334);
#2332=SHAPE_DEFINITION_REPRESENTATION(#3459,#2335);
#2333=SHAPE_REPRESENTATION('CJS-1201A',(#2336,#2433,#2464),#3447);
#2334=SHAPE_REPRESENTATION('CJS_c_21',(#2336),#3448);
#2335=SHAPE_REPRESENTATION('CJS Slider_s',(#2336),#3449);
#2336=AXIS2_PLACEMENT_3D('',#2939,#2465,#2466);
#2337=AXIS2_PLACEMENT_3D('',#2940,#2467,#2468);
#2338=AXIS2_PLACEMENT_3D('',#2959,#2478,#2479);
#2339=AXIS2_PLACEMENT_3D('',#2978,#2489,#2490);
#2340=AXIS2_PLACEMENT_3D('',#2985,#2495,#2496);
#2341=AXIS2_PLACEMENT_3D('',#2991,#2500,#2501);
#2342=AXIS2_PLACEMENT_3D('',#2997,#2505,#2506);
#2343=AXIS2_PLACEMENT_3D('',#3003,#2510,#2511);
#2344=AXIS2_PLACEMENT_3D('',#3007,#2515,#2516);
#2345=AXIS2_PLACEMENT_3D('',#3017,#2522,#2523);
#2346=AXIS2_PLACEMENT_3D('',#3053,#2543,#2544);
#2347=AXIS2_PLACEMENT_3D('',#3061,#2549,#2550);
#2348=AXIS2_PLACEMENT_3D('',#3103,#2573,#2574);
#2349=AXIS2_PLACEMENT_3D('',#3132,#2591,#2592);
#2350=AXIS2_PLACEMENT_3D('',#3134,#2594,#2595);
#2351=AXIS2_PLACEMENT_3D('',#3135,#2596,#2597);
#2352=AXIS2_PLACEMENT_3D('',#3137,#2599,#2600);
#2353=AXIS2_PLACEMENT_3D('',#3138,#2601,#2602);
#2354=AXIS2_PLACEMENT_3D('',#3142,#2605,#2606);
#2355=AXIS2_PLACEMENT_3D('',#3148,#2610,#2611);
#2356=AXIS2_PLACEMENT_3D('',#3152,#2614,#2615);
#2357=AXIS2_PLACEMENT_3D('',#3154,#2617,#2618);
#2358=AXIS2_PLACEMENT_3D('',#3156,#2620,#2621);
#2359=AXIS2_PLACEMENT_3D('',#3158,#2623,#2624);
#2360=AXIS2_PLACEMENT_3D('',#3162,#2627,#2628);
#2361=AXIS2_PLACEMENT_3D('',#3166,#2631,#2632);
#2362=AXIS2_PLACEMENT_3D('',#3168,#2634,#2635);
#2363=AXIS2_PLACEMENT_3D('',#3169,#2636,#2637);
#2364=AXIS2_PLACEMENT_3D('',#3173,#2640,#2641);
#2365=AXIS2_PLACEMENT_3D('',#3177,#2644,#2645);
#2366=AXIS2_PLACEMENT_3D('',#3181,#2648,#2649);
#2367=AXIS2_PLACEMENT_3D('',#3185,#2652,#2653);
#2368=AXIS2_PLACEMENT_3D('',#3187,#2655,#2656);
#2369=AXIS2_PLACEMENT_3D('',#3189,#2658,#2659);
#2370=AXIS2_PLACEMENT_3D('',#3196,#2664,#2665);
#2371=AXIS2_PLACEMENT_3D('',#3198,#2667,#2668);
#2372=AXIS2_PLACEMENT_3D('',#3200,#2670,#2671);
#2373=AXIS2_PLACEMENT_3D('',#3201,#2672,#2673);
#2374=AXIS2_PLACEMENT_3D('',#3203,#2675,#2676);
#2375=AXIS2_PLACEMENT_3D('',#3204,#2677,#2678);
#2376=AXIS2_PLACEMENT_3D('',#3206,#2680,#2681);
#2377=AXIS2_PLACEMENT_3D('',#3207,#2682,#2683);
#2378=AXIS2_PLACEMENT_3D('',#3213,#2687,#2688);
#2379=AXIS2_PLACEMENT_3D('',#3215,#2690,#2691);
#2380=AXIS2_PLACEMENT_3D('',#3217,#2693,#2694);
#2381=AXIS2_PLACEMENT_3D('',#3218,#2695,#2696);
#2382=AXIS2_PLACEMENT_3D('',#3222,#2699,#2700);
#2383=AXIS2_PLACEMENT_3D('',#3226,#2703,#2704);
#2384=AXIS2_PLACEMENT_3D('',#3228,#2706,#2707);
#2385=AXIS2_PLACEMENT_3D('',#3229,#2708,#2709);
#2386=AXIS2_PLACEMENT_3D('',#3235,#2713,#2714);
#2387=AXIS2_PLACEMENT_3D('',#3244,#2719,#2720);
#2388=AXIS2_PLACEMENT_3D('',#3245,#2721,#2722);
#2389=AXIS2_PLACEMENT_3D('',#3249,#2724,#2725);
#2390=AXIS2_PLACEMENT_3D('',#3250,#2726,#2727);
#2391=AXIS2_PLACEMENT_3D('',#3256,#2731,#2732);
#2392=AXIS2_PLACEMENT_3D('',#3262,#2736,#2737);
#2393=AXIS2_PLACEMENT_3D('',#3268,#2741,#2742);
#2394=AXIS2_PLACEMENT_3D('',#3269,#2743,#2744);
#2395=AXIS2_PLACEMENT_3D('',#3270,#2745,#2746);
#2396=AXIS2_PLACEMENT_3D('',#3271,#2747,#2748);
#2397=AXIS2_PLACEMENT_3D('',#3272,#2749,#2750);
#2398=AXIS2_PLACEMENT_3D('',#3273,#2751,#2752);
#2399=AXIS2_PLACEMENT_3D('',#3274,#2753,#2754);
#2400=AXIS2_PLACEMENT_3D('',#3275,#2755,#2756);
#2401=AXIS2_PLACEMENT_3D('',#3276,#2757,#2758);
#2402=AXIS2_PLACEMENT_3D('',#3282,#2762,#2763);
#2403=AXIS2_PLACEMENT_3D('',#3291,#2768,#2769);
#2404=AXIS2_PLACEMENT_3D('',#3292,#2770,#2771);
#2405=AXIS2_PLACEMENT_3D('',#3296,#2773,#2774);
#2406=AXIS2_PLACEMENT_3D('',#3297,#2775,#2776);
#2407=AXIS2_PLACEMENT_3D('',#3303,#2780,#2781);
#2408=AXIS2_PLACEMENT_3D('',#3309,#2785,#2786);
#2409=AXIS2_PLACEMENT_3D('',#3315,#2790,#2791);
#2410=AXIS2_PLACEMENT_3D('',#3316,#2792,#2793);
#2411=AXIS2_PLACEMENT_3D('',#3317,#2794,#2795);
#2412=AXIS2_PLACEMENT_3D('',#3318,#2796,#2797);
#2413=AXIS2_PLACEMENT_3D('',#3319,#2798,#2799);
#2414=AXIS2_PLACEMENT_3D('',#3320,#2800,#2801);
#2415=AXIS2_PLACEMENT_3D('',#3321,#2802,#2803);
#2416=AXIS2_PLACEMENT_3D('',#3322,#2804,#2805);
#2417=AXIS2_PLACEMENT_3D('',#3323,#2806,#2807);
#2418=AXIS2_PLACEMENT_3D('',#3324,#2808,#2809);
#2419=AXIS2_PLACEMENT_3D('',#3326,#2810,#2811);
#2420=AXIS2_PLACEMENT_3D('',#3329,#2813,#2814);
#2421=AXIS2_PLACEMENT_3D('',#3335,#2818,#2819);
#2422=AXIS2_PLACEMENT_3D('',#3336,#2820,#2821);
#2423=AXIS2_PLACEMENT_3D('',#3344,#2825,#2826);
#2424=AXIS2_PLACEMENT_3D('',#3347,#2828,#2829);
#2425=AXIS2_PLACEMENT_3D('',#3350,#2831,#2832);
#2426=AXIS2_PLACEMENT_3D('',#3358,#2836,#2837);
#2427=AXIS2_PLACEMENT_3D('',#3359,#2838,#2839);
#2428=AXIS2_PLACEMENT_3D('',#3361,#2841,#2842);
#2429=AXIS2_PLACEMENT_3D('',#3363,#2844,#2845);
#2430=AXIS2_PLACEMENT_3D('',#3365,#2847,#2848);
#2431=AXIS2_PLACEMENT_3D('',#3367,#2850,#2851);
#2432=AXIS2_PLACEMENT_3D('',#3369,#2853,#2854);
#2433=AXIS2_PLACEMENT_3D('',#3370,#2855,#2856);
#2434=AXIS2_PLACEMENT_3D('',#3371,#2857,#2858);
#2435=AXIS2_PLACEMENT_3D('',#3380,#2863,#2864);
#2436=AXIS2_PLACEMENT_3D('',#3389,#2869,#2870);
#2437=AXIS2_PLACEMENT_3D('',#3398,#2875,#2876);
#2438=AXIS2_PLACEMENT_3D('',#3407,#2881,#2882);
#2439=AXIS2_PLACEMENT_3D('',#3416,#2887,#2888);
#2440=AXIS2_PLACEMENT_3D('',#3417,#2889,#2890);
#2441=AXIS2_PLACEMENT_3D('',#3419,#2891,#2892);
#2442=AXIS2_PLACEMENT_3D('',#3420,#2893,#2894);
#2443=AXIS2_PLACEMENT_3D('',#3422,#2895,#2896);
#2444=AXIS2_PLACEMENT_3D('',#3423,#2897,#2898);
#2445=AXIS2_PLACEMENT_3D('',#3424,#2899,#2900);
#2446=AXIS2_PLACEMENT_3D('',#3425,#2901,#2902);
#2447=AXIS2_PLACEMENT_3D('',#3426,#2903,#2904);
#2448=AXIS2_PLACEMENT_3D('',#3427,#2905,#2906);
#2449=AXIS2_PLACEMENT_3D('',#3428,#2907,#2908);
#2450=AXIS2_PLACEMENT_3D('',#3429,#2909,#2910);
#2451=AXIS2_PLACEMENT_3D('',#3431,#2911,#2912);
#2452=AXIS2_PLACEMENT_3D('',#3432,#2913,#2914);
#2453=AXIS2_PLACEMENT_3D('',#3434,#2915,#2916);
#2454=AXIS2_PLACEMENT_3D('',#3435,#2917,#2918);
#2455=AXIS2_PLACEMENT_3D('',#3436,#2919,#2920);
#2456=AXIS2_PLACEMENT_3D('',#3437,#2921,#2922);
#2457=AXIS2_PLACEMENT_3D('',#3438,#2923,#2924);
#2458=AXIS2_PLACEMENT_3D('',#3439,#2925,#2926);
#2459=AXIS2_PLACEMENT_3D('',#3440,#2927,#2928);
#2460=AXIS2_PLACEMENT_3D('',#3441,#2929,#2930);
#2461=AXIS2_PLACEMENT_3D('',#3442,#2931,#2932);
#2462=AXIS2_PLACEMENT_3D('',#3443,#2933,#2934);
#2463=AXIS2_PLACEMENT_3D('',#3444,#2935,#2936);
#2464=AXIS2_PLACEMENT_3D('',#3445,#2937,#2938);
#2465=DIRECTION('',(0.,0.,1.));
#2466=DIRECTION('',(1.,0.,0.));
#2467=DIRECTION('',(0.,-1.,0.));
#2468=DIRECTION('',(0.,0.,-1.));
#2469=DIRECTION('',(0.,0.,1.));
#2470=DIRECTION('',(-1.,0.,0.));
#2471=DIRECTION('',(0.707106781186548,0.,-0.707106781186547));
#2472=DIRECTION('',(0.,0.,-1.));
#2473=DIRECTION('',(-1.,0.,0.));
#2474=DIRECTION('',(0.,0.,1.));
#2475=DIRECTION('',(-1.,0.,0.));
#2476=DIRECTION('',(0.,0.,1.));
#2477=DIRECTION('',(-1.,0.,0.));
#2478=DIRECTION('',(0.,-1.,0.));
#2479=DIRECTION('',(0.,0.,-1.));
#2480=DIRECTION('',(0.,0.,-1.));
#2481=DIRECTION('',(-1.,0.,0.));
#2482=DIRECTION('',(0.,0.,1.));
#2483=DIRECTION('',(-1.,0.,0.));
#2484=DIRECTION('',(0.,0.,-1.));
#2485=DIRECTION('',(-1.,0.,0.));
#2486=DIRECTION('',(-0.707106781186548,0.,0.707106781186548));
#2487=DIRECTION('',(0.,0.,-1.));
#2488=DIRECTION('',(-1.,0.,0.));
#2489=DIRECTION('',(0.,0.274721127897378,-0.961523947640823));
#2490=DIRECTION('',(0.,0.961523947640823,0.274721127897378));
#2491=DIRECTION('',(-1.,0.,0.));
#2492=DIRECTION('',(-0.919254719740988,0.378516649305113,0.108147614087175));
#2493=DIRECTION('',(-1.,0.,0.));
#2494=DIRECTION('',(-0.919254719740988,-0.378516649305113,-0.108147614087175));
#2495=DIRECTION('',(0.,0.,-1.));
#2496=DIRECTION('',(-1.,0.,0.));
#2497=DIRECTION('',(0.,-1.,0.));
#2498=DIRECTION('',(-1.,0.,0.));
#2499=DIRECTION('',(-2.40933816107891E-16,1.,0.));
#2500=DIRECTION('',(0.,1.,0.));
#2501=DIRECTION('',(0.,0.,1.));
#2502=DIRECTION('',(0.,0.,-1.));
#2503=DIRECTION('',(-1.,0.,0.));
#2504=DIRECTION('',(0.,0.,1.));
#2505=DIRECTION('',(0.,0.,1.));
#2506=DIRECTION('',(1.,0.,0.));
#2507=DIRECTION('',(0.,1.,0.));
#2508=DIRECTION('',(-1.,0.,0.));
#2509=DIRECTION('',(2.40933816107891E-16,-1.,0.));
#2510=DIRECTION('',(0.,0.274721127897378,0.961523947640823));
#2511=DIRECTION('',(0.,-0.961523947640823,0.274721127897378));
#2512=DIRECTION('',(1.,0.,0.));
#2513=DIRECTION('',(0.919254719740988,-0.378516649305113,0.108147614087175));
#2514=DIRECTION('',(0.919254719740988,0.378516649305113,-0.108147614087175));
#2515=DIRECTION('',(1.,0.,0.));
#2516=DIRECTION('',(0.,0.,-1.));
#2517=DIRECTION('',(0.,-1.,0.));
#2518=DIRECTION('',(0.,0.,1.));
#2519=DIRECTION('',(0.,-1.,0.));
#2520=DIRECTION('',(0.,-1.,0.));
#2521=DIRECTION('',(0.,0.,1.));
#2522=DIRECTION('',(0.,0.,1.));
#2523=DIRECTION('',(1.,0.,0.));
#2524=DIRECTION('',(-1.,0.,0.));
#2525=DIRECTION('',(0.,-1.,0.));
#2526=DIRECTION('',(-1.,0.,0.));
#2527=DIRECTION('',(0.,1.,0.));
#2528=DIRECTION('',(-1.,0.,0.));
#2529=DIRECTION('',(0.,-1.,0.));
#2530=DIRECTION('',(1.,0.,0.));
#2531=DIRECTION('',(0.,-1.,0.));
#2532=DIRECTION('',(-1.,0.,0.));
#2533=DIRECTION('',(-1.,0.,-4.33680868994202E-16));
#2534=DIRECTION('',(0.,-1.,0.));
#2535=DIRECTION('',(0.,-1.,0.));
#2536=DIRECTION('',(-1.,0.,0.));
#2537=DIRECTION('',(0.,-1.,0.));
#2538=DIRECTION('',(0.,1.,0.));
#2539=DIRECTION('',(-1.,0.,0.));
#2540=DIRECTION('',(0.,-1.,0.));
#2541=DIRECTION('',(1.,0.,0.));
#2542=DIRECTION('',(0.,-1.,0.));
#2543=DIRECTION('',(-1.,0.,0.));
#2544=DIRECTION('',(0.,0.,1.));
#2545=DIRECTION('',(0.,1.,0.));
#2546=DIRECTION('',(0.,0.,-1.));
#2547=DIRECTION('',(0.,-1.,0.));
#2548=DIRECTION('',(0.,0.,-1.));
#2549=DIRECTION('',(0.,0.,1.));
#2550=DIRECTION('',(1.,0.,0.));
#2551=DIRECTION('',(0.,1.,0.));
#2552=DIRECTION('',(-1.,0.,0.));
#2553=DIRECTION('',(0.,-1.,0.));
#2554=DIRECTION('',(1.,0.,0.));
#2555=DIRECTION('',(0.,-1.,0.));
#2556=DIRECTION('',(-1.,0.,0.));
#2557=DIRECTION('',(0.,-1.,0.));
#2558=DIRECTION('',(1.,0.,0.));
#2559=DIRECTION('',(0.,-1.,0.));
#2560=DIRECTION('',(-1.,0.,0.));
#2561=DIRECTION('',(0.,1.,0.));
#2562=DIRECTION('',(-1.,0.,0.));
#2563=DIRECTION('',(0.,1.,0.));
#2564=DIRECTION('',(-1.,0.,0.));
#2565=DIRECTION('',(1.,0.,0.));
#2566=DIRECTION('',(0.,1.,0.));
#2567=DIRECTION('',(0.,-1.,0.));
#2568=DIRECTION('',(1.,0.,0.));
#2569=DIRECTION('',(0.,-1.,0.));
#2570=DIRECTION('',(-1.,0.,0.));
#2571=DIRECTION('',(0.,1.,0.));
#2572=DIRECTION('',(-1.,0.,0.));
#2573=DIRECTION('',(0.,1.,0.));
#2574=DIRECTION('',(0.,0.,1.));
#2575=DIRECTION('',(0.,0.,1.));
#2576=DIRECTION('',(1.,0.,0.));
#2577=DIRECTION('',(0.,0.,-1.));
#2578=DIRECTION('',(0.,0.,1.));
#2579=DIRECTION('',(1.,0.,0.));
#2580=DIRECTION('',(0.,0.,1.));
#2581=DIRECTION('',(-1.,0.,0.));
#2582=DIRECTION('',(0.,0.,1.));
#2583=DIRECTION('',(0.,0.,-1.));
#2584=DIRECTION('',(-1.,0.,0.));
#2585=DIRECTION('',(0.,0.,1.));
#2586=DIRECTION('',(0.,0.,-1.));
#2587=DIRECTION('',(-1.,0.,0.));
#2588=DIRECTION('',(0.,0.,-1.));
#2589=DIRECTION('',(1.,0.,0.));
#2590=DIRECTION('',(0.,0.,-1.));
#2591=DIRECTION('',(0.707106781186548,0.,0.707106781186548));
#2592=DIRECTION('',(0.707106781186548,0.,-0.707106781186548));
#2593=DIRECTION('',(-0.707106781186548,0.,0.707106781186548));
#2594=DIRECTION('',(0.,1.,0.));
#2595=DIRECTION('',(0.,0.,1.));
#2596=DIRECTION('',(-0.707106781186547,0.,-0.707106781186548));
#2597=DIRECTION('',(-0.707106781186548,0.,0.707106781186547));
#2598=DIRECTION('',(0.707106781186548,0.,-0.707106781186548));
#2599=DIRECTION('',(0.,-1.,0.));
#2600=DIRECTION('',(0.,0.,-1.));
#2601=DIRECTION('',(1.,0.,0.));
#2602=DIRECTION('',(0.,0.,-1.));
#2603=DIRECTION('',(0.,-1.,0.));
#2604=DIRECTION('',(0.,0.,1.));
#2605=DIRECTION('',(1.,0.,0.));
#2606=DIRECTION('',(0.,0.,-1.));
#2607=DIRECTION('',(0.,-1.,0.));
#2608=DIRECTION('',(0.,0.,1.));
#2609=DIRECTION('',(0.,-1.,0.));
#2610=DIRECTION('',(0.,0.,-1.));
#2611=DIRECTION('',(-1.,0.,0.));
#2612=DIRECTION('',(0.,-1.,0.));
#2613=DIRECTION('',(1.,0.,0.));
#2614=DIRECTION('',(1.,0.,0.));
#2615=DIRECTION('',(0.,0.,-1.));
#2616=DIRECTION('',(0.,0.,1.));
#2617=DIRECTION('',(0.,0.,1.));
#2618=DIRECTION('',(1.,0.,0.));
#2619=DIRECTION('',(-1.,0.,0.));
#2620=DIRECTION('',(0.,1.,0.));
#2621=DIRECTION('',(0.,0.,1.));
#2622=DIRECTION('',(-1.,0.,0.));
#2623=DIRECTION('',(-1.,0.,0.));
#2624=DIRECTION('',(0.,0.,1.));
#2625=DIRECTION('',(0.,-1.,0.));
#2626=DIRECTION('',(0.,0.,-1.));
#2627=DIRECTION('',(0.,0.,-1.));
#2628=DIRECTION('',(-1.,0.,0.));
#2629=DIRECTION('',(0.,-1.,0.));
#2630=DIRECTION('',(1.,0.,0.));
#2631=DIRECTION('',(1.,0.,0.));
#2632=DIRECTION('',(0.,0.,-1.));
#2633=DIRECTION('',(0.,0.,1.));
#2634=DIRECTION('',(0.,1.,0.));
#2635=DIRECTION('',(0.,0.,1.));
#2636=DIRECTION('',(-1.,0.,0.));
#2637=DIRECTION('',(0.,0.,1.));
#2638=DIRECTION('',(0.,-1.,0.));
#2639=DIRECTION('',(0.,0.,-1.));
#2640=DIRECTION('',(0.,0.,-1.));
#2641=DIRECTION('',(-1.,0.,0.));
#2642=DIRECTION('',(0.,-1.,0.));
#2643=DIRECTION('',(1.,0.,0.));
#2644=DIRECTION('',(-1.,0.,0.));
#2645=DIRECTION('',(0.,0.,1.));
#2646=DIRECTION('',(0.,-1.,0.));
#2647=DIRECTION('',(0.,0.,-1.));
#2648=DIRECTION('',(0.,0.,1.));
#2649=DIRECTION('',(1.,0.,0.));
#2650=DIRECTION('',(0.,-1.,0.));
#2651=DIRECTION('',(-1.,0.,0.));
#2652=DIRECTION('',(-1.,0.,0.));
#2653=DIRECTION('',(0.,0.,1.));
#2654=DIRECTION('',(0.,0.,-1.));
#2655=DIRECTION('',(0.,1.,0.));
#2656=DIRECTION('',(0.,0.,1.));
#2657=DIRECTION('',(-1.,0.,0.));
#2658=DIRECTION('',(0.,1.,0.));
#2659=DIRECTION('',(0.,0.,1.));
#2660=DIRECTION('',(0.,0.,1.));
#2661=DIRECTION('',(-1.,0.,0.));
#2662=DIRECTION('',(0.,0.,-1.));
#2663=DIRECTION('',(-1.,0.,0.));
#2664=DIRECTION('',(-1.,0.,0.));
#2665=DIRECTION('',(0.,0.,1.));
#2666=DIRECTION('',(0.,-1.,0.));
#2667=DIRECTION('',(0.,0.,1.));
#2668=DIRECTION('',(1.,0.,0.));
#2669=DIRECTION('',(0.,-1.,0.));
#2670=DIRECTION('',(1.,0.,0.));
#2671=DIRECTION('',(0.,0.,-1.));
#2672=DIRECTION('',(0.380749805254295,-0.924678098474716,0.));
#2673=DIRECTION('',(0.924678098474716,0.380749805254295,0.));
#2674=DIRECTION('',(0.,0.,-1.));
#2675=DIRECTION('',(1.,0.,0.));
#2676=DIRECTION('',(0.,0.,-1.));
#2677=DIRECTION('',(-0.380749805254295,-0.924678098474716,0.));
#2678=DIRECTION('',(0.924678098474716,-0.380749805254295,0.));
#2679=DIRECTION('',(0.,0.,-1.));
#2680=DIRECTION('',(-1.,-2.40933816107891E-16,0.));
#2681=DIRECTION('',(2.40933816107891E-16,-1.,0.));
#2682=DIRECTION('',(0.,0.,1.));
#2683=DIRECTION('',(1.,0.,0.));
#2684=DIRECTION('',(0.,-1.,0.));
#2685=DIRECTION('',(-1.,0.,0.));
#2686=DIRECTION('',(0.,-1.,0.));
#2687=DIRECTION('',(1.,0.,0.));
#2688=DIRECTION('',(0.,0.,-1.));
#2689=DIRECTION('',(0.,0.,1.));
#2690=DIRECTION('',(-1.,0.,0.));
#2691=DIRECTION('',(0.,0.,1.));
#2692=DIRECTION('',(0.,0.,-1.));
#2693=DIRECTION('',(0.,1.,0.));
#2694=DIRECTION('',(0.,0.,1.));
#2695=DIRECTION('',(1.,0.,0.));
#2696=DIRECTION('',(0.,0.,-1.));
#2697=DIRECTION('',(0.,-1.,0.));
#2698=DIRECTION('',(0.,0.,1.));
#2699=DIRECTION('',(0.,0.,-1.));
#2700=DIRECTION('',(-1.,0.,0.));
#2701=DIRECTION('',(0.,-1.,0.));
#2702=DIRECTION('',(1.,0.,0.));
#2703=DIRECTION('',(-1.,0.,0.));
#2704=DIRECTION('',(0.,0.,1.));
#2705=DIRECTION('',(0.,0.,-1.));
#2706=DIRECTION('',(0.,1.,0.));
#2707=DIRECTION('',(0.,0.,1.));
#2708=DIRECTION('',(0.,0.,1.));
#2709=DIRECTION('',(1.,0.,0.));
#2710=DIRECTION('',(0.,1.,0.));
#2711=DIRECTION('',(0.,1.,0.));
#2712=DIRECTION('',(-1.,0.,0.));
#2713=DIRECTION('',(0.,0.,-1.));
#2714=DIRECTION('',(-1.,0.,0.));
#2715=DIRECTION('',(0.,-1.,0.));
#2716=DIRECTION('',(-1.,0.,0.));
#2717=DIRECTION('',(0.,-1.,0.));
#2718=DIRECTION('',(-1.,0.,0.));
#2719=DIRECTION('',(-1.,0.,0.));
#2720=DIRECTION('',(0.,0.,1.));
#2721=DIRECTION('',(1.,0.,0.));
#2722=DIRECTION('',(0.,0.,-1.));
#2723=DIRECTION('',(-1.,0.,0.));
#2724=DIRECTION('',(1.,0.,0.));
#2725=DIRECTION('',(0.,0.,-1.));
#2726=DIRECTION('',(0.,1.,0.));
#2727=DIRECTION('',(0.,0.,1.));
#2728=DIRECTION('',(0.,0.,-1.));
#2729=DIRECTION('',(-1.,0.,0.));
#2730=DIRECTION('',(0.,0.,-1.));
#2731=DIRECTION('',(0.,0.,1.));
#2732=DIRECTION('',(1.,0.,0.));
#2733=DIRECTION('',(0.,1.,0.));
#2734=DIRECTION('',(-1.,0.,0.));
#2735=DIRECTION('',(0.,1.,0.));
#2736=DIRECTION('',(0.,-1.,0.));
#2737=DIRECTION('',(0.,0.,-1.));
#2738=DIRECTION('',(0.,0.,1.));
#2739=DIRECTION('',(-1.,0.,0.));
#2740=DIRECTION('',(0.,0.,1.));
#2741=DIRECTION('',(-1.,0.,0.));
#2742=DIRECTION('',(0.,0.,1.));
#2743=DIRECTION('',(1.,0.,0.));
#2744=DIRECTION('',(0.,0.,-1.));
#2745=DIRECTION('',(1.,0.,0.));
#2746=DIRECTION('',(0.,0.,-1.));
#2747=DIRECTION('',(-1.,0.,0.));
#2748=DIRECTION('',(0.,0.,1.));
#2749=DIRECTION('',(1.,0.,0.));
#2750=DIRECTION('',(0.,0.,-1.));
#2751=DIRECTION('',(1.,0.,0.));
#2752=DIRECTION('',(0.,0.,-1.));
#2753=DIRECTION('',(1.,0.,0.));
#2754=DIRECTION('',(0.,0.,-1.));
#2755=DIRECTION('',(1.,0.,0.));
#2756=DIRECTION('',(0.,0.,-1.));
#2757=DIRECTION('',(0.,0.,1.));
#2758=DIRECTION('',(1.,0.,0.));
#2759=DIRECTION('',(0.,1.,0.));
#2760=DIRECTION('',(0.,1.,0.));
#2761=DIRECTION('',(-1.,0.,0.));
#2762=DIRECTION('',(0.,0.,-1.));
#2763=DIRECTION('',(-1.,0.,0.));
#2764=DIRECTION('',(0.,-1.,0.));
#2765=DIRECTION('',(-1.,0.,0.));
#2766=DIRECTION('',(0.,-1.,0.));
#2767=DIRECTION('',(-1.,0.,0.));
#2768=DIRECTION('',(-1.,0.,0.));
#2769=DIRECTION('',(0.,0.,1.));
#2770=DIRECTION('',(1.,0.,0.));
#2771=DIRECTION('',(0.,0.,-1.));
#2772=DIRECTION('',(-1.,0.,0.));
#2773=DIRECTION('',(1.,0.,0.));
#2774=DIRECTION('',(0.,0.,-1.));
#2775=DIRECTION('',(0.,1.,0.));
#2776=DIRECTION('',(0.,0.,1.));
#2777=DIRECTION('',(0.,0.,-1.));
#2778=DIRECTION('',(-1.,0.,0.));
#2779=DIRECTION('',(0.,0.,-1.));
#2780=DIRECTION('',(0.,0.,1.));
#2781=DIRECTION('',(1.,0.,0.));
#2782=DIRECTION('',(0.,1.,0.));
#2783=DIRECTION('',(-1.,0.,0.));
#2784=DIRECTION('',(0.,1.,0.));
#2785=DIRECTION('',(0.,-1.,0.));
#2786=DIRECTION('',(0.,0.,-1.));
#2787=DIRECTION('',(0.,0.,1.));
#2788=DIRECTION('',(-1.,0.,0.));
#2789=DIRECTION('',(0.,0.,1.));
#2790=DIRECTION('',(-1.,0.,0.));
#2791=DIRECTION('',(0.,0.,1.));
#2792=DIRECTION('',(1.,0.,0.));
#2793=DIRECTION('',(0.,0.,-1.));
#2794=DIRECTION('',(1.,0.,0.));
#2795=DIRECTION('',(0.,0.,-1.));
#2796=DIRECTION('',(-1.,0.,0.));
#2797=DIRECTION('',(0.,0.,1.));
#2798=DIRECTION('',(1.,0.,0.));
#2799=DIRECTION('',(0.,0.,-1.));
#2800=DIRECTION('',(1.,0.,0.));
#2801=DIRECTION('',(0.,0.,-1.));
#2802=DIRECTION('',(1.,0.,0.));
#2803=DIRECTION('',(0.,0.,-1.));
#2804=DIRECTION('',(1.,0.,0.));
#2805=DIRECTION('',(0.,0.,-1.));
#2806=DIRECTION('',(-1.,0.,0.));
#2807=DIRECTION('',(0.,0.,1.));
#2808=DIRECTION('',(1.,0.,0.));
#2809=DIRECTION('',(0.,0.,-1.));
#2810=DIRECTION('',(1.,0.,0.));
#2811=DIRECTION('',(0.,0.,-1.));
#2812=DIRECTION('',(-1.,0.,0.));
#2813=DIRECTION('',(0.,0.,-1.));
#2814=DIRECTION('',(-1.,0.,0.));
#2815=DIRECTION('',(0.,-1.,0.));
#2816=DIRECTION('',(0.,-1.,0.));
#2817=DIRECTION('',(-1.,0.,0.));
#2818=DIRECTION('',(1.,0.,0.));
#2819=DIRECTION('',(0.,0.,-1.));
#2820=DIRECTION('',(1.,0.,0.));
#2821=DIRECTION('',(0.,0.,-1.));
#2822=DIRECTION('',(0.,0.,1.));
#2823=DIRECTION('',(0.,-1.,0.));
#2824=DIRECTION('',(0.,0.,-1.));
#2825=DIRECTION('',(1.,0.,0.));
#2826=DIRECTION('',(0.,0.,-1.));
#2827=DIRECTION('',(0.,1.,0.));
#2828=DIRECTION('',(1.,0.,0.));
#2829=DIRECTION('',(0.,0.,-1.));
#2830=DIRECTION('',(0.,1.,0.));
#2831=DIRECTION('',(1.,0.,0.));
#2832=DIRECTION('',(0.,0.,-1.));
#2833=DIRECTION('',(0.,0.,-1.));
#2834=DIRECTION('',(0.,-1.,0.));
#2835=DIRECTION('',(0.,0.,1.));
#2836=DIRECTION('',(1.,0.,0.));
#2837=DIRECTION('',(0.,0.,-1.));
#2838=DIRECTION('',(-1.,0.,0.));
#2839=DIRECTION('',(0.,0.,1.));
#2840=DIRECTION('',(-1.,0.,0.));
#2841=DIRECTION('',(0.,-1.,0.));
#2842=DIRECTION('',(0.,0.,-1.));
#2843=DIRECTION('',(-1.,0.,0.));
#2844=DIRECTION('',(0.,0.,-1.));
#2845=DIRECTION('',(-1.,0.,0.));
#2846=DIRECTION('',(-1.,0.,0.));
#2847=DIRECTION('',(0.,1.,0.));
#2848=DIRECTION('',(0.,0.,1.));
#2849=DIRECTION('',(-1.,0.,0.));
#2850=DIRECTION('',(-1.,0.,0.));
#2851=DIRECTION('',(0.,0.,1.));
#2852=DIRECTION('',(-1.,0.,0.));
#2853=DIRECTION('',(0.,0.,1.));
#2854=DIRECTION('',(1.,0.,0.));
#2855=DIRECTION('',(0.,0.,1.));
#2856=DIRECTION('',(1.,0.,0.));
#2857=DIRECTION('',(1.,0.,0.));
#2858=DIRECTION('',(0.,0.,-1.));
#2859=DIRECTION('',(0.,-1.,0.));
#2860=DIRECTION('',(0.,0.,-1.));
#2861=DIRECTION('',(0.,-1.,0.));
#2862=DIRECTION('',(0.,0.,-1.));
#2863=DIRECTION('',(-1.,0.,0.));
#2864=DIRECTION('',(0.,0.,1.));
#2865=DIRECTION('',(0.,0.,-1.));
#2866=DIRECTION('',(0.,-1.,0.));
#2867=DIRECTION('',(0.,0.,-1.));
#2868=DIRECTION('',(0.,-1.,0.));
#2869=DIRECTION('',(0.,0.,1.));
#2870=DIRECTION('',(1.,0.,0.));
#2871=DIRECTION('',(1.,0.,0.));
#2872=DIRECTION('',(0.,-1.,0.));
#2873=DIRECTION('',(-1.,0.,0.));
#2874=DIRECTION('',(0.,-1.,0.));
#2875=DIRECTION('',(0.,0.,1.));
#2876=DIRECTION('',(1.,0.,0.));
#2877=DIRECTION('',(1.,0.,0.));
#2878=DIRECTION('',(0.,-1.,0.));
#2879=DIRECTION('',(-1.,0.,0.));
#2880=DIRECTION('',(0.,-1.,0.));
#2881=DIRECTION('',(0.,-1.,0.));
#2882=DIRECTION('',(0.,0.,-1.));
#2883=DIRECTION('',(0.,0.,-1.));
#2884=DIRECTION('',(-1.,0.,0.));
#2885=DIRECTION('',(0.,0.,-1.));
#2886=DIRECTION('',(-1.,0.,0.));
#2887=DIRECTION('',(0.,0.,-1.));
#2888=DIRECTION('',(-1.,0.,0.));
#2889=DIRECTION('',(0.707106781186547,0.,-0.707106781186547));
#2890=DIRECTION('',(-0.707106781186547,0.,-0.707106781186547));
#2891=DIRECTION('',(0.,-0.707106781186547,-0.707106781186547));
#2892=DIRECTION('',(0.,0.707106781186547,-0.707106781186547));
#2893=DIRECTION('',(0.,0.707106781186547,-0.707106781186547));
#2894=DIRECTION('',(0.,-0.707106781186547,-0.707106781186547));
#2895=DIRECTION('',(-0.707106781186547,0.,-0.707106781186547));
#2896=DIRECTION('',(0.707106781186547,0.,-0.707106781186547));
#2897=DIRECTION('',(0.,1.,0.));
#2898=DIRECTION('',(0.,0.,1.));
#2899=DIRECTION('',(0.,1.,0.));
#2900=DIRECTION('',(1.,0.,0.));
#2901=DIRECTION('',(0.,1.,0.));
#2902=DIRECTION('',(1.,0.,0.));
#2903=DIRECTION('',(0.,1.,0.));
#2904=DIRECTION('',(1.,0.,0.));
#2905=DIRECTION('',(0.,1.,0.));
#2906=DIRECTION('',(1.,0.,0.));
#2907=DIRECTION('',(0.,0.,-1.));
#2908=DIRECTION('',(-1.,0.,0.));
#2909=DIRECTION('',(0.,-0.707106781186547,-0.707106781186547));
#2910=DIRECTION('',(0.,0.707106781186547,-0.707106781186547));
#2911=DIRECTION('',(-0.707106781186547,0.,-0.707106781186547));
#2912=DIRECTION('',(0.707106781186547,0.,-0.707106781186547));
#2913=DIRECTION('',(0.707106781186547,0.,-0.707106781186547));
#2914=DIRECTION('',(-0.707106781186547,0.,-0.707106781186547));
#2915=DIRECTION('',(0.,0.707106781186547,-0.707106781186547));
#2916=DIRECTION('',(0.,-0.707106781186547,-0.707106781186547));
#2917=DIRECTION('',(-1.,0.,0.));
#2918=DIRECTION('',(0.,0.,1.));
#2919=DIRECTION('',(-0.707106781186547,-0.707106781186547,0.));
#2920=DIRECTION('',(-0.707106781186547,0.707106781186547,0.));
#2921=DIRECTION('',(-0.707106781186547,0.707106781186547,0.));
#2922=DIRECTION('',(-0.707106781186547,-0.707106781186547,0.));
#2923=DIRECTION('',(-1.,0.,0.));
#2924=DIRECTION('',(0.,0.,1.));
#2925=DIRECTION('',(-0.707106781186547,0.707106781186547,0.));
#2926=DIRECTION('',(-0.707106781186547,-0.707106781186547,0.));
#2927=DIRECTION('',(-0.707106781186547,-0.707106781186547,0.));
#2928=DIRECTION('',(-0.707106781186547,0.707106781186547,0.));
#2929=DIRECTION('',(0.,-1.,0.));
#2930=DIRECTION('',(0.,0.,-1.));
#2931=DIRECTION('',(0.,-1.,0.));
#2932=DIRECTION('',(0.,0.,-1.));
#2933=DIRECTION('',(0.,-1.,0.));
#2934=DIRECTION('',(0.,0.,-1.));
#2935=DIRECTION('',(0.,-1.,0.));
#2936=DIRECTION('',(0.,0.,-1.));
#2937=DIRECTION('',(0.,0.,1.));
#2938=DIRECTION('',(1.,0.,0.));
#2939=CARTESIAN_POINT('',(0.,0.,0.));
#2940=CARTESIAN_POINT('',(3.,2.4,1.25));
#2941=CARTESIAN_POINT('',(-0.25,2.4,-1.25));
#2942=CARTESIAN_POINT('',(-0.25,2.4,-1.25));
#2943=CARTESIAN_POINT('',(-0.25,2.4,-0.45));
#2944=CARTESIAN_POINT('',(3.,2.4,-1.25));
#2945=CARTESIAN_POINT('',(-2.5,2.4,-1.25));
#2946=CARTESIAN_POINT('',(-0.999999999999999,2.4,-2.75));
#2947=CARTESIAN_POINT('',(-3.,2.4,-0.75));
#2948=CARTESIAN_POINT('',(-3.,2.4,1.25));
#2949=CARTESIAN_POINT('',(-3.,2.4,1.25));
#2950=CARTESIAN_POINT('',(3.,2.4,1.25));
#2951=CARTESIAN_POINT('',(-0.25,2.4,1.25));
#2952=CARTESIAN_POINT('',(-0.25,2.4,0.45));
#2953=CARTESIAN_POINT('',(-0.25,2.4,0.45));
#2954=CARTESIAN_POINT('',(1.8,2.4,0.45));
#2955=CARTESIAN_POINT('',(-1.8,2.4,0.45));
#2956=CARTESIAN_POINT('',(-1.8,2.4,1.25));
#2957=CARTESIAN_POINT('',(-1.8,2.4,-0.45));
#2958=CARTESIAN_POINT('',(1.8,2.4,-0.45));
#2959=CARTESIAN_POINT('',(3.,2.4,1.25));
#2960=CARTESIAN_POINT('',(0.25,2.4,-0.45));
#2961=CARTESIAN_POINT('',(0.25,2.4,-0.45));
#2962=CARTESIAN_POINT('',(0.25,2.4,-1.25));
#2963=CARTESIAN_POINT('',(1.8,2.4,-0.45));
#2964=CARTESIAN_POINT('',(1.8,2.4,-0.45));
#2965=CARTESIAN_POINT('',(1.8,2.4,1.25));
#2966=CARTESIAN_POINT('',(1.8,2.4,0.45));
#2967=CARTESIAN_POINT('',(1.8,2.4,0.45));
#2968=CARTESIAN_POINT('',(0.25,2.4,0.45));
#2969=CARTESIAN_POINT('',(0.25,2.4,1.25));
#2970=CARTESIAN_POINT('',(0.25,2.4,1.25));
#2971=CARTESIAN_POINT('',(3.,2.4,1.25));
#2972=CARTESIAN_POINT('',(2.5,2.4,1.25));
#2973=CARTESIAN_POINT('',(2.75,2.4,1.));
#2974=CARTESIAN_POINT('',(3.,2.4,0.75));
#2975=CARTESIAN_POINT('',(3.,2.4,1.25));
#2976=CARTESIAN_POINT('',(3.,2.4,-1.25));
#2977=CARTESIAN_POINT('',(3.,2.4,-1.25));
#2978=CARTESIAN_POINT('',(1.8,2.4,0.45));
#2979=CARTESIAN_POINT('',(1.8,2.05,0.35));
#2980=CARTESIAN_POINT('',(0.95,2.05,0.35));
#2981=CARTESIAN_POINT('',(-0.95,2.05,0.35));
#2982=CARTESIAN_POINT('',(1.24210526315789,1.14736842105263,0.0921052631578946));
#2983=CARTESIAN_POINT('',(0.25,2.4,0.45));
#2984=CARTESIAN_POINT('',(1.8,2.4,0.45));
#2985=CARTESIAN_POINT('',(1.8,2.05,0.35));
#2986=CARTESIAN_POINT('',(0.95,2.05,0.35));
#2987=CARTESIAN_POINT('',(0.95,1.8,0.35));
#2988=CARTESIAN_POINT('',(1.8,1.8,0.35));
#2989=CARTESIAN_POINT('',(-0.95,1.8,0.35));
#2990=CARTESIAN_POINT('',(-0.95,2.05,0.35));
#2991=CARTESIAN_POINT('',(1.8,1.8,0.35));
#2992=CARTESIAN_POINT('',(0.95,1.8,0.35));
#2993=CARTESIAN_POINT('',(0.95,1.8,-0.35));
#2994=CARTESIAN_POINT('',(1.8,1.8,-0.35));
#2995=CARTESIAN_POINT('',(-0.95,1.8,-0.35));
#2996=CARTESIAN_POINT('',(-0.95,1.8,0.35));
#2997=CARTESIAN_POINT('',(1.8,1.8,-0.35));
#2998=CARTESIAN_POINT('',(0.95,1.8,-0.35));
#2999=CARTESIAN_POINT('',(0.95,2.05,-0.35));
#3000=CARTESIAN_POINT('',(1.8,2.05,-0.35));
#3001=CARTESIAN_POINT('',(-0.950000000000001,2.05,-0.35));
#3002=CARTESIAN_POINT('',(-0.95,1.8,-0.35));
#3003=CARTESIAN_POINT('',(1.8,2.05,-0.35));
#3004=CARTESIAN_POINT('',(-0.25,2.4,-0.45));
#3005=CARTESIAN_POINT('',(1.37383040935673,1.09312865497076,-0.0766081871345028));
#3006=CARTESIAN_POINT('',(1.66827485380117,2.34576023391813,-0.434502923976608));
#3007=CARTESIAN_POINT('',(-3.,2.4,1.25));
#3008=CARTESIAN_POINT('',(-3.,2.4,-1.25));
#3009=CARTESIAN_POINT('',(-3.,2.1,-1.25));
#3010=CARTESIAN_POINT('',(-3.,0.2,-1.25));
#3011=CARTESIAN_POINT('',(-3.,0.2,1.25));
#3012=CARTESIAN_POINT('',(-3.,0.2,1.25));
#3013=CARTESIAN_POINT('',(-3.,2.4,1.25));
#3014=CARTESIAN_POINT('',(-3.,2.7,-0.75));
#3015=CARTESIAN_POINT('',(-3.,2.1,-0.75));
#3016=CARTESIAN_POINT('',(-3.,2.1,-1.25));
#3017=CARTESIAN_POINT('',(0.,0.,-1.25));
#3018=CARTESIAN_POINT('',(0.,0.2,-1.25));
#3019=CARTESIAN_POINT('',(0.549999999999994,0.2,-1.25));
#3020=CARTESIAN_POINT('',(0.3,0.2,-1.25));
#3021=CARTESIAN_POINT('',(0.3,0.649999999999997,-1.25));
#3022=CARTESIAN_POINT('',(0.3,0.843649167310374,-1.25));
#3023=CARTESIAN_POINT('',(0.3,0.843649167310374,-1.25));
#3024=CARTESIAN_POINT('',(-0.3,0.843649167310374,-1.25));
#3025=CARTESIAN_POINT('',(-0.3,0.,-1.25));
#3026=CARTESIAN_POINT('',(-0.3,0.2,-1.25));
#3027=CARTESIAN_POINT('',(0.,0.2,-1.25));
#3028=CARTESIAN_POINT('',(-0.549999999999994,0.2,-1.25));
#3029=CARTESIAN_POINT('',(-0.549999999999994,0.2,-1.25));
#3030=CARTESIAN_POINT('',(-0.549999999999994,0.,-1.25));
#3031=CARTESIAN_POINT('',(-3.,0.,-1.25));
#3032=CARTESIAN_POINT('',(-1.20000000000001,0.,-1.25));
#3033=CARTESIAN_POINT('',(-1.20000000000001,0.2,-1.25));
#3034=CARTESIAN_POINT('',(-1.20000000000001,0.2,-1.25));
#3035=CARTESIAN_POINT('',(0.,0.2,-1.25));
#3036=CARTESIAN_POINT('',(-2.5,2.1,-1.25));
#3037=CARTESIAN_POINT('',(-2.5,2.1,-1.25));
#3038=CARTESIAN_POINT('',(-2.5,0.,-1.25));
#3039=CARTESIAN_POINT('',(-0.25,2.42,-1.25));
#3040=CARTESIAN_POINT('',(-0.25,2.42,-1.25));
#3041=CARTESIAN_POINT('',(0.25,2.42,-1.25));
#3042=CARTESIAN_POINT('',(0.25,2.42,-1.25));
#3043=CARTESIAN_POINT('',(0.25,2.42,-1.25));
#3044=CARTESIAN_POINT('',(3.,0.,-1.25));
#3045=CARTESIAN_POINT('',(3.,0.2,-1.25));
#3046=CARTESIAN_POINT('',(0.,0.2,-1.25));
#3047=CARTESIAN_POINT('',(1.20000000000001,0.2,-1.25));
#3048=CARTESIAN_POINT('',(1.20000000000001,0.2,-1.25));
#3049=CARTESIAN_POINT('',(1.20000000000001,0.,-1.25));
#3050=CARTESIAN_POINT('',(-3.,0.,-1.25));
#3051=CARTESIAN_POINT('',(0.549999999999994,0.,-1.25));
#3052=CARTESIAN_POINT('',(0.549999999999994,0.2,-1.25));
#3053=CARTESIAN_POINT('',(3.,0.,1.25));
#3054=CARTESIAN_POINT('',(3.,0.,1.25));
#3055=CARTESIAN_POINT('',(3.,0.2,1.25));
#3056=CARTESIAN_POINT('',(3.,2.1,1.25));
#3057=CARTESIAN_POINT('',(3.,0.2,1.25));
#3058=CARTESIAN_POINT('',(3.,2.7,0.75));
#3059=CARTESIAN_POINT('',(3.,2.1,0.75));
#3060=CARTESIAN_POINT('',(3.,2.1,1.25));
#3061=CARTESIAN_POINT('',(0.,0.,1.25));
#3062=CARTESIAN_POINT('',(-1.45,0.1,1.25));
#3063=CARTESIAN_POINT('',(-1.45,0.2,1.25));
#3064=CARTESIAN_POINT('',(-1.45,0.843649167310371,1.25));
#3065=CARTESIAN_POINT('',(0.,0.2,1.25));
#3066=CARTESIAN_POINT('',(-1.2,0.2,1.25));
#3067=CARTESIAN_POINT('',(-1.2,0.2,1.25));
#3068=CARTESIAN_POINT('',(-1.2,0.,1.25));
#3069=CARTESIAN_POINT('',(-3.,0.,1.25));
#3070=CARTESIAN_POINT('',(-0.55,0.,1.25));
#3071=CARTESIAN_POINT('',(-0.55,0.2,1.25));
#3072=CARTESIAN_POINT('',(-0.55,0.2,1.25));
#3073=CARTESIAN_POINT('',(0.,0.2,1.25));
#3074=CARTESIAN_POINT('',(0.55,0.2,1.25));
#3075=CARTESIAN_POINT('',(0.55,0.2,1.25));
#3076=CARTESIAN_POINT('',(0.55,0.,1.25));
#3077=CARTESIAN_POINT('',(-3.,0.,1.25));
#3078=CARTESIAN_POINT('',(1.2,0.,1.25));
#3079=CARTESIAN_POINT('',(1.2,0.2,1.25));
#3080=CARTESIAN_POINT('',(1.2,0.2,1.25));
#3081=CARTESIAN_POINT('',(0.,0.2,1.25));
#3082=CARTESIAN_POINT('',(1.45,0.2,1.25));
#3083=CARTESIAN_POINT('',(1.45,0.,1.25));
#3084=CARTESIAN_POINT('',(1.45,0.843649167310371,1.25));
#3085=CARTESIAN_POINT('',(2.05,0.843649167310371,1.25));
#3086=CARTESIAN_POINT('',(2.05,0.843649167310371,1.25));
#3087=CARTESIAN_POINT('',(2.05,0.1,1.25));
#3088=CARTESIAN_POINT('',(2.05,0.2,1.25));
#3089=CARTESIAN_POINT('',(0.,0.2,1.25));
#3090=CARTESIAN_POINT('',(2.5,2.1,1.25));
#3091=CARTESIAN_POINT('',(2.5,2.1,1.25));
#3092=CARTESIAN_POINT('',(2.5,0.,1.25));
#3093=CARTESIAN_POINT('',(0.25,2.42,1.25));
#3094=CARTESIAN_POINT('',(0.25,2.42,1.25));
#3095=CARTESIAN_POINT('',(-0.25,2.42,1.25));
#3096=CARTESIAN_POINT('',(-0.25,2.42,1.25));
#3097=CARTESIAN_POINT('',(-0.25,2.42,1.25));
#3098=CARTESIAN_POINT('',(0.,0.2,1.25));
#3099=CARTESIAN_POINT('',(-2.05,0.2,1.25));
#3100=CARTESIAN_POINT('',(-2.05,0.,1.25));
#3101=CARTESIAN_POINT('',(-2.05,0.843649167310371,1.25));
#3102=CARTESIAN_POINT('',(-1.45,0.843649167310371,1.25));
#3103=CARTESIAN_POINT('',(-3.,0.,1.25));
#3104=CARTESIAN_POINT('',(-0.549999999999994,0.,1.25));
#3105=CARTESIAN_POINT('',(-0.549999999999994,0.,-0.25));
#3106=CARTESIAN_POINT('',(-3.,0.,-0.25));
#3107=CARTESIAN_POINT('',(0.549999999999994,0.,-0.25));
#3108=CARTESIAN_POINT('',(0.549999999999994,0.,1.25));
#3109=CARTESIAN_POINT('',(1.20000000000001,0.,1.25));
#3110=CARTESIAN_POINT('',(1.20000000000001,0.,-0.25));
#3111=CARTESIAN_POINT('',(-3.,0.,-0.25));
#3112=CARTESIAN_POINT('',(2.5,0.,-0.25));
#3113=CARTESIAN_POINT('',(2.5,0.,1.25));
#3114=CARTESIAN_POINT('',(2.5,0.,0.25));
#3115=CARTESIAN_POINT('',(-3.,0.,0.25));
#3116=CARTESIAN_POINT('',(1.2,0.,0.25));
#3117=CARTESIAN_POINT('',(1.2,0.,1.25));
#3118=CARTESIAN_POINT('',(0.55,0.,1.25));
#3119=CARTESIAN_POINT('',(0.55,0.,0.25));
#3120=CARTESIAN_POINT('',(-3.,0.,0.25));
#3121=CARTESIAN_POINT('',(-0.55,0.,0.25));
#3122=CARTESIAN_POINT('',(-0.55,0.,1.25));
#3123=CARTESIAN_POINT('',(-1.2,0.,1.25));
#3124=CARTESIAN_POINT('',(-1.2,0.,0.25));
#3125=CARTESIAN_POINT('',(-3.,0.,0.25));
#3126=CARTESIAN_POINT('',(-2.5,0.,0.25));
#3127=CARTESIAN_POINT('',(-2.5,0.,1.25));
#3128=CARTESIAN_POINT('',(-2.5,0.,-0.25));
#3129=CARTESIAN_POINT('',(-3.,0.,-0.25));
#3130=CARTESIAN_POINT('',(-1.20000000000001,0.,-0.25));
#3131=CARTESIAN_POINT('',(-1.20000000000001,0.,1.25));
#3132=CARTESIAN_POINT('',(3.,2.7,0.75));
#3133=CARTESIAN_POINT('',(3.,2.1,0.75));
#3134=CARTESIAN_POINT('',(0.,2.1,0.));
#3135=CARTESIAN_POINT('',(-3.,2.7,-0.75));
#3136=CARTESIAN_POINT('',(-3.,2.1,-0.75));
#3137=CARTESIAN_POINT('',(0.,2.1,0.));
#3138=CARTESIAN_POINT('',(-1.20000000000001,0.2,-1.25));
#3139=CARTESIAN_POINT('',(-1.20000000000001,0.2,-0.25));
#3140=CARTESIAN_POINT('',(-1.20000000000001,0.2,-0.25));
#3141=CARTESIAN_POINT('',(-1.20000000000001,0.2,-1.25));
#3142=CARTESIAN_POINT('',(-2.5,0.2,-0.25));
#3143=CARTESIAN_POINT('',(-2.5,0.2,0.25));
#3144=CARTESIAN_POINT('',(-2.5,0.2,0.25));
#3145=CARTESIAN_POINT('',(-2.5,0.2,-0.25));
#3146=CARTESIAN_POINT('',(-2.5,0.2,-0.25));
#3147=CARTESIAN_POINT('',(-2.5,0.2,-0.25));
#3148=CARTESIAN_POINT('',(-2.5,0.2,0.25));
#3149=CARTESIAN_POINT('',(-1.2,0.2,0.25));
#3150=CARTESIAN_POINT('',(-1.2,0.2,0.25));
#3151=CARTESIAN_POINT('',(-2.5,0.2,0.25));
#3152=CARTESIAN_POINT('',(-1.2,0.2,0.25));
#3153=CARTESIAN_POINT('',(-1.2,0.2,0.25));
#3154=CARTESIAN_POINT('',(-1.20000000000001,0.2,-0.25));
#3155=CARTESIAN_POINT('',(-1.20000000000001,0.2,-0.25));
#3156=CARTESIAN_POINT('',(0.,0.2,0.));
#3157=CARTESIAN_POINT('',(0.,0.2,1.25));
#3158=CARTESIAN_POINT('',(-0.55,0.2,1.25));
#3159=CARTESIAN_POINT('',(-0.55,0.2,0.25));
#3160=CARTESIAN_POINT('',(-0.55,0.2,0.25));
#3161=CARTESIAN_POINT('',(-0.55,0.2,1.25));
#3162=CARTESIAN_POINT('',(-0.55,0.2,0.25));
#3163=CARTESIAN_POINT('',(0.55,0.2,0.25));
#3164=CARTESIAN_POINT('',(0.55,0.2,0.25));
#3165=CARTESIAN_POINT('',(-0.55,0.2,0.25));
#3166=CARTESIAN_POINT('',(0.55,0.2,0.25));
#3167=CARTESIAN_POINT('',(0.55,0.2,0.25));
#3168=CARTESIAN_POINT('',(0.,0.2,0.));
#3169=CARTESIAN_POINT('',(1.2,0.2,1.25));
#3170=CARTESIAN_POINT('',(1.2,0.2,0.25));
#3171=CARTESIAN_POINT('',(1.2,0.2,0.25));
#3172=CARTESIAN_POINT('',(1.2,0.2,1.25));
#3173=CARTESIAN_POINT('',(1.2,0.2,0.25));
#3174=CARTESIAN_POINT('',(2.5,0.2,0.25));
#3175=CARTESIAN_POINT('',(2.5,0.2,0.25));
#3176=CARTESIAN_POINT('',(1.2,0.2,0.25));
#3177=CARTESIAN_POINT('',(2.5,0.2,0.25));
#3178=CARTESIAN_POINT('',(2.5,0.2,-0.25));
#3179=CARTESIAN_POINT('',(2.5,0.2,-0.25));
#3180=CARTESIAN_POINT('',(2.5,0.2,0.25));
#3181=CARTESIAN_POINT('',(2.5,0.2,-0.25));
#3182=CARTESIAN_POINT('',(1.20000000000001,0.2,-0.25));
#3183=CARTESIAN_POINT('',(1.20000000000001,0.2,-0.25));
#3184=CARTESIAN_POINT('',(2.5,0.2,-0.25));
#3185=CARTESIAN_POINT('',(1.20000000000001,0.2,-0.25));
#3186=CARTESIAN_POINT('',(1.20000000000001,0.2,-0.25));
#3187=CARTESIAN_POINT('',(0.,0.2,0.));
#3188=CARTESIAN_POINT('',(0.,0.2,1.25));
#3189=CARTESIAN_POINT('',(0.,0.2,0.));
#3190=CARTESIAN_POINT('',(0.549999999999994,0.2,-1.25));
#3191=CARTESIAN_POINT('',(0.549999999999994,0.2,-0.25));
#3192=CARTESIAN_POINT('',(0.549999999999994,0.2,-0.25));
#3193=CARTESIAN_POINT('',(-0.549999999999994,0.2,-0.25));
#3194=CARTESIAN_POINT('',(-0.549999999999994,0.2,-0.25));
#3195=CARTESIAN_POINT('',(0.,0.2,-1.25));
#3196=CARTESIAN_POINT('',(-0.549999999999994,0.2,-0.25));
#3197=CARTESIAN_POINT('',(-0.549999999999994,0.2,-0.25));
#3198=CARTESIAN_POINT('',(0.549999999999994,0.2,-0.25));
#3199=CARTESIAN_POINT('',(0.549999999999994,0.2,-0.25));
#3200=CARTESIAN_POINT('',(0.549999999999994,0.2,-1.25));
#3201=CARTESIAN_POINT('',(1.8,2.4,0.45));
#3202=CARTESIAN_POINT('',(0.95,2.05,0.45));
#3203=CARTESIAN_POINT('',(0.95,2.05,0.45));
#3204=CARTESIAN_POINT('',(-0.95,2.05,0.45));
#3205=CARTESIAN_POINT('',(-0.95,2.05,0.45));
#3206=CARTESIAN_POINT('',(-0.95,1.6,0.45));
#3207=CARTESIAN_POINT('',(0.25,2.42,0.45));
#3208=CARTESIAN_POINT('',(-0.25,2.42,0.45));
#3209=CARTESIAN_POINT('',(-0.25,2.42,0.45));
#3210=CARTESIAN_POINT('',(0.25,2.42,0.45));
#3211=CARTESIAN_POINT('',(0.25,2.42,0.45));
#3212=CARTESIAN_POINT('',(0.25,2.42,0.45));
#3213=CARTESIAN_POINT('',(-0.25,2.42,0.45));
#3214=CARTESIAN_POINT('',(-0.25,2.42,0.45));
#3215=CARTESIAN_POINT('',(0.25,2.42,1.25));
#3216=CARTESIAN_POINT('',(0.25,2.42,1.25));
#3217=CARTESIAN_POINT('',(0.,2.42,0.));
#3218=CARTESIAN_POINT('',(-0.25,2.42,-1.25));
#3219=CARTESIAN_POINT('',(-0.25,2.42,-0.45));
#3220=CARTESIAN_POINT('',(-0.25,2.42,-0.45));
#3221=CARTESIAN_POINT('',(-0.25,2.42,-1.25));
#3222=CARTESIAN_POINT('',(-0.25,2.42,-0.45));
#3223=CARTESIAN_POINT('',(0.25,2.42,-0.45));
#3224=CARTESIAN_POINT('',(0.25,2.42,-0.45));
#3225=CARTESIAN_POINT('',(-0.25,2.42,-0.45));
#3226=CARTESIAN_POINT('',(0.25,2.42,-0.45));
#3227=CARTESIAN_POINT('',(0.25,2.42,-0.45));
#3228=CARTESIAN_POINT('',(0.,2.42,0.));
#3229=CARTESIAN_POINT('',(2.05,0.1,1.25));
#3230=CARTESIAN_POINT('',(1.45,0.1,1.25));
#3231=CARTESIAN_POINT('',(1.45,0.1,1.25));
#3232=CARTESIAN_POINT('',(2.05,0.1,1.25));
#3233=CARTESIAN_POINT('',(2.05,0.1,1.25));
#3234=CARTESIAN_POINT('',(2.05,0.1,1.25));
#3235=CARTESIAN_POINT('',(2.05,0.65,1.4));
#3236=CARTESIAN_POINT('',(1.45,0.65,1.4));
#3237=CARTESIAN_POINT('',(1.45,0.65,1.4));
#3238=CARTESIAN_POINT('',(1.45,0.1,1.4));
#3239=CARTESIAN_POINT('',(2.05,0.1,1.4));
#3240=CARTESIAN_POINT('',(2.05,0.1,1.4));
#3241=CARTESIAN_POINT('',(2.05,0.65,1.4));
#3242=CARTESIAN_POINT('',(2.05,0.65,1.4));
#3243=CARTESIAN_POINT('',(2.05,0.65,1.4));
#3244=CARTESIAN_POINT('',(2.05,0.1,1.2));
#3245=CARTESIAN_POINT('',(1.45,0.1,1.2));
#3246=CARTESIAN_POINT('',(1.45,-0.1,1.2));
#3247=CARTESIAN_POINT('',(2.05,-0.1,1.2));
#3248=CARTESIAN_POINT('',(2.05,-0.1,1.2));
#3249=CARTESIAN_POINT('',(2.05,0.1,1.2));
#3250=CARTESIAN_POINT('',(2.05,-0.1,1.2));
#3251=CARTESIAN_POINT('',(1.45,-0.1,1.2));
#3252=CARTESIAN_POINT('',(1.45,-0.1,0.55));
#3253=CARTESIAN_POINT('',(2.05,-0.1,0.55));
#3254=CARTESIAN_POINT('',(2.05,-0.1,0.55));
#3255=CARTESIAN_POINT('',(2.05,-0.1,1.2));
#3256=CARTESIAN_POINT('',(2.05,-0.1,0.55));
#3257=CARTESIAN_POINT('',(1.45,-0.1,0.55));
#3258=CARTESIAN_POINT('',(1.45,0.05,0.55));
#3259=CARTESIAN_POINT('',(2.05,0.05,0.55));
#3260=CARTESIAN_POINT('',(2.05,0.05,0.55));
#3261=CARTESIAN_POINT('',(2.05,-0.1,0.55));
#3262=CARTESIAN_POINT('',(2.05,0.05,0.55));
#3263=CARTESIAN_POINT('',(1.45,0.05,0.55));
#3264=CARTESIAN_POINT('',(1.45,0.05,1.2));
#3265=CARTESIAN_POINT('',(2.05,0.05,1.2));
#3266=CARTESIAN_POINT('',(2.05,0.05,1.2));
#3267=CARTESIAN_POINT('',(2.05,0.05,0.55));
#3268=CARTESIAN_POINT('',(2.05,0.0999999999999997,1.2));
#3269=CARTESIAN_POINT('',(1.45,0.0999999999999997,1.2));
#3270=CARTESIAN_POINT('',(2.05,0.0999999999999997,1.2));
#3271=CARTESIAN_POINT('',(2.05,0.65,1.2));
#3272=CARTESIAN_POINT('',(1.45,0.65,1.2));
#3273=CARTESIAN_POINT('',(2.05,0.65,1.2));
#3274=CARTESIAN_POINT('',(2.05,0.1,1.2));
#3275=CARTESIAN_POINT('',(1.45,0.1,1.2));
#3276=CARTESIAN_POINT('',(-1.45,0.1,1.25));
#3277=CARTESIAN_POINT('',(-2.05,0.1,1.25));
#3278=CARTESIAN_POINT('',(-2.05,0.1,1.25));
#3279=CARTESIAN_POINT('',(-1.45,0.1,1.25));
#3280=CARTESIAN_POINT('',(-1.45,0.1,1.25));
#3281=CARTESIAN_POINT('',(-1.45,0.1,1.25));
#3282=CARTESIAN_POINT('',(-1.45,0.65,1.4));
#3283=CARTESIAN_POINT('',(-2.05,0.65,1.4));
#3284=CARTESIAN_POINT('',(-2.05,0.65,1.4));
#3285=CARTESIAN_POINT('',(-2.05,0.1,1.4));
#3286=CARTESIAN_POINT('',(-1.45,0.1,1.4));
#3287=CARTESIAN_POINT('',(-1.45,0.1,1.4));
#3288=CARTESIAN_POINT('',(-1.45,0.65,1.4));
#3289=CARTESIAN_POINT('',(-1.45,0.65,1.4));
#3290=CARTESIAN_POINT('',(-1.45,0.65,1.4));
#3291=CARTESIAN_POINT('',(-1.45,0.1,1.2));
#3292=CARTESIAN_POINT('',(-2.05,0.1,1.2));
#3293=CARTESIAN_POINT('',(-2.05,-0.1,1.2));
#3294=CARTESIAN_POINT('',(-1.45,-0.1,1.2));
#3295=CARTESIAN_POINT('',(-1.45,-0.1,1.2));
#3296=CARTESIAN_POINT('',(-1.45,0.1,1.2));
#3297=CARTESIAN_POINT('',(-1.45,-0.1,1.2));
#3298=CARTESIAN_POINT('',(-2.05,-0.1,1.2));
#3299=CARTESIAN_POINT('',(-2.05,-0.1,0.55));
#3300=CARTESIAN_POINT('',(-1.45,-0.1,0.55));
#3301=CARTESIAN_POINT('',(-1.45,-0.1,0.55));
#3302=CARTESIAN_POINT('',(-1.45,-0.1,1.2));
#3303=CARTESIAN_POINT('',(-1.45,-0.1,0.55));
#3304=CARTESIAN_POINT('',(-2.05,-0.1,0.55));
#3305=CARTESIAN_POINT('',(-2.05,0.05,0.55));
#3306=CARTESIAN_POINT('',(-1.45,0.05,0.55));
#3307=CARTESIAN_POINT('',(-1.45,0.05,0.55));
#3308=CARTESIAN_POINT('',(-1.45,-0.1,0.55));
#3309=CARTESIAN_POINT('',(-1.45,0.05,0.55));
#3310=CARTESIAN_POINT('',(-2.05,0.05,0.55));
#3311=CARTESIAN_POINT('',(-2.05,0.05,1.2));
#3312=CARTESIAN_POINT('',(-1.45,0.05,1.2));
#3313=CARTESIAN_POINT('',(-1.45,0.05,1.2));
#3314=CARTESIAN_POINT('',(-1.45,0.05,0.55));
#3315=CARTESIAN_POINT('',(-1.45,0.0999999999999997,1.2));
#3316=CARTESIAN_POINT('',(-2.05,0.0999999999999997,1.2));
#3317=CARTESIAN_POINT('',(-1.45,0.0999999999999997,1.2));
#3318=CARTESIAN_POINT('',(-1.45,0.65,1.2));
#3319=CARTESIAN_POINT('',(-2.05,0.65,1.2));
#3320=CARTESIAN_POINT('',(-1.45,0.65,1.2));
#3321=CARTESIAN_POINT('',(-1.45,0.1,1.2));
#3322=CARTESIAN_POINT('',(-2.05,0.1,1.2));
#3323=CARTESIAN_POINT('',(0.3,0.650000000000002,-1.2));
#3324=CARTESIAN_POINT('',(-0.3,0.650000000000002,-1.2));
#3325=CARTESIAN_POINT('',(-0.3,0.649999999999997,-1.4));
#3326=CARTESIAN_POINT('',(0.3,0.650000000000002,-1.2));
#3327=CARTESIAN_POINT('',(0.3,0.649999999999997,-1.4));
#3328=CARTESIAN_POINT('',(0.3,0.649999999999997,-1.4));
#3329=CARTESIAN_POINT('',(0.3,0.649999999999997,-1.25));
#3330=CARTESIAN_POINT('',(0.3,0.649999999999997,-1.25));
#3331=CARTESIAN_POINT('',(0.3,0.100000000000003,-1.25));
#3332=CARTESIAN_POINT('',(-0.3,0.649999999999997,-1.25));
#3333=CARTESIAN_POINT('',(-0.3,0.100000000000003,-1.25));
#3334=CARTESIAN_POINT('',(0.3,0.100000000000003,-1.25));
#3335=CARTESIAN_POINT('',(0.3,0.650000000000006,-1.2));
#3336=CARTESIAN_POINT('',(0.3,0.0999999999999941,-1.2));
#3337=CARTESIAN_POINT('',(0.3,0.0499999999999944,-1.2));
#3338=CARTESIAN_POINT('',(0.3,0.0499999999999943,-1.2));
#3339=CARTESIAN_POINT('',(0.3,0.0499999999999943,-0.55));
#3340=CARTESIAN_POINT('',(0.3,0.0499999999999943,-0.55));
#3341=CARTESIAN_POINT('',(0.3,-0.100000000000003,-0.55));
#3342=CARTESIAN_POINT('',(0.3,-0.100000000000003,-0.55));
#3343=CARTESIAN_POINT('',(0.3,-0.100000000000003,-1.2));
#3344=CARTESIAN_POINT('',(0.3,0.0999999999999977,-1.2));
#3345=CARTESIAN_POINT('',(0.3,0.100000000000003,-1.4));
#3346=CARTESIAN_POINT('',(0.3,0.100000000000003,-1.4));
#3347=CARTESIAN_POINT('',(-0.3,0.650000000000006,-1.2));
#3348=CARTESIAN_POINT('',(-0.3,0.100000000000003,-1.4));
#3349=CARTESIAN_POINT('',(-0.3,0.100000000000003,-1.4));
#3350=CARTESIAN_POINT('',(-0.3,0.0999999999999977,-1.2));
#3351=CARTESIAN_POINT('',(-0.3,-0.100000000000003,-1.2));
#3352=CARTESIAN_POINT('',(-0.3,-0.100000000000003,-0.55));
#3353=CARTESIAN_POINT('',(-0.3,-0.100000000000003,-0.55));
#3354=CARTESIAN_POINT('',(-0.3,0.0499999999999943,-0.55));
#3355=CARTESIAN_POINT('',(-0.3,0.0499999999999943,-0.55));
#3356=CARTESIAN_POINT('',(-0.3,0.0499999999999943,-1.2));
#3357=CARTESIAN_POINT('',(-0.3,0.0499999999999944,-1.2));
#3358=CARTESIAN_POINT('',(-0.3,0.0999999999999941,-1.2));
#3359=CARTESIAN_POINT('',(0.3,0.0999999999999941,-1.2));
#3360=CARTESIAN_POINT('',(0.3,0.0499999999999944,-1.2));
#3361=CARTESIAN_POINT('',(0.3,0.0499999999999943,-1.2));
#3362=CARTESIAN_POINT('',(0.3,0.0499999999999943,-0.55));
#3363=CARTESIAN_POINT('',(0.3,0.0499999999999943,-0.55));
#3364=CARTESIAN_POINT('',(0.3,-0.100000000000003,-0.55));
#3365=CARTESIAN_POINT('',(0.3,-0.100000000000003,-0.55));
#3366=CARTESIAN_POINT('',(0.3,-0.100000000000003,-1.2));
#3367=CARTESIAN_POINT('',(0.3,0.0999999999999977,-1.2));
#3368=CARTESIAN_POINT('',(0.3,0.100000000000003,-1.4));
#3369=CARTESIAN_POINT('',(0.3,0.100000000000003,-1.4));
#3370=CARTESIAN_POINT('',(0.,-2.4,-2.93915231795365E-16));
#3371=CARTESIAN_POINT('',(-0.3,0.5,0.35));
#3372=CARTESIAN_POINT('',(-0.3,1.,-0.25));
#3373=CARTESIAN_POINT('',(-0.3,0.5,-0.25));
#3374=CARTESIAN_POINT('',(-0.3,0.,-0.25));
#3375=CARTESIAN_POINT('',(-0.3,0.,0.35));
#3376=CARTESIAN_POINT('',(-0.3,0.,0.25));
#3377=CARTESIAN_POINT('',(-0.3,1.,0.25));
#3378=CARTESIAN_POINT('',(-0.3,0.5,0.25));
#3379=CARTESIAN_POINT('',(-0.3,0.5,0.35));
#3380=CARTESIAN_POINT('',(0.3,0.,0.35));
#3381=CARTESIAN_POINT('',(0.3,0.,0.35));
#3382=CARTESIAN_POINT('',(0.3,0.,0.25));
#3383=CARTESIAN_POINT('',(0.3,0.,-0.25));
#3384=CARTESIAN_POINT('',(0.3,1.,-0.25));
#3385=CARTESIAN_POINT('',(0.3,0.5,-0.25));
#3386=CARTESIAN_POINT('',(0.3,0.5,0.35));
#3387=CARTESIAN_POINT('',(0.3,0.5,0.25));
#3388=CARTESIAN_POINT('',(0.3,1.,0.25));
#3389=CARTESIAN_POINT('',(-0.2,0.5,0.35));
#3390=CARTESIAN_POINT('',(-0.3,0.,0.35));
#3391=CARTESIAN_POINT('',(-0.2,0.,0.35));
#3392=CARTESIAN_POINT('',(0.2,0.,0.35));
#3393=CARTESIAN_POINT('',(0.2,1.,0.35));
#3394=CARTESIAN_POINT('',(0.2,0.5,0.35));
#3395=CARTESIAN_POINT('',(1.,0.5,0.35));
#3396=CARTESIAN_POINT('',(-0.2,0.5,0.35));
#3397=CARTESIAN_POINT('',(-0.2,1.,0.35));
#3398=CARTESIAN_POINT('',(-0.2,0.5,-0.35));
#3399=CARTESIAN_POINT('',(-0.3,0.,-0.35));
#3400=CARTESIAN_POINT('',(-0.2,0.,-0.35));
#3401=CARTESIAN_POINT('',(0.2,0.,-0.35));
#3402=CARTESIAN_POINT('',(-0.2,1.,-0.35));
#3403=CARTESIAN_POINT('',(-0.2,0.5,-0.35));
#3404=CARTESIAN_POINT('',(1.,0.5,-0.35));
#3405=CARTESIAN_POINT('',(0.2,0.5,-0.35));
#3406=CARTESIAN_POINT('',(0.2,1.,-0.35));
#3407=CARTESIAN_POINT('',(0.2,0.6,0.35));
#3408=CARTESIAN_POINT('',(-0.2,0.6,0.35));
#3409=CARTESIAN_POINT('',(-0.2,0.6,0.25));
#3410=CARTESIAN_POINT('',(-0.2,0.6,-0.25));
#3411=CARTESIAN_POINT('',(1.,0.6,0.25));
#3412=CARTESIAN_POINT('',(0.2,0.6,0.25));
#3413=CARTESIAN_POINT('',(0.2,0.6,0.35));
#3414=CARTESIAN_POINT('',(0.2,0.6,-0.25));
#3415=CARTESIAN_POINT('',(1.,0.6,-0.25));
#3416=CARTESIAN_POINT('',(-0.2,0.5,0.35));
#3417=CARTESIAN_POINT('',(-0.2,0.5,-0.25));
#3418=CARTESIAN_POINT('',(-0.270710678118655,0.570710678118655,-0.320710678118655));
#3419=CARTESIAN_POINT('',(-0.2,0.5,-0.25));
#3420=CARTESIAN_POINT('',(-0.2,0.5,0.25));
#3421=CARTESIAN_POINT('',(-0.270710678118655,0.570710678118655,0.320710678118655));
#3422=CARTESIAN_POINT('',(-0.2,0.5,0.25));
#3423=CARTESIAN_POINT('',(-0.3,0.,0.35));
#3424=CARTESIAN_POINT('',(-0.2,0.,-0.25));
#3425=CARTESIAN_POINT('',(0.2,0.,-0.25));
#3426=CARTESIAN_POINT('',(0.2,0.,0.25));
#3427=CARTESIAN_POINT('',(-0.2,0.,0.25));
#3428=CARTESIAN_POINT('',(0.2,0.5,0.35));
#3429=CARTESIAN_POINT('',(0.2,0.5,-0.25));
#3430=CARTESIAN_POINT('',(0.270710678118655,0.570710678118655,-0.320710678118655));
#3431=CARTESIAN_POINT('',(0.2,0.5,-0.25));
#3432=CARTESIAN_POINT('',(0.2,0.5,0.25));
#3433=CARTESIAN_POINT('',(0.270710678118655,0.570710678118655,0.320710678118655));
#3434=CARTESIAN_POINT('',(0.2,0.5,0.25));
#3435=CARTESIAN_POINT('',(1.,0.5,-0.25));
#3436=CARTESIAN_POINT('',(-0.2,0.5,-0.25));
#3437=CARTESIAN_POINT('',(0.2,0.5,-0.25));
#3438=CARTESIAN_POINT('',(1.,0.5,0.25));
#3439=CARTESIAN_POINT('',(0.2,0.5,0.25));
#3440=CARTESIAN_POINT('',(-0.2,0.5,0.25));
#3441=CARTESIAN_POINT('',(-0.2,1.,0.25));
#3442=CARTESIAN_POINT('',(0.2,1.,0.25));
#3443=CARTESIAN_POINT('',(0.2,1.,-0.25));
#3444=CARTESIAN_POINT('',(-0.2,1.,-0.25));
#3445=CARTESIAN_POINT('',(0.,-0.6,-2.93915231795365E-16));
#3446=MECHANICAL_DESIGN_GEOMETRIC_PRESENTATION_REPRESENTATION('',(#1677,
#1678,#1679,#1680,#1681,#1682,#1683,#1684,#1685,#1686,#1687,#1688,#1689,
#1690,#1691,#1692,#1693,#1694,#1695,#1696,#1697,#1698,#1699,#1700,#1701,
#1702,#1703,#1704,#1705,#1706,#1707,#1708,#1709,#1710,#1711,#1712,#1713,
#1714,#1715,#1716,#1717,#1718,#1719,#1720,#1721,#1722,#1723,#1724,#1725,
#1726,#1727,#1728,#1729,#1730,#1731,#1732,#1733,#1734,#1735,#1736,#1737,
#1738,#1739,#1740,#1741,#1742,#1743,#1744,#1745,#1746,#1747,#1748,#1749,
#1750,#1751,#1752,#1753,#1754,#1755),#3447);
#3447=(
GEOMETRIC_REPRESENTATION_CONTEXT(3)
GLOBAL_UNCERTAINTY_ASSIGNED_CONTEXT((#3450))
GLOBAL_UNIT_ASSIGNED_CONTEXT((#3455,#3454,#3453))
REPRESENTATION_CONTEXT('CJS-1201A','TOP_LEVEL_ASSEMBLY_PART')
);
#3448=(
GEOMETRIC_REPRESENTATION_CONTEXT(3)
GLOBAL_UNCERTAINTY_ASSIGNED_CONTEXT((#3451))
GLOBAL_UNIT_ASSIGNED_CONTEXT((#3455,#3454,#3453))
REPRESENTATION_CONTEXT('CJS_c_21','COMPONENT_PART')
);
#3449=(
GEOMETRIC_REPRESENTATION_CONTEXT(3)
GLOBAL_UNCERTAINTY_ASSIGNED_CONTEXT((#3452))
GLOBAL_UNIT_ASSIGNED_CONTEXT((#3455,#3454,#3453))
REPRESENTATION_CONTEXT('CJS Slider_s','COMPONENT_PART')
);
#3450=UNCERTAINTY_MEASURE_WITH_UNIT(LENGTH_MEASURE(0.005),#3455,
'DISTANCE_ACCURACY_VALUE','Maximum Tolerance applied to model');
#3451=UNCERTAINTY_MEASURE_WITH_UNIT(LENGTH_MEASURE(0.005),#3455,
'DISTANCE_ACCURACY_VALUE','Maximum Tolerance applied to model');
#3452=UNCERTAINTY_MEASURE_WITH_UNIT(LENGTH_MEASURE(0.005),#3455,
'DISTANCE_ACCURACY_VALUE','Maximum Tolerance applied to model');
#3453=(
NAMED_UNIT(*)
SI_UNIT($,.STERADIAN.)
SOLID_ANGLE_UNIT()
);
#3454=(
NAMED_UNIT(*)
PLANE_ANGLE_UNIT()
SI_UNIT($,.RADIAN.)
);
#3455=(
LENGTH_UNIT()
NAMED_UNIT(*)
SI_UNIT(.MILLI.,.METRE.)
);
#3456=PRODUCT_DEFINITION_SHAPE('','',#3461);
#3457=PRODUCT_DEFINITION_SHAPE('','',#3462);
#3458=PRODUCT_DEFINITION_SHAPE(' ','NAUO PRDDFN',#24);
#3459=PRODUCT_DEFINITION_SHAPE('','',#3463);
#3460=PRODUCT_DEFINITION_SHAPE(' ','NAUO PRDDFN',#25);
#3461=PRODUCT_DEFINITION('','',#3467,#3464);
#3462=PRODUCT_DEFINITION('','',#3468,#3465);
#3463=PRODUCT_DEFINITION('','',#3469,#3466);
#3464=PRODUCT_DEFINITION_CONTEXT('',#3483,'design');
#3465=PRODUCT_DEFINITION_CONTEXT('',#3483,'design');
#3466=PRODUCT_DEFINITION_CONTEXT('',#3483,'design');
#3467=PRODUCT_DEFINITION_FORMATION_WITH_SPECIFIED_SOURCE('','',#3473,
 .NOT_KNOWN.);
#3468=PRODUCT_DEFINITION_FORMATION_WITH_SPECIFIED_SOURCE('','',#3474,
 .NOT_KNOWN.);
#3469=PRODUCT_DEFINITION_FORMATION_WITH_SPECIFIED_SOURCE('','',#3475,
 .NOT_KNOWN.);
#3470=PRODUCT_RELATED_PRODUCT_CATEGORY('','',(#3473));
#3471=PRODUCT_RELATED_PRODUCT_CATEGORY('','',(#3474));
#3472=PRODUCT_RELATED_PRODUCT_CATEGORY('','',(#3475));
#3473=PRODUCT('CJS-1201A','CJS-1201A','CJS-1201A',(#3479));
#3474=PRODUCT('CJS_c_21','CJS_c_21','CJS_c_21',(#3480));
#3475=PRODUCT('CJS Slider_s','CJS Slider_s','CJS Slider_s',(#3481));
#3476=PRODUCT_CATEGORY('','');
#3477=PRODUCT_CATEGORY('','');
#3478=PRODUCT_CATEGORY('','');
#3479=PRODUCT_CONTEXT('',#3483,'mechanical');
#3480=PRODUCT_CONTEXT('',#3483,'mechanical');
#3481=PRODUCT_CONTEXT('',#3483,'mechanical');
#3482=APPLICATION_PROTOCOL_DEFINITION('international standard',
'ap242_managed_model_based_3d_engineering',2011,#3483);
#3483=APPLICATION_CONTEXT('managed model based 3d engineering');
ENDSEC;
END-ISO-10303-21;
